
 run with tlusty3.01-BETA generated on 11 Jun 2026


 *******************************
  M O D E L   A T M O S P H E R E
  *******************************

 TEFF   =    15000.
 LOG G  =      7.50


  INPUT KEYWORD PARAMETERS:
  -------------------------
 IFRYB=1,iFMOL=1,IHYDPR=2,IFENTR=1                                               
 IQUASI=1,NUNALP=3,NUNBET=3,NUNGAM=3                                             
 IPRINT=1,IPRING=0,CHMAX=1.e-4                                                   
 HMIX0=0.6,MLTYPE=2,ITEK=150,IACC=150                                            
 OPRMIN=1.e-3,ABROS0=1.                                                          
 TAUDIV=1.e-2,IDLST=0                                                            
 NDCGAP=5,ICONRE=0,IDEEPC=3                                                      
 ILGDER=1,CRFLIM=-10.,IMUCON=40,ICONRS=5                                         
 DIFT=0.01,DIFP=0.01                                                             
 ifryb_nst2           1

 VALUES OF SOME KEYWORD PARAMETERS:
 ==================================

ISPLIN=     0  IRTE  =     0  IBC   =     3  ILMCOR=     3  ILPSCT=     1
ILASCT=     0  DJMAX = 0.001  NTRALI=     3  IPSLTE=     0
ICOMPT=     0
IZSCAL=     0  IBCHE =     1  IVISC =     0
IFALI =     5  IFPOPR=     4  JALI  =     1  NFFIX =     0
IFPREC=     1  IELCOR=    -1  ICHC  =     1  IRSPLT=     1  IATREF=     1
MODREF=     1  IACPP =     7  IACPD =     4  IFLEV =     1  IDLTE =  1000
POPZER=1.E-20  POPZR2=1.E-20  RADZER=1.E-20  NITZER=     1  IFDIEL=     0
IOVER =     1  ITLAS =   100
NITER =    30  NLAMBD=     1  ND    =    70
JIDS  =     0  IDMFIX=     1
NMU   =     3
NELSC =     0  IHECOR=     0  IBFINT=     1  IRDER =     3  CHMAX = 0.000
ILDER =     0  IBPOPE=     1  CHMAXT= 0.010  NLAMT =     1
INTRPL=     0  ICHANG=     0
INHE  =     1  INRE  =     2  INPC  =     3  INSE  =     4  INMP  =     0
INDL  =     0  NDRE  =     0  TAUDIV= 0.010  IDLST =     0  NRETC =     0
ICONV =     0  IPRESS=     0  ITEMP =     0
IOPADD=    13  IRSCT =     1  IOPHMI=     1  IOPH2P=     1
IACC  =   150  IACD  =     4  KSNG  =     0  ITEK  =   150  ORELAX= 1.000
IWINBL=    -1
IFPRD =     0  XPDIV =   3.0

TRAD  =    0.  WDIL  =0.000
HMIX0 =   0.6  VTB   =    0.  IPTURB=     1
XGRAD =  0.00  STRL1 =1.E-03  STRL2 =2.E-02
STRLX =1.E-10
FRCMAX=0.E+00  FRCMIN=1.E+12  FRLMAX=7.E+15  FRLMIN=1.E+13
CFRMAX=  2.00
DFTAIL= 0.250  NFTAIL=    21
TSNU  =    0.  VTNU  =  0.00  DDNU  = 0.750  DDNU2 = 5.000
IELNU =     0  CNU1  =  4.50  CNU2  =  3.00
CNU3  =  2.00  ISPODF=     0
DPSILG= 10.00  DPSILT=  1.25  DPSILN= 10.00  DPSILD=  1.25

TAUFIR=1.E-07  TAULAS= 316.0  ABROS0= 1.000  TSURF = 0.000  ALBAVE= 0.000
ABPLAO= 0.300  ABPMIN=1.E-05
DION0 = 1.000  NDGREY=     0  IDGREY=     0  NCONIT=     0  IPRING=     0
IHM   =     0  IH2   =     0  IH2P  =     0

 IFRYB            1
 alloc_ini MATOM,MDEPTH,MIO0,MLEVE0,MME0              99          70         170        1134          12

  CHEMICAL ELEMENTS INCLUDED
  --------------------------

   ELEMENT   MAX.ION      ABUNDANCE

 natoms           1
   1     H    2      1.00E+00      1.00E+00   EXPLICIT: IAT=  1

 YTOT WMY WMM     1.00000E+00    1.00800E+00    1.68672E-24


  EXPLICIT IONS INCLUDED
  ----------------------
  NO.  ION     N0    N1    NK    IZ  IUPSUM ICUP ILVLIN

  1   H 1     1    16    17     1  -100    16     0
 alloc_tra MTRAN0,MLEVEL,MBF,MFIT,MCROSS             136          17          17         357          42
 alloc_tra MION,MXTCOL,MCFIT,MVOIG0                    1           3          10         136
 alloc_freq MFREQ0                                655000
 -----------
 reading Tremblay tables; ihydpr = 22
 -----------
 itab,iline,i,j,nwl,ne,nt    1   1   1   2  54  17   7
 itab,iline,i,j,nwl,ne,nt    1   2   1   3  52  17   7
 itab,iline,i,j,nwl,ne,nt    1   3   1   4  50  17   7
 itab,iline,i,j,nwl,ne,nt    1   4   1   5  47  17   7
 itab,iline,i,j,nwl,ne,nt    1   5   1   6  46  17   7
 itab,iline,i,j,nwl,ne,nt    1   6   1   7  44  17   7
 itab,iline,i,j,nwl,ne,nt    1   7   1   8  44  17   7
 itab,iline,i,j,nwl,ne,nt    1   8   1   9  41  17   7
 itab,iline,i,j,nwl,ne,nt    1   9   1  10  42  17   7
 itab,iline,i,j,nwl,ne,nt    1  10   1  11  41  17   7
 itab,iline,i,j,nwl,ne,nt    1  11   1  12  40  17   7
 itab,iline,i,j,nwl,ne,nt    1  12   1  13  40  17   7
 itab,iline,i,j,nwl,ne,nt    1  13   1  14  44  17   7
 itab,iline,i,j,nwl,ne,nt    1  14   1  15  39  17   7
 itab,iline,i,j,nwl,ne,nt    1  15   1  16  39  17   7
 itab,iline,i,j,nwl,ne,nt    1  16   1  17  39  17   7
 itab,iline,i,j,nwl,ne,nt    1  17   1  18  38  17   7
 itab,iline,i,j,nwl,ne,nt    1  18   1  19  39  17   7
 itab,iline,i,j,nwl,ne,nt    1  19   1  20  38  17   7
 itab,iline,i,j,nwl,ne,nt    1  20   1  21  38  17   7
 itab,iline,i,j,nwl,ne,nt    2  21   2   3  43  17   7
 itab,iline,i,j,nwl,ne,nt    2  22   2   4  42  17   7
 itab,iline,i,j,nwl,ne,nt    2  23   2   5  42  17   7
 itab,iline,i,j,nwl,ne,nt    2  24   2   6  44  17   7
 itab,iline,i,j,nwl,ne,nt    2  25   2   7  44  17   7
 itab,iline,i,j,nwl,ne,nt    2  26   2   8  43  17   7
 itab,iline,i,j,nwl,ne,nt    2  27   2   9  43  17   7
 itab,iline,i,j,nwl,ne,nt    2  28   2  10  43  17   7
 itab,iline,i,j,nwl,ne,nt    2  29   2  11  42  17   7
 itab,iline,i,j,nwl,ne,nt    2  30   2  12  40  17   7
 itab,iline,i,j,nwl,ne,nt    2  31   2  13  40  17   7
 itab,iline,i,j,nwl,ne,nt    2  32   2  14  44  17   7
 itab,iline,i,j,nwl,ne,nt    2  33   2  15  39  17   7
 itab,iline,i,j,nwl,ne,nt    2  34   2  16  39  17   7
 itab,iline,i,j,nwl,ne,nt    2  35   2  17  39  17   7
 itab,iline,i,j,nwl,ne,nt    2  36   2  18  38  17   7
 itab,iline,i,j,nwl,ne,nt    2  37   2  19  39  17   7
 itab,iline,i,j,nwl,ne,nt    2  38   2  20  38  17   7
 itab,iline,i,j,nwl,ne,nt    2  39   2  21  38  17   7
 itab,iline,i,j,nwl,ne,nt    2  40   2  22  37  17   7
 itab,iline,i,j,nwl,ne,nt    3  41   3   4  38  17   7
 itab,iline,i,j,nwl,ne,nt    3  42   3   5  38  17   7
 itab,iline,i,j,nwl,ne,nt    3  43   3   6  36  17   7
 itab,iline,i,j,nwl,ne,nt    3  44   3   7  35  17   7
 itab,iline,i,j,nwl,ne,nt    3  45   3   8  35  17   7
 itab,iline,i,j,nwl,ne,nt    3  46   3   9  35  17   7
 itab,iline,i,j,nwl,ne,nt    3  47   3  10  35  17   7
 itab,iline,i,j,nwl,ne,nt    3  48   3  11  35  17   7
 itab,iline,i,j,nwl,ne,nt    3  49   3  12  35  17   7
 itab,iline,i,j,nwl,ne,nt    3  50   3  13  35  17   7
 itab,iline,i,j,nwl,ne,nt    3  51   3  14  44  17   7
 itab,iline,i,j,nwl,ne,nt    3  52   3  15  35  17   7
 itab,iline,i,j,nwl,ne,nt    3  53   3  16  35  17   7
 itab,iline,i,j,nwl,ne,nt    3  54   3  17  35  17   7
 itab,iline,i,j,nwl,ne,nt    3  55   3  18  35  17   7
 itab,iline,i,j,nwl,ne,nt    3  56   3  19  35  17   7
 itab,iline,i,j,nwl,ne,nt    3  57   3  20  35  17   7
 itab,iline,i,j,nwl,ne,nt    3  58   3  21  35  17   7
 itab,iline,i,j,nwl,ne,nt    3  59   3  22  35  17   7
 itab,iline,i,j,nwl,ne,nt    4  60   4   5  36  17   7
 itab,iline,i,j,nwl,ne,nt    4  61   4   6  35  17   7
 itab,iline,i,j,nwl,ne,nt    4  62   4   7  35  17   7
 itab,iline,i,j,nwl,ne,nt    4  63   4   8  35  17   7
 itab,iline,i,j,nwl,ne,nt    4  64   4   9  35  17   7
 itab,iline,i,j,nwl,ne,nt    4  65   4  10  35  17   7
 itab,iline,i,j,nwl,ne,nt    4  66   4  11  35  17   7
 itab,iline,i,j,nwl,ne,nt    4  67   4  12  35  17   7
 itab,iline,i,j,nwl,ne,nt    4  68   4  13  35  17   7
 itab,iline,i,j,nwl,ne,nt    4  69   4  14  35  17   7
 ihydp0,ihydpr,ihyddk           2          22           0
 ION,ITR,IT0           1         136         136         136
 MTRANS=         136
 MFREQL (for normal lines) =           58

*** AFTER RDATA:

     NFREQ  =    2415
     NFREQL =      57  set to MFREQL
     NTRANS =     136  set to MTRANS

 alloc_tra2 MTRANS,MMCDW                             136          46
 nlvexp end levset           2
 NLEVEL,MLEVEL          17          17

 EXPLICIT ENERGY LEVELS INCLUDED
 -------------------------------

 NO.   LEVEL    ION   ION.FREQ.(s^-1)     G     NQ   IEL  ILK  IAT IMOD  ILT  IIE  IIF

   1  (N=1)     H 1  3.2880499E+15      2.00    1    1    0    1    5    0    1    1
   2  (N=2)     H 1  8.2201247E+14      8.00    2    1    0    1    5    0    0    0
   3  (N=3)     H 1  3.6533887E+14     18.00    3    1    0    1    5    0    0    0
   4  (N=4)     H 1  2.0550312E+14     32.00    4    1    0    1    5    0    0    0
   5  (N=5)     H 1  1.3152199E+14     50.00    5    1    0    1    5    0    0    0
   6  (N=6)     H 1  9.1334719E+13     72.00    6    1    0    1    5    0    0    0
   7  (N=7)     H 1  6.7103059E+13     98.00    7    1    0    1    5    0    0    0
   8  (N=8)     H 1  5.1375779E+13    128.00    8    1    0    1    5    0    0    0
   9  (N=9)     H 1  4.0593208E+13    162.00    9    1    0    1    5    0    0    0
  10  (N=10)    H 1  3.2880499E+13    200.00   10    1    0    1    5    0    0    0
  11  (N=11)    H 1  2.7173966E+13    242.00   11    1    0    1    5    0    0    0
  12  (N=12)    H 1  2.2833680E+13    288.00   12    1    0    1    5    0    0    0
  13  (N=13)    H 1  1.9455916E+13    338.00   13    1    0    1    5    0    0    0
  14  (N=14)    H 1  1.6775765E+13    392.00   14    1    0    1    5    0    0    0
  15  (N=15)    H 1  1.4613555E+13    450.00   15    1    0    1    5    0    0    0
  16  (N=16)    H 1  0.0000000E+00    512.00   16    1    0    1    5    0    0    0
  17  H 2       H 1  0.0000000E+00      1.00    1    1    1    1    5    0    2    2
 MTRANS,MTRAN0         136         136
 inifre njread,nfreqd,nfreqc         200         200         200
 nfreq,mfreq0,ispodf        2415      655000           0         200
 MFREQC at begin of  INIFRC         289

NFREQ, MFREQ  in inifrc(0)    2680

NFREQ, MFREQ  in inifrc(0)    2680
NFREQC,MFREQC in inifrc(0)     265

 nfreqe in inifrc           0
 inifre end nfreqc,mfreqc         265         265
 alloc_freq2 MFREQ,MFREQC,MCROSS,MDEPTH             2680         265          42          70
 MFREQC at begin of  INIFRC         289
 alloc_models MDEPTH,MION,MLEVEL,MLVEXP,MMER          70           1          17           3          12
 alloc_modelq MTRANS,MZZ,NLMX,MMCDW                  136          30          80          46
 alloc_radt MTRANS,MDEPTH,MMCDW               136          70          46
 before inpmod
 nhod           0   1573237.6176624156     
 after odfhys
 after odfset
 alloc_prf MFREQ,MFREQP,MDODF,MCFE,MDEPTH           2680        2680           3           1          70
 MFREQC at begin of  INIFRC         289

 MAXIMUM NUMBER OF OVERLAPPING TRANSITIONS:   13


 ACCURACY OF INTEGRATIONS:
 Interval:  1.19999998E+16  1.00000000E+12  1.19989998E+16  1.19989999E+16
                Planck functions:                7500.      4.3283E-05
                                                15000.      2.3228E-05
                                                30000.      1.0130E-05

 TOTAL NUMBER OF FREQUENCIES:    2680
 SELECTED FREQUENCIES:           2604
 ifryb bef corwn           1
 ifryb aft corwn           1
 as IFRYB>0, NFREQE and MFREX are           0           1


 TRANSITION PARAMETERS (TOTAL OF   136 )
 ---------------------

    ITR ILOW IUP               INDEXP  nfr    IFR0   IFR1     OSC        FR0         LAMBDA

     1    1   17   H 1   1  17      5     24      1     24   7.919E-19     911.764     249.827     968.809
     2    2   17   H 1   2  17      5     83      1     83   1.584E-18    3647.056     249.827    4314.849
     3    3   17   H 1   3  17      5    116      1    116   2.376E-18    8205.875     249.827    9949.776
     4    4   17   H 1   4  17      1    131      1    131   3.168E-18   14588.222     249.827   14546.017
     5    5   17   H 1   5  17      1    149      1    149   3.959E-18   22794.097     249.827   22568.413
     6    6   17   H 1   6  17      1    164      1    164   4.751E-18   32823.500     249.827   32498.514
     7    7   17   H 1   7  17      1    177      1    177   5.543E-18   44676.430     249.827   44234.089
     8    8   17   H 1   8  17      1    188      1    188   6.335E-18   58352.888     249.827   58129.570
     9    9   17   H 1   9  17      1    198      1    198   7.127E-18   73852.874     249.827   73121.658
    10   10   17   H 1  10  17      1    207      1    207   7.919E-18   91176.388     249.827   90273.651
    11   11   17   H 1  11  17      1    215      1    215   8.711E-18  110323.429     249.827  109954.974
    12   12   17   H 1  12  17      1    222      1    222   9.503E-18  131293.999     249.827  129994.058
    13   13   17   H 1  13  17      1    229      1    229   1.029E-17  154088.096     249.827  152562.471
    14   14   17   H 1  14  17      1    236      1    236   1.109E-17  178705.720     249.827  176936.357
    15   15   17   H 1  15  17      1    244      1    244   1.188E-17  205146.873     249.827  203115.716
    16   16   17   H 1  16  17      1    265      1    265   1.000E+00    Infinity     249.827 2997925.106
    17    1    2   H 1   1   2     -1     57    266    322   4.162E-01    1215.685    1047.622    1447.974
    18    1    3   H 1   1   3     -1     57    323    379   7.910E-02    1025.734     883.931    1221.728
    19    1    4   H 1   1   4     -1     53    380    432   2.899E-02     972.548     855.518    1126.670
    20    1    5   H 1   1   5     -1     41    433    473   1.394E-02     949.754     852.785    1071.605
    21    1    6   H 1   1   6     -1     41    474    514   7.799E-03     937.814     842.064    1058.133
    22    1    7   H 1   1   7     -1     41    515    555   4.814E-03     930.759     880.763     986.772
    23    1    8   H 1   1   8     -1     41    556    596   3.183E-03     926.236     876.484     981.977
    24    1    9   H 1   1   9     -1     41    597    637   2.216E-03     923.161     873.574     978.717
    25    1   10   H 1   1  10     -1     41    638    678   1.605E-03     920.974     871.504     976.398
    26    1   11   H 1   1  11     -1     41    679    719   1.201E-03     919.362     869.979     974.689
    27    1   12   H 1   1  12     -1     41    720    760   9.214E-04     918.140     868.822     973.393
    28    1   13   H 1   1  13     -1     41    761    801   7.227E-04     917.191     867.924     972.387
    29    1   14   H 1   1  14     -1     41    802    842   5.744E-04     916.440     867.213     971.591
    30    1   15   H 1   1  15     -1     41    843    883   4.686E-04     915.834     866.640     970.949
    31    1   16   H 1   1  16      0      1      0      0   3.615E-03     911.764    Infinity    Infinity
    32    2    3   H 1   2   3     -1     57    884    940   6.407E-01    6564.700    5774.747    7605.025
    33    2    4   H 1   2   4     -1     57    941    997   1.193E-01    4862.741    4277.590    5633.352
    34    2    5   H 1   2   5     -1     57    998   1054   4.467E-02    4341.733    3819.277    5029.778
    35    2    6   H 1   2   6     -1     41   1055   1095   2.209E-02    4102.937    3682.534    4631.698
    36    2    7   H 1   2   7     -1     41   1096   1136   1.270E-02    3971.238    3565.778    4480.737
    37    2    8   H 1   2   8     -1     29   1137   1165   8.036E-03    3890.193    3530.024    4332.208
    38    2    9   H 1   2   9     -1     41   1166   1206   5.429E-03    3836.513    3481.314    4272.429
    39    2   10   H 1   2  10     -1     41   1207   1247   3.851E-03    3799.016    3447.289    4230.672
    40    2   11   H 1   2  11     -1     41   1248   1288   2.835E-03    3771.741    3422.540    4200.297
    41    2   12   H 1   2  12     -1     41   1289   1329   2.151E-03    3751.257    3403.952    4177.486
    42    2   13   H 1   2  13     -1     41   1330   1370   1.672E-03    3735.469    3389.626    4159.904
    43    2   14   H 1   2  14     -1     41   1371   1411   1.326E-03    3723.036    3378.344    4146.058
    44    2   15   H 1   2  15     -1     41   1412   1452   1.070E-03    3713.066    3369.296    4134.955
    45    2   16   H 1   2  16      0      1      0      0   8.112E-03    3647.056    Infinity    Infinity
    46    3    4   H 1   3   4     -1     57   1453   1509   8.421E-01   18756.286   16834.443   21173.478
    47    3    5   H 1   3   5     -1     57   1510   1566   1.506E-01   12821.680   11507.920   14474.057
    48    3    6   H 1   3   6     -1     37   1567   1603   5.584E-02   10941.167    9820.092   12351.195
    49    3    7   H 1   3   7     -1     33   1604   1636   2.768E-02   10052.197    9025.876   11341.865
    50    3    8   H 1   3   8     -1     29   1637   1665   1.604E-02    9548.654    8664.605   10633.601
    51    3    9   H 1   3   9     -1     41   1666   1706   1.023E-02    9231.609    8735.736    9787.166
    52    3   10   H 1   3  10     -1     41   1707   1747   6.980E-03    9017.445    8533.075    9560.113
    53    3   11   H 1   3  11     -1     41   1748   1788   4.996E-03    8865.276    8389.080    9398.786
    54    3   12   H 1   3  12     -1     41   1789   1829   3.711E-03    8752.933    8282.772    9279.683
    55    3   13   H 1   3  13     -1     41   1830   1870   2.839E-03    8667.455    8201.885    9189.061
    56    3   14   H 1   3  14     -1     41   1871   1911   2.224E-03    8600.810    8138.820    9118.405
    57    3   15   H 1   3  15     -1     41   1912   1952   1.776E-03    8547.786    8088.644    9062.191
    58    3   16   H 1   3  16      0      1      0      0   1.307E-02    8205.875    Infinity    Infinity
    59    4    5   H 1   4   5     -1     13   1953   1965   1.038E+00   40522.839   40514.495   40531.187
    60    4    6   H 1   4   6     -1     13   1966   1978   1.793E-01   26258.800   26253.393   26264.209
    61    4    7   H 1   4   7     -1     13   1979   1991   6.549E-02   21661.299   21656.839   21665.762
    62    4    8   H 1   4   8     -1     13   1992   2004   3.230E-02   19450.963   19446.957   19454.970
    63    4    9   H 1   4   9     -1     13   2005   2017   1.870E-02   18179.169   18175.426   18182.914
    64    4   10   H 1   4  10     -1     13   2018   2030   1.196E-02   17366.931   17363.355   17370.509
    65    4   11   H 1   4  11     -1     13   2031   2043   8.187E-03   16811.189   16807.727   16814.652
    66    4   12   H 1   4  12     -1     13   2044   2056   5.886E-03   16411.750   16408.370   16415.131
    67    4   13   H 1   4  13     -1     13   2057   2069   4.393E-03   16113.788   16110.470   16117.107
    68    4   14   H 1   4  14     -1     13   2070   2082   3.375E-03   15884.953   15881.682   15888.225
    69    4   15   H 1   4  15     -1     13   2083   2095   2.656E-03   15705.024   15701.790   15708.259
    70    4   16   H 1   4  16      0      1      0      0   1.872E-02   14588.222    Infinity    Infinity
    71    5    6   H 1   5   6     -1     13   2096   2108   1.231E+00   74598.863   74583.502   74614.230
    72    5    7   H 1   5   7     -1     13   2109   2121   2.069E-01   46537.948   46528.365   46547.535
    73    5    8   H 1   5   8     -1     13   2122   2134   7.448E-02   37405.698   37397.995   37413.403
    74    5    9   H 1   5   9     -1     13   2135   2147   3.645E-02   32970.033   32963.244   32976.825
    75    5   10   H 1   5  10     -1     13   2148   2160   2.104E-02   30392.129   30385.871   30398.390
    76    5   11   H 1   5  11     -1     13   2161   2173   1.344E-02   28730.060   28724.144   28735.978
    77    5   12   H 1   5  12     -1     13   2174   2186   9.209E-03   27582.773   27577.093   27588.455
    78    5   13   H 1   5  13     -1     13   2187   2199   6.631E-03   26751.405   26745.897   26756.916
    79    5   14   H 1   5  14     -1     13   2200   2212   4.959E-03   26126.567   26121.187   26131.949
    80    5   15   H 1   5  15     -1     13   2213   2225   3.821E-03   25643.359   25638.079   25648.642
    81    5   16   H 1   5  16      0      1      0      0   2.544E-02   22794.097    Infinity    Infinity
    82    6    7   H 1   6   7     -1     13   2226   2238   1.424E+00  123719.345  123693.869  123744.831
    83    6    8   H 1   6   8     -1     13   2239   2251   2.340E-01   75025.142   75009.693   75040.597
    84    6    9   H 1   6   9     -1     13   2252   2264   8.315E-02   59082.299   59070.133   59094.471
    85    6   10   H 1   6  10     -1     13   2265   2277   4.038E-02   51286.718   51276.157   51297.283
    86    6   11   H 1   6  11     -1     13   2278   2290   2.320E-02   46725.217   46715.596   46734.843
    87    6   12   H 1   6  12     -1     13   2291   2303   1.479E-02   43764.666   43755.654   43773.682
    88    6   13   H 1   6  13     -1     13   2304   2316   1.012E-02   41708.056   41699.467   41716.648
    89    6   14   H 1   6  14     -1     13   2317   2329   7.289E-03   40208.787   40200.507   40217.070
    90    6   15   H 1   6  15     -1     13   2330   2342   5.455E-03   39075.595   39067.548   39083.645
    91    6   16   H 1   6  16      0      1      0      0   3.380E-02   32823.500    Infinity    Infinity
    92    7    8   H 1   7   8     -1     13   2343   2355   1.616E+00  190619.435  190580.183  190658.703
    93    7    9   H 1   7   9     -1     13   2356   2368   2.609E-01  113087.214  113063.927  113110.510
    94    7   10   H 1   7  10     -1     13   2369   2381   9.163E-02   87600.843   87582.805   87618.889
    95    7   11   H 1   7  11     -1     13   2382   2394   4.416E-02   75081.223   75065.762   75096.690
    96    7   12   H 1   7  12     -1     13   2395   2407   2.525E-02   67720.062   67706.118   67734.013
    97    7   13   H 1   7  13     -1     13   2408   2420   1.605E-02   62919.306   62906.349   62932.267
    98    7   14   H 1   7  14     -1     13   2421   2433   1.097E-02   59568.573   59556.307   59580.845
    99    7   15   H 1   7  15     -1     13   2434   2446   7.891E-03   57114.754   57102.993   57126.520
   100    7   16   H 1   7  16      0      1      0      0   4.471E-02   44676.430    Infinity    Infinity
   101    8    9   H 1   8   9     -1     13   2447   2459   1.807E+00  278034.350  277977.097  278091.626
   102    8   10   H 1   8  10     -1     13   2460   2472   2.876E-01  162091.356  162057.979  162124.748
   103    8   11   H 1   8  11     -1     13   2473   2485   1.000E-01  123871.921  123846.413  123897.439
   104    8   12   H 1   8  12     -1     13   2486   2498   4.787E-02  105035.199  105013.570  105056.836
   105    8   13   H 1   8  13     -1     13   2499   2511   2.724E-02   93920.363   93901.023   93939.711
   106    8   14   H 1   8  14     -1     13   2512   2524   1.726E-02   86645.198   86627.356   86663.047
   107    8   15   H 1   8  15     -1     13   2525   2537   1.177E-02   81549.067   81532.275   81565.867
   108    8   16   H 1   8  16      0      1      0      0   5.979E-02   58352.888    Infinity    Infinity
   109    9   10   H 1   9  10      0      1      0      0   1.999E+00  388699.338    Infinity    Infinity
   110    9   11   H 1   9  11     -1     13   2538   2550   3.143E-01  223404.944  223358.941  223450.967
   111    9   12   H 1   9  12     -1     13   2551   2563   1.083E-01  168806.570  168771.809  168841.344
   112    9   13   H 1   9  13     -1     13   2564   2576   5.152E-02  141831.088  141801.882  141860.306
   113    9   14   H 1   9  14     -1     13   2577   2589   2.918E-02  125870.986  125845.066  125896.915
   114    9   15   H 1   9  15     -1     13   2590   2602   1.843E-02  115395.116  115371.354  115418.888
   115    9   16   H 1   9  16      0      1      0      0   8.203E-02   73852.874    Infinity    Infinity
   116   10   11   H 1  10  11      0      1      0      0   2.190E+00  525349.663    Infinity    Infinity
   117   10   12   H 1  10  12     -1     13   2603   2615   3.408E-01  298395.451  298334.006  298456.922
   118   10   13   H 1  10  13     -1     13   2616   2628   1.166E-01  223316.080  223270.095  223362.084
   119   10   14   H 1  10  14     -1     13   2629   2641   5.513E-02  186151.792  186113.460  186190.140
   120   10   15   H 1  10  15     -1     13   2642   2654   3.109E-02  164117.498  164083.703  164151.307
   121   10   16   H 1  10  16      0      1      0      0   1.178E-01   91176.388    Infinity    Infinity
   122   11   12   H 1  11  12      0      1      0      0   2.381E+00  690720.601    Infinity    Infinity
   123   11   13   H 1  11  13      0      1      0      0   3.673E-01  388430.407    Infinity    Infinity
   124   11   14   H 1  11  14     -1     13   2655   2667   1.248E-01  288311.895  288252.526  288371.289
   125   11   15   H 1  11  15     -1     13   2668   2680   5.872E-02  238680.496  238631.347  238729.665
   126   11   16   H 1  11  16      0      1      0      0   1.829E-01  110323.429    Infinity    Infinity
   127   12   13   H 1  12  13      0      1      0      0   2.572E+00  887547.430    Infinity    Infinity
   128   12   14   H 1  12  14      0      1      0      0   3.938E-01  494877.379    Infinity    Infinity
   129   12   15   H 1  12  15      0      1      0      0   1.330E-01  364705.552    Infinity    Infinity
   130   12   16   H 1  12  16      0      1      0      0   3.257E-01  131293.999    Infinity    Infinity
   131   13   14   H 1  13  14      0      1      0      0   2.763E+00 1118565.434    Infinity    Infinity
   132   13   15   H 1  13  15      0      1      0      0   4.202E-01  619103.955    Infinity    Infinity
   133   13   16   H 1  13  16      0      1      0      0   7.635E-01  154088.096    Infinity    Infinity
   134   14   15   H 1  14  15      0      1      0      0   2.954E+00 1386509.898    Infinity    Infinity
   135   14   16   H 1  14  16      0      1      0      0   3.761E+00  178705.720    Infinity    Infinity
   136   15   16   H 1  15  16      0      1      0      0   3.995E+00  205146.873    Infinity    Infinity
 opadd0 it,mcross          16          42         289
 Hraysc it          17   3.1166102584199482E-025
 Heraysc it          18   0.0000000000000000     
 H- it          19   6.6723710424546777E-018
 H2P it          21  -93.291421060728240     
 He-ff it          22   1.5629830882757668E-045
 He-ff it          23   2.2458887005360646E-041
 He-ff it          24   4.4892872974588738E-037

 EXTERNAL IRRADIATION - EXTOT0,EXTOT:    0.000E+00   0.000E+00

 MTOT =           1
 itek,niter         150          30
 ksng,nn           0           1
 nfreqe,inhe,inre,inpc,inmp,indl           0           0           1           0           0           0
 alloc_accel iacpp,mtot           7           1
 alloc_accel MLEVEL,MDEPTH,MTOT                       17          70           1
 alloc_accel iacpp,mtot           7           1
 alloc_alipar MDEPTH,MLVEXP                            70           3
 IFRYB,MFREX,MTOT           1           1           1

BASIC ARRAYS DIMENSIONS:

MDEPTH  =      70
MFREQ   =    2680
MFREQC  =     289
MFREX   =       1
MFREQL  =      58
MFREQP  =    2680
MTRANS  =     136
MLEVEL  =      17
MLVEXP  =       3
MTOT    =       1
MION    =       1
MVOIG0  =     136
MHWL    =      90


MAXIMUM AND ACTUAL DIMENSIONS:

MDEPTH,ND     =      70      70
MLEVEL,NLEVEL =      17      17
MLVEXP,NLVEXP =       3       2
MTRANS.NTRANS =     136     136
MFREQ,NFREQ   =    2680    2680
MFREQC,NFREQC =     289     265
MFREQP        =    2680
MFREQL        =      58
MFREQX,NFREQE =       1       0
MTOT,NN       =       1       1
 grey  -16.118095650958320       0.31701214296442365        95.742252007568396        55.278436493977132     
 COMPUTED LTE-GREY MODEL

    ID    TAU       MASS     TEMP       N          NE         P        ROSS.OP    Ptot    TAUR*DPRAD   PRAD0     Pg(comp)

   1  1.000E-07  1.870E-07     12.  3.521E+12  1.760E+12  5.914E+00  5.347E-01  6.119E+01  9.574E-06  5.528E+01  5.914E+00
   2  1.373E-07  2.541E-07     12.  4.784E+12  2.391E+12  8.036E+00  5.784E-01  6.331E+01  1.315E-05  5.528E+01  8.036E+00
   3  1.885E-07  3.388E-07     12.  6.379E+12  3.189E+12  1.072E+01  6.312E-01  6.599E+01  1.805E-05  5.528E+01  1.072E+01
   4  2.588E-07  4.449E-07     12.  8.375E+12  4.187E+12  1.407E+01  6.949E-01  6.935E+01  2.478E-05  5.528E+01  1.407E+01
   5  3.554E-07  5.766E-07     12.  1.085E+13  5.425E+12  1.823E+01  7.712E-01  7.351E+01  3.403E-05  5.528E+01  1.823E+01
   6  4.880E-07  7.389E-07     12.  1.391E+13  6.951E+12  2.336E+01  8.623E-01  7.864E+01  4.672E-05  5.528E+01  2.336E+01
   7  6.700E-07  9.374E-07     12.  1.765E+13  8.818E+12  2.964E+01  9.706E-01  8.492E+01  6.415E-05  5.528E+01  2.964E+01
   8  9.199E-07  1.179E-06     12.  2.219E+13  1.109E+13  3.728E+01  1.099E+00  9.256E+01  8.807E-05  5.528E+01  3.728E+01
   9  1.263E-06  1.471E-06     12.  2.769E+13  1.383E+13  4.651E+01  1.252E+00  1.018E+02  1.209E-04  5.528E+01  4.651E+01
  10  1.734E-06  1.822E-06     12.  3.429E+13  1.713E+13  5.761E+01  1.432E+00  1.129E+02  1.660E-04  5.528E+01  5.761E+01
  11  2.381E-06  2.242E-06     12.  4.221E+13  2.107E+13  7.090E+01  1.645E+00  1.262E+02  2.280E-04  5.528E+01  7.090E+01
  12  3.269E-06  2.744E-06     12.  5.165E+13  2.578E+13  8.676E+01  1.897E+00  1.420E+02  3.130E-04  5.528E+01  8.676E+01
  13  4.489E-06  3.340E-06     12.  6.288E+13  3.137E+13  1.056E+02  2.193E+00  1.609E+02  4.298E-04  5.528E+01  1.056E+02
  14  6.163E-06  4.047E-06     12.  7.619E+13  3.800E+13  1.280E+02  2.542E+00  1.833E+02  5.901E-04  5.528E+01  1.280E+02
  15  8.462E-06  4.884E-06     12.  9.194E+13  4.583E+13  1.544E+02  2.953E+00  2.097E+02  8.102E-04  5.528E+01  1.544E+02
  16  1.162E-05  5.872E-06     12.  1.105E+14  5.507E+13  1.857E+02  3.436E+00  2.410E+02  1.112E-03  5.528E+01  1.857E+02
  17  1.595E-05  7.037E-06     12.  1.325E+14  6.594E+13  2.225E+02  4.005E+00  2.778E+02  1.527E-03  5.528E+01  2.225E+02
  18  2.190E-05  8.408E-06     12.  1.583E+14  7.873E+13  2.659E+02  4.672E+00  3.212E+02  2.097E-03  5.528E+01  2.659E+02
  19  3.007E-05  1.002E-05     12.  1.886E+14  9.374E+13  3.169E+02  5.457E+00  3.722E+02  2.879E-03  5.528E+01  3.169E+02
  20  4.129E-05  1.192E-05     12.  2.243E+14  1.113E+14  3.769E+02  6.376E+00  4.321E+02  3.953E-03  5.528E+01  3.769E+02
  21  5.669E-05  1.415E-05     12.  2.663E+14  1.320E+14  4.473E+02  7.452E+00  5.026E+02  5.428E-03  5.528E+01  4.473E+02
  22  7.784E-05  1.676E-05     12.  3.155E+14  1.561E+14  5.300E+02  8.713E+00  5.853E+02  7.453E-03  5.528E+01  5.300E+02
  23  1.069E-04  1.983E-05     12.  3.733E+14  1.844E+14  6.272E+02  1.019E+01  6.825E+02  1.023E-02  5.528E+01  6.272E+02
  24  1.467E-04  2.344E-05     12.  4.412E+14  2.175E+14  7.413E+02  1.191E+01  7.966E+02  1.405E-02  5.528E+01  7.413E+02
  25  2.015E-04  2.768E-05     12.  5.209E+14  2.562E+14  8.753E+02  1.392E+01  9.306E+02  1.929E-02  5.528E+01  8.753E+02
  26  2.766E-04  3.266E-05     12.  6.146E+14  3.013E+14  1.033E+03  1.626E+01  1.088E+03  2.649E-02  5.528E+01  1.033E+03
  27  3.798E-04  3.852E-05     12.  7.247E+14  3.541E+14  1.218E+03  1.897E+01  1.273E+03  3.637E-02  5.528E+01  1.218E+03
  28  5.215E-04  4.541E-05     12.  8.543E+14  4.158E+14  1.436E+03  2.212E+01  1.491E+03  4.993E-02  5.528E+01  1.436E+03
  29  7.161E-04  5.353E-05     12.  1.007E+15  4.879E+14  1.693E+03  2.577E+01  1.748E+03  6.856E-02  5.528E+01  1.693E+03
  30  9.832E-04  6.312E-05     12.  1.187E+15  5.721E+14  1.996E+03  2.997E+01  2.051E+03  9.413E-02  5.528E+01  1.996E+03
  31  1.350E-03  7.444E-05     12.  1.399E+15  6.705E+14  2.354E+03  3.481E+01  2.409E+03  1.292E-01  5.528E+01  2.354E+03
  32  1.853E-03  8.783E-05     12.  1.650E+15  7.854E+14  2.777E+03  4.035E+01  2.833E+03  1.775E-01  5.528E+01  2.777E+03
  33  2.545E-03  1.037E-04     12.  1.947E+15  9.197E+14  3.279E+03  4.668E+01  3.335E+03  2.436E-01  5.528E+01  3.279E+03
  34  3.494E-03  1.226E-04     12.  2.299E+15  1.077E+15  3.876E+03  5.387E+01  3.932E+03  3.345E-01  5.528E+01  3.876E+03
  35  4.797E-03  1.451E-04     12.  2.718E+15  1.261E+15  4.587E+03  6.199E+01  4.643E+03  4.593E-01  5.528E+01  4.587E+03
  36  6.587E-03  1.719E-04     12.  3.216E+15  1.476E+15  5.436E+03  7.113E+01  5.492E+03  6.306E-01  5.528E+01  5.436E+03
  37  9.044E-03  2.041E-04     12.  3.811E+15  1.730E+15  6.454E+03  8.139E+01  6.510E+03  8.659E-01  5.528E+01  6.454E+03
  38  1.242E-02  2.428E-04     12.  4.522E+15  2.028E+15  7.677E+03  9.283E+01  7.734E+03  1.189E+00  5.528E+01  7.677E+03
  39  1.705E-02  2.895E-04     12.  5.373E+15  2.380E+15  9.152E+03  1.056E+02  9.209E+03  1.632E+00  5.528E+01  9.152E+03
  40  2.341E-02  3.459E-04     12.  6.393E+15  2.798E+15  1.094E+04  1.197E+02  1.099E+04  2.241E+00  5.528E+01  1.094E+04
  41  3.214E-02  4.143E-04     12.  7.615E+15  3.296E+15  1.310E+04  1.354E+02  1.316E+04  3.077E+00  5.528E+01  1.310E+04
  42  4.413E-02  4.975E-04     13.  9.081E+15  3.893E+15  1.573E+04  1.526E+02  1.579E+04  4.225E+00  5.528E+01  1.573E+04
  43  6.059E-02  5.988E-04     13.  1.084E+16  4.614E+15  1.893E+04  1.718E+02  1.899E+04  5.801E+00  5.528E+01  1.893E+04
  44  8.319E-02  7.227E-04     13.  1.293E+16  5.489E+15  2.284E+04  1.929E+02  2.291E+04  7.965E+00  5.528E+01  2.284E+04
  45  1.142E-01  8.742E-04     13.  1.543E+16  6.560E+15  2.763E+04  2.161E+02  2.770E+04  1.094E+01  5.528E+01  2.763E+04
  46  1.568E-01  1.060E-03     13.  1.840E+16  7.877E+15  3.351E+04  2.412E+02  3.359E+04  1.502E+01  5.528E+01  3.351E+04
  47  2.153E-01  1.290E-03     13.  2.192E+16  9.501E+15  4.077E+04  2.676E+02  4.085E+04  2.062E+01  5.528E+01  4.077E+04
  48  2.957E-01  1.575E-03     14.  2.611E+16  1.151E+16  4.979E+04  2.939E+02  4.987E+04  2.831E+01  5.528E+01  4.979E+04
  49  4.060E-01  1.935E-03     14.  3.113E+16  1.400E+16  6.115E+04  3.183E+02  6.124E+04  3.887E+01  5.528E+01  6.115E+04
  50  5.574E-01  2.395E-03     15.  3.720E+16  1.709E+16  7.567E+04  3.387E+02  7.578E+04  5.337E+01  5.528E+01  7.567E+04
  51  7.653E-01  2.994E-03     15.  4.468E+16  2.094E+16  9.461E+04  3.531E+02  9.474E+04  7.327E+01  5.528E+01  9.461E+04
  52  1.051E+00  3.792E-03     16.  5.406E+16  2.578E+16  1.198E+05  3.609E+02  1.200E+05  1.006E+02  5.528E+01  1.198E+05
  53  1.443E+00  4.873E-03     17.  6.600E+16  3.191E+16  1.540E+05  3.633E+02  1.542E+05  1.381E+02  5.528E+01  1.540E+05
  54  1.981E+00  6.356E-03     18.  8.138E+16  3.976E+16  2.008E+05  3.623E+02  2.011E+05  1.897E+02  5.528E+01  2.008E+05
  55  2.720E+00  8.401E-03     19.  1.012E+17  4.981E+16  2.654E+05  3.607E+02  2.657E+05  2.604E+02  5.528E+01  2.654E+05
  56  3.734E+00  1.122E-02     20.  1.267E+17  6.265E+16  3.544E+05  3.598E+02  3.548E+05  3.575E+02  5.528E+01  3.544E+05
  57  5.127E+00  1.508E-02     22.  1.590E+17  7.892E+16  4.763E+05  3.635E+02  4.768E+05  4.909E+02  5.528E+01  4.763E+05
  58  7.040E+00  2.028E-02     23.  1.992E+17  9.912E+16  6.406E+05  3.714E+02  6.414E+05  6.740E+02  5.528E+01  6.406E+05
  59  9.666E+00  2.723E-02     25.  2.487E+17  1.239E+17  8.603E+05  3.844E+02  8.613E+05  9.254E+02  5.528E+01  8.603E+05
  60  1.327E+01  3.640E-02     27.  3.085E+17  1.539E+17  1.150E+06  4.024E+02  1.151E+06  1.271E+03  5.528E+01  1.150E+06
  61  1.822E+01  4.836E-02     29.  3.800E+17  1.897E+17  1.528E+06  4.251E+02  1.529E+06  1.745E+03  5.528E+01  1.528E+06
  62  2.502E+01  6.386E-02     31.  4.648E+17  2.321E+17  2.017E+06  4.509E+02  2.020E+06  2.395E+03  5.528E+01  2.017E+06
  63  3.435E+01  8.396E-02     34.  5.655E+17  2.825E+17  2.652E+06  4.763E+02  2.655E+06  3.289E+03  5.528E+01  2.652E+06
  64  4.717E+01  1.103E-01     37.  6.870E+17  3.432E+17  3.482E+06  4.953E+02  3.487E+06  4.516E+03  5.528E+01  3.482E+06
  65  6.476E+01  1.455E-01     40.  8.382E+17  4.188E+17  4.595E+06  5.003E+02  4.601E+06  6.200E+03  5.528E+01  4.595E+06
  66  8.892E+01  1.944E-01     43.  1.035E+18  5.173E+17  6.138E+06  4.855E+02  6.147E+06  8.513E+03  5.528E+01  6.138E+06
  67  1.221E+02  2.651E-01     46.  1.305E+18  6.521E+17  8.370E+06  4.524E+02  8.382E+06  1.169E+04  5.528E+01  8.370E+06
  68  1.676E+02  3.710E-01     50.  1.688E+18  8.437E+17  1.172E+07  4.094E+02  1.173E+07  1.605E+04  5.528E+01  1.172E+07
  69  2.301E+02  5.330E-01     54.  2.241E+18  1.120E+18  1.683E+07  3.663E+02  1.686E+07  2.204E+04  5.528E+01  1.683E+07
  70  3.160E+02  7.814E-01     59.  3.036E+18  1.517E+18  2.468E+07  3.289E+02  2.471E+07  3.025E+04  5.528E+01  2.468E+07

 CONVECTIVE FLUX: AT CONTMP, ITER= 1

 conout imod,iprin           1           2


  ID    DM        TEMP      DELTA  DELTA(AD)  CON/TOT  RAD/TOT  (C+R)/TOT


   1 1.87E-07  12167.9  0.00E+00  0.00E+00  0.00E+00  0.00E+00  0.00E+00
   2 2.54E-07  12167.9  2.37E-06  0.00E+00  0.00E+00  0.00E+00  0.00E+00
   3 3.39E-07  12167.9  2.63E-06  0.00E+00  0.00E+00  0.00E+00  0.00E+00
   4 4.45E-07  12167.9  2.96E-06  0.00E+00  0.00E+00  0.00E+00  0.00E+00
   5 5.77E-07  12167.9  3.39E-06  0.00E+00  0.00E+00  0.00E+00  0.00E+00
   6 7.39E-07  12167.9  3.95E-06  0.00E+00  0.00E+00  0.00E+00  0.00E+00
   7 9.37E-07  12167.9  4.67E-06  0.00E+00  0.00E+00  0.00E+00  0.00E+00
   8 1.18E-06  12167.9  5.61E-06  0.00E+00  0.00E+00  0.00E+00  0.00E+00
   9 1.47E-06  12168.0  6.83E-06  0.00E+00  0.00E+00  0.00E+00  0.00E+00
  10 1.82E-06  12168.0  8.44E-06  0.00E+00  0.00E+00  0.00E+00  0.00E+00
  11 2.24E-06  12168.0  1.05E-05  0.00E+00  0.00E+00  0.00E+00  0.00E+00
  12 2.74E-06  12168.0  1.33E-05  0.00E+00  0.00E+00  0.00E+00  0.00E+00
  13 3.34E-06  12168.0  1.70E-05  0.00E+00  0.00E+00  0.00E+00  0.00E+00
  14 4.05E-06  12168.1  2.19E-05  0.00E+00  0.00E+00  0.00E+00  0.00E+00
  15 4.88E-06  12168.1  2.83E-05  0.00E+00  0.00E+00  0.00E+00  0.00E+00
  16 5.87E-06  12168.2  3.68E-05  0.00E+00  0.00E+00  0.00E+00  0.00E+00
  17 7.04E-06  12168.2  4.82E-05  0.00E+00  0.00E+00  0.00E+00  0.00E+00
  18 8.41E-06  12168.4  6.33E-05  0.00E+00  0.00E+00  0.00E+00  0.00E+00
  19 1.00E-05  12168.5  8.34E-05  0.00E+00  0.00E+00  0.00E+00  0.00E+00
  20 1.19E-05  12168.7  1.10E-04  0.00E+00  0.00E+00  0.00E+00  0.00E+00
  21 1.41E-05  12169.0  1.46E-04  0.00E+00  0.00E+00  0.00E+00  0.00E+00
  22 1.68E-05  12169.3  1.93E-04  0.00E+00  0.00E+00  0.00E+00  0.00E+00
  23 1.98E-05  12169.8  2.55E-04  0.00E+00  0.00E+00  0.00E+00  0.00E+00
  24 2.34E-05  12170.4  3.38E-04  0.00E+00  0.00E+00  0.00E+00  0.00E+00
  25 2.77E-05  12171.3  4.47E-04  0.00E+00  0.00E+00  0.00E+00  0.00E+00
  26 3.27E-05  12172.4  5.92E-04  0.00E+00  0.00E+00  0.00E+00  0.00E+00
  27 3.85E-05  12173.9  7.83E-04  0.00E+00  0.00E+00  0.00E+00  0.00E+00
  28 4.54E-05  12175.9  1.03E-03  0.00E+00  0.00E+00  0.00E+00  0.00E+00
  29 5.35E-05  12178.5  1.36E-03  0.00E+00  0.00E+00  0.00E+00  0.00E+00
  30 6.31E-05  12182.0  1.80E-03  0.00E+00  0.00E+00  0.00E+00  0.00E+00
  31 7.44E-05  12186.7  2.36E-03  0.00E+00  0.00E+00  0.00E+00  0.00E+00
  32 8.78E-05  12192.8  3.09E-03  1.38E-01  0.00E+00  0.00E+00  0.00E+00
  33 1.04E-04  12200.8  4.05E-03  1.31E-01  0.00E+00  0.00E+00  0.00E+00
  34 1.23E-04  12211.4  5.28E-03  1.25E-01  0.00E+00  0.00E+00  0.00E+00
  35 1.45E-04  12225.3  6.85E-03  1.20E-01  0.00E+00  0.00E+00  0.00E+00
  36 1.72E-04  12243.6  8.87E-03  1.16E-01  0.00E+00  0.00E+00  0.00E+00
  37 2.04E-04  12267.4  1.14E-02  1.12E-01  0.00E+00  0.00E+00  0.00E+00
  38 2.43E-04  12298.5  1.47E-02  1.09E-01  0.00E+00  0.00E+00  0.00E+00
  39 2.89E-04  12338.9  1.88E-02  1.07E-01  0.00E+00  0.00E+00  0.00E+00
  40 3.46E-04  12391.2  2.39E-02  1.05E-01  0.00E+00  0.00E+00  0.00E+00
  41 4.14E-04  12458.6  3.02E-02  1.04E-01  0.00E+00  0.00E+00  0.00E+00
  42 4.97E-04  12545.1  3.80E-02  1.03E-01  0.00E+00  0.00E+00  0.00E+00
  43 5.99E-04  12655.6  4.74E-02  1.03E-01  0.00E+00  0.00E+00  0.00E+00
  44 7.23E-04  12796.0  5.88E-02  1.03E-01  0.00E+00  0.00E+00  0.00E+00
  45 8.74E-04  12973.1  7.24E-02  1.05E-01  0.00E+00  0.00E+00  0.00E+00
  46 1.06E-03  13195.1  8.81E-02  1.07E-01  0.00E+00  0.00E+00  0.00E+00
  47 1.29E-03  13471.3  1.06E-01  1.10E-01  0.00E+00  0.00E+00  0.00E+00
  48 1.58E-03  13812.0  1.25E-01  1.15E-01  1.23E-08  0.00E+00  1.23E-08
  49 1.93E-03  14228.7  1.45E-01  1.22E-01  6.02E-08  0.00E+00  6.02E-08
  50 2.39E-03  14733.2  1.64E-01  1.31E-01  6.11E-08  0.00E+00  6.11E-08
  51 2.99E-03  15338.2  1.80E-01  1.45E-01  2.61E-08  0.00E+00  2.61E-08
  52 3.79E-03  16055.9  1.94E-01  1.65E-01  4.71E-09  0.00E+00  4.71E-09
  53 4.87E-03  16897.9  2.04E-01  1.91E-01  1.39E-10  0.00E+00  1.39E-10
  54 6.36E-03  17874.9  2.12E-01  2.24E-01  0.00E+00  0.00E+00  0.00E+00
  55 8.40E-03  18995.9  2.18E-01  2.60E-01  0.00E+00  0.00E+00  0.00E+00
  56 1.12E-02  20268.1  2.24E-01  2.96E-01  0.00E+00  0.00E+00  0.00E+00
  57 1.51E-02  21697.9  2.31E-01  3.27E-01  0.00E+00  0.00E+00  0.00E+00
  58 2.03E-02  23290.9  2.39E-01  3.51E-01  0.00E+00  0.00E+00  0.00E+00
  59 2.72E-02  25053.5  2.47E-01  3.68E-01  0.00E+00  0.00E+00  0.00E+00
  60 3.64E-02  26992.8  2.57E-01  3.79E-01  0.00E+00  0.00E+00  0.00E+00
  61 4.84E-02  29117.8  2.67E-01  3.87E-01  0.00E+00  0.00E+00  0.00E+00
  62 6.39E-02  31438.7  2.76E-01  3.91E-01  0.00E+00  0.00E+00  0.00E+00
  63 8.40E-02  33967.8  2.83E-01  3.94E-01  0.00E+00  0.00E+00  0.00E+00
  64 1.10E-01  36718.6  2.86E-01  3.96E-01  0.00E+00  0.00E+00  0.00E+00
  65 1.45E-01  39707.0  2.82E-01  3.97E-01  0.00E+00  0.00E+00  0.00E+00
  66 1.94E-01  42950.3  2.71E-01  3.98E-01  0.00E+00  0.00E+00  0.00E+00
  67 2.65E-01  46467.7  2.54E-01  3.99E-01  0.00E+00  0.00E+00  0.00E+00
  68 3.71E-01  50280.5  2.35E-01  3.99E-01  0.00E+00  0.00E+00  0.00E+00
  69 5.33E-01  54411.9  2.18E-01  3.99E-01  0.00E+00  0.00E+00  0.00E+00
  70 7.81E-01  58887.4  2.07E-01  3.99E-01  0.00E+00  0.00E+00  0.00E+00

convective zone between depths (inclusive)  48  53


 CONVECTIVE FLUX: AT CONTMP, ITER= 2

 conout imod,iprin           1           2


  ID    DM        TEMP      DELTA  DELTA(AD)  CON/TOT  RAD/TOT  (C+R)/TOT


   1 1.87E-07  12167.9  0.00E+00  0.00E+00  0.00E+00  0.00E+00  0.00E+00
   2 2.54E-07  12167.9  2.37E-06  0.00E+00  0.00E+00  0.00E+00  0.00E+00
   3 3.39E-07  12167.9  2.63E-06  0.00E+00  0.00E+00  0.00E+00  0.00E+00
   4 4.45E-07  12167.9  2.96E-06  0.00E+00  0.00E+00  0.00E+00  0.00E+00
   5 5.77E-07  12167.9  3.39E-06  0.00E+00  0.00E+00  0.00E+00  0.00E+00
   6 7.39E-07  12167.9  3.95E-06  0.00E+00  0.00E+00  0.00E+00  0.00E+00
   7 9.37E-07  12167.9  4.67E-06  0.00E+00  0.00E+00  0.00E+00  0.00E+00
   8 1.18E-06  12167.9  5.61E-06  0.00E+00  0.00E+00  0.00E+00  0.00E+00
   9 1.47E-06  12168.0  6.83E-06  0.00E+00  0.00E+00  0.00E+00  0.00E+00
  10 1.82E-06  12168.0  8.44E-06  0.00E+00  0.00E+00  0.00E+00  0.00E+00
  11 2.24E-06  12168.0  1.05E-05  0.00E+00  0.00E+00  0.00E+00  0.00E+00
  12 2.74E-06  12168.0  1.33E-05  0.00E+00  0.00E+00  0.00E+00  0.00E+00
  13 3.34E-06  12168.0  1.70E-05  0.00E+00  0.00E+00  0.00E+00  0.00E+00
  14 4.05E-06  12168.1  2.19E-05  0.00E+00  0.00E+00  0.00E+00  0.00E+00
  15 4.88E-06  12168.1  2.83E-05  0.00E+00  0.00E+00  0.00E+00  0.00E+00
  16 5.87E-06  12168.2  3.68E-05  0.00E+00  0.00E+00  0.00E+00  0.00E+00
  17 7.04E-06  12168.2  4.82E-05  0.00E+00  0.00E+00  0.00E+00  0.00E+00
  18 8.41E-06  12168.4  6.33E-05  0.00E+00  0.00E+00  0.00E+00  0.00E+00
  19 1.00E-05  12168.5  8.34E-05  0.00E+00  0.00E+00  0.00E+00  0.00E+00
  20 1.19E-05  12168.7  1.10E-04  0.00E+00  0.00E+00  0.00E+00  0.00E+00
  21 1.41E-05  12169.0  1.46E-04  0.00E+00  0.00E+00  0.00E+00  0.00E+00
  22 1.68E-05  12169.3  1.93E-04  0.00E+00  0.00E+00  0.00E+00  0.00E+00
  23 1.98E-05  12169.8  2.55E-04  0.00E+00  0.00E+00  0.00E+00  0.00E+00
  24 2.34E-05  12170.4  3.38E-04  0.00E+00  0.00E+00  0.00E+00  0.00E+00
  25 2.77E-05  12171.3  4.47E-04  0.00E+00  0.00E+00  0.00E+00  0.00E+00
  26 3.27E-05  12172.4  5.92E-04  0.00E+00  0.00E+00  0.00E+00  0.00E+00
  27 3.85E-05  12173.9  7.83E-04  0.00E+00  0.00E+00  0.00E+00  0.00E+00
  28 4.54E-05  12175.9  1.03E-03  0.00E+00  0.00E+00  0.00E+00  0.00E+00
  29 5.35E-05  12178.5  1.36E-03  0.00E+00  0.00E+00  0.00E+00  0.00E+00
  30 6.31E-05  12182.0  1.80E-03  0.00E+00  0.00E+00  0.00E+00  0.00E+00
  31 7.44E-05  12186.7  2.36E-03  0.00E+00  0.00E+00  0.00E+00  0.00E+00
  32 8.78E-05  12192.8  3.09E-03  1.37E-01  0.00E+00  0.00E+00  0.00E+00
  33 1.04E-04  12200.8  4.04E-03  1.31E-01  0.00E+00  0.00E+00  0.00E+00
  34 1.23E-04  12211.4  5.27E-03  1.25E-01  0.00E+00  0.00E+00  0.00E+00
  35 1.45E-04  12225.3  6.85E-03  1.20E-01  0.00E+00  0.00E+00  0.00E+00
  36 1.72E-04  12243.6  8.87E-03  1.16E-01  0.00E+00  0.00E+00  0.00E+00
  37 2.04E-04  12267.4  1.14E-02  1.12E-01  0.00E+00  0.00E+00  0.00E+00
  38 2.43E-04  12298.5  1.47E-02  1.09E-01  0.00E+00  0.00E+00  0.00E+00
  39 2.90E-04  12338.9  1.88E-02  1.07E-01  0.00E+00  0.00E+00  0.00E+00
  40 3.46E-04  12391.2  2.39E-02  1.05E-01  0.00E+00  0.00E+00  0.00E+00
  41 4.15E-04  12458.6  3.02E-02  1.04E-01  0.00E+00  0.00E+00  0.00E+00
  42 4.98E-04  12545.1  3.80E-02  1.03E-01  0.00E+00  0.00E+00  0.00E+00
  43 5.99E-04  12655.6  4.74E-02  1.03E-01  0.00E+00  0.00E+00  0.00E+00
  44 7.23E-04  12796.0  5.88E-02  1.03E-01  0.00E+00  0.00E+00  0.00E+00
  45 8.75E-04  12973.1  7.24E-02  1.05E-01  0.00E+00  0.00E+00  0.00E+00
  46 1.06E-03  13195.1  8.81E-02  1.07E-01  0.00E+00  0.00E+00  0.00E+00
  47 1.29E-03  13471.3  1.06E-01  1.10E-01  0.00E+00  0.00E+00  0.00E+00
  48 1.58E-03  13811.9  1.25E-01  1.15E-01  1.24E-08  0.00E+00  1.24E-08
  49 1.94E-03  14228.6  1.45E-01  1.22E-01  6.03E-08  0.00E+00  6.03E-08
  50 2.40E-03  14733.5  1.64E-01  1.31E-01  6.12E-08  0.00E+00  6.12E-08
  51 3.00E-03  15338.7  1.80E-01  1.45E-01  2.62E-08  0.00E+00  2.62E-08
  52 3.80E-03  16056.2  1.94E-01  1.65E-01  4.73E-09  0.00E+00  4.73E-09
  53 4.88E-03  16897.5  2.04E-01  1.91E-01  1.41E-10  0.00E+00  1.41E-10
  54 6.36E-03  17874.5  2.12E-01  2.24E-01  0.00E+00  0.00E+00  0.00E+00
  55 8.40E-03  18995.4  2.18E-01  2.60E-01  0.00E+00  0.00E+00  0.00E+00
  56 1.12E-02  20267.7  2.24E-01  2.96E-01  0.00E+00  0.00E+00  0.00E+00
  57 1.51E-02  21697.4  2.31E-01  3.27E-01  0.00E+00  0.00E+00  0.00E+00
  58 2.03E-02  23290.5  2.39E-01  3.51E-01  0.00E+00  0.00E+00  0.00E+00
  59 2.72E-02  25053.0  2.48E-01  3.68E-01  0.00E+00  0.00E+00  0.00E+00
  60 3.64E-02  26992.4  2.57E-01  3.79E-01  0.00E+00  0.00E+00  0.00E+00
  61 4.84E-02  29117.3  2.67E-01  3.87E-01  0.00E+00  0.00E+00  0.00E+00
  62 6.39E-02  31438.3  2.76E-01  3.91E-01  0.00E+00  0.00E+00  0.00E+00
  63 8.40E-02  33967.3  2.82E-01  3.94E-01  0.00E+00  0.00E+00  0.00E+00
  64 1.10E-01  36718.2  2.86E-01  3.96E-01  0.00E+00  0.00E+00  0.00E+00
  65 1.46E-01  39706.5  2.82E-01  3.97E-01  0.00E+00  0.00E+00  0.00E+00
  66 1.95E-01  42949.8  2.71E-01  3.98E-01  0.00E+00  0.00E+00  0.00E+00
  67 2.65E-01  46467.2  2.54E-01  3.99E-01  0.00E+00  0.00E+00  0.00E+00
  68 3.71E-01  50280.0  2.35E-01  3.99E-01  0.00E+00  0.00E+00  0.00E+00
  69 5.32E-01  54411.4  2.19E-01  3.99E-01  0.00E+00  0.00E+00  0.00E+00
  70 7.79E-01  58886.9  2.07E-01  3.99E-01  0.00E+00  0.00E+00  0.00E+00

convective zone between depths (inclusive)  48  53


 CONVECTIVE FLUX: AT CONTMP, ITER= 3

 conout imod,iprin           1           2


  ID    DM        TEMP      DELTA  DELTA(AD)  CON/TOT  RAD/TOT  (C+R)/TOT


   1 6.71E-08  12167.9  0.00E+00  0.00E+00  0.00E+00  0.00E+00  0.00E+00
   2 9.19E-08  12167.9  5.96E-06  0.00E+00  0.00E+00  0.00E+00  0.00E+00
   3 1.25E-07  12167.9  6.10E-06  0.00E+00  0.00E+00  0.00E+00  0.00E+00
   4 1.69E-07  12167.9  6.30E-06  0.00E+00  0.00E+00  0.00E+00  0.00E+00
   5 2.28E-07  12167.9  6.59E-06  0.00E+00  0.00E+00  0.00E+00  0.00E+00
   6 3.04E-07  12167.9  6.99E-06  0.00E+00  0.00E+00  0.00E+00  0.00E+00
   7 4.04E-07  12167.9  7.53E-06  0.00E+00  0.00E+00  0.00E+00  0.00E+00
   8 5.34E-07  12167.9  8.26E-06  0.00E+00  0.00E+00  0.00E+00  0.00E+00
   9 7.01E-07  12168.0  9.22E-06  0.00E+00  0.00E+00  0.00E+00  0.00E+00
  10 9.13E-07  12168.0  1.05E-05  0.00E+00  0.00E+00  0.00E+00  0.00E+00
  11 1.18E-06  12168.0  1.22E-05  0.00E+00  0.00E+00  0.00E+00  0.00E+00
  12 1.52E-06  12168.0  1.45E-05  0.00E+00  0.00E+00  0.00E+00  0.00E+00
  13 1.94E-06  12168.0  1.75E-05  0.00E+00  0.00E+00  0.00E+00  0.00E+00
  14 2.46E-06  12168.1  2.16E-05  0.00E+00  0.00E+00  0.00E+00  0.00E+00
  15 3.09E-06  12168.1  2.70E-05  0.00E+00  0.00E+00  0.00E+00  0.00E+00
  16 3.87E-06  12168.2  3.43E-05  0.00E+00  0.00E+00  0.00E+00  0.00E+00
  17 4.82E-06  12168.2  4.40E-05  0.00E+00  0.00E+00  0.00E+00  0.00E+00
  18 5.97E-06  12168.4  5.71E-05  0.00E+00  0.00E+00  0.00E+00  0.00E+00
  19 7.35E-06  12168.5  7.46E-05  0.00E+00  0.00E+00  0.00E+00  0.00E+00
  20 9.01E-06  12168.7  9.82E-05  0.00E+00  0.00E+00  0.00E+00  0.00E+00
  21 1.10E-05  12169.0  1.30E-04  0.00E+00  0.00E+00  0.00E+00  0.00E+00
  22 1.34E-05  12169.3  1.72E-04  0.00E+00  0.00E+00  0.00E+00  0.00E+00
  23 1.62E-05  12169.8  2.29E-04  0.00E+00  0.00E+00  0.00E+00  0.00E+00
  24 1.95E-05  12170.4  3.04E-04  0.00E+00  0.00E+00  0.00E+00  0.00E+00
  25 2.35E-05  12171.3  4.06E-04  0.00E+00  0.00E+00  0.00E+00  0.00E+00
  26 2.82E-05  12172.4  5.40E-04  0.00E+00  0.00E+00  0.00E+00  0.00E+00
  27 3.38E-05  12173.9  7.19E-04  0.00E+00  0.00E+00  0.00E+00  0.00E+00
  28 4.05E-05  12175.9  9.56E-04  0.00E+00  0.00E+00  0.00E+00  0.00E+00
  29 4.83E-05  12178.5  1.27E-03  0.00E+00  0.00E+00  0.00E+00  0.00E+00
  30 5.77E-05  12182.0  1.68E-03  0.00E+00  0.00E+00  0.00E+00  0.00E+00
  31 6.87E-05  12186.7  2.22E-03  0.00E+00  0.00E+00  0.00E+00  0.00E+00
  32 8.19E-05  12192.8  2.93E-03  1.40E-01  0.00E+00  0.00E+00  0.00E+00
  33 9.75E-05  12200.8  3.85E-03  1.33E-01  0.00E+00  0.00E+00  0.00E+00
  34 1.16E-04  12211.4  5.05E-03  1.27E-01  0.00E+00  0.00E+00  0.00E+00
  35 1.38E-04  12225.3  6.59E-03  1.22E-01  0.00E+00  0.00E+00  0.00E+00
  36 1.65E-04  12243.6  8.57E-03  1.17E-01  0.00E+00  0.00E+00  0.00E+00
  37 1.97E-04  12267.4  1.11E-02  1.13E-01  0.00E+00  0.00E+00  0.00E+00
  38 2.35E-04  12298.5  1.43E-02  1.10E-01  0.00E+00  0.00E+00  0.00E+00
  39 2.82E-04  12338.9  1.83E-02  1.07E-01  0.00E+00  0.00E+00  0.00E+00
  40 3.38E-04  12391.2  2.34E-02  1.05E-01  0.00E+00  0.00E+00  0.00E+00
  41 4.06E-04  12458.6  2.97E-02  1.04E-01  0.00E+00  0.00E+00  0.00E+00
  42 4.89E-04  12545.1  3.74E-02  1.03E-01  0.00E+00  0.00E+00  0.00E+00
  43 5.90E-04  12655.6  4.68E-02  1.03E-01  0.00E+00  0.00E+00  0.00E+00
  44 7.14E-04  12796.0  5.82E-02  1.04E-01  0.00E+00  0.00E+00  0.00E+00
  45 8.65E-04  12973.1  7.17E-02  1.05E-01  0.00E+00  0.00E+00  0.00E+00
  46 1.05E-03  13195.1  8.74E-02  1.07E-01  0.00E+00  0.00E+00  0.00E+00
  47 1.28E-03  13471.3  1.05E-01  1.10E-01  0.00E+00  0.00E+00  0.00E+00
  48 1.57E-03  13814.3  1.25E-01  1.15E-01  1.15E-08  0.00E+00  1.15E-08
  49 1.93E-03  14233.4  1.45E-01  1.22E-01  5.64E-08  0.00E+00  5.64E-08
  50 2.39E-03  14740.7  1.64E-01  1.32E-01  5.68E-08  0.00E+00  5.68E-08
  51 2.99E-03  15348.2  1.80E-01  1.46E-01  2.39E-08  0.00E+00  2.39E-08
  52 3.78E-03  16068.2  1.94E-01  1.66E-01  4.18E-09  0.00E+00  4.18E-09
  53 4.86E-03  16911.9  2.04E-01  1.92E-01  1.09E-10  0.00E+00  1.09E-10
  54 6.34E-03  17888.8  2.11E-01  2.25E-01  0.00E+00  0.00E+00  0.00E+00
  55 8.38E-03  19009.8  2.18E-01  2.61E-01  0.00E+00  0.00E+00  0.00E+00
  56 1.12E-02  20282.0  2.24E-01  2.96E-01  0.00E+00  0.00E+00  0.00E+00
  57 1.50E-02  21711.8  2.31E-01  3.27E-01  0.00E+00  0.00E+00  0.00E+00
  58 2.02E-02  23304.8  2.39E-01  3.51E-01  0.00E+00  0.00E+00  0.00E+00
  59 2.72E-02  25067.4  2.47E-01  3.68E-01  0.00E+00  0.00E+00  0.00E+00
  60 3.63E-02  27006.7  2.57E-01  3.79E-01  0.00E+00  0.00E+00  0.00E+00
  61 4.83E-02  29131.7  2.66E-01  3.87E-01  0.00E+00  0.00E+00  0.00E+00
  62 6.38E-02  31452.6  2.75E-01  3.91E-01  0.00E+00  0.00E+00  0.00E+00
  63 8.39E-02  33981.7  2.82E-01  3.94E-01  0.00E+00  0.00E+00  0.00E+00
  64 1.10E-01  36732.5  2.85E-01  3.96E-01  0.00E+00  0.00E+00  0.00E+00
  65 1.45E-01  39720.9  2.82E-01  3.97E-01  0.00E+00  0.00E+00  0.00E+00
  66 1.94E-01  42964.2  2.71E-01  3.98E-01  0.00E+00  0.00E+00  0.00E+00
  67 2.65E-01  46481.6  2.54E-01  3.99E-01  0.00E+00  0.00E+00  0.00E+00
  68 3.70E-01  50294.4  2.35E-01  3.99E-01  0.00E+00  0.00E+00  0.00E+00
  69 5.32E-01  54425.8  2.19E-01  3.99E-01  0.00E+00  0.00E+00  0.00E+00
  70 7.79E-01  58901.3  2.07E-01  3.99E-01  0.00E+00  0.00E+00  0.00E+00

convective zone between depths (inclusive)  48  53


 CONVECTIVE FLUX: AT CONTMP, ITER= 4

 conout imod,iprin           1           2


  ID    DM        TEMP      DELTA  DELTA(AD)  CON/TOT  RAD/TOT  (C+R)/TOT


   1 6.99E-08  12167.9  0.00E+00  0.00E+00  0.00E+00  0.00E+00  0.00E+00
   2 9.59E-08  12167.9  5.70E-06  0.00E+00  0.00E+00  0.00E+00  0.00E+00
   3 1.31E-07  12167.9  5.75E-06  0.00E+00  0.00E+00  0.00E+00  0.00E+00
   4 1.79E-07  12167.9  5.85E-06  0.00E+00  0.00E+00  0.00E+00  0.00E+00
   5 2.43E-07  12167.9  6.03E-06  0.00E+00  0.00E+00  0.00E+00  0.00E+00
   6 3.29E-07  12167.9  6.30E-06  0.00E+00  0.00E+00  0.00E+00  0.00E+00
   7 4.44E-07  12167.9  6.69E-06  0.00E+00  0.00E+00  0.00E+00  0.00E+00
   8 5.94E-07  12167.9  7.26E-06  0.00E+00  0.00E+00  0.00E+00  0.00E+00
   9 7.91E-07  12168.0  8.06E-06  0.00E+00  0.00E+00  0.00E+00  0.00E+00
  10 1.04E-06  12168.0  9.18E-06  0.00E+00  0.00E+00  0.00E+00  0.00E+00
  11 1.37E-06  12168.0  1.07E-05  0.00E+00  0.00E+00  0.00E+00  0.00E+00
  12 1.77E-06  12168.0  1.29E-05  0.00E+00  0.00E+00  0.00E+00  0.00E+00
  13 2.28E-06  12168.0  1.58E-05  0.00E+00  0.00E+00  0.00E+00  0.00E+00
  14 2.90E-06  12168.1  1.98E-05  0.00E+00  0.00E+00  0.00E+00  0.00E+00
  15 3.66E-06  12168.1  2.53E-05  0.00E+00  0.00E+00  0.00E+00  0.00E+00
  16 4.57E-06  12168.2  3.27E-05  0.00E+00  0.00E+00  0.00E+00  0.00E+00
  17 5.67E-06  12168.2  4.28E-05  0.00E+00  0.00E+00  0.00E+00  0.00E+00
  18 6.98E-06  12168.4  5.65E-05  0.00E+00  0.00E+00  0.00E+00  0.00E+00
  19 8.53E-06  12168.5  7.49E-05  0.00E+00  0.00E+00  0.00E+00  0.00E+00
  20 1.04E-05  12168.7  9.96E-05  0.00E+00  0.00E+00  0.00E+00  0.00E+00
  21 1.26E-05  12169.0  1.33E-04  0.00E+00  0.00E+00  0.00E+00  0.00E+00
  22 1.51E-05  12169.3  1.77E-04  0.00E+00  0.00E+00  0.00E+00  0.00E+00
  23 1.82E-05  12169.8  2.37E-04  0.00E+00  0.00E+00  0.00E+00  0.00E+00
  24 2.17E-05  12170.4  3.17E-04  0.00E+00  0.00E+00  0.00E+00  0.00E+00
  25 2.59E-05  12171.3  4.22E-04  0.00E+00  0.00E+00  0.00E+00  0.00E+00
  26 3.09E-05  12172.4  5.63E-04  0.00E+00  0.00E+00  0.00E+00  0.00E+00
  27 3.67E-05  12173.9  7.49E-04  0.00E+00  0.00E+00  0.00E+00  0.00E+00
  28 4.36E-05  12175.9  9.95E-04  0.00E+00  0.00E+00  0.00E+00  0.00E+00
  29 5.17E-05  12178.5  1.32E-03  0.00E+00  0.00E+00  0.00E+00  0.00E+00
  30 6.12E-05  12182.0  1.74E-03  0.00E+00  0.00E+00  0.00E+00  0.00E+00
  31 7.25E-05  12186.7  2.30E-03  0.00E+00  0.00E+00  0.00E+00  0.00E+00
  32 8.59E-05  12192.8  3.03E-03  1.38E-01  0.00E+00  0.00E+00  0.00E+00
  33 1.02E-04  12200.8  3.97E-03  1.31E-01  0.00E+00  0.00E+00  0.00E+00
  34 1.21E-04  12211.4  5.19E-03  1.25E-01  0.00E+00  0.00E+00  0.00E+00
  35 1.43E-04  12225.3  6.76E-03  1.20E-01  0.00E+00  0.00E+00  0.00E+00
  36 1.70E-04  12243.6  8.77E-03  1.16E-01  0.00E+00  0.00E+00  0.00E+00
  37 2.02E-04  12267.4  1.13E-02  1.12E-01  0.00E+00  0.00E+00  0.00E+00
  38 2.41E-04  12298.5  1.46E-02  1.09E-01  0.00E+00  0.00E+00  0.00E+00
  39 2.88E-04  12338.9  1.86E-02  1.07E-01  0.00E+00  0.00E+00  0.00E+00
  40 3.44E-04  12391.2  2.37E-02  1.05E-01  0.00E+00  0.00E+00  0.00E+00
  41 4.12E-04  12458.6  3.00E-02  1.04E-01  0.00E+00  0.00E+00  0.00E+00
  42 4.96E-04  12545.1  3.78E-02  1.03E-01  0.00E+00  0.00E+00  0.00E+00
  43 5.97E-04  12655.6  4.73E-02  1.03E-01  0.00E+00  0.00E+00  0.00E+00
  44 7.21E-04  12796.0  5.87E-02  1.03E-01  0.00E+00  0.00E+00  0.00E+00
  45 8.72E-04  12973.1  7.22E-02  1.05E-01  0.00E+00  0.00E+00  0.00E+00
  46 1.06E-03  13195.1  8.79E-02  1.07E-01  0.00E+00  0.00E+00  0.00E+00
  47 1.29E-03  13471.3  1.06E-01  1.10E-01  0.00E+00  0.00E+00  0.00E+00
  48 1.57E-03  13812.8  1.25E-01  1.15E-01  1.22E-08  0.00E+00  1.22E-08
  49 1.93E-03  14230.4  1.45E-01  1.22E-01  5.93E-08  0.00E+00  5.93E-08
  50 2.40E-03  14736.4  1.64E-01  1.31E-01  6.01E-08  0.00E+00  6.01E-08
  51 3.00E-03  15342.8  1.80E-01  1.46E-01  2.55E-08  0.00E+00  2.55E-08
  52 3.80E-03  16061.9  1.94E-01  1.65E-01  4.56E-09  0.00E+00  4.56E-09
  53 4.88E-03  16904.9  2.04E-01  1.92E-01  1.29E-10  0.00E+00  1.29E-10
  54 6.36E-03  17881.9  2.12E-01  2.24E-01  0.00E+00  0.00E+00  0.00E+00
  55 8.41E-03  19002.8  2.18E-01  2.60E-01  0.00E+00  0.00E+00  0.00E+00
  56 1.12E-02  20275.0  2.24E-01  2.96E-01  0.00E+00  0.00E+00  0.00E+00
  57 1.51E-02  21704.8  2.31E-01  3.27E-01  0.00E+00  0.00E+00  0.00E+00
  58 2.03E-02  23297.9  2.39E-01  3.51E-01  0.00E+00  0.00E+00  0.00E+00
  59 2.72E-02  25060.4  2.48E-01  3.68E-01  0.00E+00  0.00E+00  0.00E+00
  60 3.64E-02  26999.8  2.57E-01  3.79E-01  0.00E+00  0.00E+00  0.00E+00
  61 4.84E-02  29124.7  2.67E-01  3.87E-01  0.00E+00  0.00E+00  0.00E+00
  62 6.39E-02  31445.7  2.76E-01  3.91E-01  0.00E+00  0.00E+00  0.00E+00
  63 8.40E-02  33974.7  2.83E-01  3.94E-01  0.00E+00  0.00E+00  0.00E+00
  64 1.10E-01  36725.6  2.85E-01  3.96E-01  0.00E+00  0.00E+00  0.00E+00
  65 1.46E-01  39713.9  2.82E-01  3.97E-01  0.00E+00  0.00E+00  0.00E+00
  66 1.95E-01  42957.2  2.71E-01  3.98E-01  0.00E+00  0.00E+00  0.00E+00
  67 2.65E-01  46474.6  2.54E-01  3.99E-01  0.00E+00  0.00E+00  0.00E+00
  68 3.71E-01  50287.4  2.35E-01  3.99E-01  0.00E+00  0.00E+00  0.00E+00
  69 5.32E-01  54418.8  2.19E-01  3.99E-01  0.00E+00  0.00E+00  0.00E+00
  70 7.80E-01  58894.3  2.07E-01  3.99E-01  0.00E+00  0.00E+00  0.00E+00

convective zone between depths (inclusive)  48  53


 CONVECTIVE FLUX: AT CONTMP, ITER= 5

 conout imod,iprin           1           2


  ID    DM        TEMP      DELTA  DELTA(AD)  CON/TOT  RAD/TOT  (C+R)/TOT


   1 6.99E-08  12167.9  0.00E+00  0.00E+00  0.00E+00  0.00E+00  0.00E+00
   2 9.59E-08  12167.9  5.70E-06  0.00E+00  0.00E+00  0.00E+00  0.00E+00
   3 1.31E-07  12167.9  5.75E-06  0.00E+00  0.00E+00  0.00E+00  0.00E+00
   4 1.79E-07  12167.9  5.85E-06  0.00E+00  0.00E+00  0.00E+00  0.00E+00
   5 2.43E-07  12167.9  6.03E-06  0.00E+00  0.00E+00  0.00E+00  0.00E+00
   6 3.29E-07  12167.9  6.30E-06  0.00E+00  0.00E+00  0.00E+00  0.00E+00
   7 4.44E-07  12167.9  6.69E-06  0.00E+00  0.00E+00  0.00E+00  0.00E+00
   8 5.94E-07  12167.9  7.26E-06  0.00E+00  0.00E+00  0.00E+00  0.00E+00
   9 7.91E-07  12168.0  8.06E-06  0.00E+00  0.00E+00  0.00E+00  0.00E+00
  10 1.04E-06  12168.0  9.18E-06  0.00E+00  0.00E+00  0.00E+00  0.00E+00
  11 1.37E-06  12168.0  1.07E-05  0.00E+00  0.00E+00  0.00E+00  0.00E+00
  12 1.78E-06  12168.0  1.29E-05  0.00E+00  0.00E+00  0.00E+00  0.00E+00
  13 2.28E-06  12168.0  1.58E-05  0.00E+00  0.00E+00  0.00E+00  0.00E+00
  14 2.91E-06  12168.1  1.98E-05  0.00E+00  0.00E+00  0.00E+00  0.00E+00
  15 3.66E-06  12168.1  2.52E-05  0.00E+00  0.00E+00  0.00E+00  0.00E+00
  16 4.58E-06  12168.2  3.26E-05  0.00E+00  0.00E+00  0.00E+00  0.00E+00
  17 5.69E-06  12168.2  4.27E-05  0.00E+00  0.00E+00  0.00E+00  0.00E+00
  18 7.00E-06  12168.4  5.63E-05  0.00E+00  0.00E+00  0.00E+00  0.00E+00
  19 8.57E-06  12168.5  7.47E-05  0.00E+00  0.00E+00  0.00E+00  0.00E+00
  20 1.04E-05  12168.7  9.95E-05  0.00E+00  0.00E+00  0.00E+00  0.00E+00
  21 1.26E-05  12169.0  1.33E-04  0.00E+00  0.00E+00  0.00E+00  0.00E+00
  22 1.52E-05  12169.3  1.77E-04  0.00E+00  0.00E+00  0.00E+00  0.00E+00
  23 1.82E-05  12169.8  2.37E-04  0.00E+00  0.00E+00  0.00E+00  0.00E+00
  24 2.18E-05  12170.4  3.17E-04  0.00E+00  0.00E+00  0.00E+00  0.00E+00
  25 2.60E-05  12171.3  4.23E-04  0.00E+00  0.00E+00  0.00E+00  0.00E+00
  26 3.10E-05  12172.4  5.63E-04  0.00E+00  0.00E+00  0.00E+00  0.00E+00
  27 3.69E-05  12173.9  7.50E-04  0.00E+00  0.00E+00  0.00E+00  0.00E+00
  28 4.37E-05  12175.9  9.96E-04  0.00E+00  0.00E+00  0.00E+00  0.00E+00
  29 5.18E-05  12178.5  1.32E-03  0.00E+00  0.00E+00  0.00E+00  0.00E+00
  30 6.14E-05  12182.0  1.75E-03  0.00E+00  0.00E+00  0.00E+00  0.00E+00
  31 7.27E-05  12186.7  2.30E-03  0.00E+00  0.00E+00  0.00E+00  0.00E+00
  32 8.61E-05  12192.8  3.03E-03  1.38E-01  0.00E+00  0.00E+00  0.00E+00
  33 1.02E-04  12200.8  3.98E-03  1.31E-01  0.00E+00  0.00E+00  0.00E+00
  34 1.21E-04  12211.4  5.20E-03  1.25E-01  0.00E+00  0.00E+00  0.00E+00
  35 1.43E-04  12225.3  6.77E-03  1.20E-01  0.00E+00  0.00E+00  0.00E+00
  36 1.70E-04  12243.6  8.78E-03  1.16E-01  0.00E+00  0.00E+00  0.00E+00
  37 2.02E-04  12267.4  1.13E-02  1.12E-01  0.00E+00  0.00E+00  0.00E+00
  38 2.41E-04  12298.5  1.46E-02  1.09E-01  0.00E+00  0.00E+00  0.00E+00
  39 2.88E-04  12338.9  1.86E-02  1.07E-01  0.00E+00  0.00E+00  0.00E+00
  40 3.44E-04  12391.2  2.37E-02  1.05E-01  0.00E+00  0.00E+00  0.00E+00
  41 4.13E-04  12458.6  3.00E-02  1.04E-01  0.00E+00  0.00E+00  0.00E+00
  42 4.96E-04  12545.1  3.78E-02  1.03E-01  0.00E+00  0.00E+00  0.00E+00
  43 5.98E-04  12655.6  4.73E-02  1.03E-01  0.00E+00  0.00E+00  0.00E+00
  44 7.21E-04  12796.0  5.87E-02  1.03E-01  0.00E+00  0.00E+00  0.00E+00
  45 8.73E-04  12973.1  7.22E-02  1.05E-01  0.00E+00  0.00E+00  0.00E+00
  46 1.06E-03  13195.1  8.79E-02  1.07E-01  0.00E+00  0.00E+00  0.00E+00
  47 1.29E-03  13471.3  1.06E-01  1.10E-01  0.00E+00  0.00E+00  0.00E+00
  48 1.58E-03  13812.7  1.25E-01  1.15E-01  1.23E-08  0.00E+00  1.23E-08
  49 1.94E-03  14230.0  1.45E-01  1.22E-01  5.96E-08  0.00E+00  5.96E-08
  50 2.40E-03  14735.5  1.64E-01  1.31E-01  6.04E-08  0.00E+00  6.04E-08
  51 3.00E-03  15341.3  1.80E-01  1.46E-01  2.57E-08  0.00E+00  2.57E-08
  52 3.80E-03  16059.4  1.94E-01  1.65E-01  4.62E-09  0.00E+00  4.62E-09
  53 4.88E-03  16901.4  2.04E-01  1.91E-01  1.34E-10  0.00E+00  1.34E-10
  54 6.36E-03  17878.4  2.12E-01  2.24E-01  0.00E+00  0.00E+00  0.00E+00
  55 8.40E-03  18999.3  2.18E-01  2.60E-01  0.00E+00  0.00E+00  0.00E+00
  56 1.12E-02  20271.5  2.24E-01  2.96E-01  0.00E+00  0.00E+00  0.00E+00
  57 1.51E-02  21701.3  2.31E-01  3.27E-01  0.00E+00  0.00E+00  0.00E+00
  58 2.03E-02  23294.4  2.39E-01  3.51E-01  0.00E+00  0.00E+00  0.00E+00
  59 2.72E-02  25056.9  2.48E-01  3.68E-01  0.00E+00  0.00E+00  0.00E+00
  60 3.64E-02  26996.3  2.57E-01  3.79E-01  0.00E+00  0.00E+00  0.00E+00
  61 4.83E-02  29121.2  2.67E-01  3.87E-01  0.00E+00  0.00E+00  0.00E+00
  62 6.38E-02  31442.2  2.76E-01  3.91E-01  0.00E+00  0.00E+00  0.00E+00
  63 8.39E-02  33971.2  2.83E-01  3.94E-01  0.00E+00  0.00E+00  0.00E+00
  64 1.10E-01  36722.1  2.85E-01  3.96E-01  0.00E+00  0.00E+00  0.00E+00
  65 1.46E-01  39710.4  2.82E-01  3.97E-01  0.00E+00  0.00E+00  0.00E+00
  66 1.94E-01  42953.7  2.71E-01  3.98E-01  0.00E+00  0.00E+00  0.00E+00
  67 2.65E-01  46471.1  2.54E-01  3.99E-01  0.00E+00  0.00E+00  0.00E+00
  68 3.71E-01  50283.9  2.35E-01  3.99E-01  0.00E+00  0.00E+00  0.00E+00
  69 5.32E-01  54415.3  2.19E-01  3.99E-01  0.00E+00  0.00E+00  0.00E+00
  70 7.79E-01  58890.8  2.07E-01  3.99E-01  0.00E+00  0.00E+00  0.00E+00

convective zone between depths (inclusive)  48  53


 CONVECTIVE FLUX: AT CONTMP, ITER= 6

 conout imod,iprin           1           2


  ID    DM        TEMP      DELTA  DELTA(AD)  CON/TOT  RAD/TOT  (C+R)/TOT


   1 6.99E-08  12167.9  0.00E+00  0.00E+00  0.00E+00  0.00E+00  0.00E+00
   2 9.59E-08  12167.9  5.70E-06  0.00E+00  0.00E+00  0.00E+00  0.00E+00
   3 1.31E-07  12167.9  5.75E-06  0.00E+00  0.00E+00  0.00E+00  0.00E+00
   4 1.79E-07  12167.9  5.85E-06  0.00E+00  0.00E+00  0.00E+00  0.00E+00
   5 2.43E-07  12167.9  6.03E-06  0.00E+00  0.00E+00  0.00E+00  0.00E+00
   6 3.29E-07  12167.9  6.30E-06  0.00E+00  0.00E+00  0.00E+00  0.00E+00
   7 4.44E-07  12167.9  6.69E-06  0.00E+00  0.00E+00  0.00E+00  0.00E+00
   8 5.94E-07  12167.9  7.26E-06  0.00E+00  0.00E+00  0.00E+00  0.00E+00
   9 7.91E-07  12168.0  8.06E-06  0.00E+00  0.00E+00  0.00E+00  0.00E+00
  10 1.04E-06  12168.0  9.18E-06  0.00E+00  0.00E+00  0.00E+00  0.00E+00
  11 1.37E-06  12168.0  1.07E-05  0.00E+00  0.00E+00  0.00E+00  0.00E+00
  12 1.77E-06  12168.0  1.29E-05  0.00E+00  0.00E+00  0.00E+00  0.00E+00
  13 2.28E-06  12168.0  1.58E-05  0.00E+00  0.00E+00  0.00E+00  0.00E+00
  14 2.90E-06  12168.1  1.98E-05  0.00E+00  0.00E+00  0.00E+00  0.00E+00
  15 3.66E-06  12168.1  2.52E-05  0.00E+00  0.00E+00  0.00E+00  0.00E+00
  16 4.58E-06  12168.2  3.26E-05  0.00E+00  0.00E+00  0.00E+00  0.00E+00
  17 5.69E-06  12168.2  4.27E-05  0.00E+00  0.00E+00  0.00E+00  0.00E+00
  18 7.00E-06  12168.4  5.63E-05  0.00E+00  0.00E+00  0.00E+00  0.00E+00
  19 8.57E-06  12168.5  7.47E-05  0.00E+00  0.00E+00  0.00E+00  0.00E+00
  20 1.04E-05  12168.7  9.94E-05  0.00E+00  0.00E+00  0.00E+00  0.00E+00
  21 1.26E-05  12169.0  1.33E-04  0.00E+00  0.00E+00  0.00E+00  0.00E+00
  22 1.52E-05  12169.3  1.77E-04  0.00E+00  0.00E+00  0.00E+00  0.00E+00
  23 1.82E-05  12169.8  2.37E-04  0.00E+00  0.00E+00  0.00E+00  0.00E+00
  24 2.18E-05  12170.4  3.17E-04  0.00E+00  0.00E+00  0.00E+00  0.00E+00
  25 2.61E-05  12171.3  4.23E-04  0.00E+00  0.00E+00  0.00E+00  0.00E+00
  26 3.10E-05  12172.4  5.63E-04  0.00E+00  0.00E+00  0.00E+00  0.00E+00
  27 3.69E-05  12173.9  7.50E-04  0.00E+00  0.00E+00  0.00E+00  0.00E+00
  28 4.37E-05  12175.9  9.96E-04  0.00E+00  0.00E+00  0.00E+00  0.00E+00
  29 5.19E-05  12178.5  1.32E-03  0.00E+00  0.00E+00  0.00E+00  0.00E+00
  30 6.14E-05  12182.0  1.75E-03  0.00E+00  0.00E+00  0.00E+00  0.00E+00
  31 7.27E-05  12186.7  2.30E-03  0.00E+00  0.00E+00  0.00E+00  0.00E+00
  32 8.61E-05  12192.8  3.03E-03  1.38E-01  0.00E+00  0.00E+00  0.00E+00
  33 1.02E-04  12200.8  3.98E-03  1.31E-01  0.00E+00  0.00E+00  0.00E+00
  34 1.21E-04  12211.4  5.20E-03  1.25E-01  0.00E+00  0.00E+00  0.00E+00
  35 1.43E-04  12225.3  6.77E-03  1.20E-01  0.00E+00  0.00E+00  0.00E+00
  36 1.70E-04  12243.6  8.78E-03  1.16E-01  0.00E+00  0.00E+00  0.00E+00
  37 2.02E-04  12267.4  1.13E-02  1.12E-01  0.00E+00  0.00E+00  0.00E+00
  38 2.41E-04  12298.5  1.46E-02  1.09E-01  0.00E+00  0.00E+00  0.00E+00
  39 2.88E-04  12338.9  1.87E-02  1.07E-01  0.00E+00  0.00E+00  0.00E+00
  40 3.44E-04  12391.2  2.37E-02  1.05E-01  0.00E+00  0.00E+00  0.00E+00
  41 4.13E-04  12458.6  3.01E-02  1.04E-01  0.00E+00  0.00E+00  0.00E+00
  42 4.96E-04  12545.1  3.78E-02  1.03E-01  0.00E+00  0.00E+00  0.00E+00
  43 5.97E-04  12655.6  4.73E-02  1.03E-01  0.00E+00  0.00E+00  0.00E+00
  44 7.21E-04  12796.0  5.87E-02  1.03E-01  0.00E+00  0.00E+00  0.00E+00
  45 8.73E-04  12973.1  7.22E-02  1.05E-01  0.00E+00  0.00E+00  0.00E+00
  46 1.06E-03  13195.1  8.79E-02  1.07E-01  0.00E+00  0.00E+00  0.00E+00
  47 1.29E-03  13471.3  1.06E-01  1.10E-01  0.00E+00  0.00E+00  0.00E+00
  48 1.57E-03  13812.6  1.25E-01  1.15E-01  1.22E-08  0.00E+00  1.22E-08
  49 1.93E-03  14230.0  1.45E-01  1.22E-01  5.94E-08  0.00E+00  5.94E-08
  50 2.39E-03  14735.5  1.64E-01  1.31E-01  6.02E-08  0.00E+00  6.02E-08
  51 3.00E-03  15341.2  1.80E-01  1.46E-01  2.56E-08  0.00E+00  2.56E-08
  52 3.79E-03  16059.4  1.94E-01  1.65E-01  4.60E-09  0.00E+00  4.60E-09
  53 4.88E-03  16901.3  2.04E-01  1.91E-01  1.33E-10  0.00E+00  1.33E-10
  54 6.36E-03  17878.3  2.12E-01  2.24E-01  0.00E+00  0.00E+00  0.00E+00
  55 8.40E-03  18999.2  2.18E-01  2.60E-01  0.00E+00  0.00E+00  0.00E+00
  56 1.12E-02  20271.5  2.24E-01  2.96E-01  0.00E+00  0.00E+00  0.00E+00
  57 1.51E-02  21701.2  2.31E-01  3.27E-01  0.00E+00  0.00E+00  0.00E+00
  58 2.03E-02  23294.3  2.39E-01  3.51E-01  0.00E+00  0.00E+00  0.00E+00
  59 2.72E-02  25056.8  2.47E-01  3.68E-01  0.00E+00  0.00E+00  0.00E+00
  60 3.64E-02  26996.2  2.57E-01  3.79E-01  0.00E+00  0.00E+00  0.00E+00
  61 4.83E-02  29121.2  2.67E-01  3.87E-01  0.00E+00  0.00E+00  0.00E+00
  62 6.39E-02  31442.1  2.76E-01  3.91E-01  0.00E+00  0.00E+00  0.00E+00
  63 8.40E-02  33971.1  2.83E-01  3.94E-01  0.00E+00  0.00E+00  0.00E+00
  64 1.10E-01  36722.0  2.85E-01  3.96E-01  0.00E+00  0.00E+00  0.00E+00
  65 1.46E-01  39710.4  2.82E-01  3.97E-01  0.00E+00  0.00E+00  0.00E+00
  66 1.95E-01  42953.6  2.71E-01  3.98E-01  0.00E+00  0.00E+00  0.00E+00
  67 2.65E-01  46471.0  2.54E-01  3.99E-01  0.00E+00  0.00E+00  0.00E+00
  68 3.71E-01  50283.8  2.35E-01  3.99E-01  0.00E+00  0.00E+00  0.00E+00
  69 5.32E-01  54415.2  2.19E-01  3.99E-01  0.00E+00  0.00E+00  0.00E+00
  70 7.79E-01  58890.7  2.07E-01  3.99E-01  0.00E+00  0.00E+00  0.00E+00

convective zone between depths (inclusive)  48  53


 CONVECTIVE FLUX: AT CONTMP, ITER= 7

 conout imod,iprin           1           2


  ID    DM        TEMP      DELTA  DELTA(AD)  CON/TOT  RAD/TOT  (C+R)/TOT


   1 6.99E-08  12167.9  0.00E+00  0.00E+00  0.00E+00  0.00E+00  0.00E+00
   2 9.59E-08  12167.9  5.70E-06  0.00E+00  0.00E+00  0.00E+00  0.00E+00
   3 1.31E-07  12167.9  5.75E-06  0.00E+00  0.00E+00  0.00E+00  0.00E+00
   4 1.79E-07  12167.9  5.85E-06  0.00E+00  0.00E+00  0.00E+00  0.00E+00
   5 2.43E-07  12167.9  6.03E-06  0.00E+00  0.00E+00  0.00E+00  0.00E+00
   6 3.29E-07  12167.9  6.30E-06  0.00E+00  0.00E+00  0.00E+00  0.00E+00
   7 4.44E-07  12167.9  6.69E-06  0.00E+00  0.00E+00  0.00E+00  0.00E+00
   8 5.94E-07  12167.9  7.26E-06  0.00E+00  0.00E+00  0.00E+00  0.00E+00
   9 7.91E-07  12168.0  8.06E-06  0.00E+00  0.00E+00  0.00E+00  0.00E+00
  10 1.04E-06  12168.0  9.18E-06  0.00E+00  0.00E+00  0.00E+00  0.00E+00
  11 1.37E-06  12168.0  1.07E-05  0.00E+00  0.00E+00  0.00E+00  0.00E+00
  12 1.77E-06  12168.0  1.29E-05  0.00E+00  0.00E+00  0.00E+00  0.00E+00
  13 2.28E-06  12168.0  1.58E-05  0.00E+00  0.00E+00  0.00E+00  0.00E+00
  14 2.90E-06  12168.1  1.98E-05  0.00E+00  0.00E+00  0.00E+00  0.00E+00
  15 3.66E-06  12168.1  2.52E-05  0.00E+00  0.00E+00  0.00E+00  0.00E+00
  16 4.58E-06  12168.2  3.26E-05  0.00E+00  0.00E+00  0.00E+00  0.00E+00
  17 5.69E-06  12168.2  4.27E-05  0.00E+00  0.00E+00  0.00E+00  0.00E+00
  18 7.00E-06  12168.4  5.63E-05  0.00E+00  0.00E+00  0.00E+00  0.00E+00
  19 8.57E-06  12168.5  7.47E-05  0.00E+00  0.00E+00  0.00E+00  0.00E+00
  20 1.04E-05  12168.7  9.95E-05  0.00E+00  0.00E+00  0.00E+00  0.00E+00
  21 1.26E-05  12169.0  1.33E-04  0.00E+00  0.00E+00  0.00E+00  0.00E+00
  22 1.52E-05  12169.3  1.77E-04  0.00E+00  0.00E+00  0.00E+00  0.00E+00
  23 1.82E-05  12169.8  2.37E-04  0.00E+00  0.00E+00  0.00E+00  0.00E+00
  24 2.18E-05  12170.4  3.17E-04  0.00E+00  0.00E+00  0.00E+00  0.00E+00
  25 2.61E-05  12171.3  4.23E-04  0.00E+00  0.00E+00  0.00E+00  0.00E+00
  26 3.10E-05  12172.4  5.63E-04  0.00E+00  0.00E+00  0.00E+00  0.00E+00
  27 3.69E-05  12173.9  7.50E-04  0.00E+00  0.00E+00  0.00E+00  0.00E+00
  28 4.37E-05  12175.9  9.96E-04  0.00E+00  0.00E+00  0.00E+00  0.00E+00
  29 5.19E-05  12178.5  1.32E-03  0.00E+00  0.00E+00  0.00E+00  0.00E+00
  30 6.14E-05  12182.0  1.75E-03  0.00E+00  0.00E+00  0.00E+00  0.00E+00
  31 7.27E-05  12186.7  2.30E-03  0.00E+00  0.00E+00  0.00E+00  0.00E+00
  32 8.61E-05  12192.8  3.03E-03  1.38E-01  0.00E+00  0.00E+00  0.00E+00
  33 1.02E-04  12200.8  3.98E-03  1.31E-01  0.00E+00  0.00E+00  0.00E+00
  34 1.21E-04  12211.4  5.20E-03  1.25E-01  0.00E+00  0.00E+00  0.00E+00
  35 1.43E-04  12225.3  6.77E-03  1.20E-01  0.00E+00  0.00E+00  0.00E+00
  36 1.70E-04  12243.6  8.78E-03  1.16E-01  0.00E+00  0.00E+00  0.00E+00
  37 2.02E-04  12267.4  1.13E-02  1.12E-01  0.00E+00  0.00E+00  0.00E+00
  38 2.41E-04  12298.5  1.46E-02  1.09E-01  0.00E+00  0.00E+00  0.00E+00
  39 2.88E-04  12338.9  1.87E-02  1.07E-01  0.00E+00  0.00E+00  0.00E+00
  40 3.44E-04  12391.2  2.37E-02  1.05E-01  0.00E+00  0.00E+00  0.00E+00
  41 4.13E-04  12458.6  3.01E-02  1.04E-01  0.00E+00  0.00E+00  0.00E+00
  42 4.96E-04  12545.1  3.78E-02  1.03E-01  0.00E+00  0.00E+00  0.00E+00
  43 5.97E-04  12655.6  4.73E-02  1.03E-01  0.00E+00  0.00E+00  0.00E+00
  44 7.21E-04  12796.0  5.87E-02  1.03E-01  0.00E+00  0.00E+00  0.00E+00
  45 8.73E-04  12973.1  7.22E-02  1.05E-01  0.00E+00  0.00E+00  0.00E+00
  46 1.06E-03  13195.1  8.79E-02  1.07E-01  0.00E+00  0.00E+00  0.00E+00
  47 1.29E-03  13471.3  1.06E-01  1.10E-01  0.00E+00  0.00E+00  0.00E+00
  48 1.57E-03  13812.7  1.25E-01  1.15E-01  1.22E-08  0.00E+00  1.22E-08
  49 1.93E-03  14230.1  1.45E-01  1.22E-01  5.95E-08  0.00E+00  5.95E-08
  50 2.40E-03  14735.7  1.64E-01  1.31E-01  6.02E-08  0.00E+00  6.02E-08
  51 3.00E-03  15341.5  1.80E-01  1.46E-01  2.56E-08  0.00E+00  2.56E-08
  52 3.80E-03  16059.8  1.94E-01  1.65E-01  4.60E-09  0.00E+00  4.60E-09
  53 4.88E-03  16901.8  2.04E-01  1.91E-01  1.33E-10  0.00E+00  1.33E-10
  54 6.36E-03  17878.8  2.12E-01  2.24E-01  0.00E+00  0.00E+00  0.00E+00
  55 8.40E-03  18999.7  2.18E-01  2.60E-01  0.00E+00  0.00E+00  0.00E+00
  56 1.12E-02  20272.0  2.24E-01  2.96E-01  0.00E+00  0.00E+00  0.00E+00
  57 1.51E-02  21701.8  2.31E-01  3.27E-01  0.00E+00  0.00E+00  0.00E+00
  58 2.03E-02  23294.8  2.39E-01  3.51E-01  0.00E+00  0.00E+00  0.00E+00
  59 2.72E-02  25057.3  2.48E-01  3.68E-01  0.00E+00  0.00E+00  0.00E+00
  60 3.64E-02  26996.7  2.57E-01  3.79E-01  0.00E+00  0.00E+00  0.00E+00
  61 4.83E-02  29121.7  2.67E-01  3.87E-01  0.00E+00  0.00E+00  0.00E+00
  62 6.39E-02  31442.6  2.76E-01  3.91E-01  0.00E+00  0.00E+00  0.00E+00
  63 8.40E-02  33971.6  2.83E-01  3.94E-01  0.00E+00  0.00E+00  0.00E+00
  64 1.10E-01  36722.5  2.85E-01  3.96E-01  0.00E+00  0.00E+00  0.00E+00
  65 1.46E-01  39710.9  2.82E-01  3.97E-01  0.00E+00  0.00E+00  0.00E+00
  66 1.94E-01  42954.1  2.71E-01  3.98E-01  0.00E+00  0.00E+00  0.00E+00
  67 2.65E-01  46471.5  2.54E-01  3.99E-01  0.00E+00  0.00E+00  0.00E+00
  68 3.71E-01  50284.3  2.35E-01  3.99E-01  0.00E+00  0.00E+00  0.00E+00
  69 5.32E-01  54415.8  2.19E-01  3.99E-01  0.00E+00  0.00E+00  0.00E+00
  70 7.79E-01  58891.2  2.07E-01  3.99E-01  0.00E+00  0.00E+00  0.00E+00

convective zone between depths (inclusive)  48  53


 CONVECTIVE FLUX: AT CONTMP, ITER= 8

 conout imod,iprin           1           2


  ID    DM        TEMP      DELTA  DELTA(AD)  CON/TOT  RAD/TOT  (C+R)/TOT


   1 6.99E-08  12167.9  0.00E+00  0.00E+00  0.00E+00  0.00E+00  0.00E+00
   2 9.59E-08  12167.9  5.70E-06  0.00E+00  0.00E+00  0.00E+00  0.00E+00
   3 1.31E-07  12167.9  5.75E-06  0.00E+00  0.00E+00  0.00E+00  0.00E+00
   4 1.79E-07  12167.9  5.85E-06  0.00E+00  0.00E+00  0.00E+00  0.00E+00
   5 2.43E-07  12167.9  6.03E-06  0.00E+00  0.00E+00  0.00E+00  0.00E+00
   6 3.29E-07  12167.9  6.30E-06  0.00E+00  0.00E+00  0.00E+00  0.00E+00
   7 4.44E-07  12167.9  6.69E-06  0.00E+00  0.00E+00  0.00E+00  0.00E+00
   8 5.94E-07  12167.9  7.26E-06  0.00E+00  0.00E+00  0.00E+00  0.00E+00
   9 7.91E-07  12168.0  8.06E-06  0.00E+00  0.00E+00  0.00E+00  0.00E+00
  10 1.04E-06  12168.0  9.18E-06  0.00E+00  0.00E+00  0.00E+00  0.00E+00
  11 1.37E-06  12168.0  1.07E-05  0.00E+00  0.00E+00  0.00E+00  0.00E+00
  12 1.77E-06  12168.0  1.29E-05  0.00E+00  0.00E+00  0.00E+00  0.00E+00
  13 2.28E-06  12168.0  1.58E-05  0.00E+00  0.00E+00  0.00E+00  0.00E+00
  14 2.90E-06  12168.1  1.98E-05  0.00E+00  0.00E+00  0.00E+00  0.00E+00
  15 3.66E-06  12168.1  2.52E-05  0.00E+00  0.00E+00  0.00E+00  0.00E+00
  16 4.58E-06  12168.2  3.26E-05  0.00E+00  0.00E+00  0.00E+00  0.00E+00
  17 5.69E-06  12168.2  4.27E-05  0.00E+00  0.00E+00  0.00E+00  0.00E+00
  18 7.00E-06  12168.4  5.63E-05  0.00E+00  0.00E+00  0.00E+00  0.00E+00
  19 8.57E-06  12168.5  7.47E-05  0.00E+00  0.00E+00  0.00E+00  0.00E+00
  20 1.04E-05  12168.7  9.95E-05  0.00E+00  0.00E+00  0.00E+00  0.00E+00
  21 1.26E-05  12169.0  1.33E-04  0.00E+00  0.00E+00  0.00E+00  0.00E+00
  22 1.52E-05  12169.3  1.77E-04  0.00E+00  0.00E+00  0.00E+00  0.00E+00
  23 1.82E-05  12169.8  2.37E-04  0.00E+00  0.00E+00  0.00E+00  0.00E+00
  24 2.18E-05  12170.4  3.17E-04  0.00E+00  0.00E+00  0.00E+00  0.00E+00
  25 2.61E-05  12171.3  4.23E-04  0.00E+00  0.00E+00  0.00E+00  0.00E+00
  26 3.10E-05  12172.4  5.63E-04  0.00E+00  0.00E+00  0.00E+00  0.00E+00
  27 3.69E-05  12173.9  7.50E-04  0.00E+00  0.00E+00  0.00E+00  0.00E+00
  28 4.37E-05  12175.9  9.96E-04  0.00E+00  0.00E+00  0.00E+00  0.00E+00
  29 5.19E-05  12178.5  1.32E-03  0.00E+00  0.00E+00  0.00E+00  0.00E+00
  30 6.14E-05  12182.0  1.75E-03  0.00E+00  0.00E+00  0.00E+00  0.00E+00
  31 7.27E-05  12186.7  2.30E-03  0.00E+00  0.00E+00  0.00E+00  0.00E+00
  32 8.61E-05  12192.8  3.03E-03  1.38E-01  0.00E+00  0.00E+00  0.00E+00
  33 1.02E-04  12200.8  3.98E-03  1.31E-01  0.00E+00  0.00E+00  0.00E+00
  34 1.21E-04  12211.4  5.20E-03  1.25E-01  0.00E+00  0.00E+00  0.00E+00
  35 1.43E-04  12225.3  6.77E-03  1.20E-01  0.00E+00  0.00E+00  0.00E+00
  36 1.70E-04  12243.6  8.78E-03  1.16E-01  0.00E+00  0.00E+00  0.00E+00
  37 2.02E-04  12267.4  1.13E-02  1.12E-01  0.00E+00  0.00E+00  0.00E+00
  38 2.41E-04  12298.5  1.46E-02  1.09E-01  0.00E+00  0.00E+00  0.00E+00
  39 2.88E-04  12338.9  1.87E-02  1.07E-01  0.00E+00  0.00E+00  0.00E+00
  40 3.44E-04  12391.2  2.37E-02  1.05E-01  0.00E+00  0.00E+00  0.00E+00
  41 4.13E-04  12458.6  3.01E-02  1.04E-01  0.00E+00  0.00E+00  0.00E+00
  42 4.96E-04  12545.1  3.78E-02  1.03E-01  0.00E+00  0.00E+00  0.00E+00
  43 5.97E-04  12655.6  4.73E-02  1.03E-01  0.00E+00  0.00E+00  0.00E+00
  44 7.21E-04  12796.0  5.87E-02  1.03E-01  0.00E+00  0.00E+00  0.00E+00
  45 8.73E-04  12973.1  7.22E-02  1.05E-01  0.00E+00  0.00E+00  0.00E+00
  46 1.06E-03  13195.1  8.79E-02  1.07E-01  0.00E+00  0.00E+00  0.00E+00
  47 1.29E-03  13471.3  1.06E-01  1.10E-01  0.00E+00  0.00E+00  0.00E+00
  48 1.57E-03  13812.7  1.25E-01  1.15E-01  1.22E-08  0.00E+00  1.22E-08
  49 1.93E-03  14230.0  1.45E-01  1.22E-01  5.95E-08  0.00E+00  5.95E-08
  50 2.40E-03  14735.5  1.64E-01  1.31E-01  6.02E-08  0.00E+00  6.02E-08
  51 3.00E-03  15341.3  1.80E-01  1.46E-01  2.57E-08  0.00E+00  2.57E-08
  52 3.79E-03  16059.5  1.94E-01  1.65E-01  4.61E-09  0.00E+00  4.61E-09
  53 4.88E-03  16901.5  2.04E-01  1.91E-01  1.33E-10  0.00E+00  1.33E-10
  54 6.36E-03  17878.5  2.12E-01  2.24E-01  0.00E+00  0.00E+00  0.00E+00
  55 8.40E-03  18999.4  2.18E-01  2.60E-01  0.00E+00  0.00E+00  0.00E+00
  56 1.12E-02  20271.7  2.24E-01  2.96E-01  0.00E+00  0.00E+00  0.00E+00
  57 1.51E-02  21701.4  2.31E-01  3.27E-01  0.00E+00  0.00E+00  0.00E+00
  58 2.03E-02  23294.5  2.39E-01  3.51E-01  0.00E+00  0.00E+00  0.00E+00
  59 2.72E-02  25057.0  2.48E-01  3.68E-01  0.00E+00  0.00E+00  0.00E+00
  60 3.64E-02  26996.4  2.57E-01  3.79E-01  0.00E+00  0.00E+00  0.00E+00
  61 4.83E-02  29121.3  2.67E-01  3.87E-01  0.00E+00  0.00E+00  0.00E+00
  62 6.39E-02  31442.3  2.76E-01  3.91E-01  0.00E+00  0.00E+00  0.00E+00
  63 8.40E-02  33971.3  2.83E-01  3.94E-01  0.00E+00  0.00E+00  0.00E+00
  64 1.10E-01  36722.2  2.85E-01  3.96E-01  0.00E+00  0.00E+00  0.00E+00
  65 1.46E-01  39710.5  2.82E-01  3.97E-01  0.00E+00  0.00E+00  0.00E+00
  66 1.95E-01  42953.8  2.71E-01  3.98E-01  0.00E+00  0.00E+00  0.00E+00
  67 2.65E-01  46471.2  2.54E-01  3.99E-01  0.00E+00  0.00E+00  0.00E+00
  68 3.71E-01  50284.0  2.35E-01  3.99E-01  0.00E+00  0.00E+00  0.00E+00
  69 5.32E-01  54415.4  2.19E-01  3.99E-01  0.00E+00  0.00E+00  0.00E+00
  70 7.79E-01  58890.9  2.07E-01  3.99E-01  0.00E+00  0.00E+00  0.00E+00

convective zone between depths (inclusive)  48  53


 CONVECTIVE FLUX: AT CONTMP, ITER= 9

 conout imod,iprin           1           2


  ID    DM        TEMP      DELTA  DELTA(AD)  CON/TOT  RAD/TOT  (C+R)/TOT


   1 6.99E-08  12167.9  0.00E+00  0.00E+00  0.00E+00  0.00E+00  0.00E+00
   2 9.59E-08  12167.9  5.70E-06  0.00E+00  0.00E+00  0.00E+00  0.00E+00
   3 1.31E-07  12167.9  5.75E-06  0.00E+00  0.00E+00  0.00E+00  0.00E+00
   4 1.79E-07  12167.9  5.85E-06  0.00E+00  0.00E+00  0.00E+00  0.00E+00
   5 2.43E-07  12167.9  6.03E-06  0.00E+00  0.00E+00  0.00E+00  0.00E+00
   6 3.29E-07  12167.9  6.30E-06  0.00E+00  0.00E+00  0.00E+00  0.00E+00
   7 4.44E-07  12167.9  6.69E-06  0.00E+00  0.00E+00  0.00E+00  0.00E+00
   8 5.94E-07  12167.9  7.26E-06  0.00E+00  0.00E+00  0.00E+00  0.00E+00
   9 7.91E-07  12168.0  8.06E-06  0.00E+00  0.00E+00  0.00E+00  0.00E+00
  10 1.04E-06  12168.0  9.18E-06  0.00E+00  0.00E+00  0.00E+00  0.00E+00
  11 1.37E-06  12168.0  1.07E-05  0.00E+00  0.00E+00  0.00E+00  0.00E+00
  12 1.77E-06  12168.0  1.29E-05  0.00E+00  0.00E+00  0.00E+00  0.00E+00
  13 2.28E-06  12168.0  1.58E-05  0.00E+00  0.00E+00  0.00E+00  0.00E+00
  14 2.90E-06  12168.1  1.98E-05  0.00E+00  0.00E+00  0.00E+00  0.00E+00
  15 3.66E-06  12168.1  2.52E-05  0.00E+00  0.00E+00  0.00E+00  0.00E+00
  16 4.58E-06  12168.2  3.26E-05  0.00E+00  0.00E+00  0.00E+00  0.00E+00
  17 5.69E-06  12168.2  4.27E-05  0.00E+00  0.00E+00  0.00E+00  0.00E+00
  18 7.00E-06  12168.4  5.63E-05  0.00E+00  0.00E+00  0.00E+00  0.00E+00
  19 8.57E-06  12168.5  7.47E-05  0.00E+00  0.00E+00  0.00E+00  0.00E+00
  20 1.04E-05  12168.7  9.95E-05  0.00E+00  0.00E+00  0.00E+00  0.00E+00
  21 1.26E-05  12169.0  1.33E-04  0.00E+00  0.00E+00  0.00E+00  0.00E+00
  22 1.52E-05  12169.3  1.77E-04  0.00E+00  0.00E+00  0.00E+00  0.00E+00
  23 1.82E-05  12169.8  2.37E-04  0.00E+00  0.00E+00  0.00E+00  0.00E+00
  24 2.18E-05  12170.4  3.17E-04  0.00E+00  0.00E+00  0.00E+00  0.00E+00
  25 2.61E-05  12171.3  4.23E-04  0.00E+00  0.00E+00  0.00E+00  0.00E+00
  26 3.10E-05  12172.4  5.63E-04  0.00E+00  0.00E+00  0.00E+00  0.00E+00
  27 3.69E-05  12173.9  7.50E-04  0.00E+00  0.00E+00  0.00E+00  0.00E+00
  28 4.37E-05  12175.9  9.96E-04  0.00E+00  0.00E+00  0.00E+00  0.00E+00
  29 5.19E-05  12178.5  1.32E-03  0.00E+00  0.00E+00  0.00E+00  0.00E+00
  30 6.14E-05  12182.0  1.75E-03  0.00E+00  0.00E+00  0.00E+00  0.00E+00
  31 7.27E-05  12186.7  2.30E-03  0.00E+00  0.00E+00  0.00E+00  0.00E+00
  32 8.61E-05  12192.8  3.03E-03  1.38E-01  0.00E+00  0.00E+00  0.00E+00
  33 1.02E-04  12200.8  3.98E-03  1.31E-01  0.00E+00  0.00E+00  0.00E+00
  34 1.21E-04  12211.4  5.20E-03  1.25E-01  0.00E+00  0.00E+00  0.00E+00
  35 1.43E-04  12225.3  6.77E-03  1.20E-01  0.00E+00  0.00E+00  0.00E+00
  36 1.70E-04  12243.6  8.78E-03  1.16E-01  0.00E+00  0.00E+00  0.00E+00
  37 2.02E-04  12267.4  1.13E-02  1.12E-01  0.00E+00  0.00E+00  0.00E+00
  38 2.41E-04  12298.5  1.46E-02  1.09E-01  0.00E+00  0.00E+00  0.00E+00
  39 2.88E-04  12338.9  1.87E-02  1.07E-01  0.00E+00  0.00E+00  0.00E+00
  40 3.44E-04  12391.2  2.37E-02  1.05E-01  0.00E+00  0.00E+00  0.00E+00
  41 4.13E-04  12458.6  3.01E-02  1.04E-01  0.00E+00  0.00E+00  0.00E+00
  42 4.96E-04  12545.1  3.78E-02  1.03E-01  0.00E+00  0.00E+00  0.00E+00
  43 5.97E-04  12655.6  4.73E-02  1.03E-01  0.00E+00  0.00E+00  0.00E+00
  44 7.21E-04  12796.0  5.87E-02  1.03E-01  0.00E+00  0.00E+00  0.00E+00
  45 8.73E-04  12973.1  7.22E-02  1.05E-01  0.00E+00  0.00E+00  0.00E+00
  46 1.06E-03  13195.1  8.79E-02  1.07E-01  0.00E+00  0.00E+00  0.00E+00
  47 1.29E-03  13471.3  1.06E-01  1.10E-01  0.00E+00  0.00E+00  0.00E+00
  48 1.57E-03  13812.7  1.25E-01  1.15E-01  1.22E-08  0.00E+00  1.22E-08
  49 1.93E-03  14230.1  1.45E-01  1.22E-01  5.95E-08  0.00E+00  5.95E-08
  50 2.40E-03  14735.6  1.64E-01  1.31E-01  6.02E-08  0.00E+00  6.02E-08
  51 3.00E-03  15341.4  1.80E-01  1.46E-01  2.56E-08  0.00E+00  2.56E-08
  52 3.79E-03  16059.6  1.94E-01  1.65E-01  4.60E-09  0.00E+00  4.60E-09
  53 4.88E-03  16901.6  2.04E-01  1.91E-01  1.33E-10  0.00E+00  1.33E-10
  54 6.36E-03  17878.6  2.12E-01  2.24E-01  0.00E+00  0.00E+00  0.00E+00
  55 8.40E-03  18999.5  2.18E-01  2.60E-01  0.00E+00  0.00E+00  0.00E+00
  56 1.12E-02  20271.8  2.24E-01  2.96E-01  0.00E+00  0.00E+00  0.00E+00
  57 1.51E-02  21701.5  2.31E-01  3.27E-01  0.00E+00  0.00E+00  0.00E+00
  58 2.03E-02  23294.6  2.39E-01  3.51E-01  0.00E+00  0.00E+00  0.00E+00
  59 2.72E-02  25057.1  2.48E-01  3.68E-01  0.00E+00  0.00E+00  0.00E+00
  60 3.64E-02  26996.5  2.57E-01  3.79E-01  0.00E+00  0.00E+00  0.00E+00
  61 4.83E-02  29121.4  2.67E-01  3.87E-01  0.00E+00  0.00E+00  0.00E+00
  62 6.39E-02  31442.4  2.76E-01  3.91E-01  0.00E+00  0.00E+00  0.00E+00
  63 8.40E-02  33971.4  2.83E-01  3.94E-01  0.00E+00  0.00E+00  0.00E+00
  64 1.10E-01  36722.3  2.85E-01  3.96E-01  0.00E+00  0.00E+00  0.00E+00
  65 1.46E-01  39710.7  2.82E-01  3.97E-01  0.00E+00  0.00E+00  0.00E+00
  66 1.95E-01  42953.9  2.71E-01  3.98E-01  0.00E+00  0.00E+00  0.00E+00
  67 2.65E-01  46471.3  2.54E-01  3.99E-01  0.00E+00  0.00E+00  0.00E+00
  68 3.71E-01  50284.1  2.35E-01  3.99E-01  0.00E+00  0.00E+00  0.00E+00
  69 5.32E-01  54415.5  2.19E-01  3.99E-01  0.00E+00  0.00E+00  0.00E+00
  70 7.79E-01  58891.0  2.07E-01  3.99E-01  0.00E+00  0.00E+00  0.00E+00

convective zone between depths (inclusive)  48  53


 CONVECTIVE FLUX: AT CONTMP, ITER=10

 conout imod,iprin           1           2


  ID    DM        TEMP      DELTA  DELTA(AD)  CON/TOT  RAD/TOT  (C+R)/TOT


   1 6.99E-08  12167.9  0.00E+00  0.00E+00  0.00E+00  0.00E+00  0.00E+00
   2 9.59E-08  12167.9  5.70E-06  0.00E+00  0.00E+00  0.00E+00  0.00E+00
   3 1.31E-07  12167.9  5.75E-06  0.00E+00  0.00E+00  0.00E+00  0.00E+00
   4 1.79E-07  12167.9  5.85E-06  0.00E+00  0.00E+00  0.00E+00  0.00E+00
   5 2.43E-07  12167.9  6.03E-06  0.00E+00  0.00E+00  0.00E+00  0.00E+00
   6 3.29E-07  12167.9  6.30E-06  0.00E+00  0.00E+00  0.00E+00  0.00E+00
   7 4.44E-07  12167.9  6.69E-06  0.00E+00  0.00E+00  0.00E+00  0.00E+00
   8 5.94E-07  12167.9  7.26E-06  0.00E+00  0.00E+00  0.00E+00  0.00E+00
   9 7.91E-07  12168.0  8.06E-06  0.00E+00  0.00E+00  0.00E+00  0.00E+00
  10 1.04E-06  12168.0  9.18E-06  0.00E+00  0.00E+00  0.00E+00  0.00E+00
  11 1.37E-06  12168.0  1.07E-05  0.00E+00  0.00E+00  0.00E+00  0.00E+00
  12 1.77E-06  12168.0  1.29E-05  0.00E+00  0.00E+00  0.00E+00  0.00E+00
  13 2.28E-06  12168.0  1.58E-05  0.00E+00  0.00E+00  0.00E+00  0.00E+00
  14 2.90E-06  12168.1  1.98E-05  0.00E+00  0.00E+00  0.00E+00  0.00E+00
  15 3.66E-06  12168.1  2.52E-05  0.00E+00  0.00E+00  0.00E+00  0.00E+00
  16 4.58E-06  12168.2  3.26E-05  0.00E+00  0.00E+00  0.00E+00  0.00E+00
  17 5.69E-06  12168.2  4.27E-05  0.00E+00  0.00E+00  0.00E+00  0.00E+00
  18 7.00E-06  12168.4  5.63E-05  0.00E+00  0.00E+00  0.00E+00  0.00E+00
  19 8.57E-06  12168.5  7.47E-05  0.00E+00  0.00E+00  0.00E+00  0.00E+00
  20 1.04E-05  12168.7  9.95E-05  0.00E+00  0.00E+00  0.00E+00  0.00E+00
  21 1.26E-05  12169.0  1.33E-04  0.00E+00  0.00E+00  0.00E+00  0.00E+00
  22 1.52E-05  12169.3  1.77E-04  0.00E+00  0.00E+00  0.00E+00  0.00E+00
  23 1.82E-05  12169.8  2.37E-04  0.00E+00  0.00E+00  0.00E+00  0.00E+00
  24 2.18E-05  12170.4  3.17E-04  0.00E+00  0.00E+00  0.00E+00  0.00E+00
  25 2.61E-05  12171.3  4.23E-04  0.00E+00  0.00E+00  0.00E+00  0.00E+00
  26 3.10E-05  12172.4  5.63E-04  0.00E+00  0.00E+00  0.00E+00  0.00E+00
  27 3.69E-05  12173.9  7.50E-04  0.00E+00  0.00E+00  0.00E+00  0.00E+00
  28 4.37E-05  12175.9  9.96E-04  0.00E+00  0.00E+00  0.00E+00  0.00E+00
  29 5.19E-05  12178.5  1.32E-03  0.00E+00  0.00E+00  0.00E+00  0.00E+00
  30 6.14E-05  12182.0  1.75E-03  0.00E+00  0.00E+00  0.00E+00  0.00E+00
  31 7.27E-05  12186.7  2.30E-03  0.00E+00  0.00E+00  0.00E+00  0.00E+00
  32 8.61E-05  12192.8  3.03E-03  1.38E-01  0.00E+00  0.00E+00  0.00E+00
  33 1.02E-04  12200.8  3.98E-03  1.31E-01  0.00E+00  0.00E+00  0.00E+00
  34 1.21E-04  12211.4  5.20E-03  1.25E-01  0.00E+00  0.00E+00  0.00E+00
  35 1.43E-04  12225.3  6.77E-03  1.20E-01  0.00E+00  0.00E+00  0.00E+00
  36 1.70E-04  12243.6  8.78E-03  1.16E-01  0.00E+00  0.00E+00  0.00E+00
  37 2.02E-04  12267.4  1.13E-02  1.12E-01  0.00E+00  0.00E+00  0.00E+00
  38 2.41E-04  12298.5  1.46E-02  1.09E-01  0.00E+00  0.00E+00  0.00E+00
  39 2.88E-04  12338.9  1.87E-02  1.07E-01  0.00E+00  0.00E+00  0.00E+00
  40 3.44E-04  12391.2  2.37E-02  1.05E-01  0.00E+00  0.00E+00  0.00E+00
  41 4.13E-04  12458.6  3.01E-02  1.04E-01  0.00E+00  0.00E+00  0.00E+00
  42 4.96E-04  12545.1  3.78E-02  1.03E-01  0.00E+00  0.00E+00  0.00E+00
  43 5.97E-04  12655.6  4.73E-02  1.03E-01  0.00E+00  0.00E+00  0.00E+00
  44 7.21E-04  12796.0  5.87E-02  1.03E-01  0.00E+00  0.00E+00  0.00E+00
  45 8.73E-04  12973.1  7.22E-02  1.05E-01  0.00E+00  0.00E+00  0.00E+00
  46 1.06E-03  13195.1  8.79E-02  1.07E-01  0.00E+00  0.00E+00  0.00E+00
  47 1.29E-03  13471.3  1.06E-01  1.10E-01  0.00E+00  0.00E+00  0.00E+00
  48 1.57E-03  13812.7  1.25E-01  1.15E-01  1.22E-08  0.00E+00  1.22E-08
  49 1.93E-03  14230.1  1.45E-01  1.22E-01  5.95E-08  0.00E+00  5.95E-08
  50 2.40E-03  14735.6  1.64E-01  1.31E-01  6.02E-08  0.00E+00  6.02E-08
  51 3.00E-03  15341.4  1.80E-01  1.46E-01  2.57E-08  0.00E+00  2.57E-08
  52 3.79E-03  16059.6  1.94E-01  1.65E-01  4.60E-09  0.00E+00  4.60E-09
  53 4.88E-03  16901.6  2.04E-01  1.91E-01  1.33E-10  0.00E+00  1.33E-10
  54 6.36E-03  17878.6  2.12E-01  2.24E-01  0.00E+00  0.00E+00  0.00E+00
  55 8.40E-03  18999.5  2.18E-01  2.60E-01  0.00E+00  0.00E+00  0.00E+00
  56 1.12E-02  20271.8  2.24E-01  2.96E-01  0.00E+00  0.00E+00  0.00E+00
  57 1.51E-02  21701.5  2.31E-01  3.27E-01  0.00E+00  0.00E+00  0.00E+00
  58 2.03E-02  23294.6  2.39E-01  3.51E-01  0.00E+00  0.00E+00  0.00E+00
  59 2.72E-02  25057.1  2.48E-01  3.68E-01  0.00E+00  0.00E+00  0.00E+00
  60 3.64E-02  26996.5  2.57E-01  3.79E-01  0.00E+00  0.00E+00  0.00E+00
  61 4.83E-02  29121.4  2.67E-01  3.87E-01  0.00E+00  0.00E+00  0.00E+00
  62 6.39E-02  31442.4  2.76E-01  3.91E-01  0.00E+00  0.00E+00  0.00E+00
  63 8.40E-02  33971.4  2.83E-01  3.94E-01  0.00E+00  0.00E+00  0.00E+00
  64 1.10E-01  36722.3  2.85E-01  3.96E-01  0.00E+00  0.00E+00  0.00E+00
  65 1.46E-01  39710.7  2.82E-01  3.97E-01  0.00E+00  0.00E+00  0.00E+00
  66 1.95E-01  42953.9  2.71E-01  3.98E-01  0.00E+00  0.00E+00  0.00E+00
  67 2.65E-01  46471.3  2.54E-01  3.99E-01  0.00E+00  0.00E+00  0.00E+00
  68 3.71E-01  50284.1  2.35E-01  3.99E-01  0.00E+00  0.00E+00  0.00E+00
  69 5.32E-01  54415.5  2.19E-01  3.99E-01  0.00E+00  0.00E+00  0.00E+00
  70 7.79E-01  58891.0  2.07E-01  3.99E-01  0.00E+00  0.00E+00  0.00E+00

convective zone between depths (inclusive)  48  53

 conout imod,iprin           2           2


  ID    DM        TEMP      DELTA  DELTA(AD)  CON/TOT  RAD/TOT  (C+R)/TOT


   1 6.99E-08  12167.9  0.00E+00  0.00E+00  0.00E+00  0.00E+00  0.00E+00
   2 9.59E-08  12167.9  5.70E-06  0.00E+00  0.00E+00  0.00E+00  0.00E+00
   3 1.31E-07  12167.9  5.75E-06  0.00E+00  0.00E+00  0.00E+00  0.00E+00
   4 1.79E-07  12167.9  5.85E-06  0.00E+00  0.00E+00  0.00E+00  0.00E+00
   5 2.43E-07  12167.9  6.03E-06  0.00E+00  0.00E+00  0.00E+00  0.00E+00
   6 3.29E-07  12167.9  6.30E-06  0.00E+00  0.00E+00  0.00E+00  0.00E+00
   7 4.44E-07  12167.9  6.69E-06  0.00E+00  0.00E+00  0.00E+00  0.00E+00
   8 5.94E-07  12167.9  7.26E-06  0.00E+00  0.00E+00  0.00E+00  0.00E+00
   9 7.91E-07  12168.0  8.06E-06  0.00E+00  0.00E+00  0.00E+00  0.00E+00
  10 1.04E-06  12168.0  9.18E-06  0.00E+00  0.00E+00  0.00E+00  0.00E+00
  11 1.37E-06  12168.0  1.07E-05  0.00E+00  0.00E+00  0.00E+00  0.00E+00
  12 1.77E-06  12168.0  1.29E-05  0.00E+00  0.00E+00  0.00E+00  0.00E+00
  13 2.28E-06  12168.0  1.58E-05  0.00E+00  0.00E+00  0.00E+00  0.00E+00
  14 2.90E-06  12168.1  1.98E-05  0.00E+00  0.00E+00  0.00E+00  0.00E+00
  15 3.66E-06  12168.1  2.52E-05  0.00E+00  0.00E+00  0.00E+00  0.00E+00
  16 4.58E-06  12168.2  3.26E-05  0.00E+00  0.00E+00  0.00E+00  0.00E+00
  17 5.69E-06  12168.2  4.27E-05  0.00E+00  0.00E+00  0.00E+00  0.00E+00
  18 7.00E-06  12168.4  5.63E-05  0.00E+00  0.00E+00  0.00E+00  0.00E+00
  19 8.57E-06  12168.5  7.47E-05  0.00E+00  0.00E+00  0.00E+00  0.00E+00
  20 1.04E-05  12168.7  9.95E-05  0.00E+00  0.00E+00  0.00E+00  0.00E+00
  21 1.26E-05  12169.0  1.33E-04  0.00E+00  0.00E+00  0.00E+00  0.00E+00
  22 1.52E-05  12169.3  1.77E-04  0.00E+00  0.00E+00  0.00E+00  0.00E+00
  23 1.82E-05  12169.8  2.37E-04  0.00E+00  0.00E+00  0.00E+00  0.00E+00
  24 2.18E-05  12170.4  3.17E-04  0.00E+00  0.00E+00  0.00E+00  0.00E+00
  25 2.61E-05  12171.3  4.23E-04  0.00E+00  0.00E+00  0.00E+00  0.00E+00
  26 3.10E-05  12172.4  5.63E-04  0.00E+00  0.00E+00  0.00E+00  0.00E+00
  27 3.69E-05  12173.9  7.50E-04  0.00E+00  0.00E+00  0.00E+00  0.00E+00
  28 4.37E-05  12175.9  9.96E-04  0.00E+00  0.00E+00  0.00E+00  0.00E+00
  29 5.19E-05  12178.5  1.32E-03  0.00E+00  0.00E+00  0.00E+00  0.00E+00
  30 6.14E-05  12182.0  1.75E-03  0.00E+00  0.00E+00  0.00E+00  0.00E+00
  31 7.27E-05  12186.7  2.30E-03  0.00E+00  0.00E+00  0.00E+00  0.00E+00
  32 8.61E-05  12192.8  3.03E-03  1.38E-01  0.00E+00  0.00E+00  0.00E+00
  33 1.02E-04  12200.8  3.98E-03  1.31E-01  0.00E+00  0.00E+00  0.00E+00
  34 1.21E-04  12211.4  5.20E-03  1.25E-01  0.00E+00  0.00E+00  0.00E+00
  35 1.43E-04  12225.3  6.77E-03  1.20E-01  0.00E+00  0.00E+00  0.00E+00
  36 1.70E-04  12243.6  8.78E-03  1.16E-01  0.00E+00  0.00E+00  0.00E+00
  37 2.02E-04  12267.4  1.13E-02  1.12E-01  0.00E+00  0.00E+00  0.00E+00
  38 2.41E-04  12298.5  1.46E-02  1.09E-01  0.00E+00  0.00E+00  0.00E+00
  39 2.88E-04  12338.9  1.87E-02  1.07E-01  0.00E+00  0.00E+00  0.00E+00
  40 3.44E-04  12391.2  2.37E-02  1.05E-01  0.00E+00  0.00E+00  0.00E+00
  41 4.13E-04  12458.6  3.01E-02  1.04E-01  0.00E+00  0.00E+00  0.00E+00
  42 4.96E-04  12545.1  3.78E-02  1.03E-01  0.00E+00  0.00E+00  0.00E+00
  43 5.97E-04  12655.6  4.73E-02  1.03E-01  0.00E+00  0.00E+00  0.00E+00
  44 7.21E-04  12796.0  5.87E-02  1.03E-01  0.00E+00  0.00E+00  0.00E+00
  45 8.73E-04  12973.1  7.22E-02  1.05E-01  0.00E+00  0.00E+00  0.00E+00
  46 1.06E-03  13195.1  8.79E-02  1.07E-01  0.00E+00  0.00E+00  0.00E+00
  47 1.29E-03  13471.3  1.06E-01  1.10E-01  0.00E+00  0.00E+00  0.00E+00
  48 1.57E-03  13812.7  1.25E-01  1.15E-01  1.76E-08  0.00E+00  1.76E-08
  49 1.93E-03  14230.1  1.45E-01  1.22E-01  8.61E-08  0.00E+00  8.61E-08
  50 2.40E-03  14735.6  1.64E-01  1.31E-01  8.68E-08  0.00E+00  8.68E-08
  51 3.00E-03  15341.4  1.80E-01  1.46E-01  3.61E-08  0.00E+00  3.61E-08
  52 3.79E-03  16059.6  1.94E-01  1.65E-01  6.18E-09  0.00E+00  6.18E-09
  53 4.88E-03  16901.6  2.04E-01  1.91E-01  1.47E-10  0.00E+00  1.47E-10
  54 6.36E-03  17878.6  2.12E-01  2.24E-01  0.00E+00  0.00E+00  0.00E+00
  55 8.40E-03  18999.5  2.18E-01  2.60E-01  0.00E+00  0.00E+00  0.00E+00
  56 1.12E-02  20271.8  2.24E-01  2.96E-01  0.00E+00  0.00E+00  0.00E+00
  57 1.51E-02  21701.5  2.31E-01  3.27E-01  0.00E+00  0.00E+00  0.00E+00
  58 2.03E-02  23294.6  2.39E-01  3.51E-01  0.00E+00  0.00E+00  0.00E+00
  59 2.72E-02  25057.1  2.48E-01  3.68E-01  0.00E+00  0.00E+00  0.00E+00
  60 3.64E-02  26996.5  2.57E-01  3.79E-01  0.00E+00  0.00E+00  0.00E+00
  61 4.83E-02  29121.4  2.67E-01  3.87E-01  0.00E+00  0.00E+00  0.00E+00
  62 6.39E-02  31442.4  2.76E-01  3.91E-01  0.00E+00  0.00E+00  0.00E+00
  63 8.40E-02  33971.4  2.83E-01  3.94E-01  0.00E+00  0.00E+00  0.00E+00
  64 1.10E-01  36722.3  2.85E-01  3.96E-01  0.00E+00  0.00E+00  0.00E+00
  65 1.46E-01  39710.7  2.82E-01  3.97E-01  0.00E+00  0.00E+00  0.00E+00
  66 1.95E-01  42953.9  2.71E-01  3.98E-01  0.00E+00  0.00E+00  0.00E+00
  67 2.65E-01  46471.3  2.54E-01  3.99E-01  0.00E+00  0.00E+00  0.00E+00
  68 3.71E-01  50284.1  2.35E-01  3.99E-01  0.00E+00  0.00E+00  0.00E+00
  69 5.32E-01  54415.5  2.19E-01  3.99E-01  0.00E+00  0.00E+00  0.00E+00
  70 7.79E-01  58891.0  2.07E-01  3.99E-01  0.00E+00  0.00E+00  0.00E+00

convective zone between depths (inclusive)  48  53


**********
 ITERATION:  1
**********

 before inilam
 after tdpini
 before odfmer
 after odfmer
 end inilam
 after inilam
 Total number of lines :      95
 Number of weak lines  :       0
 Intermediate lines    :       0
 Number of strong lines:      95

 MAXIMUM NUMBER OF OVERLAPPING TRANSITIONS:   13

 after linsel
 NTRANS         136
 ilam           1
 after opaini in ilam           1
 after ratsp1i in ilam           1
 after newpop in ilam           1

 SCHEME OF RADIATIVE EQUIL. SET IN RESOLV
 ONLY INTEGRAL EQUATION FOR ID          <=  37
 BOTH FOR                     38 <= ID <=  70

 after output

  ID   PTOT-SUM  PTOT-MG   PGAS-RHO  PGAS-P    PRAD       A

   1 1.266E+02 7.132E+01 5.749E+01 2.211E+00 6.911E+01 1.250E+00
   2 1.274E+02 7.214E+01 5.831E+01 3.032E+00 6.911E+01 1.250E+00
   3 1.285E+02 7.326E+01 5.943E+01 4.147E+00 6.911E+01 1.250E+00
   4 1.300E+02 7.477E+01 6.094E+01 5.656E+00 6.911E+01 1.250E+00
   5 1.321E+02 7.680E+01 6.297E+01 7.689E+00 6.911E+01 1.250E+00
   6 1.348E+02 7.952E+01 6.569E+01 1.041E+01 6.911E+01 1.250E+00
   7 1.384E+02 8.314E+01 6.931E+01 1.403E+01 6.911E+01 1.250E+00
   8 1.432E+02 8.791E+01 7.408E+01 1.880E+01 6.911E+01 1.250E+00
   9 1.494E+02 9.413E+01 8.029E+01 2.501E+01 6.911E+01 1.250E+00
  10 1.574E+02 1.021E+02 8.831E+01 3.303E+01 6.911E+01 1.250E+00
  11 1.676E+02 1.124E+02 9.854E+01 4.325E+01 6.911E+01 1.250E+00
  12 1.805E+02 1.252E+02 1.114E+02 5.612E+01 6.911E+01 1.250E+00
  13 1.965E+02 1.412E+02 1.274E+02 7.213E+01 6.912E+01 1.250E+00
  14 2.162E+02 1.610E+02 1.471E+02 9.184E+01 6.912E+01 1.250E+00
  15 2.403E+02 1.850E+02 1.712E+02 1.159E+02 6.912E+01 1.250E+00
  16 2.693E+02 2.140E+02 2.002E+02 1.449E+02 6.912E+01 1.250E+00
  17 3.042E+02 2.489E+02 2.351E+02 1.798E+02 6.912E+01 1.250E+00
  18 3.458E+02 2.906E+02 2.767E+02 2.214E+02 6.912E+01 1.250E+00
  19 3.954E+02 3.401E+02 3.262E+02 2.709E+02 6.913E+01 1.250E+00
  20 4.540E+02 3.987E+02 3.849E+02 3.296E+02 6.913E+01 1.251E+00
  21 5.233E+02 4.680E+02 4.542E+02 3.989E+02 6.914E+01 1.251E+00
  22 6.051E+02 5.498E+02 5.359E+02 4.806E+02 6.915E+01 1.251E+00
  23 7.014E+02 6.461E+02 6.323E+02 5.769E+02 6.916E+01 1.250E+00
  24 8.148E+02 7.595E+02 7.456E+02 6.903E+02 6.917E+01 1.250E+00
  25 9.483E+02 8.929E+02 8.791E+02 8.237E+02 6.918E+01 1.250E+00
  26 1.105E+03 1.050E+03 1.036E+03 9.807E+02 6.920E+01 1.250E+00
  27 1.290E+03 1.235E+03 1.221E+03 1.165E+03 6.923E+01 1.250E+00
  28 1.508E+03 1.452E+03 1.438E+03 1.383E+03 6.925E+01 1.250E+00
  29 1.764E+03 1.709E+03 1.695E+03 1.640E+03 6.929E+01 1.249E+00
  30 2.067E+03 2.012E+03 1.998E+03 1.942E+03 6.934E+01 1.249E+00
  31 2.425E+03 2.369E+03 2.356E+03 2.300E+03 6.941E+01 1.248E+00
  32 2.849E+03 2.793E+03 2.779E+03 2.723E+03 6.950E+01 1.247E+00
  33 3.351E+03 3.295E+03 3.281E+03 3.225E+03 6.962E+01 1.246E+00
  34 3.948E+03 3.892E+03 3.878E+03 3.822E+03 6.978E+01 1.245E+00
  35 4.659E+03 4.603E+03 4.589E+03 4.533E+03 6.999E+01 1.243E+00
  36 5.509E+03 5.453E+03 5.439E+03 5.382E+03 7.028E+01 1.240E+00
  37 6.528E+03 6.471E+03 6.457E+03 6.401E+03 7.066E+01 1.237E+00
  38 7.753E+03 7.695E+03 7.682E+03 7.624E+03 7.117E+01 1.234E+00
  39 9.229E+03 9.171E+03 9.158E+03 9.099E+03 7.186E+01 1.230E+00
  40 1.102E+04 1.096E+04 1.094E+04 1.088E+04 7.278E+01 1.224E+00
  41 1.318E+04 1.312E+04 1.311E+04 1.305E+04 7.400E+01 1.218E+00
  42 1.581E+04 1.575E+04 1.574E+04 1.568E+04 7.563E+01 1.211E+00
  43 1.902E+04 1.896E+04 1.895E+04 1.888E+04 7.781E+01 1.203E+00
  44 2.294E+04 2.288E+04 2.286E+04 2.280E+04 8.070E+01 1.194E+00
  45 2.774E+04 2.767E+04 2.766E+04 2.759E+04 8.453E+01 1.184E+00
  46 3.364E+04 3.356E+04 3.355E+04 3.347E+04 8.959E+01 1.172E+00
  47 4.091E+04 4.083E+04 4.081E+04 4.073E+04 9.626E+01 1.159E+00
  48 4.996E+04 4.987E+04 4.985E+04 4.976E+04 1.050E+02 1.144E+00
  49 6.135E+04 6.125E+04 6.124E+04 6.113E+04 1.165E+02 1.127E+00
  50 7.593E+04 7.581E+04 7.580E+04 7.568E+04 1.317E+02 1.108E+00
  51 9.495E+04 9.480E+04 9.479E+04 9.465E+04 1.519E+02 1.087E+00
  52 1.202E+05 1.201E+05 1.201E+05 1.199E+05 1.789E+02 1.067E+00
  53 1.545E+05 1.543E+05 1.543E+05 1.541E+05 2.155E+02 1.047E+00
  54 2.014E+05 2.011E+05 2.011E+05 2.009E+05 2.656E+02 1.031E+00
  55 2.661E+05 2.657E+05 2.657E+05 2.654E+05 3.346E+02 1.018E+00
  56 3.552E+05 3.548E+05 3.548E+05 3.543E+05 4.301E+02 1.010E+00
  57 4.771E+05 4.766E+05 4.766E+05 4.760E+05 5.621E+02 1.005E+00
  58 6.419E+05 6.411E+05 6.411E+05 6.404E+05 7.442E+02 1.002E+00
  59 8.618E+05 8.608E+05 8.608E+05 8.598E+05 9.949E+02 1.001E+00
  60 1.152E+06 1.151E+06 1.151E+06 1.149E+06 1.340E+03 1.000E+00
  61 1.531E+06 1.529E+06 1.529E+06 1.527E+06 1.813E+03 1.000E+00
  62 2.022E+06 2.019E+06 2.019E+06 2.017E+06 2.464E+03 9.999E-01
  63 2.659E+06 2.655E+06 2.655E+06 2.652E+06 3.358E+03 9.999E-01
  64 3.493E+06 3.488E+06 3.488E+06 3.484E+06 4.584E+03 9.998E-01
  65 4.610E+06 4.604E+06 4.604E+06 4.598E+06 6.268E+03 9.997E-01
  66 6.160E+06 6.151E+06 6.151E+06 6.142E+06 8.577E+03 9.993E-01
  67 8.396E+06 8.384E+06 8.384E+06 8.372E+06 1.174E+04 9.985E-01
  68 1.174E+07 1.172E+07 1.172E+07 1.171E+07 1.607E+04 9.968E-01
  69 1.685E+07 1.682E+07 1.682E+07 1.680E+07 2.197E+04 9.938E-01
  70 2.468E+07 2.464E+07 2.465E+07 2.461E+07 2.999E+04 9.888E-01

pzev:CONVECTIVE FLUX: RESOLV; GLOBAL ITERATION = 0


pzev:CONVECTIVE FLUX: RESOLV; GLOBAL ITERATION = 0

 conout imod,iprin           1           0
 ITER  ID    XGRD         FPRAD    log(g_rad)    XGR0        PG+PT      PRAD       d(Ptot)/dm d(PG+PT)/dm

   1   1  1.0000E-01  1.0000E+00  4.0577E+00  3.1623E+06  5.7490E+01  6.9112E+01  8.2218E+08  8.2217E+08
   1   2  3.0000E-01  1.0000E+00  3.8412E+00  9.4868E+06  5.8311E+01  6.9112E+01  3.1630E+07  3.1623E+07
   1   3  5.0000E-01  1.0000E+00  3.5815E+00  1.5811E+07  5.9426E+01  6.9112E+01  3.1627E+07  3.1623E+07
   1   4  7.0000E-01  1.0000E+00  3.3904E+00  2.2136E+07  6.0935E+01  6.9112E+01  3.1625E+07  3.1623E+07
   1   5  9.0000E-01  1.0000E+00  3.2644E+00  2.8461E+07  6.2968E+01  6.9112E+01  3.1625E+07  3.1623E+07
   1   6  9.2000E-01  1.0000E+00  3.1820E+00  2.9093E+07  6.5690E+01  6.9113E+01  3.1624E+07  3.1623E+07
   1   7  9.4000E-01  1.0000E+00  3.1282E+00  2.9725E+07  6.9308E+01  6.9113E+01  3.1624E+07  3.1623E+07
   1   8  9.6000E-01  1.0000E+00  3.0973E+00  3.0358E+07  7.4076E+01  6.9113E+01  3.1624E+07  3.1623E+07
   1   9  9.8000E-01  1.0000E+00  3.0853E+00  3.0990E+07  8.0295E+01  6.9113E+01  3.1624E+07  3.1623E+07
   1  10  9.9000E-01  1.0000E+00  3.0881E+00  3.1307E+07  8.8315E+01  6.9113E+01  3.1624E+07  3.1623E+07
   1  11  9.9000E-01  1.0000E+00  3.1039E+00  3.1307E+07  9.8535E+01  6.9114E+01  3.1624E+07  3.1623E+07
   1  12  9.9000E-01  1.0000E+00  3.1324E+00  3.1307E+07  1.1140E+02  6.9114E+01  3.1624E+07  3.1623E+07
   1  13  9.9000E-01  1.0000E+00  3.1665E+00  3.1307E+07  1.2742E+02  6.9115E+01  3.1624E+07  3.1623E+07
   1  14  9.9000E-01  1.0000E+00  3.2031E+00  3.1307E+07  1.4713E+02  6.9116E+01  3.1624E+07  3.1623E+07
   1  15  9.9000E-01  1.0000E+00  3.2421E+00  3.1307E+07  1.7115E+02  6.9117E+01  3.1625E+07  3.1623E+07
   1  16  9.9000E-01  1.0000E+00  3.2813E+00  3.1307E+07  2.0020E+02  6.9119E+01  3.1625E+07  3.1623E+07
   1  17  9.9000E-01  1.0000E+00  3.3209E+00  3.1307E+07  2.3508E+02  6.9122E+01  3.1625E+07  3.1623E+07
   1  18  9.9000E-01  1.0000E+00  3.3609E+00  3.1307E+07  2.7673E+02  6.9125E+01  3.1625E+07  3.1623E+07
   1  19  9.9000E-01  1.0000E+00  3.3992E+00  3.1307E+07  3.2623E+02  6.9128E+01  3.1625E+07  3.1623E+07
   1  20  9.9000E-01  1.0000E+00  3.4353E+00  3.1307E+07  3.8487E+02  6.9134E+01  3.1625E+07  3.1623E+07
   1  21  9.9000E-01  1.0000E+00  3.4685E+00  3.1307E+07  4.5418E+02  6.9140E+01  3.1626E+07  3.1623E+07
   1  22  9.9000E-01  1.0000E+00  3.4951E+00  3.1307E+07  5.3594E+02  6.9148E+01  3.1626E+07  3.1623E+07
   1  23  9.9000E-01  1.0000E+00  3.5147E+00  3.1307E+07  6.3226E+02  6.9158E+01  3.1626E+07  3.1623E+07
   1  24  9.9000E-01  1.0000E+00  3.5289E+00  3.1307E+07  7.4565E+02  6.9170E+01  3.1626E+07  3.1623E+07
   1  25  9.9000E-01  1.0000E+00  3.5411E+00  3.1307E+07  8.7907E+02  6.9185E+01  3.1626E+07  3.1623E+07
   1  26  9.9000E-01  1.0000E+00  3.5570E+00  3.1307E+07  1.0361E+03  6.9203E+01  3.1626E+07  3.1623E+07
   1  27  9.9000E-01  1.0000E+00  3.5828E+00  3.1307E+07  1.2208E+03  6.9225E+01  3.1626E+07  3.1623E+07
   1  28  9.9000E-01  1.0000E+00  3.6203E+00  3.1307E+07  1.4385E+03  6.9254E+01  3.1627E+07  3.1623E+07
   1  29  9.9000E-01  1.0000E+00  3.6669E+00  3.1307E+07  1.6950E+03  6.9291E+01  3.1627E+07  3.1623E+07
   1  30  9.9000E-01  1.0000E+00  3.7183E+00  3.1307E+07  1.9978E+03  6.9342E+01  3.1628E+07  3.1623E+07
   1  31  9.9000E-01  1.0000E+00  3.7711E+00  3.1307E+07  2.3556E+03  6.9408E+01  3.1629E+07  3.1623E+07
   1  32  9.9000E-01  1.0000E+00  3.8238E+00  3.1307E+07  2.7790E+03  6.9498E+01  3.1630E+07  3.1623E+07
   1  33  9.9000E-01  1.0000E+00  3.8762E+00  3.1307E+07  3.2812E+03  6.9617E+01  3.1630E+07  3.1623E+07
   1  34  9.9000E-01  1.0000E+00  3.9278E+00  3.1307E+07  3.8779E+03  6.9777E+01  3.1632E+07  3.1623E+07
   1  35  9.9000E-01  1.0000E+00  3.9783E+00  3.1307E+07  4.5891E+03  6.9991E+01  3.1633E+07  3.1623E+07
   1  36  9.9000E-01  1.0000E+00  4.0275E+00  3.1307E+07  5.4389E+03  7.0277E+01  3.1634E+07  3.1623E+07
   1  37  9.9000E-01  1.0000E+00  4.0755E+00  3.1307E+07  6.4574E+03  7.0660E+01  3.1635E+07  3.1623E+07
   1  38  9.9000E-01  1.0000E+00  4.1222E+00  3.1307E+07  7.6816E+03  7.1173E+01  3.1637E+07  3.1623E+07
   1  39  9.9000E-01  1.0000E+00  4.1673E+00  3.1307E+07  9.1576E+03  7.1859E+01  3.1638E+07  3.1624E+07
   1  40  9.9000E-01  1.0000E+00  4.2109E+00  3.1307E+07  1.0942E+04  7.2776E+01  3.1640E+07  3.1624E+07
   1  41  9.9000E-01  1.0000E+00  4.2528E+00  3.1307E+07  1.3107E+04  7.4001E+01  3.1642E+07  3.1624E+07
   1  42  9.9000E-01  1.0000E+00  4.2929E+00  3.1307E+07  1.5738E+04  7.5635E+01  3.1643E+07  3.1624E+07
   1  43  9.9000E-01  1.0000E+00  4.3313E+00  3.1307E+07  1.8946E+04  7.7810E+01  3.1645E+07  3.1624E+07
   1  44  9.9000E-01  1.0000E+00  4.3679E+00  3.1307E+07  2.2863E+04  8.0700E+01  3.1647E+07  3.1624E+07
   1  45  9.9000E-01  1.0000E+00  4.4024E+00  3.1307E+07  2.7658E+04  8.4529E+01  3.1649E+07  3.1624E+07
   1  46  9.9000E-01  1.0000E+00  4.4342E+00  3.1307E+07  3.3546E+04  8.9589E+01  3.1651E+07  3.1624E+07
   1  47  9.9000E-01  1.0000E+00  4.4626E+00  3.1307E+07  4.0813E+04  9.6256E+01  3.1653E+07  3.1624E+07
   1  48  9.9000E-01  1.0000E+00  4.4864E+00  3.1307E+07  4.9853E+04  1.0502E+02  3.1655E+07  3.1624E+07
   1  49  9.9000E-01  1.0000E+00  4.5049E+00  3.1307E+07  6.1236E+04  1.1653E+02  3.1656E+07  3.1624E+07
   1  50  9.9000E-01  1.0000E+00  4.5180E+00  3.1307E+07  7.5801E+04  1.3171E+02  3.1657E+07  3.1624E+07
   1  51  9.9000E-01  1.0000E+00  4.5259E+00  3.1307E+07  9.4794E+04  1.5187E+02  3.1658E+07  3.1624E+07
   1  52  9.9000E-01  1.0000E+00  4.5292E+00  3.1307E+07  1.2006E+05  1.7889E+02  3.1658E+07  3.1624E+07
   1  53  9.9000E-01  1.0000E+00  4.5295E+00  3.1307E+07  1.5426E+05  2.1550E+02  3.1658E+07  3.1624E+07
   1  54  9.9000E-01  1.0000E+00  4.5288E+00  3.1307E+07  2.0114E+05  2.6558E+02  3.1658E+07  3.1624E+07
   1  55  9.9000E-01  1.0000E+00  4.5288E+00  3.1307E+07  2.6575E+05  3.3461E+02  3.1658E+07  3.1624E+07
   1  56  9.9000E-01  1.0000E+00  4.5303E+00  3.1307E+07  3.5478E+05  4.3008E+02  3.1658E+07  3.1624E+07
   1  57  9.9000E-01  1.0000E+00  4.5349E+00  3.1307E+07  4.7657E+05  5.6207E+02  3.1658E+07  3.1624E+07
   1  58  9.9000E-01  1.0000E+00  4.5440E+00  3.1307E+07  6.4114E+05  7.4416E+02  3.1658E+07  3.1623E+07
   1  59  9.9000E-01  1.0000E+00  4.5574E+00  3.1307E+07  8.6084E+05  9.9491E+02  3.1659E+07  3.1623E+07
   1  60  9.9000E-01  1.0000E+00  4.5755E+00  3.1307E+07  1.1506E+06  1.3397E+03  3.1660E+07  3.1622E+07
   1  61  9.9000E-01  1.0000E+00  4.5978E+00  3.1307E+07  1.5288E+06  1.8134E+03  3.1661E+07  3.1622E+07
   1  62  9.9000E-01  1.0000E+00  4.6228E+00  3.1307E+07  2.0193E+06  2.4641E+03  3.1663E+07  3.1622E+07
   1  63  9.9000E-01  1.0000E+00  4.6476E+00  3.1307E+07  2.6552E+06  3.3575E+03  3.1666E+07  3.1622E+07
   1  64  9.9000E-01  1.0000E+00  4.6681E+00  3.1307E+07  3.4882E+06  4.5842E+03  3.1668E+07  3.1622E+07
   1  65  9.9000E-01  1.0000E+00  4.6787E+00  3.1307E+07  4.6039E+06  6.2678E+03  3.1670E+07  3.1622E+07
   1  66  9.9000E-01  1.0000E+00  4.6740E+00  3.1307E+07  6.1510E+06  8.5770E+03  3.1670E+07  3.1623E+07
   1  67  9.9000E-01  1.0000E+00  4.6513E+00  3.1307E+07  8.3841E+06  1.1741E+04  3.1669E+07  3.1624E+07
   1  68  9.9000E-01  1.0000E+00  4.6125E+00  3.1307E+07  1.1724E+07  1.6068E+04  3.1666E+07  3.1625E+07
   1  69  9.9000E-01  1.0000E+00  4.5634E+00  3.1307E+07  1.6824E+07  2.1970E+04  3.1663E+07  3.1627E+07
 after radpre
 HMIX0  0.59999999999999998     
dad -6.1791E-18 -6.1791E-18 -4.4721E-15

 SCHEME OF RADIATIVE EQUIL. SET IN RESOLV
 ONLY INTEGRAL EQUATION FOR ID          <=  37
 BOTH FOR                     38 <= ID <=  70


 RYBHEQ in iter   1
   id      dm          dens        pgs0          pra          pradfc      grad        log grad

   1   6.9925E-08   2.8895E-11   2.2104E+00   6.9112E+01   1.2504E+00   1.1421E+04   4.0577E+00
   2   9.5888E-08   2.9308E-11   3.0313E+00   6.9112E+01   1.2504E+00   6.9375E+03   3.8412E+00
   3   1.3115E-07   2.9869E-11   4.1463E+00   6.9112E+01   1.2504E+00   3.8150E+03   3.5815E+00
   4   1.7888E-07   3.0629E-11   5.6554E+00   6.9112E+01   1.2504E+00   2.4572E+03   3.3904E+00
   5   2.4316E-07   3.1652E-11   7.6882E+00   6.9112E+01   1.2504E+00   1.8382E+03   3.2644E+00
   6   3.2924E-07   3.3022E-11   1.0410E+01   6.9113E+01   1.2504E+00   1.5204E+03   3.1820E+00
   7   4.4367E-07   3.4843E-11   1.4028E+01   6.9113E+01   1.2504E+00   1.3434E+03   3.1282E+00
   8   5.9443E-07   3.7244E-11   1.8796E+01   6.9113E+01   1.2504E+00   1.2512E+03   3.0973E+00
   9   7.9108E-07   4.0375E-11   2.5014E+01   6.9113E+01   1.2504E+00   1.2170E+03   3.0853E+00
  10   1.0447E-06   4.4415E-11   3.3034E+01   6.9113E+01   1.2505E+00   1.2249E+03   3.0881E+00
  11   1.3679E-06   4.9565E-11   4.3254E+01   6.9114E+01   1.2505E+00   1.2703E+03   3.1039E+00
  12   1.7748E-06   5.6051E-11   5.6121E+01   6.9114E+01   1.2505E+00   1.3565E+03   3.1324E+00
  13   2.2812E-06   6.4128E-11   7.2133E+01   6.9115E+01   1.2505E+00   1.4674E+03   3.1665E+00
  14   2.9044E-06   7.4076E-11   9.1842E+01   6.9116E+01   1.2505E+00   1.5962E+03   3.2031E+00
  15   3.6643E-06   8.6213E-11   1.1587E+02   6.9117E+01   1.2505E+00   1.7463E+03   3.2421E+00
  16   4.5829E-06   1.0090E-10   1.4492E+02   6.9119E+01   1.2505E+00   1.9112E+03   3.2813E+00
  17   5.6859E-06   1.1856E-10   1.7979E+02   6.9122E+01   1.2505E+00   2.0937E+03   3.3209E+00
  18   7.0028E-06   1.3967E-10   2.2143E+02   6.9125E+01   1.2505E+00   2.2958E+03   3.3609E+00
  19   8.5681E-06   1.6481E-10   2.7093E+02   6.9128E+01   1.2505E+00   2.5072E+03   3.3992E+00
  20   1.0423E-05   1.9465E-10   3.2957E+02   6.9134E+01   1.2505E+00   2.7249E+03   3.4353E+00
  21   1.2614E-05   2.3000E-10   3.9887E+02   6.9140E+01   1.2505E+00   2.9412E+03   3.4685E+00
  22   1.5200E-05   2.7181E-10   4.8062E+02   6.9148E+01   1.2505E+00   3.1272E+03   3.4951E+00
  23   1.8246E-05   3.2122E-10   5.7693E+02   6.9158E+01   1.2505E+00   3.2710E+03   3.5147E+00
  24   2.1831E-05   3.7959E-10   6.9031E+02   6.9170E+01   1.2505E+00   3.3802E+03   3.5289E+00
  25   2.6051E-05   4.4856E-10   8.2372E+02   6.9185E+01   1.2504E+00   3.4765E+03   3.5411E+00
  26   3.1015E-05   5.3008E-10   9.8069E+02   6.9203E+01   1.2502E+00   3.6059E+03   3.5570E+00
  27   3.6858E-05   6.2655E-10   1.1654E+03   6.9225E+01   1.2500E+00   3.8267E+03   3.5828E+00
  28   4.3741E-05   7.4086E-10   1.3831E+03   6.9254E+01   1.2497E+00   4.1715E+03   3.6203E+00
  29   5.1854E-05   8.7650E-10   1.6396E+03   6.9291E+01   1.2493E+00   4.6441E+03   3.6669E+00
  30   6.1428E-05   1.0378E-09   1.9423E+03   6.9342E+01   1.2488E+00   5.2279E+03   3.7183E+00
  31   7.2742E-05   1.2298E-09   2.3000E+03   6.9408E+01   1.2481E+00   5.9028E+03   3.7711E+00
  32   8.6132E-05   1.4592E-09   2.7234E+03   6.9498E+01   1.2472E+00   6.6646E+03   3.8238E+00
  33   1.0201E-04   1.7336E-09   3.2254E+03   6.9617E+01   1.2460E+00   7.5194E+03   3.8762E+00
  34   1.2088E-04   2.0628E-09   3.8220E+03   6.9777E+01   1.2446E+00   8.4686E+03   3.9278E+00
  35   1.4337E-04   2.4587E-09   4.5329E+03   6.9991E+01   1.2427E+00   9.5135E+03   3.9783E+00
  36   1.7025E-04   2.9360E-09   5.3825E+03   7.0277E+01   1.2404E+00   1.0654E+04   4.0275E+00
  37   2.0245E-04   3.5123E-09   6.4005E+03   7.0660E+01   1.2375E+00   1.1898E+04   4.0755E+00
  38   2.4116E-04   4.2089E-09   7.6242E+03   7.1173E+01   1.2339E+00   1.3248E+04   4.1222E+00
  39   2.8784E-04   5.0508E-09   9.0995E+03   7.1859E+01   1.2296E+00   1.4700E+04   4.1673E+00
  40   3.4427E-04   6.0672E-09   1.0883E+04   7.2776E+01   1.2244E+00   1.6252E+04   4.2109E+00
  41   4.1271E-04   7.2908E-09   1.3046E+04   7.4001E+01   1.2183E+00   1.7899E+04   4.2528E+00
  42   4.9593E-04   8.7573E-09   1.5676E+04   7.5635E+01   1.2112E+00   1.9630E+04   4.2929E+00
  43   5.9736E-04   1.0503E-08   1.8881E+04   7.7810E+01   1.2030E+00   2.1444E+04   4.3313E+00
  44   7.2123E-04   1.2564E-08   2.2796E+04   8.0700E+01   1.1939E+00   2.3330E+04   4.3679E+00
  45   8.7286E-04   1.4974E-08   2.7587E+04   8.4529E+01   1.1836E+00   2.5256E+04   4.4024E+00
  46   1.0591E-03   1.7765E-08   3.3470E+04   8.9589E+01   1.1721E+00   2.7176E+04   4.4342E+00
  47   1.2888E-03   2.0974E-08   4.0729E+04   9.6256E+01   1.1592E+00   2.9012E+04   4.4626E+00
  48   1.5747E-03   2.4660E-08   4.9760E+04   1.0502E+02   1.1443E+00   3.0647E+04   4.4864E+00
  49   1.9346E-03   2.8932E-08   6.1131E+04   1.1653E+02   1.1271E+00   3.1984E+04   4.5049E+00
  50   2.3952E-03   3.3981E-08   7.5680E+04   1.3171E+02   1.1080E+00   3.2964E+04   4.5180E+00
  51   2.9958E-03   4.0115E-08   9.4653E+04   1.5187E+02   1.0874E+00   3.3565E+04   4.5259E+00
  52   3.7948E-03   4.7785E-08   1.1989E+05   1.7889E+02   1.0667E+00   3.3823E+04   4.5292E+00
  53   4.8763E-03   5.7597E-08   1.5405E+05   2.1550E+02   1.0474E+00   3.3844E+04   4.5295E+00
  54   6.3586E-03   7.0302E-08   2.0088E+05   2.6558E+02   1.0310E+00   3.3788E+04   4.5288E+00
  55   8.4015E-03   8.6785E-08   2.6541E+05   3.3461E+02   1.0185E+00   3.3791E+04   4.5288E+00
  56   1.1217E-02   1.0805E-07   3.5435E+05   4.3008E+02   1.0101E+00   3.3911E+04   4.5303E+00
  57   1.5068E-02   1.3513E-07   4.7600E+05   5.6207E+02   1.0051E+00   3.4270E+04   4.5349E+00
  58   2.0272E-02   1.6898E-07   6.4039E+05   7.4416E+02   1.0024E+00   3.4991E+04   4.5440E+00
  59   2.7220E-02   2.1061E-07   8.5984E+05   9.9491E+02   1.0010E+00   3.6092E+04   4.5574E+00
  60   3.6383E-02   2.6101E-07   1.1493E+06   1.3397E+03   1.0004E+00   3.7627E+04   4.5755E+00
  61   4.8344E-02   3.2128E-07   1.5270E+06   1.8134E+03   1.0001E+00   3.9608E+04   4.5978E+00
  62   6.3853E-02   3.9283E-07   2.0168E+06   2.4641E+03   9.9993E-01   4.1952E+04   4.6228E+00
  63   8.3965E-02   4.7794E-07   2.6519E+06   3.3575E+03   9.9987E-01   4.4423E+04   4.6476E+00
  64   1.1031E-01   5.8071E-07   3.4837E+06   4.5842E+03   9.9982E-01   4.6568E+04   4.6681E+00
  65   1.4559E-01   7.0866E-07   4.5978E+06   6.2678E+03   9.9968E-01   4.7716E+04   4.6787E+00
  66   1.9451E-01   8.7521E-07   6.1425E+06   8.5770E+03   9.9932E-01   4.7203E+04   4.6740E+00
  67   2.6513E-01   1.1026E-06   8.3724E+06   1.1741E+04   9.9848E-01   4.4804E+04   4.6513E+00
  68   3.7073E-01   1.4248E-06   1.1707E+07   1.6068E+04   9.9682E-01   4.0977E+04   4.6125E+00
  69   5.3199E-01   1.8894E-06   1.6801E+07   2.1970E+04   9.9383E-01   3.6597E+04   4.5634E+00
  70   7.7933E-01   2.5575E-06   2.4615E+07   2.9987E+04   9.8882E-01   3.2414E+04   4.5107E+00
 before if(lfin) F

before psy0 - nfreqe,in       0       2       0       1       0       0       1

 =========  LINEARIZATION, ITER =           1

reint1.1.1.1.1.1.1.1.1.1.1.1.1.1.1.1.1.1.1.1.1.1.1.1.1.1.1.1.1.1.1.1.1.1.1.
     1.1.1.1.1.1.1.1.1.1.1.1.1.1.1.1.1.1.1.1.1.1.1.1.1.1.1.1.1.1.1.1.1.1.1.
redif0.0.0.0.0.0.0.0.0.0.0.0.0.0.0.0.0.0.0.0.0.0.0.0.0.0.0.0.0.0.0.0.0.0.0.
     0.1.1.1.1.1.1.1.1.1.1.1.1.1.1.1.1.1.1.1.1.1.1.1.1.1.1.1.1.1.1.1.1.1.1.
u -2.33E+04 -9.34E-06  1.21E+00  2.00E+00 -1.93E+04 -1.93E+04  9.33E+07  1.30E-08  1.58E-04  2.18E-01
 ===== end of RYBCHN in ITER           1
 conout imod,iprin           1           1


  ID    DM        TEMP      DELTA  DELTA(AD)  CON/TOT  RAD/TOT  (C+R)/TOT


   1 6.99E-08   9734.3  0.00E+00  0.00E+00  0.00E+00  0.00E+00  0.00E+00
   2 9.59E-08   9734.3  7.06E-06  0.00E+00  0.00E+00  0.00E+00  0.00E+00
   3 1.31E-07   9734.3  7.10E-06  0.00E+00  0.00E+00  0.00E+00  0.00E+00
   4 1.79E-07   9734.3  7.20E-06  0.00E+00  0.00E+00  0.00E+00  0.00E+00
   5 2.43E-07   9734.3  7.37E-06  0.00E+00  0.00E+00  0.00E+00  0.00E+00
   6 3.29E-07   9895.1  4.70E-01  0.00E+00  0.00E+00  0.00E+00  0.00E+00
   7 4.44E-07   9951.6  1.28E-01  0.00E+00  0.00E+00  0.00E+00  0.00E+00
   8 5.94E-07   9843.5 -1.96E-01  0.00E+00  0.00E+00  0.00E+00  0.00E+00
   9 7.91E-07   9734.4 -1.63E-01  0.00E+00  0.00E+00  0.00E+00  0.00E+00
  10 1.04E-06   9734.4  1.07E-05  0.00E+00  0.00E+00  0.00E+00  0.00E+00
  11 1.37E-06   9734.4  1.23E-05  0.00E+00  0.00E+00  0.00E+00  0.00E+00
  12 1.77E-06   9734.4  1.46E-05  0.00E+00  0.00E+00  0.00E+00  0.00E+00
  13 2.28E-06   9734.4  1.76E-05  0.00E+00  0.00E+00  0.00E+00  0.00E+00
  14 2.90E-06   9734.4  2.18E-05  0.00E+00  0.00E+00  0.00E+00  0.00E+00
  15 3.66E-06   9734.5  2.74E-05  0.00E+00  0.00E+00  0.00E+00  0.00E+00
  16 4.58E-06   9734.5  3.51E-05  0.00E+00  0.00E+00  0.00E+00  0.00E+00
  17 5.69E-06   9734.6  4.54E-05  0.00E+00  0.00E+00  0.00E+00  0.00E+00
  18 7.00E-06   9819.3  5.60E-02  0.00E+00  0.00E+00  0.00E+00  0.00E+00
  19 8.57E-06   9983.9  1.06E-01  0.00E+00  0.00E+00  0.00E+00  0.00E+00
  20 1.04E-05  10144.9  1.01E-01  0.00E+00  0.00E+00  0.00E+00  0.00E+00
  21 1.26E-05  10290.9  8.91E-02  0.00E+00  0.00E+00  0.00E+00  0.00E+00
  22 1.52E-05  10404.4  6.81E-02  0.00E+00  0.00E+00  0.00E+00  0.00E+00
  23 1.82E-05  10478.9  4.42E-02  0.00E+00  0.00E+00  0.00E+00  0.00E+00
  24 2.18E-05  10508.0  1.71E-02  0.00E+00  0.00E+00  0.00E+00  0.00E+00
  25 2.61E-05  10485.6 -1.32E-02  0.00E+00  0.00E+00  0.00E+00  0.00E+00
  26 3.10E-05  10415.4 -4.15E-02  0.00E+00  0.00E+00  0.00E+00  0.00E+00
  27 3.69E-05  10315.8 -5.92E-02  0.00E+00  0.00E+00  0.00E+00  0.00E+00
  28 4.37E-05  10217.8 -5.88E-02  0.00E+00  0.00E+00  0.00E+00  0.00E+00
  29 5.19E-05  10157.6 -3.63E-02  0.00E+00  0.00E+00  0.00E+00  0.00E+00
  30 6.14E-05  10160.3  1.61E-03  0.00E+00  0.00E+00  0.00E+00  0.00E+00
  31 7.27E-05  10223.6  3.80E-02  0.00E+00  0.00E+00  0.00E+00  0.00E+00
  32 8.61E-05  10326.1  6.06E-02  7.72E-02  0.00E+00  0.00E+00  0.00E+00
  33 1.02E-04  10446.9  7.04E-02  7.80E-02  0.00E+00  0.00E+00  0.00E+00
  34 1.21E-04  10574.2  7.27E-02  7.90E-02  0.00E+00  0.00E+00  0.00E+00
  35 1.43E-04  10702.2  7.17E-02  8.00E-02  0.00E+00  0.00E+00  0.00E+00
  36 1.70E-04  10830.4  7.03E-02  8.10E-02  0.00E+00  0.00E+00  0.00E+00
  37 2.02E-04  10962.2  7.06E-02  8.20E-02  0.00E+00  0.00E+00  0.00E+00
  38 2.41E-04  11094.6  6.93E-02  8.30E-02  0.00E+00  0.00E+00  0.00E+00
  39 2.88E-04  11232.9  7.06E-02  8.41E-02  0.00E+00  0.00E+00  0.00E+00
  40 3.44E-04  11379.8  7.31E-02  8.52E-02  0.00E+00  0.00E+00  0.00E+00
  41 4.13E-04  11539.4  7.72E-02  8.64E-02  0.00E+00  0.00E+00  0.00E+00
  42 4.96E-04  11716.4  8.32E-02  8.78E-02  0.00E+00  0.00E+00  0.00E+00
  43 5.97E-04  11916.6  9.14E-02  8.94E-02  7.12E-09  0.00E+00  7.12E-09
  44 7.21E-04  12148.2  1.02E-01  9.14E-02  7.05E-07  0.00E+00  7.05E-07
  45 8.73E-04  12421.5  1.17E-01  9.38E-02  3.48E-06  0.00E+00  3.48E-06
  46 1.06E-03  12749.3  1.35E-01  9.71E-02  7.71E-06  0.00E+00  7.71E-06
  47 1.29E-03  13144.6  1.56E-01  1.02E-01  9.80E-06  0.00E+00  9.80E-06
  48 1.57E-03  13617.4  1.77E-01  1.08E-01  7.12E-06  0.00E+00  7.12E-06
  49 1.93E-03  14173.3  1.95E-01  1.18E-01  2.89E-06  0.00E+00  2.89E-06
  50 2.40E-03  14814.2  2.07E-01  1.32E-01  6.66E-07  0.00E+00  6.66E-07
  51 3.00E-03  15539.9  2.14E-01  1.51E-01  8.56E-08  0.00E+00  8.56E-08
  52 3.79E-03  16350.6  2.15E-01  1.78E-01  4.23E-09  0.00E+00  4.23E-09
  53 4.88E-03  17248.9  2.13E-01  2.09E-01  2.90E-12  0.00E+00  2.90E-12
  54 6.36E-03  18243.8  2.11E-01  2.43E-01  0.00E+00  0.00E+00  0.00E+00
  55 8.40E-03  19351.7  2.12E-01  2.78E-01  0.00E+00  0.00E+00  0.00E+00
  56 1.12E-02  20594.3  2.15E-01  3.09E-01  0.00E+00  0.00E+00  0.00E+00
  57 1.51E-02  21990.6  2.22E-01  3.36E-01  0.00E+00  0.00E+00  0.00E+00
  58 2.03E-02  23553.9  2.32E-01  3.56E-01  0.00E+00  0.00E+00  0.00E+00
  59 2.72E-02  25294.3  2.42E-01  3.71E-01  0.00E+00  0.00E+00  0.00E+00
  60 3.64E-02  27220.1  2.53E-01  3.81E-01  0.00E+00  0.00E+00  0.00E+00
  61 4.83E-02  29338.9  2.64E-01  3.88E-01  0.00E+00  0.00E+00  0.00E+00
  62 6.39E-02  31659.2  2.74E-01  3.92E-01  0.00E+00  0.00E+00  0.00E+00
  63 8.40E-02  34190.4  2.81E-01  3.95E-01  0.00E+00  0.00E+00  0.00E+00
  64 1.10E-01  36942.9  2.84E-01  3.96E-01  0.00E+00  0.00E+00  0.00E+00
  65 1.46E-01  39928.1  2.80E-01  3.98E-01  0.00E+00  0.00E+00  0.00E+00
  66 1.95E-01  43159.6  2.69E-01  3.98E-01  0.00E+00  0.00E+00  0.00E+00
  67 2.65E-01  46656.0  2.52E-01  3.99E-01  0.00E+00  0.00E+00  0.00E+00
  68 3.71E-01  50444.7  2.33E-01  3.99E-01  0.00E+00  0.00E+00  0.00E+00
  69 5.32E-01  54563.1  2.17E-01  3.99E-01  0.00E+00  0.00E+00  0.00E+00
  70 7.79E-01  59054.7  2.07E-01  3.99E-01  0.00E+00  0.00E+00  0.00E+00

convective zone between depths (inclusive)  43  53

 end rybsol

**********
 ITERATION:  2
**********

 before inilam
 after inilam
 after linsel
 NTRANS         136
 ilam           1
 after opaini in ilam           1
 after ratsp1i in ilam           1
 after newpop in ilam           1
 after output
 after radpre
 HMIX0  0.59999999999999998     
dad -3.6163E-20 -3.6163E-20 -8.5066E-17

 RYBHEQ in iter   2
   id      dm          dens        pgs0          pra          pradfc      grad        log grad

   1   6.9925E-08   1.3899E-12   2.2111E+00   7.0938E+01   3.1335E+00   1.7873E+03   3.2522E+00
   2   9.5888E-08   1.9073E-12   3.0321E+00   7.0938E+01   3.1335E+00   8.1561E+02   2.9115E+00
   3   1.3115E-07   2.6115E-12   4.1472E+00   7.0938E+01   3.1335E+00   4.2839E+02   2.6318E+00
   4   1.7888E-07   3.5666E-12   5.6564E+00   7.0938E+01   3.1335E+00   3.3548E+02   2.5257E+00
   5   2.4316E-07   4.8569E-12   7.6893E+00   7.0938E+01   3.1335E+00   3.3339E+02   2.5230E+00
   6   3.2924E-07   6.4697E-12   1.0411E+01   7.0938E+01   2.9348E+00   5.0439E+02   2.7028E+00
   7   4.4367E-07   8.6808E-12   1.4030E+01   7.0938E+01   2.8687E+00   3.9624E+02   2.5980E+00
   8   5.9443E-07   1.1817E-11   1.8797E+01   7.0938E+01   2.9968E+00   3.0303E+02   2.4815E+00
   9   7.9108E-07   1.6028E-11   2.5016E+01   7.0938E+01   3.1335E+00   4.5121E+02   2.6544E+00
  10   1.0447E-06   2.1300E-11   3.3036E+01   7.0938E+01   3.1335E+00   6.7072E+02   2.8265E+00
  11   1.3679E-06   2.8104E-11   4.3256E+01   7.0938E+01   3.1335E+00   8.0403E+02   2.9053E+00
  12   1.7748E-06   3.6803E-11   5.6123E+01   7.0939E+01   3.1335E+00   9.4174E+02   2.9739E+00
  13   2.2812E-06   4.7821E-11   7.2135E+01   7.0939E+01   3.1334E+00   1.0717E+03   3.0301E+00
  14   2.9044E-06   6.1658E-11   9.1844E+01   7.0940E+01   3.1334E+00   1.1806E+03   3.0721E+00
  15   3.6643E-06   7.8906E-11   1.1587E+02   7.0941E+01   3.1334E+00   1.2714E+03   3.1043E+00
  16   4.5829E-06   1.0026E-10   1.4492E+02   7.0942E+01   3.1334E+00   1.3689E+03   3.1364E+00
  17   5.6859E-06   1.2657E-10   1.7980E+02   7.0944E+01   3.1334E+00   1.5183E+03   3.1814E+00
  18   7.0028E-06   1.5516E-10   2.2144E+02   7.0946E+01   3.0268E+00   1.8390E+03   3.2646E+00
  19   8.5681E-06   1.8506E-10   2.7094E+02   7.0950E+01   2.8322E+00   2.2039E+03   3.3432E+00
  20   1.0423E-05   2.1986E-10   3.2958E+02   7.0954E+01   2.6568E+00   2.4398E+03   3.3874E+00
  21   1.2614E-05   2.6100E-10   3.9888E+02   7.0960E+01   2.5095E+00   2.6276E+03   3.4196E+00
  22   1.5200E-05   3.1086E-10   4.8063E+02   7.0967E+01   2.4020E+00   2.7601E+03   3.4409E+00
  23   1.8246E-05   3.7212E-10   5.7694E+02   7.0976E+01   2.3347E+00   2.8696E+03   3.4578E+00
  24   2.1831E-05   4.4871E-10   6.9032E+02   7.0987E+01   2.3092E+00   2.9784E+03   3.4740E+00
  25   2.6051E-05   5.4677E-10   8.2373E+02   7.1000E+01   2.3295E+00   3.1124E+03   3.4931E+00
  26   3.1015E-05   6.7446E-10   9.8070E+02   7.1016E+01   2.3935E+00   3.3068E+03   3.5194E+00
  27   3.6858E-05   8.4024E-10   1.1655E+03   7.1037E+01   2.4879E+00   3.5622E+03   3.5517E+00
  28   4.3741E-05   1.0484E-09   1.3831E+03   7.1063E+01   2.5858E+00   3.8407E+03   3.5844E+00
  29   5.1854E-05   1.2937E-09   1.6396E+03   7.1097E+01   2.6488E+00   4.1356E+03   3.6165E+00
  30   6.1428E-05   1.5640E-09   1.9423E+03   7.1140E+01   2.6477E+00   4.4936E+03   3.6526E+00
  31   7.2742E-05   1.8537E-09   2.3000E+03   7.1196E+01   2.5847E+00   4.9670E+03   3.6961E+00
  32   8.6132E-05   2.1707E-09   2.7234E+03   7.1271E+01   2.4863E+00   5.5685E+03   3.7457E+00
  33   1.0201E-04   2.5295E-09   3.2254E+03   7.1371E+01   2.3765E+00   6.2814E+03   3.7981E+00
  34   1.2088E-04   2.9457E-09   3.8221E+03   7.1504E+01   2.2684E+00   7.0860E+03   3.8504E+00
  35   1.4337E-04   3.4356E-09   4.5331E+03   7.1684E+01   2.1672E+00   7.9744E+03   3.9017E+00
  36   1.7025E-04   4.0147E-09   5.3827E+03   7.1924E+01   2.0733E+00   8.9529E+03   3.9520E+00
  37   2.0245E-04   4.6979E-09   6.4008E+03   7.2248E+01   1.9843E+00   1.0047E+04   4.0020E+00
  38   2.4116E-04   5.5107E-09   7.6245E+03   7.2684E+01   1.9027E+00   1.1264E+04   4.0517E+00
  39   2.8784E-04   6.4724E-09   9.0999E+03   7.3273E+01   1.8254E+00   1.2631E+04   4.1014E+00
  40   3.4427E-04   7.6082E-09   1.0884E+04   7.4074E+01   1.7518E+00   1.4180E+04   4.1517E+00
  41   4.1271E-04   8.9438E-09   1.3047E+04   7.5165E+01   1.6813E+00   1.5941E+04   4.2025E+00
  42   4.9593E-04   1.0505E-08   1.5677E+04   7.6658E+01   1.6135E+00   1.7946E+04   4.2540E+00
  43   5.9736E-04   1.2315E-08   1.8882E+04   7.8710E+01   1.5481E+00   2.0235E+04   4.3061E+00
  44   7.2123E-04   1.4387E-08   2.2797E+04   8.1540E+01   1.4849E+00   2.2842E+04   4.3587E+00
  45   8.7286E-04   1.6724E-08   2.7588E+04   8.5446E+01   1.4235E+00   2.5765E+04   4.4110E+00
  46   1.0591E-03   1.9323E-08   3.3470E+04   9.0836E+01   1.3636E+00   2.8946E+04   4.4616E+00
  47   1.2888E-03   2.2194E-08   4.0729E+04   9.8234E+01   1.3051E+00   3.2197E+04   4.5078E+00
  48   1.5747E-03   2.5403E-08   4.9759E+04   1.0828E+02   1.2489E+00   3.5145E+04   4.5459E+00
  49   1.9346E-03   2.9114E-08   6.1128E+04   1.2173E+02   1.1965E+00   3.7378E+04   4.5726E+00
  50   2.3952E-03   3.3596E-08   7.5674E+04   1.3952E+02   1.1489E+00   3.8615E+04   4.5868E+00
  51   2.9958E-03   3.9224E-08   9.4644E+04   1.6284E+02   1.1075E+00   3.8824E+04   4.5891E+00
  52   3.7948E-03   4.6485E-08   1.1988E+05   1.9337E+02   1.0731E+00   3.8221E+04   4.5823E+00
  53   4.8763E-03   5.5994E-08   1.5404E+05   2.3357E+02   1.0465E+00   3.7165E+04   4.5701E+00
  54   6.3586E-03   6.8499E-08   2.0086E+05   2.8701E+02   1.0276E+00   3.6054E+04   4.5570E+00
  55   8.4015E-03   8.4864E-08   2.6539E+05   3.5899E+02   1.0153E+00   3.5234E+04   4.5470E+00
  56   1.1217E-02   1.0606E-07   3.5432E+05   4.5714E+02   1.0079E+00   3.4861E+04   4.5423E+00
  57   1.5068E-02   1.3307E-07   4.7597E+05   5.9191E+02   1.0039E+00   3.4994E+04   4.5440E+00
  58   2.0272E-02   1.6683E-07   6.4036E+05   7.7741E+02   1.0018E+00   3.5644E+04   4.5520E+00
  59   2.7220E-02   2.0832E-07   8.5980E+05   1.0329E+03   1.0007E+00   3.6769E+04   4.5655E+00
  60   3.6383E-02   2.5851E-07   1.1492E+06   1.3845E+03   1.0002E+00   3.8373E+04   4.5840E+00
  61   4.8344E-02   3.1847E-07   1.5270E+06   1.8681E+03   1.0000E+00   4.0435E+04   4.6068E+00
  62   6.3853E-02   3.8963E-07   2.0168E+06   2.5327E+03   9.9990E-01   4.2849E+04   4.6319E+00
  63   8.3965E-02   4.7425E-07   2.6518E+06   3.4449E+03   9.9985E-01   4.5356E+04   4.6566E+00
  64   1.1031E-01   5.7645E-07   3.4836E+06   4.6952E+03   9.9980E-01   4.7468E+04   4.6764E+00
  65   1.4559E-01   7.0382E-07   4.5976E+06   6.4061E+03   9.9966E-01   4.8487E+04   4.6856E+00
  66   1.9451E-01   8.6979E-07   6.1423E+06   8.7422E+03   9.9928E-01   4.7754E+04   4.6790E+00
  67   2.6513E-01   1.0966E-06   8.3722E+06   1.1928E+04   9.9842E-01   4.5113E+04   4.6543E+00
  68   3.7073E-01   1.4182E-06   1.1707E+07   1.6273E+04   9.9673E-01   4.1146E+04   4.6143E+00
  69   5.3199E-01   1.8816E-06   1.6801E+07   2.2206E+04   9.9370E-01   3.6792E+04   4.5658E+00
  70   7.7933E-01   2.5470E-06   2.4614E+07   3.0315E+04   9.8859E-01   3.2784E+04   4.5157E+00
 before if(lfin) F

before psy0 - nfreqe,in       0       2       0       1       0       0       1

 =========  LINEARIZATION, ITER =           2

reint1.1.1.1.1.1.1.1.1.1.1.1.1.1.1.1.1.1.1.1.1.1.1.1.1.1.1.1.1.1.1.1.1.1.1.
     1.1.1.1.1.1.1.1.1.1.1.1.1.1.1.1.1.1.1.1.1.1.1.1.1.1.1.1.1.1.1.1.1.1.1.
redif0.0.0.0.0.0.0.0.0.0.0.0.0.0.0.0.0.0.0.0.0.0.0.0.0.0.0.0.0.0.0.0.0.0.0.
     0.1.1.1.1.1.1.1.1.1.1.1.1.1.1.1.1.1.1.1.1.1.1.1.1.1.1.1.1.1.1.1.1.1.1.
u -2.06E+04 -4.78E-05  1.08E+00  2.00E+00 -1.91E+04 -1.91E+04  8.32E+07  1.30E-08  1.55E-04  9.88E-01
 ===== end of RYBCHN in ITER           2
 conout imod,iprin           1           1


  ID    DM        TEMP      DELTA  DELTA(AD)  CON/TOT  RAD/TOT  (C+R)/TOT


   1 6.99E-08   7787.5  0.00E+00  0.00E+00  0.00E+00  0.00E+00  0.00E+00
   2 9.59E-08   8674.7  9.43E+00  0.00E+00  0.00E+00  0.00E+00  0.00E+00
   3 1.31E-07   8711.6  2.76E-01  0.00E+00  0.00E+00  0.00E+00  0.00E+00
   4 1.79E-07   8679.9 -1.79E-01  0.00E+00  0.00E+00  0.00E+00  0.00E+00
   5 2.43E-07   8616.1 -2.75E-01  0.00E+00  0.00E+00  0.00E+00  0.00E+00
   6 3.29E-07   8670.8  1.82E-01  0.00E+00  0.00E+00  0.00E+00  0.00E+00
   7 4.44E-07   8663.2 -1.97E-02  0.00E+00  0.00E+00  0.00E+00  0.00E+00
   8 5.94E-07   8670.2  1.46E-02  0.00E+00  0.00E+00  0.00E+00  0.00E+00
   9 7.91E-07   8822.8  2.55E-01  0.00E+00  0.00E+00  0.00E+00  0.00E+00
  10 1.04E-06   8945.5  1.69E-01  0.00E+00  0.00E+00  0.00E+00  0.00E+00
  11 1.37E-06   9062.7  1.37E-01  0.00E+00  0.00E+00  0.00E+00  0.00E+00
  12 1.77E-06   9182.4  1.21E-01  0.00E+00  0.00E+00  0.00E+00  0.00E+00
  13 2.28E-06   9292.2  9.88E-02  0.00E+00  0.00E+00  0.00E+00  0.00E+00
  14 2.90E-06   9383.8  7.51E-02  0.00E+00  0.00E+00  0.00E+00  0.00E+00
  15 3.66E-06   9463.2  6.06E-02  0.00E+00  0.00E+00  0.00E+00  0.00E+00
  16 4.58E-06   9535.5  5.22E-02  0.00E+00  0.00E+00  0.00E+00  0.00E+00
  17 5.69E-06   9603.3  4.69E-02  0.00E+00  0.00E+00  0.00E+00  0.00E+00
  18 7.00E-06   9686.6  5.59E-02  0.00E+00  0.00E+00  0.00E+00  0.00E+00
  19 8.57E-06   9785.0  6.43E-02  0.00E+00  0.00E+00  0.00E+00  0.00E+00
  20 1.04E-05   9878.3  5.96E-02  0.00E+00  0.00E+00  0.00E+00  0.00E+00
  21 1.26E-05   9966.7  5.56E-02  0.00E+00  0.00E+00  0.00E+00  0.00E+00
  22 1.52E-05  10043.3  4.76E-02  0.00E+00  0.00E+00  0.00E+00  0.00E+00
  23 1.82E-05  10106.2  3.87E-02  0.00E+00  0.00E+00  0.00E+00  0.00E+00
  24 2.18E-05  10155.5  3.01E-02  0.00E+00  0.00E+00  0.00E+00  0.00E+00
  25 2.61E-05  10195.5  2.43E-02  0.00E+00  0.00E+00  0.00E+00  0.00E+00
  26 3.10E-05  10232.2  2.22E-02  0.00E+00  0.00E+00  0.00E+00  0.00E+00
  27 3.69E-05  10269.2  2.22E-02  0.00E+00  0.00E+00  0.00E+00  0.00E+00
  28 4.37E-05  10314.8  2.73E-02  0.00E+00  0.00E+00  0.00E+00  0.00E+00
  29 5.19E-05  10373.7  3.50E-02  0.00E+00  0.00E+00  0.00E+00  0.00E+00
  30 6.14E-05  10432.8  3.48E-02  0.00E+00  0.00E+00  0.00E+00  0.00E+00
  31 7.27E-05  10479.2  2.71E-02  0.00E+00  0.00E+00  0.00E+00  0.00E+00
  32 8.61E-05  10518.2  2.26E-02  7.92E-02  0.00E+00  0.00E+00  0.00E+00
  33 1.02E-04  10561.1  2.46E-02  7.93E-02  0.00E+00  0.00E+00  0.00E+00
  34 1.21E-04  10613.5  2.97E-02  7.96E-02  0.00E+00  0.00E+00  0.00E+00
  35 1.43E-04  10675.8  3.49E-02  8.00E-02  0.00E+00  0.00E+00  0.00E+00
  36 1.70E-04  10748.0  3.98E-02  8.06E-02  0.00E+00  0.00E+00  0.00E+00
  37 2.02E-04  10828.7  4.37E-02  8.12E-02  0.00E+00  0.00E+00  0.00E+00
  38 2.41E-04  10922.0  4.96E-02  8.19E-02  0.00E+00  0.00E+00  0.00E+00
  39 2.88E-04  11028.9  5.55E-02  8.26E-02  0.00E+00  0.00E+00  0.00E+00
  40 3.44E-04  11151.7  6.23E-02  8.35E-02  0.00E+00  0.00E+00  0.00E+00
  41 4.13E-04  11294.5  7.05E-02  8.45E-02  0.00E+00  0.00E+00  0.00E+00
  42 4.96E-04  11461.8  8.05E-02  8.57E-02  0.00E+00  0.00E+00  0.00E+00
  43 5.97E-04  11659.8  9.24E-02  8.71E-02  1.96E-07  0.00E+00  1.96E-07
  44 7.21E-04  11896.6  1.07E-01  8.88E-02  4.50E-06  0.00E+00  4.50E-06
  45 8.73E-04  12182.6  1.25E-01  9.09E-02  1.59E-05  0.00E+00  1.59E-05
  46 1.06E-03  12531.2  1.46E-01  9.39E-02  2.97E-05  0.00E+00  2.97E-05
  47 1.29E-03  12956.6  1.70E-01  9.82E-02  3.41E-05  0.00E+00  3.41E-05
  48 1.57E-03  13467.7  1.93E-01  1.05E-01  2.27E-05  0.00E+00  2.27E-05
  49 1.93E-03  14064.6  2.11E-01  1.14E-01  8.24E-06  0.00E+00  8.24E-06
  50 2.40E-03  14742.1  2.21E-01  1.29E-01  1.65E-06  0.00E+00  1.65E-06
  51 3.00E-03  15494.7  2.23E-01  1.49E-01  1.86E-07  0.00E+00  1.86E-07
  52 3.79E-03  16321.6  2.20E-01  1.77E-01  8.86E-09  0.00E+00  8.86E-09
  53 4.88E-03  17228.0  2.16E-01  2.07E-01  1.91E-11  0.00E+00  1.91E-11
  54 6.36E-03  18225.9  2.12E-01  2.42E-01  0.00E+00  0.00E+00  0.00E+00
  55 8.40E-03  19334.7  2.12E-01  2.77E-01  0.00E+00  0.00E+00  0.00E+00
  56 1.12E-02  20577.5  2.16E-01  3.09E-01  0.00E+00  0.00E+00  0.00E+00
  57 1.51E-02  21974.4  2.23E-01  3.35E-01  0.00E+00  0.00E+00  0.00E+00
  58 2.03E-02  23538.8  2.32E-01  3.56E-01  0.00E+00  0.00E+00  0.00E+00
  59 2.72E-02  25280.7  2.42E-01  3.71E-01  0.00E+00  0.00E+00  0.00E+00
  60 3.64E-02  27208.0  2.53E-01  3.81E-01  0.00E+00  0.00E+00  0.00E+00
  61 4.83E-02  29328.1  2.64E-01  3.88E-01  0.00E+00  0.00E+00  0.00E+00
  62 6.39E-02  31649.3  2.74E-01  3.92E-01  0.00E+00  0.00E+00  0.00E+00
  63 8.40E-02  34181.0  2.81E-01  3.95E-01  0.00E+00  0.00E+00  0.00E+00
  64 1.10E-01  36933.7  2.84E-01  3.96E-01  0.00E+00  0.00E+00  0.00E+00
  65 1.46E-01  39919.2  2.80E-01  3.98E-01  0.00E+00  0.00E+00  0.00E+00
  66 1.95E-01  43151.3  2.69E-01  3.98E-01  0.00E+00  0.00E+00  0.00E+00
  67 2.65E-01  46648.8  2.52E-01  3.99E-01  0.00E+00  0.00E+00  0.00E+00
  68 3.71E-01  50438.7  2.33E-01  3.99E-01  0.00E+00  0.00E+00  0.00E+00
  69 5.32E-01  54558.1  2.17E-01  3.99E-01  0.00E+00  0.00E+00  0.00E+00
  70 7.79E-01  59049.7  2.07E-01  3.99E-01  0.00E+00  0.00E+00  0.00E+00

convective zone between depths (inclusive)  43  53

 end rybsol

**********
 ITERATION:  3
**********

 before inilam
 after inilam
 after linsel
 NTRANS         136
 ilam           1
 after opaini in ilam           1
 after ratsp1i in ilam           1
 after newpop in ilam           1
 after output
 after radpre
 HMIX0  0.59999999999999998     
dad -5.1689E-20 -7.9566E-20 -2.4274E-16

 RYBHEQ in iter   3
   id      dm          dens        pgs0          pra          pradfc      grad        log grad

   1   6.9925E-08   1.9830E-12   2.2106E+00   6.9459E+01   7.4906E+00   8.6614E+03   3.9376E+00
   2   9.5888E-08   2.1875E-12   3.0316E+00   6.9459E+01   4.8651E+00   9.8674E+02   2.9942E+00
   3   1.3115E-07   2.9964E-12   4.1468E+00   6.9459E+01   4.7832E+00   2.6413E+02   2.4218E+00
   4   1.7888E-07   4.1537E-12   5.6560E+00   6.9459E+01   4.8535E+00   2.5668E+02   2.4094E+00
   5   2.4316E-07   5.8094E-12   7.6888E+00   6.9459E+01   4.9988E+00   3.2249E+02   2.5085E+00
   6   3.2924E-07   7.8935E-12   1.0411E+01   6.9459E+01   4.8738E+00   4.5823E+02   2.6611E+00
   7   4.4367E-07   1.0875E-11   1.4029E+01   6.9459E+01   4.8909E+00   5.2071E+02   2.7166E+00
   8   5.9443E-07   1.4884E-11   1.8797E+01   6.9459E+01   4.8751E+00   6.4414E+02   2.8090E+00
   9   7.9108E-07   1.9346E-11   2.5015E+01   6.9459E+01   4.5464E+00   7.9430E+02   2.9000E+00
  10   1.0447E-06   2.5195E-11   3.3035E+01   6.9460E+01   4.3023E+00   8.7252E+02   2.9408E+00
  11   1.3679E-06   3.2586E-11   4.3255E+01   6.9460E+01   4.0840E+00   9.6913E+02   2.9864E+00
  12   1.7748E-06   4.1731E-11   5.6123E+01   6.9460E+01   3.8752E+00   1.0693E+03   3.0291E+00
  13   2.2812E-06   5.3084E-11   7.2134E+01   6.9461E+01   3.6953E+00   1.1576E+03   3.0636E+00
  14   2.9044E-06   6.7220E-11   9.1843E+01   6.9462E+01   3.5531E+00   1.2360E+03   3.0920E+00
  15   3.6643E-06   8.4612E-11   1.1587E+02   6.9463E+01   3.4353E+00   1.3175E+03   3.1198E+00
  16   4.5829E-06   1.0577E-10   1.4492E+02   6.9464E+01   3.3324E+00   1.4106E+03   3.1494E+00
  17   5.6859E-06   1.3130E-10   1.7980E+02   6.9466E+01   3.2395E+00   1.5271E+03   3.1839E+00
  18   7.0028E-06   1.6102E-10   2.2144E+02   6.9468E+01   3.1295E+00   1.6944E+03   3.2290E+00
  19   8.5681E-06   1.9527E-10   2.7093E+02   6.9471E+01   3.0056E+00   1.8860E+03   3.2755E+00
  20   1.0423E-05   2.3575E-10   3.2958E+02   6.9475E+01   2.8939E+00   2.0674E+03   3.3154E+00
  21   1.2614E-05   2.8356E-10   3.9888E+02   6.9480E+01   2.7928E+00   2.2640E+03   3.3549E+00
  22   1.5200E-05   3.4066E-10   4.8063E+02   6.9486E+01   2.7088E+00   2.4625E+03   3.3914E+00
  23   1.8246E-05   4.0928E-10   5.7695E+02   6.9494E+01   2.6422E+00   2.6707E+03   3.4266E+00
  24   2.1831E-05   4.9207E-10   6.9032E+02   6.9505E+01   2.5917E+00   2.8955E+03   3.4617E+00
  25   2.6051E-05   5.9166E-10   8.2374E+02   6.9518E+01   2.5517E+00   3.1484E+03   3.4981E+00
  26   3.1015E-05   7.1062E-10   9.8071E+02   6.9535E+01   2.5159E+00   3.4346E+03   3.5359E+00
  27   3.6858E-05   8.5202E-10   1.1655E+03   6.9557E+01   2.4807E+00   3.7541E+03   3.5745E+00
  28   4.3741E-05   1.0176E-09   1.3831E+03   6.9585E+01   2.4381E+00   4.1196E+03   3.6149E+00
  29   5.1854E-05   1.2095E-09   1.6396E+03   6.9622E+01   2.3844E+00   4.5333E+03   3.6564E+00
  30   6.1428E-05   1.4366E-09   1.9423E+03   6.9670E+01   2.3325E+00   4.9637E+03   3.6958E+00
  31   7.2742E-05   1.7126E-09   2.3000E+03   6.9731E+01   2.2935E+00   5.3947E+03   3.7320E+00
  32   8.6132E-05   2.0464E-09   2.7234E+03   6.9809E+01   2.2622E+00   5.8514E+03   3.7673E+00
  33   1.0201E-04   2.4434E-09   3.2254E+03   6.9910E+01   2.2288E+00   6.3608E+03   3.8035E+00
  34   1.2088E-04   2.9113E-09   3.8221E+03   7.0041E+01   2.1892E+00   6.9359E+03   3.8411E+00
  35   1.4337E-04   3.4626E-09   4.5331E+03   7.0211E+01   2.1438E+00   7.5864E+03   3.8800E+00
  36   1.7025E-04   4.1124E-09   5.3827E+03   7.0435E+01   2.0934E+00   8.3252E+03   3.9204E+00
  37   2.0245E-04   4.8812E-09   6.4008E+03   7.0730E+01   2.0402E+00   9.1663E+03   3.9622E+00
  38   2.4116E-04   5.7856E-09   7.6246E+03   7.1123E+01   1.9823E+00   1.0144E+04   4.0062E+00
  39   2.8784E-04   6.8490E-09   9.1000E+03   7.1650E+01   1.9207E+00   1.1283E+04   4.0524E+00
  40   3.4427E-04   8.0951E-09   1.0884E+04   7.2362E+01   1.8557E+00   1.2622E+04   4.1011E+00
  41   4.1271E-04   9.5464E-09   1.3047E+04   7.3334E+01   1.7874E+00   1.4208E+04   4.1525E+00
  42   4.9593E-04   1.1223E-08   1.5678E+04   7.4674E+01   1.7161E+00   1.6097E+04   4.2067E+00
  43   5.9736E-04   1.3139E-08   1.8883E+04   7.6536E+01   1.6424E+00   1.8358E+04   4.2638E+00
  44   7.2123E-04   1.5294E-08   2.2798E+04   7.9145E+01   1.5671E+00   2.1064E+04   4.3235E+00
  45   8.7286E-04   1.7675E-08   2.7589E+04   8.2822E+01   1.4913E+00   2.4251E+04   4.3847E+00
  46   1.0591E-03   2.0257E-08   3.3472E+04   8.8016E+01   1.4157E+00   2.7891E+04   4.4455E+00
  47   1.2888E-03   2.3030E-08   4.0730E+04   9.5316E+01   1.3415E+00   3.1772E+04   4.5020E+00
  48   1.5747E-03   2.6069E-08   4.9760E+04   1.0543E+02   1.2711E+00   3.5387E+04   4.5488E+00
  49   1.9346E-03   2.9583E-08   6.1129E+04   1.1914E+02   1.2076E+00   3.8096E+04   4.5809E+00
  50   2.3952E-03   3.3893E-08   7.5675E+04   1.3732E+02   1.1531E+00   3.9469E+04   4.5963E+00
  51   2.9958E-03   3.9403E-08   9.4644E+04   1.6106E+02   1.1082E+00   3.9521E+04   4.5968E+00
  52   3.7948E-03   4.6599E-08   1.1988E+05   1.9193E+02   1.0727E+00   3.8644E+04   4.5871E+00
  53   4.8763E-03   5.6078E-08   1.5404E+05   2.3233E+02   1.0460E+00   3.7347E+04   4.5723E+00
  54   6.3586E-03   6.8576E-08   2.0086E+05   2.8581E+02   1.0273E+00   3.6084E+04   4.5573E+00
  55   8.4015E-03   8.4947E-08   2.6539E+05   3.5771E+02   1.0152E+00   3.5191E+04   4.5464E+00
  56   1.1217E-02   1.0615E-07   3.5432E+05   4.5567E+02   1.0080E+00   3.4797E+04   4.5415E+00
  57   1.5068E-02   1.3318E-07   4.7597E+05   5.9021E+02   1.0039E+00   3.4934E+04   4.5432E+00
  58   2.0272E-02   1.6695E-07   6.4036E+05   7.7546E+02   1.0018E+00   3.5597E+04   4.5514E+00
  59   2.7220E-02   2.0844E-07   8.5980E+05   1.0307E+03   1.0008E+00   3.6734E+04   4.5651E+00
  60   3.6383E-02   2.5863E-07   1.1492E+06   1.3821E+03   1.0003E+00   3.8346E+04   4.5837E+00
  61   4.8344E-02   3.1860E-07   1.5270E+06   1.8654E+03   1.0000E+00   4.0410E+04   4.6065E+00
  62   6.3853E-02   3.8975E-07   2.0168E+06   2.5295E+03   9.9990E-01   4.2821E+04   4.6317E+00
  63   8.3965E-02   4.7438E-07   2.6518E+06   3.4411E+03   9.9985E-01   4.5325E+04   4.6563E+00
  64   1.1031E-01   5.7660E-07   3.4836E+06   4.6906E+03   9.9980E-01   4.7436E+04   4.6761E+00
  65   1.4559E-01   7.0398E-07   4.5976E+06   6.4004E+03   9.9966E-01   4.8457E+04   4.6854E+00
  66   1.9451E-01   8.6997E-07   6.1423E+06   8.7355E+03   9.9928E-01   4.7733E+04   4.6788E+00
  67   2.6513E-01   1.0968E-06   8.3722E+06   1.1921E+04   9.9842E-01   4.5104E+04   4.6542E+00
  68   3.7073E-01   1.4184E-06   1.1707E+07   1.6265E+04   9.9673E-01   4.1143E+04   4.6143E+00
  69   5.3199E-01   1.8818E-06   1.6801E+07   2.2198E+04   9.9371E-01   3.6790E+04   4.5657E+00
  70   7.7933E-01   2.5473E-06   2.4614E+07   3.0305E+04   9.8860E-01   3.2777E+04   4.5156E+00
 before if(lfin) F

before psy0 - nfreqe,in       0       2       0       1       0       0       1

 =========  LINEARIZATION, ITER =           3

reint1.1.1.1.1.1.1.1.1.1.1.1.1.1.1.1.1.1.1.1.1.1.1.1.1.1.1.1.1.1.1.1.1.1.1.
     1.1.1.1.1.1.1.1.1.1.1.1.1.1.1.1.1.1.1.1.1.1.1.1.1.1.1.1.1.1.1.1.1.1.1.
redif0.0.0.0.0.0.0.0.0.0.0.0.0.0.0.0.0.0.0.0.0.0.0.0.0.0.0.0.0.0.0.0.0.0.0.
     0.1.1.1.1.1.1.1.1.1.1.1.1.1.1.1.1.1.1.1.1.1.1.1.1.1.1.1.1.1.1.1.1.1.1.
u -1.54E+04 -8.12E-05  9.38E-01  2.00E+00 -1.64E+04 -1.64E+04  7.22E+07  1.30E-08  1.15E-04  1.25E+00
 ===== end of RYBCHN in ITER           3
 conout imod,iprin           1           1


  ID    DM        TEMP      DELTA  DELTA(AD)  CON/TOT  RAD/TOT  (C+R)/TOT


   1 6.99E-08   7745.4  0.00E+00  0.00E+00  0.00E+00  0.00E+00  0.00E+00
   2 9.59E-08   8390.9  6.99E+00  0.00E+00  0.00E+00  0.00E+00  0.00E+00
   3 1.31E-07   8462.7  5.56E-01  0.00E+00  0.00E+00  0.00E+00  0.00E+00
   4 1.79E-07   8511.2  2.80E-01  0.00E+00  0.00E+00  0.00E+00  0.00E+00
   5 2.43E-07   8557.0  2.00E-01  0.00E+00  0.00E+00  0.00E+00  0.00E+00
   6 3.29E-07   8607.5  1.69E-01  0.00E+00  0.00E+00  0.00E+00  0.00E+00
   7 4.44E-07   8655.0  1.24E-01  0.00E+00  0.00E+00  0.00E+00  0.00E+00
   8 5.94E-07   8709.7  1.13E-01  0.00E+00  0.00E+00  0.00E+00  0.00E+00
   9 7.91E-07   8794.9  1.42E-01  0.00E+00  0.00E+00  0.00E+00  0.00E+00
  10 1.04E-06   8886.5  1.27E-01  0.00E+00  0.00E+00  0.00E+00  0.00E+00
  11 1.37E-06   8987.4  1.18E-01  0.00E+00  0.00E+00  0.00E+00  0.00E+00
  12 1.77E-06   9097.2  1.12E-01  0.00E+00  0.00E+00  0.00E+00  0.00E+00
  13 2.28E-06   9211.8  1.04E-01  0.00E+00  0.00E+00  0.00E+00  0.00E+00
  14 2.90E-06   9322.9  9.18E-02  0.00E+00  0.00E+00  0.00E+00  0.00E+00
  15 3.66E-06   9430.4  8.24E-02  0.00E+00  0.00E+00  0.00E+00  0.00E+00
  16 4.58E-06   9532.8  7.40E-02  0.00E+00  0.00E+00  0.00E+00  0.00E+00
  17 5.69E-06   9628.2  6.60E-02  0.00E+00  0.00E+00  0.00E+00  0.00E+00
  18 7.00E-06   9717.3  5.95E-02  0.00E+00  0.00E+00  0.00E+00  0.00E+00
  19 8.57E-06   9799.4  5.35E-02  0.00E+00  0.00E+00  0.00E+00  0.00E+00
  20 1.04E-05   9871.4  4.60E-02  0.00E+00  0.00E+00  0.00E+00  0.00E+00
  21 1.26E-05   9937.2  4.15E-02  0.00E+00  0.00E+00  0.00E+00  0.00E+00
  22 1.52E-05   9998.0  3.79E-02  0.00E+00  0.00E+00  0.00E+00  0.00E+00
  23 1.82E-05  10055.2  3.53E-02  0.00E+00  0.00E+00  0.00E+00  0.00E+00
  24 2.18E-05  10108.2  3.25E-02  0.00E+00  0.00E+00  0.00E+00  0.00E+00
  25 2.61E-05  10158.6  3.07E-02  0.00E+00  0.00E+00  0.00E+00  0.00E+00
  26 3.10E-05  10206.5  2.90E-02  0.00E+00  0.00E+00  0.00E+00  0.00E+00
  27 3.69E-05  10251.9  2.74E-02  0.00E+00  0.00E+00  0.00E+00  0.00E+00
  28 4.37E-05  10297.0  2.70E-02  0.00E+00  0.00E+00  0.00E+00  0.00E+00
  29 5.19E-05  10343.5  2.77E-02  0.00E+00  0.00E+00  0.00E+00  0.00E+00
  30 6.14E-05  10391.7  2.85E-02  0.00E+00  0.00E+00  0.00E+00  0.00E+00
  31 7.27E-05  10441.0  2.89E-02  0.00E+00  0.00E+00  0.00E+00  0.00E+00
  32 8.61E-05  10491.2  2.92E-02  7.88E-02  0.00E+00  0.00E+00  0.00E+00
  33 1.02E-04  10544.0  3.03E-02  7.91E-02  0.00E+00  0.00E+00  0.00E+00
  34 1.21E-04  10601.1  3.25E-02  7.95E-02  0.00E+00  0.00E+00  0.00E+00
  35 1.43E-04  10663.4  3.49E-02  7.99E-02  0.00E+00  0.00E+00  0.00E+00
  36 1.70E-04  10732.4  3.80E-02  8.05E-02  0.00E+00  0.00E+00  0.00E+00
  37 2.02E-04  10807.2  4.06E-02  8.10E-02  0.00E+00  0.00E+00  0.00E+00
  38 2.41E-04  10893.7  4.60E-02  8.17E-02  0.00E+00  0.00E+00  0.00E+00
  39 2.88E-04  10993.3  5.19E-02  8.24E-02  0.00E+00  0.00E+00  0.00E+00
  40 3.44E-04  11109.2  5.90E-02  8.33E-02  0.00E+00  0.00E+00  0.00E+00
  41 4.13E-04  11245.8  6.78E-02  8.42E-02  0.00E+00  0.00E+00  0.00E+00
  42 4.96E-04  11408.3  7.85E-02  8.53E-02  0.00E+00  0.00E+00  0.00E+00
  43 5.97E-04  11603.7  9.16E-02  8.67E-02  1.94E-07  0.00E+00  1.94E-07
  44 7.21E-04  11840.1  1.07E-01  8.83E-02  6.19E-06  0.00E+00  6.19E-06
  45 8.73E-04  12127.7  1.26E-01  9.04E-02  2.19E-05  0.00E+00  2.19E-05
  46 1.06E-03  12480.0  1.48E-01  9.33E-02  3.96E-05  0.00E+00  3.96E-05
  47 1.29E-03  12911.8  1.74E-01  9.75E-02  4.41E-05  0.00E+00  4.41E-05
  48 1.57E-03  13432.0  1.97E-01  1.04E-01  2.85E-05  0.00E+00  2.85E-05
  49 1.93E-03  14039.6  2.15E-01  1.14E-01  9.97E-06  0.00E+00  9.97E-06
  50 2.40E-03  14726.8  2.24E-01  1.28E-01  1.91E-06  0.00E+00  1.91E-06
  51 3.00E-03  15486.6  2.25E-01  1.48E-01  2.09E-07  0.00E+00  2.09E-07
  52 3.79E-03  16318.0  2.21E-01  1.76E-01  9.84E-09  0.00E+00  9.84E-09
  53 4.88E-03  17226.6  2.16E-01  2.07E-01  2.44E-11  0.00E+00  2.44E-11
  54 6.36E-03  18225.6  2.12E-01  2.42E-01  0.00E+00  0.00E+00  0.00E+00
  55 8.40E-03  19334.6  2.12E-01  2.77E-01  0.00E+00  0.00E+00  0.00E+00
  56 1.12E-02  20577.5  2.16E-01  3.09E-01  0.00E+00  0.00E+00  0.00E+00
  57 1.51E-02  21974.4  2.23E-01  3.35E-01  0.00E+00  0.00E+00  0.00E+00
  58 2.03E-02  23538.9  2.32E-01  3.56E-01  0.00E+00  0.00E+00  0.00E+00
  59 2.72E-02  25281.0  2.42E-01  3.71E-01  0.00E+00  0.00E+00  0.00E+00
  60 3.64E-02  27208.3  2.53E-01  3.81E-01  0.00E+00  0.00E+00  0.00E+00
  61 4.83E-02  29328.4  2.64E-01  3.88E-01  0.00E+00  0.00E+00  0.00E+00
  62 6.39E-02  31649.6  2.74E-01  3.92E-01  0.00E+00  0.00E+00  0.00E+00
  63 8.40E-02  34181.2  2.81E-01  3.95E-01  0.00E+00  0.00E+00  0.00E+00
  64 1.10E-01  36934.0  2.84E-01  3.96E-01  0.00E+00  0.00E+00  0.00E+00
  65 1.46E-01  39919.4  2.80E-01  3.98E-01  0.00E+00  0.00E+00  0.00E+00
  66 1.95E-01  43151.5  2.69E-01  3.98E-01  0.00E+00  0.00E+00  0.00E+00
  67 2.65E-01  46648.9  2.52E-01  3.99E-01  0.00E+00  0.00E+00  0.00E+00
  68 3.71E-01  50438.9  2.33E-01  3.99E-01  0.00E+00  0.00E+00  0.00E+00
  69 5.32E-01  54558.2  2.17E-01  3.99E-01  0.00E+00  0.00E+00  0.00E+00
  70 7.79E-01  59049.8  2.07E-01  3.99E-01  0.00E+00  0.00E+00  0.00E+00

convective zone between depths (inclusive)  43  53

 end rybsol

**********
 ITERATION:  4
**********

 before inilam
 after inilam
 after linsel
 NTRANS         136
 ilam           1
 after opaini in ilam           1
 after ratsp1i in ilam           1
 after newpop in ilam           1
 after output
 after radpre
 HMIX0  0.59999999999999998     
dad -5.5366E-20 -1.2232E-19 -3.2117E-16

 RYBHEQ in iter   4
   id      dm          dens        pgs0          pra          pradfc      grad        log grad

   1   6.9925E-08   2.0172E-12   2.2106E+00   6.9209E+01   7.6273E+00   8.5541E+03   3.9322E+00
   2   9.5888E-08   2.3108E-12   3.0316E+00   6.9209E+01   5.5374E+00   7.2587E+02   2.8609E+00
   3   1.3115E-07   3.1519E-12   4.1468E+00   6.9209E+01   5.3518E+00   3.2846E+02   2.5165E+00
   4   1.7888E-07   4.3141E-12   5.6560E+00   6.9209E+01   5.2308E+00   3.4802E+02   2.5416E+00
   5   2.4316E-07   5.8970E-12   7.6888E+00   6.9209E+01   5.1199E+00   3.9604E+02   2.5977E+00
   6   3.2924E-07   8.0288E-12   1.0411E+01   6.9209E+01   5.0007E+00   4.5877E+02   2.6616E+00
   7   4.4367E-07   1.0901E-11   1.4029E+01   6.9209E+01   4.8918E+00   5.3110E+02   2.7252E+00
   8   5.9443E-07   1.4700E-11   1.8797E+01   6.9209E+01   4.7701E+00   6.2085E+02   2.7930E+00
   9   7.9108E-07   1.9513E-11   2.5015E+01   6.9210E+01   4.5880E+00   7.2468E+02   2.8601E+00
  10   1.0447E-06   2.5653E-11   3.3035E+01   6.9210E+01   4.4017E+00   8.2537E+02   2.9167E+00
  11   1.3679E-06   3.3337E-11   4.3255E+01   6.9210E+01   4.2073E+00   9.3345E+02   2.9701E+00
  12   1.7748E-06   4.2802E-11   5.6123E+01   6.9210E+01   4.0079E+00   1.0441E+03   3.0187E+00
  13   2.2812E-06   5.4349E-11   7.2134E+01   6.9211E+01   3.8122E+00   1.1511E+03   3.0611E+00
  14   2.9044E-06   6.8421E-11   9.1843E+01   6.9212E+01   3.6338E+00   1.2527E+03   3.0979E+00
  15   3.6643E-06   8.5419E-11   1.1587E+02   6.9213E+01   3.4709E+00   1.3558E+03   3.1322E+00
  16   4.5829E-06   1.0585E-10   1.4492E+02   6.9214E+01   3.3242E+00   1.4623E+03   3.1650E+00
  17   5.6859E-06   1.3035E-10   1.7980E+02   6.9216E+01   3.1945E+00   1.5775E+03   3.1980E+00
  18   7.0028E-06   1.5960E-10   2.2144E+02   6.9218E+01   3.0791E+00   1.7070E+03   3.2322E+00
  19   8.5681E-06   1.9446E-10   2.7093E+02   6.9221E+01   2.9772E+00   1.8485E+03   3.2668E+00
  20   1.0423E-05   2.3622E-10   3.2958E+02   6.9225E+01   2.8915E+00   2.0030E+03   3.3017E+00
  21   1.2614E-05   2.8596E-10   3.9888E+02   6.9230E+01   2.8158E+00   2.1858E+03   3.3396E+00
  22   1.5200E-05   3.4512E-10   4.8063E+02   6.9236E+01   2.7482E+00   2.3901E+03   3.3784E+00
  23   1.8246E-05   4.1537E-10   5.7695E+02   6.9244E+01   2.6865E+00   2.6154E+03   3.4175E+00
  24   2.1831E-05   4.9893E-10   6.9033E+02   6.9254E+01   2.6310E+00   2.8588E+03   3.4562E+00
  25   2.6051E-05   5.9817E-10   8.2374E+02   6.9267E+01   2.5797E+00   3.1250E+03   3.4949E+00
  26   3.1015E-05   7.1611E-10   9.8071E+02   6.9284E+01   2.5323E+00   3.4143E+03   3.5333E+00
  27   3.6858E-05   8.5647E-10   1.1655E+03   6.9306E+01   2.4884E+00   3.7291E+03   3.5716E+00
  28   4.3741E-05   1.0231E-09   1.3831E+03   6.9334E+01   2.4461E+00   4.0743E+03   3.6100E+00
  29   5.1854E-05   1.2206E-09   1.6396E+03   6.9370E+01   2.4037E+00   4.4508E+03   3.6484E+00
  30   6.1428E-05   1.4546E-09   1.9423E+03   6.9417E+01   2.3610E+00   4.8581E+03   3.6865E+00
  31   7.2742E-05   1.7325E-09   2.3000E+03   6.9477E+01   2.3187E+00   5.2957E+03   3.7239E+00
  32   8.6132E-05   2.0631E-09   2.7234E+03   6.9554E+01   2.2772E+00   5.7697E+03   3.7612E+00
  33   1.0201E-04   2.4560E-09   3.2254E+03   6.9654E+01   2.2351E+00   6.2906E+03   3.7987E+00
  34   1.2088E-04   2.9221E-09   3.8221E+03   6.9783E+01   2.1914E+00   6.8664E+03   3.8367E+00
  35   1.4337E-04   3.4753E-09   4.5331E+03   6.9952E+01   2.1458E+00   7.5055E+03   3.8754E+00
  36   1.7025E-04   4.1312E-09   5.3827E+03   7.0173E+01   2.0978E+00   8.2210E+03   3.9149E+00
  37   2.0245E-04   4.9117E-09   6.4008E+03   7.0464E+01   2.0488E+00   9.0260E+03   3.9555E+00
  38   2.4116E-04   5.8326E-09   7.6246E+03   7.0849E+01   1.9953E+00   9.9578E+03   3.9982E+00
  39   2.8784E-04   6.9179E-09   9.1000E+03   7.1365E+01   1.9379E+00   1.1044E+04   4.0431E+00
  40   3.4427E-04   8.1909E-09   1.0884E+04   7.2060E+01   1.8765E+00   1.2325E+04   4.0908E+00
  41   4.1271E-04   9.6735E-09   1.3047E+04   7.3008E+01   1.8105E+00   1.3853E+04   4.1415E+00
  42   4.9593E-04   1.1384E-08   1.5678E+04   7.4314E+01   1.7400E+00   1.5692E+04   4.1957E+00
  43   5.9736E-04   1.3331E-08   1.8883E+04   7.6132E+01   1.6656E+00   1.7923E+04   4.2534E+00
  44   7.2123E-04   1.5513E-08   2.2798E+04   7.8687E+01   1.5880E+00   2.0629E+04   4.3145E+00
  45   8.7286E-04   1.7910E-08   2.7589E+04   8.2305E+01   1.5090E+00   2.3862E+04   4.3777E+00
  46   1.0591E-03   2.0492E-08   3.3472E+04   8.7445E+01   1.4297E+00   2.7602E+04   4.4409E+00
  47   1.2888E-03   2.3242E-08   4.0731E+04   9.4715E+01   1.3516E+00   3.1641E+04   4.5002E+00
  48   1.5747E-03   2.6237E-08   4.9760E+04   1.0485E+02   1.2775E+00   3.5440E+04   4.5495E+00
  49   1.9346E-03   2.9696E-08   6.1129E+04   1.1863E+02   1.2110E+00   3.8293E+04   4.5831E+00
  50   2.3952E-03   3.3958E-08   7.5675E+04   1.3692E+02   1.1546E+00   3.9715E+04   4.5990E+00
  51   2.9958E-03   3.9436E-08   9.4644E+04   1.6078E+02   1.1086E+00   3.9730E+04   4.5991E+00
  52   3.7948E-03   4.6613E-08   1.1988E+05   1.9177E+02   1.0727E+00   3.8782E+04   4.5886E+00
  53   4.8763E-03   5.6083E-08   1.5404E+05   2.3224E+02   1.0459E+00   3.7421E+04   4.5731E+00
  54   6.3586E-03   6.8577E-08   2.0086E+05   2.8577E+02   1.0272E+00   3.6117E+04   4.5577E+00
  55   8.4015E-03   8.4947E-08   2.6539E+05   3.5769E+02   1.0152E+00   3.5203E+04   4.5466E+00
  56   1.1217E-02   1.0615E-07   3.5432E+05   4.5566E+02   1.0080E+00   3.4800E+04   4.5416E+00
  57   1.5068E-02   1.3318E-07   4.7597E+05   5.9021E+02   1.0039E+00   3.4936E+04   4.5433E+00
  58   2.0272E-02   1.6695E-07   6.4036E+05   7.7547E+02   1.0018E+00   3.5599E+04   4.5514E+00
  59   2.7220E-02   2.0844E-07   8.5980E+05   1.0307E+03   1.0008E+00   3.6737E+04   4.5651E+00
  60   3.6383E-02   2.5863E-07   1.1492E+06   1.3821E+03   1.0003E+00   3.8348E+04   4.5837E+00
  61   4.8344E-02   3.1859E-07   1.5270E+06   1.8654E+03   1.0000E+00   4.0411E+04   4.6065E+00
  62   6.3853E-02   3.8975E-07   2.0168E+06   2.5296E+03   9.9990E-01   4.2822E+04   4.6317E+00
  63   8.3965E-02   4.7438E-07   2.6518E+06   3.4412E+03   9.9985E-01   4.5326E+04   4.6563E+00
  64   1.1031E-01   5.7660E-07   3.4836E+06   4.6907E+03   9.9980E-01   4.7436E+04   4.6761E+00
  65   1.4559E-01   7.0398E-07   4.5976E+06   6.4005E+03   9.9966E-01   4.8458E+04   4.6854E+00
  66   1.9451E-01   8.6996E-07   6.1423E+06   8.7357E+03   9.9928E-01   4.7733E+04   4.6788E+00
  67   2.6513E-01   1.0968E-06   8.3722E+06   1.1921E+04   9.9842E-01   4.5104E+04   4.6542E+00
  68   3.7073E-01   1.4184E-06   1.1707E+07   1.6265E+04   9.9673E-01   4.1143E+04   4.6143E+00
  69   5.3199E-01   1.8818E-06   1.6801E+07   2.2198E+04   9.9370E-01   3.6790E+04   4.5657E+00
  70   7.7933E-01   2.5472E-06   2.4614E+07   3.0305E+04   9.8860E-01   3.2777E+04   4.5156E+00
 before if(lfin) F

before psy0 - nfreqe,in       0       2       0       1       0       0       1

 =========  LINEARIZATION, ITER =           4

reint1.1.1.1.1.1.1.1.1.1.1.1.1.1.1.1.1.1.1.1.1.1.1.1.1.1.1.1.1.1.1.1.1.1.1.
     1.1.1.1.1.1.1.1.1.1.1.1.1.1.1.1.1.1.1.1.1.1.1.1.1.1.1.1.1.1.1.1.1.1.1.
redif0.0.0.0.0.0.0.0.0.0.0.0.0.0.0.0.0.0.0.0.0.0.0.0.0.0.0.0.0.0.0.0.0.0.0.
     0.1.1.1.1.1.1.1.1.1.1.1.1.1.1.1.1.1.1.1.1.1.1.1.1.1.1.1.1.1.1.1.1.1.1.
u -1.49E+04 -6.32E-05  9.24E-01  2.00E+00 -1.62E+04 -1.62E+04  7.12E+07  1.30E-08  1.15E-04  9.44E-01
 ===== end of RYBCHN in ITER           4
 conout imod,iprin           1           1


  ID    DM        TEMP      DELTA  DELTA(AD)  CON/TOT  RAD/TOT  (C+R)/TOT


   1 6.99E-08   7774.3  0.00E+00  0.00E+00  0.00E+00  0.00E+00  0.00E+00
   2 9.59E-08   8406.5  6.83E+00  0.00E+00  0.00E+00  0.00E+00  0.00E+00
   3 1.31E-07   8474.8  5.28E-01  0.00E+00  0.00E+00  0.00E+00  0.00E+00
   4 1.79E-07   8521.5  2.70E-01  0.00E+00  0.00E+00  0.00E+00  0.00E+00
   5 2.43E-07   8565.6  1.93E-01  0.00E+00  0.00E+00  0.00E+00  0.00E+00
   6 3.29E-07   8612.7  1.57E-01  0.00E+00  0.00E+00  0.00E+00  0.00E+00
   7 4.44E-07   8664.6  1.35E-01  0.00E+00  0.00E+00  0.00E+00  0.00E+00
   8 5.94E-07   8724.9  1.24E-01  0.00E+00  0.00E+00  0.00E+00  0.00E+00
   9 7.91E-07   8798.2  1.22E-01  0.00E+00  0.00E+00  0.00E+00  0.00E+00
  10 1.04E-06   8882.5  1.17E-01  0.00E+00  0.00E+00  0.00E+00  0.00E+00
  11 1.37E-06   8978.6  1.13E-01  0.00E+00  0.00E+00  0.00E+00  0.00E+00
  12 1.77E-06   9085.1  1.09E-01  0.00E+00  0.00E+00  0.00E+00  0.00E+00
  13 2.28E-06   9199.7  1.04E-01  0.00E+00  0.00E+00  0.00E+00  0.00E+00
  14 2.90E-06   9314.1  9.46E-02  0.00E+00  0.00E+00  0.00E+00  0.00E+00
  15 3.66E-06   9426.0  8.59E-02  0.00E+00  0.00E+00  0.00E+00  0.00E+00
  16 4.58E-06   9531.9  7.66E-02  0.00E+00  0.00E+00  0.00E+00  0.00E+00
  17 5.69E-06   9629.5  6.75E-02  0.00E+00  0.00E+00  0.00E+00  0.00E+00
  18 7.00E-06   9718.3  5.94E-02  0.00E+00  0.00E+00  0.00E+00  0.00E+00
  19 8.57E-06   9799.2  5.27E-02  0.00E+00  0.00E+00  0.00E+00  0.00E+00
  20 1.04E-05   9869.9  4.52E-02  0.00E+00  0.00E+00  0.00E+00  0.00E+00
  21 1.26E-05   9934.1  4.04E-02  0.00E+00  0.00E+00  0.00E+00  0.00E+00
  22 1.52E-05   9993.4  3.70E-02  0.00E+00  0.00E+00  0.00E+00  0.00E+00
  23 1.82E-05  10050.0  3.50E-02  0.00E+00  0.00E+00  0.00E+00  0.00E+00
  24 2.18E-05  10103.3  3.27E-02  0.00E+00  0.00E+00  0.00E+00  0.00E+00
  25 2.61E-05  10154.4  3.11E-02  0.00E+00  0.00E+00  0.00E+00  0.00E+00
  26 3.10E-05  10203.0  2.95E-02  0.00E+00  0.00E+00  0.00E+00  0.00E+00
  27 3.69E-05  10249.0  2.77E-02  0.00E+00  0.00E+00  0.00E+00  0.00E+00
  28 4.37E-05  10294.0  2.70E-02  0.00E+00  0.00E+00  0.00E+00  0.00E+00
  29 5.19E-05  10339.6  2.72E-02  0.00E+00  0.00E+00  0.00E+00  0.00E+00
  30 6.14E-05  10386.9  2.80E-02  0.00E+00  0.00E+00  0.00E+00  0.00E+00
  31 7.27E-05  10436.3  2.90E-02  0.00E+00  0.00E+00  0.00E+00  0.00E+00
  32 8.61E-05  10487.1  2.95E-02  7.88E-02  0.00E+00  0.00E+00  0.00E+00
  33 1.02E-04  10540.4  3.06E-02  7.91E-02  0.00E+00  0.00E+00  0.00E+00
  34 1.21E-04  10597.7  3.26E-02  7.95E-02  0.00E+00  0.00E+00  0.00E+00
  35 1.43E-04  10659.9  3.49E-02  7.99E-02  0.00E+00  0.00E+00  0.00E+00
  36 1.70E-04  10728.6  3.79E-02  8.04E-02  0.00E+00  0.00E+00  0.00E+00
  37 2.02E-04  10802.9  4.03E-02  8.10E-02  0.00E+00  0.00E+00  0.00E+00
  38 2.41E-04  10888.8  4.57E-02  8.17E-02  0.00E+00  0.00E+00  0.00E+00
  39 2.88E-04  10987.6  5.15E-02  8.24E-02  0.00E+00  0.00E+00  0.00E+00
  40 3.44E-04  11102.4  5.85E-02  8.32E-02  0.00E+00  0.00E+00  0.00E+00
  41 4.13E-04  11237.8  6.72E-02  8.42E-02  0.00E+00  0.00E+00  0.00E+00
  42 4.96E-04  11399.3  7.80E-02  8.53E-02  0.00E+00  0.00E+00  0.00E+00
  43 5.97E-04  11593.8  9.13E-02  8.66E-02  1.74E-07  0.00E+00  1.74E-07
  44 7.21E-04  11829.7  1.07E-01  8.82E-02  6.48E-06  0.00E+00  6.48E-06
  45 8.73E-04  12117.4  1.26E-01  9.03E-02  2.32E-05  0.00E+00  2.32E-05
  46 1.06E-03  12470.4  1.49E-01  9.32E-02  4.20E-05  0.00E+00  4.20E-05
  47 1.29E-03  12903.4  1.74E-01  9.74E-02  4.65E-05  0.00E+00  4.65E-05
  48 1.57E-03  13425.5  1.98E-01  1.04E-01  2.97E-05  0.00E+00  2.97E-05
  49 1.93E-03  14035.1  2.16E-01  1.13E-01  1.03E-05  0.00E+00  1.03E-05
  50 2.40E-03  14724.3  2.25E-01  1.28E-01  1.97E-06  0.00E+00  1.97E-06
  51 3.00E-03  15485.5  2.25E-01  1.48E-01  2.14E-07  0.00E+00  2.14E-07
  52 3.79E-03  16317.6  2.22E-01  1.76E-01  1.00E-08  0.00E+00  1.00E-08
  53 4.88E-03  17226.7  2.16E-01  2.07E-01  2.52E-11  0.00E+00  2.52E-11
  54 6.36E-03  18225.8  2.12E-01  2.42E-01  0.00E+00  0.00E+00  0.00E+00
  55 8.40E-03  19334.8  2.12E-01  2.77E-01  0.00E+00  0.00E+00  0.00E+00
  56 1.12E-02  20577.6  2.16E-01  3.09E-01  0.00E+00  0.00E+00  0.00E+00
  57 1.51E-02  21974.5  2.23E-01  3.35E-01  0.00E+00  0.00E+00  0.00E+00
  58 2.03E-02  23538.9  2.32E-01  3.56E-01  0.00E+00  0.00E+00  0.00E+00
  59 2.72E-02  25281.0  2.42E-01  3.71E-01  0.00E+00  0.00E+00  0.00E+00
  60 3.64E-02  27208.3  2.53E-01  3.81E-01  0.00E+00  0.00E+00  0.00E+00
  61 4.83E-02  29328.4  2.64E-01  3.88E-01  0.00E+00  0.00E+00  0.00E+00
  62 6.39E-02  31649.6  2.74E-01  3.92E-01  0.00E+00  0.00E+00  0.00E+00
  63 8.40E-02  34181.2  2.81E-01  3.95E-01  0.00E+00  0.00E+00  0.00E+00
  64 1.10E-01  36934.0  2.84E-01  3.96E-01  0.00E+00  0.00E+00  0.00E+00
  65 1.46E-01  39919.4  2.80E-01  3.98E-01  0.00E+00  0.00E+00  0.00E+00
  66 1.95E-01  43151.5  2.69E-01  3.98E-01  0.00E+00  0.00E+00  0.00E+00
  67 2.65E-01  46648.9  2.52E-01  3.99E-01  0.00E+00  0.00E+00  0.00E+00
  68 3.71E-01  50438.9  2.33E-01  3.99E-01  0.00E+00  0.00E+00  0.00E+00
  69 5.32E-01  54558.2  2.17E-01  3.99E-01  0.00E+00  0.00E+00  0.00E+00
  70 7.79E-01  59049.8  2.07E-01  3.99E-01  0.00E+00  0.00E+00  0.00E+00

convective zone between depths (inclusive)  43  53

 end rybsol

**********
 ITERATION:  5
**********

 before inilam
 after inilam
 after linsel
 NTRANS         136
 ilam           1
 after opaini in ilam           1
 after ratsp1i in ilam           1
 after newpop in ilam           1
 after output
 after radpre
 HMIX0  0.59999999999999998     
dad -5.5203E-20 -1.1901E-19 -3.1642E-16

 RYBHEQ in iter   5
   id      dm          dens        pgs0          pra          pradfc      grad        log grad

   1   6.9925E-08   1.9931E-12   2.2106E+00   6.9169E+01   7.5099E+00   8.5489E+03   3.9319E+00
   2   9.5888E-08   2.3029E-12   3.0316E+00   6.9169E+01   5.4933E+00   7.1986E+02   2.8572E+00
   3   1.3115E-07   3.1432E-12   4.1468E+00   6.9169E+01   5.3183E+00   3.2351E+02   2.5099E+00
   4   1.7888E-07   4.3033E-12   5.6560E+00   6.9169E+01   5.2027E+00   3.4386E+02   2.5364E+00
   5   2.4316E-07   5.8837E-12   7.6888E+00   6.9169E+01   5.0963E+00   3.9193E+02   2.5932E+00
   6   3.2924E-07   8.0173E-12   1.0411E+01   6.9169E+01   4.9858E+00   4.5433E+02   2.6574E+00
   7   4.4367E-07   1.0870E-11   1.4029E+01   6.9169E+01   4.8673E+00   5.2876E+02   2.7233E+00
   8   5.9443E-07   1.4631E-11   1.8797E+01   6.9169E+01   4.7342E+00   6.1548E+02   2.7892E+00
   9   7.9108E-07   1.9493E-11   2.5015E+01   6.9169E+01   4.5785E+00   7.1243E+02   2.8527E+00
  10   1.0447E-06   2.5685E-11   3.3035E+01   6.9170E+01   4.4071E+00   8.1593E+02   2.9117E+00
  11   1.3679E-06   3.3429E-11   4.3255E+01   6.9170E+01   4.2214E+00   9.2563E+02   2.9664E+00
  12   1.7748E-06   4.2963E-11   5.6123E+01   6.9170E+01   4.0270E+00   1.0380E+03   3.0162E+00
  13   2.2812E-06   5.4548E-11   7.2134E+01   6.9171E+01   3.8300E+00   1.1485E+03   3.0601E+00
  14   2.9044E-06   6.8601E-11   9.1843E+01   6.9172E+01   3.6454E+00   1.2544E+03   3.0984E+00
  15   3.6643E-06   8.5529E-11   1.1587E+02   6.9173E+01   3.4753E+00   1.3605E+03   3.1337E+00
  16   4.5829E-06   1.0588E-10   1.4492E+02   6.9174E+01   3.3235E+00   1.4672E+03   3.1665E+00
  17   5.6859E-06   1.3030E-10   1.7980E+02   6.9176E+01   3.1910E+00   1.5806E+03   3.1988E+00
  18   7.0028E-06   1.5955E-10   2.2144E+02   6.9178E+01   3.0760E+00   1.7059E+03   3.2320E+00
  19   8.5681E-06   1.9448E-10   2.7093E+02   6.9181E+01   2.9757E+00   1.8443E+03   3.2658E+00
  20   1.0423E-05   2.3632E-10   3.2958E+02   6.9185E+01   2.8915E+00   1.9976E+03   3.3005E+00
  21   1.2614E-05   2.8622E-10   3.9888E+02   6.9189E+01   2.8178E+00   2.1786E+03   3.3382E+00
  22   1.5200E-05   3.4558E-10   4.8063E+02   6.9196E+01   2.7517E+00   2.3825E+03   3.3770E+00
  23   1.8246E-05   4.1601E-10   5.7695E+02   6.9203E+01   2.6905E+00   2.6088E+03   3.4164E+00
  24   2.1831E-05   4.9965E-10   6.9033E+02   6.9214E+01   2.6346E+00   2.8534E+03   3.4554E+00
  25   2.6051E-05   5.9892E-10   8.2374E+02   6.9227E+01   2.5825E+00   3.1203E+03   3.4942E+00
  26   3.1015E-05   7.1686E-10   9.8071E+02   6.9244E+01   2.5342E+00   3.4093E+03   3.5327E+00
  27   3.6858E-05   8.5724E-10   1.1655E+03   6.9266E+01   2.4899E+00   3.7233E+03   3.5709E+00
  28   4.3741E-05   1.0241E-09   1.3831E+03   6.9294E+01   2.4475E+00   4.0666E+03   3.6092E+00
  29   5.1854E-05   1.2221E-09   1.6396E+03   6.9330E+01   2.4059E+00   4.4398E+03   3.6474E+00
  30   6.1428E-05   1.4567E-09   1.9423E+03   6.9376E+01   2.3639E+00   4.8444E+03   3.6852E+00
  31   7.2742E-05   1.7350E-09   2.3000E+03   6.9436E+01   2.3215E+00   5.2814E+03   3.7227E+00
  32   8.6132E-05   2.0657E-09   2.7234E+03   6.9513E+01   2.2794E+00   5.7554E+03   3.7601E+00
  33   1.0201E-04   2.4587E-09   3.2254E+03   6.9612E+01   2.2368E+00   6.2757E+03   3.7977E+00
  34   1.2088E-04   2.9251E-09   3.8221E+03   6.9742E+01   2.1929E+00   6.8499E+03   3.8357E+00
  35   1.4337E-04   3.4789E-09   4.5331E+03   6.9910E+01   2.1473E+00   7.4867E+03   3.8743E+00
  36   1.7025E-04   4.1358E-09   5.3827E+03   7.0130E+01   2.0995E+00   8.1990E+03   3.9138E+00
  37   2.0245E-04   4.9178E-09   6.4008E+03   7.0420E+01   2.0507E+00   8.9998E+03   3.9542E+00
  38   2.4116E-04   5.8408E-09   7.6246E+03   7.0804E+01   1.9976E+00   9.9258E+03   3.9968E+00
  39   2.8784E-04   6.9291E-09   9.1000E+03   7.1318E+01   1.9407E+00   1.1005E+04   4.0416E+00
  40   3.4427E-04   8.2064E-09   1.0884E+04   7.2011E+01   1.8798E+00   1.2276E+04   4.0891E+00
  41   4.1271E-04   9.6945E-09   1.3047E+04   7.2955E+01   1.8143E+00   1.3794E+04   4.1397E+00
  42   4.9593E-04   1.1411E-08   1.5678E+04   7.4255E+01   1.7442E+00   1.5622E+04   4.1937E+00
  43   5.9736E-04   1.3366E-08   1.8883E+04   7.6065E+01   1.6698E+00   1.7845E+04   4.2515E+00
  44   7.2123E-04   1.5553E-08   2.2798E+04   7.8610E+01   1.5920E+00   2.0549E+04   4.3128E+00
  45   8.7286E-04   1.7954E-08   2.7589E+04   8.2217E+01   1.5125E+00   2.3788E+04   4.3764E+00
  46   1.0591E-03   2.0537E-08   3.3472E+04   8.7346E+01   1.4325E+00   2.7546E+04   4.4401E+00
  47   1.2888E-03   2.3283E-08   4.0731E+04   9.4611E+01   1.3536E+00   3.1616E+04   4.4999E+00
  48   1.5747E-03   2.6268E-08   4.9761E+04   1.0475E+02   1.2788E+00   3.5452E+04   4.5496E+00
  49   1.9346E-03   2.9716E-08   6.1130E+04   1.1854E+02   1.2117E+00   3.8334E+04   4.5836E+00
  50   2.3952E-03   3.3969E-08   7.5675E+04   1.3686E+02   1.1548E+00   3.9764E+04   4.5995E+00
  51   2.9958E-03   3.9441E-08   9.4644E+04   1.6074E+02   1.1087E+00   3.9771E+04   4.5996E+00
  52   3.7948E-03   4.6614E-08   1.1988E+05   1.9175E+02   1.0727E+00   3.8808E+04   4.5889E+00
  53   4.8763E-03   5.6083E-08   1.5404E+05   2.3224E+02   1.0459E+00   3.7434E+04   4.5733E+00
  54   6.3586E-03   6.8576E-08   2.0086E+05   2.8578E+02   1.0272E+00   3.6122E+04   4.5578E+00
  55   8.4015E-03   8.4946E-08   2.6539E+05   3.5770E+02   1.0152E+00   3.5204E+04   4.5466E+00
  56   1.1217E-02   1.0615E-07   3.5432E+05   4.5567E+02   1.0080E+00   3.4800E+04   4.5416E+00
  57   1.5068E-02   1.3318E-07   4.7597E+05   5.9022E+02   1.0039E+00   3.4935E+04   4.5433E+00
  58   2.0272E-02   1.6695E-07   6.4036E+05   7.7548E+02   1.0018E+00   3.5599E+04   4.5514E+00
  59   2.7220E-02   2.0844E-07   8.5980E+05   1.0307E+03   1.0008E+00   3.6737E+04   4.5651E+00
  60   3.6383E-02   2.5863E-07   1.1492E+06   1.3821E+03   1.0003E+00   3.8348E+04   4.5837E+00
  61   4.8344E-02   3.1859E-07   1.5270E+06   1.8654E+03   1.0000E+00   4.0411E+04   4.6065E+00
  62   6.3853E-02   3.8975E-07   2.0168E+06   2.5296E+03   9.9990E-01   4.2822E+04   4.6317E+00
  63   8.3965E-02   4.7438E-07   2.6518E+06   3.4412E+03   9.9985E-01   4.5326E+04   4.6563E+00
  64   1.1031E-01   5.7660E-07   3.4836E+06   4.6907E+03   9.9980E-01   4.7436E+04   4.6761E+00
  65   1.4559E-01   7.0398E-07   4.5976E+06   6.4005E+03   9.9966E-01   4.8458E+04   4.6854E+00
  66   1.9451E-01   8.6996E-07   6.1423E+06   8.7357E+03   9.9928E-01   4.7733E+04   4.6788E+00
  67   2.6513E-01   1.0968E-06   8.3722E+06   1.1921E+04   9.9842E-01   4.5104E+04   4.6542E+00
  68   3.7073E-01   1.4184E-06   1.1707E+07   1.6265E+04   9.9673E-01   4.1143E+04   4.6143E+00
  69   5.3199E-01   1.8818E-06   1.6801E+07   2.2198E+04   9.9370E-01   3.6790E+04   4.5657E+00
  70   7.7933E-01   2.5472E-06   2.4614E+07   3.0305E+04   9.8860E-01   3.2777E+04   4.5156E+00
 before if(lfin) F

before psy0 - nfreqe,in       0       2       0       1       0       0       1

 =========  LINEARIZATION, ITER =           5

reint1.1.1.1.1.1.1.1.1.1.1.1.1.1.1.1.1.1.1.1.1.1.1.1.1.1.1.1.1.1.1.1.1.1.1.
     1.1.1.1.1.1.1.1.1.1.1.1.1.1.1.1.1.1.1.1.1.1.1.1.1.1.1.1.1.1.1.1.1.1.1.
redif0.0.0.0.0.0.0.0.0.0.0.0.0.0.0.0.0.0.0.0.0.0.0.0.0.0.0.0.0.0.0.0.0.0.0.
     0.1.1.1.1.1.1.1.1.1.1.1.1.1.1.1.1.1.1.1.1.1.1.1.1.1.1.1.1.1.1.1.1.1.1.
u -1.49E+04 -6.52E-05  9.22E-01  2.00E+00 -1.61E+04 -1.61E+04  7.10E+07  1.30E-08  1.15E-04  9.68E-01
 ===== end of RYBCHN in ITER           5
 conout imod,iprin           1           1


  ID    DM        TEMP      DELTA  DELTA(AD)  CON/TOT  RAD/TOT  (C+R)/TOT


   1 6.99E-08   7775.4  0.00E+00  0.00E+00  0.00E+00  0.00E+00  0.00E+00
   2 9.59E-08   8407.4  6.83E+00  0.00E+00  0.00E+00  0.00E+00  0.00E+00
   3 1.31E-07   8475.7  5.28E-01  0.00E+00  0.00E+00  0.00E+00  0.00E+00
   4 1.79E-07   8522.5  2.70E-01  0.00E+00  0.00E+00  0.00E+00  0.00E+00
   5 2.43E-07   8566.6  1.93E-01  0.00E+00  0.00E+00  0.00E+00  0.00E+00
   6 3.29E-07   8613.6  1.57E-01  0.00E+00  0.00E+00  0.00E+00  0.00E+00
   7 4.44E-07   8666.1  1.36E-01  0.00E+00  0.00E+00  0.00E+00  0.00E+00
   8 5.94E-07   8726.8  1.25E-01  0.00E+00  0.00E+00  0.00E+00  0.00E+00
   9 7.91E-07   8798.9  1.20E-01  0.00E+00  0.00E+00  0.00E+00  0.00E+00
  10 1.04E-06   8882.1  1.15E-01  0.00E+00  0.00E+00  0.00E+00  0.00E+00
  11 1.37E-06   8977.4  1.12E-01  0.00E+00  0.00E+00  0.00E+00  0.00E+00
  12 1.77E-06   9083.3  1.08E-01  0.00E+00  0.00E+00  0.00E+00  0.00E+00
  13 2.28E-06   9197.9  1.04E-01  0.00E+00  0.00E+00  0.00E+00  0.00E+00
  14 2.90E-06   9312.8  9.50E-02  0.00E+00  0.00E+00  0.00E+00  0.00E+00
  15 3.66E-06   9425.4  8.64E-02  0.00E+00  0.00E+00  0.00E+00  0.00E+00
  16 4.58E-06   9531.6  7.68E-02  0.00E+00  0.00E+00  0.00E+00  0.00E+00
  17 5.69E-06   9629.4  6.76E-02  0.00E+00  0.00E+00  0.00E+00  0.00E+00
  18 7.00E-06   9718.1  5.93E-02  0.00E+00  0.00E+00  0.00E+00  0.00E+00
  19 8.57E-06   9798.9  5.26E-02  0.00E+00  0.00E+00  0.00E+00  0.00E+00
  20 1.04E-05   9869.5  4.52E-02  0.00E+00  0.00E+00  0.00E+00  0.00E+00
  21 1.26E-05   9933.6  4.04E-02  0.00E+00  0.00E+00  0.00E+00  0.00E+00
  22 1.52E-05   9992.8  3.69E-02  0.00E+00  0.00E+00  0.00E+00  0.00E+00
  23 1.82E-05  10049.4  3.50E-02  0.00E+00  0.00E+00  0.00E+00  0.00E+00
  24 2.18E-05  10102.7  3.27E-02  0.00E+00  0.00E+00  0.00E+00  0.00E+00
  25 2.61E-05  10153.8  3.12E-02  0.00E+00  0.00E+00  0.00E+00  0.00E+00
  26 3.10E-05  10202.4  2.95E-02  0.00E+00  0.00E+00  0.00E+00  0.00E+00
  27 3.69E-05  10248.4  2.77E-02  0.00E+00  0.00E+00  0.00E+00  0.00E+00
  28 4.37E-05  10293.5  2.70E-02  0.00E+00  0.00E+00  0.00E+00  0.00E+00
  29 5.19E-05  10339.0  2.71E-02  0.00E+00  0.00E+00  0.00E+00  0.00E+00
  30 6.14E-05  10386.3  2.80E-02  0.00E+00  0.00E+00  0.00E+00  0.00E+00
  31 7.27E-05  10435.6  2.90E-02  0.00E+00  0.00E+00  0.00E+00  0.00E+00
  32 8.61E-05  10486.5  2.96E-02  7.88E-02  0.00E+00  0.00E+00  0.00E+00
  33 1.02E-04  10539.7  3.06E-02  7.91E-02  0.00E+00  0.00E+00  0.00E+00
  34 1.21E-04  10597.0  3.26E-02  7.95E-02  0.00E+00  0.00E+00  0.00E+00
  35 1.43E-04  10659.2  3.49E-02  7.99E-02  0.00E+00  0.00E+00  0.00E+00
  36 1.70E-04  10727.9  3.79E-02  8.04E-02  0.00E+00  0.00E+00  0.00E+00
  37 2.02E-04  10802.2  4.03E-02  8.10E-02  0.00E+00  0.00E+00  0.00E+00
  38 2.41E-04  10888.0  4.57E-02  8.17E-02  0.00E+00  0.00E+00  0.00E+00
  39 2.88E-04  10986.6  5.14E-02  8.24E-02  0.00E+00  0.00E+00  0.00E+00
  40 3.44E-04  11101.3  5.84E-02  8.32E-02  0.00E+00  0.00E+00  0.00E+00
  41 4.13E-04  11236.6  6.72E-02  8.42E-02  0.00E+00  0.00E+00  0.00E+00
  42 4.96E-04  11397.8  7.79E-02  8.53E-02  0.00E+00  0.00E+00  0.00E+00
  43 5.97E-04  11592.1  9.12E-02  8.66E-02  1.69E-07  0.00E+00  1.69E-07
  44 7.21E-04  11828.0  1.07E-01  8.82E-02  6.51E-06  0.00E+00  6.51E-06
  45 8.73E-04  12115.7  1.26E-01  9.03E-02  2.35E-05  0.00E+00  2.35E-05
  46 1.06E-03  12468.7  1.49E-01  9.32E-02  4.24E-05  0.00E+00  4.24E-05
  47 1.29E-03  12901.9  1.74E-01  9.74E-02  4.69E-05  0.00E+00  4.69E-05
  48 1.57E-03  13424.3  1.98E-01  1.04E-01  3.00E-05  0.00E+00  3.00E-05
  49 1.93E-03  14034.4  2.16E-01  1.13E-01  1.04E-05  0.00E+00  1.04E-05
  50 2.40E-03  14723.9  2.25E-01  1.28E-01  1.97E-06  0.00E+00  1.97E-06
  51 3.00E-03  15485.4  2.26E-01  1.48E-01  2.14E-07  0.00E+00  2.14E-07
  52 3.79E-03  16317.6  2.22E-01  1.76E-01  1.00E-08  0.00E+00  1.00E-08
  53 4.88E-03  17226.7  2.16E-01  2.07E-01  2.53E-11  0.00E+00  2.53E-11
  54 6.36E-03  18225.8  2.12E-01  2.42E-01  0.00E+00  0.00E+00  0.00E+00
  55 8.40E-03  19334.8  2.12E-01  2.77E-01  0.00E+00  0.00E+00  0.00E+00
  56 1.12E-02  20577.6  2.16E-01  3.09E-01  0.00E+00  0.00E+00  0.00E+00
  57 1.51E-02  21974.5  2.23E-01  3.35E-01  0.00E+00  0.00E+00  0.00E+00
  58 2.03E-02  23538.9  2.32E-01  3.56E-01  0.00E+00  0.00E+00  0.00E+00
  59 2.72E-02  25281.0  2.42E-01  3.71E-01  0.00E+00  0.00E+00  0.00E+00
  60 3.64E-02  27208.3  2.53E-01  3.81E-01  0.00E+00  0.00E+00  0.00E+00
  61 4.83E-02  29328.4  2.64E-01  3.88E-01  0.00E+00  0.00E+00  0.00E+00
  62 6.39E-02  31649.6  2.74E-01  3.92E-01  0.00E+00  0.00E+00  0.00E+00
  63 8.40E-02  34181.2  2.81E-01  3.95E-01  0.00E+00  0.00E+00  0.00E+00
  64 1.10E-01  36934.0  2.84E-01  3.96E-01  0.00E+00  0.00E+00  0.00E+00
  65 1.46E-01  39919.4  2.80E-01  3.98E-01  0.00E+00  0.00E+00  0.00E+00
  66 1.95E-01  43151.5  2.69E-01  3.98E-01  0.00E+00  0.00E+00  0.00E+00
  67 2.65E-01  46648.9  2.52E-01  3.99E-01  0.00E+00  0.00E+00  0.00E+00
  68 3.71E-01  50438.9  2.33E-01  3.99E-01  0.00E+00  0.00E+00  0.00E+00
  69 5.32E-01  54558.2  2.17E-01  3.99E-01  0.00E+00  0.00E+00  0.00E+00
  70 7.79E-01  59049.8  2.07E-01  3.99E-01  0.00E+00  0.00E+00  0.00E+00

convective zone between depths (inclusive)  43  53

 end rybsol

**********
 ITERATION:  6
**********

 before inilam
 after inilam
 after linsel
 NTRANS         136
 ilam           1
 after opaini in ilam           1
 after ratsp1i in ilam           1
 after newpop in ilam           1
 after output
 after radpre
 HMIX0  0.59999999999999998     
dad -5.5193E-20 -1.1881E-19 -3.1614E-16

 RYBHEQ in iter   6
   id      dm          dens        pgs0          pra          pradfc      grad        log grad

   1   6.9925E-08   1.9922E-12   2.2106E+00   6.9162E+01   7.5050E+00   8.5485E+03   3.9319E+00
   2   9.5888E-08   2.3024E-12   3.0316E+00   6.9163E+01   5.4903E+00   7.1988E+02   2.8573E+00
   3   1.3115E-07   3.1425E-12   4.1468E+00   6.9163E+01   5.3155E+00   3.2331E+02   2.5096E+00
   4   1.7888E-07   4.3023E-12   5.6560E+00   6.9163E+01   5.1998E+00   3.4360E+02   2.5360E+00
   5   2.4316E-07   5.8822E-12   7.6888E+00   6.9163E+01   5.0935E+00   3.9157E+02   2.5928E+00
   6   3.2924E-07   8.0152E-12   1.0411E+01   6.9163E+01   4.9832E+00   4.5388E+02   2.6569E+00
   7   4.4367E-07   1.0866E-11   1.4029E+01   6.9163E+01   4.8636E+00   5.2834E+02   2.7229E+00
   8   5.9443E-07   1.4623E-11   1.8797E+01   6.9163E+01   4.7296E+00   6.1466E+02   2.7886E+00
   9   7.9108E-07   1.9489E-11   2.5015E+01   6.9163E+01   4.5765E+00   7.1089E+02   2.8518E+00
  10   1.0447E-06   2.5688E-11   3.3035E+01   6.9163E+01   4.4074E+00   8.1450E+02   2.9109E+00
  11   1.3679E-06   3.3442E-11   4.3255E+01   6.9163E+01   4.2233E+00   9.2436E+02   2.9658E+00
  12   1.7748E-06   4.2987E-11   5.6123E+01   6.9164E+01   4.0297E+00   1.0370E+03   3.0158E+00
  13   2.2812E-06   5.4578E-11   7.2134E+01   6.9164E+01   3.8326E+00   1.1480E+03   3.0600E+00
  14   2.9044E-06   6.8627E-11   9.1843E+01   6.9165E+01   3.6471E+00   1.2545E+03   3.0985E+00
  15   3.6643E-06   8.5546E-11   1.1587E+02   6.9166E+01   3.4760E+00   1.3610E+03   3.1338E+00
  16   4.5829E-06   1.0589E-10   1.4492E+02   6.9168E+01   3.3236E+00   1.4676E+03   3.1666E+00
  17   5.6859E-06   1.3031E-10   1.7980E+02   6.9169E+01   3.1908E+00   1.5807E+03   3.1989E+00
  18   7.0028E-06   1.5956E-10   2.2144E+02   6.9172E+01   3.0759E+00   1.7055E+03   3.2318E+00
  19   8.5681E-06   1.9449E-10   2.7093E+02   6.9174E+01   2.9759E+00   1.8437E+03   3.2657E+00
  20   1.0423E-05   2.3635E-10   3.2958E+02   6.9178E+01   2.8917E+00   1.9970E+03   3.3004E+00
  21   1.2614E-05   2.8626E-10   3.9888E+02   6.9183E+01   2.8181E+00   2.1778E+03   3.3380E+00
  22   1.5200E-05   3.4564E-10   4.8063E+02   6.9189E+01   2.7521E+00   2.3817E+03   3.3769E+00
  23   1.8246E-05   4.1608E-10   5.7695E+02   6.9197E+01   2.6909E+00   2.6080E+03   3.4163E+00
  24   2.1831E-05   4.9975E-10   6.9033E+02   6.9207E+01   2.6350E+00   2.8526E+03   3.4552E+00
  25   2.6051E-05   5.9902E-10   8.2374E+02   6.9220E+01   2.5828E+00   3.1195E+03   3.4941E+00
  26   3.1015E-05   7.1698E-10   9.8071E+02   6.9237E+01   2.5345E+00   3.4083E+03   3.5325E+00
  27   3.6858E-05   8.5738E-10   1.1655E+03   6.9259E+01   2.4901E+00   3.7222E+03   3.5708E+00
  28   4.3741E-05   1.0242E-09   1.3831E+03   6.9287E+01   2.4478E+00   4.0652E+03   3.6091E+00
  29   5.1854E-05   1.2223E-09   1.6396E+03   6.9323E+01   2.4062E+00   4.4382E+03   3.6472E+00
  30   6.1428E-05   1.4570E-09   1.9423E+03   6.9369E+01   2.3643E+00   4.8424E+03   3.6851E+00
  31   7.2742E-05   1.7354E-09   2.3000E+03   6.9429E+01   2.3219E+00   5.2792E+03   3.7226E+00
  32   8.6132E-05   2.0661E-09   2.7234E+03   6.9506E+01   2.2797E+00   5.7530E+03   3.7599E+00
  33   1.0201E-04   2.4592E-09   3.2254E+03   6.9606E+01   2.2372E+00   6.2730E+03   3.7975E+00
  34   1.2088E-04   2.9257E-09   3.8221E+03   6.9735E+01   2.1932E+00   6.8469E+03   3.8355E+00
  35   1.4337E-04   3.4796E-09   4.5331E+03   6.9903E+01   2.1477E+00   7.4833E+03   3.8741E+00
  36   1.7025E-04   4.1367E-09   5.3827E+03   7.0124E+01   2.0998E+00   8.1950E+03   3.9136E+00
  37   2.0245E-04   4.9189E-09   6.4008E+03   7.0413E+01   2.0511E+00   8.9951E+03   3.9540E+00
  38   2.4116E-04   5.8422E-09   7.6246E+03   7.0797E+01   1.9980E+00   9.9203E+03   3.9965E+00
  39   2.8784E-04   6.9310E-09   9.1000E+03   7.1311E+01   1.9412E+00   1.0998E+04   4.0413E+00
  40   3.4427E-04   8.2089E-09   1.0884E+04   7.2003E+01   1.8803E+00   1.2268E+04   4.0888E+00
  41   4.1271E-04   9.6978E-09   1.3047E+04   7.2946E+01   1.8149E+00   1.3785E+04   4.1394E+00
  42   4.9593E-04   1.1416E-08   1.5678E+04   7.4246E+01   1.7448E+00   1.5611E+04   4.1934E+00
  43   5.9736E-04   1.3371E-08   1.8883E+04   7.6054E+01   1.6705E+00   1.7832E+04   4.2512E+00
  44   7.2123E-04   1.5560E-08   2.2798E+04   7.8598E+01   1.5927E+00   2.0535E+04   4.3125E+00
  45   8.7286E-04   1.7962E-08   2.7589E+04   8.2203E+01   1.5131E+00   2.3775E+04   4.3761E+00
  46   1.0591E-03   2.0545E-08   3.3472E+04   8.7330E+01   1.4330E+00   2.7536E+04   4.4399E+00
  47   1.2888E-03   2.3290E-08   4.0731E+04   9.4593E+01   1.3540E+00   3.1611E+04   4.4998E+00
  48   1.5747E-03   2.6274E-08   4.9761E+04   1.0473E+02   1.2790E+00   3.5454E+04   4.5497E+00
  49   1.9346E-03   2.9720E-08   6.1130E+04   1.1853E+02   1.2118E+00   3.8341E+04   4.5837E+00
  50   2.3952E-03   3.3971E-08   7.5675E+04   1.3685E+02   1.1548E+00   3.9774E+04   4.5996E+00
  51   2.9958E-03   3.9441E-08   9.4644E+04   1.6074E+02   1.1087E+00   3.9779E+04   4.5996E+00
  52   3.7948E-03   4.6614E-08   1.1988E+05   1.9175E+02   1.0727E+00   3.8812E+04   4.5890E+00
  53   4.8763E-03   5.6083E-08   1.5404E+05   2.3224E+02   1.0459E+00   3.7436E+04   4.5733E+00
  54   6.3586E-03   6.8576E-08   2.0086E+05   2.8578E+02   1.0272E+00   3.6123E+04   4.5578E+00
  55   8.4015E-03   8.4946E-08   2.6539E+05   3.5770E+02   1.0152E+00   3.5204E+04   4.5466E+00
  56   1.1217E-02   1.0615E-07   3.5432E+05   4.5567E+02   1.0080E+00   3.4800E+04   4.5416E+00
  57   1.5068E-02   1.3318E-07   4.7597E+05   5.9022E+02   1.0039E+00   3.4935E+04   4.5433E+00
  58   2.0272E-02   1.6695E-07   6.4036E+05   7.7548E+02   1.0018E+00   3.5599E+04   4.5514E+00
  59   2.7220E-02   2.0844E-07   8.5980E+05   1.0307E+03   1.0008E+00   3.6737E+04   4.5651E+00
  60   3.6383E-02   2.5863E-07   1.1492E+06   1.3821E+03   1.0003E+00   3.8348E+04   4.5837E+00
  61   4.8344E-02   3.1859E-07   1.5270E+06   1.8654E+03   1.0000E+00   4.0411E+04   4.6065E+00
  62   6.3853E-02   3.8975E-07   2.0168E+06   2.5296E+03   9.9990E-01   4.2822E+04   4.6317E+00
  63   8.3965E-02   4.7438E-07   2.6518E+06   3.4412E+03   9.9985E-01   4.5326E+04   4.6563E+00
  64   1.1031E-01   5.7660E-07   3.4836E+06   4.6907E+03   9.9980E-01   4.7436E+04   4.6761E+00
  65   1.4559E-01   7.0398E-07   4.5976E+06   6.4005E+03   9.9966E-01   4.8458E+04   4.6854E+00
  66   1.9451E-01   8.6996E-07   6.1423E+06   8.7357E+03   9.9928E-01   4.7733E+04   4.6788E+00
  67   2.6513E-01   1.0968E-06   8.3722E+06   1.1921E+04   9.9842E-01   4.5104E+04   4.6542E+00
  68   3.7073E-01   1.4184E-06   1.1707E+07   1.6265E+04   9.9673E-01   4.1143E+04   4.6143E+00
  69   5.3199E-01   1.8818E-06   1.6801E+07   2.2198E+04   9.9370E-01   3.6790E+04   4.5657E+00
  70   7.7933E-01   2.5472E-06   2.4614E+07   3.0305E+04   9.8860E-01   3.2777E+04   4.5156E+00
 before if(lfin) F

before psy0 - nfreqe,in       0       2       0       1       0       0       1

 =========  LINEARIZATION, ITER =           6

reint1.1.1.1.1.1.1.1.1.1.1.1.1.1.1.1.1.1.1.1.1.1.1.1.1.1.1.1.1.1.1.1.1.1.1.
     1.1.1.1.1.1.1.1.1.1.1.1.1.1.1.1.1.1.1.1.1.1.1.1.1.1.1.1.1.1.1.1.1.1.1.
redif0.0.0.0.0.0.0.0.0.0.0.0.0.0.0.0.0.0.0.0.0.0.0.0.0.0.0.0.0.0.0.0.0.0.0.
     0.1.1.1.1.1.1.1.1.1.1.1.1.1.1.1.1.1.1.1.1.1.1.1.1.1.1.1.1.1.1.1.1.1.1.
u -1.49E+04 -6.53E-05  9.22E-01  2.00E+00 -1.61E+04 -1.61E+04  7.10E+07  1.30E-08  1.15E-04  9.70E-01
 ===== end of RYBCHN in ITER           6
 conout imod,iprin           1           1


  ID    DM        TEMP      DELTA  DELTA(AD)  CON/TOT  RAD/TOT  (C+R)/TOT


   1 6.99E-08   7775.5  0.00E+00  0.00E+00  0.00E+00  0.00E+00  0.00E+00
   2 9.59E-08   8407.5  6.83E+00  0.00E+00  0.00E+00  0.00E+00  0.00E+00
   3 1.31E-07   8475.8  5.28E-01  0.00E+00  0.00E+00  0.00E+00  0.00E+00
   4 1.79E-07   8522.6  2.70E-01  0.00E+00  0.00E+00  0.00E+00  0.00E+00
   5 2.43E-07   8566.7  1.93E-01  0.00E+00  0.00E+00  0.00E+00  0.00E+00
   6 3.29E-07   8613.8  1.57E-01  0.00E+00  0.00E+00  0.00E+00  0.00E+00
   7 4.44E-07   8666.3  1.37E-01  0.00E+00  0.00E+00  0.00E+00  0.00E+00
   8 5.94E-07   8727.0  1.25E-01  0.00E+00  0.00E+00  0.00E+00  0.00E+00
   9 7.91E-07   8799.0  1.20E-01  0.00E+00  0.00E+00  0.00E+00  0.00E+00
  10 1.04E-06   8882.1  1.15E-01  0.00E+00  0.00E+00  0.00E+00  0.00E+00
  11 1.37E-06   8977.2  1.12E-01  0.00E+00  0.00E+00  0.00E+00  0.00E+00
  12 1.77E-06   9083.1  1.08E-01  0.00E+00  0.00E+00  0.00E+00  0.00E+00
  13 2.28E-06   9197.7  1.04E-01  0.00E+00  0.00E+00  0.00E+00  0.00E+00
  14 2.90E-06   9312.6  9.51E-02  0.00E+00  0.00E+00  0.00E+00  0.00E+00
  15 3.66E-06   9425.3  8.64E-02  0.00E+00  0.00E+00  0.00E+00  0.00E+00
  16 4.58E-06   9531.6  7.69E-02  0.00E+00  0.00E+00  0.00E+00  0.00E+00
  17 5.69E-06   9629.3  6.76E-02  0.00E+00  0.00E+00  0.00E+00  0.00E+00
  18 7.00E-06   9718.0  5.93E-02  0.00E+00  0.00E+00  0.00E+00  0.00E+00
  19 8.57E-06   9798.8  5.26E-02  0.00E+00  0.00E+00  0.00E+00  0.00E+00
  20 1.04E-05   9869.5  4.52E-02  0.00E+00  0.00E+00  0.00E+00  0.00E+00
  21 1.26E-05   9933.5  4.04E-02  0.00E+00  0.00E+00  0.00E+00  0.00E+00
  22 1.52E-05   9992.7  3.69E-02  0.00E+00  0.00E+00  0.00E+00  0.00E+00
  23 1.82E-05  10049.3  3.50E-02  0.00E+00  0.00E+00  0.00E+00  0.00E+00
  24 2.18E-05  10102.6  3.27E-02  0.00E+00  0.00E+00  0.00E+00  0.00E+00
  25 2.61E-05  10153.7  3.12E-02  0.00E+00  0.00E+00  0.00E+00  0.00E+00
  26 3.10E-05  10202.4  2.95E-02  0.00E+00  0.00E+00  0.00E+00  0.00E+00
  27 3.69E-05  10248.3  2.77E-02  0.00E+00  0.00E+00  0.00E+00  0.00E+00
  28 4.37E-05  10293.4  2.70E-02  0.00E+00  0.00E+00  0.00E+00  0.00E+00
  29 5.19E-05  10338.9  2.71E-02  0.00E+00  0.00E+00  0.00E+00  0.00E+00
  30 6.14E-05  10386.2  2.80E-02  0.00E+00  0.00E+00  0.00E+00  0.00E+00
  31 7.27E-05  10435.5  2.90E-02  0.00E+00  0.00E+00  0.00E+00  0.00E+00
  32 8.61E-05  10486.4  2.96E-02  7.88E-02  0.00E+00  0.00E+00  0.00E+00
  33 1.02E-04  10539.6  3.06E-02  7.91E-02  0.00E+00  0.00E+00  0.00E+00
  34 1.21E-04  10596.9  3.26E-02  7.95E-02  0.00E+00  0.00E+00  0.00E+00
  35 1.43E-04  10659.1  3.49E-02  7.99E-02  0.00E+00  0.00E+00  0.00E+00
  36 1.70E-04  10727.8  3.79E-02  8.04E-02  0.00E+00  0.00E+00  0.00E+00
  37 2.02E-04  10802.0  4.03E-02  8.10E-02  0.00E+00  0.00E+00  0.00E+00
  38 2.41E-04  10887.8  4.57E-02  8.17E-02  0.00E+00  0.00E+00  0.00E+00
  39 2.88E-04  10986.5  5.14E-02  8.24E-02  0.00E+00  0.00E+00  0.00E+00
  40 3.44E-04  11101.2  5.84E-02  8.32E-02  0.00E+00  0.00E+00  0.00E+00
  41 4.13E-04  11236.4  6.72E-02  8.42E-02  0.00E+00  0.00E+00  0.00E+00
  42 4.96E-04  11397.6  7.79E-02  8.53E-02  0.00E+00  0.00E+00  0.00E+00
  43 5.97E-04  11591.9  9.12E-02  8.66E-02  1.68E-07  0.00E+00  1.68E-07
  44 7.21E-04  11827.7  1.07E-01  8.82E-02  6.52E-06  0.00E+00  6.52E-06
  45 8.73E-04  12115.3  1.26E-01  9.03E-02  2.35E-05  0.00E+00  2.35E-05
  46 1.06E-03  12468.4  1.49E-01  9.32E-02  4.25E-05  0.00E+00  4.25E-05
  47 1.29E-03  12901.7  1.74E-01  9.74E-02  4.70E-05  0.00E+00  4.70E-05
  48 1.57E-03  13424.1  1.98E-01  1.04E-01  3.00E-05  0.00E+00  3.00E-05
  49 1.93E-03  14034.3  2.16E-01  1.13E-01  1.04E-05  0.00E+00  1.04E-05
  50 2.40E-03  14723.8  2.25E-01  1.28E-01  1.98E-06  0.00E+00  1.98E-06
  51 3.00E-03  15485.4  2.26E-01  1.48E-01  2.14E-07  0.00E+00  2.14E-07
  52 3.79E-03  16317.6  2.22E-01  1.76E-01  1.00E-08  0.00E+00  1.00E-08
  53 4.88E-03  17226.7  2.16E-01  2.07E-01  2.53E-11  0.00E+00  2.53E-11
  54 6.36E-03  18225.8  2.12E-01  2.42E-01  0.00E+00  0.00E+00  0.00E+00
  55 8.40E-03  19334.8  2.12E-01  2.77E-01  0.00E+00  0.00E+00  0.00E+00
  56 1.12E-02  20577.6  2.16E-01  3.09E-01  0.00E+00  0.00E+00  0.00E+00
  57 1.51E-02  21974.5  2.23E-01  3.35E-01  0.00E+00  0.00E+00  0.00E+00
  58 2.03E-02  23538.9  2.32E-01  3.56E-01  0.00E+00  0.00E+00  0.00E+00
  59 2.72E-02  25281.0  2.42E-01  3.71E-01  0.00E+00  0.00E+00  0.00E+00
  60 3.64E-02  27208.3  2.53E-01  3.81E-01  0.00E+00  0.00E+00  0.00E+00
  61 4.83E-02  29328.4  2.64E-01  3.88E-01  0.00E+00  0.00E+00  0.00E+00
  62 6.39E-02  31649.6  2.74E-01  3.92E-01  0.00E+00  0.00E+00  0.00E+00
  63 8.40E-02  34181.2  2.81E-01  3.95E-01  0.00E+00  0.00E+00  0.00E+00
  64 1.10E-01  36934.0  2.84E-01  3.96E-01  0.00E+00  0.00E+00  0.00E+00
  65 1.46E-01  39919.4  2.80E-01  3.98E-01  0.00E+00  0.00E+00  0.00E+00
  66 1.95E-01  43151.5  2.69E-01  3.98E-01  0.00E+00  0.00E+00  0.00E+00
  67 2.65E-01  46648.9  2.52E-01  3.99E-01  0.00E+00  0.00E+00  0.00E+00
  68 3.71E-01  50438.9  2.33E-01  3.99E-01  0.00E+00  0.00E+00  0.00E+00
  69 5.32E-01  54558.2  2.17E-01  3.99E-01  0.00E+00  0.00E+00  0.00E+00
  70 7.79E-01  59049.8  2.07E-01  3.99E-01  0.00E+00  0.00E+00  0.00E+00

convective zone between depths (inclusive)  43  53

 end rybsol

**********
 ITERATION:  7
**********

 before inilam
 after inilam
 after linsel
 NTRANS         136
 ilam           1
 after opaini in ilam           1
 after ratsp1i in ilam           1
 after newpop in ilam           1
 after output
 ITER  ID    XGRD         FPRAD    log(g_rad)    XGR0        PG+PT      PRAD       d(Ptot)/dm d(PG+PT)/dm

   7   1  1.0000E-01  1.0000E+00  3.9319E+00  3.1623E+06  2.2106E+00  6.9161E+01  3.1623E+07  3.1614E+07
   7   2  3.0000E-01  1.0000E+00  2.8573E+00  9.4868E+06  3.0316E+00  6.9161E+01  3.1623E+07  3.1622E+07
   7   3  5.0000E-01  1.0000E+00  2.5096E+00  1.5811E+07  4.1468E+00  6.9161E+01  3.1623E+07  3.1622E+07
   7   4  7.0000E-01  1.0000E+00  2.5360E+00  2.2136E+07  5.6560E+00  6.9161E+01  3.1623E+07  3.1622E+07
   7   5  9.0000E-01  1.0000E+00  2.5928E+00  2.8461E+07  7.6888E+00  6.9161E+01  3.1623E+07  3.1622E+07
   7   6  9.2000E-01  1.0000E+00  2.6569E+00  2.9093E+07  1.0411E+01  6.9162E+01  3.1623E+07  3.1622E+07
   7   7  9.4000E-01  1.0000E+00  2.7229E+00  2.9725E+07  1.4029E+01  6.9162E+01  3.1623E+07  3.1622E+07
   7   8  9.6000E-01  1.0000E+00  2.7885E+00  3.0358E+07  1.8797E+01  6.9162E+01  3.1623E+07  3.1622E+07
   7   9  9.8000E-01  1.0000E+00  2.8517E+00  3.0990E+07  2.5015E+01  6.9162E+01  3.1623E+07  3.1622E+07
   7  10  9.9000E-01  1.0000E+00  2.9108E+00  3.1307E+07  3.3035E+01  6.9162E+01  3.1623E+07  3.1622E+07
   7  11  9.9000E-01  1.0000E+00  2.9657E+00  3.1307E+07  4.3255E+01  6.9162E+01  3.1623E+07  3.1622E+07
   7  12  9.9000E-01  1.0000E+00  3.0157E+00  3.1307E+07  5.6123E+01  6.9163E+01  3.1623E+07  3.1622E+07
   7  13  9.9000E-01  1.0000E+00  3.0599E+00  3.1307E+07  7.2134E+01  6.9163E+01  3.1623E+07  3.1622E+07
   7  14  9.9000E-01  1.0000E+00  3.0985E+00  3.1307E+07  9.1843E+01  6.9164E+01  3.1623E+07  3.1622E+07
   7  15  9.9000E-01  1.0000E+00  3.1339E+00  3.1307E+07  1.1587E+02  6.9165E+01  3.1623E+07  3.1621E+07
   7  16  9.9000E-01  1.0000E+00  3.1666E+00  3.1307E+07  1.4492E+02  6.9166E+01  3.1623E+07  3.1621E+07
   7  17  9.9000E-01  1.0000E+00  3.1989E+00  3.1307E+07  1.7980E+02  6.9168E+01  3.1623E+07  3.1621E+07
   7  18  9.9000E-01  1.0000E+00  3.2318E+00  3.1307E+07  2.2144E+02  6.9170E+01  3.1623E+07  3.1621E+07
   7  19  9.9000E-01  1.0000E+00  3.2657E+00  3.1307E+07  2.7093E+02  6.9173E+01  3.1623E+07  3.1621E+07
   7  20  9.9000E-01  1.0000E+00  3.3004E+00  3.1307E+07  3.2958E+02  6.9177E+01  3.1623E+07  3.1621E+07
   7  21  9.9000E-01  1.0000E+00  3.3380E+00  3.1307E+07  3.9888E+02  6.9182E+01  3.1623E+07  3.1621E+07
   7  22  9.9000E-01  1.0000E+00  3.3769E+00  3.1307E+07  4.8063E+02  6.9188E+01  3.1623E+07  3.1620E+07
   7  23  9.9000E-01  1.0000E+00  3.4163E+00  3.1307E+07  5.7695E+02  6.9196E+01  3.1623E+07  3.1620E+07
   7  24  9.9000E-01  1.0000E+00  3.4552E+00  3.1307E+07  6.9033E+02  6.9206E+01  3.1623E+07  3.1620E+07
   7  25  9.9000E-01  1.0000E+00  3.4941E+00  3.1307E+07  8.2374E+02  6.9219E+01  3.1623E+07  3.1620E+07
   7  26  9.9000E-01  1.0000E+00  3.5325E+00  3.1307E+07  9.8071E+02  6.9236E+01  3.1623E+07  3.1619E+07
   7  27  9.9000E-01  1.0000E+00  3.5708E+00  3.1307E+07  1.1655E+03  6.9258E+01  3.1623E+07  3.1619E+07
   7  28  9.9000E-01  1.0000E+00  3.6091E+00  3.1307E+07  1.3831E+03  6.9286E+01  3.1623E+07  3.1619E+07
   7  29  9.9000E-01  1.0000E+00  3.6472E+00  3.1307E+07  1.6396E+03  6.9322E+01  3.1623E+07  3.1618E+07
   7  30  9.9000E-01  1.0000E+00  3.6850E+00  3.1307E+07  1.9423E+03  6.9368E+01  3.1623E+07  3.1618E+07
   7  31  9.9000E-01  1.0000E+00  3.7225E+00  3.1307E+07  2.3000E+03  6.9428E+01  3.1623E+07  3.1618E+07
   7  32  9.9000E-01  1.0000E+00  3.7599E+00  3.1307E+07  2.7234E+03  6.9505E+01  3.1623E+07  3.1617E+07
   7  33  9.9000E-01  1.0000E+00  3.7974E+00  3.1307E+07  3.2254E+03  6.9605E+01  3.1623E+07  3.1617E+07
   7  34  9.9000E-01  1.0000E+00  3.8355E+00  3.1307E+07  3.8221E+03  6.9734E+01  3.1623E+07  3.1616E+07
   7  35  9.9000E-01  1.0000E+00  3.8741E+00  3.1307E+07  4.5331E+03  6.9902E+01  3.1623E+07  3.1615E+07
   7  36  9.9000E-01  1.0000E+00  3.9135E+00  3.1307E+07  5.3827E+03  7.0122E+01  3.1623E+07  3.1615E+07
   7  37  9.9000E-01  1.0000E+00  3.9540E+00  3.1307E+07  6.4008E+03  7.0412E+01  3.1623E+07  3.1614E+07
   7  38  9.9000E-01  1.0000E+00  3.9965E+00  3.1307E+07  7.6246E+03  7.0796E+01  3.1623E+07  3.1613E+07
   7  39  9.9000E-01  1.0000E+00  4.0413E+00  3.1307E+07  9.1000E+03  7.1309E+01  3.1623E+07  3.1612E+07
   7  40  9.9000E-01  1.0000E+00  4.0887E+00  3.1307E+07  1.0884E+04  7.2002E+01  3.1623E+07  3.1611E+07
   7  41  9.9000E-01  1.0000E+00  4.1393E+00  3.1307E+07  1.3047E+04  7.2945E+01  3.1623E+07  3.1609E+07
   7  42  9.9000E-01  1.0000E+00  4.1934E+00  3.1307E+07  1.5678E+04  7.4244E+01  3.1623E+07  3.1607E+07
   7  43  9.9000E-01  1.0000E+00  4.2511E+00  3.1307E+07  1.8883E+04  7.6052E+01  3.1623E+07  3.1605E+07
   7  44  9.9000E-01  1.0000E+00  4.3124E+00  3.1307E+07  2.2798E+04  7.8596E+01  3.1623E+07  3.1602E+07
   7  45  9.9000E-01  1.0000E+00  4.3761E+00  3.1307E+07  2.7589E+04  8.2200E+01  3.1623E+07  3.1599E+07
   7  46  9.9000E-01  1.0000E+00  4.4399E+00  3.1307E+07  3.3472E+04  8.7327E+01  3.1623E+07  3.1595E+07
   7  47  9.9000E-01  1.0000E+00  4.4998E+00  3.1307E+07  4.0731E+04  9.4590E+01  3.1623E+07  3.1591E+07
   7  48  9.9000E-01  1.0000E+00  4.5497E+00  3.1307E+07  4.9761E+04  1.0473E+02  3.1623E+07  3.1587E+07
   7  49  9.9000E-01  1.0000E+00  4.5837E+00  3.1307E+07  6.1130E+04  1.1853E+02  3.1623E+07  3.1584E+07
   7  50  9.9000E-01  1.0000E+00  4.5996E+00  3.1307E+07  7.5675E+04  1.3685E+02  3.1623E+07  3.1583E+07
   7  51  9.9000E-01  1.0000E+00  4.5997E+00  3.1307E+07  9.4644E+04  1.6074E+02  3.1623E+07  3.1583E+07
   7  52  9.9000E-01  1.0000E+00  4.5890E+00  3.1307E+07  1.1988E+05  1.9175E+02  3.1623E+07  3.1584E+07
   7  53  9.9000E-01  1.0000E+00  4.5733E+00  3.1307E+07  1.5404E+05  2.3224E+02  3.1623E+07  3.1585E+07
   7  54  9.9000E-01  1.0000E+00  4.5578E+00  3.1307E+07  2.0086E+05  2.8578E+02  3.1623E+07  3.1587E+07
   7  55  9.9000E-01  1.0000E+00  4.5466E+00  3.1307E+07  2.6539E+05  3.5770E+02  3.1623E+07  3.1588E+07
   7  56  9.9000E-01  1.0000E+00  4.5416E+00  3.1307E+07  3.5432E+05  4.5567E+02  3.1623E+07  3.1588E+07
   7  57  9.9000E-01  1.0000E+00  4.5433E+00  3.1307E+07  4.7597E+05  5.9022E+02  3.1623E+07  3.1588E+07
   7  58  9.9000E-01  1.0000E+00  4.5514E+00  3.1307E+07  6.4036E+05  7.7548E+02  3.1623E+07  3.1587E+07
   7  59  9.9000E-01  1.0000E+00  4.5651E+00  3.1307E+07  8.5980E+05  1.0307E+03  3.1623E+07  3.1586E+07
   7  60  9.9000E-01  1.0000E+00  4.5837E+00  3.1307E+07  1.1492E+06  1.3821E+03  3.1623E+07  3.1584E+07
   7  61  9.9000E-01  1.0000E+00  4.6065E+00  3.1307E+07  1.5270E+06  1.8654E+03  3.1623E+07  3.1582E+07
   7  62  9.9000E-01  1.0000E+00  4.6317E+00  3.1307E+07  2.0168E+06  2.5296E+03  3.1623E+07  3.1580E+07
   7  63  9.9000E-01  1.0000E+00  4.6563E+00  3.1307E+07  2.6518E+06  3.4412E+03  3.1623E+07  3.1577E+07
   7  64  9.9000E-01  1.0000E+00  4.6761E+00  3.1307E+07  3.4836E+06  4.6907E+03  3.1623E+07  3.1575E+07
   7  65  9.9000E-01  1.0000E+00  4.6854E+00  3.1307E+07  4.5976E+06  6.4005E+03  3.1623E+07  3.1574E+07
   7  66  9.9000E-01  1.0000E+00  4.6788E+00  3.1307E+07  6.1423E+06  8.7357E+03  3.1623E+07  3.1575E+07
   7  67  9.9000E-01  1.0000E+00  4.6542E+00  3.1307E+07  8.3722E+06  1.1921E+04  3.1623E+07  3.1578E+07
   7  68  9.9000E-01  1.0000E+00  4.6143E+00  3.1307E+07  1.1707E+07  1.6265E+04  3.1623E+07  3.1582E+07
   7  69  9.9000E-01  1.0000E+00  4.5657E+00  3.1307E+07  1.6801E+07  2.2198E+04  3.1623E+07  3.1586E+07
 after radpre
 HMIX0  0.59999999999999998     

* CONVECTIVE FLUX: RESOLV; GLOBAL ITERATION =  6

 conout imod,iprin           1           1


  ID    DM        TEMP      DELTA  DELTA(AD)  CON/TOT  RAD/TOT  (C+R)/TOT


   1 6.99E-08   7775.5  0.00E+00  0.00E+00  0.00E+00  1.00E+00  1.00E+00
   2 9.59E-08   8407.5  6.83E+00  0.00E+00  0.00E+00  1.00E+00  1.00E+00
   3 1.31E-07   8475.8  5.28E-01  0.00E+00  0.00E+00  1.00E+00  1.00E+00
   4 1.79E-07   8522.6  2.70E-01  0.00E+00  0.00E+00  1.00E+00  1.00E+00
   5 2.43E-07   8566.7  1.93E-01  0.00E+00  0.00E+00  1.00E+00  1.00E+00
   6 3.29E-07   8613.8  1.57E-01  0.00E+00  0.00E+00  1.00E+00  1.00E+00
   7 4.44E-07   8666.3  1.37E-01  0.00E+00  0.00E+00  1.00E+00  1.00E+00
   8 5.94E-07   8727.0  1.25E-01  0.00E+00  0.00E+00  1.00E+00  1.00E+00
   9 7.91E-07   8799.0  1.20E-01  0.00E+00  0.00E+00  1.00E+00  1.00E+00
  10 1.04E-06   8882.1  1.15E-01  0.00E+00  0.00E+00  1.00E+00  1.00E+00
  11 1.37E-06   8977.2  1.12E-01  0.00E+00  0.00E+00  1.00E+00  1.00E+00
  12 1.77E-06   9083.1  1.08E-01  0.00E+00  0.00E+00  1.00E+00  1.00E+00
  13 2.28E-06   9197.7  1.04E-01  0.00E+00  0.00E+00  1.00E+00  1.00E+00
  14 2.90E-06   9312.6  9.51E-02  0.00E+00  0.00E+00  1.00E+00  1.00E+00
  15 3.66E-06   9425.3  8.64E-02  0.00E+00  0.00E+00  1.00E+00  1.00E+00
  16 4.58E-06   9531.6  7.69E-02  0.00E+00  0.00E+00  1.00E+00  1.00E+00
  17 5.69E-06   9629.3  6.76E-02  0.00E+00  0.00E+00  1.00E+00  1.00E+00
  18 7.00E-06   9718.0  5.93E-02  0.00E+00  0.00E+00  1.00E+00  1.00E+00
  19 8.57E-06   9798.8  5.26E-02  0.00E+00  0.00E+00  1.00E+00  1.00E+00
  20 1.04E-05   9869.5  4.52E-02  0.00E+00  0.00E+00  1.00E+00  1.00E+00
  21 1.26E-05   9933.5  4.04E-02  0.00E+00  0.00E+00  1.00E+00  1.00E+00
  22 1.52E-05   9992.7  3.69E-02  0.00E+00  0.00E+00  1.00E+00  1.00E+00
  23 1.82E-05  10049.3  3.50E-02  0.00E+00  0.00E+00  1.00E+00  1.00E+00
  24 2.18E-05  10102.6  3.27E-02  0.00E+00  0.00E+00  1.00E+00  1.00E+00
  25 2.61E-05  10153.7  3.12E-02  0.00E+00  0.00E+00  1.00E+00  1.00E+00
  26 3.10E-05  10202.4  2.95E-02  0.00E+00  0.00E+00  1.00E+00  1.00E+00
  27 3.69E-05  10248.3  2.77E-02  0.00E+00  0.00E+00  1.00E+00  1.00E+00
  28 4.37E-05  10293.4  2.70E-02  0.00E+00  0.00E+00  1.00E+00  1.00E+00
  29 5.19E-05  10338.9  2.71E-02  0.00E+00  0.00E+00  1.00E+00  1.00E+00
  30 6.14E-05  10386.2  2.80E-02  0.00E+00  0.00E+00  1.00E+00  1.00E+00
  31 7.27E-05  10435.5  2.90E-02  0.00E+00  0.00E+00  1.00E+00  1.00E+00
  32 8.61E-05  10486.4  2.96E-02  7.88E-02  0.00E+00  1.00E+00  1.00E+00
  33 1.02E-04  10539.6  3.06E-02  7.91E-02  0.00E+00  1.00E+00  1.00E+00
  34 1.21E-04  10596.9  3.26E-02  7.95E-02  0.00E+00  1.00E+00  1.00E+00
  35 1.43E-04  10659.1  3.49E-02  7.99E-02  0.00E+00  1.00E+00  1.00E+00
  36 1.70E-04  10727.8  3.79E-02  8.04E-02  0.00E+00  1.00E+00  1.00E+00
  37 2.02E-04  10802.0  4.03E-02  8.10E-02  0.00E+00  1.00E+00  1.00E+00
  38 2.41E-04  10887.8  4.57E-02  8.17E-02  0.00E+00  1.00E+00  1.00E+00
  39 2.88E-04  10986.5  5.14E-02  8.24E-02  0.00E+00  1.00E+00  1.00E+00
  40 3.44E-04  11101.2  5.84E-02  8.32E-02  0.00E+00  1.00E+00  1.00E+00
  41 4.13E-04  11236.4  6.72E-02  8.42E-02  0.00E+00  1.00E+00  1.00E+00
  42 4.96E-04  11397.6  7.79E-02  8.53E-02  0.00E+00  1.00E+00  1.00E+00
  43 5.97E-04  11591.9  9.12E-02  8.66E-02  1.68E-07  1.00E+00  1.00E+00
  44 7.21E-04  11827.7  1.07E-01  8.82E-02  6.52E-06  1.00E+00  1.00E+00
  45 8.73E-04  12115.3  1.26E-01  9.03E-02  2.35E-05  1.00E+00  1.00E+00
  46 1.06E-03  12468.4  1.49E-01  9.32E-02  4.25E-05  1.00E+00  1.00E+00
  47 1.29E-03  12901.7  1.74E-01  9.74E-02  4.70E-05  1.00E+00  1.00E+00
  48 1.57E-03  13424.1  1.98E-01  1.04E-01  3.00E-05  1.00E+00  1.00E+00
  49 1.93E-03  14034.3  2.16E-01  1.13E-01  1.04E-05  1.00E+00  1.00E+00
  50 2.40E-03  14723.8  2.25E-01  1.28E-01  1.98E-06  1.00E+00  1.00E+00
  51 3.00E-03  15485.4  2.26E-01  1.48E-01  2.14E-07  1.00E+00  1.00E+00
  52 3.79E-03  16317.6  2.22E-01  1.76E-01  1.00E-08  1.00E+00  1.00E+00
  53 4.88E-03  17226.7  2.16E-01  2.07E-01  2.53E-11  1.00E+00  1.00E+00
  54 6.36E-03  18225.8  2.12E-01  2.42E-01  0.00E+00  1.00E+00  1.00E+00
  55 8.40E-03  19334.8  2.12E-01  2.77E-01  0.00E+00  1.00E+00  1.00E+00
  56 1.12E-02  20577.6  2.16E-01  3.09E-01  0.00E+00  1.00E+00  1.00E+00
  57 1.51E-02  21974.5  2.23E-01  3.35E-01  0.00E+00  1.00E+00  1.00E+00
  58 2.03E-02  23538.9  2.32E-01  3.56E-01  0.00E+00  1.00E+00  1.00E+00
  59 2.72E-02  25281.0  2.42E-01  3.71E-01  0.00E+00  1.00E+00  1.00E+00
  60 3.64E-02  27208.3  2.53E-01  3.81E-01  0.00E+00  1.00E+00  1.00E+00
  61 4.83E-02  29328.4  2.64E-01  3.88E-01  0.00E+00  1.00E+00  1.00E+00
  62 6.39E-02  31649.6  2.74E-01  3.92E-01  0.00E+00  1.00E+00  1.00E+00
  63 8.40E-02  34181.2  2.81E-01  3.95E-01  0.00E+00  1.00E+00  1.00E+00
  64 1.10E-01  36934.0  2.84E-01  3.96E-01  0.00E+00  1.00E+00  1.00E+00
  65 1.46E-01  39919.4  2.80E-01  3.98E-01  0.00E+00  1.00E+00  1.00E+00
  66 1.95E-01  43151.5  2.69E-01  3.98E-01  0.00E+00  1.00E+00  1.00E+00
  67 2.65E-01  46648.9  2.52E-01  3.99E-01  0.00E+00  1.00E+00  1.00E+00
  68 3.71E-01  50438.9  2.33E-01  3.99E-01  0.00E+00  1.00E+00  1.00E+00
  69 5.32E-01  54558.2  2.17E-01  3.99E-01  0.00E+00  1.00E+00  1.00E+00
  70 7.79E-01  59049.8  2.07E-01  3.99E-01  0.00E+00  1.00E+00  1.00E+00

convective zone between depths (inclusive)  43  53


 RYBHEQ in iter   7
   id      dm          dens        pgs0          pra          pradfc      grad        log grad

   1   6.9925E-08   1.9922E-12   2.2106E+00   6.9161E+01   7.5046E+00   8.5485E+03   3.9319E+00
   2   9.5888E-08   2.3024E-12   3.0316E+00   6.9161E+01   5.4900E+00   7.1989E+02   2.8573E+00
   3   1.3115E-07   3.1424E-12   4.1468E+00   6.9161E+01   5.3151E+00   3.2329E+02   2.5096E+00
   4   1.7888E-07   4.3022E-12   5.6560E+00   6.9161E+01   5.1994E+00   3.4357E+02   2.5360E+00
   5   2.4316E-07   5.8820E-12   7.6888E+00   6.9161E+01   5.0931E+00   3.9153E+02   2.5928E+00
   6   3.2924E-07   8.0149E-12   1.0411E+01   6.9162E+01   4.9828E+00   4.5383E+02   2.6569E+00
   7   4.4367E-07   1.0865E-11   1.4029E+01   6.9162E+01   4.8631E+00   5.2827E+02   2.7229E+00
   8   5.9443E-07   1.4622E-11   1.8797E+01   6.9162E+01   4.7290E+00   6.1454E+02   2.7885E+00
   9   7.9108E-07   1.9488E-11   2.5015E+01   6.9162E+01   4.5762E+00   7.1069E+02   2.8517E+00
  10   1.0447E-06   2.5688E-11   3.3035E+01   6.9162E+01   4.4074E+00   8.1429E+02   2.9108E+00
  11   1.3679E-06   3.3443E-11   4.3255E+01   6.9162E+01   4.2235E+00   9.2416E+02   2.9657E+00
  12   1.7748E-06   4.2990E-11   5.6123E+01   6.9163E+01   4.0301E+00   1.0368E+03   3.0157E+00
  13   2.2812E-06   5.4583E-11   7.2134E+01   6.9163E+01   3.8330E+00   1.1479E+03   3.0599E+00
  14   2.9044E-06   6.8631E-11   9.1843E+01   6.9164E+01   3.6473E+00   1.2545E+03   3.0985E+00
  15   3.6643E-06   8.5548E-11   1.1587E+02   6.9165E+01   3.4760E+00   1.3610E+03   3.1339E+00
  16   4.5829E-06   1.0589E-10   1.4492E+02   6.9166E+01   3.3237E+00   1.4676E+03   3.1666E+00
  17   5.6859E-06   1.3031E-10   1.7980E+02   6.9168E+01   3.1908E+00   1.5807E+03   3.1989E+00
  18   7.0028E-06   1.5956E-10   2.2144E+02   6.9170E+01   3.0760E+00   1.7054E+03   3.2318E+00
  19   8.5681E-06   1.9450E-10   2.7093E+02   6.9173E+01   2.9759E+00   1.8436E+03   3.2657E+00
  20   1.0423E-05   2.3635E-10   3.2958E+02   6.9177E+01   2.8918E+00   1.9969E+03   3.3004E+00
  21   1.2614E-05   2.8627E-10   3.9888E+02   6.9182E+01   2.8181E+00   2.1777E+03   3.3380E+00
  22   1.5200E-05   3.4565E-10   4.8063E+02   6.9188E+01   2.7521E+00   2.3816E+03   3.3769E+00
  23   1.8246E-05   4.1610E-10   5.7695E+02   6.9196E+01   2.6910E+00   2.6079E+03   3.4163E+00
  24   2.1831E-05   4.9976E-10   6.9033E+02   6.9206E+01   2.6350E+00   2.8525E+03   3.4552E+00
  25   2.6051E-05   5.9904E-10   8.2374E+02   6.9219E+01   2.5829E+00   3.1193E+03   3.4941E+00
  26   3.1015E-05   7.1700E-10   9.8071E+02   6.9236E+01   2.5346E+00   3.4081E+03   3.5325E+00
  27   3.6858E-05   8.5740E-10   1.1655E+03   6.9258E+01   2.4902E+00   3.7220E+03   3.5708E+00
  28   4.3741E-05   1.0243E-09   1.3831E+03   6.9286E+01   2.4479E+00   4.0650E+03   3.6091E+00
  29   5.1854E-05   1.2223E-09   1.6396E+03   6.9322E+01   2.4063E+00   4.4379E+03   3.6472E+00
  30   6.1428E-05   1.4571E-09   1.9423E+03   6.9368E+01   2.3644E+00   4.8421E+03   3.6850E+00
  31   7.2742E-05   1.7354E-09   2.3000E+03   6.9428E+01   2.3219E+00   5.2789E+03   3.7225E+00
  32   8.6132E-05   2.0662E-09   2.7234E+03   6.9505E+01   2.2798E+00   5.7526E+03   3.7599E+00
  33   1.0201E-04   2.4592E-09   3.2254E+03   6.9605E+01   2.2372E+00   6.2725E+03   3.7974E+00
  34   1.2088E-04   2.9258E-09   3.8221E+03   6.9734E+01   2.1933E+00   6.8464E+03   3.8355E+00
  35   1.4337E-04   3.4797E-09   4.5331E+03   6.9902E+01   2.1477E+00   7.4827E+03   3.8741E+00
  36   1.7025E-04   4.1369E-09   5.3827E+03   7.0122E+01   2.0999E+00   8.1944E+03   3.9135E+00
  37   2.0245E-04   4.9191E-09   6.4008E+03   7.0412E+01   2.0512E+00   8.9943E+03   3.9540E+00
  38   2.4116E-04   5.8425E-09   7.6246E+03   7.0796E+01   1.9981E+00   9.9194E+03   3.9965E+00
  39   2.8784E-04   6.9313E-09   9.1001E+03   7.1309E+01   1.9413E+00   1.0997E+04   4.0413E+00
  40   3.4427E-04   8.2093E-09   1.0884E+04   7.2002E+01   1.8804E+00   1.2267E+04   4.0887E+00
  41   4.1271E-04   9.6984E-09   1.3047E+04   7.2945E+01   1.8150E+00   1.3783E+04   4.1393E+00
  42   4.9593E-04   1.1417E-08   1.5678E+04   7.4244E+01   1.7450E+00   1.5609E+04   4.1934E+00
  43   5.9736E-04   1.3372E-08   1.8883E+04   7.6052E+01   1.6706E+00   1.7830E+04   4.2511E+00
  44   7.2123E-04   1.5561E-08   2.2798E+04   7.8596E+01   1.5929E+00   2.0533E+04   4.3124E+00
  45   8.7286E-04   1.7964E-08   2.7589E+04   8.2200E+01   1.5132E+00   2.3772E+04   4.3761E+00
  46   1.0591E-03   2.0546E-08   3.3472E+04   8.7327E+01   1.4331E+00   2.7535E+04   4.4399E+00
  47   1.2888E-03   2.3291E-08   4.0731E+04   9.4590E+01   1.3541E+00   3.1611E+04   4.4998E+00
  48   1.5747E-03   2.6275E-08   4.9761E+04   1.0473E+02   1.2790E+00   3.5455E+04   4.5497E+00
  49   1.9346E-03   2.9720E-08   6.1130E+04   1.1853E+02   1.2118E+00   3.8343E+04   4.5837E+00
  50   2.3952E-03   3.3971E-08   7.5675E+04   1.3685E+02   1.1548E+00   3.9775E+04   4.5996E+00
  51   2.9958E-03   3.9441E-08   9.4644E+04   1.6074E+02   1.1087E+00   3.9780E+04   4.5997E+00
  52   3.7948E-03   4.6614E-08   1.1988E+05   1.9175E+02   1.0727E+00   3.8813E+04   4.5890E+00
  53   4.8763E-03   5.6083E-08   1.5404E+05   2.3224E+02   1.0459E+00   3.7437E+04   4.5733E+00
  54   6.3586E-03   6.8576E-08   2.0086E+05   2.8578E+02   1.0272E+00   3.6123E+04   4.5578E+00
  55   8.4015E-03   8.4946E-08   2.6539E+05   3.5770E+02   1.0152E+00   3.5204E+04   4.5466E+00
  56   1.1217E-02   1.0615E-07   3.5432E+05   4.5567E+02   1.0080E+00   3.4799E+04   4.5416E+00
  57   1.5068E-02   1.3318E-07   4.7597E+05   5.9022E+02   1.0039E+00   3.4935E+04   4.5433E+00
  58   2.0272E-02   1.6695E-07   6.4036E+05   7.7548E+02   1.0018E+00   3.5599E+04   4.5514E+00
  59   2.7220E-02   2.0844E-07   8.5980E+05   1.0307E+03   1.0008E+00   3.6737E+04   4.5651E+00
  60   3.6383E-02   2.5863E-07   1.1492E+06   1.3821E+03   1.0003E+00   3.8348E+04   4.5837E+00
  61   4.8344E-02   3.1859E-07   1.5270E+06   1.8654E+03   1.0000E+00   4.0411E+04   4.6065E+00
  62   6.3853E-02   3.8975E-07   2.0168E+06   2.5296E+03   9.9990E-01   4.2822E+04   4.6317E+00
  63   8.3965E-02   4.7438E-07   2.6518E+06   3.4412E+03   9.9985E-01   4.5326E+04   4.6563E+00
  64   1.1031E-01   5.7660E-07   3.4836E+06   4.6907E+03   9.9980E-01   4.7436E+04   4.6761E+00
  65   1.4559E-01   7.0398E-07   4.5976E+06   6.4005E+03   9.9966E-01   4.8458E+04   4.6854E+00
  66   1.9451E-01   8.6996E-07   6.1423E+06   8.7357E+03   9.9928E-01   4.7733E+04   4.6788E+00
  67   2.6513E-01   1.0968E-06   8.3722E+06   1.1921E+04   9.9842E-01   4.5104E+04   4.6542E+00
  68   3.7073E-01   1.4184E-06   1.1707E+07   1.6265E+04   9.9673E-01   4.1143E+04   4.6143E+00
  69   5.3199E-01   1.8818E-06   1.6801E+07   2.2198E+04   9.9370E-01   3.6790E+04   4.5657E+00
  70   7.7933E-01   2.5472E-06   2.4614E+07   3.0305E+04   9.8860E-01   3.2777E+04   4.5156E+00
 before if(lfin) T

 ************************************
 FINAL RESULTS:
 
 MODEL QUANTITIES IN  6. ITERATION
 ************************************

 TOTAL SURFACE FLUX 2.28394268D+11

 ----------------------
 FINAL MODEL ATMOSPHERE
 ----------------------
  ID    MASS      TAUROSS     TEMP       NE         DENS      P_gas    LOG(G_rad)   RAD/TOT   CON/TOT  (RAD+CON)/TOT

   1  6.992E-08  2.285E-08    7775.5  8.783E+11  1.992E-12  2.211E+00  6.255E+00  1.000E+00  0.000E+00  1.00002E+00
   2  9.589E-08  4.190E-08    8407.5  1.247E+12  2.302E-12  3.032E+00  1.065E+00  1.000E+00  0.000E+00  1.00002E+00
   3  1.312E-07  7.240E-08    8475.8  1.681E+12  3.142E-12  4.147E+00  5.846E-01  1.000E+00  0.000E+00  1.00002E+00
   4  1.789E-07  1.191E-07    8522.6  2.257E+12  4.302E-12  5.656E+00  4.797E-01  1.000E+00  0.000E+00  1.00002E+00
   5  2.432E-07  1.911E-07    8566.7  3.014E+12  5.882E-12  7.689E+00  4.070E-01  1.000E+00  0.000E+00  1.00002E+00
   6  3.292E-07  3.021E-07    8613.8  4.003E+12  8.015E-12  1.041E+01  3.444E-01  1.000E+00  0.000E+00  1.00002E+00
   7  4.437E-07  4.733E-07    8666.3  5.284E+12  1.087E-11  1.403E+01  2.867E-01  1.000E+00  0.000E+00  1.00002E+00
   8  5.944E-07  7.368E-07    8727.0  6.933E+12  1.462E-11  1.880E+01  2.326E-01  1.000E+00  0.000E+00  1.00002E+00
   9  7.911E-07  1.140E-06    8799.0  9.039E+12  1.949E-11  2.502E+01  1.804E-01  1.000E+00  0.000E+00  1.00002E+00
  10  1.045E-06  1.753E-06    8882.1  1.171E+13  2.569E-11  3.303E+01  1.290E-01  1.000E+00  0.000E+00  1.00002E+00
  11  1.368E-06  2.678E-06    8977.2  1.507E+13  3.344E-11  4.326E+01  7.866E-02  1.000E+00  0.000E+00  1.00002E+00
  12  1.775E-06  4.056E-06    9083.1  1.927E+13  4.299E-11  5.612E+01  2.859E-02  1.000E+00  0.000E+00  1.00002E+00
  13  2.281E-06  6.086E-06    9197.7  2.445E+13  5.458E-11  7.213E+01 -2.214E-02  1.000E+00  0.000E+00  1.00002E+00
  14  2.904E-06  9.040E-06    9312.6  3.075E+13  6.863E-11  9.184E+01 -7.381E-02  1.000E+00  0.000E+00  1.00002E+00
  15  3.664E-06  1.327E-05    9425.3  3.833E+13  8.555E-11  1.159E+02 -1.245E-01  1.000E+00  0.000E+00  1.00002E+00
  16  4.583E-06  1.927E-05    9531.6  4.735E+13  1.059E-10  1.449E+02 -1.741E-01  1.000E+00  0.000E+00  1.00002E+00
  17  5.686E-06  2.764E-05    9629.3  5.799E+13  1.303E-10  1.798E+02 -2.213E-01  1.000E+00  0.000E+00  1.00002E+00
  18  7.003E-06  3.921E-05    9718.0  7.045E+13  1.596E-10  2.214E+02 -2.653E-01  1.000E+00  0.000E+00  1.00002E+00
  19  8.568E-06  5.506E-05    9798.8  8.497E+13  1.945E-10  2.709E+02 -3.066E-01  1.000E+00  0.000E+00  1.00002E+00
  20  1.042E-05  7.658E-05    9869.5  1.018E+14  2.364E-10  3.296E+02 -3.455E-01  1.000E+00  0.000E+00  1.00002E+00
  21  1.261E-05  1.056E-04    9933.5  1.211E+14  2.863E-10  3.989E+02 -3.804E-01  1.000E+00  0.000E+00  1.00002E+00
  22  1.520E-05  1.444E-04    9992.7  1.435E+14  3.457E-10  4.806E+02 -4.133E-01  1.000E+00  0.000E+00  1.00002E+00
  23  1.825E-05  1.962E-04   10049.3  1.692E+14  4.161E-10  5.769E+02 -4.451E-01  1.000E+00  0.000E+00  1.00002E+00
  24  2.183E-05  2.650E-04   10102.6  1.987E+14  4.998E-10  6.903E+02 -4.770E-01  1.000E+00  0.000E+00  1.00002E+00
  25  2.605E-05  3.558E-04   10153.7  2.325E+14  5.990E-10  8.237E+02 -5.088E-01  1.000E+00  0.000E+00  1.00002E+00
  26  3.102E-05  4.755E-04   10202.4  2.712E+14  7.170E-10  9.807E+02 -5.410E-01  1.000E+00  0.000E+00  1.00002E+00
  27  3.686E-05  6.328E-04   10248.3  3.154E+14  8.574E-10  1.165E+03 -5.735E-01  1.000E+00  0.000E+00  1.00002E+00
  28  4.374E-05  8.390E-04   10293.4  3.660E+14  1.024E-09  1.383E+03 -6.063E-01  1.000E+00  0.000E+00  1.00002E+00
  29  5.185E-05  1.109E-03   10338.9  4.240E+14  1.222E-09  1.640E+03 -6.396E-01  1.000E+00  0.000E+00  1.00002E+00
  30  6.143E-05  1.461E-03   10386.2  4.908E+14  1.457E-09  1.942E+03 -6.737E-01  1.000E+00  0.000E+00  1.00002E+00
  31  7.274E-05  1.923E-03   10435.5  5.676E+14  1.735E-09  2.300E+03 -7.087E-01  1.000E+00  0.000E+00  1.00001E+00
  32  8.613E-05  2.527E-03   10486.4  6.562E+14  2.066E-09  2.723E+03 -7.446E-01  1.000E+00  0.000E+00  1.00001E+00
  33  1.020E-04  3.318E-03   10539.6  7.587E+14  2.459E-09  3.225E+03 -7.810E-01  1.000E+00  0.000E+00  1.00001E+00
  34  1.209E-04  4.357E-03   10596.9  8.780E+14  2.926E-09  3.822E+03 -8.180E-01  1.000E+00  0.000E+00  1.00001E+00
  35  1.434E-04  5.726E-03   10659.1  1.018E+15  3.480E-09  4.533E+03 -8.555E-01  1.000E+00  0.000E+00  1.00001E+00
  36  1.702E-04  7.537E-03   10727.8  1.182E+15  4.137E-09  5.383E+03 -8.934E-01  1.000E+00  0.000E+00  1.00001E+00
  37  2.025E-04  9.943E-03   10802.0  1.376E+15  4.919E-09  6.401E+03 -9.316E-01  1.000E+00  0.000E+00  1.00000E+00
  38  2.412E-04  1.316E-02   10887.8  1.609E+15  5.842E-09  7.625E+03 -9.690E-01  1.000E+00  0.000E+00  1.00000E+00
  39  2.878E-04  1.749E-02   10986.5  1.890E+15  6.931E-09  9.100E+03 -1.005E+00  1.000E+00  0.000E+00  1.00000E+00
  40  3.443E-04  2.338E-02   11101.2  2.235E+15  8.209E-09  1.088E+04 -1.040E+00  1.000E+00  0.000E+00  1.00000E+00
  41  4.127E-04  3.146E-02   11236.4  2.661E+15  9.698E-09  1.305E+04 -1.074E+00  1.000E+00  0.000E+00  1.00000E+00
  42  4.959E-04  4.264E-02   11397.6  3.195E+15  1.142E-08  1.568E+04 -1.104E+00  1.000E+00  0.000E+00  1.00000E+00
  43  5.974E-04  5.829E-02   11591.9  3.872E+15  1.337E-08  1.888E+04 -1.133E+00  1.000E+00  1.684E-07  1.00000E+00
  44  7.212E-04  8.037E-02   11827.7  4.736E+15  1.556E-08  2.280E+04 -1.158E+00  1.000E+00  6.518E-06  1.00000E+00
  45  8.729E-04  1.118E-01   12115.3  5.845E+15  1.796E-08  2.759E+04 -1.182E+00  1.000E+00  2.351E-05  1.00000E+00
  46  1.059E-03  1.565E-01   12468.4  7.265E+15  2.055E-08  3.347E+04 -1.208E+00  1.000E+00  4.253E-05  1.00000E+00
  47  1.289E-03  2.200E-01   12901.7  9.059E+15  2.329E-08  4.073E+04 -1.239E+00  1.000E+00  4.702E-05  1.00000E+00
  48  1.575E-03  3.088E-01   13424.1  1.127E+16  2.627E-08  4.976E+04 -1.284E+00  1.000E+00  3.002E-05  9.99999E-01
  49  1.935E-03  4.303E-01   14034.3  1.393E+16  2.972E-08  6.113E+04 -1.350E+00  1.000E+00  1.040E-05  9.99998E-01
  50  2.395E-03  5.928E-01   14723.8  1.709E+16  3.397E-08  7.568E+04 -1.441E+00  1.000E+00  1.976E-06  9.99997E-01
  51  2.996E-03  8.076E-01   15485.4  2.089E+16  3.944E-08  9.464E+04 -1.557E+00  1.000E+00  2.144E-07  9.99997E-01
  52  3.795E-03  1.092E+00   16317.6  2.558E+16  4.661E-08  1.199E+05 -1.691E+00  1.000E+00  1.003E-08  9.99998E-01
  53  4.876E-03  1.471E+00   17226.7  3.152E+16  5.608E-08  1.540E+05 -1.838E+00  1.000E+00  2.527E-11  9.99999E-01
  54  6.359E-03  1.987E+00   18225.8  3.917E+16  6.858E-08  2.009E+05 -1.991E+00  1.000E+00  0.000E+00  1.00000E+00
  55  8.402E-03  2.698E+00   19334.8  4.906E+16  8.495E-08  2.654E+05 -2.141E+00  1.000E+00  0.000E+00  1.00000E+00
  56  1.122E-02  3.686E+00   20577.6  6.179E+16  1.062E-07  3.543E+05 -2.286E+00  1.000E+00  0.000E+00  1.00000E+00
  57  1.507E-02  5.062E+00   21974.5  7.794E+16  1.332E-07  4.760E+05 -2.420E+00  1.000E+00  0.000E+00  1.00000E+00
  58  2.027E-02  6.972E+00   23538.9  9.808E+16  1.669E-07  6.404E+05 -2.543E+00  1.000E+00  0.000E+00  1.00000E+00
  59  2.722E-02  9.618E+00   25281.0  1.228E+17  2.084E-07  8.598E+05 -2.654E+00  1.000E+00  0.000E+00  1.00000E+00
  60  3.638E-02  1.327E+01   27208.3  1.526E+17  2.586E-07  1.149E+06 -2.756E+00  1.000E+00  0.000E+00  1.00000E+00
  61  4.834E-02  1.830E+01   29328.4  1.882E+17  3.186E-07  1.527E+06 -2.849E+00  1.000E+00  0.000E+00  1.00000E+00
  62  6.385E-02  2.521E+01   31649.6  2.305E+17  3.898E-07  2.017E+06 -2.937E+00  1.000E+00  0.000E+00  1.00000E+00
  63  8.397E-02  3.467E+01   34181.2  2.807E+17  4.744E-07  2.652E+06 -3.025E+00  1.000E+00  0.000E+00  1.00000E+00
  64  1.103E-01  4.763E+01   36934.0  3.414E+17  5.766E-07  3.484E+06 -3.122E+00  1.000E+00  0.000E+00  1.00000E+00
  65  1.456E-01  6.532E+01   39919.4  4.169E+17  7.040E-07  4.598E+06 -3.240E+00  1.000E+00  0.000E+00  1.00000E+00
  66  1.945E-01  8.946E+01   43151.5  5.153E+17  8.700E-07  6.142E+06 -3.388E+00  1.000E+00  0.000E+00  1.00000E+00
  67  2.651E-01  1.225E+02   46648.9  6.498E+17  1.097E-06  8.372E+06 -3.572E+00  1.000E+00  0.000E+00  1.00000E+00
  68  3.707E-01  1.676E+02   50438.9  8.403E+17  1.418E-06  1.171E+07 -3.787E+00  1.000E+00  0.000E+00  1.00000E+00
  69  5.320E-01  2.295E+02   54558.2  1.115E+18  1.882E-06  1.680E+07 -4.019E+00  1.000E+00  0.000E+00  1.00000E+00
  70  7.793E-01  3.143E+02   59049.8  1.509E+18  2.547E-06  2.461E+07 -4.019E+00  1.000E+00  0.000E+00  1.00000E+00
 after outpri           0          30 T
