
 run with tlusty3.01-BETA generated on 11 Jun 2026


 *******************************
  M O D E L   A T M O S P H E R E
  *******************************

 TEFF   =    15000.
 LOG G  =      8.00


  INPUT KEYWORD PARAMETERS:
  -------------------------
 IFRYB=1,iFMOL=1,IHYDPR=2,IFENTR=1                                               
 IQUASI=1,NUNALP=3,NUNBET=3,NUNGAM=3                                             
 IPRINT=1,IPRING=0,CHMAX=1.e-4                                                   
 HMIX0=0.6,MLTYPE=2,ITEK=150,IACC=150                                            
 OPRMIN=1.e-3,ABROS0=1.                                                          
 TAUDIV=1.e-2,IDLST=0                                                            
 NDCGAP=5,ICONRE=0,IDEEPC=3                                                      
 ILGDER=1,CRFLIM=-10.,IMUCON=40,ICONRS=5                                         
 DIFT=0.01,DIFP=0.01                                                             
 ifryb_nst2           1

 VALUES OF SOME KEYWORD PARAMETERS:
 ==================================

ISPLIN=     0  IRTE  =     0  IBC   =     3  ILMCOR=     3  ILPSCT=     1
ILASCT=     0  DJMAX = 0.001  NTRALI=     3  IPSLTE=     0
ICOMPT=     0
IZSCAL=     0  IBCHE =     1  IVISC =     0
IFALI =     5  IFPOPR=     4  JALI  =     1  NFFIX =     0
IFPREC=     1  IELCOR=    -1  ICHC  =     1  IRSPLT=     1  IATREF=     1
MODREF=     1  IACPP =     7  IACPD =     4  IFLEV =     1  IDLTE =  1000
POPZER=1.E-20  POPZR2=1.E-20  RADZER=1.E-20  NITZER=     1  IFDIEL=     0
IOVER =     1  ITLAS =   100
NITER =    30  NLAMBD=     1  ND    =    70
JIDS  =     0  IDMFIX=     1
NMU   =     3
NELSC =     0  IHECOR=     0  IBFINT=     1  IRDER =     3  CHMAX = 0.000
ILDER =     0  IBPOPE=     1  CHMAXT= 0.010  NLAMT =     1
INTRPL=     0  ICHANG=     0
INHE  =     1  INRE  =     2  INPC  =     3  INSE  =     4  INMP  =     0
INDL  =     0  NDRE  =     0  TAUDIV= 0.010  IDLST =     0  NRETC =     0
ICONV =     0  IPRESS=     0  ITEMP =     0
IOPADD=    13  IRSCT =     1  IOPHMI=     1  IOPH2P=     1
IACC  =   150  IACD  =     4  KSNG  =     0  ITEK  =   150  ORELAX= 1.000
IWINBL=    -1
IFPRD =     0  XPDIV =   3.0

TRAD  =    0.  WDIL  =0.000
HMIX0 =   0.6  VTB   =    0.  IPTURB=     1
XGRAD =  0.00  STRL1 =1.E-03  STRL2 =2.E-02
STRLX =1.E-10
FRCMAX=0.E+00  FRCMIN=1.E+12  FRLMAX=7.E+15  FRLMIN=1.E+13
CFRMAX=  2.00
DFTAIL= 0.250  NFTAIL=    21
TSNU  =    0.  VTNU  =  0.00  DDNU  = 0.750  DDNU2 = 5.000
IELNU =     0  CNU1  =  4.50  CNU2  =  3.00
CNU3  =  2.00  ISPODF=     0
DPSILG= 10.00  DPSILT=  1.25  DPSILN= 10.00  DPSILD=  1.25

TAUFIR=1.E-07  TAULAS= 316.0  ABROS0= 1.000  TSURF = 0.000  ALBAVE= 0.000
ABPLAO= 0.300  ABPMIN=1.E-05
DION0 = 1.000  NDGREY=     0  IDGREY=     0  NCONIT=     0  IPRING=     0
IHM   =     0  IH2   =     0  IH2P  =     0

 IFRYB            1
 alloc_ini MATOM,MDEPTH,MIO0,MLEVE0,MME0              99          70         170        1134          12

  CHEMICAL ELEMENTS INCLUDED
  --------------------------

   ELEMENT   MAX.ION      ABUNDANCE

 natoms           1
   1     H    2      1.00E+00      1.00E+00   EXPLICIT: IAT=  1

 YTOT WMY WMM     1.00000E+00    1.00800E+00    1.68672E-24


  EXPLICIT IONS INCLUDED
  ----------------------
  NO.  ION     N0    N1    NK    IZ  IUPSUM ICUP ILVLIN

  1   H 1     1    16    17     1  -100    16     0
 alloc_tra MTRAN0,MLEVEL,MBF,MFIT,MCROSS             136          17          17         357          42
 alloc_tra MION,MXTCOL,MCFIT,MVOIG0                    1           3          10         136
 alloc_freq MFREQ0                                655000
 -----------
 reading Tremblay tables; ihydpr = 22
 -----------
 itab,iline,i,j,nwl,ne,nt    1   1   1   2  54  17   7
 itab,iline,i,j,nwl,ne,nt    1   2   1   3  52  17   7
 itab,iline,i,j,nwl,ne,nt    1   3   1   4  50  17   7
 itab,iline,i,j,nwl,ne,nt    1   4   1   5  47  17   7
 itab,iline,i,j,nwl,ne,nt    1   5   1   6  46  17   7
 itab,iline,i,j,nwl,ne,nt    1   6   1   7  44  17   7
 itab,iline,i,j,nwl,ne,nt    1   7   1   8  44  17   7
 itab,iline,i,j,nwl,ne,nt    1   8   1   9  41  17   7
 itab,iline,i,j,nwl,ne,nt    1   9   1  10  42  17   7
 itab,iline,i,j,nwl,ne,nt    1  10   1  11  41  17   7
 itab,iline,i,j,nwl,ne,nt    1  11   1  12  40  17   7
 itab,iline,i,j,nwl,ne,nt    1  12   1  13  40  17   7
 itab,iline,i,j,nwl,ne,nt    1  13   1  14  44  17   7
 itab,iline,i,j,nwl,ne,nt    1  14   1  15  39  17   7
 itab,iline,i,j,nwl,ne,nt    1  15   1  16  39  17   7
 itab,iline,i,j,nwl,ne,nt    1  16   1  17  39  17   7
 itab,iline,i,j,nwl,ne,nt    1  17   1  18  38  17   7
 itab,iline,i,j,nwl,ne,nt    1  18   1  19  39  17   7
 itab,iline,i,j,nwl,ne,nt    1  19   1  20  38  17   7
 itab,iline,i,j,nwl,ne,nt    1  20   1  21  38  17   7
 itab,iline,i,j,nwl,ne,nt    2  21   2   3  43  17   7
 itab,iline,i,j,nwl,ne,nt    2  22   2   4  42  17   7
 itab,iline,i,j,nwl,ne,nt    2  23   2   5  42  17   7
 itab,iline,i,j,nwl,ne,nt    2  24   2   6  44  17   7
 itab,iline,i,j,nwl,ne,nt    2  25   2   7  44  17   7
 itab,iline,i,j,nwl,ne,nt    2  26   2   8  43  17   7
 itab,iline,i,j,nwl,ne,nt    2  27   2   9  43  17   7
 itab,iline,i,j,nwl,ne,nt    2  28   2  10  43  17   7
 itab,iline,i,j,nwl,ne,nt    2  29   2  11  42  17   7
 itab,iline,i,j,nwl,ne,nt    2  30   2  12  40  17   7
 itab,iline,i,j,nwl,ne,nt    2  31   2  13  40  17   7
 itab,iline,i,j,nwl,ne,nt    2  32   2  14  44  17   7
 itab,iline,i,j,nwl,ne,nt    2  33   2  15  39  17   7
 itab,iline,i,j,nwl,ne,nt    2  34   2  16  39  17   7
 itab,iline,i,j,nwl,ne,nt    2  35   2  17  39  17   7
 itab,iline,i,j,nwl,ne,nt    2  36   2  18  38  17   7
 itab,iline,i,j,nwl,ne,nt    2  37   2  19  39  17   7
 itab,iline,i,j,nwl,ne,nt    2  38   2  20  38  17   7
 itab,iline,i,j,nwl,ne,nt    2  39   2  21  38  17   7
 itab,iline,i,j,nwl,ne,nt    2  40   2  22  37  17   7
 itab,iline,i,j,nwl,ne,nt    3  41   3   4  38  17   7
 itab,iline,i,j,nwl,ne,nt    3  42   3   5  38  17   7
 itab,iline,i,j,nwl,ne,nt    3  43   3   6  36  17   7
 itab,iline,i,j,nwl,ne,nt    3  44   3   7  35  17   7
 itab,iline,i,j,nwl,ne,nt    3  45   3   8  35  17   7
 itab,iline,i,j,nwl,ne,nt    3  46   3   9  35  17   7
 itab,iline,i,j,nwl,ne,nt    3  47   3  10  35  17   7
 itab,iline,i,j,nwl,ne,nt    3  48   3  11  35  17   7
 itab,iline,i,j,nwl,ne,nt    3  49   3  12  35  17   7
 itab,iline,i,j,nwl,ne,nt    3  50   3  13  35  17   7
 itab,iline,i,j,nwl,ne,nt    3  51   3  14  44  17   7
 itab,iline,i,j,nwl,ne,nt    3  52   3  15  35  17   7
 itab,iline,i,j,nwl,ne,nt    3  53   3  16  35  17   7
 itab,iline,i,j,nwl,ne,nt    3  54   3  17  35  17   7
 itab,iline,i,j,nwl,ne,nt    3  55   3  18  35  17   7
 itab,iline,i,j,nwl,ne,nt    3  56   3  19  35  17   7
 itab,iline,i,j,nwl,ne,nt    3  57   3  20  35  17   7
 itab,iline,i,j,nwl,ne,nt    3  58   3  21  35  17   7
 itab,iline,i,j,nwl,ne,nt    3  59   3  22  35  17   7
 itab,iline,i,j,nwl,ne,nt    4  60   4   5  36  17   7
 itab,iline,i,j,nwl,ne,nt    4  61   4   6  35  17   7
 itab,iline,i,j,nwl,ne,nt    4  62   4   7  35  17   7
 itab,iline,i,j,nwl,ne,nt    4  63   4   8  35  17   7
 itab,iline,i,j,nwl,ne,nt    4  64   4   9  35  17   7
 itab,iline,i,j,nwl,ne,nt    4  65   4  10  35  17   7
 itab,iline,i,j,nwl,ne,nt    4  66   4  11  35  17   7
 itab,iline,i,j,nwl,ne,nt    4  67   4  12  35  17   7
 itab,iline,i,j,nwl,ne,nt    4  68   4  13  35  17   7
 itab,iline,i,j,nwl,ne,nt    4  69   4  14  35  17   7
 ihydp0,ihydpr,ihyddk           2          22           0
 ION,ITR,IT0           1         136         136         136
 MTRANS=         136
 MFREQL (for normal lines) =           58

*** AFTER RDATA:

     NFREQ  =    2415
     NFREQL =      57  set to MFREQL
     NTRANS =     136  set to MTRANS

 alloc_tra2 MTRANS,MMCDW                             136          46
 nlvexp end levset           2
 NLEVEL,MLEVEL          17          17

 EXPLICIT ENERGY LEVELS INCLUDED
 -------------------------------

 NO.   LEVEL    ION   ION.FREQ.(s^-1)     G     NQ   IEL  ILK  IAT IMOD  ILT  IIE  IIF

   1  (N=1)     H 1  3.2880499E+15      2.00    1    1    0    1    5    0    1    1
   2  (N=2)     H 1  8.2201247E+14      8.00    2    1    0    1    5    0    0    0
   3  (N=3)     H 1  3.6533887E+14     18.00    3    1    0    1    5    0    0    0
   4  (N=4)     H 1  2.0550312E+14     32.00    4    1    0    1    5    0    0    0
   5  (N=5)     H 1  1.3152199E+14     50.00    5    1    0    1    5    0    0    0
   6  (N=6)     H 1  9.1334719E+13     72.00    6    1    0    1    5    0    0    0
   7  (N=7)     H 1  6.7103059E+13     98.00    7    1    0    1    5    0    0    0
   8  (N=8)     H 1  5.1375779E+13    128.00    8    1    0    1    5    0    0    0
   9  (N=9)     H 1  4.0593208E+13    162.00    9    1    0    1    5    0    0    0
  10  (N=10)    H 1  3.2880499E+13    200.00   10    1    0    1    5    0    0    0
  11  (N=11)    H 1  2.7173966E+13    242.00   11    1    0    1    5    0    0    0
  12  (N=12)    H 1  2.2833680E+13    288.00   12    1    0    1    5    0    0    0
  13  (N=13)    H 1  1.9455916E+13    338.00   13    1    0    1    5    0    0    0
  14  (N=14)    H 1  1.6775765E+13    392.00   14    1    0    1    5    0    0    0
  15  (N=15)    H 1  1.4613555E+13    450.00   15    1    0    1    5    0    0    0
  16  (N=16)    H 1  0.0000000E+00    512.00   16    1    0    1    5    0    0    0
  17  H 2       H 1  0.0000000E+00      1.00    1    1    1    1    5    0    2    2
 MTRANS,MTRAN0         136         136
 inifre njread,nfreqd,nfreqc         200         200         200
 nfreq,mfreq0,ispodf        2415      655000           0         200
 MFREQC at begin of  INIFRC         289

NFREQ, MFREQ  in inifrc(0)    2680

NFREQ, MFREQ  in inifrc(0)    2680
NFREQC,MFREQC in inifrc(0)     265

 nfreqe in inifrc           0
 inifre end nfreqc,mfreqc         265         265
 alloc_freq2 MFREQ,MFREQC,MCROSS,MDEPTH             2680         265          42          70
 MFREQC at begin of  INIFRC         289
 alloc_models MDEPTH,MION,MLEVEL,MLVEXP,MMER          70           1          17           3          12
 alloc_modelq MTRANS,MZZ,NLMX,MMCDW                  136          30          80          46
 alloc_radt MTRANS,MDEPTH,MMCDW               136          70          46
 before inpmod
 nhod           0   1573237.6176624156     
 after odfhys
 after odfset
 alloc_prf MFREQ,MFREQP,MDODF,MCFE,MDEPTH           2680        2680           3           1          70
 MFREQC at begin of  INIFRC         289

 MAXIMUM NUMBER OF OVERLAPPING TRANSITIONS:   13


 ACCURACY OF INTEGRATIONS:
 Interval:  1.19999998E+16  1.00000000E+12  1.19989998E+16  1.19989999E+16
                Planck functions:                7500.      4.3283E-05
                                                15000.      2.3228E-05
                                                30000.      1.0130E-05

 TOTAL NUMBER OF FREQUENCIES:    2680
 SELECTED FREQUENCIES:           2604
 ifryb bef corwn           1
 ifryb aft corwn           1
 as IFRYB>0, NFREQE and MFREX are           0           1


 TRANSITION PARAMETERS (TOTAL OF   136 )
 ---------------------

    ITR ILOW IUP               INDEXP  nfr    IFR0   IFR1     OSC        FR0         LAMBDA

     1    1   17   H 1   1  17      5     24      1     24   7.919E-19     911.764     249.827     968.809
     2    2   17   H 1   2  17      5     83      1     83   1.584E-18    3647.056     249.827    4314.849
     3    3   17   H 1   3  17      5    116      1    116   2.376E-18    8205.875     249.827    9949.776
     4    4   17   H 1   4  17      1    131      1    131   3.168E-18   14588.222     249.827   14546.017
     5    5   17   H 1   5  17      1    149      1    149   3.959E-18   22794.097     249.827   22568.413
     6    6   17   H 1   6  17      1    164      1    164   4.751E-18   32823.500     249.827   32498.514
     7    7   17   H 1   7  17      1    177      1    177   5.543E-18   44676.430     249.827   44234.089
     8    8   17   H 1   8  17      1    188      1    188   6.335E-18   58352.888     249.827   58129.570
     9    9   17   H 1   9  17      1    198      1    198   7.127E-18   73852.874     249.827   73121.658
    10   10   17   H 1  10  17      1    207      1    207   7.919E-18   91176.388     249.827   90273.651
    11   11   17   H 1  11  17      1    215      1    215   8.711E-18  110323.429     249.827  109954.974
    12   12   17   H 1  12  17      1    222      1    222   9.503E-18  131293.999     249.827  129994.058
    13   13   17   H 1  13  17      1    229      1    229   1.029E-17  154088.096     249.827  152562.471
    14   14   17   H 1  14  17      1    236      1    236   1.109E-17  178705.720     249.827  176936.357
    15   15   17   H 1  15  17      1    244      1    244   1.188E-17  205146.873     249.827  203115.716
    16   16   17   H 1  16  17      1    265      1    265   1.000E+00    Infinity     249.827 2997925.106
    17    1    2   H 1   1   2     -1     57    266    322   4.162E-01    1215.685    1047.622    1447.974
    18    1    3   H 1   1   3     -1     57    323    379   7.910E-02    1025.734     883.931    1221.728
    19    1    4   H 1   1   4     -1     53    380    432   2.899E-02     972.548     855.518    1126.670
    20    1    5   H 1   1   5     -1     41    433    473   1.394E-02     949.754     852.785    1071.605
    21    1    6   H 1   1   6     -1     41    474    514   7.799E-03     937.814     842.064    1058.133
    22    1    7   H 1   1   7     -1     41    515    555   4.814E-03     930.759     880.763     986.772
    23    1    8   H 1   1   8     -1     41    556    596   3.183E-03     926.236     876.484     981.977
    24    1    9   H 1   1   9     -1     41    597    637   2.216E-03     923.161     873.574     978.717
    25    1   10   H 1   1  10     -1     41    638    678   1.605E-03     920.974     871.504     976.398
    26    1   11   H 1   1  11     -1     41    679    719   1.201E-03     919.362     869.979     974.689
    27    1   12   H 1   1  12     -1     41    720    760   9.214E-04     918.140     868.822     973.393
    28    1   13   H 1   1  13     -1     41    761    801   7.227E-04     917.191     867.924     972.387
    29    1   14   H 1   1  14     -1     41    802    842   5.744E-04     916.440     867.213     971.591
    30    1   15   H 1   1  15     -1     41    843    883   4.686E-04     915.834     866.640     970.949
    31    1   16   H 1   1  16      0      1      0      0   3.615E-03     911.764    Infinity    Infinity
    32    2    3   H 1   2   3     -1     57    884    940   6.407E-01    6564.700    5774.747    7605.025
    33    2    4   H 1   2   4     -1     57    941    997   1.193E-01    4862.741    4277.590    5633.352
    34    2    5   H 1   2   5     -1     57    998   1054   4.467E-02    4341.733    3819.277    5029.778
    35    2    6   H 1   2   6     -1     41   1055   1095   2.209E-02    4102.937    3682.534    4631.698
    36    2    7   H 1   2   7     -1     41   1096   1136   1.270E-02    3971.238    3565.778    4480.737
    37    2    8   H 1   2   8     -1     29   1137   1165   8.036E-03    3890.193    3530.024    4332.208
    38    2    9   H 1   2   9     -1     41   1166   1206   5.429E-03    3836.513    3481.314    4272.429
    39    2   10   H 1   2  10     -1     41   1207   1247   3.851E-03    3799.016    3447.289    4230.672
    40    2   11   H 1   2  11     -1     41   1248   1288   2.835E-03    3771.741    3422.540    4200.297
    41    2   12   H 1   2  12     -1     41   1289   1329   2.151E-03    3751.257    3403.952    4177.486
    42    2   13   H 1   2  13     -1     41   1330   1370   1.672E-03    3735.469    3389.626    4159.904
    43    2   14   H 1   2  14     -1     41   1371   1411   1.326E-03    3723.036    3378.344    4146.058
    44    2   15   H 1   2  15     -1     41   1412   1452   1.070E-03    3713.066    3369.296    4134.955
    45    2   16   H 1   2  16      0      1      0      0   8.112E-03    3647.056    Infinity    Infinity
    46    3    4   H 1   3   4     -1     57   1453   1509   8.421E-01   18756.286   16834.443   21173.478
    47    3    5   H 1   3   5     -1     57   1510   1566   1.506E-01   12821.680   11507.920   14474.057
    48    3    6   H 1   3   6     -1     37   1567   1603   5.584E-02   10941.167    9820.092   12351.195
    49    3    7   H 1   3   7     -1     33   1604   1636   2.768E-02   10052.197    9025.876   11341.865
    50    3    8   H 1   3   8     -1     29   1637   1665   1.604E-02    9548.654    8664.605   10633.601
    51    3    9   H 1   3   9     -1     41   1666   1706   1.023E-02    9231.609    8735.736    9787.166
    52    3   10   H 1   3  10     -1     41   1707   1747   6.980E-03    9017.445    8533.075    9560.113
    53    3   11   H 1   3  11     -1     41   1748   1788   4.996E-03    8865.276    8389.080    9398.786
    54    3   12   H 1   3  12     -1     41   1789   1829   3.711E-03    8752.933    8282.772    9279.683
    55    3   13   H 1   3  13     -1     41   1830   1870   2.839E-03    8667.455    8201.885    9189.061
    56    3   14   H 1   3  14     -1     41   1871   1911   2.224E-03    8600.810    8138.820    9118.405
    57    3   15   H 1   3  15     -1     41   1912   1952   1.776E-03    8547.786    8088.644    9062.191
    58    3   16   H 1   3  16      0      1      0      0   1.307E-02    8205.875    Infinity    Infinity
    59    4    5   H 1   4   5     -1     13   1953   1965   1.038E+00   40522.839   40514.495   40531.187
    60    4    6   H 1   4   6     -1     13   1966   1978   1.793E-01   26258.800   26253.393   26264.209
    61    4    7   H 1   4   7     -1     13   1979   1991   6.549E-02   21661.299   21656.839   21665.762
    62    4    8   H 1   4   8     -1     13   1992   2004   3.230E-02   19450.963   19446.957   19454.970
    63    4    9   H 1   4   9     -1     13   2005   2017   1.870E-02   18179.169   18175.426   18182.914
    64    4   10   H 1   4  10     -1     13   2018   2030   1.196E-02   17366.931   17363.355   17370.509
    65    4   11   H 1   4  11     -1     13   2031   2043   8.187E-03   16811.189   16807.727   16814.652
    66    4   12   H 1   4  12     -1     13   2044   2056   5.886E-03   16411.750   16408.370   16415.131
    67    4   13   H 1   4  13     -1     13   2057   2069   4.393E-03   16113.788   16110.470   16117.107
    68    4   14   H 1   4  14     -1     13   2070   2082   3.375E-03   15884.953   15881.682   15888.225
    69    4   15   H 1   4  15     -1     13   2083   2095   2.656E-03   15705.024   15701.790   15708.259
    70    4   16   H 1   4  16      0      1      0      0   1.872E-02   14588.222    Infinity    Infinity
    71    5    6   H 1   5   6     -1     13   2096   2108   1.231E+00   74598.863   74583.502   74614.230
    72    5    7   H 1   5   7     -1     13   2109   2121   2.069E-01   46537.948   46528.365   46547.535
    73    5    8   H 1   5   8     -1     13   2122   2134   7.448E-02   37405.698   37397.995   37413.403
    74    5    9   H 1   5   9     -1     13   2135   2147   3.645E-02   32970.033   32963.244   32976.825
    75    5   10   H 1   5  10     -1     13   2148   2160   2.104E-02   30392.129   30385.871   30398.390
    76    5   11   H 1   5  11     -1     13   2161   2173   1.344E-02   28730.060   28724.144   28735.978
    77    5   12   H 1   5  12     -1     13   2174   2186   9.209E-03   27582.773   27577.093   27588.455
    78    5   13   H 1   5  13     -1     13   2187   2199   6.631E-03   26751.405   26745.897   26756.916
    79    5   14   H 1   5  14     -1     13   2200   2212   4.959E-03   26126.567   26121.187   26131.949
    80    5   15   H 1   5  15     -1     13   2213   2225   3.821E-03   25643.359   25638.079   25648.642
    81    5   16   H 1   5  16      0      1      0      0   2.544E-02   22794.097    Infinity    Infinity
    82    6    7   H 1   6   7     -1     13   2226   2238   1.424E+00  123719.345  123693.869  123744.831
    83    6    8   H 1   6   8     -1     13   2239   2251   2.340E-01   75025.142   75009.693   75040.597
    84    6    9   H 1   6   9     -1     13   2252   2264   8.315E-02   59082.299   59070.133   59094.471
    85    6   10   H 1   6  10     -1     13   2265   2277   4.038E-02   51286.718   51276.157   51297.283
    86    6   11   H 1   6  11     -1     13   2278   2290   2.320E-02   46725.217   46715.596   46734.843
    87    6   12   H 1   6  12     -1     13   2291   2303   1.479E-02   43764.666   43755.654   43773.682
    88    6   13   H 1   6  13     -1     13   2304   2316   1.012E-02   41708.056   41699.467   41716.648
    89    6   14   H 1   6  14     -1     13   2317   2329   7.289E-03   40208.787   40200.507   40217.070
    90    6   15   H 1   6  15     -1     13   2330   2342   5.455E-03   39075.595   39067.548   39083.645
    91    6   16   H 1   6  16      0      1      0      0   3.380E-02   32823.500    Infinity    Infinity
    92    7    8   H 1   7   8     -1     13   2343   2355   1.616E+00  190619.435  190580.183  190658.703
    93    7    9   H 1   7   9     -1     13   2356   2368   2.609E-01  113087.214  113063.927  113110.510
    94    7   10   H 1   7  10     -1     13   2369   2381   9.163E-02   87600.843   87582.805   87618.889
    95    7   11   H 1   7  11     -1     13   2382   2394   4.416E-02   75081.223   75065.762   75096.690
    96    7   12   H 1   7  12     -1     13   2395   2407   2.525E-02   67720.062   67706.118   67734.013
    97    7   13   H 1   7  13     -1     13   2408   2420   1.605E-02   62919.306   62906.349   62932.267
    98    7   14   H 1   7  14     -1     13   2421   2433   1.097E-02   59568.573   59556.307   59580.845
    99    7   15   H 1   7  15     -1     13   2434   2446   7.891E-03   57114.754   57102.993   57126.520
   100    7   16   H 1   7  16      0      1      0      0   4.471E-02   44676.430    Infinity    Infinity
   101    8    9   H 1   8   9     -1     13   2447   2459   1.807E+00  278034.350  277977.097  278091.626
   102    8   10   H 1   8  10     -1     13   2460   2472   2.876E-01  162091.356  162057.979  162124.748
   103    8   11   H 1   8  11     -1     13   2473   2485   1.000E-01  123871.921  123846.413  123897.439
   104    8   12   H 1   8  12     -1     13   2486   2498   4.787E-02  105035.199  105013.570  105056.836
   105    8   13   H 1   8  13     -1     13   2499   2511   2.724E-02   93920.363   93901.023   93939.711
   106    8   14   H 1   8  14     -1     13   2512   2524   1.726E-02   86645.198   86627.356   86663.047
   107    8   15   H 1   8  15     -1     13   2525   2537   1.177E-02   81549.067   81532.275   81565.867
   108    8   16   H 1   8  16      0      1      0      0   5.979E-02   58352.888    Infinity    Infinity
   109    9   10   H 1   9  10      0      1      0      0   1.999E+00  388699.338    Infinity    Infinity
   110    9   11   H 1   9  11     -1     13   2538   2550   3.143E-01  223404.944  223358.941  223450.967
   111    9   12   H 1   9  12     -1     13   2551   2563   1.083E-01  168806.570  168771.809  168841.344
   112    9   13   H 1   9  13     -1     13   2564   2576   5.152E-02  141831.088  141801.882  141860.306
   113    9   14   H 1   9  14     -1     13   2577   2589   2.918E-02  125870.986  125845.066  125896.915
   114    9   15   H 1   9  15     -1     13   2590   2602   1.843E-02  115395.116  115371.354  115418.888
   115    9   16   H 1   9  16      0      1      0      0   8.203E-02   73852.874    Infinity    Infinity
   116   10   11   H 1  10  11      0      1      0      0   2.190E+00  525349.663    Infinity    Infinity
   117   10   12   H 1  10  12     -1     13   2603   2615   3.408E-01  298395.451  298334.006  298456.922
   118   10   13   H 1  10  13     -1     13   2616   2628   1.166E-01  223316.080  223270.095  223362.084
   119   10   14   H 1  10  14     -1     13   2629   2641   5.513E-02  186151.792  186113.460  186190.140
   120   10   15   H 1  10  15     -1     13   2642   2654   3.109E-02  164117.498  164083.703  164151.307
   121   10   16   H 1  10  16      0      1      0      0   1.178E-01   91176.388    Infinity    Infinity
   122   11   12   H 1  11  12      0      1      0      0   2.381E+00  690720.601    Infinity    Infinity
   123   11   13   H 1  11  13      0      1      0      0   3.673E-01  388430.407    Infinity    Infinity
   124   11   14   H 1  11  14     -1     13   2655   2667   1.248E-01  288311.895  288252.526  288371.289
   125   11   15   H 1  11  15     -1     13   2668   2680   5.872E-02  238680.496  238631.347  238729.665
   126   11   16   H 1  11  16      0      1      0      0   1.829E-01  110323.429    Infinity    Infinity
   127   12   13   H 1  12  13      0      1      0      0   2.572E+00  887547.430    Infinity    Infinity
   128   12   14   H 1  12  14      0      1      0      0   3.938E-01  494877.379    Infinity    Infinity
   129   12   15   H 1  12  15      0      1      0      0   1.330E-01  364705.552    Infinity    Infinity
   130   12   16   H 1  12  16      0      1      0      0   3.257E-01  131293.999    Infinity    Infinity
   131   13   14   H 1  13  14      0      1      0      0   2.763E+00 1118565.434    Infinity    Infinity
   132   13   15   H 1  13  15      0      1      0      0   4.202E-01  619103.955    Infinity    Infinity
   133   13   16   H 1  13  16      0      1      0      0   7.635E-01  154088.096    Infinity    Infinity
   134   14   15   H 1  14  15      0      1      0      0   2.954E+00 1386509.898    Infinity    Infinity
   135   14   16   H 1  14  16      0      1      0      0   3.761E+00  178705.720    Infinity    Infinity
   136   15   16   H 1  15  16      0      1      0      0   3.995E+00  205146.873    Infinity    Infinity
 opadd0 it,mcross          16          42         289
 Hraysc it          17   3.1166102584199482E-025
 Heraysc it          18   0.0000000000000000     
 H- it          19   6.6723710424546777E-018
 H2P it          21  -93.291421060728240     
 He-ff it          22   1.5629830882757668E-045
 He-ff it          23   2.2458887005360646E-041
 He-ff it          24   4.4892872974588738E-037

 EXTERNAL IRRADIATION - EXTOT0,EXTOT:    0.000E+00   0.000E+00

 MTOT =           1
 itek,niter         150          30
 ksng,nn           0           1
 nfreqe,inhe,inre,inpc,inmp,indl           0           0           1           0           0           0
 alloc_accel iacpp,mtot           7           1
 alloc_accel MLEVEL,MDEPTH,MTOT                       17          70           1
 alloc_accel iacpp,mtot           7           1
 alloc_alipar MDEPTH,MLVEXP                            70           3
 IFRYB,MFREX,MTOT           1           1           1

BASIC ARRAYS DIMENSIONS:

MDEPTH  =      70
MFREQ   =    2680
MFREQC  =     289
MFREX   =       1
MFREQL  =      58
MFREQP  =    2680
MTRANS  =     136
MLEVEL  =      17
MLVEXP  =       3
MTOT    =       1
MION    =       1
MVOIG0  =     136
MHWL    =      90


MAXIMUM AND ACTUAL DIMENSIONS:

MDEPTH,ND     =      70      70
MLEVEL,NLEVEL =      17      17
MLVEXP,NLVEXP =       3       2
MTRANS.NTRANS =     136     136
MFREQ,NFREQ   =    2680    2680
MFREQC,NFREQC =     289     265
MFREQP        =    2680
MFREQL        =      58
MFREQX,NFREQE =       1       0
MTOT,NN       =       1       1
 grey  -16.118095650958320       0.31701214296442365        95.742252007568396        55.278436493977132     
 COMPUTED LTE-GREY MODEL

    ID    TAU       MASS     TEMP       N          NE         P        ROSS.OP    Ptot    TAUR*DPRAD   PRAD0     Pg(comp)

   1  1.000E-07  1.430E-07     12.  8.514E+12  4.256E+12  1.430E+01  6.993E-01  6.958E+01  9.574E-06  5.528E+01  1.430E+01
   2  1.373E-07  1.931E-07     12.  1.149E+13  5.745E+12  1.931E+01  7.905E-01  7.459E+01  1.315E-05  5.528E+01  1.931E+01
   3  1.885E-07  2.537E-07     12.  1.510E+13  7.548E+12  2.537E+01  8.972E-01  8.065E+01  1.805E-05  5.528E+01  2.537E+01
   4  2.588E-07  3.269E-07     12.  1.946E+13  9.725E+12  3.269E+01  1.022E+00  8.797E+01  2.478E-05  5.528E+01  3.269E+01
   5  3.554E-07  4.150E-07     12.  2.471E+13  1.234E+13  4.150E+01  1.169E+00  9.678E+01  3.403E-05  5.528E+01  4.150E+01
   6  4.880E-07  5.206E-07     12.  3.099E+13  1.548E+13  5.206E+01  1.342E+00  1.073E+02  4.672E-05  5.528E+01  5.206E+01
   7  6.700E-07  6.466E-07     12.  3.849E+13  1.922E+13  6.466E+01  1.545E+00  1.199E+02  6.415E-05  5.528E+01  6.466E+01
   8  9.199E-07  7.967E-07     12.  4.743E+13  2.368E+13  7.967E+01  1.784E+00  1.349E+02  8.807E-05  5.528E+01  7.967E+01
   9  1.263E-06  9.749E-07     12.  5.804E+13  2.896E+13  9.749E+01  2.066E+00  1.528E+02  1.209E-04  5.528E+01  9.749E+01
  10  1.734E-06  1.186E-06     12.  7.061E+13  3.522E+13  1.186E+02  2.396E+00  1.739E+02  1.660E-04  5.528E+01  1.186E+02
  11  2.381E-06  1.436E-06     12.  8.547E+13  4.262E+13  1.436E+02  2.785E+00  1.989E+02  2.280E-04  5.528E+01  1.436E+02
  12  3.269E-06  1.731E-06     12.  1.030E+14  5.134E+13  1.731E+02  3.241E+00  2.283E+02  3.130E-04  5.528E+01  1.731E+02
  13  4.489E-06  2.078E-06     12.  1.237E+14  6.160E+13  2.078E+02  3.778E+00  2.631E+02  4.298E-04  5.528E+01  2.078E+02
  14  6.163E-06  2.487E-06     12.  1.481E+14  7.367E+13  2.487E+02  4.409E+00  3.040E+02  5.901E-04  5.528E+01  2.487E+02
  15  8.462E-06  2.968E-06     12.  1.767E+14  8.784E+13  2.968E+02  5.149E+00  3.521E+02  8.102E-04  5.528E+01  2.968E+02
  16  1.162E-05  3.534E-06     12.  2.103E+14  1.045E+14  3.534E+02  6.017E+00  4.086E+02  1.112E-03  5.528E+01  3.534E+02
  17  1.595E-05  4.198E-06     12.  2.499E+14  1.239E+14  4.198E+02  7.034E+00  4.750E+02  1.527E-03  5.528E+01  4.198E+02
  18  2.190E-05  4.978E-06     12.  2.963E+14  1.467E+14  4.978E+02  8.225E+00  5.530E+02  2.097E-03  5.528E+01  4.978E+02
  19  3.007E-05  5.893E-06     12.  3.508E+14  1.734E+14  5.893E+02  9.618E+00  6.446E+02  2.879E-03  5.528E+01  5.893E+02
  20  4.129E-05  6.969E-06     12.  4.148E+14  2.046E+14  6.969E+02  1.125E+01  7.521E+02  3.953E-03  5.528E+01  6.969E+02
  21  5.669E-05  8.231E-06     12.  4.900E+14  2.411E+14  8.231E+02  1.315E+01  8.784E+02  5.428E-03  5.528E+01  8.231E+02
  22  7.784E-05  9.714E-06     12.  5.782E+14  2.838E+14  9.714E+02  1.537E+01  1.027E+03  7.453E-03  5.528E+01  9.714E+02
  23  1.069E-04  1.146E-05     12.  6.819E+14  3.336E+14  1.146E+03  1.795E+01  1.201E+03  1.023E-02  5.528E+01  1.146E+03
  24  1.467E-04  1.351E-05     12.  8.039E+14  3.918E+14  1.351E+03  2.094E+01  1.406E+03  1.405E-02  5.528E+01  1.351E+03
  25  2.015E-04  1.592E-05     12.  9.475E+14  4.598E+14  1.592E+03  2.441E+01  1.647E+03  1.929E-02  5.528E+01  1.592E+03
  26  2.766E-04  1.876E-05     12.  1.117E+15  5.392E+14  1.876E+03  2.843E+01  1.932E+03  2.649E-02  5.528E+01  1.876E+03
  27  3.798E-04  2.212E-05     12.  1.316E+15  6.319E+14  2.212E+03  3.306E+01  2.267E+03  3.637E-02  5.528E+01  2.212E+03
  28  5.215E-04  2.609E-05     12.  1.552E+15  7.401E+14  2.609E+03  3.838E+01  2.664E+03  4.993E-02  5.528E+01  2.609E+03
  29  7.161E-04  3.078E-05     12.  1.831E+15  8.664E+14  3.078E+03  4.448E+01  3.133E+03  6.856E-02  5.528E+01  3.078E+03
  30  9.832E-04  3.635E-05     12.  2.161E+15  1.014E+15  3.634E+03  5.145E+01  3.690E+03  9.413E-02  5.528E+01  3.634E+03
  31  1.350E-03  4.296E-05     12.  2.553E+15  1.186E+15  4.296E+03  5.934E+01  4.351E+03  1.292E-01  5.528E+01  4.296E+03
  32  1.853E-03  5.085E-05     12.  3.021E+15  1.387E+15  5.085E+03  6.827E+01  5.140E+03  1.775E-01  5.528E+01  5.085E+03
  33  2.545E-03  6.027E-05     12.  3.578E+15  1.622E+15  6.027E+03  7.832E+01  6.083E+03  2.436E-01  5.528E+01  6.027E+03
  34  3.494E-03  7.157E-05     12.  4.245E+15  1.897E+15  7.157E+03  8.957E+01  7.213E+03  3.345E-01  5.528E+01  7.157E+03
  35  4.797E-03  8.516E-05     12.  5.046E+15  2.219E+15  8.516E+03  1.021E+02  8.571E+03  4.593E-01  5.528E+01  8.516E+03
  36  6.587E-03  1.016E-04     12.  6.008E+15  2.597E+15  1.015E+04  1.160E+02  1.021E+04  6.306E-01  5.528E+01  1.015E+04
  37  9.044E-03  1.214E-04     12.  7.168E+15  3.041E+15  1.214E+04  1.314E+02  1.220E+04  8.659E-01  5.528E+01  1.214E+04
  38  1.242E-02  1.455E-04     12.  8.569E+15  3.565E+15  1.455E+04  1.483E+02  1.460E+04  1.189E+00  5.528E+01  1.455E+04
  39  1.705E-02  1.749E-04     12.  1.026E+16  4.185E+15  1.748E+04  1.670E+02  1.754E+04  1.632E+00  5.528E+01  1.748E+04
  40  2.341E-02  2.107E-04     12.  1.232E+16  4.924E+15  2.107E+04  1.876E+02  2.112E+04  2.241E+00  5.528E+01  2.107E+04
  41  3.214E-02  2.545E-04     12.  1.480E+16  5.809E+15  2.545E+04  2.105E+02  2.551E+04  3.077E+00  5.528E+01  2.545E+04
  42  4.413E-02  3.082E-04     13.  1.779E+16  6.876E+15  3.081E+04  2.362E+02  3.087E+04  4.225E+00  5.528E+01  3.081E+04
  43  6.059E-02  3.738E-04     13.  2.139E+16  8.172E+15  3.737E+04  2.652E+02  3.743E+04  5.801E+00  5.528E+01  3.737E+04
  44  8.319E-02  4.539E-04     13.  2.569E+16  9.760E+15  4.539E+04  2.983E+02  4.545E+04  7.965E+00  5.528E+01  4.539E+04
  45  1.142E-01  5.517E-04     13.  3.080E+16  1.172E+16  5.516E+04  3.361E+02  5.523E+04  1.094E+01  5.528E+01  5.516E+04
  46  1.568E-01  6.708E-04     13.  3.682E+16  1.414E+16  6.707E+04  3.791E+02  6.714E+04  1.502E+01  5.528E+01  6.707E+04
  47  2.153E-01  8.158E-04     13.  4.385E+16  1.716E+16  8.156E+04  4.273E+02  8.163E+04  2.062E+01  5.528E+01  8.156E+04
  48  2.957E-01  9.926E-04     14.  5.204E+16  2.092E+16  9.924E+04  4.797E+02  9.932E+04  2.831E+01  5.528E+01  9.924E+04
  49  4.060E-01  1.210E-03     14.  6.158E+16  2.557E+16  1.210E+05  5.334E+02  1.210E+05  3.887E+01  5.528E+01  1.210E+05
  50  5.574E-01  1.480E-03     15.  7.275E+16  3.130E+16  1.480E+05  5.837E+02  1.481E+05  5.337E+01  5.528E+01  1.480E+05
  51  7.653E-01  1.823E-03     15.  8.607E+16  3.834E+16  1.823E+05  6.248E+02  1.824E+05  7.327E+01  5.528E+01  1.823E+05
  52  1.051E+00  2.269E-03     16.  1.023E+17  4.700E+16  2.268E+05  6.526E+02  2.270E+05  1.006E+02  5.528E+01  2.268E+05
  53  1.443E+00  2.862E-03     17.  1.226E+17  5.775E+16  2.861E+05  6.665E+02  2.863E+05  1.381E+02  5.528E+01  2.861E+05
  54  1.981E+00  3.666E-03     18.  1.485E+17  7.125E+16  3.665E+05  6.703E+02  3.667E+05  1.897E+02  5.528E+01  3.665E+05
  55  2.720E+00  4.769E-03     19.  1.818E+17  8.838E+16  4.767E+05  6.695E+02  4.770E+05  2.604E+02  5.528E+01  4.767E+05
  56  3.734E+00  6.288E-03     20.  2.246E+17  1.102E+17  6.284E+05  6.669E+02  6.288E+05  3.575E+02  5.528E+01  6.284E+05
  57  5.127E+00  8.370E-03     22.  2.793E+17  1.379E+17  8.365E+05  6.735E+02  8.371E+05  4.909E+02  5.528E+01  8.365E+05
  58  7.040E+00  1.118E-02     23.  3.475E+17  1.722E+17  1.117E+06  6.873E+02  1.118E+06  6.740E+02  5.528E+01  1.117E+06
  59  9.666E+00  1.494E-02     25.  4.317E+17  2.145E+17  1.493E+06  7.105E+02  1.494E+06  9.254E+02  5.528E+01  1.493E+06
  60  1.327E+01  1.990E-02     27.  5.337E+17  2.657E+17  1.989E+06  7.429E+02  1.990E+06  1.271E+03  5.528E+01  1.989E+06
  61  1.822E+01  2.638E-02     29.  6.559E+17  3.270E+17  2.637E+06  7.837E+02  2.639E+06  1.745E+03  5.528E+01  2.637E+06
  62  2.502E+01  3.480E-02     31.  8.013E+17  3.998E+17  3.478E+06  8.293E+02  3.480E+06  2.395E+03  5.528E+01  3.478E+06
  63  3.435E+01  4.575E-02     34.  9.749E+17  4.866E+17  4.572E+06  8.733E+02  4.575E+06  3.289E+03  5.528E+01  4.572E+06
  64  4.717E+01  6.013E-02     37.  1.185E+18  5.919E+17  6.008E+06  9.040E+02  6.013E+06  4.516E+03  5.528E+01  6.008E+06
  65  6.476E+01  7.949E-02     40.  1.449E+18  7.237E+17  7.943E+06  9.078E+02  7.949E+06  6.200E+03  5.528E+01  7.943E+06
  66  8.892E+01  1.065E-01     43.  1.795E+18  8.968E+17  1.064E+07  8.750E+02  1.065E+07  8.513E+03  5.528E+01  1.064E+07
  67  1.221E+02  1.459E-01     46.  2.272E+18  1.135E+18  1.458E+07  8.103E+02  1.459E+07  1.169E+04  5.528E+01  1.458E+07
  68  1.676E+02  2.052E-01     50.  2.954E+18  1.476E+18  2.050E+07  7.299E+02  2.052E+07  1.605E+04  5.528E+01  2.050E+07
  69  2.301E+02  2.962E-01     54.  3.940E+18  1.969E+18  2.960E+07  6.512E+02  2.962E+07  2.204E+04  5.528E+01  2.960E+07
  70  3.160E+02  4.360E-01     59.  5.360E+18  2.678E+18  4.357E+07  5.839E+02  4.360E+07  3.025E+04  5.528E+01  4.357E+07

 CONVECTIVE FLUX: AT CONTMP, ITER= 1

 conout imod,iprin           1           2


  ID    DM        TEMP      DELTA  DELTA(AD)  CON/TOT  RAD/TOT  (C+R)/TOT


   1 1.43E-07  12167.9  0.00E+00  0.00E+00  0.00E+00  0.00E+00  0.00E+00
   2 1.93E-07  12167.9  1.16E-06  0.00E+00  0.00E+00  0.00E+00  0.00E+00
   3 2.54E-07  12167.9  1.39E-06  0.00E+00  0.00E+00  0.00E+00  0.00E+00
   4 3.27E-07  12167.9  1.69E-06  0.00E+00  0.00E+00  0.00E+00  0.00E+00
   5 4.15E-07  12167.9  2.07E-06  0.00E+00  0.00E+00  0.00E+00  0.00E+00
   6 5.21E-07  12167.9  2.57E-06  0.00E+00  0.00E+00  0.00E+00  0.00E+00
   7 6.47E-07  12167.9  3.23E-06  0.00E+00  0.00E+00  0.00E+00  0.00E+00
   8 7.97E-07  12167.9  4.10E-06  0.00E+00  0.00E+00  0.00E+00  0.00E+00
   9 9.75E-07  12168.0  5.24E-06  0.00E+00  0.00E+00  0.00E+00  0.00E+00
  10 1.19E-06  12168.0  6.75E-06  0.00E+00  0.00E+00  0.00E+00  0.00E+00
  11 1.44E-06  12168.0  8.75E-06  0.00E+00  0.00E+00  0.00E+00  0.00E+00
  12 1.73E-06  12168.0  1.14E-05  0.00E+00  0.00E+00  0.00E+00  0.00E+00
  13 2.08E-06  12168.0  1.50E-05  0.00E+00  0.00E+00  0.00E+00  0.00E+00
  14 2.49E-06  12168.1  1.97E-05  0.00E+00  0.00E+00  0.00E+00  0.00E+00
  15 2.97E-06  12168.1  2.60E-05  0.00E+00  0.00E+00  0.00E+00  0.00E+00
  16 3.53E-06  12168.2  3.44E-05  0.00E+00  0.00E+00  0.00E+00  0.00E+00
  17 4.20E-06  12168.2  4.55E-05  0.00E+00  0.00E+00  0.00E+00  0.00E+00
  18 4.98E-06  12168.4  6.04E-05  0.00E+00  0.00E+00  0.00E+00  0.00E+00
  19 5.89E-06  12168.5  8.02E-05  0.00E+00  0.00E+00  0.00E+00  0.00E+00
  20 6.97E-06  12168.7  1.07E-04  0.00E+00  0.00E+00  0.00E+00  0.00E+00
  21 8.23E-06  12169.0  1.42E-04  0.00E+00  0.00E+00  0.00E+00  0.00E+00
  22 9.71E-06  12169.3  1.88E-04  0.00E+00  0.00E+00  0.00E+00  0.00E+00
  23 1.15E-05  12169.8  2.50E-04  0.00E+00  0.00E+00  0.00E+00  0.00E+00
  24 1.35E-05  12170.4  3.31E-04  0.00E+00  0.00E+00  0.00E+00  0.00E+00
  25 1.59E-05  12171.3  4.39E-04  0.00E+00  0.00E+00  0.00E+00  0.00E+00
  26 1.88E-05  12172.4  5.81E-04  0.00E+00  0.00E+00  0.00E+00  0.00E+00
  27 2.21E-05  12173.9  7.68E-04  0.00E+00  0.00E+00  0.00E+00  0.00E+00
  28 2.61E-05  12175.9  1.01E-03  0.00E+00  0.00E+00  0.00E+00  0.00E+00
  29 3.08E-05  12178.5  1.34E-03  0.00E+00  0.00E+00  0.00E+00  0.00E+00
  30 3.63E-05  12182.0  1.76E-03  0.00E+00  0.00E+00  0.00E+00  0.00E+00
  31 4.30E-05  12186.7  2.30E-03  0.00E+00  0.00E+00  0.00E+00  0.00E+00
  32 5.08E-05  12192.8  3.01E-03  1.16E-01  0.00E+00  0.00E+00  0.00E+00
  33 6.03E-05  12200.8  3.92E-03  1.12E-01  0.00E+00  0.00E+00  0.00E+00
  34 7.16E-05  12211.4  5.10E-03  1.08E-01  0.00E+00  0.00E+00  0.00E+00
  35 8.52E-05  12225.3  6.60E-03  1.05E-01  0.00E+00  0.00E+00  0.00E+00
  36 1.02E-04  12243.6  8.52E-03  1.02E-01  0.00E+00  0.00E+00  0.00E+00
  37 1.21E-04  12267.4  1.10E-02  1.00E-01  0.00E+00  0.00E+00  0.00E+00
  38 1.45E-04  12298.5  1.40E-02  9.87E-02  0.00E+00  0.00E+00  0.00E+00
  39 1.75E-04  12338.9  1.79E-02  9.75E-02  0.00E+00  0.00E+00  0.00E+00
  40 2.11E-04  12391.2  2.27E-02  9.68E-02  0.00E+00  0.00E+00  0.00E+00
  41 2.55E-04  12458.6  2.88E-02  9.64E-02  0.00E+00  0.00E+00  0.00E+00
  42 3.08E-04  12545.1  3.63E-02  9.63E-02  0.00E+00  0.00E+00  0.00E+00
  43 3.74E-04  12655.6  4.55E-02  9.66E-02  0.00E+00  0.00E+00  0.00E+00
  44 4.54E-04  12796.0  5.68E-02  9.74E-02  0.00E+00  0.00E+00  0.00E+00
  45 5.52E-04  12973.1  7.06E-02  9.85E-02  0.00E+00  0.00E+00  0.00E+00
  46 6.71E-04  13195.1  8.69E-02  1.00E-01  0.00E+00  0.00E+00  0.00E+00
  47 8.16E-04  13471.3  1.06E-01  1.03E-01  3.64E-08  0.00E+00  3.64E-08
  48 9.93E-04  13812.0  1.27E-01  1.06E-01  4.77E-06  0.00E+00  4.77E-06
  49 1.21E-03  14228.6  1.50E-01  1.10E-01  1.43E-05  0.00E+00  1.43E-05
  50 1.48E-03  14733.2  1.73E-01  1.17E-01  1.67E-05  0.00E+00  1.67E-05
  51 1.82E-03  15338.2  1.93E-01  1.27E-01  1.06E-05  0.00E+00  1.06E-05
  52 2.27E-03  16055.9  2.09E-01  1.41E-01  3.95E-06  0.00E+00  3.95E-06
  53 2.86E-03  16897.9  2.20E-01  1.60E-01  8.72E-07  0.00E+00  8.72E-07
  54 3.67E-03  17874.9  2.27E-01  1.87E-01  9.42E-08  0.00E+00  9.42E-08
  55 4.77E-03  18995.8  2.31E-01  2.20E-01  9.50E-10  0.00E+00  9.50E-10
  56 6.29E-03  20268.1  2.35E-01  2.57E-01  0.00E+00  0.00E+00  0.00E+00
  57 8.37E-03  21697.9  2.38E-01  2.93E-01  0.00E+00  0.00E+00  0.00E+00
  58 1.12E-02  23290.9  2.45E-01  3.25E-01  0.00E+00  0.00E+00  0.00E+00
  59 1.49E-02  25053.5  2.52E-01  3.49E-01  0.00E+00  0.00E+00  0.00E+00
  60 1.99E-02  26992.8  2.60E-01  3.66E-01  0.00E+00  0.00E+00  0.00E+00
  61 2.64E-02  29117.8  2.69E-01  3.78E-01  0.00E+00  0.00E+00  0.00E+00
  62 3.48E-02  31438.7  2.77E-01  3.86E-01  0.00E+00  0.00E+00  0.00E+00
  63 4.57E-02  33967.7  2.83E-01  3.90E-01  0.00E+00  0.00E+00  0.00E+00
  64 6.01E-02  36718.6  2.85E-01  3.94E-01  0.00E+00  0.00E+00  0.00E+00
  65 7.95E-02  39707.0  2.80E-01  3.96E-01  0.00E+00  0.00E+00  0.00E+00
  66 1.07E-01  42950.2  2.68E-01  3.97E-01  0.00E+00  0.00E+00  0.00E+00
  67 1.46E-01  46467.6  2.50E-01  3.98E-01  0.00E+00  0.00E+00  0.00E+00
  68 2.05E-01  50280.4  2.31E-01  3.98E-01  0.00E+00  0.00E+00  0.00E+00
  69 2.96E-01  54411.9  2.15E-01  3.99E-01  0.00E+00  0.00E+00  0.00E+00
  70 4.36E-01  58887.3  2.04E-01  3.99E-01  0.00E+00  0.00E+00  0.00E+00

convective zone between depths (inclusive)  47  55


 CONVECTIVE FLUX: AT CONTMP, ITER= 2

 conout imod,iprin           1           2


  ID    DM        TEMP      DELTA  DELTA(AD)  CON/TOT  RAD/TOT  (C+R)/TOT


   1 1.43E-07  12167.9  0.00E+00  0.00E+00  0.00E+00  0.00E+00  0.00E+00
   2 1.93E-07  12167.9  1.16E-06  0.00E+00  0.00E+00  0.00E+00  0.00E+00
   3 2.54E-07  12167.9  1.39E-06  0.00E+00  0.00E+00  0.00E+00  0.00E+00
   4 3.27E-07  12167.9  1.69E-06  0.00E+00  0.00E+00  0.00E+00  0.00E+00
   5 4.15E-07  12167.9  2.07E-06  0.00E+00  0.00E+00  0.00E+00  0.00E+00
   6 5.21E-07  12167.9  2.57E-06  0.00E+00  0.00E+00  0.00E+00  0.00E+00
   7 6.47E-07  12167.9  3.23E-06  0.00E+00  0.00E+00  0.00E+00  0.00E+00
   8 7.97E-07  12167.9  4.10E-06  0.00E+00  0.00E+00  0.00E+00  0.00E+00
   9 9.75E-07  12168.0  5.24E-06  0.00E+00  0.00E+00  0.00E+00  0.00E+00
  10 1.19E-06  12168.0  6.75E-06  0.00E+00  0.00E+00  0.00E+00  0.00E+00
  11 1.44E-06  12168.0  8.75E-06  0.00E+00  0.00E+00  0.00E+00  0.00E+00
  12 1.73E-06  12168.0  1.14E-05  0.00E+00  0.00E+00  0.00E+00  0.00E+00
  13 2.08E-06  12168.0  1.50E-05  0.00E+00  0.00E+00  0.00E+00  0.00E+00
  14 2.49E-06  12168.1  1.97E-05  0.00E+00  0.00E+00  0.00E+00  0.00E+00
  15 2.97E-06  12168.1  2.60E-05  0.00E+00  0.00E+00  0.00E+00  0.00E+00
  16 3.53E-06  12168.2  3.44E-05  0.00E+00  0.00E+00  0.00E+00  0.00E+00
  17 4.20E-06  12168.2  4.55E-05  0.00E+00  0.00E+00  0.00E+00  0.00E+00
  18 4.98E-06  12168.4  6.04E-05  0.00E+00  0.00E+00  0.00E+00  0.00E+00
  19 5.89E-06  12168.5  8.02E-05  0.00E+00  0.00E+00  0.00E+00  0.00E+00
  20 6.97E-06  12168.7  1.07E-04  0.00E+00  0.00E+00  0.00E+00  0.00E+00
  21 8.23E-06  12169.0  1.42E-04  0.00E+00  0.00E+00  0.00E+00  0.00E+00
  22 9.72E-06  12169.3  1.88E-04  0.00E+00  0.00E+00  0.00E+00  0.00E+00
  23 1.15E-05  12169.8  2.50E-04  0.00E+00  0.00E+00  0.00E+00  0.00E+00
  24 1.35E-05  12170.4  3.31E-04  0.00E+00  0.00E+00  0.00E+00  0.00E+00
  25 1.59E-05  12171.3  4.39E-04  0.00E+00  0.00E+00  0.00E+00  0.00E+00
  26 1.88E-05  12172.4  5.81E-04  0.00E+00  0.00E+00  0.00E+00  0.00E+00
  27 2.21E-05  12173.9  7.68E-04  0.00E+00  0.00E+00  0.00E+00  0.00E+00
  28 2.61E-05  12175.9  1.01E-03  0.00E+00  0.00E+00  0.00E+00  0.00E+00
  29 3.08E-05  12178.5  1.34E-03  0.00E+00  0.00E+00  0.00E+00  0.00E+00
  30 3.64E-05  12182.0  1.75E-03  0.00E+00  0.00E+00  0.00E+00  0.00E+00
  31 4.30E-05  12186.7  2.30E-03  0.00E+00  0.00E+00  0.00E+00  0.00E+00
  32 5.09E-05  12192.8  3.01E-03  1.15E-01  0.00E+00  0.00E+00  0.00E+00
  33 6.03E-05  12200.8  3.92E-03  1.11E-01  0.00E+00  0.00E+00  0.00E+00
  34 7.16E-05  12211.4  5.09E-03  1.08E-01  0.00E+00  0.00E+00  0.00E+00
  35 8.52E-05  12225.3  6.60E-03  1.05E-01  0.00E+00  0.00E+00  0.00E+00
  36 1.02E-04  12243.6  8.52E-03  1.02E-01  0.00E+00  0.00E+00  0.00E+00
  37 1.21E-04  12267.4  1.10E-02  1.00E-01  0.00E+00  0.00E+00  0.00E+00
  38 1.46E-04  12298.5  1.40E-02  9.87E-02  0.00E+00  0.00E+00  0.00E+00
  39 1.75E-04  12338.9  1.79E-02  9.75E-02  0.00E+00  0.00E+00  0.00E+00
  40 2.11E-04  12391.2  2.27E-02  9.67E-02  0.00E+00  0.00E+00  0.00E+00
  41 2.55E-04  12458.6  2.88E-02  9.63E-02  0.00E+00  0.00E+00  0.00E+00
  42 3.08E-04  12545.1  3.63E-02  9.63E-02  0.00E+00  0.00E+00  0.00E+00
  43 3.74E-04  12655.6  4.55E-02  9.67E-02  0.00E+00  0.00E+00  0.00E+00
  44 4.54E-04  12796.0  5.68E-02  9.74E-02  0.00E+00  0.00E+00  0.00E+00
  45 5.52E-04  12973.1  7.06E-02  9.85E-02  0.00E+00  0.00E+00  0.00E+00
  46 6.71E-04  13195.1  8.69E-02  1.00E-01  0.00E+00  0.00E+00  0.00E+00
  47 8.16E-04  13471.3  1.06E-01  1.03E-01  3.68E-08  0.00E+00  3.68E-08
  48 9.93E-04  13812.0  1.27E-01  1.06E-01  4.77E-06  0.00E+00  4.77E-06
  49 1.21E-03  14228.9  1.50E-01  1.10E-01  1.43E-05  0.00E+00  1.43E-05
  50 1.48E-03  14733.9  1.73E-01  1.17E-01  1.67E-05  0.00E+00  1.67E-05
  51 1.83E-03  15339.2  1.93E-01  1.27E-01  1.06E-05  0.00E+00  1.06E-05
  52 2.27E-03  16057.0  2.09E-01  1.41E-01  3.94E-06  0.00E+00  3.94E-06
  53 2.86E-03  16898.5  2.20E-01  1.60E-01  8.74E-07  0.00E+00  8.74E-07
  54 3.67E-03  17874.5  2.27E-01  1.87E-01  9.49E-08  0.00E+00  9.49E-08
  55 4.77E-03  18994.1  2.31E-01  2.20E-01  9.79E-10  0.00E+00  9.79E-10
  56 6.29E-03  20266.3  2.35E-01  2.57E-01  0.00E+00  0.00E+00  0.00E+00
  57 8.37E-03  21696.1  2.39E-01  2.93E-01  0.00E+00  0.00E+00  0.00E+00
  58 1.12E-02  23289.1  2.45E-01  3.25E-01  0.00E+00  0.00E+00  0.00E+00
  59 1.49E-02  25051.7  2.52E-01  3.49E-01  0.00E+00  0.00E+00  0.00E+00
  60 1.99E-02  26991.0  2.60E-01  3.66E-01  0.00E+00  0.00E+00  0.00E+00
  61 2.64E-02  29116.0  2.69E-01  3.78E-01  0.00E+00  0.00E+00  0.00E+00
  62 3.48E-02  31436.9  2.77E-01  3.86E-01  0.00E+00  0.00E+00  0.00E+00
  63 4.58E-02  33965.9  2.83E-01  3.90E-01  0.00E+00  0.00E+00  0.00E+00
  64 6.02E-02  36716.8  2.85E-01  3.94E-01  0.00E+00  0.00E+00  0.00E+00
  65 7.96E-02  39705.2  2.80E-01  3.96E-01  0.00E+00  0.00E+00  0.00E+00
  66 1.07E-01  42948.4  2.68E-01  3.97E-01  0.00E+00  0.00E+00  0.00E+00
  67 1.46E-01  46465.9  2.51E-01  3.98E-01  0.00E+00  0.00E+00  0.00E+00
  68 2.05E-01  50278.6  2.32E-01  3.98E-01  0.00E+00  0.00E+00  0.00E+00
  69 2.96E-01  54410.1  2.16E-01  3.99E-01  0.00E+00  0.00E+00  0.00E+00
  70 4.35E-01  58885.6  2.05E-01  3.99E-01  0.00E+00  0.00E+00  0.00E+00

convective zone between depths (inclusive)  47  55


 CONVECTIVE FLUX: AT CONTMP, ITER= 3

 conout imod,iprin           1           2


  ID    DM        TEMP      DELTA  DELTA(AD)  CON/TOT  RAD/TOT  (C+R)/TOT


   1 6.16E-08  12167.9  0.00E+00  0.00E+00  0.00E+00  0.00E+00  0.00E+00
   2 8.40E-08  12167.9  2.25E-06  0.00E+00  0.00E+00  0.00E+00  0.00E+00
   3 1.13E-07  12167.9  2.43E-06  0.00E+00  0.00E+00  0.00E+00  0.00E+00
   4 1.51E-07  12167.9  2.66E-06  0.00E+00  0.00E+00  0.00E+00  0.00E+00
   5 2.00E-07  12167.9  2.96E-06  0.00E+00  0.00E+00  0.00E+00  0.00E+00
   6 2.62E-07  12167.9  3.36E-06  0.00E+00  0.00E+00  0.00E+00  0.00E+00
   7 3.40E-07  12167.9  3.90E-06  0.00E+00  0.00E+00  0.00E+00  0.00E+00
   8 4.39E-07  12167.9  4.61E-06  0.00E+00  0.00E+00  0.00E+00  0.00E+00
   9 5.62E-07  12168.0  5.55E-06  0.00E+00  0.00E+00  0.00E+00  0.00E+00
  10 7.14E-07  12168.0  6.82E-06  0.00E+00  0.00E+00  0.00E+00  0.00E+00
  11 9.02E-07  12168.0  8.50E-06  0.00E+00  0.00E+00  0.00E+00  0.00E+00
  12 1.13E-06  12168.0  1.08E-05  0.00E+00  0.00E+00  0.00E+00  0.00E+00
  13 1.41E-06  12168.0  1.38E-05  0.00E+00  0.00E+00  0.00E+00  0.00E+00
  14 1.75E-06  12168.1  1.79E-05  0.00E+00  0.00E+00  0.00E+00  0.00E+00
  15 2.16E-06  12168.1  2.34E-05  0.00E+00  0.00E+00  0.00E+00  0.00E+00
  16 2.65E-06  12168.2  3.08E-05  0.00E+00  0.00E+00  0.00E+00  0.00E+00
  17 3.24E-06  12168.2  4.07E-05  0.00E+00  0.00E+00  0.00E+00  0.00E+00
  18 3.94E-06  12168.4  5.40E-05  0.00E+00  0.00E+00  0.00E+00  0.00E+00
  19 4.78E-06  12168.5  7.19E-05  0.00E+00  0.00E+00  0.00E+00  0.00E+00
  20 5.77E-06  12168.7  9.60E-05  0.00E+00  0.00E+00  0.00E+00  0.00E+00
  21 6.95E-06  12169.0  1.28E-04  0.00E+00  0.00E+00  0.00E+00  0.00E+00
  22 8.36E-06  12169.3  1.71E-04  0.00E+00  0.00E+00  0.00E+00  0.00E+00
  23 1.00E-05  12169.8  2.29E-04  0.00E+00  0.00E+00  0.00E+00  0.00E+00
  24 1.20E-05  12170.4  3.06E-04  0.00E+00  0.00E+00  0.00E+00  0.00E+00
  25 1.43E-05  12171.3  4.08E-04  0.00E+00  0.00E+00  0.00E+00  0.00E+00
  26 1.71E-05  12172.4  5.43E-04  0.00E+00  0.00E+00  0.00E+00  0.00E+00
  27 2.04E-05  12173.9  7.22E-04  0.00E+00  0.00E+00  0.00E+00  0.00E+00
  28 2.42E-05  12175.9  9.59E-04  0.00E+00  0.00E+00  0.00E+00  0.00E+00
  29 2.89E-05  12178.5  1.27E-03  0.00E+00  0.00E+00  0.00E+00  0.00E+00
  30 3.43E-05  12182.0  1.68E-03  0.00E+00  0.00E+00  0.00E+00  0.00E+00
  31 4.09E-05  12186.7  2.21E-03  0.00E+00  0.00E+00  0.00E+00  0.00E+00
  32 4.87E-05  12192.8  2.90E-03  1.17E-01  0.00E+00  0.00E+00  0.00E+00
  33 5.80E-05  12200.8  3.80E-03  1.12E-01  0.00E+00  0.00E+00  0.00E+00
  34 6.93E-05  12211.4  4.95E-03  1.09E-01  0.00E+00  0.00E+00  0.00E+00
  35 8.28E-05  12225.3  6.44E-03  1.05E-01  0.00E+00  0.00E+00  0.00E+00
  36 9.91E-05  12243.6  8.33E-03  1.03E-01  0.00E+00  0.00E+00  0.00E+00
  37 1.19E-04  12267.4  1.07E-02  1.01E-01  0.00E+00  0.00E+00  0.00E+00
  38 1.43E-04  12298.5  1.38E-02  9.89E-02  0.00E+00  0.00E+00  0.00E+00
  39 1.72E-04  12338.9  1.76E-02  9.77E-02  0.00E+00  0.00E+00  0.00E+00
  40 2.08E-04  12391.2  2.25E-02  9.69E-02  0.00E+00  0.00E+00  0.00E+00
  41 2.52E-04  12458.6  2.85E-02  9.64E-02  0.00E+00  0.00E+00  0.00E+00
  42 3.05E-04  12545.1  3.59E-02  9.64E-02  0.00E+00  0.00E+00  0.00E+00
  43 3.71E-04  12655.6  4.52E-02  9.67E-02  0.00E+00  0.00E+00  0.00E+00
  44 4.51E-04  12796.0  5.65E-02  9.74E-02  0.00E+00  0.00E+00  0.00E+00
  45 5.49E-04  12973.1  7.02E-02  9.85E-02  0.00E+00  0.00E+00  0.00E+00
  46 6.68E-04  13195.1  8.65E-02  1.00E-01  0.00E+00  0.00E+00  0.00E+00
  47 8.13E-04  13472.4  1.06E-01  1.03E-01  3.51E-08  0.00E+00  3.51E-08
  48 9.90E-04  13814.4  1.27E-01  1.06E-01  4.67E-06  0.00E+00  4.67E-06
  49 1.21E-03  14232.6  1.50E-01  1.11E-01  1.39E-05  0.00E+00  1.39E-05
  50 1.48E-03  14739.0  1.73E-01  1.17E-01  1.62E-05  0.00E+00  1.62E-05
  51 1.82E-03  15346.1  1.93E-01  1.27E-01  1.02E-05  0.00E+00  1.02E-05
  52 2.27E-03  16065.7  2.09E-01  1.41E-01  3.77E-06  0.00E+00  3.77E-06
  53 2.86E-03  16909.2  2.20E-01  1.61E-01  8.27E-07  0.00E+00  8.27E-07
  54 3.67E-03  17886.6  2.27E-01  1.87E-01  8.78E-08  0.00E+00  8.78E-08
  55 4.77E-03  19007.0  2.31E-01  2.21E-01  7.94E-10  0.00E+00  7.94E-10
  56 6.28E-03  20279.3  2.35E-01  2.58E-01  0.00E+00  0.00E+00  0.00E+00
  57 8.36E-03  21709.1  2.39E-01  2.94E-01  0.00E+00  0.00E+00  0.00E+00
  58 1.12E-02  23302.1  2.44E-01  3.25E-01  0.00E+00  0.00E+00  0.00E+00
  59 1.49E-02  25064.7  2.52E-01  3.49E-01  0.00E+00  0.00E+00  0.00E+00
  60 1.99E-02  27004.0  2.60E-01  3.66E-01  0.00E+00  0.00E+00  0.00E+00
  61 2.64E-02  29129.0  2.68E-01  3.78E-01  0.00E+00  0.00E+00  0.00E+00
  62 3.48E-02  31449.9  2.77E-01  3.86E-01  0.00E+00  0.00E+00  0.00E+00
  63 4.57E-02  33978.9  2.83E-01  3.91E-01  0.00E+00  0.00E+00  0.00E+00
  64 6.01E-02  36729.8  2.84E-01  3.94E-01  0.00E+00  0.00E+00  0.00E+00
  65 7.95E-02  39718.2  2.80E-01  3.96E-01  0.00E+00  0.00E+00  0.00E+00
  66 1.07E-01  42961.4  2.68E-01  3.97E-01  0.00E+00  0.00E+00  0.00E+00
  67 1.46E-01  46478.8  2.51E-01  3.98E-01  0.00E+00  0.00E+00  0.00E+00
  68 2.05E-01  50291.6  2.32E-01  3.98E-01  0.00E+00  0.00E+00  0.00E+00
  69 2.96E-01  54423.1  2.16E-01  3.99E-01  0.00E+00  0.00E+00  0.00E+00
  70 4.35E-01  58898.5  2.05E-01  3.99E-01  0.00E+00  0.00E+00  0.00E+00

convective zone between depths (inclusive)  47  55


 CONVECTIVE FLUX: AT CONTMP, ITER= 4

 conout imod,iprin           1           2


  ID    DM        TEMP      DELTA  DELTA(AD)  CON/TOT  RAD/TOT  (C+R)/TOT


   1 6.66E-08  12167.9  0.00E+00  0.00E+00  0.00E+00  0.00E+00  0.00E+00
   2 9.11E-08  12167.9  2.08E-06  0.00E+00  0.00E+00  0.00E+00  0.00E+00
   3 1.24E-07  12167.9  2.20E-06  0.00E+00  0.00E+00  0.00E+00  0.00E+00
   4 1.67E-07  12167.9  2.37E-06  0.00E+00  0.00E+00  0.00E+00  0.00E+00
   5 2.23E-07  12167.9  2.62E-06  0.00E+00  0.00E+00  0.00E+00  0.00E+00
   6 2.97E-07  12167.9  2.96E-06  0.00E+00  0.00E+00  0.00E+00  0.00E+00
   7 3.90E-07  12167.9  3.43E-06  0.00E+00  0.00E+00  0.00E+00  0.00E+00
   8 5.09E-07  12167.9  4.09E-06  0.00E+00  0.00E+00  0.00E+00  0.00E+00
   9 6.56E-07  12168.0  4.99E-06  0.00E+00  0.00E+00  0.00E+00  0.00E+00
  10 8.39E-07  12168.0  6.22E-06  0.00E+00  0.00E+00  0.00E+00  0.00E+00
  11 1.06E-06  12168.0  7.91E-06  0.00E+00  0.00E+00  0.00E+00  0.00E+00
  12 1.33E-06  12168.0  1.02E-05  0.00E+00  0.00E+00  0.00E+00  0.00E+00
  13 1.66E-06  12168.0  1.33E-05  0.00E+00  0.00E+00  0.00E+00  0.00E+00
  14 2.04E-06  12168.1  1.76E-05  0.00E+00  0.00E+00  0.00E+00  0.00E+00
  15 2.51E-06  12168.1  2.33E-05  0.00E+00  0.00E+00  0.00E+00  0.00E+00
  16 3.05E-06  12168.2  3.11E-05  0.00E+00  0.00E+00  0.00E+00  0.00E+00
  17 3.70E-06  12168.2  4.15E-05  0.00E+00  0.00E+00  0.00E+00  0.00E+00
  18 4.47E-06  12168.4  5.55E-05  0.00E+00  0.00E+00  0.00E+00  0.00E+00
  19 5.37E-06  12168.5  7.44E-05  0.00E+00  0.00E+00  0.00E+00  0.00E+00
  20 6.43E-06  12168.7  9.96E-05  0.00E+00  0.00E+00  0.00E+00  0.00E+00
  21 7.69E-06  12169.0  1.33E-04  0.00E+00  0.00E+00  0.00E+00  0.00E+00
  22 9.16E-06  12169.3  1.78E-04  0.00E+00  0.00E+00  0.00E+00  0.00E+00
  23 1.09E-05  12169.8  2.38E-04  0.00E+00  0.00E+00  0.00E+00  0.00E+00
  24 1.29E-05  12170.4  3.18E-04  0.00E+00  0.00E+00  0.00E+00  0.00E+00
  25 1.53E-05  12171.3  4.24E-04  0.00E+00  0.00E+00  0.00E+00  0.00E+00
  26 1.82E-05  12172.4  5.64E-04  0.00E+00  0.00E+00  0.00E+00  0.00E+00
  27 2.15E-05  12173.9  7.48E-04  0.00E+00  0.00E+00  0.00E+00  0.00E+00
  28 2.55E-05  12175.9  9.91E-04  0.00E+00  0.00E+00  0.00E+00  0.00E+00
  29 3.02E-05  12178.5  1.31E-03  0.00E+00  0.00E+00  0.00E+00  0.00E+00
  30 3.57E-05  12182.0  1.72E-03  0.00E+00  0.00E+00  0.00E+00  0.00E+00
  31 4.23E-05  12186.7  2.27E-03  0.00E+00  0.00E+00  0.00E+00  0.00E+00
  32 5.02E-05  12192.8  2.97E-03  1.16E-01  0.00E+00  0.00E+00  0.00E+00
  33 5.97E-05  12200.8  3.88E-03  1.12E-01  0.00E+00  0.00E+00  0.00E+00
  34 7.10E-05  12211.4  5.05E-03  1.08E-01  0.00E+00  0.00E+00  0.00E+00
  35 8.45E-05  12225.3  6.55E-03  1.05E-01  0.00E+00  0.00E+00  0.00E+00
  36 1.01E-04  12243.6  8.46E-03  1.02E-01  0.00E+00  0.00E+00  0.00E+00
  37 1.21E-04  12267.4  1.09E-02  1.00E-01  0.00E+00  0.00E+00  0.00E+00
  38 1.45E-04  12298.5  1.40E-02  9.87E-02  0.00E+00  0.00E+00  0.00E+00
  39 1.74E-04  12338.9  1.78E-02  9.75E-02  0.00E+00  0.00E+00  0.00E+00
  40 2.10E-04  12391.2  2.27E-02  9.68E-02  0.00E+00  0.00E+00  0.00E+00
  41 2.54E-04  12458.6  2.87E-02  9.64E-02  0.00E+00  0.00E+00  0.00E+00
  42 3.08E-04  12545.1  3.62E-02  9.63E-02  0.00E+00  0.00E+00  0.00E+00
  43 3.73E-04  12655.6  4.54E-02  9.66E-02  0.00E+00  0.00E+00  0.00E+00
  44 4.53E-04  12796.0  5.68E-02  9.74E-02  0.00E+00  0.00E+00  0.00E+00
  45 5.51E-04  12973.1  7.05E-02  9.85E-02  0.00E+00  0.00E+00  0.00E+00
  46 6.70E-04  13195.1  8.68E-02  1.00E-01  0.00E+00  0.00E+00  0.00E+00
  47 8.15E-04  13471.6  1.06E-01  1.03E-01  3.63E-08  0.00E+00  3.63E-08
  48 9.92E-04  13812.7  1.27E-01  1.06E-01  4.75E-06  0.00E+00  4.75E-06
  49 1.21E-03  14230.0  1.50E-01  1.10E-01  1.42E-05  0.00E+00  1.42E-05
  50 1.48E-03  14735.7  1.73E-01  1.17E-01  1.66E-05  0.00E+00  1.66E-05
  51 1.83E-03  15342.1  1.93E-01  1.27E-01  1.05E-05  0.00E+00  1.05E-05
  52 2.27E-03  16061.2  2.09E-01  1.41E-01  3.90E-06  0.00E+00  3.90E-06
  53 2.87E-03  16904.3  2.20E-01  1.60E-01  8.58E-07  0.00E+00  8.58E-07
  54 3.67E-03  17881.5  2.27E-01  1.87E-01  9.21E-08  0.00E+00  9.21E-08
  55 4.78E-03  19001.7  2.31E-01  2.20E-01  8.96E-10  0.00E+00  8.96E-10
  56 6.29E-03  20274.0  2.35E-01  2.57E-01  0.00E+00  0.00E+00  0.00E+00
  57 8.37E-03  21703.8  2.39E-01  2.94E-01  0.00E+00  0.00E+00  0.00E+00
  58 1.12E-02  23296.8  2.45E-01  3.25E-01  0.00E+00  0.00E+00  0.00E+00
  59 1.49E-02  25059.4  2.52E-01  3.49E-01  0.00E+00  0.00E+00  0.00E+00
  60 1.99E-02  26998.7  2.60E-01  3.66E-01  0.00E+00  0.00E+00  0.00E+00
  61 2.64E-02  29123.7  2.69E-01  3.78E-01  0.00E+00  0.00E+00  0.00E+00
  62 3.48E-02  31444.6  2.77E-01  3.86E-01  0.00E+00  0.00E+00  0.00E+00
  63 4.58E-02  33973.6  2.83E-01  3.90E-01  0.00E+00  0.00E+00  0.00E+00
  64 6.02E-02  36724.5  2.85E-01  3.94E-01  0.00E+00  0.00E+00  0.00E+00
  65 7.96E-02  39712.9  2.80E-01  3.96E-01  0.00E+00  0.00E+00  0.00E+00
  66 1.07E-01  42956.1  2.68E-01  3.97E-01  0.00E+00  0.00E+00  0.00E+00
  67 1.46E-01  46473.5  2.51E-01  3.98E-01  0.00E+00  0.00E+00  0.00E+00
  68 2.05E-01  50286.3  2.32E-01  3.98E-01  0.00E+00  0.00E+00  0.00E+00
  69 2.96E-01  54417.8  2.16E-01  3.99E-01  0.00E+00  0.00E+00  0.00E+00
  70 4.35E-01  58893.2  2.05E-01  3.99E-01  0.00E+00  0.00E+00  0.00E+00

convective zone between depths (inclusive)  47  55


 CONVECTIVE FLUX: AT CONTMP, ITER= 5

 conout imod,iprin           1           2


  ID    DM        TEMP      DELTA  DELTA(AD)  CON/TOT  RAD/TOT  (C+R)/TOT


   1 6.66E-08  12167.9  0.00E+00  0.00E+00  0.00E+00  0.00E+00  0.00E+00
   2 9.11E-08  12167.9  2.08E-06  0.00E+00  0.00E+00  0.00E+00  0.00E+00
   3 1.24E-07  12167.9  2.20E-06  0.00E+00  0.00E+00  0.00E+00  0.00E+00
   4 1.67E-07  12167.9  2.37E-06  0.00E+00  0.00E+00  0.00E+00  0.00E+00
   5 2.24E-07  12167.9  2.61E-06  0.00E+00  0.00E+00  0.00E+00  0.00E+00
   6 2.97E-07  12167.9  2.96E-06  0.00E+00  0.00E+00  0.00E+00  0.00E+00
   7 3.91E-07  12167.9  3.43E-06  0.00E+00  0.00E+00  0.00E+00  0.00E+00
   8 5.09E-07  12167.9  4.08E-06  0.00E+00  0.00E+00  0.00E+00  0.00E+00
   9 6.57E-07  12168.0  4.97E-06  0.00E+00  0.00E+00  0.00E+00  0.00E+00
  10 8.40E-07  12168.0  6.20E-06  0.00E+00  0.00E+00  0.00E+00  0.00E+00
  11 1.06E-06  12168.0  7.89E-06  0.00E+00  0.00E+00  0.00E+00  0.00E+00
  12 1.34E-06  12168.0  1.02E-05  0.00E+00  0.00E+00  0.00E+00  0.00E+00
  13 1.66E-06  12168.0  1.33E-05  0.00E+00  0.00E+00  0.00E+00  0.00E+00
  14 2.05E-06  12168.1  1.75E-05  0.00E+00  0.00E+00  0.00E+00  0.00E+00
  15 2.52E-06  12168.1  2.32E-05  0.00E+00  0.00E+00  0.00E+00  0.00E+00
  16 3.07E-06  12168.2  3.10E-05  0.00E+00  0.00E+00  0.00E+00  0.00E+00
  17 3.72E-06  12168.2  4.14E-05  0.00E+00  0.00E+00  0.00E+00  0.00E+00
  18 4.49E-06  12168.4  5.55E-05  0.00E+00  0.00E+00  0.00E+00  0.00E+00
  19 5.39E-06  12168.5  7.43E-05  0.00E+00  0.00E+00  0.00E+00  0.00E+00
  20 6.46E-06  12168.7  9.96E-05  0.00E+00  0.00E+00  0.00E+00  0.00E+00
  21 7.72E-06  12169.0  1.33E-04  0.00E+00  0.00E+00  0.00E+00  0.00E+00
  22 9.19E-06  12169.3  1.79E-04  0.00E+00  0.00E+00  0.00E+00  0.00E+00
  23 1.09E-05  12169.8  2.39E-04  0.00E+00  0.00E+00  0.00E+00  0.00E+00
  24 1.30E-05  12170.4  3.19E-04  0.00E+00  0.00E+00  0.00E+00  0.00E+00
  25 1.54E-05  12171.3  4.24E-04  0.00E+00  0.00E+00  0.00E+00  0.00E+00
  26 1.82E-05  12172.4  5.64E-04  0.00E+00  0.00E+00  0.00E+00  0.00E+00
  27 2.16E-05  12173.9  7.49E-04  0.00E+00  0.00E+00  0.00E+00  0.00E+00
  28 2.55E-05  12175.9  9.92E-04  0.00E+00  0.00E+00  0.00E+00  0.00E+00
  29 3.02E-05  12178.5  1.31E-03  0.00E+00  0.00E+00  0.00E+00  0.00E+00
  30 3.58E-05  12182.0  1.73E-03  0.00E+00  0.00E+00  0.00E+00  0.00E+00
  31 4.24E-05  12186.7  2.27E-03  0.00E+00  0.00E+00  0.00E+00  0.00E+00
  32 5.03E-05  12192.8  2.97E-03  1.16E-01  0.00E+00  0.00E+00  0.00E+00
  33 5.97E-05  12200.8  3.88E-03  1.12E-01  0.00E+00  0.00E+00  0.00E+00
  34 7.10E-05  12211.4  5.05E-03  1.08E-01  0.00E+00  0.00E+00  0.00E+00
  35 8.46E-05  12225.3  6.55E-03  1.05E-01  0.00E+00  0.00E+00  0.00E+00
  36 1.01E-04  12243.6  8.47E-03  1.02E-01  0.00E+00  0.00E+00  0.00E+00
  37 1.21E-04  12267.4  1.09E-02  1.00E-01  0.00E+00  0.00E+00  0.00E+00
  38 1.45E-04  12298.5  1.40E-02  9.87E-02  0.00E+00  0.00E+00  0.00E+00
  39 1.74E-04  12338.9  1.78E-02  9.75E-02  0.00E+00  0.00E+00  0.00E+00
  40 2.10E-04  12391.2  2.27E-02  9.68E-02  0.00E+00  0.00E+00  0.00E+00
  41 2.54E-04  12458.6  2.87E-02  9.63E-02  0.00E+00  0.00E+00  0.00E+00
  42 3.08E-04  12545.1  3.62E-02  9.63E-02  0.00E+00  0.00E+00  0.00E+00
  43 3.73E-04  12655.6  4.54E-02  9.66E-02  0.00E+00  0.00E+00  0.00E+00
  44 4.54E-04  12796.0  5.68E-02  9.74E-02  0.00E+00  0.00E+00  0.00E+00
  45 5.52E-04  12973.1  7.05E-02  9.85E-02  0.00E+00  0.00E+00  0.00E+00
  46 6.71E-04  13195.1  8.68E-02  1.00E-01  0.00E+00  0.00E+00  0.00E+00
  47 8.16E-04  13471.5  1.06E-01  1.03E-01  3.65E-08  0.00E+00  3.65E-08
  48 9.93E-04  13812.6  1.27E-01  1.06E-01  4.76E-06  0.00E+00  4.76E-06
  49 1.21E-03  14229.8  1.50E-01  1.10E-01  1.42E-05  0.00E+00  1.42E-05
  50 1.48E-03  14735.2  1.73E-01  1.17E-01  1.66E-05  0.00E+00  1.66E-05
  51 1.83E-03  15341.3  1.93E-01  1.27E-01  1.05E-05  0.00E+00  1.05E-05
  52 2.27E-03  16059.8  2.09E-01  1.41E-01  3.91E-06  0.00E+00  3.91E-06
  53 2.87E-03  16902.3  2.20E-01  1.60E-01  8.63E-07  0.00E+00  8.63E-07
  54 3.67E-03  17878.7  2.27E-01  1.87E-01  9.31E-08  0.00E+00  9.31E-08
  55 4.77E-03  18998.2  2.31E-01  2.20E-01  9.28E-10  0.00E+00  9.28E-10
  56 6.29E-03  20270.5  2.35E-01  2.57E-01  0.00E+00  0.00E+00  0.00E+00
  57 8.37E-03  21700.2  2.39E-01  2.93E-01  0.00E+00  0.00E+00  0.00E+00
  58 1.12E-02  23293.3  2.45E-01  3.25E-01  0.00E+00  0.00E+00  0.00E+00
  59 1.49E-02  25055.8  2.52E-01  3.49E-01  0.00E+00  0.00E+00  0.00E+00
  60 1.99E-02  26995.2  2.60E-01  3.66E-01  0.00E+00  0.00E+00  0.00E+00
  61 2.64E-02  29120.1  2.69E-01  3.78E-01  0.00E+00  0.00E+00  0.00E+00
  62 3.48E-02  31441.1  2.77E-01  3.86E-01  0.00E+00  0.00E+00  0.00E+00
  63 4.58E-02  33970.1  2.83E-01  3.90E-01  0.00E+00  0.00E+00  0.00E+00
  64 6.02E-02  36721.0  2.85E-01  3.94E-01  0.00E+00  0.00E+00  0.00E+00
  65 7.96E-02  39709.3  2.80E-01  3.96E-01  0.00E+00  0.00E+00  0.00E+00
  66 1.07E-01  42952.6  2.68E-01  3.97E-01  0.00E+00  0.00E+00  0.00E+00
  67 1.46E-01  46470.0  2.51E-01  3.98E-01  0.00E+00  0.00E+00  0.00E+00
  68 2.05E-01  50282.8  2.32E-01  3.98E-01  0.00E+00  0.00E+00  0.00E+00
  69 2.96E-01  54414.2  2.16E-01  3.99E-01  0.00E+00  0.00E+00  0.00E+00
  70 4.35E-01  58889.7  2.05E-01  3.99E-01  0.00E+00  0.00E+00  0.00E+00

convective zone between depths (inclusive)  47  55


 CONVECTIVE FLUX: AT CONTMP, ITER= 6

 conout imod,iprin           1           2


  ID    DM        TEMP      DELTA  DELTA(AD)  CON/TOT  RAD/TOT  (C+R)/TOT


   1 6.66E-08  12167.9  0.00E+00  0.00E+00  0.00E+00  0.00E+00  0.00E+00
   2 9.11E-08  12167.9  2.08E-06  0.00E+00  0.00E+00  0.00E+00  0.00E+00
   3 1.24E-07  12167.9  2.20E-06  0.00E+00  0.00E+00  0.00E+00  0.00E+00
   4 1.67E-07  12167.9  2.37E-06  0.00E+00  0.00E+00  0.00E+00  0.00E+00
   5 2.24E-07  12167.9  2.62E-06  0.00E+00  0.00E+00  0.00E+00  0.00E+00
   6 2.97E-07  12167.9  2.96E-06  0.00E+00  0.00E+00  0.00E+00  0.00E+00
   7 3.91E-07  12167.9  3.43E-06  0.00E+00  0.00E+00  0.00E+00  0.00E+00
   8 5.09E-07  12167.9  4.08E-06  0.00E+00  0.00E+00  0.00E+00  0.00E+00
   9 6.57E-07  12168.0  4.98E-06  0.00E+00  0.00E+00  0.00E+00  0.00E+00
  10 8.40E-07  12168.0  6.21E-06  0.00E+00  0.00E+00  0.00E+00  0.00E+00
  11 1.06E-06  12168.0  7.88E-06  0.00E+00  0.00E+00  0.00E+00  0.00E+00
  12 1.33E-06  12168.0  1.02E-05  0.00E+00  0.00E+00  0.00E+00  0.00E+00
  13 1.66E-06  12168.0  1.33E-05  0.00E+00  0.00E+00  0.00E+00  0.00E+00
  14 2.05E-06  12168.1  1.75E-05  0.00E+00  0.00E+00  0.00E+00  0.00E+00
  15 2.52E-06  12168.1  2.32E-05  0.00E+00  0.00E+00  0.00E+00  0.00E+00
  16 3.07E-06  12168.2  3.10E-05  0.00E+00  0.00E+00  0.00E+00  0.00E+00
  17 3.72E-06  12168.2  4.14E-05  0.00E+00  0.00E+00  0.00E+00  0.00E+00
  18 4.49E-06  12168.4  5.55E-05  0.00E+00  0.00E+00  0.00E+00  0.00E+00
  19 5.40E-06  12168.5  7.43E-05  0.00E+00  0.00E+00  0.00E+00  0.00E+00
  20 6.46E-06  12168.7  9.96E-05  0.00E+00  0.00E+00  0.00E+00  0.00E+00
  21 7.72E-06  12169.0  1.33E-04  0.00E+00  0.00E+00  0.00E+00  0.00E+00
  22 9.20E-06  12169.3  1.79E-04  0.00E+00  0.00E+00  0.00E+00  0.00E+00
  23 1.09E-05  12169.8  2.39E-04  0.00E+00  0.00E+00  0.00E+00  0.00E+00
  24 1.30E-05  12170.4  3.19E-04  0.00E+00  0.00E+00  0.00E+00  0.00E+00
  25 1.54E-05  12171.3  4.24E-04  0.00E+00  0.00E+00  0.00E+00  0.00E+00
  26 1.82E-05  12172.4  5.64E-04  0.00E+00  0.00E+00  0.00E+00  0.00E+00
  27 2.16E-05  12173.9  7.49E-04  0.00E+00  0.00E+00  0.00E+00  0.00E+00
  28 2.56E-05  12175.9  9.92E-04  0.00E+00  0.00E+00  0.00E+00  0.00E+00
  29 3.02E-05  12178.5  1.31E-03  0.00E+00  0.00E+00  0.00E+00  0.00E+00
  30 3.58E-05  12182.0  1.73E-03  0.00E+00  0.00E+00  0.00E+00  0.00E+00
  31 4.24E-05  12186.7  2.27E-03  0.00E+00  0.00E+00  0.00E+00  0.00E+00
  32 5.03E-05  12192.8  2.97E-03  1.16E-01  0.00E+00  0.00E+00  0.00E+00
  33 5.98E-05  12200.8  3.88E-03  1.12E-01  0.00E+00  0.00E+00  0.00E+00
  34 7.11E-05  12211.4  5.05E-03  1.08E-01  0.00E+00  0.00E+00  0.00E+00
  35 8.47E-05  12225.3  6.55E-03  1.05E-01  0.00E+00  0.00E+00  0.00E+00
  36 1.01E-04  12243.6  8.47E-03  1.02E-01  0.00E+00  0.00E+00  0.00E+00
  37 1.21E-04  12267.4  1.09E-02  1.00E-01  0.00E+00  0.00E+00  0.00E+00
  38 1.45E-04  12298.5  1.40E-02  9.87E-02  0.00E+00  0.00E+00  0.00E+00
  39 1.74E-04  12338.9  1.78E-02  9.75E-02  0.00E+00  0.00E+00  0.00E+00
  40 2.10E-04  12391.2  2.27E-02  9.68E-02  0.00E+00  0.00E+00  0.00E+00
  41 2.54E-04  12458.6  2.87E-02  9.64E-02  0.00E+00  0.00E+00  0.00E+00
  42 3.08E-04  12545.1  3.62E-02  9.63E-02  0.00E+00  0.00E+00  0.00E+00
  43 3.73E-04  12655.6  4.54E-02  9.66E-02  0.00E+00  0.00E+00  0.00E+00
  44 4.54E-04  12796.0  5.68E-02  9.74E-02  0.00E+00  0.00E+00  0.00E+00
  45 5.51E-04  12973.1  7.05E-02  9.85E-02  0.00E+00  0.00E+00  0.00E+00
  46 6.70E-04  13195.1  8.68E-02  1.00E-01  0.00E+00  0.00E+00  0.00E+00
  47 8.16E-04  13471.5  1.06E-01  1.03E-01  3.64E-08  0.00E+00  3.64E-08
  48 9.93E-04  13812.6  1.27E-01  1.06E-01  4.75E-06  0.00E+00  4.75E-06
  49 1.21E-03  14229.8  1.50E-01  1.10E-01  1.42E-05  0.00E+00  1.42E-05
  50 1.48E-03  14735.3  1.73E-01  1.17E-01  1.66E-05  0.00E+00  1.66E-05
  51 1.82E-03  15341.4  1.93E-01  1.27E-01  1.05E-05  0.00E+00  1.05E-05
  52 2.27E-03  16059.9  2.09E-01  1.41E-01  3.90E-06  0.00E+00  3.90E-06
  53 2.87E-03  16902.4  2.20E-01  1.60E-01  8.61E-07  0.00E+00  8.61E-07
  54 3.67E-03  17878.8  2.27E-01  1.87E-01  9.28E-08  0.00E+00  9.28E-08
  55 4.77E-03  18998.3  2.31E-01  2.20E-01  9.22E-10  0.00E+00  9.22E-10
  56 6.29E-03  20270.6  2.35E-01  2.57E-01  0.00E+00  0.00E+00  0.00E+00
  57 8.37E-03  21700.3  2.39E-01  2.93E-01  0.00E+00  0.00E+00  0.00E+00
  58 1.12E-02  23293.4  2.45E-01  3.25E-01  0.00E+00  0.00E+00  0.00E+00
  59 1.49E-02  25055.9  2.52E-01  3.49E-01  0.00E+00  0.00E+00  0.00E+00
  60 1.99E-02  26995.3  2.60E-01  3.66E-01  0.00E+00  0.00E+00  0.00E+00
  61 2.64E-02  29120.2  2.69E-01  3.78E-01  0.00E+00  0.00E+00  0.00E+00
  62 3.48E-02  31441.2  2.77E-01  3.86E-01  0.00E+00  0.00E+00  0.00E+00
  63 4.58E-02  33970.2  2.83E-01  3.90E-01  0.00E+00  0.00E+00  0.00E+00
  64 6.02E-02  36721.1  2.85E-01  3.94E-01  0.00E+00  0.00E+00  0.00E+00
  65 7.96E-02  39709.4  2.80E-01  3.96E-01  0.00E+00  0.00E+00  0.00E+00
  66 1.07E-01  42952.7  2.68E-01  3.97E-01  0.00E+00  0.00E+00  0.00E+00
  67 1.46E-01  46470.1  2.51E-01  3.98E-01  0.00E+00  0.00E+00  0.00E+00
  68 2.05E-01  50282.9  2.32E-01  3.98E-01  0.00E+00  0.00E+00  0.00E+00
  69 2.96E-01  54414.3  2.16E-01  3.99E-01  0.00E+00  0.00E+00  0.00E+00
  70 4.35E-01  58889.8  2.05E-01  3.99E-01  0.00E+00  0.00E+00  0.00E+00

convective zone between depths (inclusive)  47  55


 CONVECTIVE FLUX: AT CONTMP, ITER= 7

 conout imod,iprin           1           2


  ID    DM        TEMP      DELTA  DELTA(AD)  CON/TOT  RAD/TOT  (C+R)/TOT


   1 6.66E-08  12167.9  0.00E+00  0.00E+00  0.00E+00  0.00E+00  0.00E+00
   2 9.11E-08  12167.9  2.08E-06  0.00E+00  0.00E+00  0.00E+00  0.00E+00
   3 1.24E-07  12167.9  2.20E-06  0.00E+00  0.00E+00  0.00E+00  0.00E+00
   4 1.67E-07  12167.9  2.37E-06  0.00E+00  0.00E+00  0.00E+00  0.00E+00
   5 2.24E-07  12167.9  2.61E-06  0.00E+00  0.00E+00  0.00E+00  0.00E+00
   6 2.97E-07  12167.9  2.96E-06  0.00E+00  0.00E+00  0.00E+00  0.00E+00
   7 3.91E-07  12167.9  3.43E-06  0.00E+00  0.00E+00  0.00E+00  0.00E+00
   8 5.09E-07  12167.9  4.08E-06  0.00E+00  0.00E+00  0.00E+00  0.00E+00
   9 6.57E-07  12168.0  4.98E-06  0.00E+00  0.00E+00  0.00E+00  0.00E+00
  10 8.40E-07  12168.0  6.20E-06  0.00E+00  0.00E+00  0.00E+00  0.00E+00
  11 1.06E-06  12168.0  7.88E-06  0.00E+00  0.00E+00  0.00E+00  0.00E+00
  12 1.34E-06  12168.0  1.02E-05  0.00E+00  0.00E+00  0.00E+00  0.00E+00
  13 1.66E-06  12168.0  1.33E-05  0.00E+00  0.00E+00  0.00E+00  0.00E+00
  14 2.05E-06  12168.1  1.75E-05  0.00E+00  0.00E+00  0.00E+00  0.00E+00
  15 2.52E-06  12168.1  2.32E-05  0.00E+00  0.00E+00  0.00E+00  0.00E+00
  16 3.07E-06  12168.2  3.10E-05  0.00E+00  0.00E+00  0.00E+00  0.00E+00
  17 3.72E-06  12168.2  4.14E-05  0.00E+00  0.00E+00  0.00E+00  0.00E+00
  18 4.49E-06  12168.4  5.55E-05  0.00E+00  0.00E+00  0.00E+00  0.00E+00
  19 5.40E-06  12168.5  7.43E-05  0.00E+00  0.00E+00  0.00E+00  0.00E+00
  20 6.46E-06  12168.7  9.96E-05  0.00E+00  0.00E+00  0.00E+00  0.00E+00
  21 7.72E-06  12169.0  1.33E-04  0.00E+00  0.00E+00  0.00E+00  0.00E+00
  22 9.20E-06  12169.3  1.79E-04  0.00E+00  0.00E+00  0.00E+00  0.00E+00
  23 1.09E-05  12169.8  2.39E-04  0.00E+00  0.00E+00  0.00E+00  0.00E+00
  24 1.30E-05  12170.4  3.19E-04  0.00E+00  0.00E+00  0.00E+00  0.00E+00
  25 1.54E-05  12171.3  4.24E-04  0.00E+00  0.00E+00  0.00E+00  0.00E+00
  26 1.82E-05  12172.4  5.64E-04  0.00E+00  0.00E+00  0.00E+00  0.00E+00
  27 2.16E-05  12173.9  7.49E-04  0.00E+00  0.00E+00  0.00E+00  0.00E+00
  28 2.55E-05  12175.9  9.92E-04  0.00E+00  0.00E+00  0.00E+00  0.00E+00
  29 3.02E-05  12178.5  1.31E-03  0.00E+00  0.00E+00  0.00E+00  0.00E+00
  30 3.58E-05  12182.0  1.73E-03  0.00E+00  0.00E+00  0.00E+00  0.00E+00
  31 4.24E-05  12186.7  2.27E-03  0.00E+00  0.00E+00  0.00E+00  0.00E+00
  32 5.03E-05  12192.8  2.97E-03  1.16E-01  0.00E+00  0.00E+00  0.00E+00
  33 5.97E-05  12200.8  3.88E-03  1.12E-01  0.00E+00  0.00E+00  0.00E+00
  34 7.10E-05  12211.4  5.05E-03  1.08E-01  0.00E+00  0.00E+00  0.00E+00
  35 8.46E-05  12225.3  6.55E-03  1.05E-01  0.00E+00  0.00E+00  0.00E+00
  36 1.01E-04  12243.6  8.47E-03  1.02E-01  0.00E+00  0.00E+00  0.00E+00
  37 1.21E-04  12267.4  1.09E-02  1.00E-01  0.00E+00  0.00E+00  0.00E+00
  38 1.45E-04  12298.5  1.40E-02  9.87E-02  0.00E+00  0.00E+00  0.00E+00
  39 1.74E-04  12338.9  1.78E-02  9.75E-02  0.00E+00  0.00E+00  0.00E+00
  40 2.10E-04  12391.2  2.27E-02  9.68E-02  0.00E+00  0.00E+00  0.00E+00
  41 2.54E-04  12458.6  2.87E-02  9.64E-02  0.00E+00  0.00E+00  0.00E+00
  42 3.08E-04  12545.1  3.62E-02  9.63E-02  0.00E+00  0.00E+00  0.00E+00
  43 3.73E-04  12655.6  4.54E-02  9.66E-02  0.00E+00  0.00E+00  0.00E+00
  44 4.54E-04  12796.0  5.68E-02  9.74E-02  0.00E+00  0.00E+00  0.00E+00
  45 5.51E-04  12973.1  7.05E-02  9.85E-02  0.00E+00  0.00E+00  0.00E+00
  46 6.71E-04  13195.1  8.68E-02  1.00E-01  0.00E+00  0.00E+00  0.00E+00
  47 8.16E-04  13471.6  1.06E-01  1.03E-01  3.64E-08  0.00E+00  3.64E-08
  48 9.93E-04  13812.7  1.27E-01  1.06E-01  4.75E-06  0.00E+00  4.75E-06
  49 1.21E-03  14229.9  1.50E-01  1.10E-01  1.42E-05  0.00E+00  1.42E-05
  50 1.48E-03  14735.4  1.73E-01  1.17E-01  1.66E-05  0.00E+00  1.66E-05
  51 1.83E-03  15341.5  1.93E-01  1.27E-01  1.05E-05  0.00E+00  1.05E-05
  52 2.27E-03  16060.1  2.09E-01  1.41E-01  3.90E-06  0.00E+00  3.90E-06
  53 2.87E-03  16902.6  2.20E-01  1.60E-01  8.62E-07  0.00E+00  8.62E-07
  54 3.67E-03  17879.1  2.27E-01  1.87E-01  9.28E-08  0.00E+00  9.28E-08
  55 4.77E-03  18998.7  2.31E-01  2.20E-01  9.21E-10  0.00E+00  9.21E-10
  56 6.29E-03  20270.9  2.35E-01  2.57E-01  0.00E+00  0.00E+00  0.00E+00
  57 8.37E-03  21700.7  2.39E-01  2.93E-01  0.00E+00  0.00E+00  0.00E+00
  58 1.12E-02  23293.7  2.45E-01  3.25E-01  0.00E+00  0.00E+00  0.00E+00
  59 1.49E-02  25056.3  2.52E-01  3.49E-01  0.00E+00  0.00E+00  0.00E+00
  60 1.99E-02  26995.7  2.60E-01  3.66E-01  0.00E+00  0.00E+00  0.00E+00
  61 2.64E-02  29120.6  2.69E-01  3.78E-01  0.00E+00  0.00E+00  0.00E+00
  62 3.48E-02  31441.5  2.77E-01  3.86E-01  0.00E+00  0.00E+00  0.00E+00
  63 4.58E-02  33970.6  2.83E-01  3.90E-01  0.00E+00  0.00E+00  0.00E+00
  64 6.02E-02  36721.4  2.85E-01  3.94E-01  0.00E+00  0.00E+00  0.00E+00
  65 7.96E-02  39709.8  2.80E-01  3.96E-01  0.00E+00  0.00E+00  0.00E+00
  66 1.07E-01  42953.1  2.68E-01  3.97E-01  0.00E+00  0.00E+00  0.00E+00
  67 1.46E-01  46470.5  2.51E-01  3.98E-01  0.00E+00  0.00E+00  0.00E+00
  68 2.05E-01  50283.3  2.32E-01  3.98E-01  0.00E+00  0.00E+00  0.00E+00
  69 2.96E-01  54414.7  2.16E-01  3.99E-01  0.00E+00  0.00E+00  0.00E+00
  70 4.35E-01  58890.2  2.05E-01  3.99E-01  0.00E+00  0.00E+00  0.00E+00

convective zone between depths (inclusive)  47  55


 CONVECTIVE FLUX: AT CONTMP, ITER= 8

 conout imod,iprin           1           2


  ID    DM        TEMP      DELTA  DELTA(AD)  CON/TOT  RAD/TOT  (C+R)/TOT


   1 6.66E-08  12167.9  0.00E+00  0.00E+00  0.00E+00  0.00E+00  0.00E+00
   2 9.11E-08  12167.9  2.08E-06  0.00E+00  0.00E+00  0.00E+00  0.00E+00
   3 1.24E-07  12167.9  2.20E-06  0.00E+00  0.00E+00  0.00E+00  0.00E+00
   4 1.67E-07  12167.9  2.37E-06  0.00E+00  0.00E+00  0.00E+00  0.00E+00
   5 2.24E-07  12167.9  2.61E-06  0.00E+00  0.00E+00  0.00E+00  0.00E+00
   6 2.97E-07  12167.9  2.96E-06  0.00E+00  0.00E+00  0.00E+00  0.00E+00
   7 3.91E-07  12167.9  3.43E-06  0.00E+00  0.00E+00  0.00E+00  0.00E+00
   8 5.09E-07  12167.9  4.08E-06  0.00E+00  0.00E+00  0.00E+00  0.00E+00
   9 6.57E-07  12168.0  4.98E-06  0.00E+00  0.00E+00  0.00E+00  0.00E+00
  10 8.40E-07  12168.0  6.20E-06  0.00E+00  0.00E+00  0.00E+00  0.00E+00
  11 1.06E-06  12168.0  7.88E-06  0.00E+00  0.00E+00  0.00E+00  0.00E+00
  12 1.33E-06  12168.0  1.02E-05  0.00E+00  0.00E+00  0.00E+00  0.00E+00
  13 1.66E-06  12168.0  1.33E-05  0.00E+00  0.00E+00  0.00E+00  0.00E+00
  14 2.05E-06  12168.1  1.75E-05  0.00E+00  0.00E+00  0.00E+00  0.00E+00
  15 2.52E-06  12168.1  2.32E-05  0.00E+00  0.00E+00  0.00E+00  0.00E+00
  16 3.07E-06  12168.2  3.10E-05  0.00E+00  0.00E+00  0.00E+00  0.00E+00
  17 3.72E-06  12168.2  4.14E-05  0.00E+00  0.00E+00  0.00E+00  0.00E+00
  18 4.49E-06  12168.4  5.55E-05  0.00E+00  0.00E+00  0.00E+00  0.00E+00
  19 5.40E-06  12168.5  7.43E-05  0.00E+00  0.00E+00  0.00E+00  0.00E+00
  20 6.46E-06  12168.7  9.96E-05  0.00E+00  0.00E+00  0.00E+00  0.00E+00
  21 7.72E-06  12169.0  1.33E-04  0.00E+00  0.00E+00  0.00E+00  0.00E+00
  22 9.20E-06  12169.3  1.79E-04  0.00E+00  0.00E+00  0.00E+00  0.00E+00
  23 1.09E-05  12169.8  2.39E-04  0.00E+00  0.00E+00  0.00E+00  0.00E+00
  24 1.30E-05  12170.4  3.19E-04  0.00E+00  0.00E+00  0.00E+00  0.00E+00
  25 1.54E-05  12171.3  4.24E-04  0.00E+00  0.00E+00  0.00E+00  0.00E+00
  26 1.82E-05  12172.4  5.64E-04  0.00E+00  0.00E+00  0.00E+00  0.00E+00
  27 2.16E-05  12173.9  7.49E-04  0.00E+00  0.00E+00  0.00E+00  0.00E+00
  28 2.56E-05  12175.9  9.92E-04  0.00E+00  0.00E+00  0.00E+00  0.00E+00
  29 3.02E-05  12178.5  1.31E-03  0.00E+00  0.00E+00  0.00E+00  0.00E+00
  30 3.58E-05  12182.0  1.73E-03  0.00E+00  0.00E+00  0.00E+00  0.00E+00
  31 4.24E-05  12186.7  2.27E-03  0.00E+00  0.00E+00  0.00E+00  0.00E+00
  32 5.03E-05  12192.8  2.97E-03  1.16E-01  0.00E+00  0.00E+00  0.00E+00
  33 5.97E-05  12200.8  3.88E-03  1.12E-01  0.00E+00  0.00E+00  0.00E+00
  34 7.11E-05  12211.4  5.05E-03  1.08E-01  0.00E+00  0.00E+00  0.00E+00
  35 8.46E-05  12225.3  6.55E-03  1.05E-01  0.00E+00  0.00E+00  0.00E+00
  36 1.01E-04  12243.6  8.47E-03  1.02E-01  0.00E+00  0.00E+00  0.00E+00
  37 1.21E-04  12267.4  1.09E-02  1.00E-01  0.00E+00  0.00E+00  0.00E+00
  38 1.45E-04  12298.5  1.40E-02  9.87E-02  0.00E+00  0.00E+00  0.00E+00
  39 1.74E-04  12338.9  1.78E-02  9.75E-02  0.00E+00  0.00E+00  0.00E+00
  40 2.10E-04  12391.2  2.27E-02  9.68E-02  0.00E+00  0.00E+00  0.00E+00
  41 2.54E-04  12458.6  2.87E-02  9.64E-02  0.00E+00  0.00E+00  0.00E+00
  42 3.08E-04  12545.1  3.62E-02  9.63E-02  0.00E+00  0.00E+00  0.00E+00
  43 3.73E-04  12655.6  4.54E-02  9.66E-02  0.00E+00  0.00E+00  0.00E+00
  44 4.54E-04  12796.0  5.68E-02  9.74E-02  0.00E+00  0.00E+00  0.00E+00
  45 5.51E-04  12973.1  7.05E-02  9.85E-02  0.00E+00  0.00E+00  0.00E+00
  46 6.71E-04  13195.1  8.68E-02  1.00E-01  0.00E+00  0.00E+00  0.00E+00
  47 8.16E-04  13471.5  1.06E-01  1.03E-01  3.64E-08  0.00E+00  3.64E-08
  48 9.93E-04  13812.6  1.27E-01  1.06E-01  4.75E-06  0.00E+00  4.75E-06
  49 1.21E-03  14229.8  1.50E-01  1.10E-01  1.42E-05  0.00E+00  1.42E-05
  50 1.48E-03  14735.3  1.73E-01  1.17E-01  1.66E-05  0.00E+00  1.66E-05
  51 1.82E-03  15341.4  1.93E-01  1.27E-01  1.05E-05  0.00E+00  1.05E-05
  52 2.27E-03  16059.9  2.09E-01  1.41E-01  3.90E-06  0.00E+00  3.90E-06
  53 2.87E-03  16902.4  2.20E-01  1.60E-01  8.62E-07  0.00E+00  8.62E-07
  54 3.67E-03  17878.9  2.27E-01  1.87E-01  9.29E-08  0.00E+00  9.29E-08
  55 4.77E-03  18998.4  2.31E-01  2.20E-01  9.23E-10  0.00E+00  9.23E-10
  56 6.29E-03  20270.6  2.35E-01  2.57E-01  0.00E+00  0.00E+00  0.00E+00
  57 8.37E-03  21700.4  2.39E-01  2.93E-01  0.00E+00  0.00E+00  0.00E+00
  58 1.12E-02  23293.4  2.45E-01  3.25E-01  0.00E+00  0.00E+00  0.00E+00
  59 1.49E-02  25056.0  2.52E-01  3.49E-01  0.00E+00  0.00E+00  0.00E+00
  60 1.99E-02  26995.3  2.60E-01  3.66E-01  0.00E+00  0.00E+00  0.00E+00
  61 2.64E-02  29120.3  2.69E-01  3.78E-01  0.00E+00  0.00E+00  0.00E+00
  62 3.48E-02  31441.2  2.77E-01  3.86E-01  0.00E+00  0.00E+00  0.00E+00
  63 4.58E-02  33970.3  2.83E-01  3.90E-01  0.00E+00  0.00E+00  0.00E+00
  64 6.02E-02  36721.1  2.85E-01  3.94E-01  0.00E+00  0.00E+00  0.00E+00
  65 7.96E-02  39709.5  2.80E-01  3.96E-01  0.00E+00  0.00E+00  0.00E+00
  66 1.07E-01  42952.8  2.68E-01  3.97E-01  0.00E+00  0.00E+00  0.00E+00
  67 1.46E-01  46470.2  2.51E-01  3.98E-01  0.00E+00  0.00E+00  0.00E+00
  68 2.05E-01  50283.0  2.32E-01  3.98E-01  0.00E+00  0.00E+00  0.00E+00
  69 2.96E-01  54414.4  2.16E-01  3.99E-01  0.00E+00  0.00E+00  0.00E+00
  70 4.35E-01  58889.9  2.05E-01  3.99E-01  0.00E+00  0.00E+00  0.00E+00

convective zone between depths (inclusive)  47  55


 CONVECTIVE FLUX: AT CONTMP, ITER= 9

 conout imod,iprin           1           2


  ID    DM        TEMP      DELTA  DELTA(AD)  CON/TOT  RAD/TOT  (C+R)/TOT


   1 6.66E-08  12167.9  0.00E+00  0.00E+00  0.00E+00  0.00E+00  0.00E+00
   2 9.11E-08  12167.9  2.08E-06  0.00E+00  0.00E+00  0.00E+00  0.00E+00
   3 1.24E-07  12167.9  2.20E-06  0.00E+00  0.00E+00  0.00E+00  0.00E+00
   4 1.67E-07  12167.9  2.37E-06  0.00E+00  0.00E+00  0.00E+00  0.00E+00
   5 2.24E-07  12167.9  2.61E-06  0.00E+00  0.00E+00  0.00E+00  0.00E+00
   6 2.97E-07  12167.9  2.96E-06  0.00E+00  0.00E+00  0.00E+00  0.00E+00
   7 3.91E-07  12167.9  3.43E-06  0.00E+00  0.00E+00  0.00E+00  0.00E+00
   8 5.09E-07  12167.9  4.08E-06  0.00E+00  0.00E+00  0.00E+00  0.00E+00
   9 6.57E-07  12168.0  4.98E-06  0.00E+00  0.00E+00  0.00E+00  0.00E+00
  10 8.40E-07  12168.0  6.20E-06  0.00E+00  0.00E+00  0.00E+00  0.00E+00
  11 1.06E-06  12168.0  7.88E-06  0.00E+00  0.00E+00  0.00E+00  0.00E+00
  12 1.33E-06  12168.0  1.02E-05  0.00E+00  0.00E+00  0.00E+00  0.00E+00
  13 1.66E-06  12168.0  1.33E-05  0.00E+00  0.00E+00  0.00E+00  0.00E+00
  14 2.05E-06  12168.1  1.75E-05  0.00E+00  0.00E+00  0.00E+00  0.00E+00
  15 2.52E-06  12168.1  2.32E-05  0.00E+00  0.00E+00  0.00E+00  0.00E+00
  16 3.07E-06  12168.2  3.10E-05  0.00E+00  0.00E+00  0.00E+00  0.00E+00
  17 3.72E-06  12168.2  4.14E-05  0.00E+00  0.00E+00  0.00E+00  0.00E+00
  18 4.49E-06  12168.4  5.55E-05  0.00E+00  0.00E+00  0.00E+00  0.00E+00
  19 5.40E-06  12168.5  7.43E-05  0.00E+00  0.00E+00  0.00E+00  0.00E+00
  20 6.46E-06  12168.7  9.96E-05  0.00E+00  0.00E+00  0.00E+00  0.00E+00
  21 7.72E-06  12169.0  1.33E-04  0.00E+00  0.00E+00  0.00E+00  0.00E+00
  22 9.20E-06  12169.3  1.79E-04  0.00E+00  0.00E+00  0.00E+00  0.00E+00
  23 1.09E-05  12169.8  2.39E-04  0.00E+00  0.00E+00  0.00E+00  0.00E+00
  24 1.30E-05  12170.4  3.19E-04  0.00E+00  0.00E+00  0.00E+00  0.00E+00
  25 1.54E-05  12171.3  4.24E-04  0.00E+00  0.00E+00  0.00E+00  0.00E+00
  26 1.82E-05  12172.4  5.64E-04  0.00E+00  0.00E+00  0.00E+00  0.00E+00
  27 2.16E-05  12173.9  7.49E-04  0.00E+00  0.00E+00  0.00E+00  0.00E+00
  28 2.56E-05  12175.9  9.92E-04  0.00E+00  0.00E+00  0.00E+00  0.00E+00
  29 3.02E-05  12178.5  1.31E-03  0.00E+00  0.00E+00  0.00E+00  0.00E+00
  30 3.58E-05  12182.0  1.73E-03  0.00E+00  0.00E+00  0.00E+00  0.00E+00
  31 4.24E-05  12186.7  2.27E-03  0.00E+00  0.00E+00  0.00E+00  0.00E+00
  32 5.03E-05  12192.8  2.97E-03  1.16E-01  0.00E+00  0.00E+00  0.00E+00
  33 5.97E-05  12200.8  3.88E-03  1.12E-01  0.00E+00  0.00E+00  0.00E+00
  34 7.10E-05  12211.4  5.05E-03  1.08E-01  0.00E+00  0.00E+00  0.00E+00
  35 8.46E-05  12225.3  6.55E-03  1.05E-01  0.00E+00  0.00E+00  0.00E+00
  36 1.01E-04  12243.6  8.47E-03  1.02E-01  0.00E+00  0.00E+00  0.00E+00
  37 1.21E-04  12267.4  1.09E-02  1.00E-01  0.00E+00  0.00E+00  0.00E+00
  38 1.45E-04  12298.5  1.40E-02  9.87E-02  0.00E+00  0.00E+00  0.00E+00
  39 1.74E-04  12338.9  1.78E-02  9.75E-02  0.00E+00  0.00E+00  0.00E+00
  40 2.10E-04  12391.2  2.27E-02  9.68E-02  0.00E+00  0.00E+00  0.00E+00
  41 2.54E-04  12458.6  2.87E-02  9.64E-02  0.00E+00  0.00E+00  0.00E+00
  42 3.08E-04  12545.1  3.62E-02  9.63E-02  0.00E+00  0.00E+00  0.00E+00
  43 3.73E-04  12655.6  4.54E-02  9.66E-02  0.00E+00  0.00E+00  0.00E+00
  44 4.54E-04  12796.0  5.68E-02  9.74E-02  0.00E+00  0.00E+00  0.00E+00
  45 5.51E-04  12973.1  7.05E-02  9.85E-02  0.00E+00  0.00E+00  0.00E+00
  46 6.71E-04  13195.1  8.68E-02  1.00E-01  0.00E+00  0.00E+00  0.00E+00
  47 8.16E-04  13471.5  1.06E-01  1.03E-01  3.64E-08  0.00E+00  3.64E-08
  48 9.93E-04  13812.6  1.27E-01  1.06E-01  4.75E-06  0.00E+00  4.75E-06
  49 1.21E-03  14229.9  1.50E-01  1.10E-01  1.42E-05  0.00E+00  1.42E-05
  50 1.48E-03  14735.3  1.73E-01  1.17E-01  1.66E-05  0.00E+00  1.66E-05
  51 1.82E-03  15341.4  1.93E-01  1.27E-01  1.05E-05  0.00E+00  1.05E-05
  52 2.27E-03  16060.0  2.09E-01  1.41E-01  3.90E-06  0.00E+00  3.90E-06
  53 2.87E-03  16902.5  2.20E-01  1.60E-01  8.61E-07  0.00E+00  8.61E-07
  54 3.67E-03  17879.0  2.27E-01  1.87E-01  9.28E-08  0.00E+00  9.28E-08
  55 4.77E-03  18998.5  2.31E-01  2.20E-01  9.22E-10  0.00E+00  9.22E-10
  56 6.29E-03  20270.8  2.35E-01  2.57E-01  0.00E+00  0.00E+00  0.00E+00
  57 8.37E-03  21700.5  2.39E-01  2.93E-01  0.00E+00  0.00E+00  0.00E+00
  58 1.12E-02  23293.6  2.45E-01  3.25E-01  0.00E+00  0.00E+00  0.00E+00
  59 1.49E-02  25056.1  2.52E-01  3.49E-01  0.00E+00  0.00E+00  0.00E+00
  60 1.99E-02  26995.5  2.60E-01  3.66E-01  0.00E+00  0.00E+00  0.00E+00
  61 2.64E-02  29120.4  2.69E-01  3.78E-01  0.00E+00  0.00E+00  0.00E+00
  62 3.48E-02  31441.4  2.77E-01  3.86E-01  0.00E+00  0.00E+00  0.00E+00
  63 4.58E-02  33970.4  2.83E-01  3.90E-01  0.00E+00  0.00E+00  0.00E+00
  64 6.02E-02  36721.3  2.85E-01  3.94E-01  0.00E+00  0.00E+00  0.00E+00
  65 7.96E-02  39709.6  2.80E-01  3.96E-01  0.00E+00  0.00E+00  0.00E+00
  66 1.07E-01  42952.9  2.68E-01  3.97E-01  0.00E+00  0.00E+00  0.00E+00
  67 1.46E-01  46470.3  2.51E-01  3.98E-01  0.00E+00  0.00E+00  0.00E+00
  68 2.05E-01  50283.1  2.32E-01  3.98E-01  0.00E+00  0.00E+00  0.00E+00
  69 2.96E-01  54414.5  2.16E-01  3.99E-01  0.00E+00  0.00E+00  0.00E+00
  70 4.35E-01  58890.0  2.05E-01  3.99E-01  0.00E+00  0.00E+00  0.00E+00

convective zone between depths (inclusive)  47  55


 CONVECTIVE FLUX: AT CONTMP, ITER=10

 conout imod,iprin           1           2


  ID    DM        TEMP      DELTA  DELTA(AD)  CON/TOT  RAD/TOT  (C+R)/TOT


   1 6.66E-08  12167.9  0.00E+00  0.00E+00  0.00E+00  0.00E+00  0.00E+00
   2 9.11E-08  12167.9  2.08E-06  0.00E+00  0.00E+00  0.00E+00  0.00E+00
   3 1.24E-07  12167.9  2.20E-06  0.00E+00  0.00E+00  0.00E+00  0.00E+00
   4 1.67E-07  12167.9  2.37E-06  0.00E+00  0.00E+00  0.00E+00  0.00E+00
   5 2.24E-07  12167.9  2.61E-06  0.00E+00  0.00E+00  0.00E+00  0.00E+00
   6 2.97E-07  12167.9  2.96E-06  0.00E+00  0.00E+00  0.00E+00  0.00E+00
   7 3.91E-07  12167.9  3.43E-06  0.00E+00  0.00E+00  0.00E+00  0.00E+00
   8 5.09E-07  12167.9  4.08E-06  0.00E+00  0.00E+00  0.00E+00  0.00E+00
   9 6.57E-07  12168.0  4.98E-06  0.00E+00  0.00E+00  0.00E+00  0.00E+00
  10 8.40E-07  12168.0  6.20E-06  0.00E+00  0.00E+00  0.00E+00  0.00E+00
  11 1.06E-06  12168.0  7.88E-06  0.00E+00  0.00E+00  0.00E+00  0.00E+00
  12 1.33E-06  12168.0  1.02E-05  0.00E+00  0.00E+00  0.00E+00  0.00E+00
  13 1.66E-06  12168.0  1.33E-05  0.00E+00  0.00E+00  0.00E+00  0.00E+00
  14 2.05E-06  12168.1  1.75E-05  0.00E+00  0.00E+00  0.00E+00  0.00E+00
  15 2.52E-06  12168.1  2.32E-05  0.00E+00  0.00E+00  0.00E+00  0.00E+00
  16 3.07E-06  12168.2  3.10E-05  0.00E+00  0.00E+00  0.00E+00  0.00E+00
  17 3.72E-06  12168.2  4.14E-05  0.00E+00  0.00E+00  0.00E+00  0.00E+00
  18 4.49E-06  12168.4  5.55E-05  0.00E+00  0.00E+00  0.00E+00  0.00E+00
  19 5.40E-06  12168.5  7.43E-05  0.00E+00  0.00E+00  0.00E+00  0.00E+00
  20 6.46E-06  12168.7  9.96E-05  0.00E+00  0.00E+00  0.00E+00  0.00E+00
  21 7.72E-06  12169.0  1.33E-04  0.00E+00  0.00E+00  0.00E+00  0.00E+00
  22 9.20E-06  12169.3  1.79E-04  0.00E+00  0.00E+00  0.00E+00  0.00E+00
  23 1.09E-05  12169.8  2.39E-04  0.00E+00  0.00E+00  0.00E+00  0.00E+00
  24 1.30E-05  12170.4  3.19E-04  0.00E+00  0.00E+00  0.00E+00  0.00E+00
  25 1.54E-05  12171.3  4.24E-04  0.00E+00  0.00E+00  0.00E+00  0.00E+00
  26 1.82E-05  12172.4  5.64E-04  0.00E+00  0.00E+00  0.00E+00  0.00E+00
  27 2.16E-05  12173.9  7.49E-04  0.00E+00  0.00E+00  0.00E+00  0.00E+00
  28 2.56E-05  12175.9  9.92E-04  0.00E+00  0.00E+00  0.00E+00  0.00E+00
  29 3.02E-05  12178.5  1.31E-03  0.00E+00  0.00E+00  0.00E+00  0.00E+00
  30 3.58E-05  12182.0  1.73E-03  0.00E+00  0.00E+00  0.00E+00  0.00E+00
  31 4.24E-05  12186.7  2.27E-03  0.00E+00  0.00E+00  0.00E+00  0.00E+00
  32 5.03E-05  12192.8  2.97E-03  1.16E-01  0.00E+00  0.00E+00  0.00E+00
  33 5.97E-05  12200.8  3.88E-03  1.12E-01  0.00E+00  0.00E+00  0.00E+00
  34 7.11E-05  12211.4  5.05E-03  1.08E-01  0.00E+00  0.00E+00  0.00E+00
  35 8.46E-05  12225.3  6.55E-03  1.05E-01  0.00E+00  0.00E+00  0.00E+00
  36 1.01E-04  12243.6  8.47E-03  1.02E-01  0.00E+00  0.00E+00  0.00E+00
  37 1.21E-04  12267.4  1.09E-02  1.00E-01  0.00E+00  0.00E+00  0.00E+00
  38 1.45E-04  12298.5  1.40E-02  9.87E-02  0.00E+00  0.00E+00  0.00E+00
  39 1.74E-04  12338.9  1.78E-02  9.75E-02  0.00E+00  0.00E+00  0.00E+00
  40 2.10E-04  12391.2  2.27E-02  9.68E-02  0.00E+00  0.00E+00  0.00E+00
  41 2.54E-04  12458.6  2.87E-02  9.64E-02  0.00E+00  0.00E+00  0.00E+00
  42 3.08E-04  12545.1  3.62E-02  9.63E-02  0.00E+00  0.00E+00  0.00E+00
  43 3.73E-04  12655.6  4.54E-02  9.66E-02  0.00E+00  0.00E+00  0.00E+00
  44 4.54E-04  12796.0  5.68E-02  9.74E-02  0.00E+00  0.00E+00  0.00E+00
  45 5.51E-04  12973.1  7.05E-02  9.85E-02  0.00E+00  0.00E+00  0.00E+00
  46 6.71E-04  13195.1  8.68E-02  1.00E-01  0.00E+00  0.00E+00  0.00E+00
  47 8.16E-04  13471.5  1.06E-01  1.03E-01  3.64E-08  0.00E+00  3.64E-08
  48 9.93E-04  13812.6  1.27E-01  1.06E-01  4.75E-06  0.00E+00  4.75E-06
  49 1.21E-03  14229.9  1.50E-01  1.10E-01  1.42E-05  0.00E+00  1.42E-05
  50 1.48E-03  14735.3  1.73E-01  1.17E-01  1.66E-05  0.00E+00  1.66E-05
  51 1.83E-03  15341.4  1.93E-01  1.27E-01  1.05E-05  0.00E+00  1.05E-05
  52 2.27E-03  16060.0  2.09E-01  1.41E-01  3.90E-06  0.00E+00  3.90E-06
  53 2.87E-03  16902.5  2.20E-01  1.60E-01  8.62E-07  0.00E+00  8.62E-07
  54 3.67E-03  17878.9  2.27E-01  1.87E-01  9.29E-08  0.00E+00  9.29E-08
  55 4.77E-03  18998.5  2.31E-01  2.20E-01  9.23E-10  0.00E+00  9.23E-10
  56 6.29E-03  20270.7  2.35E-01  2.57E-01  0.00E+00  0.00E+00  0.00E+00
  57 8.37E-03  21700.5  2.39E-01  2.93E-01  0.00E+00  0.00E+00  0.00E+00
  58 1.12E-02  23293.6  2.45E-01  3.25E-01  0.00E+00  0.00E+00  0.00E+00
  59 1.49E-02  25056.1  2.52E-01  3.49E-01  0.00E+00  0.00E+00  0.00E+00
  60 1.99E-02  26995.5  2.60E-01  3.66E-01  0.00E+00  0.00E+00  0.00E+00
  61 2.64E-02  29120.4  2.69E-01  3.78E-01  0.00E+00  0.00E+00  0.00E+00
  62 3.48E-02  31441.4  2.77E-01  3.86E-01  0.00E+00  0.00E+00  0.00E+00
  63 4.58E-02  33970.4  2.83E-01  3.90E-01  0.00E+00  0.00E+00  0.00E+00
  64 6.02E-02  36721.3  2.85E-01  3.94E-01  0.00E+00  0.00E+00  0.00E+00
  65 7.96E-02  39709.6  2.80E-01  3.96E-01  0.00E+00  0.00E+00  0.00E+00
  66 1.07E-01  42952.9  2.68E-01  3.97E-01  0.00E+00  0.00E+00  0.00E+00
  67 1.46E-01  46470.3  2.51E-01  3.98E-01  0.00E+00  0.00E+00  0.00E+00
  68 2.05E-01  50283.1  2.32E-01  3.98E-01  0.00E+00  0.00E+00  0.00E+00
  69 2.96E-01  54414.5  2.16E-01  3.99E-01  0.00E+00  0.00E+00  0.00E+00
  70 4.35E-01  58890.0  2.05E-01  3.99E-01  0.00E+00  0.00E+00  0.00E+00

convective zone between depths (inclusive)  47  55

 conout imod,iprin           2           2


  ID    DM        TEMP      DELTA  DELTA(AD)  CON/TOT  RAD/TOT  (C+R)/TOT


   1 6.66E-08  12167.9  0.00E+00  0.00E+00  0.00E+00  0.00E+00  0.00E+00
   2 9.11E-08  12167.9  2.08E-06  0.00E+00  0.00E+00  0.00E+00  0.00E+00
   3 1.24E-07  12167.9  2.20E-06  0.00E+00  0.00E+00  0.00E+00  0.00E+00
   4 1.67E-07  12167.9  2.37E-06  0.00E+00  0.00E+00  0.00E+00  0.00E+00
   5 2.24E-07  12167.9  2.61E-06  0.00E+00  0.00E+00  0.00E+00  0.00E+00
   6 2.97E-07  12167.9  2.96E-06  0.00E+00  0.00E+00  0.00E+00  0.00E+00
   7 3.91E-07  12167.9  3.43E-06  0.00E+00  0.00E+00  0.00E+00  0.00E+00
   8 5.09E-07  12167.9  4.08E-06  0.00E+00  0.00E+00  0.00E+00  0.00E+00
   9 6.57E-07  12168.0  4.98E-06  0.00E+00  0.00E+00  0.00E+00  0.00E+00
  10 8.40E-07  12168.0  6.20E-06  0.00E+00  0.00E+00  0.00E+00  0.00E+00
  11 1.06E-06  12168.0  7.88E-06  0.00E+00  0.00E+00  0.00E+00  0.00E+00
  12 1.33E-06  12168.0  1.02E-05  0.00E+00  0.00E+00  0.00E+00  0.00E+00
  13 1.66E-06  12168.0  1.33E-05  0.00E+00  0.00E+00  0.00E+00  0.00E+00
  14 2.05E-06  12168.1  1.75E-05  0.00E+00  0.00E+00  0.00E+00  0.00E+00
  15 2.52E-06  12168.1  2.32E-05  0.00E+00  0.00E+00  0.00E+00  0.00E+00
  16 3.07E-06  12168.2  3.10E-05  0.00E+00  0.00E+00  0.00E+00  0.00E+00
  17 3.72E-06  12168.2  4.14E-05  0.00E+00  0.00E+00  0.00E+00  0.00E+00
  18 4.49E-06  12168.4  5.55E-05  0.00E+00  0.00E+00  0.00E+00  0.00E+00
  19 5.40E-06  12168.5  7.43E-05  0.00E+00  0.00E+00  0.00E+00  0.00E+00
  20 6.46E-06  12168.7  9.96E-05  0.00E+00  0.00E+00  0.00E+00  0.00E+00
  21 7.72E-06  12169.0  1.33E-04  0.00E+00  0.00E+00  0.00E+00  0.00E+00
  22 9.20E-06  12169.3  1.79E-04  0.00E+00  0.00E+00  0.00E+00  0.00E+00
  23 1.09E-05  12169.8  2.39E-04  0.00E+00  0.00E+00  0.00E+00  0.00E+00
  24 1.30E-05  12170.4  3.19E-04  0.00E+00  0.00E+00  0.00E+00  0.00E+00
  25 1.54E-05  12171.3  4.24E-04  0.00E+00  0.00E+00  0.00E+00  0.00E+00
  26 1.82E-05  12172.4  5.64E-04  0.00E+00  0.00E+00  0.00E+00  0.00E+00
  27 2.16E-05  12173.9  7.49E-04  0.00E+00  0.00E+00  0.00E+00  0.00E+00
  28 2.56E-05  12175.9  9.92E-04  0.00E+00  0.00E+00  0.00E+00  0.00E+00
  29 3.02E-05  12178.5  1.31E-03  0.00E+00  0.00E+00  0.00E+00  0.00E+00
  30 3.58E-05  12182.0  1.73E-03  0.00E+00  0.00E+00  0.00E+00  0.00E+00
  31 4.24E-05  12186.7  2.27E-03  0.00E+00  0.00E+00  0.00E+00  0.00E+00
  32 5.03E-05  12192.8  2.97E-03  1.16E-01  0.00E+00  0.00E+00  0.00E+00
  33 5.97E-05  12200.8  3.88E-03  1.12E-01  0.00E+00  0.00E+00  0.00E+00
  34 7.10E-05  12211.4  5.05E-03  1.08E-01  0.00E+00  0.00E+00  0.00E+00
  35 8.46E-05  12225.3  6.55E-03  1.05E-01  0.00E+00  0.00E+00  0.00E+00
  36 1.01E-04  12243.6  8.47E-03  1.02E-01  0.00E+00  0.00E+00  0.00E+00
  37 1.21E-04  12267.4  1.09E-02  1.00E-01  0.00E+00  0.00E+00  0.00E+00
  38 1.45E-04  12298.5  1.40E-02  9.87E-02  0.00E+00  0.00E+00  0.00E+00
  39 1.74E-04  12338.9  1.78E-02  9.75E-02  0.00E+00  0.00E+00  0.00E+00
  40 2.10E-04  12391.2  2.27E-02  9.68E-02  0.00E+00  0.00E+00  0.00E+00
  41 2.54E-04  12458.6  2.87E-02  9.64E-02  0.00E+00  0.00E+00  0.00E+00
  42 3.08E-04  12545.1  3.62E-02  9.63E-02  0.00E+00  0.00E+00  0.00E+00
  43 3.73E-04  12655.6  4.54E-02  9.66E-02  0.00E+00  0.00E+00  0.00E+00
  44 4.54E-04  12796.0  5.68E-02  9.74E-02  0.00E+00  0.00E+00  0.00E+00
  45 5.51E-04  12973.1  7.05E-02  9.85E-02  0.00E+00  0.00E+00  0.00E+00
  46 6.71E-04  13195.1  8.68E-02  1.00E-01  0.00E+00  0.00E+00  0.00E+00
  47 8.16E-04  13471.5  1.06E-01  1.03E-01  5.45E-08  0.00E+00  5.45E-08
  48 9.93E-04  13812.6  1.27E-01  1.06E-01  7.18E-06  0.00E+00  7.18E-06
  49 1.21E-03  14229.9  1.50E-01  1.10E-01  2.16E-05  0.00E+00  2.16E-05
  50 1.48E-03  14735.3  1.73E-01  1.17E-01  2.52E-05  0.00E+00  2.52E-05
  51 1.82E-03  15341.4  1.93E-01  1.27E-01  1.55E-05  0.00E+00  1.55E-05
  52 2.27E-03  16060.0  2.09E-01  1.41E-01  5.44E-06  0.00E+00  5.44E-06
  53 2.87E-03  16902.5  2.20E-01  1.60E-01  1.09E-06  0.00E+00  1.09E-06
  54 3.67E-03  17878.9  2.27E-01  1.87E-01  1.03E-07  0.00E+00  1.03E-07
  55 4.77E-03  18998.5  2.31E-01  2.20E-01  8.82E-10  0.00E+00  8.82E-10
  56 6.29E-03  20270.7  2.35E-01  2.57E-01  0.00E+00  0.00E+00  0.00E+00
  57 8.37E-03  21700.5  2.39E-01  2.93E-01  0.00E+00  0.00E+00  0.00E+00
  58 1.12E-02  23293.6  2.45E-01  3.25E-01  0.00E+00  0.00E+00  0.00E+00
  59 1.49E-02  25056.1  2.52E-01  3.49E-01  0.00E+00  0.00E+00  0.00E+00
  60 1.99E-02  26995.5  2.60E-01  3.66E-01  0.00E+00  0.00E+00  0.00E+00
  61 2.64E-02  29120.4  2.69E-01  3.78E-01  0.00E+00  0.00E+00  0.00E+00
  62 3.48E-02  31441.4  2.77E-01  3.86E-01  0.00E+00  0.00E+00  0.00E+00
  63 4.58E-02  33970.4  2.83E-01  3.90E-01  0.00E+00  0.00E+00  0.00E+00
  64 6.02E-02  36721.3  2.85E-01  3.94E-01  0.00E+00  0.00E+00  0.00E+00
  65 7.96E-02  39709.6  2.80E-01  3.96E-01  0.00E+00  0.00E+00  0.00E+00
  66 1.07E-01  42952.9  2.68E-01  3.97E-01  0.00E+00  0.00E+00  0.00E+00
  67 1.46E-01  46470.3  2.51E-01  3.98E-01  0.00E+00  0.00E+00  0.00E+00
  68 2.05E-01  50283.1  2.32E-01  3.98E-01  0.00E+00  0.00E+00  0.00E+00
  69 2.96E-01  54414.5  2.16E-01  3.99E-01  0.00E+00  0.00E+00  0.00E+00
  70 4.35E-01  58890.0  2.05E-01  3.99E-01  0.00E+00  0.00E+00  0.00E+00

convective zone between depths (inclusive)  47  55


**********
 ITERATION:  1
**********

 before inilam
 after tdpini
 before odfmer
 after odfmer
 end inilam
 after inilam
 Total number of lines :      95
 Number of weak lines  :       0
 Intermediate lines    :       0
 Number of strong lines:      95

 MAXIMUM NUMBER OF OVERLAPPING TRANSITIONS:   13

 after linsel
 NTRANS         136
 ilam           1
 after opaini in ilam           1
 after ratsp1i in ilam           1
 after newpop in ilam           1

 SCHEME OF RADIATIVE EQUIL. SET IN RESOLV
 ONLY INTEGRAL EQUATION FOR ID          <=  37
 BOTH FOR                     38 <= ID <=  70

 after output

  ID   PTOT-SUM  PTOT-MG   PGAS-RHO  PGAS-P    PRAD       A

   1 1.300E+02 7.470E+01 6.194E+01 6.659E+00 6.804E+01 1.231E+00
   2 1.324E+02 7.716E+01 6.439E+01 9.111E+00 6.804E+01 1.231E+00
   3 1.357E+02 8.042E+01 6.766E+01 1.238E+01 6.804E+01 1.231E+00
   4 1.400E+02 8.474E+01 7.198E+01 1.670E+01 6.804E+01 1.231E+00
   5 1.457E+02 9.040E+01 7.763E+01 2.235E+01 6.804E+01 1.231E+00
   6 1.530E+02 9.772E+01 8.496E+01 2.968E+01 6.805E+01 1.231E+00
   7 1.624E+02 1.071E+02 9.433E+01 3.905E+01 6.805E+01 1.231E+00
   8 1.742E+02 1.189E+02 1.062E+02 5.090E+01 6.805E+01 1.231E+00
   9 1.890E+02 1.338E+02 1.210E+02 6.571E+01 6.805E+01 1.231E+00
  10 2.073E+02 1.520E+02 1.393E+02 8.400E+01 6.805E+01 1.231E+00
  11 2.297E+02 1.744E+02 1.617E+02 1.064E+02 6.805E+01 1.231E+00
  12 2.568E+02 2.015E+02 1.888E+02 1.335E+02 6.805E+01 1.231E+00
  13 2.895E+02 2.342E+02 2.214E+02 1.661E+02 6.805E+01 1.231E+00
  14 3.285E+02 2.732E+02 2.605E+02 2.052E+02 6.805E+01 1.231E+00
  15 3.750E+02 3.197E+02 3.069E+02 2.516E+02 6.805E+01 1.231E+00
  16 4.301E+02 3.748E+02 3.620E+02 3.068E+02 6.805E+01 1.231E+00
  17 4.953E+02 4.400E+02 4.272E+02 3.719E+02 6.805E+01 1.231E+00
  18 5.722E+02 5.169E+02 5.042E+02 4.489E+02 6.806E+01 1.231E+00
  19 6.629E+02 6.076E+02 5.948E+02 5.395E+02 6.806E+01 1.231E+00
  20 7.696E+02 7.143E+02 7.016E+02 6.463E+02 6.807E+01 1.231E+00
  21 8.952E+02 8.399E+02 8.272E+02 7.719E+02 6.807E+01 1.231E+00
  22 1.043E+03 9.877E+02 9.749E+02 9.196E+02 6.808E+01 1.231E+00
  23 1.217E+03 1.161E+03 1.149E+03 1.093E+03 6.809E+01 1.231E+00
  24 1.421E+03 1.366E+03 1.353E+03 1.298E+03 6.811E+01 1.231E+00
  25 1.662E+03 1.607E+03 1.594E+03 1.539E+03 6.812E+01 1.231E+00
  26 1.947E+03 1.891E+03 1.879E+03 1.823E+03 6.814E+01 1.231E+00
  27 2.282E+03 2.227E+03 2.214E+03 2.159E+03 6.816E+01 1.231E+00
  28 2.678E+03 2.623E+03 2.610E+03 2.555E+03 6.819E+01 1.231E+00
  29 3.148E+03 3.092E+03 3.080E+03 3.024E+03 6.823E+01 1.230E+00
  30 3.704E+03 3.649E+03 3.636E+03 3.581E+03 6.828E+01 1.230E+00
  31 4.366E+03 4.311E+03 4.298E+03 4.242E+03 6.835E+01 1.229E+00
  32 5.155E+03 5.100E+03 5.087E+03 5.031E+03 6.844E+01 1.228E+00
  33 6.098E+03 6.043E+03 6.030E+03 5.974E+03 6.856E+01 1.227E+00
  34 7.229E+03 7.173E+03 7.160E+03 7.104E+03 6.872E+01 1.226E+00
  35 8.589E+03 8.532E+03 8.520E+03 8.464E+03 6.894E+01 1.224E+00
  36 1.023E+04 1.017E+04 1.016E+04 1.010E+04 6.923E+01 1.222E+00
  37 1.222E+04 1.216E+04 1.215E+04 1.209E+04 6.962E+01 1.219E+00
  38 1.463E+04 1.457E+04 1.456E+04 1.450E+04 7.013E+01 1.216E+00
  39 1.757E+04 1.751E+04 1.749E+04 1.744E+04 7.082E+01 1.212E+00
  40 2.115E+04 2.109E+04 2.108E+04 2.102E+04 7.174E+01 1.207E+00
  41 2.554E+04 2.548E+04 2.547E+04 2.541E+04 7.296E+01 1.201E+00
  42 3.091E+04 3.084E+04 3.083E+04 3.077E+04 7.459E+01 1.194E+00
  43 3.747E+04 3.741E+04 3.740E+04 3.733E+04 7.677E+01 1.187E+00
  44 4.550E+04 4.543E+04 4.542E+04 4.535E+04 7.965E+01 1.178E+00
  45 5.528E+04 5.521E+04 5.520E+04 5.512E+04 8.348E+01 1.169E+00
  46 6.720E+04 6.712E+04 6.711E+04 6.703E+04 8.853E+01 1.158E+00
  47 8.171E+04 8.162E+04 8.161E+04 8.153E+04 9.520E+01 1.146E+00
  48 9.942E+04 9.933E+04 9.932E+04 9.922E+04 1.040E+02 1.133E+00
  49 1.212E+05 1.211E+05 1.211E+05 1.210E+05 1.155E+02 1.117E+00
  50 1.483E+05 1.482E+05 1.482E+05 1.481E+05 1.307E+02 1.099E+00
  51 1.827E+05 1.826E+05 1.826E+05 1.824E+05 1.509E+02 1.080E+00
  52 2.274E+05 2.272E+05 2.272E+05 2.271E+05 1.779E+02 1.061E+00
  53 2.868E+05 2.866E+05 2.866E+05 2.864E+05 2.146E+02 1.043E+00
  54 3.673E+05 3.671E+05 3.671E+05 3.668E+05 2.647E+02 1.028E+00
  55 4.776E+05 4.773E+05 4.773E+05 4.770E+05 3.338E+02 1.016E+00
  56 6.295E+05 6.290E+05 6.290E+05 6.286E+05 4.294E+02 1.009E+00
  57 8.374E+05 8.368E+05 8.369E+05 8.363E+05 5.616E+02 1.004E+00
  58 1.119E+06 1.118E+06 1.118E+06 1.117E+06 7.438E+02 1.002E+00
  59 1.495E+06 1.494E+06 1.494E+06 1.493E+06 9.946E+02 1.001E+00
  60 1.991E+06 1.990E+06 1.990E+06 1.988E+06 1.339E+03 1.000E+00
  61 2.640E+06 2.638E+06 2.638E+06 2.636E+06 1.813E+03 1.000E+00
  62 3.483E+06 3.481E+06 3.481E+06 3.478E+06 2.464E+03 9.999E-01
  63 4.579E+06 4.576E+06 4.576E+06 4.573E+06 3.357E+03 9.999E-01
  64 6.021E+06 6.016E+06 6.016E+06 6.012E+06 4.584E+03 9.998E-01
  65 7.962E+06 7.956E+06 7.956E+06 7.950E+06 6.267E+03 9.997E-01
  66 1.067E+07 1.066E+07 1.066E+07 1.065E+07 8.576E+03 9.993E-01
  67 1.460E+07 1.459E+07 1.459E+07 1.458E+07 1.174E+04 9.985E-01
  68 2.052E+07 2.050E+07 2.050E+07 2.049E+07 1.607E+04 9.968E-01
  69 2.959E+07 2.957E+07 2.957E+07 2.954E+07 2.197E+04 9.938E-01
  70 4.352E+07 4.349E+07 4.349E+07 4.346E+07 2.999E+04 9.888E-01

pzev:CONVECTIVE FLUX: RESOLV; GLOBAL ITERATION = 0


pzev:CONVECTIVE FLUX: RESOLV; GLOBAL ITERATION = 0

 conout imod,iprin           1           0
 ITER  ID    XGRD         FPRAD    log(g_rad)    XGR0        PG+PT      PRAD       d(Ptot)/dm d(PG+PT)/dm

   1   1  1.0000E-01  1.0000E+00  4.0960E+00  1.0000E+07  6.1938E+01  6.8044E+01  9.3013E+08  9.3012E+08
   1   2  3.0000E-01  1.0000E+00  3.8779E+00  3.0000E+07  6.4389E+01  6.8045E+01  1.0001E+08  1.0000E+08
   1   3  5.0000E-01  1.0000E+00  3.6235E+00  5.0000E+07  6.7658E+01  6.8045E+01  1.0000E+08  1.0000E+08
   1   4  7.0000E-01  1.0000E+00  3.4434E+00  7.0000E+07  7.1978E+01  6.8045E+01  1.0000E+08  1.0000E+08
   1   5  9.0000E-01  1.0000E+00  3.3344E+00  9.0000E+07  7.7633E+01  6.8045E+01  1.0000E+08  1.0000E+08
   1   6  9.2000E-01  1.0000E+00  3.2783E+00  9.2000E+07  8.4957E+01  6.8045E+01  1.0000E+08  1.0000E+08
   1   7  9.4000E-01  1.0000E+00  3.2560E+00  9.4000E+07  9.4330E+01  6.8045E+01  1.0000E+08  1.0000E+08
   1   8  9.6000E-01  1.0000E+00  3.2518E+00  9.6000E+07  1.0618E+02  6.8045E+01  1.0000E+08  1.0000E+08
   1   9  9.8000E-01  1.0000E+00  3.2526E+00  9.8000E+07  1.2099E+02  6.8046E+01  1.0000E+08  1.0000E+08
   1  10  9.9000E-01  1.0000E+00  3.2720E+00  9.9000E+07  1.3928E+02  6.8046E+01  1.0000E+08  1.0000E+08
   1  11  9.9000E-01  1.0000E+00  3.3079E+00  9.9000E+07  1.6165E+02  6.8047E+01  1.0000E+08  1.0000E+08
   1  12  9.9000E-01  1.0000E+00  3.3502E+00  9.9000E+07  1.8878E+02  6.8047E+01  1.0000E+08  1.0000E+08
   1  13  9.9000E-01  1.0000E+00  3.3942E+00  9.9000E+07  2.2142E+02  6.8048E+01  1.0000E+08  1.0000E+08
   1  14  9.9000E-01  1.0000E+00  3.4400E+00  9.9000E+07  2.6046E+02  6.8049E+01  1.0000E+08  1.0000E+08
   1  15  9.9000E-01  1.0000E+00  3.4873E+00  9.9000E+07  3.0693E+02  6.8050E+01  1.0000E+08  1.0000E+08
   1  16  9.9000E-01  1.0000E+00  3.5339E+00  9.9000E+07  3.6204E+02  6.8052E+01  1.0000E+08  1.0000E+08
   1  17  9.9000E-01  1.0000E+00  3.5791E+00  9.9000E+07  4.2723E+02  6.8055E+01  1.0000E+08  1.0000E+08
   1  18  9.9000E-01  1.0000E+00  3.6233E+00  9.9000E+07  5.0416E+02  6.8058E+01  1.0000E+08  1.0000E+08
   1  19  9.9000E-01  1.0000E+00  3.6638E+00  9.9000E+07  5.9482E+02  6.8062E+01  1.0000E+08  1.0000E+08
   1  20  9.9000E-01  1.0000E+00  3.6988E+00  9.9000E+07  7.0156E+02  6.8068E+01  1.0000E+08  1.0000E+08
   1  21  9.9000E-01  1.0000E+00  3.7291E+00  9.9000E+07  8.2716E+02  6.8074E+01  1.0000E+08  9.9999E+07
   1  22  9.9000E-01  1.0000E+00  3.7539E+00  9.9000E+07  9.7490E+02  6.8083E+01  1.0001E+08  9.9999E+07
   1  23  9.9000E-01  1.0000E+00  3.7725E+00  9.9000E+07  1.1487E+03  6.8093E+01  1.0001E+08  9.9999E+07
   1  24  9.9000E-01  1.0000E+00  3.7864E+00  9.9000E+07  1.3533E+03  6.8105E+01  1.0001E+08  1.0000E+08
   1  25  9.9000E-01  1.0000E+00  3.7990E+00  9.9000E+07  1.5943E+03  6.8121E+01  1.0001E+08  1.0000E+08
   1  26  9.9000E-01  1.0000E+00  3.8152E+00  9.9000E+07  1.8785E+03  6.8139E+01  1.0001E+08  1.0000E+08
   1  27  9.9000E-01  1.0000E+00  3.8400E+00  9.9000E+07  2.2139E+03  6.8162E+01  1.0001E+08  1.0000E+08
   1  28  9.9000E-01  1.0000E+00  3.8749E+00  9.9000E+07  2.6103E+03  6.8192E+01  1.0001E+08  1.0000E+08
   1  29  9.9000E-01  1.0000E+00  3.9178E+00  9.9000E+07  3.0796E+03  6.8231E+01  1.0001E+08  1.0000E+08
   1  30  9.9000E-01  1.0000E+00  3.9650E+00  9.9000E+07  3.6362E+03  6.8282E+01  1.0001E+08  1.0000E+08
   1  31  9.9000E-01  1.0000E+00  4.0136E+00  9.9000E+07  4.2980E+03  6.8351E+01  1.0001E+08  1.0000E+08
   1  32  9.9000E-01  1.0000E+00  4.0620E+00  9.9000E+07  5.0869E+03  6.8442E+01  1.0001E+08  1.0000E+08
   1  33  9.9000E-01  1.0000E+00  4.1096E+00  9.9000E+07  6.0298E+03  6.8563E+01  1.0001E+08  1.0000E+08
   1  34  9.9000E-01  1.0000E+00  4.1561E+00  9.9000E+07  7.1603E+03  6.8725E+01  1.0002E+08  1.0000E+08
   1  35  9.9000E-01  1.0000E+00  4.2014E+00  9.9000E+07  8.5198E+03  6.8941E+01  1.0002E+08  1.0000E+08
   1  36  9.9000E-01  1.0000E+00  4.2455E+00  9.9000E+07  1.0160E+04  6.9230E+01  1.0002E+08  1.0000E+08
   1  37  9.9000E-01  1.0000E+00  4.2882E+00  9.9000E+07  1.2146E+04  6.9615E+01  1.0002E+08  1.0000E+08
   1  38  9.9000E-01  1.0000E+00  4.3295E+00  9.9000E+07  1.4557E+04  7.0130E+01  1.0002E+08  1.0000E+08
   1  39  9.9000E-01  1.0000E+00  4.3694E+00  9.9000E+07  1.7494E+04  7.0818E+01  1.0003E+08  1.0000E+08
   1  40  9.9000E-01  1.0000E+00  4.4082E+00  9.9000E+07  2.1081E+04  7.1736E+01  1.0003E+08  1.0000E+08
   1  41  9.9000E-01  1.0000E+00  4.4461E+00  9.9000E+07  2.5466E+04  7.2961E+01  1.0003E+08  1.0000E+08
   1  42  9.9000E-01  1.0000E+00  4.4832E+00  9.9000E+07  3.0833E+04  7.4593E+01  1.0003E+08  1.0000E+08
   1  43  9.9000E-01  1.0000E+00  4.5199E+00  9.9000E+07  3.7397E+04  7.6766E+01  1.0004E+08  1.0000E+08
   1  44  9.9000E-01  1.0000E+00  4.5564E+00  9.9000E+07  4.5415E+04  7.9653E+01  1.0004E+08  1.0000E+08
   1  45  9.9000E-01  1.0000E+00  4.5924E+00  9.9000E+07  5.5196E+04  8.3480E+01  1.0004E+08  1.0000E+08
   1  46  9.9000E-01  1.0000E+00  4.6277E+00  9.9000E+07  6.7109E+04  8.8535E+01  1.0004E+08  1.0000E+08
   1  47  9.9000E-01  1.0000E+00  4.6621E+00  9.9000E+07  8.1613E+04  9.5196E+01  1.0005E+08  1.0000E+08
   1  48  9.9000E-01  1.0000E+00  4.6944E+00  9.9000E+07  9.9317E+04  1.0396E+02  1.0005E+08  1.0000E+08
   1  49  9.9000E-01  1.0000E+00  4.7238E+00  9.9000E+07  1.2108E+05  1.1547E+02  1.0005E+08  1.0000E+08
   1  50  9.9000E-01  1.0000E+00  4.7489E+00  9.9000E+07  1.4817E+05  1.3067E+02  1.0006E+08  1.0000E+08
   1  51  9.9000E-01  1.0000E+00  4.7686E+00  9.9000E+07  1.8256E+05  1.5085E+02  1.0006E+08  1.0000E+08
   1  52  9.9000E-01  1.0000E+00  4.7824E+00  9.9000E+07  2.2722E+05  1.7792E+02  1.0006E+08  1.0000E+08
   1  53  9.9000E-01  1.0000E+00  4.7906E+00  9.9000E+07  2.8661E+05  2.1458E+02  1.0006E+08  1.0000E+08
   1  54  9.9000E-01  1.0000E+00  4.7947E+00  9.9000E+07  3.6707E+05  2.6474E+02  1.0007E+08  1.0000E+08
   1  55  9.9000E-01  1.0000E+00  4.7972E+00  9.9000E+07  4.7730E+05  3.3383E+02  1.0007E+08  1.0000E+08
   1  56  9.9000E-01  1.0000E+00  4.7993E+00  9.9000E+07  6.2904E+05  4.2943E+02  1.0007E+08  1.0000E+08
   1  57  9.9000E-01  1.0000E+00  4.8033E+00  9.9000E+07  8.3685E+05  5.6155E+02  1.0007E+08  1.0000E+08
   1  58  9.9000E-01  1.0000E+00  4.8118E+00  9.9000E+07  1.1180E+06  7.4377E+02  1.0007E+08  1.0000E+08
   1  59  9.9000E-01  1.0000E+00  4.8245E+00  9.9000E+07  1.4937E+06  9.9461E+02  1.0007E+08  1.0000E+08
   1  60  9.9000E-01  1.0000E+00  4.8420E+00  9.9000E+07  1.9898E+06  1.3394E+03  1.0007E+08  1.0000E+08
   1  61  9.9000E-01  1.0000E+00  4.8637E+00  9.9000E+07  2.6381E+06  1.8132E+03  1.0007E+08  1.0000E+08
   1  62  9.9000E-01  1.0000E+00  4.8878E+00  9.9000E+07  3.4805E+06  2.4638E+03  1.0008E+08  9.9998E+07
   1  63  9.9000E-01  1.0000E+00  4.9114E+00  9.9000E+07  4.5760E+06  3.3571E+03  1.0008E+08  9.9998E+07
   1  64  9.9000E-01  1.0000E+00  4.9302E+00  9.9000E+07  6.0164E+06  4.5837E+03  1.0008E+08  9.9997E+07
   1  65  9.9000E-01  1.0000E+00  4.9385E+00  9.9000E+07  7.9558E+06  6.2672E+03  1.0008E+08  9.9997E+07
   1  66  9.9000E-01  1.0000E+00  4.9311E+00  9.9000E+07  1.0662E+07  8.5763E+03  1.0008E+08  9.9997E+07
   1  67  9.9000E-01  1.0000E+00  4.9056E+00  9.9000E+07  1.4593E+07  1.1740E+04  1.0008E+08  9.9998E+07
   1  68  9.9000E-01  1.0000E+00  4.8645E+00  9.9000E+07  2.0504E+07  1.6067E+04  1.0007E+08  1.0000E+08
   1  69  9.9000E-01  1.0000E+00  4.8137E+00  9.9000E+07  2.9566E+07  2.1968E+04  1.0007E+08  1.0000E+08
 after radpre
 HMIX0  0.59999999999999998     
dad -7.5328E-18 -7.5328E-18 -5.4517E-15

 SCHEME OF RADIATIVE EQUIL. SET IN RESOLV
 ONLY INTEGRAL EQUATION FOR ID          <=  37
 BOTH FOR                     38 <= ID <=  70


 RYBHEQ in iter   1
   id      dm          dens        pgs0          pra          pradfc      grad        log grad

   1   6.6591E-08   3.1134E-11   6.6583E+00   6.8044E+01   1.2311E+00   1.2473E+04   4.0960E+00
   2   9.1110E-08   3.2368E-11   9.1100E+00   6.8045E+01   1.2311E+00   7.5499E+03   3.8779E+00
   3   1.2379E-07   3.4012E-11   1.2378E+01   6.8045E+01   1.2311E+00   4.2025E+03   3.6235E+00
   4   1.6699E-07   3.6187E-11   1.6698E+01   6.8045E+01   1.2311E+00   2.7759E+03   3.4434E+00
   5   2.2355E-07   3.9035E-11   2.2353E+01   6.8045E+01   1.2311E+00   2.1598E+03   3.3344E+00
   6   2.9679E-07   4.2724E-11   2.9677E+01   6.8045E+01   1.2311E+00   1.8980E+03   3.2783E+00
   7   3.9052E-07   4.7446E-11   3.9050E+01   6.8045E+01   1.2311E+00   1.8031E+03   3.2560E+00
   8   5.0902E-07   5.3419E-11   5.0901E+01   6.8045E+01   1.2311E+00   1.7858E+03   3.2518E+00
   9   6.5709E-07   6.0885E-11   6.5707E+01   6.8046E+01   1.2311E+00   1.7892E+03   3.2526E+00
  10   8.4002E-07   7.0116E-11   8.3999E+01   6.8046E+01   1.2311E+00   1.8706E+03   3.2720E+00
  11   1.0637E-06   8.1414E-11   1.0637E+02   6.8047E+01   1.2311E+00   2.0320E+03   3.3079E+00
  12   1.3350E-06   9.5124E-11   1.3350E+02   6.8047E+01   1.2311E+00   2.2399E+03   3.3502E+00
  13   1.6614E-06   1.1164E-10   1.6613E+02   6.8048E+01   1.2311E+00   2.4788E+03   3.3942E+00
  14   2.0518E-06   1.3142E-10   2.0517E+02   6.8049E+01   1.2312E+00   2.7545E+03   3.4400E+00
  15   2.5165E-06   1.5501E-10   2.5165E+02   6.8050E+01   1.2312E+00   3.0713E+03   3.4873E+00
  16   3.0677E-06   1.8304E-10   3.0676E+02   6.8052E+01   1.2312E+00   3.4189E+03   3.5339E+00
  17   3.7195E-06   2.1625E-10   3.7194E+02   6.8055E+01   1.2312E+00   3.7942E+03   3.5791E+00
  18   4.4888E-06   2.5556E-10   4.4887E+02   6.8058E+01   1.2312E+00   4.2004E+03   3.6233E+00
  19   5.3954E-06   3.0203E-10   5.3953E+02   6.8062E+01   1.2312E+00   4.6113E+03   3.6638E+00
  20   6.4628E-06   3.5692E-10   6.4626E+02   6.8068E+01   1.2312E+00   4.9981E+03   3.6988E+00
  21   7.7188E-06   4.2177E-10   7.7185E+02   6.8074E+01   1.2312E+00   5.3588E+03   3.7291E+00
  22   9.1962E-06   4.9841E-10   9.1959E+02   6.8083E+01   1.2312E+00   5.6740E+03   3.7539E+00
  23   1.0934E-05   5.8906E-10   1.0934E+03   6.8093E+01   1.2312E+00   5.9225E+03   3.7725E+00
  24   1.2981E-05   6.9641E-10   1.2980E+03   6.8105E+01   1.2312E+00   6.1158E+03   3.7864E+00
  25   1.5391E-05   8.2375E-10   1.5390E+03   6.8121E+01   1.2311E+00   6.2953E+03   3.7990E+00
  26   1.8232E-05   9.7504E-10   1.8231E+03   6.8139E+01   1.2310E+00   6.5338E+03   3.8152E+00
  27   2.1586E-05   1.1552E-09   2.1585E+03   6.8162E+01   1.2308E+00   6.9177E+03   3.8400E+00
  28   2.5550E-05   1.3702E-09   2.5549E+03   6.8192E+01   1.2306E+00   7.4970E+03   3.8749E+00
  29   3.0243E-05   1.6274E-09   3.0241E+03   6.8231E+01   1.2302E+00   8.2752E+03   3.9178E+00
  30   3.5809E-05   1.9361E-09   3.5807E+03   6.8282E+01   1.2297E+00   9.2266E+03   3.9650E+00
  31   4.2427E-05   2.3078E-09   4.2424E+03   6.8351E+01   1.2291E+00   1.0318E+04   4.0136E+00
  32   5.0316E-05   2.7569E-09   5.0312E+03   6.8442E+01   1.2282E+00   1.1534E+04   4.0620E+00
  33   5.9745E-05   3.3012E-09   5.9740E+03   6.8563E+01   1.2272E+00   1.2870E+04   4.1096E+00
  34   7.1049E-05   3.9630E-09   7.1043E+03   6.8725E+01   1.2258E+00   1.4325E+04   4.1561E+00
  35   8.4644E-05   4.7702E-09   8.4635E+03   6.8941E+01   1.2241E+00   1.5899E+04   4.2014E+00
  36   1.0105E-04   5.7568E-09   1.0103E+04   6.9230E+01   1.2219E+00   1.7598E+04   4.2455E+00
  37   1.2090E-04   6.9651E-09   1.2089E+04   6.9615E+01   1.2192E+00   1.9419E+04   4.2882E+00
  38   1.4501E-04   8.4458E-09   1.4499E+04   7.0130E+01   1.2158E+00   2.1356E+04   4.3295E+00
  39   1.7439E-04   1.0260E-08   1.7436E+04   7.0818E+01   1.2117E+00   2.3409E+04   4.3694E+00
  40   2.1025E-04   1.2476E-08   2.1021E+04   7.1736E+01   1.2069E+00   2.5596E+04   4.4082E+00
  41   2.5410E-04   1.5171E-08   2.5405E+04   7.2961E+01   1.2011E+00   2.7930E+04   4.4461E+00
  42   3.0777E-04   1.8424E-08   3.0770E+04   7.4593E+01   1.1945E+00   3.0420E+04   4.4832E+00
  43   3.7340E-04   2.2311E-08   3.7332E+04   7.6766E+01   1.1869E+00   3.3102E+04   4.5199E+00
  44   4.5359E-04   2.6893E-08   4.5347E+04   7.9653E+01   1.1784E+00   3.6009E+04   4.5564E+00
  45   5.5139E-04   3.2210E-08   5.5124E+04   8.3480E+01   1.1689E+00   3.9123E+04   4.5924E+00
  46   6.7052E-04   3.8268E-08   6.7031E+04   8.8535E+01   1.1583E+00   4.2437E+04   4.6277E+00
  47   8.1556E-04   4.5050E-08   8.1529E+04   9.5196E+01   1.1464E+00   4.5926E+04   4.6621E+00
  48   9.9259E-04   5.2542E-08   9.9224E+04   1.0396E+02   1.1327E+00   4.9480E+04   4.6944E+00
  49   1.2102E-03   6.0791E-08   1.2097E+05   1.1547E+02   1.1170E+00   5.2937E+04   4.7238E+00
  50   1.4811E-03   7.0000E-08   1.4805E+05   1.3067E+02   1.0993E+00   5.6090E+04   4.7489E+00
  51   1.8250E-03   8.0628E-08   1.8241E+05   1.5085E+02   1.0801E+00   5.8699E+04   4.7686E+00
  52   2.2716E-03   9.3460E-08   2.2705E+05   1.7792E+02   1.0607E+00   6.0588E+04   4.7824E+00
  53   2.8655E-03   1.0961E-07   2.8640E+05   2.1458E+02   1.0427E+00   6.1743E+04   4.7906E+00
  54   3.6701E-03   1.3048E-07   3.6681E+05   2.6474E+02   1.0276E+00   6.2337E+04   4.7947E+00
  55   4.7723E-03   1.5770E-07   4.7697E+05   3.3383E+02   1.0163E+00   6.2684E+04   4.7972E+00
  56   6.2897E-03   1.9311E-07   6.2861E+05   4.2943E+02   1.0088E+00   6.3000E+04   4.7993E+00
  57   8.3677E-03   2.3857E-07   8.3628E+05   5.6155E+02   1.0043E+00   6.3580E+04   4.8033E+00
  58   1.1179E-02   2.9574E-07   1.1172E+06   7.4377E+02   1.0020E+00   6.4828E+04   4.8118E+00
  59   1.4936E-02   3.6637E-07   1.4926E+06   9.9461E+02   1.0009E+00   6.6764E+04   4.8245E+00
  60   1.9897E-02   4.5219E-07   1.9884E+06   1.3394E+03   1.0003E+00   6.9509E+04   4.8420E+00
  61   2.6381E-02   5.5513E-07   2.6363E+06   1.8132E+03   1.0001E+00   7.3062E+04   4.8637E+00
  62   3.4804E-02   6.7777E-07   3.4781E+06   2.4638E+03   9.9993E-01   7.7231E+04   4.8878E+00
  63   4.5760E-02   8.2428E-07   4.5727E+06   3.3571E+03   9.9987E-01   8.1549E+04   4.9114E+00
  64   6.0164E-02   1.0022E-06   6.0119E+06   4.5837E+03   9.9982E-01   8.5153E+04   4.9302E+00
  65   7.9558E-02   1.2251E-06   7.9496E+06   6.2672E+03   9.9969E-01   8.6804E+04   4.9385E+00
  66   1.0662E-01   1.5176E-06   1.0653E+07   8.5763E+03   9.9932E-01   8.5337E+04   4.9311E+00
  67   1.4593E-01   1.9197E-06   1.4581E+07   1.1740E+04   9.9848E-01   8.0472E+04   4.9056E+00
  68   2.0505E-01   2.4926E-06   2.0489E+07   1.6067E+04   9.9682E-01   7.3194E+04   4.8645E+00
  69   2.9566E-01   3.3212E-06   2.9545E+07   2.1968E+04   9.9383E-01   6.5125E+04   4.8137E+00
  70   4.3493E-01   4.5143E-06   4.3463E+07   2.9985E+04   9.8882E-01   5.7566E+04   4.7602E+00
 before if(lfin) F

before psy0 - nfreqe,in       0       2       0       1       0       0       1

 =========  LINEARIZATION, ITER =           1

reint1.1.1.1.1.1.1.1.1.1.1.1.1.1.1.1.1.1.1.1.1.1.1.1.1.1.1.1.1.1.1.1.1.1.1.
     1.1.1.1.1.1.1.1.1.1.1.1.1.1.1.1.1.1.1.1.1.1.1.1.1.1.1.1.1.1.1.1.1.1.1.
redif0.0.0.0.0.0.0.0.0.0.0.0.0.0.0.0.0.0.0.0.0.0.0.0.0.0.0.0.0.0.0.0.0.0.0.
     0.1.1.1.1.1.1.1.1.1.1.1.1.1.1.1.1.1.1.1.1.1.1.1.1.1.1.1.1.1.1.1.1.1.1.
u -2.18E+04 -2.80E-05  1.11E+00  2.00E+00 -1.96E+04 -1.96E+04  9.07E+07  1.23E-08  1.57E-04  6.12E-01
 ===== end of RYBCHN in ITER           1
 conout imod,iprin           1           1


  ID    DM        TEMP      DELTA  DELTA(AD)  CON/TOT  RAD/TOT  (C+R)/TOT


   1 6.66E-08   9734.3  0.00E+00  0.00E+00  0.00E+00  0.00E+00  0.00E+00
   2 9.11E-08   9734.3  2.50E-06  0.00E+00  0.00E+00  0.00E+00  0.00E+00
   3 1.24E-07   9734.3  2.63E-06  0.00E+00  0.00E+00  0.00E+00  0.00E+00
   4 1.67E-07   9802.9  1.34E-01  0.00E+00  0.00E+00  0.00E+00  0.00E+00
   5 2.24E-07   9995.7  3.02E-01  0.00E+00  0.00E+00  0.00E+00  0.00E+00
   6 2.97E-07   9949.4 -5.97E-02  0.00E+00  0.00E+00  0.00E+00  0.00E+00
   7 3.91E-07   9824.8 -1.38E-01  0.00E+00  0.00E+00  0.00E+00  0.00E+00
   8 5.09E-07   9734.4 -8.81E-02  0.00E+00  0.00E+00  0.00E+00  0.00E+00
   9 6.57E-07   9734.4  5.54E-06  0.00E+00  0.00E+00  0.00E+00  0.00E+00
  10 8.40E-07   9734.4  6.82E-06  0.00E+00  0.00E+00  0.00E+00  0.00E+00
  11 1.06E-06   9734.4  8.55E-06  0.00E+00  0.00E+00  0.00E+00  0.00E+00
  12 1.33E-06   9734.4  1.09E-05  0.00E+00  0.00E+00  0.00E+00  0.00E+00
  13 1.66E-06   9734.4  1.41E-05  0.00E+00  0.00E+00  0.00E+00  0.00E+00
  14 2.05E-06   9734.4  1.84E-05  0.00E+00  0.00E+00  0.00E+00  0.00E+00
  15 2.52E-06   9734.5  2.43E-05  0.00E+00  0.00E+00  0.00E+00  0.00E+00
  16 3.07E-06   9734.5  3.22E-05  0.00E+00  0.00E+00  0.00E+00  0.00E+00
  17 3.72E-06   9866.0  8.37E-02  0.00E+00  0.00E+00  0.00E+00  0.00E+00
  18 4.49E-06  10013.0  9.18E-02  0.00E+00  0.00E+00  0.00E+00  0.00E+00
  19 5.40E-06  10163.4  9.23E-02  0.00E+00  0.00E+00  0.00E+00  0.00E+00
  20 6.46E-06  10298.6  8.16E-02  0.00E+00  0.00E+00  0.00E+00  0.00E+00
  21 7.72E-06  10416.8  7.04E-02  0.00E+00  0.00E+00  0.00E+00  0.00E+00
  22 9.20E-06  10511.7  5.60E-02  0.00E+00  0.00E+00  0.00E+00  0.00E+00
  23 1.09E-05  10572.8  3.57E-02  0.00E+00  0.00E+00  0.00E+00  0.00E+00
  24 1.30E-05  10593.7  1.22E-02  0.00E+00  0.00E+00  0.00E+00  0.00E+00
  25 1.54E-05  10573.0 -1.20E-02  0.00E+00  0.00E+00  0.00E+00  0.00E+00
  26 1.82E-05  10518.1 -3.20E-02  0.00E+00  0.00E+00  0.00E+00  0.00E+00
  27 2.16E-05  10447.8 -4.11E-02  0.00E+00  0.00E+00  0.00E+00  0.00E+00
  28 2.56E-05  10389.9 -3.39E-02  0.00E+00  0.00E+00  0.00E+00  0.00E+00
  29 3.02E-05  10370.2 -1.15E-02  0.00E+00  0.00E+00  0.00E+00  0.00E+00
  30 3.58E-05  10401.6  1.83E-02  0.00E+00  0.00E+00  0.00E+00  0.00E+00
  31 4.24E-05  10478.0  4.39E-02  0.00E+00  0.00E+00  0.00E+00  0.00E+00
  32 5.03E-05  10582.0  5.88E-02  7.93E-02  0.00E+00  0.00E+00  0.00E+00
  33 5.97E-05  10695.7  6.30E-02  8.02E-02  0.00E+00  0.00E+00  0.00E+00
  34 7.10E-05  10808.8  6.14E-02  8.10E-02  0.00E+00  0.00E+00  0.00E+00
  35 8.46E-05  10919.8  5.89E-02  8.19E-02  0.00E+00  0.00E+00  0.00E+00
  36 1.01E-04  11029.3  5.68E-02  8.27E-02  0.00E+00  0.00E+00  0.00E+00
  37 1.21E-04  11140.7  5.64E-02  8.36E-02  0.00E+00  0.00E+00  0.00E+00
  38 1.45E-04  11252.4  5.51E-02  8.45E-02  0.00E+00  0.00E+00  0.00E+00
  39 1.74E-04  11368.4  5.58E-02  8.54E-02  0.00E+00  0.00E+00  0.00E+00
  40 2.10E-04  11491.8  5.80E-02  8.63E-02  0.00E+00  0.00E+00  0.00E+00
  41 2.54E-04  11627.2  6.20E-02  8.73E-02  0.00E+00  0.00E+00  0.00E+00
  42 3.08E-04  11779.6  6.81E-02  8.84E-02  0.00E+00  0.00E+00  0.00E+00
  43 3.73E-04  11955.3  7.67E-02  8.96E-02  0.00E+00  0.00E+00  0.00E+00
  44 4.54E-04  12163.3  8.88E-02  9.10E-02  0.00E+00  0.00E+00  0.00E+00
  45 5.51E-04  12415.4  1.05E-01  9.26E-02  9.05E-06  0.00E+00  9.05E-06
  46 6.71E-04  12725.7  1.26E-01  9.47E-02  8.08E-05  0.00E+00  8.08E-05
  47 8.16E-04  13110.0  1.52E-01  9.75E-02  2.24E-04  0.00E+00  2.24E-04
  48 9.93E-04  13580.8  1.80E-01  1.02E-01  3.19E-04  0.00E+00  3.19E-04
  49 1.21E-03  14145.5  2.06E-01  1.08E-01  2.50E-04  0.00E+00  2.50E-04
  50 1.48E-03  14804.1  2.25E-01  1.17E-01  1.05E-04  0.00E+00  1.05E-04
  51 1.82E-03  15550.4  2.36E-01  1.30E-01  2.45E-05  0.00E+00  2.45E-05
  52 2.27E-03  16378.1  2.37E-01  1.51E-01  3.15E-06  0.00E+00  3.15E-06
  53 2.87E-03  17286.4  2.32E-01  1.75E-01  2.77E-07  0.00E+00  2.77E-07
  54 3.67E-03  18284.8  2.27E-01  2.05E-01  5.59E-09  0.00E+00  5.59E-09
  55 4.77E-03  19392.0  2.24E-01  2.39E-01  0.00E+00  0.00E+00  0.00E+00
  56 6.29E-03  20633.5  2.25E-01  2.74E-01  0.00E+00  0.00E+00  0.00E+00
  57 8.37E-03  22030.1  2.29E-01  3.06E-01  0.00E+00  0.00E+00  0.00E+00
  58 1.12E-02  23595.3  2.37E-01  3.33E-01  0.00E+00  0.00E+00  0.00E+00
  59 1.49E-02  25339.4  2.46E-01  3.54E-01  0.00E+00  0.00E+00  0.00E+00
  60 1.99E-02  27269.9  2.56E-01  3.69E-01  0.00E+00  0.00E+00  0.00E+00
  61 2.64E-02  29393.5  2.66E-01  3.80E-01  0.00E+00  0.00E+00  0.00E+00
  62 3.48E-02  31717.9  2.75E-01  3.87E-01  0.00E+00  0.00E+00  0.00E+00
  63 4.58E-02  34251.4  2.81E-01  3.91E-01  0.00E+00  0.00E+00  0.00E+00
  64 6.02E-02  37003.4  2.82E-01  3.94E-01  0.00E+00  0.00E+00  0.00E+00
  65 7.96E-02  39984.1  2.77E-01  3.96E-01  0.00E+00  0.00E+00  0.00E+00
  66 1.07E-01  43207.0  2.65E-01  3.97E-01  0.00E+00  0.00E+00  0.00E+00
  67 1.46E-01  46692.4  2.47E-01  3.98E-01  0.00E+00  0.00E+00  0.00E+00
  68 2.05E-01  50470.8  2.29E-01  3.98E-01  0.00E+00  0.00E+00  0.00E+00
  69 2.96E-01  54581.4  2.14E-01  3.99E-01  0.00E+00  0.00E+00  0.00E+00
  70 4.35E-01  59067.8  2.05E-01  3.99E-01  0.00E+00  0.00E+00  0.00E+00

convective zone between depths (inclusive)  45  54

 end rybsol

**********
 ITERATION:  2
**********

 before inilam
 after inilam
 after linsel
 NTRANS         136
 ilam           1
 after opaini in ilam           1
 after ratsp1i in ilam           1
 after newpop in ilam           1
 after output
 after radpre
 HMIX0  0.59999999999999998     
dad -3.2320E-19 -3.2320E-19 -7.6027E-16

 RYBHEQ in iter   2
   id      dm          dens        pgs0          pra          pradfc      grad        log grad

   1   6.6591E-08   4.2027E-12   6.6587E+00   7.1046E+01   3.1382E+00   6.3954E+03   3.8059E+00
   2   9.1110E-08   5.7621E-12   9.1106E+00   7.1046E+01   3.1382E+00   1.1790E+03   3.0715E+00
   3   1.2379E-07   7.8506E-12   1.2379E+01   7.1046E+01   3.1382E+00   6.4964E+02   2.8127E+00
   4   1.6699E-07   1.0536E-11   1.6699E+01   7.1046E+01   3.0514E+00   7.4644E+02   2.8730E+00
   5   2.2355E-07   1.3822E-11   2.2354E+01   7.1046E+01   2.8226E+00   9.5705E+02   2.9809E+00
   6   2.9679E-07   1.8528E-11   2.9678E+01   7.1046E+01   2.8756E+00   5.3784E+02   2.7307E+00
   7   3.9052E-07   2.4944E-11   3.9051E+01   7.1046E+01   3.0243E+00   5.8457E+02   2.7668E+00
   8   5.0902E-07   3.3256E-11   5.0902E+01   7.1046E+01   3.1382E+00   9.0585E+02   2.9571E+00
   9   6.5709E-07   4.3374E-11   6.5708E+01   7.1046E+01   3.1382E+00   1.2486E+03   3.0964E+00
  10   8.4002E-07   5.6118E-11   8.4001E+01   7.1046E+01   3.1382E+00   1.4575E+03   3.1636E+00
  11   1.0637E-06   7.2043E-11   1.0637E+02   7.1047E+01   3.1382E+00   1.6643E+03   3.2212E+00
  12   1.3350E-06   9.1806E-11   1.3350E+02   7.1047E+01   3.1382E+00   1.8469E+03   3.2664E+00
  13   1.6614E-06   1.1619E-10   1.6614E+02   7.1048E+01   3.1382E+00   2.0048E+03   3.3021E+00
  14   2.0518E-06   1.4612E-10   2.0518E+02   7.1049E+01   3.1382E+00   2.1540E+03   3.3332E+00
  15   2.5165E-06   1.8272E-10   2.5165E+02   7.1050E+01   3.1382E+00   2.3233E+03   3.3661E+00
  16   3.0677E-06   2.2731E-10   3.0676E+02   7.1051E+01   3.1382E+00   2.5775E+03   3.4112E+00
  17   3.7195E-06   2.7031E-10   3.7194E+02   7.1053E+01   2.9743E+00   3.1540E+03   3.4989E+00
  18   4.4888E-06   3.1867E-10   4.4887E+02   7.1056E+01   2.8036E+00   3.5970E+03   3.5559E+00
  19   5.3954E-06   3.7414E-10   5.3953E+02   7.1060E+01   2.6414E+00   3.9773E+03   3.5996E+00
  20   6.4628E-06   4.3987E-10   6.4627E+02   7.1064E+01   2.5056E+00   4.2669E+03   3.6301E+00
  21   7.7188E-06   5.1818E-10   7.7186E+02   7.1070E+01   2.3940E+00   4.5106E+03   3.6542E+00
  22   9.1962E-06   6.1269E-10   9.1959E+02   7.1077E+01   2.3089E+00   4.7024E+03   3.6723E+00
  23   1.0934E-05   7.2933E-10   1.0934E+03   7.1085E+01   2.2563E+00   4.8341E+03   3.6843E+00
  24   1.2981E-05   8.7611E-10   1.2980E+03   7.1095E+01   2.2389E+00   4.9432E+03   3.6940E+00
  25   1.5391E-05   1.0638E-09   1.5390E+03   7.1108E+01   2.2568E+00   5.0802E+03   3.7059E+00
  26   1.8232E-05   1.3049E-09   1.8232E+03   7.1123E+01   2.3048E+00   5.2936E+03   3.7237E+00
  27   2.1586E-05   1.6100E-09   2.1585E+03   7.1141E+01   2.3681E+00   5.5967E+03   3.7479E+00
  28   2.5550E-05   1.9806E-09   2.5549E+03   7.1165E+01   2.4222E+00   5.9736E+03   3.7762E+00
  29   3.0243E-05   2.4089E-09   3.0242E+03   7.1195E+01   2.4416E+00   6.4356E+03   3.8086E+00
  30   3.5809E-05   2.8848E-09   3.5807E+03   7.1234E+01   2.4136E+00   7.0330E+03   3.8471E+00
  31   4.2427E-05   3.4101E-09   4.2424E+03   7.1286E+01   2.3456E+00   7.7952E+03   3.8918E+00
  32   5.0316E-05   4.0033E-09   5.0312E+03   7.1355E+01   2.2570E+00   8.7101E+03   3.9400E+00
  33   5.9745E-05   4.6952E-09   5.9741E+03   7.1447E+01   2.1653E+00   9.7386E+03   3.9885E+00
  34   7.1049E-05   5.5200E-09   7.1044E+03   7.1569E+01   2.0796E+00   1.0856E+04   4.0357E+00
  35   8.4644E-05   6.5103E-09   8.4637E+03   7.1733E+01   2.0010E+00   1.2068E+04   4.0816E+00
  36   1.0105E-04   7.7029E-09   1.0104E+04   7.1953E+01   1.9285E+00   1.3395E+04   4.1269E+00
  37   1.2090E-04   9.1369E-09   1.2089E+04   7.2248E+01   1.8602E+00   1.4869E+04   4.1723E+00
  38   1.4501E-04   1.0872E-08   1.4500E+04   7.2646E+01   1.7972E+00   1.6490E+04   4.2172E+00
  39   1.7439E-04   1.2966E-08   1.7437E+04   7.3184E+01   1.7378E+00   1.8301E+04   4.2625E+00
  40   2.1025E-04   1.5485E-08   2.1022E+04   7.3914E+01   1.6809E+00   2.0356E+04   4.3087E+00
  41   2.5410E-04   1.8497E-08   2.5407E+04   7.4910E+01   1.6256E+00   2.2721E+04   4.3564E+00
  42   3.0777E-04   2.2068E-08   3.0771E+04   7.6277E+01   1.5712E+00   2.5470E+04   4.4060E+00
  43   3.7340E-04   2.6249E-08   3.7333E+04   7.8161E+01   1.5175E+00   2.8709E+04   4.4580E+00
  44   4.5359E-04   3.1052E-08   4.5349E+04   8.0774E+01   1.4637E+00   3.2580E+04   4.5130E+00
  45   5.5139E-04   3.6433E-08   5.5126E+04   8.4412E+01   1.4091E+00   3.7203E+04   4.5706E+00
  46   6.7052E-04   4.2282E-08   6.7033E+04   8.9498E+01   1.3535E+00   4.2692E+04   4.6303E+00
  47   8.1556E-04   4.8445E-08   8.1530E+04   9.6610E+01   1.2971E+00   4.9032E+04   4.6905E+00
  48   9.9259E-04   5.4843E-08   9.9224E+04   1.0649E+02   1.2416E+00   5.5827E+04   4.7468E+00
  49   1.2102E-03   6.1613E-08   1.2097E+05   1.2003E+02   1.1890E+00   6.2227E+04   4.7940E+00
  50   1.4811E-03   6.9223E-08   1.4805E+05   1.3823E+02   1.1414E+00   6.7147E+04   4.8270E+00
  51   1.8250E-03   7.8453E-08   1.8241E+05   1.6223E+02   1.1003E+00   6.9801E+04   4.8439E+00
  52   2.2716E-03   9.0283E-08   2.2704E+05   1.9358E+02   1.0670E+00   7.0187E+04   4.8463E+00
  53   2.8655E-03   1.0585E-07   2.8638E+05   2.3456E+02   1.0419E+00   6.9017E+04   4.8390E+00
  54   3.6701E-03   1.2646E-07   3.6679E+05   2.8870E+02   1.0244E+00   6.7284E+04   4.8279E+00
  55   4.7723E-03   1.5360E-07   4.7694E+05   3.6129E+02   1.0133E+00   6.5858E+04   4.8186E+00
  56   6.2897E-03   1.8901E-07   6.2858E+05   4.6012E+02   1.0068E+00   6.5130E+04   4.8138E+00
  57   8.3677E-03   2.3444E-07   8.3625E+05   5.9582E+02   1.0033E+00   6.5305E+04   4.8149E+00
  58   1.1179E-02   2.9147E-07   1.1172E+06   7.8268E+02   1.0015E+00   6.6476E+04   4.8227E+00
  59   1.4936E-02   3.6181E-07   1.4926E+06   1.0401E+03   1.0006E+00   6.8525E+04   4.8358E+00
  60   1.9897E-02   4.4717E-07   1.9883E+06   1.3946E+03   1.0002E+00   7.1447E+04   4.8540E+00
  61   2.6381E-02   5.4945E-07   2.6362E+06   1.8820E+03   9.9998E-01   7.5176E+04   4.8761E+00
  62   3.4804E-02   6.7126E-07   3.4780E+06   2.5515E+03   9.9988E-01   7.9469E+04   4.9002E+00
  63   4.5760E-02   8.1682E-07   4.5726E+06   3.4695E+03   9.9984E-01   8.3802E+04   4.9233E+00
  64   6.0164E-02   9.9368E-07   6.0117E+06   4.7261E+03   9.9979E-01   8.7235E+04   4.9407E+00
  65   7.9558E-02   1.2157E-06   7.9494E+06   6.4421E+03   9.9966E-01   8.8479E+04   4.9468E+00
  66   1.0662E-01   1.5074E-06   1.0653E+07   8.7806E+03   9.9928E-01   8.6426E+04   4.9366E+00
  67   1.4593E-01   1.9090E-06   1.4581E+07   1.1965E+04   9.9841E-01   8.1003E+04   4.9085E+00
  68   2.0505E-01   2.4814E-06   2.0488E+07   1.6306E+04   9.9672E-01   7.3437E+04   4.8659E+00
  69   2.9566E-01   3.3086E-06   2.9544E+07   2.2236E+04   9.9368E-01   6.5431E+04   4.8158E+00
  70   4.3493E-01   4.4974E-06   4.3462E+07   3.0342E+04   9.8858E-01   5.8206E+04   4.7650E+00
 before if(lfin) F

before psy0 - nfreqe,in       0       2       0       1       0       0       1

 =========  LINEARIZATION, ITER =           2

reint1.1.1.1.1.1.1.1.1.1.1.1.1.1.1.1.1.1.1.1.1.1.1.1.1.1.1.1.1.1.1.1.1.1.1.
     1.1.1.1.1.1.1.1.1.1.1.1.1.1.1.1.1.1.1.1.1.1.1.1.1.1.1.1.1.1.1.1.1.1.1.
redif0.0.0.0.0.0.0.0.0.0.0.0.0.0.0.0.0.0.0.0.0.0.0.0.0.0.0.0.0.0.0.0.0.0.0.
     0.1.1.1.1.1.1.1.1.1.1.1.1.1.1.1.1.1.1.1.1.1.1.1.1.1.1.1.1.1.1.1.1.1.1.
u -1.40E+04 -1.36E-04  8.37E-01  2.00E+00 -1.67E+04 -1.67E+04  6.83E+07  1.23E-08  1.33E-04  1.90E+00
 ===== end of RYBCHN in ITER           2
 conout imod,iprin           1           1


  ID    DM        TEMP      DELTA  DELTA(AD)  CON/TOT  RAD/TOT  (C+R)/TOT


   1 6.66E-08   7787.5  0.00E+00  0.00E+00  0.00E+00  0.00E+00  0.00E+00
   2 9.11E-08   8662.4  3.30E+00  0.00E+00  0.00E+00  0.00E+00  0.00E+00
   3 1.24E-07   8658.1 -1.20E-02  0.00E+00  0.00E+00  0.00E+00  0.00E+00
   4 1.67E-07   8647.3 -2.38E-02  0.00E+00  0.00E+00  0.00E+00  0.00E+00
   5 2.24E-07   8735.3  1.57E-01  0.00E+00  0.00E+00  0.00E+00  0.00E+00
   6 2.97E-07   8684.3 -7.52E-02  0.00E+00  0.00E+00  0.00E+00  0.00E+00
   7 3.91E-07   8775.4  1.14E-01  0.00E+00  0.00E+00  0.00E+00  0.00E+00
   8 5.09E-07   8920.1  1.56E-01  0.00E+00  0.00E+00  0.00E+00  0.00E+00
   9 6.57E-07   9025.8  1.00E-01  0.00E+00  0.00E+00  0.00E+00  0.00E+00
  10 8.40E-07   9126.7  8.67E-02  0.00E+00  0.00E+00  0.00E+00  0.00E+00
  11 1.06E-06   9222.6  7.62E-02  0.00E+00  0.00E+00  0.00E+00  0.00E+00
  12 1.33E-06   9304.4  6.11E-02  0.00E+00  0.00E+00  0.00E+00  0.00E+00
  13 1.66E-06   9373.7  4.94E-02  0.00E+00  0.00E+00  0.00E+00  0.00E+00
  14 2.05E-06   9434.1  4.17E-02  0.00E+00  0.00E+00  0.00E+00  0.00E+00
  15 2.52E-06   9488.3  3.65E-02  0.00E+00  0.00E+00  0.00E+00  0.00E+00
  16 3.07E-06   9538.8  3.34E-02  0.00E+00  0.00E+00  0.00E+00  0.00E+00
  17 3.72E-06   9631.3  6.02E-02  0.00E+00  0.00E+00  0.00E+00  0.00E+00
  18 4.49E-06   9728.6  6.24E-02  0.00E+00  0.00E+00  0.00E+00  0.00E+00
  19 5.40E-06   9827.3  6.25E-02  0.00E+00  0.00E+00  0.00E+00  0.00E+00
  20 6.46E-06   9920.0  5.80E-02  0.00E+00  0.00E+00  0.00E+00  0.00E+00
  21 7.72E-06  10004.7  5.25E-02  0.00E+00  0.00E+00  0.00E+00  0.00E+00
  22 9.20E-06  10078.2  4.52E-02  0.00E+00  0.00E+00  0.00E+00  0.00E+00
  23 1.09E-05  10136.2  3.54E-02  0.00E+00  0.00E+00  0.00E+00  0.00E+00
  24 1.30E-05  10178.7  2.58E-02  0.00E+00  0.00E+00  0.00E+00  0.00E+00
  25 1.54E-05  10210.4  1.91E-02  0.00E+00  0.00E+00  0.00E+00  0.00E+00
  26 1.82E-05  10237.8  1.65E-02  0.00E+00  0.00E+00  0.00E+00  0.00E+00
  27 2.16E-05  10266.5  1.72E-02  0.00E+00  0.00E+00  0.00E+00  0.00E+00
  28 2.56E-05  10301.8  2.09E-02  0.00E+00  0.00E+00  0.00E+00  0.00E+00
  29 3.02E-05  10343.9  2.48E-02  0.00E+00  0.00E+00  0.00E+00  0.00E+00
  30 3.58E-05  10390.6  2.72E-02  0.00E+00  0.00E+00  0.00E+00  0.00E+00
  31 4.24E-05  10440.8  2.89E-02  0.00E+00  0.00E+00  0.00E+00  0.00E+00
  32 5.03E-05  10496.1  3.14E-02  7.90E-02  0.00E+00  0.00E+00  0.00E+00
  33 5.97E-05  10557.5  3.44E-02  7.96E-02  0.00E+00  0.00E+00  0.00E+00
  34 7.10E-05  10624.3  3.68E-02  8.03E-02  0.00E+00  0.00E+00  0.00E+00
  35 8.46E-05  10696.7  3.91E-02  8.10E-02  0.00E+00  0.00E+00  0.00E+00
  36 1.01E-04  10774.3  4.11E-02  8.18E-02  0.00E+00  0.00E+00  0.00E+00
  37 1.21E-04  10858.1  4.35E-02  8.26E-02  0.00E+00  0.00E+00  0.00E+00
  38 1.45E-04  10950.9  4.70E-02  8.34E-02  0.00E+00  0.00E+00  0.00E+00
  39 1.74E-04  11053.8  5.09E-02  8.43E-02  0.00E+00  0.00E+00  0.00E+00
  40 2.10E-04  11169.3  5.58E-02  8.53E-02  0.00E+00  0.00E+00  0.00E+00
  41 2.54E-04  11301.6  6.23E-02  8.63E-02  0.00E+00  0.00E+00  0.00E+00
  42 3.08E-04  11455.4  7.07E-02  8.73E-02  0.00E+00  0.00E+00  0.00E+00
  43 3.73E-04  11636.7  8.14E-02  8.84E-02  0.00E+00  0.00E+00  0.00E+00
  44 4.54E-04  11855.5  9.59E-02  8.97E-02  2.68E-06  0.00E+00  2.68E-06
  45 5.51E-04  12123.4  1.15E-01  9.11E-02  7.74E-05  0.00E+00  7.74E-05
  46 6.71E-04  12451.6  1.37E-01  9.29E-02  2.84E-04  0.00E+00  2.84E-04
  47 8.16E-04  12857.5  1.64E-01  9.53E-02  6.04E-04  0.00E+00  6.04E-04
  48 9.93E-04  13360.1  1.95E-01  9.90E-02  8.32E-04  0.00E+00  8.32E-04
  49 1.21E-03  13969.2  2.25E-01  1.05E-01  6.66E-04  0.00E+00  6.66E-04
  50 1.48E-03  14676.1  2.44E-01  1.14E-01  2.69E-04  0.00E+00  2.69E-04
  51 1.82E-03  15462.9  2.50E-01  1.27E-01  5.56E-05  0.00E+00  5.56E-05
  52 2.27E-03  16318.4  2.46E-01  1.48E-01  6.25E-06  0.00E+00  6.25E-06
  53 2.87E-03  17243.1  2.37E-01  1.72E-01  4.88E-07  0.00E+00  4.88E-07
  54 3.67E-03  18250.3  2.29E-01  2.03E-01  1.08E-08  0.00E+00  1.08E-08
  55 4.77E-03  19362.6  2.25E-01  2.38E-01  0.00E+00  0.00E+00  0.00E+00
  56 6.29E-03  20607.3  2.26E-01  2.72E-01  0.00E+00  0.00E+00  0.00E+00
  57 8.37E-03  22006.6  2.30E-01  3.05E-01  0.00E+00  0.00E+00  0.00E+00
  58 1.12E-02  23574.5  2.38E-01  3.32E-01  0.00E+00  0.00E+00  0.00E+00
  59 1.49E-02  25321.1  2.47E-01  3.54E-01  0.00E+00  0.00E+00  0.00E+00
  60 1.99E-02  27253.5  2.56E-01  3.69E-01  0.00E+00  0.00E+00  0.00E+00
  61 2.64E-02  29378.6  2.66E-01  3.80E-01  0.00E+00  0.00E+00  0.00E+00
  62 3.48E-02  31703.8  2.75E-01  3.87E-01  0.00E+00  0.00E+00  0.00E+00
  63 4.58E-02  34237.9  2.81E-01  3.91E-01  0.00E+00  0.00E+00  0.00E+00
  64 6.02E-02  36990.2  2.83E-01  3.94E-01  0.00E+00  0.00E+00  0.00E+00
  65 7.96E-02  39971.4  2.77E-01  3.96E-01  0.00E+00  0.00E+00  0.00E+00
  66 1.07E-01  43195.4  2.65E-01  3.97E-01  0.00E+00  0.00E+00  0.00E+00
  67 1.46E-01  46682.8  2.47E-01  3.98E-01  0.00E+00  0.00E+00  0.00E+00
  68 2.05E-01  50463.2  2.29E-01  3.98E-01  0.00E+00  0.00E+00  0.00E+00
  69 2.96E-01  54575.3  2.14E-01  3.99E-01  0.00E+00  0.00E+00  0.00E+00
  70 4.35E-01  59062.0  2.05E-01  3.99E-01  0.00E+00  0.00E+00  0.00E+00

convective zone between depths (inclusive)  44  54

 end rybsol

**********
 ITERATION:  3
**********

 before inilam
 after inilam
 after linsel
 NTRANS         136
 ilam           1
 after opaini in ilam           1
 after ratsp1i in ilam           1
 after newpop in ilam           1
 after output
 after radpre
 HMIX0  0.59999999999999998     
dad -4.2707E-19 -1.1109E-18 -2.0239E-15

 RYBHEQ in iter   3
   id      dm          dens        pgs0          pra          pradfc      grad        log grad

   1   6.6591E-08   6.7562E-12   6.6581E+00   6.9515E+01   7.4967E+00   1.6016E+04   4.2046E+00
   2   9.1110E-08   6.8683E-12   9.1099E+00   6.9515E+01   4.8967E+00   1.4143E+03   3.1505E+00
   3   1.2379E-07   9.5238E-12   1.2378E+01   6.9515E+01   4.9064E+00   5.5188E+02   2.7418E+00
   4   1.6699E-07   1.3186E-11   1.6698E+01   6.9515E+01   4.9310E+00   6.6290E+02   2.8214E+00
   5   2.2355E-07   1.7597E-11   2.2354E+01   6.9515E+01   4.7353E+00   8.4181E+02   2.9252E+00
   6   2.9679E-07   2.4420E-11   2.9677E+01   6.9516E+01   4.8475E+00   8.8676E+02   2.9478E+00
   7   3.9052E-07   3.1997E-11   3.9050E+01   6.9516E+01   4.6494E+00   1.1304E+03   3.0532E+00
   8   5.0902E-07   4.0744E-11   5.0901E+01   6.9516E+01   4.3550E+00   1.2957E+03   3.1125E+00
   9   6.5709E-07   5.2078E-11   6.5707E+01   6.9516E+01   4.1544E+00   1.4053E+03   3.1478E+00
  10   8.4002E-07   6.6010E-11   8.4000E+01   6.9516E+01   3.9739E+00   1.5421E+03   3.1881E+00
  11   1.0637E-06   8.2984E-11   1.0637E+02   6.9517E+01   3.8111E+00   1.6759E+03   3.2242E+00
  12   1.3350E-06   1.0383E-10   1.3350E+02   6.9517E+01   3.6788E+00   1.7932E+03   3.2536E+00
  13   1.6614E-06   1.2930E-10   1.6614E+02   6.9518E+01   3.5713E+00   1.9042E+03   3.2797E+00
  14   2.0518E-06   1.6021E-10   2.0518E+02   6.9519E+01   3.4807E+00   2.0182E+03   3.3050E+00
  15   2.5165E-06   1.9749E-10   2.5165E+02   6.9520E+01   3.4020E+00   2.1449E+03   3.3314E+00
  16   3.0677E-06   2.4217E-10   3.0676E+02   6.9521E+01   3.3306E+00   2.3016E+03   3.3620E+00
  17   3.7195E-06   2.9114E-10   3.7194E+02   6.9522E+01   3.2045E+00   2.5758E+03   3.4109E+00
  18   4.4888E-06   3.4780E-10   4.4887E+02   6.9525E+01   3.0783E+00   2.8416E+03   3.4536E+00
  19   5.3954E-06   4.1365E-10   5.3953E+02   6.9527E+01   2.9566E+00   3.1157E+03   3.4936E+00
  20   6.4628E-06   4.9125E-10   6.4627E+02   6.9531E+01   2.8478E+00   3.3807E+03   3.5290E+00
  21   7.7188E-06   5.8324E-10   7.7186E+02   6.9536E+01   2.7528E+00   3.6456E+03   3.5618E+00
  22   9.1962E-06   6.9323E-10   9.1960E+02   6.9541E+01   2.6735E+00   3.9088E+03   3.5920E+00
  23   1.0934E-05   8.2639E-10   1.0934E+03   6.9549E+01   2.6132E+00   4.1662E+03   3.6197E+00
  24   1.2981E-05   9.8837E-10   1.2980E+03   6.9558E+01   2.5701E+00   4.4328E+03   3.6467E+00
  25   1.5391E-05   1.1848E-09   1.5390E+03   6.9569E+01   2.5388E+00   4.7272E+03   3.6746E+00
  26   1.8232E-05   1.4210E-09   1.8232E+03   6.9584E+01   2.5122E+00   5.0610E+03   3.7042E+00
  27   2.1586E-05   1.7027E-09   2.1585E+03   6.9602E+01   2.4848E+00   5.4354E+03   3.7352E+00
  28   2.5550E-05   2.0357E-09   2.5549E+03   6.9625E+01   2.4519E+00   5.8556E+03   3.7676E+00
  29   3.0243E-05   2.4286E-09   3.0242E+03   6.9655E+01   2.4131E+00   6.3195E+03   3.8007E+00
  30   3.5809E-05   2.8946E-09   3.5807E+03   6.9693E+01   2.3713E+00   6.8258E+03   3.8342E+00
  31   4.2427E-05   3.4489E-09   4.2425E+03   6.9741E+01   2.3277E+00   7.3779E+03   3.8679E+00
  32   5.0316E-05   4.1076E-09   5.0313E+03   6.9805E+01   2.2811E+00   7.9916E+03   3.9026E+00
  33   5.9745E-05   4.8903E-09   5.9741E+03   6.9886E+01   2.2311E+00   8.6810E+03   3.9386E+00
  34   7.1049E-05   5.8235E-09   7.1045E+03   6.9993E+01   2.1788E+00   9.4547E+03   3.9756E+00
  35   8.4644E-05   6.9385E-09   8.4638E+03   7.0134E+01   2.1247E+00   1.0325E+04   4.0139E+00
  36   1.0105E-04   8.2752E-09   1.0104E+04   7.0319E+01   2.0696E+00   1.1306E+04   4.0533E+00
  37   1.2090E-04   9.8793E-09   1.2089E+04   7.0566E+01   2.0135E+00   1.2419E+04   4.0941E+00
  38   1.4501E-04   1.1801E-08   1.4500E+04   7.0896E+01   1.9553E+00   1.3698E+04   4.1367E+00
  39   1.7439E-04   1.4103E-08   1.7437E+04   7.1342E+01   1.8953E+00   1.5180E+04   4.1813E+00
  40   2.1025E-04   1.6853E-08   2.1023E+04   7.1949E+01   1.8335E+00   1.6922E+04   4.2284E+00
  41   2.5410E-04   2.0117E-08   2.5407E+04   7.2782E+01   1.7695E+00   1.9003E+04   4.2788E+00
  42   3.0777E-04   2.3955E-08   3.0772E+04   7.3937E+01   1.7029E+00   2.1523E+04   4.3329E+00
  43   3.7340E-04   2.8408E-08   3.7334E+04   7.5553E+01   1.6342E+00   2.4616E+04   4.3912E+00
  44   4.5359E-04   3.3462E-08   4.5351E+04   7.7836E+01   1.5627E+00   2.8479E+04   4.4545E+00
  45   5.5139E-04   3.9040E-08   5.5128E+04   8.1094E+01   1.4889E+00   3.3309E+04   4.5226E+00
  46   6.7052E-04   4.5017E-08   6.7036E+04   8.5773E+01   1.4152E+00   3.9274E+04   4.5941E+00
  47   8.1556E-04   5.1175E-08   8.1533E+04   9.2510E+01   1.3426E+00   4.6450E+04   4.6670E+00
  48   9.9259E-04   5.7320E-08   9.9227E+04   1.0216E+02   1.2718E+00   5.4533E+04   4.7367E+00
  49   1.2102E-03   6.3568E-08   1.2097E+05   1.1575E+02   1.2057E+00   6.2455E+04   4.7956E+00
  50   1.4811E-03   7.0568E-08   1.4805E+05   1.3431E+02   1.1483E+00   6.8497E+04   4.8357E+00
  51   1.8250E-03   7.9308E-08   1.8241E+05   1.5887E+02   1.1022E+00   7.1413E+04   4.8538E+00
  52   2.2716E-03   9.0832E-08   2.2704E+05   1.9076E+02   1.0670E+00   7.1407E+04   4.8537E+00
  53   2.8655E-03   1.0623E-07   2.8638E+05   2.3214E+02   1.0415E+00   6.9680E+04   4.8431E+00
  54   3.6701E-03   1.2677E-07   3.6679E+05   2.8648E+02   1.0242E+00   6.7532E+04   4.8295E+00
  55   4.7723E-03   1.5389E-07   4.7694E+05   3.5910E+02   1.0133E+00   6.5882E+04   4.8188E+00
  56   6.2897E-03   1.8929E-07   6.2858E+05   4.5782E+02   1.0069E+00   6.5060E+04   4.8133E+00
  57   8.3677E-03   2.3471E-07   8.3625E+05   5.9334E+02   1.0034E+00   6.5217E+04   4.8144E+00
  58   1.1179E-02   2.9175E-07   1.1172E+06   7.7997E+02   1.0016E+00   6.6394E+04   4.8221E+00
  59   1.4936E-02   3.6209E-07   1.4926E+06   1.0372E+03   1.0007E+00   6.8453E+04   4.8354E+00
  60   1.9897E-02   4.4745E-07   1.9883E+06   1.3913E+03   1.0002E+00   7.1378E+04   4.8536E+00
  61   2.6381E-02   5.4974E-07   2.6362E+06   1.8782E+03   9.9999E-01   7.5102E+04   4.8756E+00
  62   3.4804E-02   6.7157E-07   3.4780E+06   2.5470E+03   9.9988E-01   7.9387E+04   4.8998E+00
  63   4.5760E-02   8.1715E-07   4.5726E+06   3.4640E+03   9.9984E-01   8.3713E+04   4.9228E+00
  64   6.0164E-02   9.9404E-07   6.0117E+06   4.7193E+03   9.9979E-01   8.7147E+04   4.9403E+00
  65   7.9558E-02   1.2161E-06   7.9494E+06   6.4339E+03   9.9966E-01   8.8405E+04   4.9465E+00
  66   1.0662E-01   1.5078E-06   1.0653E+07   8.7713E+03   9.9928E-01   8.6382E+04   4.9364E+00
  67   1.4593E-01   1.9094E-06   1.4581E+07   1.1955E+04   9.9841E-01   8.0991E+04   4.9084E+00
  68   2.0505E-01   2.4818E-06   2.0488E+07   1.6297E+04   9.9672E-01   7.3439E+04   4.8659E+00
  69   2.9566E-01   3.3090E-06   2.9544E+07   2.2226E+04   9.9369E-01   6.5430E+04   4.8158E+00
  70   4.3493E-01   4.4979E-06   4.3462E+07   3.0330E+04   9.8858E-01   5.8193E+04   4.7649E+00
 before if(lfin) F

before psy0 - nfreqe,in       0       2       0       1       0       0       1

 =========  LINEARIZATION, ITER =           3

reint1.1.1.1.1.1.1.1.1.1.1.1.1.1.1.1.1.1.1.1.1.1.1.1.1.1.1.1.1.1.1.1.1.1.1.
     1.1.1.1.1.1.1.1.1.1.1.1.1.1.1.1.1.1.1.1.1.1.1.1.1.1.1.1.1.1.1.1.1.1.1.
redif0.0.0.0.0.0.0.0.0.0.0.0.0.0.0.0.0.0.0.0.0.0.0.0.0.0.0.0.0.0.0.0.0.0.0.
     0.1.1.1.1.1.1.1.1.1.1.1.1.1.1.1.1.1.1.1.1.1.1.1.1.1.1.1.1.1.1.1.1.1.1.
u -9.80E+03 -1.18E-04  7.04E-01  2.00E+00 -1.39E+04 -1.39E+04  5.74E+07  1.23E-08  9.00E-05  1.15E+00
 ===== end of RYBCHN in ITER           3
 conout imod,iprin           1           1


  ID    DM        TEMP      DELTA  DELTA(AD)  CON/TOT  RAD/TOT  (C+R)/TOT


   1 6.66E-08   7896.7  0.00E+00  0.00E+00  0.00E+00  0.00E+00  0.00E+00
   2 9.11E-08   8506.5  2.30E+00  0.00E+00  0.00E+00  0.00E+00  0.00E+00
   3 1.24E-07   8568.5  1.75E-01  0.00E+00  0.00E+00  0.00E+00  0.00E+00
   4 1.67E-07   8612.0  9.67E-02  0.00E+00  0.00E+00  0.00E+00  0.00E+00
   5 2.24E-07   8664.4  9.39E-02  0.00E+00  0.00E+00  0.00E+00  0.00E+00
   6 2.97E-07   8704.8  5.97E-02  0.00E+00  0.00E+00  0.00E+00  0.00E+00
   7 3.91E-07   8768.9  8.02E-02  0.00E+00  0.00E+00  0.00E+00  0.00E+00
   8 5.09E-07   8847.2  8.46E-02  0.00E+00  0.00E+00  0.00E+00  0.00E+00
   9 6.57E-07   8933.8  8.30E-02  0.00E+00  0.00E+00  0.00E+00  0.00E+00
  10 8.40E-07   9024.6  7.89E-02  0.00E+00  0.00E+00  0.00E+00  0.00E+00
  11 1.06E-06   9118.7  7.56E-02  0.00E+00  0.00E+00  0.00E+00  0.00E+00
  12 1.33E-06   9212.2  7.06E-02  0.00E+00  0.00E+00  0.00E+00  0.00E+00
  13 1.66E-06   9303.4  6.56E-02  0.00E+00  0.00E+00  0.00E+00  0.00E+00
  14 2.05E-06   9391.8  6.13E-02  0.00E+00  0.00E+00  0.00E+00  0.00E+00
  15 2.52E-06   9477.8  5.81E-02  0.00E+00  0.00E+00  0.00E+00  0.00E+00
  16 3.07E-06   9561.3  5.51E-02  0.00E+00  0.00E+00  0.00E+00  0.00E+00
  17 3.72E-06   9646.0  5.50E-02  0.00E+00  0.00E+00  0.00E+00  0.00E+00
  18 4.49E-06   9723.4  4.96E-02  0.00E+00  0.00E+00  0.00E+00  0.00E+00
  19 5.40E-06   9795.8  4.59E-02  0.00E+00  0.00E+00  0.00E+00  0.00E+00
  20 6.46E-06   9863.8  4.28E-02  0.00E+00  0.00E+00  0.00E+00  0.00E+00
  21 7.72E-06   9927.6  3.98E-02  0.00E+00  0.00E+00  0.00E+00  0.00E+00
  22 9.20E-06   9986.8  3.67E-02  0.00E+00  0.00E+00  0.00E+00  0.00E+00
  23 1.09E-05  10040.6  3.31E-02  0.00E+00  0.00E+00  0.00E+00  0.00E+00
  24 1.30E-05  10090.0  3.02E-02  0.00E+00  0.00E+00  0.00E+00  0.00E+00
  25 1.54E-05  10136.4  2.83E-02  0.00E+00  0.00E+00  0.00E+00  0.00E+00
  26 1.82E-05  10181.6  2.73E-02  0.00E+00  0.00E+00  0.00E+00  0.00E+00
  27 2.16E-05  10226.9  2.72E-02  0.00E+00  0.00E+00  0.00E+00  0.00E+00
  28 2.56E-05  10273.9  2.80E-02  0.00E+00  0.00E+00  0.00E+00  0.00E+00
  29 3.02E-05  10321.4  2.80E-02  0.00E+00  0.00E+00  0.00E+00  0.00E+00
  30 3.58E-05  10369.9  2.83E-02  0.00E+00  0.00E+00  0.00E+00  0.00E+00
  31 4.24E-05  10419.8  2.88E-02  0.00E+00  0.00E+00  0.00E+00  0.00E+00
  32 5.03E-05  10471.9  2.96E-02  7.89E-02  0.00E+00  0.00E+00  0.00E+00
  33 5.97E-05  10526.7  3.08E-02  7.95E-02  0.00E+00  0.00E+00  0.00E+00
  34 7.10E-05  10584.9  3.22E-02  8.02E-02  0.00E+00  0.00E+00  0.00E+00
  35 8.46E-05  10647.9  3.42E-02  8.09E-02  0.00E+00  0.00E+00  0.00E+00
  36 1.01E-04  10715.9  3.62E-02  8.17E-02  0.00E+00  0.00E+00  0.00E+00
  37 1.21E-04  10790.1  3.87E-02  8.25E-02  0.00E+00  0.00E+00  0.00E+00
  38 1.45E-04  10874.7  4.32E-02  8.34E-02  0.00E+00  0.00E+00  0.00E+00
  39 1.74E-04  10970.6  4.78E-02  8.43E-02  0.00E+00  0.00E+00  0.00E+00
  40 2.10E-04  11080.6  5.35E-02  8.52E-02  0.00E+00  0.00E+00  0.00E+00
  41 2.54E-04  11208.8  6.09E-02  8.62E-02  0.00E+00  0.00E+00  0.00E+00
  42 3.08E-04  11360.6  7.04E-02  8.72E-02  0.00E+00  0.00E+00  0.00E+00
  43 3.73E-04  11542.5  8.23E-02  8.83E-02  0.00E+00  0.00E+00  0.00E+00
  44 4.54E-04  11766.8  9.91E-02  8.95E-02  1.23E-05  0.00E+00  1.23E-05
  45 5.51E-04  12039.3  1.17E-01  9.08E-02  1.36E-04  0.00E+00  1.36E-04
  46 6.71E-04  12371.9  1.39E-01  9.25E-02  4.16E-04  0.00E+00  4.16E-04
  47 8.16E-04  12781.8  1.67E-01  9.48E-02  8.04E-04  0.00E+00  8.04E-04
  48 9.93E-04  13289.9  1.99E-01  9.83E-02  1.07E-03  0.00E+00  1.07E-03
  49 1.21E-03  13910.2  2.30E-01  1.04E-01  8.62E-04  0.00E+00  8.62E-04
  50 1.48E-03  14632.9  2.51E-01  1.13E-01  3.47E-04  0.00E+00  3.47E-04
  51 1.82E-03  15434.6  2.56E-01  1.27E-01  6.89E-05  0.00E+00  6.89E-05
  52 2.27E-03  16301.1  2.50E-01  1.47E-01  7.43E-06  0.00E+00  7.43E-06
  53 2.87E-03  17233.1  2.39E-01  1.72E-01  5.64E-07  0.00E+00  5.64E-07
  54 3.67E-03  18244.7  2.31E-01  2.03E-01  1.30E-08  0.00E+00  1.30E-08
  55 4.77E-03  19359.5  2.26E-01  2.37E-01  0.00E+00  0.00E+00  0.00E+00
  56 6.29E-03  20605.5  2.26E-01  2.72E-01  0.00E+00  0.00E+00  0.00E+00
  57 8.37E-03  22005.7  2.30E-01  3.05E-01  0.00E+00  0.00E+00  0.00E+00
  58 1.12E-02  23574.1  2.38E-01  3.32E-01  0.00E+00  0.00E+00  0.00E+00
  59 1.49E-02  25321.1  2.47E-01  3.54E-01  0.00E+00  0.00E+00  0.00E+00
  60 1.99E-02  27253.7  2.56E-01  3.69E-01  0.00E+00  0.00E+00  0.00E+00
  61 2.64E-02  29378.9  2.66E-01  3.80E-01  0.00E+00  0.00E+00  0.00E+00
  62 3.48E-02  31704.2  2.75E-01  3.87E-01  0.00E+00  0.00E+00  0.00E+00
  63 4.58E-02  34238.2  2.81E-01  3.91E-01  0.00E+00  0.00E+00  0.00E+00
  64 6.02E-02  36990.5  2.83E-01  3.94E-01  0.00E+00  0.00E+00  0.00E+00
  65 7.96E-02  39971.6  2.77E-01  3.96E-01  0.00E+00  0.00E+00  0.00E+00
  66 1.07E-01  43195.7  2.65E-01  3.97E-01  0.00E+00  0.00E+00  0.00E+00
  67 1.46E-01  46683.0  2.47E-01  3.98E-01  0.00E+00  0.00E+00  0.00E+00
  68 2.05E-01  50463.4  2.29E-01  3.98E-01  0.00E+00  0.00E+00  0.00E+00
  69 2.96E-01  54575.4  2.14E-01  3.99E-01  0.00E+00  0.00E+00  0.00E+00
  70 4.35E-01  59062.2  2.05E-01  3.99E-01  0.00E+00  0.00E+00  0.00E+00

convective zone between depths (inclusive)  44  54

 end rybsol

**********
 ITERATION:  4
**********

 before inilam
 after inilam
 after linsel
 NTRANS         136
 ilam           1
 after opaini in ilam           1
 after ratsp1i in ilam           1
 after newpop in ilam           1
 after output
 after radpre
 HMIX0  0.59999999999999998     
dad -4.2957E-19 -1.4790E-18 -2.2835E-15

 RYBHEQ in iter   4
   id      dm          dens        pgs0          pra          pradfc      grad        log grad

   1   6.6591E-08   6.4108E-12   6.6580E+00   6.9156E+01   7.0536E+00   1.6832E+04   4.2261E+00
   2   9.1110E-08   7.1651E-12   9.1099E+00   6.9156E+01   5.2384E+00   1.1133E+03   3.0466E+00
   3   1.2379E-07   9.7777E-12   1.2378E+01   6.9156E+01   5.0884E+00   6.2983E+02   2.7992E+00
   4   1.6699E-07   1.3336E-11   1.6698E+01   6.9156E+01   4.9865E+00   6.9062E+02   2.8392E+00
   5   2.2355E-07   1.8012E-11   2.2354E+01   6.9156E+01   4.8669E+00   7.9175E+02   2.8986E+00
   6   2.9679E-07   2.4241E-11   2.9677E+01   6.9156E+01   4.7772E+00   8.9566E+02   2.9521E+00
   7   3.9052E-07   3.2070E-11   3.9050E+01   6.9156E+01   4.6389E+00   1.0348E+03   3.0148E+00
   8   5.0902E-07   4.1807E-11   5.0901E+01   6.9157E+01   4.4770E+00   1.1766E+03   3.0706E+00
   9   6.5709E-07   5.3785E-11   6.5707E+01   6.9157E+01   4.3059E+00   1.3213E+03   3.1210E+00
  10   8.4002E-07   6.8390E-11   8.4000E+01   6.9157E+01   4.1353E+00   1.4673E+03   3.1665E+00
  11   1.0637E-06   8.5999E-11   1.0637E+02   6.9157E+01   3.9672E+00   1.6160E+03   3.2084E+00
  12   1.3350E-06   1.0715E-10   1.3350E+02   6.9158E+01   3.8086E+00   1.7620E+03   3.2460E+00
  13   1.6614E-06   1.3243E-10   1.6614E+02   6.9159E+01   3.6615E+00   1.9073E+03   3.2804E+00
  14   2.0518E-06   1.6253E-10   2.0518E+02   6.9159E+01   3.5256E+00   2.0560E+03   3.3130E+00
  15   2.5165E-06   1.9819E-10   2.5165E+02   6.9160E+01   3.3994E+00   2.2116E+03   3.3447E+00
  16   3.0677E-06   2.4034E-10   3.0676E+02   6.9162E+01   3.2823E+00   2.3728E+03   3.3753E+00
  17   3.7195E-06   2.8972E-10   3.7194E+02   6.9163E+01   3.1686E+00   2.5524E+03   3.4070E+00
  18   4.4888E-06   3.4840E-10   4.4887E+02   6.9165E+01   3.0690E+00   2.7381E+03   3.4375E+00
  19   5.3954E-06   4.1792E-10   5.3953E+02   6.9168E+01   2.9794E+00   2.9455E+03   3.4692E+00
  20   6.4628E-06   5.0024E-10   6.4627E+02   6.9171E+01   2.8981E+00   3.1715E+03   3.5013E+00
  21   7.7188E-06   5.9783E-10   7.7186E+02   6.9176E+01   2.8245E+00   3.4160E+03   3.5335E+00
  22   9.1962E-06   7.1375E-10   9.1960E+02   6.9181E+01   2.7584E+00   3.6787E+03   3.5657E+00
  23   1.0934E-05   8.5191E-10   1.0934E+03   6.9188E+01   2.7000E+00   3.9593E+03   3.5976E+00
  24   1.2981E-05   1.0167E-09   1.2980E+03   6.9197E+01   2.6479E+00   4.2629E+03   3.6297E+00
  25   1.5391E-05   1.2130E-09   1.5390E+03   6.9208E+01   2.6001E+00   4.5926E+03   3.6621E+00
  26   1.8232E-05   1.4466E-09   1.8232E+03   6.9222E+01   2.5547E+00   4.9515E+03   3.6947E+00
  27   2.1586E-05   1.7242E-09   2.1585E+03   6.9240E+01   2.5104E+00   5.3412E+03   3.7276E+00
  28   2.5550E-05   2.0535E-09   2.5549E+03   6.9263E+01   2.4656E+00   5.7638E+03   3.7607E+00
  29   3.0243E-05   2.4457E-09   3.0242E+03   6.9292E+01   2.4216E+00   6.2156E+03   3.7935E+00
  30   3.5809E-05   2.9131E-09   3.5807E+03   6.9329E+01   2.3779E+00   6.7054E+03   3.8264E+00
  31   4.2427E-05   3.4709E-09   4.2425E+03   6.9377E+01   2.3342E+00   7.2365E+03   3.8595E+00
  32   5.0316E-05   4.1375E-09   5.0313E+03   6.9439E+01   2.2902E+00   7.8150E+03   3.8929E+00
  33   5.9745E-05   4.9351E-09   5.9741E+03   6.9518E+01   2.2455E+00   8.4506E+03   3.9269E+00
  34   7.1049E-05   5.8907E-09   7.1045E+03   6.9622E+01   2.1998E+00   9.1544E+03   3.9616E+00
  35   8.4644E-05   7.0361E-09   8.4638E+03   6.9757E+01   2.1523E+00   9.9411E+03   3.9974E+00
  36   1.0105E-04   8.4120E-09   1.0104E+04   6.9935E+01   2.1035E+00   1.0827E+04   4.0345E+00
  37   1.2090E-04   1.0067E-08   1.2089E+04   7.0170E+01   2.0532E+00   1.1831E+04   4.0730E+00
  38   1.4501E-04   1.2047E-08   1.4500E+04   7.0483E+01   1.9989E+00   1.2995E+04   4.1138E+00
  39   1.7439E-04   1.4419E-08   1.7437E+04   7.0905E+01   1.9415E+00   1.4359E+04   4.1571E+00
  40   2.1025E-04   1.7249E-08   2.1023E+04   7.1478E+01   1.8806E+00   1.5982E+04   4.2036E+00
  41   2.5410E-04   2.0602E-08   2.5407E+04   7.2265E+01   1.8158E+00   1.7947E+04   4.2540E+00
  42   3.0777E-04   2.4536E-08   3.0772E+04   7.3358E+01   1.7467E+00   2.0363E+04   4.3088E+00
  43   3.7340E-04   2.9081E-08   3.7335E+04   7.4892E+01   1.6735E+00   2.3382E+04   4.3689E+00
  44   4.5359E-04   3.4195E-08   4.5351E+04   7.7077E+01   1.5946E+00   2.7241E+04   4.4352E+00
  45   5.5139E-04   3.9834E-08   5.5128E+04   8.0217E+01   1.5144E+00   3.2110E+04   4.5066E+00
  46   6.7052E-04   4.5860E-08   6.7036E+04   8.4764E+01   1.4350E+00   3.8169E+04   4.5817E+00
  47   8.1556E-04   5.2046E-08   8.1534E+04   9.1368E+01   1.3577E+00   4.5530E+04   4.6583E+00
  48   9.9259E-04   5.8159E-08   9.9228E+04   1.0092E+02   1.2831E+00   5.3941E+04   4.7319E+00
  49   1.2102E-03   6.4261E-08   1.2097E+05   1.1449E+02   1.2128E+00   6.2365E+04   4.7949E+00
  50   1.4811E-03   7.1043E-08   1.4805E+05   1.3315E+02   1.1519E+00   6.8894E+04   4.8382E+00
  51   1.8250E-03   7.9594E-08   1.8241E+05   1.5791E+02   1.1036E+00   7.2010E+04   4.8574E+00
  52   2.2716E-03   9.0994E-08   2.2704E+05   1.9004E+02   1.0675E+00   7.1931E+04   4.8569E+00
  53   2.8655E-03   1.0633E-07   2.8638E+05   2.3163E+02   1.0416E+00   7.0032E+04   4.8453E+00
  54   3.6701E-03   1.2682E-07   3.6679E+05   2.8613E+02   1.0242E+00   6.7733E+04   4.8308E+00
  55   4.7723E-03   1.5392E-07   4.7694E+05   3.5886E+02   1.0133E+00   6.5986E+04   4.8195E+00
  56   6.2897E-03   1.8931E-07   6.2858E+05   4.5766E+02   1.0069E+00   6.5111E+04   4.8137E+00
  57   8.3677E-03   2.3472E-07   8.3625E+05   5.9324E+02   1.0034E+00   6.5245E+04   4.8145E+00
  58   1.1179E-02   2.9175E-07   1.1172E+06   7.7992E+02   1.0016E+00   6.6413E+04   4.8223E+00
  59   1.4936E-02   3.6209E-07   1.4926E+06   1.0372E+03   1.0007E+00   6.8465E+04   4.8355E+00
  60   1.9897E-02   4.4744E-07   1.9883E+06   1.3913E+03   1.0002E+00   7.1386E+04   4.8536E+00
  61   2.6381E-02   5.4973E-07   2.6362E+06   1.8783E+03   9.9999E-01   7.5106E+04   4.8757E+00
  62   3.4804E-02   6.7156E-07   3.4780E+06   2.5471E+03   9.9988E-01   7.9390E+04   4.8998E+00
  63   4.5760E-02   8.1714E-07   4.5726E+06   3.4642E+03   9.9984E-01   8.3716E+04   4.9228E+00
  64   6.0164E-02   9.9404E-07   6.0117E+06   4.7195E+03   9.9979E-01   8.7149E+04   4.9403E+00
  65   7.9558E-02   1.2161E-06   7.9494E+06   6.4341E+03   9.9966E-01   8.8407E+04   4.9465E+00
  66   1.0662E-01   1.5078E-06   1.0653E+07   8.7715E+03   9.9928E-01   8.6383E+04   4.9364E+00
  67   1.4593E-01   1.9094E-06   1.4581E+07   1.1956E+04   9.9841E-01   8.0991E+04   4.9084E+00
  68   2.0505E-01   2.4818E-06   2.0488E+07   1.6297E+04   9.9672E-01   7.3439E+04   4.8659E+00
  69   2.9566E-01   3.3089E-06   2.9544E+07   2.2226E+04   9.9369E-01   6.5430E+04   4.8158E+00
  70   4.3493E-01   4.4979E-06   4.3462E+07   3.0330E+04   9.8858E-01   5.8193E+04   4.7649E+00
 before if(lfin) F

before psy0 - nfreqe,in       0       2       0       1       0       0       1

 =========  LINEARIZATION, ITER =           4

reint1.1.1.1.1.1.1.1.1.1.1.1.1.1.1.1.1.1.1.1.1.1.1.1.1.1.1.1.1.1.1.1.1.1.1.
     1.1.1.1.1.1.1.1.1.1.1.1.1.1.1.1.1.1.1.1.1.1.1.1.1.1.1.1.1.1.1.1.1.1.1.
redif0.0.0.0.0.0.0.0.0.0.0.0.0.0.0.0.0.0.0.0.0.0.0.0.0.0.0.0.0.0.0.0.0.0.0.
     0.1.1.1.1.1.1.1.1.1.1.1.1.1.1.1.1.1.1.1.1.1.1.1.1.1.1.1.1.1.1.1.1.1.1.
u -9.18E+03 -5.48E-05  6.82E-01  2.00E+00 -1.35E+04 -1.35E+04  5.56E+07  1.23E-08  8.88E-05  5.03E-01
 ===== end of RYBCHN in ITER           4
 conout imod,iprin           1           1


  ID    DM        TEMP      DELTA  DELTA(AD)  CON/TOT  RAD/TOT  (C+R)/TOT


   1 6.66E-08   7918.7  0.00E+00  0.00E+00  0.00E+00  0.00E+00  0.00E+00
   2 9.11E-08   8501.1  2.20E+00  0.00E+00  0.00E+00  0.00E+00  0.00E+00
   3 1.24E-07   8565.8  1.83E-01  0.00E+00  0.00E+00  0.00E+00  0.00E+00
   4 1.67E-07   8613.4  1.06E-01  0.00E+00  0.00E+00  0.00E+00  0.00E+00
   5 2.24E-07   8662.1  8.72E-02  0.00E+00  0.00E+00  0.00E+00  0.00E+00
   6 2.97E-07   8712.6  7.46E-02  0.00E+00  0.00E+00  0.00E+00  0.00E+00
   7 3.91E-07   8771.3  7.34E-02  0.00E+00  0.00E+00  0.00E+00  0.00E+00
   8 5.09E-07   8838.2  7.24E-02  0.00E+00  0.00E+00  0.00E+00  0.00E+00
   9 6.57E-07   8919.3  7.79E-02  0.00E+00  0.00E+00  0.00E+00  0.00E+00
  10 8.40E-07   9006.2  7.56E-02  0.00E+00  0.00E+00  0.00E+00  0.00E+00
  11 1.06E-06   9098.9  7.45E-02  0.00E+00  0.00E+00  0.00E+00  0.00E+00
  12 1.33E-06   9194.2  7.21E-02  0.00E+00  0.00E+00  0.00E+00  0.00E+00
  13 1.66E-06   9289.6  6.88E-02  0.00E+00  0.00E+00  0.00E+00  0.00E+00
  14 2.05E-06   9383.3  6.50E-02  0.00E+00  0.00E+00  0.00E+00  0.00E+00
  15 2.52E-06   9474.4  6.15E-02  0.00E+00  0.00E+00  0.00E+00  0.00E+00
  16 3.07E-06   9562.4  5.81E-02  0.00E+00  0.00E+00  0.00E+00  0.00E+00
  17 3.72E-06   9645.7  5.41E-02  0.00E+00  0.00E+00  0.00E+00  0.00E+00
  18 4.49E-06   9721.4  4.85E-02  0.00E+00  0.00E+00  0.00E+00  0.00E+00
  19 5.40E-06   9791.4  4.44E-02  0.00E+00  0.00E+00  0.00E+00  0.00E+00
  20 6.46E-06   9856.7  4.11E-02  0.00E+00  0.00E+00  0.00E+00  0.00E+00
  21 7.72E-06   9917.7  3.81E-02  0.00E+00  0.00E+00  0.00E+00  0.00E+00
  22 9.20E-06   9974.5  3.53E-02  0.00E+00  0.00E+00  0.00E+00  0.00E+00
  23 1.09E-05  10027.4  3.26E-02  0.00E+00  0.00E+00  0.00E+00  0.00E+00
  24 1.30E-05  10077.5  3.07E-02  0.00E+00  0.00E+00  0.00E+00  0.00E+00
  25 1.54E-05  10125.6  2.93E-02  0.00E+00  0.00E+00  0.00E+00  0.00E+00
  26 1.82E-05  10172.6  2.84E-02  0.00E+00  0.00E+00  0.00E+00  0.00E+00
  27 2.16E-05  10219.3  2.81E-02  0.00E+00  0.00E+00  0.00E+00  0.00E+00
  28 2.56E-05  10267.2  2.85E-02  0.00E+00  0.00E+00  0.00E+00  0.00E+00
  29 3.02E-05  10315.1  2.83E-02  0.00E+00  0.00E+00  0.00E+00  0.00E+00
  30 3.58E-05  10363.7  2.84E-02  0.00E+00  0.00E+00  0.00E+00  0.00E+00
  31 4.24E-05  10413.6  2.88E-02  0.00E+00  0.00E+00  0.00E+00  0.00E+00
  32 5.03E-05  10465.4  2.95E-02  7.89E-02  0.00E+00  0.00E+00  0.00E+00
  33 5.97E-05  10519.6  3.05E-02  7.95E-02  0.00E+00  0.00E+00  0.00E+00
  34 7.10E-05  10577.1  3.17E-02  8.02E-02  0.00E+00  0.00E+00  0.00E+00
  35 8.46E-05  10639.0  3.36E-02  8.09E-02  0.00E+00  0.00E+00  0.00E+00
  36 1.01E-04  10705.8  3.56E-02  8.17E-02  0.00E+00  0.00E+00  0.00E+00
  37 1.21E-04  10778.4  3.79E-02  8.25E-02  0.00E+00  0.00E+00  0.00E+00
  38 1.45E-04  10861.3  4.24E-02  8.34E-02  0.00E+00  0.00E+00  0.00E+00
  39 1.74E-04  10955.4  4.70E-02  8.42E-02  0.00E+00  0.00E+00  0.00E+00
  40 2.10E-04  11063.6  5.27E-02  8.52E-02  0.00E+00  0.00E+00  0.00E+00
  41 2.54E-04  11190.2  6.02E-02  8.62E-02  0.00E+00  0.00E+00  0.00E+00
  42 3.08E-04  11340.5  6.98E-02  8.72E-02  0.00E+00  0.00E+00  0.00E+00
  43 3.73E-04  11521.9  8.23E-02  8.83E-02  0.00E+00  0.00E+00  0.00E+00
  44 4.54E-04  11746.9  9.96E-02  8.94E-02  1.56E-05  0.00E+00  1.56E-05
  45 5.51E-04  12020.2  1.18E-01  9.08E-02  1.55E-04  0.00E+00  1.55E-04
  46 6.71E-04  12353.6  1.40E-01  9.24E-02  4.59E-04  0.00E+00  4.59E-04
  47 8.16E-04  12764.4  1.67E-01  9.47E-02  8.69E-04  0.00E+00  8.69E-04
  48 9.93E-04  13273.5  1.99E-01  9.82E-02  1.14E-03  0.00E+00  1.14E-03
  49 1.21E-03  13896.1  2.31E-01  1.04E-01  9.16E-04  0.00E+00  9.16E-04
  50 1.48E-03  14622.5  2.52E-01  1.13E-01  3.68E-04  0.00E+00  3.68E-04
  51 1.82E-03  15428.0  2.57E-01  1.26E-01  7.24E-05  0.00E+00  7.24E-05
  52 2.27E-03  16297.4  2.50E-01  1.47E-01  7.73E-06  0.00E+00  7.73E-06
  53 2.87E-03  17231.3  2.40E-01  1.72E-01  5.83E-07  0.00E+00  5.83E-07
  54 3.67E-03  18243.9  2.31E-01  2.03E-01  1.35E-08  0.00E+00  1.35E-08
  55 4.77E-03  19359.2  2.26E-01  2.37E-01  0.00E+00  0.00E+00  0.00E+00
  56 6.29E-03  20605.4  2.26E-01  2.72E-01  0.00E+00  0.00E+00  0.00E+00
  57 8.37E-03  22005.7  2.30E-01  3.05E-01  0.00E+00  0.00E+00  0.00E+00
  58 1.12E-02  23574.2  2.38E-01  3.32E-01  0.00E+00  0.00E+00  0.00E+00
  59 1.49E-02  25321.1  2.47E-01  3.54E-01  0.00E+00  0.00E+00  0.00E+00
  60 1.99E-02  27253.7  2.56E-01  3.69E-01  0.00E+00  0.00E+00  0.00E+00
  61 2.64E-02  29378.9  2.66E-01  3.80E-01  0.00E+00  0.00E+00  0.00E+00
  62 3.48E-02  31704.2  2.75E-01  3.87E-01  0.00E+00  0.00E+00  0.00E+00
  63 4.58E-02  34238.2  2.81E-01  3.91E-01  0.00E+00  0.00E+00  0.00E+00
  64 6.02E-02  36990.5  2.83E-01  3.94E-01  0.00E+00  0.00E+00  0.00E+00
  65 7.96E-02  39971.6  2.77E-01  3.96E-01  0.00E+00  0.00E+00  0.00E+00
  66 1.07E-01  43195.7  2.65E-01  3.97E-01  0.00E+00  0.00E+00  0.00E+00
  67 1.46E-01  46683.0  2.47E-01  3.98E-01  0.00E+00  0.00E+00  0.00E+00
  68 2.05E-01  50463.4  2.29E-01  3.98E-01  0.00E+00  0.00E+00  0.00E+00
  69 2.96E-01  54575.4  2.14E-01  3.99E-01  0.00E+00  0.00E+00  0.00E+00
  70 4.35E-01  59062.2  2.05E-01  3.99E-01  0.00E+00  0.00E+00  0.00E+00

convective zone between depths (inclusive)  44  54

 end rybsol

**********
 ITERATION:  5
**********

 before inilam
 after inilam
 after linsel
 NTRANS         136
 ilam           1
 after opaini in ilam           1
 after ratsp1i in ilam           1
 after newpop in ilam           1
 after output
 after radpre
 HMIX0  0.59999999999999998     
dad -4.2951E-19 -1.4945E-18 -2.2925E-15

 RYBHEQ in iter   5
   id      dm          dens        pgs0          pra          pradfc      grad        log grad

   1   6.6591E-08   6.3460E-12   6.6580E+00   6.9079E+01   6.9681E+00   1.6975E+04   4.2298E+00
   2   9.1110E-08   7.1767E-12   9.1099E+00   6.9079E+01   5.2460E+00   1.0851E+03   3.0355E+00
   3   1.2379E-07   9.7859E-12   1.2378E+01   6.9079E+01   5.0892E+00   6.2848E+02   2.7983E+00
   4   1.6699E-07   1.3329E-11   1.6698E+01   6.9079E+01   4.9776E+00   6.8756E+02   2.8373E+00
   5   2.2355E-07   1.8026E-11   2.2354E+01   6.9079E+01   4.8667E+00   7.8190E+02   2.8932E+00
   6   2.9679E-07   2.4174E-11   2.9677E+01   6.9079E+01   4.7549E+00   8.9128E+02   2.9500E+00
   7   3.9052E-07   3.2043E-11   3.9050E+01   6.9079E+01   4.6288E+00   1.0172E+03   3.0074E+00
   8   5.0902E-07   4.1942E-11   5.0901E+01   6.9079E+01   4.4901E+00   1.1548E+03   3.0625E+00
   9   6.5709E-07   5.4067E-11   6.5707E+01   6.9080E+01   4.3291E+00   1.3023E+03   3.1147E+00
  10   8.4002E-07   6.8843E-11   8.4000E+01   6.9080E+01   4.1644E+00   1.4489E+03   3.1611E+00
  11   1.0637E-06   8.6607E-11   1.0637E+02   6.9080E+01   3.9974E+00   1.6004E+03   3.2042E+00
  12   1.3350E-06   1.0783E-10   1.3350E+02   6.9081E+01   3.8342E+00   1.7523E+03   3.2436E+00
  13   1.6614E-06   1.3306E-10   1.6614E+02   6.9081E+01   3.6791E+00   1.9049E+03   3.2799E+00
  14   2.0518E-06   1.6300E-10   2.0518E+02   6.9082E+01   3.5345E+00   2.0600E+03   3.3139E+00
  15   2.5165E-06   1.9842E-10   2.5165E+02   6.9083E+01   3.4005E+00   2.2195E+03   3.3463E+00
  16   3.0677E-06   2.4025E-10   3.0676E+02   6.9084E+01   3.2771E+00   2.3803E+03   3.3766E+00
  17   3.7195E-06   2.8974E-10   3.7194E+02   6.9086E+01   3.1654E+00   2.5466E+03   3.4060E+00
  18   4.4888E-06   3.4863E-10   4.4887E+02   6.9088E+01   3.0681E+00   2.7250E+03   3.4354E+00
  19   5.3954E-06   4.1852E-10   5.3953E+02   6.9091E+01   2.9814E+00   2.9253E+03   3.4662E+00
  20   6.4628E-06   5.0141E-10   6.4627E+02   6.9094E+01   2.9033E+00   3.1455E+03   3.4977E+00
  21   7.7188E-06   5.9977E-10   7.7186E+02   6.9098E+01   2.8327E+00   3.3847E+03   3.5295E+00
  22   9.1962E-06   7.1660E-10   9.1960E+02   6.9104E+01   2.7689E+00   3.6446E+03   3.5616E+00
  23   1.0934E-05   8.5555E-10   1.0934E+03   6.9111E+01   2.7112E+00   3.9267E+03   3.5940E+00
  24   1.2981E-05   1.0208E-09   1.2980E+03   6.9119E+01   2.6581E+00   4.2340E+03   3.6268E+00
  25   1.5391E-05   1.2172E-09   1.5390E+03   6.9130E+01   2.6083E+00   4.5669E+03   3.6596E+00
  26   1.8232E-05   1.4508E-09   1.8232E+03   6.9144E+01   2.5610E+00   4.9269E+03   3.6926E+00
  27   2.1586E-05   1.7283E-09   2.1585E+03   6.9162E+01   2.5151E+00   5.3164E+03   3.7256E+00
  28   2.5550E-05   2.0579E-09   2.5549E+03   6.9185E+01   2.4693E+00   5.7371E+03   3.7587E+00
  29   3.0243E-05   2.4505E-09   3.0242E+03   6.9214E+01   2.4248E+00   6.1857E+03   3.7914E+00
  30   3.5809E-05   2.9187E-09   3.5807E+03   6.9251E+01   2.3809E+00   6.6720E+03   3.8243E+00
  31   4.2427E-05   3.4775E-09   4.2425E+03   6.9299E+01   2.3372E+00   7.1991E+03   3.8573E+00
  32   5.0316E-05   4.1456E-09   5.0313E+03   6.9360E+01   2.2933E+00   7.7723E+03   3.8906E+00
  33   5.9745E-05   4.9453E-09   5.9741E+03   6.9439E+01   2.2489E+00   8.4006E+03   3.9243E+00
  34   7.1049E-05   5.9041E-09   7.1045E+03   6.9542E+01   2.2038E+00   9.0950E+03   3.9588E+00
  35   8.4644E-05   7.0539E-09   8.4638E+03   6.9676E+01   2.1570E+00   9.8698E+03   3.9943E+00
  36   1.0105E-04   8.4361E-09   1.0104E+04   6.9852E+01   2.1090E+00   1.0741E+04   4.0310E+00
  37   1.2090E-04   1.0099E-08   1.2089E+04   7.0085E+01   2.0596E+00   1.1726E+04   4.0692E+00
  38   1.4501E-04   1.2091E-08   1.4500E+04   7.0396E+01   2.0063E+00   1.2869E+04   4.1095E+00
  39   1.7439E-04   1.4477E-08   1.7437E+04   7.0813E+01   1.9497E+00   1.4207E+04   4.1525E+00
  40   2.1025E-04   1.7325E-08   2.1023E+04   7.1379E+01   1.8895E+00   1.5800E+04   4.1987E+00
  41   2.5410E-04   2.0701E-08   2.5407E+04   7.2157E+01   1.8252E+00   1.7733E+04   4.2488E+00
  42   3.0777E-04   2.4661E-08   3.0772E+04   7.3237E+01   1.7562E+00   2.0115E+04   4.3035E+00
  43   3.7340E-04   2.9230E-08   3.7335E+04   7.4753E+01   1.6823E+00   2.3108E+04   4.3638E+00
  44   4.5359E-04   3.4362E-08   4.5351E+04   7.6915E+01   1.6021E+00   2.6956E+04   4.4307E+00
  45   5.5139E-04   4.0017E-08   5.5129E+04   8.0028E+01   1.5205E+00   3.1829E+04   4.5028E+00
  46   6.7052E-04   4.6056E-08   6.7036E+04   8.4543E+01   1.4397E+00   3.7906E+04   4.5787E+00
  47   8.1556E-04   5.2249E-08   8.1534E+04   9.1115E+01   1.3613E+00   4.5306E+04   4.6562E+00
  48   9.9259E-04   5.8358E-08   9.9228E+04   1.0064E+02   1.2858E+00   5.3790E+04   4.7307E+00
  49   1.2102E-03   6.4430E-08   1.2097E+05   1.1420E+02   1.2147E+00   6.2329E+04   4.7947E+00
  50   1.4811E-03   7.1157E-08   1.4805E+05   1.3289E+02   1.1529E+00   6.8984E+04   4.8387E+00
  51   1.8250E-03   7.9661E-08   1.8241E+05   1.5770E+02   1.1040E+00   7.2159E+04   4.8583E+00
  52   2.2716E-03   9.1030E-08   2.2704E+05   1.8989E+02   1.0676E+00   7.2066E+04   4.8577E+00
  53   2.8655E-03   1.0634E-07   2.8638E+05   2.3153E+02   1.0416E+00   7.0124E+04   4.8459E+00
  54   3.6701E-03   1.2683E-07   3.6679E+05   2.8607E+02   1.0242E+00   6.7786E+04   4.8311E+00
  55   4.7723E-03   1.5392E-07   4.7694E+05   3.5884E+02   1.0133E+00   6.6012E+04   4.8196E+00
  56   6.2897E-03   1.8931E-07   6.2858E+05   4.5765E+02   1.0069E+00   6.5122E+04   4.8137E+00
  57   8.3677E-03   2.3472E-07   8.3625E+05   5.9324E+02   1.0034E+00   6.5249E+04   4.8146E+00
  58   1.1179E-02   2.9175E-07   1.1172E+06   7.7992E+02   1.0016E+00   6.6414E+04   4.8223E+00
  59   1.4936E-02   3.6209E-07   1.4926E+06   1.0372E+03   1.0007E+00   6.8466E+04   4.8355E+00
  60   1.9897E-02   4.4744E-07   1.9883E+06   1.3913E+03   1.0002E+00   7.1386E+04   4.8536E+00
  61   2.6381E-02   5.4973E-07   2.6362E+06   1.8783E+03   9.9999E-01   7.5106E+04   4.8757E+00
  62   3.4804E-02   6.7156E-07   3.4780E+06   2.5471E+03   9.9988E-01   7.9390E+04   4.8998E+00
  63   4.5760E-02   8.1714E-07   4.5726E+06   3.4642E+03   9.9984E-01   8.3715E+04   4.9228E+00
  64   6.0164E-02   9.9404E-07   6.0117E+06   4.7195E+03   9.9979E-01   8.7148E+04   4.9403E+00
  65   7.9558E-02   1.2161E-06   7.9494E+06   6.4341E+03   9.9966E-01   8.8407E+04   4.9465E+00
  66   1.0662E-01   1.5078E-06   1.0653E+07   8.7715E+03   9.9928E-01   8.6383E+04   4.9364E+00
  67   1.4593E-01   1.9094E-06   1.4581E+07   1.1956E+04   9.9841E-01   8.0991E+04   4.9084E+00
  68   2.0505E-01   2.4818E-06   2.0488E+07   1.6297E+04   9.9672E-01   7.3439E+04   4.8659E+00
  69   2.9566E-01   3.3089E-06   2.9544E+07   2.2226E+04   9.9369E-01   6.5430E+04   4.8158E+00
  70   4.3493E-01   4.4979E-06   4.3462E+07   3.0330E+04   9.8858E-01   5.8193E+04   4.7649E+00
 before if(lfin) F

before psy0 - nfreqe,in       0       2       0       1       0       0       1

 =========  LINEARIZATION, ITER =           5

reint1.1.1.1.1.1.1.1.1.1.1.1.1.1.1.1.1.1.1.1.1.1.1.1.1.1.1.1.1.1.1.1.1.1.1.
     1.1.1.1.1.1.1.1.1.1.1.1.1.1.1.1.1.1.1.1.1.1.1.1.1.1.1.1.1.1.1.1.1.1.1.
redif0.0.0.0.0.0.0.0.0.0.0.0.0.0.0.0.0.0.0.0.0.0.0.0.0.0.0.0.0.0.0.0.0.0.0.
     0.1.1.1.1.1.1.1.1.1.1.1.1.1.1.1.1.1.1.1.1.1.1.1.1.1.1.1.1.1.1.1.1.1.1.
u -9.10E+03 -5.20E-05  6.79E-01  2.00E+00 -1.34E+04 -1.34E+04  5.54E+07  1.23E-08  8.86E-05  4.74E-01
 ===== end of RYBCHN in ITER           5
 conout imod,iprin           1           1


  ID    DM        TEMP      DELTA  DELTA(AD)  CON/TOT  RAD/TOT  (C+R)/TOT


   1 6.66E-08   7919.6  0.00E+00  0.00E+00  0.00E+00  0.00E+00  0.00E+00
   2 9.11E-08   8500.7  2.19E+00  0.00E+00  0.00E+00  0.00E+00  0.00E+00
   3 1.24E-07   8565.9  1.84E-01  0.00E+00  0.00E+00  0.00E+00  0.00E+00
   4 1.67E-07   8613.9  1.07E-01  0.00E+00  0.00E+00  0.00E+00  0.00E+00
   5 2.24E-07   8662.4  8.69E-02  0.00E+00  0.00E+00  0.00E+00  0.00E+00
   6 2.97E-07   8713.6  7.56E-02  0.00E+00  0.00E+00  0.00E+00  0.00E+00
   7 3.91E-07   8771.8  7.26E-02  0.00E+00  0.00E+00  0.00E+00  0.00E+00
   8 5.09E-07   8837.4  7.10E-02  0.00E+00  0.00E+00  0.00E+00  0.00E+00
   9 6.57E-07   8917.4  7.68E-02  0.00E+00  0.00E+00  0.00E+00  0.00E+00
  10 8.40E-07   9003.4  7.49E-02  0.00E+00  0.00E+00  0.00E+00  0.00E+00
  11 1.06E-06   9095.7  7.42E-02  0.00E+00  0.00E+00  0.00E+00  0.00E+00
  12 1.33E-06   9191.2  7.23E-02  0.00E+00  0.00E+00  0.00E+00  0.00E+00
  13 1.66E-06   9287.3  6.93E-02  0.00E+00  0.00E+00  0.00E+00  0.00E+00
  14 2.05E-06   9381.7  6.56E-02  0.00E+00  0.00E+00  0.00E+00  0.00E+00
  15 2.52E-06   9473.5  6.20E-02  0.00E+00  0.00E+00  0.00E+00  0.00E+00
  16 3.07E-06   9562.1  5.85E-02  0.00E+00  0.00E+00  0.00E+00  0.00E+00
  17 3.72E-06   9645.0  5.39E-02  0.00E+00  0.00E+00  0.00E+00  0.00E+00
  18 4.49E-06   9720.6  4.84E-02  0.00E+00  0.00E+00  0.00E+00  0.00E+00
  19 5.40E-06   9790.3  4.43E-02  0.00E+00  0.00E+00  0.00E+00  0.00E+00
  20 6.46E-06   9855.5  4.10E-02  0.00E+00  0.00E+00  0.00E+00  0.00E+00
  21 7.72E-06   9916.3  3.79E-02  0.00E+00  0.00E+00  0.00E+00  0.00E+00
  22 9.20E-06   9972.9  3.52E-02  0.00E+00  0.00E+00  0.00E+00  0.00E+00
  23 1.09E-05  10025.7  3.26E-02  0.00E+00  0.00E+00  0.00E+00  0.00E+00
  24 1.30E-05  10075.8  3.07E-02  0.00E+00  0.00E+00  0.00E+00  0.00E+00
  25 1.54E-05  10124.0  2.94E-02  0.00E+00  0.00E+00  0.00E+00  0.00E+00
  26 1.82E-05  10171.1  2.85E-02  0.00E+00  0.00E+00  0.00E+00  0.00E+00
  27 2.16E-05  10217.9  2.81E-02  0.00E+00  0.00E+00  0.00E+00  0.00E+00
  28 2.56E-05  10265.8  2.86E-02  0.00E+00  0.00E+00  0.00E+00  0.00E+00
  29 3.02E-05  10313.7  2.83E-02  0.00E+00  0.00E+00  0.00E+00  0.00E+00
  30 3.58E-05  10362.3  2.84E-02  0.00E+00  0.00E+00  0.00E+00  0.00E+00
  31 4.24E-05  10412.2  2.88E-02  0.00E+00  0.00E+00  0.00E+00  0.00E+00
  32 5.03E-05  10464.0  2.95E-02  7.89E-02  0.00E+00  0.00E+00  0.00E+00
  33 5.97E-05  10518.2  3.05E-02  7.95E-02  0.00E+00  0.00E+00  0.00E+00
  34 7.10E-05  10575.5  3.17E-02  8.02E-02  0.00E+00  0.00E+00  0.00E+00
  35 8.46E-05  10637.3  3.36E-02  8.09E-02  0.00E+00  0.00E+00  0.00E+00
  36 1.01E-04  10704.0  3.55E-02  8.17E-02  0.00E+00  0.00E+00  0.00E+00
  37 1.21E-04  10776.4  3.78E-02  8.25E-02  0.00E+00  0.00E+00  0.00E+00
  38 1.45E-04  10859.1  4.23E-02  8.33E-02  0.00E+00  0.00E+00  0.00E+00
  39 1.74E-04  10953.0  4.69E-02  8.42E-02  0.00E+00  0.00E+00  0.00E+00
  40 2.10E-04  11060.8  5.26E-02  8.52E-02  0.00E+00  0.00E+00  0.00E+00
  41 2.54E-04  11187.0  6.00E-02  8.62E-02  0.00E+00  0.00E+00  0.00E+00
  42 3.08E-04  11336.8  6.96E-02  8.72E-02  0.00E+00  0.00E+00  0.00E+00
  43 3.73E-04  11518.0  8.22E-02  8.83E-02  0.00E+00  0.00E+00  0.00E+00
  44 4.54E-04  11742.9  9.96E-02  8.94E-02  1.61E-05  0.00E+00  1.61E-05
  45 5.51E-04  12016.3  1.18E-01  9.08E-02  1.59E-04  0.00E+00  1.59E-04
  46 6.71E-04  12349.9  1.40E-01  9.24E-02  4.69E-04  0.00E+00  4.69E-04
  47 8.16E-04  12760.8  1.67E-01  9.47E-02  8.84E-04  0.00E+00  8.84E-04
  48 9.93E-04  13270.1  1.99E-01  9.81E-02  1.16E-03  0.00E+00  1.16E-03
  49 1.21E-03  13893.1  2.32E-01  1.04E-01  9.27E-04  0.00E+00  9.27E-04
  50 1.48E-03  14620.4  2.53E-01  1.13E-01  3.72E-04  0.00E+00  3.72E-04
  51 1.82E-03  15426.6  2.57E-01  1.26E-01  7.31E-05  0.00E+00  7.31E-05
  52 2.27E-03  16296.7  2.51E-01  1.47E-01  7.79E-06  0.00E+00  7.79E-06
  53 2.87E-03  17231.0  2.40E-01  1.72E-01  5.87E-07  0.00E+00  5.87E-07
  54 3.67E-03  18243.8  2.31E-01  2.03E-01  1.36E-08  0.00E+00  1.36E-08
  55 4.77E-03  19359.2  2.26E-01  2.37E-01  0.00E+00  0.00E+00  0.00E+00
  56 6.29E-03  20605.5  2.26E-01  2.72E-01  0.00E+00  0.00E+00  0.00E+00
  57 8.37E-03  22005.7  2.30E-01  3.05E-01  0.00E+00  0.00E+00  0.00E+00
  58 1.12E-02  23574.2  2.38E-01  3.32E-01  0.00E+00  0.00E+00  0.00E+00
  59 1.49E-02  25321.1  2.47E-01  3.54E-01  0.00E+00  0.00E+00  0.00E+00
  60 1.99E-02  27253.7  2.56E-01  3.69E-01  0.00E+00  0.00E+00  0.00E+00
  61 2.64E-02  29378.9  2.66E-01  3.80E-01  0.00E+00  0.00E+00  0.00E+00
  62 3.48E-02  31704.2  2.75E-01  3.87E-01  0.00E+00  0.00E+00  0.00E+00
  63 4.58E-02  34238.2  2.81E-01  3.91E-01  0.00E+00  0.00E+00  0.00E+00
  64 6.02E-02  36990.5  2.83E-01  3.94E-01  0.00E+00  0.00E+00  0.00E+00
  65 7.96E-02  39971.6  2.77E-01  3.96E-01  0.00E+00  0.00E+00  0.00E+00
  66 1.07E-01  43195.7  2.65E-01  3.97E-01  0.00E+00  0.00E+00  0.00E+00
  67 1.46E-01  46683.0  2.47E-01  3.98E-01  0.00E+00  0.00E+00  0.00E+00
  68 2.05E-01  50463.4  2.29E-01  3.98E-01  0.00E+00  0.00E+00  0.00E+00
  69 2.96E-01  54575.4  2.14E-01  3.99E-01  0.00E+00  0.00E+00  0.00E+00
  70 4.35E-01  59062.2  2.05E-01  3.99E-01  0.00E+00  0.00E+00  0.00E+00

convective zone between depths (inclusive)  44  54

 end rybsol

**********
 ITERATION:  6
**********

 before inilam
 after inilam
 after linsel
 NTRANS         136
 ilam           1
 after opaini in ilam           1
 after ratsp1i in ilam           1
 after newpop in ilam           1
 after output
 after radpre
 HMIX0  0.59999999999999998     
dad -4.2950E-19 -1.4955E-18 -2.2931E-15

 RYBHEQ in iter   6
   id      dm          dens        pgs0          pra          pradfc      grad        log grad

   1   6.6591E-08   6.3434E-12   6.6580E+00   6.9064E+01   6.9634E+00   1.6979E+04   4.2299E+00
   2   9.1110E-08   7.1774E-12   9.1099E+00   6.9064E+01   5.2456E+00   1.0830E+03   3.0346E+00
   3   1.2379E-07   9.7858E-12   1.2378E+01   6.9064E+01   5.0879E+00   6.2803E+02   2.7980E+00
   4   1.6699E-07   1.3327E-11   1.6698E+01   6.9064E+01   4.9754E+00   6.8680E+02   2.8368E+00
   5   2.2355E-07   1.8024E-11   2.2354E+01   6.9064E+01   4.8649E+00   7.8046E+02   2.8924E+00
   6   2.9679E-07   2.4165E-11   2.9677E+01   6.9064E+01   4.7516E+00   8.8992E+02   2.9494E+00
   7   3.9052E-07   3.2038E-11   3.9050E+01   6.9064E+01   4.6268E+00   1.0146E+03   3.0063E+00
   8   5.0902E-07   4.1956E-11   5.0901E+01   6.9064E+01   4.4909E+00   1.1515E+03   3.0612E+00
   9   6.5709E-07   5.4106E-11   6.5707E+01   6.9064E+01   4.3319E+00   1.2989E+03   3.1136E+00
  10   8.4002E-07   6.8913E-11   8.4000E+01   6.9064E+01   4.1687E+00   1.4455E+03   3.1600E+00
  11   1.0637E-06   8.6707E-11   1.0637E+02   6.9065E+01   4.0022E+00   1.5974E+03   3.2034E+00
  12   1.3350E-06   1.0794E-10   1.3350E+02   6.9065E+01   3.8384E+00   1.7501E+03   3.2431E+00
  13   1.6614E-06   1.3317E-10   1.6614E+02   6.9066E+01   3.6820E+00   1.9038E+03   3.2796E+00
  14   2.0518E-06   1.6309E-10   2.0518E+02   6.9067E+01   3.5361E+00   2.0598E+03   3.3138E+00
  15   2.5165E-06   1.9848E-10   2.5165E+02   6.9068E+01   3.4011E+00   2.2198E+03   3.3463E+00
  16   3.0677E-06   2.4027E-10   3.0676E+02   6.9069E+01   3.2768E+00   2.3805E+03   3.3767E+00
  17   3.7195E-06   2.8981E-10   3.7194E+02   6.9071E+01   3.1656E+00   2.5447E+03   3.4056E+00
  18   4.4888E-06   3.4872E-10   4.4887E+02   6.9073E+01   3.0684E+00   2.7225E+03   3.4350E+00
  19   5.3954E-06   4.1867E-10   5.3953E+02   6.9075E+01   2.9820E+00   2.9224E+03   3.4657E+00
  20   6.4628E-06   5.0161E-10   6.4627E+02   6.9079E+01   2.9040E+00   3.1421E+03   3.4972E+00
  21   7.7188E-06   6.0005E-10   7.7186E+02   6.9083E+01   2.8337E+00   3.3807E+03   3.5290E+00
  22   9.1962E-06   7.1698E-10   9.1960E+02   6.9088E+01   2.7701E+00   3.6402E+03   3.5611E+00
  23   1.0934E-05   8.5603E-10   1.0934E+03   6.9095E+01   2.7124E+00   3.9221E+03   3.5935E+00
  24   1.2981E-05   1.0213E-09   1.2980E+03   6.9104E+01   2.6593E+00   4.2295E+03   3.6263E+00
  25   1.5391E-05   1.2178E-09   1.5390E+03   6.9115E+01   2.6094E+00   4.5622E+03   3.6592E+00
  26   1.8232E-05   1.4515E-09   1.8232E+03   6.9129E+01   2.5619E+00   4.9220E+03   3.6921E+00
  27   2.1586E-05   1.7291E-09   2.1585E+03   6.9147E+01   2.5159E+00   5.3111E+03   3.7252E+00
  28   2.5550E-05   2.0588E-09   2.5549E+03   6.9169E+01   2.4701E+00   5.7312E+03   3.7582E+00
  29   3.0243E-05   2.4516E-09   3.0242E+03   6.9198E+01   2.4255E+00   6.1792E+03   3.7909E+00
  30   3.5809E-05   2.9199E-09   3.5807E+03   6.9236E+01   2.3817E+00   6.6647E+03   3.8238E+00
  31   4.2427E-05   3.4790E-09   4.2425E+03   6.9283E+01   2.3379E+00   7.1910E+03   3.8568E+00
  32   5.0316E-05   4.1473E-09   5.0313E+03   6.9344E+01   2.2940E+00   7.7633E+03   3.8900E+00
  33   5.9745E-05   4.9475E-09   5.9741E+03   6.9423E+01   2.2497E+00   8.3904E+03   3.9238E+00
  34   7.1049E-05   5.9067E-09   7.1045E+03   6.9526E+01   2.2045E+00   9.0834E+03   3.9582E+00
  35   8.4644E-05   7.0573E-09   8.4638E+03   6.9660E+01   2.1579E+00   9.8564E+03   3.9937E+00
  36   1.0105E-04   8.4403E-09   1.0104E+04   6.9836E+01   2.1100E+00   1.0725E+04   4.0304E+00
  37   1.2090E-04   1.0105E-08   1.2089E+04   7.0069E+01   2.0607E+00   1.1708E+04   4.0685E+00
  38   1.4501E-04   1.2098E-08   1.4500E+04   7.0378E+01   2.0074E+00   1.2847E+04   4.1088E+00
  39   1.7439E-04   1.4486E-08   1.7437E+04   7.0795E+01   1.9510E+00   1.4181E+04   4.1517E+00
  40   2.1025E-04   1.7338E-08   2.1023E+04   7.1360E+01   1.8910E+00   1.5769E+04   4.1978E+00
  41   2.5410E-04   2.0718E-08   2.5407E+04   7.2136E+01   1.8268E+00   1.7695E+04   4.2478E+00
  42   3.0777E-04   2.4683E-08   3.0772E+04   7.3213E+01   1.7579E+00   2.0070E+04   4.3025E+00
  43   3.7340E-04   2.9259E-08   3.7335E+04   7.4727E+01   1.6840E+00   2.3056E+04   4.3628E+00
  44   4.5359E-04   3.4395E-08   4.5351E+04   7.6884E+01   1.6036E+00   2.6900E+04   4.4297E+00
  45   5.5139E-04   4.0054E-08   5.5129E+04   7.9991E+01   1.5217E+00   3.1771E+04   4.5020E+00
  46   6.7052E-04   4.6097E-08   6.7036E+04   8.4500E+01   1.4407E+00   3.7850E+04   4.5781E+00
  47   8.1556E-04   5.2291E-08   8.1534E+04   9.1064E+01   1.3621E+00   4.5258E+04   4.6557E+00
  48   9.9259E-04   5.8400E-08   9.9228E+04   1.0058E+02   1.2864E+00   5.3757E+04   4.7304E+00
  49   1.2102E-03   6.4465E-08   1.2097E+05   1.1414E+02   1.2151E+00   6.2321E+04   4.7946E+00
  50   1.4811E-03   7.1181E-08   1.4805E+05   1.3284E+02   1.1531E+00   6.9003E+04   4.8389E+00
  51   1.8250E-03   7.9675E-08   1.8241E+05   1.5766E+02   1.1041E+00   7.2191E+04   4.8585E+00
  52   2.2716E-03   9.1036E-08   2.2704E+05   1.8986E+02   1.0676E+00   7.2096E+04   4.8579E+00
  53   2.8655E-03   1.0635E-07   2.8638E+05   2.3152E+02   1.0416E+00   7.0144E+04   4.8460E+00
  54   3.6701E-03   1.2683E-07   3.6679E+05   2.8607E+02   1.0242E+00   6.7797E+04   4.8312E+00
  55   4.7723E-03   1.5392E-07   4.7694E+05   3.5883E+02   1.0133E+00   6.6017E+04   4.8197E+00
  56   6.2897E-03   1.8931E-07   6.2858E+05   4.5765E+02   1.0069E+00   6.5123E+04   4.8137E+00
  57   8.3677E-03   2.3472E-07   8.3625E+05   5.9324E+02   1.0034E+00   6.5249E+04   4.8146E+00
  58   1.1179E-02   2.9175E-07   1.1172E+06   7.7992E+02   1.0016E+00   6.6414E+04   4.8223E+00
  59   1.4936E-02   3.6209E-07   1.4926E+06   1.0372E+03   1.0007E+00   6.8466E+04   4.8355E+00
  60   1.9897E-02   4.4744E-07   1.9883E+06   1.3913E+03   1.0002E+00   7.1386E+04   4.8536E+00
  61   2.6381E-02   5.4973E-07   2.6362E+06   1.8783E+03   9.9999E-01   7.5106E+04   4.8757E+00
  62   3.4804E-02   6.7156E-07   3.4780E+06   2.5471E+03   9.9988E-01   7.9390E+04   4.8998E+00
  63   4.5760E-02   8.1714E-07   4.5726E+06   3.4642E+03   9.9984E-01   8.3715E+04   4.9228E+00
  64   6.0164E-02   9.9404E-07   6.0117E+06   4.7195E+03   9.9979E-01   8.7148E+04   4.9403E+00
  65   7.9558E-02   1.2161E-06   7.9494E+06   6.4341E+03   9.9966E-01   8.8407E+04   4.9465E+00
  66   1.0662E-01   1.5078E-06   1.0653E+07   8.7715E+03   9.9928E-01   8.6383E+04   4.9364E+00
  67   1.4593E-01   1.9094E-06   1.4581E+07   1.1956E+04   9.9841E-01   8.0991E+04   4.9084E+00
  68   2.0505E-01   2.4818E-06   2.0488E+07   1.6297E+04   9.9672E-01   7.3439E+04   4.8659E+00
  69   2.9566E-01   3.3089E-06   2.9544E+07   2.2226E+04   9.9369E-01   6.5430E+04   4.8158E+00
  70   4.3493E-01   4.4979E-06   4.3462E+07   3.0330E+04   9.8858E-01   5.8193E+04   4.7649E+00
 before if(lfin) F

before psy0 - nfreqe,in       0       2       0       1       0       0       1

 =========  LINEARIZATION, ITER =           6

reint1.1.1.1.1.1.1.1.1.1.1.1.1.1.1.1.1.1.1.1.1.1.1.1.1.1.1.1.1.1.1.1.1.1.1.
     1.1.1.1.1.1.1.1.1.1.1.1.1.1.1.1.1.1.1.1.1.1.1.1.1.1.1.1.1.1.1.1.1.1.1.
redif0.0.0.0.0.0.0.0.0.0.0.0.0.0.0.0.0.0.0.0.0.0.0.0.0.0.0.0.0.0.0.0.0.0.0.
     0.1.1.1.1.1.1.1.1.1.1.1.1.1.1.1.1.1.1.1.1.1.1.1.1.1.1.1.1.1.1.1.1.1.1.
u -9.10E+03 -5.19E-05  6.79E-01  2.00E+00 -1.34E+04 -1.34E+04  5.54E+07  1.23E-08  8.86E-05  4.72E-01
 ===== end of RYBCHN in ITER           6
 conout imod,iprin           1           1


  ID    DM        TEMP      DELTA  DELTA(AD)  CON/TOT  RAD/TOT  (C+R)/TOT


   1 6.66E-08   7919.6  0.00E+00  0.00E+00  0.00E+00  0.00E+00  0.00E+00
   2 9.11E-08   8500.7  2.19E+00  0.00E+00  0.00E+00  0.00E+00  0.00E+00
   3 1.24E-07   8565.9  1.84E-01  0.00E+00  0.00E+00  0.00E+00  0.00E+00
   4 1.67E-07   8613.9  1.07E-01  0.00E+00  0.00E+00  0.00E+00  0.00E+00
   5 2.24E-07   8662.5  8.69E-02  0.00E+00  0.00E+00  0.00E+00  0.00E+00
   6 2.97E-07   8713.7  7.57E-02  0.00E+00  0.00E+00  0.00E+00  0.00E+00
   7 3.91E-07   8771.8  7.26E-02  0.00E+00  0.00E+00  0.00E+00  0.00E+00
   8 5.09E-07   8837.3  7.08E-02  0.00E+00  0.00E+00  0.00E+00  0.00E+00
   9 6.57E-07   8917.1  7.66E-02  0.00E+00  0.00E+00  0.00E+00  0.00E+00
  10 8.40E-07   9003.0  7.48E-02  0.00E+00  0.00E+00  0.00E+00  0.00E+00
  11 1.06E-06   9095.2  7.42E-02  0.00E+00  0.00E+00  0.00E+00  0.00E+00
  12 1.33E-06   9190.7  7.23E-02  0.00E+00  0.00E+00  0.00E+00  0.00E+00
  13 1.66E-06   9286.9  6.94E-02  0.00E+00  0.00E+00  0.00E+00  0.00E+00
  14 2.05E-06   9381.4  6.57E-02  0.00E+00  0.00E+00  0.00E+00  0.00E+00
  15 2.52E-06   9473.3  6.21E-02  0.00E+00  0.00E+00  0.00E+00  0.00E+00
  16 3.07E-06   9562.0  5.86E-02  0.00E+00  0.00E+00  0.00E+00  0.00E+00
  17 3.72E-06   9644.9  5.38E-02  0.00E+00  0.00E+00  0.00E+00  0.00E+00
  18 4.49E-06   9720.4  4.84E-02  0.00E+00  0.00E+00  0.00E+00  0.00E+00
  19 5.40E-06   9790.1  4.42E-02  0.00E+00  0.00E+00  0.00E+00  0.00E+00
  20 6.46E-06   9855.3  4.10E-02  0.00E+00  0.00E+00  0.00E+00  0.00E+00
  21 7.72E-06   9916.0  3.79E-02  0.00E+00  0.00E+00  0.00E+00  0.00E+00
  22 9.20E-06   9972.7  3.52E-02  0.00E+00  0.00E+00  0.00E+00  0.00E+00
  23 1.09E-05  10025.5  3.26E-02  0.00E+00  0.00E+00  0.00E+00  0.00E+00
  24 1.30E-05  10075.5  3.07E-02  0.00E+00  0.00E+00  0.00E+00  0.00E+00
  25 1.54E-05  10123.7  2.94E-02  0.00E+00  0.00E+00  0.00E+00  0.00E+00
  26 1.82E-05  10170.8  2.85E-02  0.00E+00  0.00E+00  0.00E+00  0.00E+00
  27 2.16E-05  10217.7  2.81E-02  0.00E+00  0.00E+00  0.00E+00  0.00E+00
  28 2.56E-05  10265.6  2.86E-02  0.00E+00  0.00E+00  0.00E+00  0.00E+00
  29 3.02E-05  10313.5  2.83E-02  0.00E+00  0.00E+00  0.00E+00  0.00E+00
  30 3.58E-05  10362.0  2.84E-02  0.00E+00  0.00E+00  0.00E+00  0.00E+00
  31 4.24E-05  10411.9  2.88E-02  0.00E+00  0.00E+00  0.00E+00  0.00E+00
  32 5.03E-05  10463.7  2.95E-02  7.89E-02  0.00E+00  0.00E+00  0.00E+00
  33 5.97E-05  10517.9  3.04E-02  7.95E-02  0.00E+00  0.00E+00  0.00E+00
  34 7.10E-05  10575.2  3.17E-02  8.02E-02  0.00E+00  0.00E+00  0.00E+00
  35 8.46E-05  10637.0  3.36E-02  8.09E-02  0.00E+00  0.00E+00  0.00E+00
  36 1.01E-04  10703.6  3.55E-02  8.17E-02  0.00E+00  0.00E+00  0.00E+00
  37 1.21E-04  10776.0  3.78E-02  8.25E-02  0.00E+00  0.00E+00  0.00E+00
  38 1.45E-04  10858.7  4.22E-02  8.33E-02  0.00E+00  0.00E+00  0.00E+00
  39 1.74E-04  10952.5  4.69E-02  8.42E-02  0.00E+00  0.00E+00  0.00E+00
  40 2.10E-04  11060.3  5.26E-02  8.52E-02  0.00E+00  0.00E+00  0.00E+00
  41 2.54E-04  11186.4  6.00E-02  8.62E-02  0.00E+00  0.00E+00  0.00E+00
  42 3.08E-04  11336.2  6.96E-02  8.72E-02  0.00E+00  0.00E+00  0.00E+00
  43 3.73E-04  11517.3  8.21E-02  8.83E-02  0.00E+00  0.00E+00  0.00E+00
  44 4.54E-04  11742.2  9.96E-02  8.94E-02  1.61E-05  0.00E+00  1.61E-05
  45 5.51E-04  12015.6  1.18E-01  9.08E-02  1.60E-04  0.00E+00  1.60E-04
  46 6.71E-04  12349.1  1.40E-01  9.24E-02  4.70E-04  0.00E+00  4.70E-04
  47 8.16E-04  12760.1  1.67E-01  9.47E-02  8.87E-04  0.00E+00  8.87E-04
  48 9.93E-04  13269.5  1.99E-01  9.81E-02  1.16E-03  0.00E+00  1.16E-03
  49 1.21E-03  13892.5  2.32E-01  1.04E-01  9.30E-04  0.00E+00  9.30E-04
  50 1.48E-03  14620.0  2.53E-01  1.13E-01  3.73E-04  0.00E+00  3.73E-04
  51 1.82E-03  15426.4  2.57E-01  1.26E-01  7.32E-05  0.00E+00  7.32E-05
  52 2.27E-03  16296.5  2.51E-01  1.47E-01  7.81E-06  0.00E+00  7.81E-06
  53 2.87E-03  17230.9  2.40E-01  1.72E-01  5.88E-07  0.00E+00  5.88E-07
  54 3.67E-03  18243.8  2.31E-01  2.03E-01  1.36E-08  0.00E+00  1.36E-08
  55 4.77E-03  19359.2  2.26E-01  2.37E-01  0.00E+00  0.00E+00  0.00E+00
  56 6.29E-03  20605.5  2.26E-01  2.72E-01  0.00E+00  0.00E+00  0.00E+00
  57 8.37E-03  22005.7  2.30E-01  3.05E-01  0.00E+00  0.00E+00  0.00E+00
  58 1.12E-02  23574.2  2.38E-01  3.32E-01  0.00E+00  0.00E+00  0.00E+00
  59 1.49E-02  25321.1  2.47E-01  3.54E-01  0.00E+00  0.00E+00  0.00E+00
  60 1.99E-02  27253.7  2.56E-01  3.69E-01  0.00E+00  0.00E+00  0.00E+00
  61 2.64E-02  29378.9  2.66E-01  3.80E-01  0.00E+00  0.00E+00  0.00E+00
  62 3.48E-02  31704.2  2.75E-01  3.87E-01  0.00E+00  0.00E+00  0.00E+00
  63 4.58E-02  34238.2  2.81E-01  3.91E-01  0.00E+00  0.00E+00  0.00E+00
  64 6.02E-02  36990.5  2.83E-01  3.94E-01  0.00E+00  0.00E+00  0.00E+00
  65 7.96E-02  39971.6  2.77E-01  3.96E-01  0.00E+00  0.00E+00  0.00E+00
  66 1.07E-01  43195.7  2.65E-01  3.97E-01  0.00E+00  0.00E+00  0.00E+00
  67 1.46E-01  46683.0  2.47E-01  3.98E-01  0.00E+00  0.00E+00  0.00E+00
  68 2.05E-01  50463.4  2.29E-01  3.98E-01  0.00E+00  0.00E+00  0.00E+00
  69 2.96E-01  54575.4  2.14E-01  3.99E-01  0.00E+00  0.00E+00  0.00E+00
  70 4.35E-01  59062.2  2.05E-01  3.99E-01  0.00E+00  0.00E+00  0.00E+00

convective zone between depths (inclusive)  44  54

 end rybsol

**********
 ITERATION:  7
**********

 before inilam
 after inilam
 after linsel
 NTRANS         136
 ilam           1
 after opaini in ilam           1
 after ratsp1i in ilam           1
 after newpop in ilam           1
 after output
 ITER  ID    XGRD         FPRAD    log(g_rad)    XGR0        PG+PT      PRAD       d(Ptot)/dm d(PG+PT)/dm

   7   1  1.0000E-01  1.0000E+00  4.2299E+00  1.0000E+07  6.6580E+00  6.9061E+01  1.0000E+08  9.9983E+07
   7   2  3.0000E-01  1.0000E+00  3.0345E+00  3.0000E+07  9.1099E+00  6.9061E+01  1.0000E+08  9.9999E+07
   7   3  5.0000E-01  1.0000E+00  2.7979E+00  5.0000E+07  1.2378E+01  6.9061E+01  1.0000E+08  9.9999E+07
   7   4  7.0000E-01  1.0000E+00  2.8367E+00  7.0000E+07  1.6698E+01  6.9061E+01  1.0000E+08  9.9999E+07
   7   5  9.0000E-01  1.0000E+00  2.8922E+00  9.0000E+07  2.2354E+01  6.9061E+01  1.0000E+08  9.9999E+07
   7   6  9.2000E-01  1.0000E+00  2.9492E+00  9.2000E+07  2.9677E+01  6.9061E+01  1.0000E+08  9.9999E+07
   7   7  9.4000E-01  1.0000E+00  3.0061E+00  9.4000E+07  3.9050E+01  6.9061E+01  1.0000E+08  9.9999E+07
   7   8  9.6000E-01  1.0000E+00  3.0611E+00  9.6000E+07  5.0901E+01  6.9061E+01  1.0000E+08  9.9999E+07
   7   9  9.8000E-01  1.0000E+00  3.1134E+00  9.8000E+07  6.5707E+01  6.9061E+01  1.0000E+08  9.9999E+07
   7  10  9.9000E-01  1.0000E+00  3.1599E+00  9.9000E+07  8.4000E+01  6.9061E+01  1.0000E+08  9.9999E+07
   7  11  9.9000E-01  1.0000E+00  3.2033E+00  9.9000E+07  1.0637E+02  6.9062E+01  1.0000E+08  9.9998E+07
   7  12  9.9000E-01  1.0000E+00  3.2430E+00  9.9000E+07  1.3350E+02  6.9062E+01  1.0000E+08  9.9998E+07
   7  13  9.9000E-01  1.0000E+00  3.2796E+00  9.9000E+07  1.6614E+02  6.9063E+01  1.0000E+08  9.9998E+07
   7  14  9.9000E-01  1.0000E+00  3.3138E+00  9.9000E+07  2.0518E+02  6.9064E+01  1.0000E+08  9.9998E+07
   7  15  9.9000E-01  1.0000E+00  3.3463E+00  9.9000E+07  2.5165E+02  6.9065E+01  1.0000E+08  9.9998E+07
   7  16  9.9000E-01  1.0000E+00  3.3766E+00  9.9000E+07  3.0676E+02  6.9066E+01  1.0000E+08  9.9998E+07
   7  17  9.9000E-01  1.0000E+00  3.4056E+00  9.9000E+07  3.7194E+02  6.9068E+01  1.0000E+08  9.9997E+07
   7  18  9.9000E-01  1.0000E+00  3.4349E+00  9.9000E+07  4.4887E+02  6.9070E+01  1.0000E+08  9.9997E+07
   7  19  9.9000E-01  1.0000E+00  3.4657E+00  9.9000E+07  5.3953E+02  6.9072E+01  1.0000E+08  9.9997E+07
   7  20  9.9000E-01  1.0000E+00  3.4971E+00  9.9000E+07  6.4627E+02  6.9076E+01  1.0000E+08  9.9997E+07
   7  21  9.9000E-01  1.0000E+00  3.5289E+00  9.9000E+07  7.7186E+02  6.9080E+01  1.0000E+08  9.9997E+07
   7  22  9.9000E-01  1.0000E+00  3.5610E+00  9.9000E+07  9.1960E+02  6.9085E+01  1.0000E+08  9.9996E+07
   7  23  9.9000E-01  1.0000E+00  3.5934E+00  9.9000E+07  1.0934E+03  6.9092E+01  1.0000E+08  9.9996E+07
   7  24  9.9000E-01  1.0000E+00  3.6262E+00  9.9000E+07  1.2980E+03  6.9101E+01  1.0000E+08  9.9996E+07
   7  25  9.9000E-01  1.0000E+00  3.6591E+00  9.9000E+07  1.5390E+03  6.9112E+01  1.0000E+08  9.9995E+07
   7  26  9.9000E-01  1.0000E+00  3.6921E+00  9.9000E+07  1.8232E+03  6.9126E+01  1.0000E+08  9.9995E+07
   7  27  9.9000E-01  1.0000E+00  3.7251E+00  9.9000E+07  2.1585E+03  6.9144E+01  1.0000E+08  9.9995E+07
   7  28  9.9000E-01  1.0000E+00  3.7582E+00  9.9000E+07  2.5549E+03  6.9166E+01  1.0000E+08  9.9994E+07
   7  29  9.9000E-01  1.0000E+00  3.7908E+00  9.9000E+07  3.0242E+03  6.9195E+01  1.0000E+08  9.9994E+07
   7  30  9.9000E-01  1.0000E+00  3.8237E+00  9.9000E+07  3.5807E+03  6.9232E+01  1.0000E+08  9.9993E+07
   7  31  9.9000E-01  1.0000E+00  3.8567E+00  9.9000E+07  4.2425E+03  6.9280E+01  1.0000E+08  9.9993E+07
   7  32  9.9000E-01  1.0000E+00  3.8899E+00  9.9000E+07  5.0313E+03  6.9341E+01  1.0000E+08  9.9992E+07
   7  33  9.9000E-01  1.0000E+00  3.9237E+00  9.9000E+07  5.9741E+03  6.9420E+01  1.0000E+08  9.9992E+07
   7  34  9.9000E-01  1.0000E+00  3.9581E+00  9.9000E+07  7.1045E+03  6.9523E+01  1.0000E+08  9.9991E+07
   7  35  9.9000E-01  1.0000E+00  3.9936E+00  9.9000E+07  8.4638E+03  6.9657E+01  1.0000E+08  9.9990E+07
   7  36  9.9000E-01  1.0000E+00  4.0303E+00  9.9000E+07  1.0104E+04  6.9833E+01  1.0000E+08  9.9989E+07
   7  37  9.9000E-01  1.0000E+00  4.0684E+00  9.9000E+07  1.2089E+04  7.0065E+01  1.0000E+08  9.9988E+07
   7  38  9.9000E-01  1.0000E+00  4.1087E+00  9.9000E+07  1.4500E+04  7.0375E+01  1.0000E+08  9.9987E+07
   7  39  9.9000E-01  1.0000E+00  4.1516E+00  9.9000E+07  1.7437E+04  7.0791E+01  1.0000E+08  9.9986E+07
   7  40  9.9000E-01  1.0000E+00  4.1976E+00  9.9000E+07  2.1023E+04  7.1357E+01  1.0000E+08  9.9984E+07
   7  41  9.9000E-01  1.0000E+00  4.2477E+00  9.9000E+07  2.5407E+04  7.2132E+01  1.0000E+08  9.9982E+07
   7  42  9.9000E-01  1.0000E+00  4.3024E+00  9.9000E+07  3.0772E+04  7.3209E+01  1.0000E+08  9.9980E+07
   7  43  9.9000E-01  1.0000E+00  4.3626E+00  9.9000E+07  3.7335E+04  7.4722E+01  1.0000E+08  9.9977E+07
   7  44  9.9000E-01  1.0000E+00  4.4296E+00  9.9000E+07  4.5351E+04  7.6878E+01  1.0000E+08  9.9973E+07
   7  45  9.9000E-01  1.0000E+00  4.5019E+00  9.9000E+07  5.5129E+04  7.9984E+01  1.0000E+08  9.9968E+07
   7  46  9.9000E-01  1.0000E+00  4.5779E+00  9.9000E+07  6.7036E+04  8.4492E+01  1.0000E+08  9.9962E+07
   7  47  9.9000E-01  1.0000E+00  4.6556E+00  9.9000E+07  8.1534E+04  9.1054E+01  1.0000E+08  9.9955E+07
   7  48  9.9000E-01  1.0000E+00  4.7304E+00  9.9000E+07  9.9228E+04  1.0057E+02  1.0000E+08  9.9946E+07
   7  49  9.9000E-01  1.0000E+00  4.7946E+00  9.9000E+07  1.2097E+05  1.1413E+02  1.0000E+08  9.9938E+07
   7  50  9.9000E-01  1.0000E+00  4.8389E+00  9.9000E+07  1.4805E+05  1.3283E+02  1.0000E+08  9.9931E+07
   7  51  9.9000E-01  1.0000E+00  4.8585E+00  9.9000E+07  1.8241E+05  1.5765E+02  1.0000E+08  9.9928E+07
   7  52  9.9000E-01  1.0000E+00  4.8579E+00  9.9000E+07  2.2704E+05  1.8986E+02  1.0000E+08  9.9928E+07
   7  53  9.9000E-01  1.0000E+00  4.8460E+00  9.9000E+07  2.8638E+05  2.3151E+02  1.0000E+08  9.9930E+07
   7  54  9.9000E-01  1.0000E+00  4.8312E+00  9.9000E+07  3.6679E+05  2.8606E+02  1.0000E+08  9.9932E+07
   7  55  9.9000E-01  1.0000E+00  4.8197E+00  9.9000E+07  4.7694E+05  3.5883E+02  1.0000E+08  9.9934E+07
   7  56  9.9000E-01  1.0000E+00  4.8137E+00  9.9000E+07  6.2858E+05  4.5765E+02  1.0000E+08  9.9935E+07
   7  57  9.9000E-01  1.0000E+00  4.8146E+00  9.9000E+07  8.3625E+05  5.9324E+02  1.0000E+08  9.9935E+07
   7  58  9.9000E-01  1.0000E+00  4.8223E+00  9.9000E+07  1.1172E+06  7.7992E+02  1.0000E+08  9.9934E+07
   7  59  9.9000E-01  1.0000E+00  4.8355E+00  9.9000E+07  1.4926E+06  1.0372E+03  1.0000E+08  9.9932E+07
   7  60  9.9000E-01  1.0000E+00  4.8536E+00  9.9000E+07  1.9883E+06  1.3913E+03  1.0000E+08  9.9929E+07
   7  61  9.9000E-01  1.0000E+00  4.8757E+00  9.9000E+07  2.6362E+06  1.8783E+03  1.0000E+08  9.9925E+07
   7  62  9.9000E-01  1.0000E+00  4.8998E+00  9.9000E+07  3.4780E+06  2.5471E+03  1.0000E+08  9.9921E+07
   7  63  9.9000E-01  1.0000E+00  4.9228E+00  9.9000E+07  4.5726E+06  3.4642E+03  1.0000E+08  9.9916E+07
   7  64  9.9000E-01  1.0000E+00  4.9403E+00  9.9000E+07  6.0117E+06  4.7195E+03  1.0000E+08  9.9913E+07
   7  65  9.9000E-01  1.0000E+00  4.9465E+00  9.9000E+07  7.9494E+06  6.4341E+03  1.0000E+08  9.9912E+07
   7  66  9.9000E-01  1.0000E+00  4.9364E+00  9.9000E+07  1.0653E+07  8.7715E+03  1.0000E+08  9.9914E+07
   7  67  9.9000E-01  1.0000E+00  4.9084E+00  9.9000E+07  1.4581E+07  1.1956E+04  1.0000E+08  9.9919E+07
   7  68  9.9000E-01  1.0000E+00  4.8659E+00  9.9000E+07  2.0488E+07  1.6297E+04  1.0000E+08  9.9927E+07
   7  69  9.9000E-01  1.0000E+00  4.8158E+00  9.9000E+07  2.9544E+07  2.2226E+04  1.0000E+08  9.9935E+07
 after radpre
 HMIX0  0.59999999999999998     

* CONVECTIVE FLUX: RESOLV; GLOBAL ITERATION =  6

 conout imod,iprin           1           1


  ID    DM        TEMP      DELTA  DELTA(AD)  CON/TOT  RAD/TOT  (C+R)/TOT


   1 6.66E-08   7919.6  0.00E+00  0.00E+00  0.00E+00  1.00E+00  1.00E+00
   2 9.11E-08   8500.7  2.19E+00  0.00E+00  0.00E+00  1.00E+00  1.00E+00
   3 1.24E-07   8565.9  1.84E-01  0.00E+00  0.00E+00  1.00E+00  1.00E+00
   4 1.67E-07   8613.9  1.07E-01  0.00E+00  0.00E+00  1.00E+00  1.00E+00
   5 2.24E-07   8662.5  8.69E-02  0.00E+00  0.00E+00  1.00E+00  1.00E+00
   6 2.97E-07   8713.7  7.57E-02  0.00E+00  0.00E+00  1.00E+00  1.00E+00
   7 3.91E-07   8771.8  7.26E-02  0.00E+00  0.00E+00  1.00E+00  1.00E+00
   8 5.09E-07   8837.3  7.08E-02  0.00E+00  0.00E+00  1.00E+00  1.00E+00
   9 6.57E-07   8917.1  7.66E-02  0.00E+00  0.00E+00  1.00E+00  1.00E+00
  10 8.40E-07   9003.0  7.48E-02  0.00E+00  0.00E+00  1.00E+00  1.00E+00
  11 1.06E-06   9095.2  7.42E-02  0.00E+00  0.00E+00  1.00E+00  1.00E+00
  12 1.33E-06   9190.7  7.23E-02  0.00E+00  0.00E+00  1.00E+00  1.00E+00
  13 1.66E-06   9286.9  6.94E-02  0.00E+00  0.00E+00  1.00E+00  1.00E+00
  14 2.05E-06   9381.4  6.57E-02  0.00E+00  0.00E+00  1.00E+00  1.00E+00
  15 2.52E-06   9473.3  6.21E-02  0.00E+00  0.00E+00  1.00E+00  1.00E+00
  16 3.07E-06   9562.0  5.86E-02  0.00E+00  0.00E+00  1.00E+00  1.00E+00
  17 3.72E-06   9644.9  5.38E-02  0.00E+00  0.00E+00  1.00E+00  1.00E+00
  18 4.49E-06   9720.4  4.84E-02  0.00E+00  0.00E+00  1.00E+00  1.00E+00
  19 5.40E-06   9790.1  4.42E-02  0.00E+00  0.00E+00  1.00E+00  1.00E+00
  20 6.46E-06   9855.3  4.10E-02  0.00E+00  0.00E+00  1.00E+00  1.00E+00
  21 7.72E-06   9916.0  3.79E-02  0.00E+00  0.00E+00  1.00E+00  1.00E+00
  22 9.20E-06   9972.7  3.52E-02  0.00E+00  0.00E+00  1.00E+00  1.00E+00
  23 1.09E-05  10025.5  3.26E-02  0.00E+00  0.00E+00  1.00E+00  1.00E+00
  24 1.30E-05  10075.5  3.07E-02  0.00E+00  0.00E+00  1.00E+00  1.00E+00
  25 1.54E-05  10123.7  2.94E-02  0.00E+00  0.00E+00  1.00E+00  1.00E+00
  26 1.82E-05  10170.8  2.85E-02  0.00E+00  0.00E+00  1.00E+00  1.00E+00
  27 2.16E-05  10217.7  2.81E-02  0.00E+00  0.00E+00  1.00E+00  1.00E+00
  28 2.56E-05  10265.6  2.86E-02  0.00E+00  0.00E+00  1.00E+00  1.00E+00
  29 3.02E-05  10313.5  2.83E-02  0.00E+00  0.00E+00  1.00E+00  1.00E+00
  30 3.58E-05  10362.0  2.84E-02  0.00E+00  0.00E+00  1.00E+00  1.00E+00
  31 4.24E-05  10411.9  2.88E-02  0.00E+00  0.00E+00  1.00E+00  1.00E+00
  32 5.03E-05  10463.7  2.95E-02  7.89E-02  0.00E+00  1.00E+00  1.00E+00
  33 5.97E-05  10517.9  3.04E-02  7.95E-02  0.00E+00  1.00E+00  1.00E+00
  34 7.10E-05  10575.2  3.17E-02  8.02E-02  0.00E+00  1.00E+00  1.00E+00
  35 8.46E-05  10637.0  3.36E-02  8.09E-02  0.00E+00  1.00E+00  1.00E+00
  36 1.01E-04  10703.6  3.55E-02  8.17E-02  0.00E+00  1.00E+00  1.00E+00
  37 1.21E-04  10776.0  3.78E-02  8.25E-02  0.00E+00  1.00E+00  1.00E+00
  38 1.45E-04  10858.7  4.22E-02  8.33E-02  0.00E+00  1.00E+00  1.00E+00
  39 1.74E-04  10952.5  4.69E-02  8.42E-02  0.00E+00  1.00E+00  1.00E+00
  40 2.10E-04  11060.3  5.26E-02  8.52E-02  0.00E+00  1.00E+00  1.00E+00
  41 2.54E-04  11186.4  6.00E-02  8.62E-02  0.00E+00  1.00E+00  1.00E+00
  42 3.08E-04  11336.2  6.96E-02  8.72E-02  0.00E+00  1.00E+00  1.00E+00
  43 3.73E-04  11517.3  8.21E-02  8.83E-02  0.00E+00  1.00E+00  1.00E+00
  44 4.54E-04  11742.2  9.96E-02  8.94E-02  1.61E-05  1.00E+00  1.00E+00
  45 5.51E-04  12015.6  1.18E-01  9.08E-02  1.60E-04  1.00E+00  1.00E+00
  46 6.71E-04  12349.1  1.40E-01  9.24E-02  4.71E-04  1.00E+00  1.00E+00
  47 8.16E-04  12760.1  1.67E-01  9.47E-02  8.87E-04  9.99E-01  1.00E+00
  48 9.93E-04  13269.5  1.99E-01  9.81E-02  1.16E-03  9.99E-01  1.00E+00
  49 1.21E-03  13892.5  2.32E-01  1.04E-01  9.30E-04  9.99E-01  1.00E+00
  50 1.48E-03  14620.0  2.53E-01  1.13E-01  3.73E-04  1.00E+00  1.00E+00
  51 1.82E-03  15426.4  2.57E-01  1.26E-01  7.32E-05  1.00E+00  1.00E+00
  52 2.27E-03  16296.5  2.51E-01  1.47E-01  7.80E-06  1.00E+00  1.00E+00
  53 2.87E-03  17230.9  2.40E-01  1.72E-01  5.88E-07  1.00E+00  1.00E+00
  54 3.67E-03  18243.8  2.31E-01  2.03E-01  1.36E-08  1.00E+00  1.00E+00
  55 4.77E-03  19359.2  2.26E-01  2.37E-01  0.00E+00  1.00E+00  1.00E+00
  56 6.29E-03  20605.5  2.26E-01  2.72E-01  0.00E+00  1.00E+00  1.00E+00
  57 8.37E-03  22005.7  2.30E-01  3.05E-01  0.00E+00  1.00E+00  1.00E+00
  58 1.12E-02  23574.2  2.38E-01  3.32E-01  0.00E+00  1.00E+00  1.00E+00
  59 1.49E-02  25321.1  2.47E-01  3.54E-01  0.00E+00  1.00E+00  1.00E+00
  60 1.99E-02  27253.7  2.56E-01  3.69E-01  0.00E+00  1.00E+00  1.00E+00
  61 2.64E-02  29378.9  2.66E-01  3.80E-01  0.00E+00  1.00E+00  1.00E+00
  62 3.48E-02  31704.2  2.75E-01  3.87E-01  0.00E+00  1.00E+00  1.00E+00
  63 4.58E-02  34238.2  2.81E-01  3.91E-01  0.00E+00  1.00E+00  1.00E+00
  64 6.02E-02  36990.5  2.83E-01  3.94E-01  0.00E+00  1.00E+00  1.00E+00
  65 7.96E-02  39971.6  2.77E-01  3.96E-01  0.00E+00  1.00E+00  1.00E+00
  66 1.07E-01  43195.7  2.65E-01  3.97E-01  0.00E+00  1.00E+00  1.00E+00
  67 1.46E-01  46683.0  2.47E-01  3.98E-01  0.00E+00  1.00E+00  1.00E+00
  68 2.05E-01  50463.4  2.29E-01  3.98E-01  0.00E+00  1.00E+00  1.00E+00
  69 2.96E-01  54575.4  2.14E-01  3.99E-01  0.00E+00  1.00E+00  1.00E+00
  70 4.35E-01  59062.2  2.05E-01  3.99E-01  0.00E+00  1.00E+00  1.00E+00

convective zone between depths (inclusive)  44  54


 RYBHEQ in iter   7
   id      dm          dens        pgs0          pra          pradfc      grad        log grad

   1   6.6591E-08   6.3433E-12   6.6580E+00   6.9061E+01   6.9630E+00   1.6979E+04   4.2299E+00
   2   9.1110E-08   7.1775E-12   9.1099E+00   6.9061E+01   5.2455E+00   1.0828E+03   3.0345E+00
   3   1.2379E-07   9.7857E-12   1.2378E+01   6.9061E+01   5.0877E+00   6.2793E+02   2.7979E+00
   4   1.6699E-07   1.3327E-11   1.6698E+01   6.9061E+01   4.9750E+00   6.8665E+02   2.8367E+00
   5   2.2355E-07   1.8024E-11   2.2354E+01   6.9061E+01   4.8645E+00   7.8024E+02   2.8922E+00
   6   2.9679E-07   2.4164E-11   2.9677E+01   6.9061E+01   4.7511E+00   8.8967E+02   2.9492E+00
   7   3.9052E-07   3.2037E-11   3.9050E+01   6.9061E+01   4.6265E+00   1.0142E+03   3.0061E+00
   8   5.0902E-07   4.1957E-11   5.0901E+01   6.9061E+01   4.4909E+00   1.1510E+03   3.0611E+00
   9   6.5709E-07   5.4112E-11   6.5707E+01   6.9061E+01   4.3323E+00   1.2983E+03   3.1134E+00
  10   8.4002E-07   6.8924E-11   8.4000E+01   6.9061E+01   4.1693E+00   1.4449E+03   3.1599E+00
  11   1.0637E-06   8.6723E-11   1.0637E+02   6.9062E+01   4.0029E+00   1.5968E+03   3.2033E+00
  12   1.3350E-06   1.0796E-10   1.3350E+02   6.9062E+01   3.8391E+00   1.7497E+03   3.2430E+00
  13   1.6614E-06   1.3319E-10   1.6614E+02   6.9063E+01   3.6825E+00   1.9036E+03   3.2796E+00
  14   2.0518E-06   1.6311E-10   2.0518E+02   6.9064E+01   3.5364E+00   2.0597E+03   3.3138E+00
  15   2.5165E-06   1.9849E-10   2.5165E+02   6.9065E+01   3.4012E+00   2.2197E+03   3.3463E+00
  16   3.0677E-06   2.4028E-10   3.0676E+02   6.9066E+01   3.2768E+00   2.3803E+03   3.3766E+00
  17   3.7195E-06   2.8982E-10   3.7194E+02   6.9068E+01   3.1657E+00   2.5443E+03   3.4056E+00
  18   4.4888E-06   3.4875E-10   4.4887E+02   6.9070E+01   3.0686E+00   2.7220E+03   3.4349E+00
  19   5.3954E-06   4.1870E-10   5.3953E+02   6.9072E+01   2.9822E+00   2.9219E+03   3.4657E+00
  20   6.4628E-06   5.0164E-10   6.4627E+02   6.9076E+01   2.9042E+00   3.1415E+03   3.4971E+00
  21   7.7188E-06   6.0010E-10   7.7186E+02   6.9080E+01   2.8339E+00   3.3801E+03   3.5289E+00
  22   9.1962E-06   7.1704E-10   9.1960E+02   6.9085E+01   2.7702E+00   3.6395E+03   3.5610E+00
  23   1.0934E-05   8.5610E-10   1.0934E+03   6.9092E+01   2.7126E+00   3.9214E+03   3.5934E+00
  24   1.2981E-05   1.0214E-09   1.2980E+03   6.9101E+01   2.6594E+00   4.2287E+03   3.6262E+00
  25   1.5391E-05   1.2179E-09   1.5390E+03   6.9112E+01   2.6096E+00   4.5614E+03   3.6591E+00
  26   1.8232E-05   1.4516E-09   1.8232E+03   6.9126E+01   2.5621E+00   4.9211E+03   3.6921E+00
  27   2.1586E-05   1.7293E-09   2.1585E+03   6.9144E+01   2.5161E+00   5.3100E+03   3.7251E+00
  28   2.5550E-05   2.0589E-09   2.5549E+03   6.9166E+01   2.4702E+00   5.7301E+03   3.7582E+00
  29   3.0243E-05   2.4518E-09   3.0242E+03   6.9195E+01   2.4257E+00   6.1779E+03   3.7908E+00
  30   3.5809E-05   2.9202E-09   3.5807E+03   6.9232E+01   2.3818E+00   6.6633E+03   3.8237E+00
  31   4.2427E-05   3.4793E-09   4.2425E+03   6.9280E+01   2.3381E+00   7.1895E+03   3.8567E+00
  32   5.0316E-05   4.1477E-09   5.0313E+03   6.9341E+01   2.2942E+00   7.7615E+03   3.8899E+00
  33   5.9745E-05   4.9479E-09   5.9741E+03   6.9420E+01   2.2498E+00   8.3885E+03   3.9237E+00
  34   7.1049E-05   5.9073E-09   7.1045E+03   6.9523E+01   2.2047E+00   9.0811E+03   3.9581E+00
  35   8.4644E-05   7.0579E-09   8.4638E+03   6.9657E+01   2.1580E+00   9.8539E+03   3.9936E+00
  36   1.0105E-04   8.4411E-09   1.0104E+04   6.9833E+01   2.1101E+00   1.0722E+04   4.0303E+00
  37   1.2090E-04   1.0106E-08   1.2089E+04   7.0065E+01   2.0608E+00   1.1705E+04   4.0684E+00
  38   1.4501E-04   1.2099E-08   1.4500E+04   7.0375E+01   2.0076E+00   1.2843E+04   4.1087E+00
  39   1.7439E-04   1.4488E-08   1.7437E+04   7.0791E+01   1.9512E+00   1.4176E+04   4.1516E+00
  40   2.1025E-04   1.7340E-08   2.1023E+04   7.1357E+01   1.8912E+00   1.5763E+04   4.1976E+00
  41   2.5410E-04   2.0721E-08   2.5407E+04   7.2132E+01   1.8270E+00   1.7688E+04   4.2477E+00
  42   3.0777E-04   2.4687E-08   3.0772E+04   7.3209E+01   1.7582E+00   2.0061E+04   4.3024E+00
  43   3.7340E-04   2.9264E-08   3.7335E+04   7.4722E+01   1.6843E+00   2.3046E+04   4.3626E+00
  44   4.5359E-04   3.4401E-08   4.5351E+04   7.6878E+01   1.6039E+00   2.6889E+04   4.4296E+00
  45   5.5139E-04   4.0061E-08   5.5129E+04   7.9984E+01   1.5220E+00   3.1760E+04   4.5019E+00
  46   6.7052E-04   4.6105E-08   6.7036E+04   8.4492E+01   1.4409E+00   3.7839E+04   4.5779E+00
  47   8.1556E-04   5.2299E-08   8.1534E+04   9.1054E+01   1.3623E+00   4.5248E+04   4.6556E+00
  48   9.9259E-04   5.8408E-08   9.9228E+04   1.0057E+02   1.2866E+00   5.3750E+04   4.7304E+00
  49   1.2102E-03   6.4472E-08   1.2097E+05   1.1413E+02   1.2152E+00   6.2319E+04   4.7946E+00
  50   1.4811E-03   7.1186E-08   1.4805E+05   1.3283E+02   1.1531E+00   6.9006E+04   4.8389E+00
  51   1.8250E-03   7.9677E-08   1.8241E+05   1.5765E+02   1.1041E+00   7.2198E+04   4.8585E+00
  52   2.2716E-03   9.1037E-08   2.2704E+05   1.8986E+02   1.0676E+00   7.2102E+04   4.8579E+00
  53   2.8655E-03   1.0635E-07   2.8638E+05   2.3151E+02   1.0416E+00   7.0148E+04   4.8460E+00
  54   3.6701E-03   1.2683E-07   3.6679E+05   2.8606E+02   1.0242E+00   6.7800E+04   4.8312E+00
  55   4.7723E-03   1.5392E-07   4.7694E+05   3.5883E+02   1.0133E+00   6.6018E+04   4.8197E+00
  56   6.2897E-03   1.8931E-07   6.2858E+05   4.5765E+02   1.0069E+00   6.5123E+04   4.8137E+00
  57   8.3677E-03   2.3472E-07   8.3625E+05   5.9324E+02   1.0034E+00   6.5249E+04   4.8146E+00
  58   1.1179E-02   2.9175E-07   1.1172E+06   7.7992E+02   1.0016E+00   6.6414E+04   4.8223E+00
  59   1.4936E-02   3.6209E-07   1.4926E+06   1.0372E+03   1.0007E+00   6.8466E+04   4.8355E+00
  60   1.9897E-02   4.4744E-07   1.9883E+06   1.3913E+03   1.0002E+00   7.1386E+04   4.8536E+00
  61   2.6381E-02   5.4973E-07   2.6362E+06   1.8783E+03   9.9999E-01   7.5106E+04   4.8757E+00
  62   3.4804E-02   6.7156E-07   3.4780E+06   2.5471E+03   9.9988E-01   7.9390E+04   4.8998E+00
  63   4.5760E-02   8.1714E-07   4.5726E+06   3.4642E+03   9.9984E-01   8.3715E+04   4.9228E+00
  64   6.0164E-02   9.9404E-07   6.0117E+06   4.7195E+03   9.9979E-01   8.7148E+04   4.9403E+00
  65   7.9558E-02   1.2161E-06   7.9494E+06   6.4341E+03   9.9966E-01   8.8407E+04   4.9465E+00
  66   1.0662E-01   1.5078E-06   1.0653E+07   8.7715E+03   9.9928E-01   8.6383E+04   4.9364E+00
  67   1.4593E-01   1.9094E-06   1.4581E+07   1.1956E+04   9.9841E-01   8.0991E+04   4.9084E+00
  68   2.0505E-01   2.4818E-06   2.0488E+07   1.6297E+04   9.9672E-01   7.3439E+04   4.8659E+00
  69   2.9566E-01   3.3089E-06   2.9544E+07   2.2226E+04   9.9369E-01   6.5430E+04   4.8158E+00
  70   4.3493E-01   4.4979E-06   4.3462E+07   3.0330E+04   9.8858E-01   5.8193E+04   4.7649E+00
 before if(lfin) T

 ************************************
 FINAL RESULTS:
 
 MODEL QUANTITIES IN  6. ITERATION
 ************************************

 TOTAL SURFACE FLUX 2.28395418D+11

 ----------------------
 FINAL MODEL ATMOSPHERE
 ----------------------
  ID    MASS      TAUROSS     TEMP       NE         DENS      P_gas    LOG(G_rad)   RAD/TOT   CON/TOT  (RAD+CON)/TOT

   1  6.659E-08  2.958E-08    7919.6  2.329E+12  6.343E-12  6.658E+00  6.050E+00  1.000E+00  0.000E+00  1.00002E+00
   2  9.111E-08  5.621E-08    8500.7  3.507E+12  7.177E-12  9.110E+00  1.267E+00  1.000E+00  0.000E+00  1.00002E+00
   3  1.238E-07  1.016E-07    8565.9  4.665E+12  9.786E-12  1.238E+01  9.060E-01  1.000E+00  0.000E+00  1.00002E+00
   4  1.670E-07  1.714E-07    8613.9  6.140E+12  1.333E-11  1.670E+01  8.236E-01  1.000E+00  0.000E+00  1.00002E+00
   5  2.235E-07  2.778E-07    8662.5  8.006E+12  1.802E-11  2.235E+01  7.621E-01  1.000E+00  0.000E+00  1.00002E+00
   6  2.968E-07  4.387E-07    8713.7  1.034E+13  2.416E-11  2.968E+01  7.069E-01  1.000E+00  0.000E+00  1.00002E+00
   7  3.905E-07  6.792E-07    8771.8  1.325E+13  3.204E-11  3.905E+01  6.566E-01  1.000E+00  0.000E+00  1.00002E+00
   8  5.090E-07  1.035E-06    8837.3  1.685E+13  4.196E-11  5.090E+01  6.097E-01  1.000E+00  0.000E+00  1.00002E+00
   9  6.571E-07  1.556E-06    8917.1  2.129E+13  5.411E-11  6.571E+01  5.653E-01  1.000E+00  0.000E+00  1.00002E+00
  10  8.400E-07  2.312E-06    9003.0  2.672E+13  6.892E-11  8.400E+01  5.200E-01  1.000E+00  0.000E+00  1.00002E+00
  11  1.064E-06  3.397E-06    9095.2  3.330E+13  8.672E-11  1.064E+02  4.759E-01  1.000E+00  0.000E+00  1.00002E+00
  12  1.335E-06  4.938E-06    9190.7  4.121E+13  1.080E-10  1.335E+02  4.320E-01  1.000E+00  0.000E+00  1.00002E+00
  13  1.661E-06  7.106E-06    9286.9  5.062E+13  1.332E-10  1.661E+02  3.882E-01  1.000E+00  0.000E+00  1.00002E+00
  14  2.052E-06  1.012E-05    9381.4  6.172E+13  1.631E-10  2.052E+02  3.447E-01  1.000E+00  0.000E+00  1.00002E+00
  15  2.517E-06  1.428E-05    9473.3  7.474E+13  1.985E-10  2.516E+02  3.015E-01  1.000E+00  0.000E+00  1.00002E+00
  16  3.068E-06  1.997E-05    9562.0  8.993E+13  2.403E-10  3.068E+02  2.578E-01  1.000E+00  0.000E+00  1.00002E+00
  17  3.719E-06  2.768E-05    9644.9  1.075E+14  2.898E-10  3.719E+02  2.138E-01  1.000E+00  0.000E+00  1.00002E+00
  18  4.489E-06  3.804E-05    9720.4  1.277E+14  3.487E-10  4.489E+02  1.712E-01  1.000E+00  0.000E+00  1.00002E+00
  19  5.395E-06  5.189E-05    9790.1  1.510E+14  4.187E-10  5.395E+02  1.306E-01  1.000E+00  0.000E+00  1.00002E+00
  20  6.463E-06  7.028E-05    9855.3  1.776E+14  5.016E-10  6.463E+02  9.120E-02  1.000E+00  0.000E+00  1.00002E+00
  21  7.719E-06  9.460E-05    9916.0  2.081E+14  6.001E-10  7.719E+02  5.234E-02  1.000E+00  0.000E+00  1.00002E+00
  22  9.196E-06  1.266E-04    9972.7  2.428E+14  7.170E-10  9.196E+02  1.392E-02  1.000E+00  0.000E+00  1.00002E+00
  23  1.093E-05  1.686E-04   10025.5  2.825E+14  8.561E-10  1.093E+03 -2.427E-02  1.000E+00  0.000E+00  1.00002E+00
  24  1.298E-05  2.236E-04   10075.5  3.276E+14  1.021E-09  1.298E+03 -6.233E-02  1.000E+00  0.000E+00  1.00002E+00
  25  1.539E-05  2.953E-04   10123.7  3.791E+14  1.218E-09  1.539E+03 -1.006E-01  1.000E+00  0.000E+00  1.00002E+00
  26  1.823E-05  3.887E-04   10170.8  4.378E+14  1.452E-09  1.823E+03 -1.391E-01  1.000E+00  0.000E+00  1.00002E+00
  27  2.159E-05  5.102E-04   10217.7  5.050E+14  1.729E-09  2.159E+03 -1.781E-01  1.000E+00  0.000E+00  1.00002E+00
  28  2.555E-05  6.684E-04   10265.6  5.821E+14  2.059E-09  2.555E+03 -2.176E-01  1.000E+00  0.000E+00  1.00002E+00
  29  3.024E-05  8.744E-04   10313.5  6.704E+14  2.452E-09  3.024E+03 -2.582E-01  1.000E+00  0.000E+00  1.00002E+00
  30  3.581E-05  1.143E-03   10362.0  7.718E+14  2.920E-09  3.581E+03 -2.995E-01  1.000E+00  0.000E+00  1.00002E+00
  31  4.243E-05  1.493E-03   10411.9  8.887E+14  3.479E-09  4.242E+03 -3.416E-01  1.000E+00  0.000E+00  1.00002E+00
  32  5.032E-05  1.951E-03   10463.7  1.024E+15  4.148E-09  5.031E+03 -3.847E-01  1.000E+00  0.000E+00  1.00002E+00
  33  5.974E-05  2.551E-03   10517.9  1.181E+15  4.948E-09  5.974E+03 -4.284E-01  1.000E+00  0.000E+00  1.00002E+00
  34  7.105E-05  3.342E-03   10575.2  1.364E+15  5.907E-09  7.104E+03 -4.727E-01  1.000E+00  0.000E+00  1.00002E+00
  35  8.464E-05  4.387E-03   10637.0  1.579E+15  7.058E-09  8.464E+03 -5.174E-01  1.000E+00  0.000E+00  1.00002E+00
  36  1.010E-04  5.776E-03   10703.6  1.833E+15  8.441E-09  1.010E+04 -5.622E-01  1.000E+00  0.000E+00  1.00001E+00
  37  1.209E-04  7.633E-03   10776.0  2.135E+15  1.011E-08  1.209E+04 -6.071E-01  1.000E+00  0.000E+00  1.00001E+00
  38  1.450E-04  1.013E-02   10858.7  2.499E+15  1.210E-08  1.450E+04 -6.512E-01  1.000E+00  0.000E+00  1.00001E+00
  39  1.744E-04  1.353E-02   10952.5  2.943E+15  1.449E-08  1.744E+04 -6.940E-01  1.000E+00  0.000E+00  1.00001E+00
  40  2.102E-04  1.818E-02   11060.3  3.488E+15  1.734E-08  2.102E+04 -7.346E-01  1.000E+00  0.000E+00  1.00001E+00
  41  2.541E-04  2.462E-02   11186.4  4.167E+15  2.072E-08  2.541E+04 -7.719E-01  1.000E+00  0.000E+00  1.00001E+00
  42  3.078E-04  3.360E-02   11336.2  5.027E+15  2.469E-08  3.077E+04 -8.049E-01  1.000E+00  0.000E+00  1.00001E+00
  43  3.734E-04  4.630E-02   11517.3  6.131E+15  2.926E-08  3.733E+04 -8.322E-01  1.000E+00  0.000E+00  1.00001E+00
  44  4.536E-04  6.447E-02   11742.2  7.581E+15  3.440E-08  4.535E+04 -8.521E-01  1.000E+00  1.615E-05  1.00001E+00
  45  5.514E-04  9.074E-02   12015.6  9.483E+15  4.006E-08  5.513E+04 -8.661E-01  9.998E-01  1.597E-04  1.00001E+00
  46  6.705E-04  1.291E-01   12349.1  1.199E+16  4.610E-08  6.704E+04 -8.757E-01  9.995E-01  4.707E-04  1.00001E+00
  47  8.156E-04  1.851E-01   12760.1  1.528E+16  5.230E-08  8.153E+04 -8.835E-01  9.991E-01  8.875E-04  1.00000E+00
  48  9.926E-04  2.669E-01   13269.5  1.954E+16  5.841E-08  9.923E+04 -8.953E-01  9.988E-01  1.159E-03  1.00000E+00
  49  1.210E-03  3.843E-01   13892.5  2.485E+16  6.447E-08  1.210E+05 -9.206E-01  9.991E-01  9.297E-04  1.00000E+00
  50  1.481E-03  5.481E-01   14620.0  3.115E+16  7.119E-08  1.480E+05 -9.716E-01  9.996E-01  3.730E-04  9.99997E-01
  51  1.825E-03  7.697E-01   15426.4  3.841E+16  7.968E-08  1.824E+05 -1.055E+00  9.999E-01  7.324E-05  9.99994E-01
  52  2.272E-03  1.064E+00   16296.5  4.694E+16  9.104E-08  2.270E+05 -1.170E+00  1.000E+00  7.805E-06  9.99993E-01
  53  2.865E-03  1.456E+00   17230.9  5.734E+16  1.063E-07  2.864E+05 -1.305E+00  1.000E+00  5.876E-07  9.99994E-01
  54  3.670E-03  1.985E+00   18243.8  7.044E+16  1.268E-07  3.668E+05 -1.452E+00  1.000E+00  1.357E-08  9.99996E-01
  55  4.772E-03  2.708E+00   19359.2  8.720E+16  1.539E-07  4.769E+05 -1.600E+00  1.000E+00  0.000E+00  9.99998E-01
  56  6.290E-03  3.709E+00   20605.5  1.087E+17  1.893E-07  6.286E+05 -1.745E+00  1.000E+00  0.000E+00  9.99999E-01
  57  8.368E-03  5.100E+00   22005.7  1.361E+17  2.347E-07  8.363E+05 -1.881E+00  1.000E+00  0.000E+00  1.00000E+00
  58  1.118E-02  7.029E+00   23574.2  1.703E+17  2.918E-07  1.117E+06 -2.004E+00  1.000E+00  0.000E+00  1.00000E+00
  59  1.494E-02  9.698E+00   25321.1  2.123E+17  3.621E-07  1.493E+06 -2.117E+00  1.000E+00  0.000E+00  1.00000E+00
  60  1.990E-02  1.338E+01   27253.7  2.632E+17  4.474E-07  1.988E+06 -2.220E+00  1.000E+00  0.000E+00  1.00000E+00
  61  2.638E-02  1.845E+01   29378.9  3.241E+17  5.497E-07  2.636E+06 -2.314E+00  1.000E+00  0.000E+00  1.00000E+00
  62  3.480E-02  2.540E+01   31704.2  3.965E+17  6.716E-07  3.478E+06 -2.403E+00  1.000E+00  0.000E+00  1.00000E+00
  63  4.576E-02  3.492E+01   34238.2  4.829E+17  8.171E-07  4.573E+06 -2.494E+00  1.000E+00  0.000E+00  1.00000E+00
  64  6.016E-02  4.793E+01   36990.5  5.879E+17  9.940E-07  6.012E+06 -2.596E+00  1.000E+00  0.000E+00  1.00000E+00
  65  7.956E-02  6.566E+01   39971.6  7.196E+17  1.216E-06  7.949E+06 -2.719E+00  1.000E+00  0.000E+00  1.00000E+00
  66  1.066E-01  8.983E+01   43195.7  8.925E+17  1.508E-06  1.065E+07 -2.873E+00  1.000E+00  0.000E+00  1.00000E+00
  67  1.459E-01  1.228E+02   46683.0  1.130E+18  1.909E-06  1.458E+07 -3.064E+00  1.000E+00  0.000E+00  1.00000E+00
  68  2.050E-01  1.680E+02   50463.4  1.470E+18  2.482E-06  2.049E+07 -3.283E+00  1.000E+00  0.000E+00  1.00000E+00
  69  2.957E-01  2.299E+02   54575.4  1.960E+18  3.309E-06  2.954E+07 -3.519E+00  1.000E+00  0.000E+00  1.00000E+00
  70  4.349E-01  3.147E+02   59062.2  2.664E+18  4.498E-06  4.346E+07 -3.519E+00  1.000E+00  0.000E+00  1.00000E+00
 after outpri           0          30 T
