
 run with tlusty3.01-BETA generated on 11 Jun 2026


 *******************************
  M O D E L   A T M O S P H E R E
  *******************************

 TEFF   =    20000.
 LOG G  =      7.50


  INPUT KEYWORD PARAMETERS:
  -------------------------
 IFRYB=1,iFMOL=1,IHYDPR=2,IFENTR=1                                               
 IQUASI=1,NUNALP=3,NUNBET=3,NUNGAM=3                                             
 IPRINT=1,IPRING=0,CHMAX=1.e-4                                                   
 HMIX0=0.6,MLTYPE=2,ITEK=150,IACC=150                                            
 OPRMIN=1.e-3,ABROS0=1.                                                          
 TAUDIV=1.e-2,IDLST=0                                                            
 NDCGAP=5,ICONRE=0,IDEEPC=3                                                      
 ILGDER=1,CRFLIM=-10.,IMUCON=40,ICONRS=5                                         
 DIFT=0.01,DIFP=0.01                                                             
 ifryb_nst2           1

 VALUES OF SOME KEYWORD PARAMETERS:
 ==================================

ISPLIN=     0  IRTE  =     0  IBC   =     3  ILMCOR=     3  ILPSCT=     1
ILASCT=     0  DJMAX = 0.001  NTRALI=     3  IPSLTE=     0
ICOMPT=     0
IZSCAL=     0  IBCHE =     1  IVISC =     0
IFALI =     5  IFPOPR=     4  JALI  =     1  NFFIX =     0
IFPREC=     1  IELCOR=    -1  ICHC  =     1  IRSPLT=     1  IATREF=     1
MODREF=     1  IACPP =     7  IACPD =     4  IFLEV =     1  IDLTE =  1000
POPZER=1.E-20  POPZR2=1.E-20  RADZER=1.E-20  NITZER=     1  IFDIEL=     0
IOVER =     1  ITLAS =   100
NITER =    30  NLAMBD=     1  ND    =    70
JIDS  =     0  IDMFIX=     1
NMU   =     3
NELSC =     0  IHECOR=     0  IBFINT=     1  IRDER =     3  CHMAX = 0.000
ILDER =     0  IBPOPE=     1  CHMAXT= 0.010  NLAMT =     1
INTRPL=     0  ICHANG=     0
INHE  =     1  INRE  =     2  INPC  =     3  INSE  =     4  INMP  =     0
INDL  =     0  NDRE  =     0  TAUDIV= 0.010  IDLST =     0  NRETC =     0
ICONV =     0  IPRESS=     0  ITEMP =     0
IOPADD=     4  IRSCT =     1  IOPHMI=     1  IOPH2P=     0
IACC  =   150  IACD  =     4  KSNG  =     0  ITEK  =   150  ORELAX= 1.000
IWINBL=    -1
IFPRD =     0  XPDIV =   3.0

TRAD  =    0.  WDIL  =0.000
HMIX0 =   0.6  VTB   =    0.  IPTURB=     1
XGRAD =  0.00  STRL1 =1.E-03  STRL2 =2.E-02
STRLX =1.E-10
FRCMAX=0.E+00  FRCMIN=1.E+12  FRLMAX=9.E+15  FRLMIN=1.E+13
CFRMAX=  2.00
DFTAIL= 0.250  NFTAIL=    21
TSNU  =    0.  VTNU  =  0.00  DDNU  = 0.750  DDNU2 = 5.000
IELNU =     0  CNU1  =  4.50  CNU2  =  3.00
CNU3  =  2.00  ISPODF=     0
DPSILG= 10.00  DPSILT=  1.25  DPSILN= 10.00  DPSILD=  1.25

TAUFIR=1.E-07  TAULAS= 316.0  ABROS0= 1.000  TSURF = 0.000  ALBAVE= 0.000
ABPLAO= 0.300  ABPMIN=1.E-05
DION0 = 1.000  NDGREY=     0  IDGREY=     0  NCONIT=     0  IPRING=     0
IHM   =     0  IH2   =     0  IH2P  =     0

 IFRYB            1
 alloc_ini MATOM,MDEPTH,MIO0,MLEVE0,MME0              99          70         170        1134          12

  CHEMICAL ELEMENTS INCLUDED
  --------------------------

   ELEMENT   MAX.ION      ABUNDANCE

 natoms           1
   1     H    2      1.00E+00      1.00E+00   EXPLICIT: IAT=  1

 YTOT WMY WMM     1.00000E+00    1.00800E+00    1.68672E-24


  EXPLICIT IONS INCLUDED
  ----------------------
  NO.  ION     N0    N1    NK    IZ  IUPSUM ICUP ILVLIN

  1   H 1     1    16    17     1  -100    16     0
 alloc_tra MTRAN0,MLEVEL,MBF,MFIT,MCROSS             136          17          17         357          42
 alloc_tra MION,MXTCOL,MCFIT,MVOIG0                    1           3          10         136
 alloc_freq MFREQ0                                655000
 -----------
 reading Tremblay tables; ihydpr = 22
 -----------
 itab,iline,i,j,nwl,ne,nt    1   1   1   2  54  17   7
 itab,iline,i,j,nwl,ne,nt    1   2   1   3  52  17   7
 itab,iline,i,j,nwl,ne,nt    1   3   1   4  50  17   7
 itab,iline,i,j,nwl,ne,nt    1   4   1   5  47  17   7
 itab,iline,i,j,nwl,ne,nt    1   5   1   6  46  17   7
 itab,iline,i,j,nwl,ne,nt    1   6   1   7  44  17   7
 itab,iline,i,j,nwl,ne,nt    1   7   1   8  44  17   7
 itab,iline,i,j,nwl,ne,nt    1   8   1   9  41  17   7
 itab,iline,i,j,nwl,ne,nt    1   9   1  10  42  17   7
 itab,iline,i,j,nwl,ne,nt    1  10   1  11  41  17   7
 itab,iline,i,j,nwl,ne,nt    1  11   1  12  40  17   7
 itab,iline,i,j,nwl,ne,nt    1  12   1  13  40  17   7
 itab,iline,i,j,nwl,ne,nt    1  13   1  14  44  17   7
 itab,iline,i,j,nwl,ne,nt    1  14   1  15  39  17   7
 itab,iline,i,j,nwl,ne,nt    1  15   1  16  39  17   7
 itab,iline,i,j,nwl,ne,nt    1  16   1  17  39  17   7
 itab,iline,i,j,nwl,ne,nt    1  17   1  18  38  17   7
 itab,iline,i,j,nwl,ne,nt    1  18   1  19  39  17   7
 itab,iline,i,j,nwl,ne,nt    1  19   1  20  38  17   7
 itab,iline,i,j,nwl,ne,nt    1  20   1  21  38  17   7
 itab,iline,i,j,nwl,ne,nt    2  21   2   3  43  17   7
 itab,iline,i,j,nwl,ne,nt    2  22   2   4  42  17   7
 itab,iline,i,j,nwl,ne,nt    2  23   2   5  42  17   7
 itab,iline,i,j,nwl,ne,nt    2  24   2   6  44  17   7
 itab,iline,i,j,nwl,ne,nt    2  25   2   7  44  17   7
 itab,iline,i,j,nwl,ne,nt    2  26   2   8  43  17   7
 itab,iline,i,j,nwl,ne,nt    2  27   2   9  43  17   7
 itab,iline,i,j,nwl,ne,nt    2  28   2  10  43  17   7
 itab,iline,i,j,nwl,ne,nt    2  29   2  11  42  17   7
 itab,iline,i,j,nwl,ne,nt    2  30   2  12  40  17   7
 itab,iline,i,j,nwl,ne,nt    2  31   2  13  40  17   7
 itab,iline,i,j,nwl,ne,nt    2  32   2  14  44  17   7
 itab,iline,i,j,nwl,ne,nt    2  33   2  15  39  17   7
 itab,iline,i,j,nwl,ne,nt    2  34   2  16  39  17   7
 itab,iline,i,j,nwl,ne,nt    2  35   2  17  39  17   7
 itab,iline,i,j,nwl,ne,nt    2  36   2  18  38  17   7
 itab,iline,i,j,nwl,ne,nt    2  37   2  19  39  17   7
 itab,iline,i,j,nwl,ne,nt    2  38   2  20  38  17   7
 itab,iline,i,j,nwl,ne,nt    2  39   2  21  38  17   7
 itab,iline,i,j,nwl,ne,nt    2  40   2  22  37  17   7
 itab,iline,i,j,nwl,ne,nt    3  41   3   4  38  17   7
 itab,iline,i,j,nwl,ne,nt    3  42   3   5  38  17   7
 itab,iline,i,j,nwl,ne,nt    3  43   3   6  36  17   7
 itab,iline,i,j,nwl,ne,nt    3  44   3   7  35  17   7
 itab,iline,i,j,nwl,ne,nt    3  45   3   8  35  17   7
 itab,iline,i,j,nwl,ne,nt    3  46   3   9  35  17   7
 itab,iline,i,j,nwl,ne,nt    3  47   3  10  35  17   7
 itab,iline,i,j,nwl,ne,nt    3  48   3  11  35  17   7
 itab,iline,i,j,nwl,ne,nt    3  49   3  12  35  17   7
 itab,iline,i,j,nwl,ne,nt    3  50   3  13  35  17   7
 itab,iline,i,j,nwl,ne,nt    3  51   3  14  44  17   7
 itab,iline,i,j,nwl,ne,nt    3  52   3  15  35  17   7
 itab,iline,i,j,nwl,ne,nt    3  53   3  16  35  17   7
 itab,iline,i,j,nwl,ne,nt    3  54   3  17  35  17   7
 itab,iline,i,j,nwl,ne,nt    3  55   3  18  35  17   7
 itab,iline,i,j,nwl,ne,nt    3  56   3  19  35  17   7
 itab,iline,i,j,nwl,ne,nt    3  57   3  20  35  17   7
 itab,iline,i,j,nwl,ne,nt    3  58   3  21  35  17   7
 itab,iline,i,j,nwl,ne,nt    3  59   3  22  35  17   7
 itab,iline,i,j,nwl,ne,nt    4  60   4   5  36  17   7
 itab,iline,i,j,nwl,ne,nt    4  61   4   6  35  17   7
 itab,iline,i,j,nwl,ne,nt    4  62   4   7  35  17   7
 itab,iline,i,j,nwl,ne,nt    4  63   4   8  35  17   7
 itab,iline,i,j,nwl,ne,nt    4  64   4   9  35  17   7
 itab,iline,i,j,nwl,ne,nt    4  65   4  10  35  17   7
 itab,iline,i,j,nwl,ne,nt    4  66   4  11  35  17   7
 itab,iline,i,j,nwl,ne,nt    4  67   4  12  35  17   7
 itab,iline,i,j,nwl,ne,nt    4  68   4  13  35  17   7
 itab,iline,i,j,nwl,ne,nt    4  69   4  14  35  17   7
 ihydp0,ihydpr,ihyddk           2          22           0
 ION,ITR,IT0           1         136         136         136
 MTRANS=         136
 MFREQL (for normal lines) =           58

*** AFTER RDATA:

     NFREQ  =    2415
     NFREQL =      57  set to MFREQL
     NTRANS =     136  set to MTRANS

 alloc_tra2 MTRANS,MMCDW                             136          46
 nlvexp end levset           2
 NLEVEL,MLEVEL          17          17

 EXPLICIT ENERGY LEVELS INCLUDED
 -------------------------------

 NO.   LEVEL    ION   ION.FREQ.(s^-1)     G     NQ   IEL  ILK  IAT IMOD  ILT  IIE  IIF

   1  (N=1)     H 1  3.2880499E+15      2.00    1    1    0    1    5    0    1    1
   2  (N=2)     H 1  8.2201247E+14      8.00    2    1    0    1    5    0    0    0
   3  (N=3)     H 1  3.6533887E+14     18.00    3    1    0    1    5    0    0    0
   4  (N=4)     H 1  2.0550312E+14     32.00    4    1    0    1    5    0    0    0
   5  (N=5)     H 1  1.3152199E+14     50.00    5    1    0    1    5    0    0    0
   6  (N=6)     H 1  9.1334719E+13     72.00    6    1    0    1    5    0    0    0
   7  (N=7)     H 1  6.7103059E+13     98.00    7    1    0    1    5    0    0    0
   8  (N=8)     H 1  5.1375779E+13    128.00    8    1    0    1    5    0    0    0
   9  (N=9)     H 1  4.0593208E+13    162.00    9    1    0    1    5    0    0    0
  10  (N=10)    H 1  3.2880499E+13    200.00   10    1    0    1    5    0    0    0
  11  (N=11)    H 1  2.7173966E+13    242.00   11    1    0    1    5    0    0    0
  12  (N=12)    H 1  2.2833680E+13    288.00   12    1    0    1    5    0    0    0
  13  (N=13)    H 1  1.9455916E+13    338.00   13    1    0    1    5    0    0    0
  14  (N=14)    H 1  1.6775765E+13    392.00   14    1    0    1    5    0    0    0
  15  (N=15)    H 1  1.4613555E+13    450.00   15    1    0    1    5    0    0    0
  16  (N=16)    H 1  0.0000000E+00    512.00   16    1    0    1    5    0    0    0
  17  H 2       H 1  0.0000000E+00      1.00    1    1    1    1    5    0    2    2
 MTRANS,MTRAN0         136         136
 inifre njread,nfreqd,nfreqc         200         200         200
 nfreq,mfreq0,ispodf        2415      655000           0         200
 MFREQC at begin of  INIFRC         289

NFREQ, MFREQ  in inifrc(0)    2680

NFREQ, MFREQ  in inifrc(0)    2680
NFREQC,MFREQC in inifrc(0)     265

 nfreqe in inifrc           0
 inifre end nfreqc,mfreqc         265         265
 alloc_freq2 MFREQ,MFREQC,MCROSS,MDEPTH             2680         265          42          70
 MFREQC at begin of  INIFRC         289
 alloc_models MDEPTH,MION,MLEVEL,MLVEXP,MMER          70           1          17           3          12
 alloc_modelq MTRANS,MZZ,NLMX,MMCDW                  136          30          80          46
 alloc_radt MTRANS,MDEPTH,MMCDW               136          70          46
 before inpmod
 nhod           0   1816618.3241132824     
 after odfhys
 after odfset
 alloc_prf MFREQ,MFREQP,MDODF,MCFE,MDEPTH           2680        2680           3           1          70
 MFREQC at begin of  INIFRC         289

 MAXIMUM NUMBER OF OVERLAPPING TRANSITIONS:   13


 ACCURACY OF INTEGRATIONS:
 Interval:  1.59999997E+16  1.00000000E+12  1.59989997E+16  1.59989999E+16
                Planck functions:               10000.      4.4216E-05
                                                20000.      5.2658E-05
                                                40000.      8.6730E-06

 TOTAL NUMBER OF FREQUENCIES:    2680
 SELECTED FREQUENCIES:           2593
 ifryb bef corwn           1
 ifryb aft corwn           1
 as IFRYB>0, NFREQE and MFREX are           0           1


 TRANSITION PARAMETERS (TOTAL OF   136 )
 ---------------------

    ITR ILOW IUP               INDEXP  nfr    IFR0   IFR1     OSC        FR0         LAMBDA

     1    1   17   H 1   1  17      5     24      1     24   7.919E-19     911.764     187.370     968.809
     2    2   17   H 1   2  17      5     83      1     83   1.584E-18    3647.056     187.370    4314.849
     3    3   17   H 1   3  17      5    116      1    116   2.376E-18    8205.875     187.370    9949.776
     4    4   17   H 1   4  17      1    131      1    131   3.168E-18   14588.222     187.370   14546.017
     5    5   17   H 1   5  17      1    149      1    149   3.959E-18   22794.097     187.370   22568.413
     6    6   17   H 1   6  17      1    164      1    164   4.751E-18   32823.500     187.370   32498.514
     7    7   17   H 1   7  17      1    177      1    177   5.543E-18   44676.430     187.370   44234.089
     8    8   17   H 1   8  17      1    188      1    188   6.335E-18   58352.888     187.370   58129.570
     9    9   17   H 1   9  17      1    198      1    198   7.127E-18   73852.874     187.370   73121.658
    10   10   17   H 1  10  17      1    207      1    207   7.919E-18   91176.388     187.370   90273.651
    11   11   17   H 1  11  17      1    215      1    215   8.711E-18  110323.429     187.370  109954.974
    12   12   17   H 1  12  17      1    222      1    222   9.503E-18  131293.999     187.370  129994.058
    13   13   17   H 1  13  17      1    229      1    229   1.029E-17  154088.096     187.370  152562.471
    14   14   17   H 1  14  17      1    236      1    236   1.109E-17  178705.720     187.370  176936.357
    15   15   17   H 1  15  17      1    244      1    244   1.188E-17  205146.873     187.370  203115.716
    16   16   17   H 1  16  17      1    265      1    265   1.000E+00    Infinity     187.370 2997925.106
    17    1    2   H 1   1   2     -1     57    266    322   4.162E-01    1215.685    1025.686    1492.079
    18    1    3   H 1   1   3     -1     57    323    379   7.910E-02    1025.734     865.423    1258.942
    19    1    4   H 1   1   4     -1     53    380    432   2.899E-02     972.548     839.883    1154.986
    20    1    5   H 1   1   5     -1     41    433    473   1.394E-02     949.754     839.525    1093.304
    21    1    6   H 1   1   6     -1     41    474    514   7.799E-03     937.814     828.971    1079.560
    22    1    7   H 1   1   7     -1     41    515    555   4.814E-03     930.759     873.505     996.045
    23    1    8   H 1   1   8     -1     41    556    596   3.183E-03     926.236     869.260     991.205
    24    1    9   H 1   1   9     -1     41    597    637   2.216E-03     923.161     866.374     987.914
    25    1   10   H 1   1  10     -1     41    638    678   1.605E-03     920.974     864.321     985.573
    26    1   11   H 1   1  11     -1     41    679    719   1.201E-03     919.362     862.809     983.848
    27    1   12   H 1   1  12     -1     41    720    760   9.214E-04     918.140     861.662     982.541
    28    1   13   H 1   1  13     -1     41    761    801   7.227E-04     917.191     860.772     981.525
    29    1   14   H 1   1  14     -1     41    802    842   5.744E-04     916.440     860.066     980.721
    30    1   15   H 1   1  15     -1     41    843    883   4.686E-04     915.834     859.498     980.073
    31    1   16   H 1   1  16      0      1      0      0   3.615E-03     911.764    Infinity    Infinity
    32    2    3   H 1   2   3     -1     57    884    940   6.407E-01    6564.700    5669.211    7796.154
    33    2    4   H 1   2   4     -1     57    941    997   1.193E-01    4862.741    4199.415    5774.929
    34    2    5   H 1   2   5     -1     57    998   1054   4.467E-02    4341.733    3749.478    5156.186
    35    2    6   H 1   2   6     -1     41   1055   1095   2.209E-02    4102.937    3625.073    4725.918
    36    2    7   H 1   2   7     -1     41   1096   1136   1.270E-02    3971.238    3510.333    4571.470
    37    2    8   H 1   2   8     -1     29   1137   1165   8.036E-03    3890.193    3480.179    4409.720
    38    2    9   H 1   2   9     -1     41   1166   1206   5.429E-03    3836.513    3432.157    4348.871
    39    2   10   H 1   2  10     -1     41   1207   1247   3.851E-03    3799.016    3398.612    4306.367
    40    2   11   H 1   2  11     -1     41   1248   1288   2.835E-03    3771.741    3374.212    4275.449
    41    2   12   H 1   2  12     -1     41   1289   1329   2.151E-03    3751.257    3355.886    4252.230
    42    2   13   H 1   2  13     -1     41   1330   1370   1.672E-03    3735.469    3341.762    4234.333
    43    2   14   H 1   2  14     -1     41   1371   1411   1.326E-03    3723.036    3330.640    4220.239
    44    2   15   H 1   2  15     -1     41   1412   1452   1.070E-03    3713.066    3321.720    4208.938
    45    2   16   H 1   2  16      0      1      0      0   8.112E-03    3647.056    Infinity    Infinity
    46    3    4   H 1   3   4     -1     57   1453   1509   8.421E-01   18756.286   16571.761   21604.197
    47    3    5   H 1   3   5     -1     57   1510   1566   1.506E-01   12821.680   11328.352   14768.494
    48    3    6   H 1   3   6     -1     37   1567   1603   5.584E-02   10941.167    9666.860   12602.448
    49    3    7   H 1   3   7     -1     33   1604   1636   2.768E-02   10052.197    8885.531   11571.533
    50    3    8   H 1   3   8     -1     29   1637   1665   1.604E-02    9548.654    8542.256   10823.857
    51    3    9   H 1   3   9     -1     41   1666   1706   1.023E-02    9231.609    8663.743    9879.139
    52    3   10   H 1   3  10     -1     41   1707   1747   6.980E-03    9017.445    8462.752    9649.953
    53    3   11   H 1   3  11     -1     41   1748   1788   4.996E-03    8865.276    8319.943    9487.110
    54    3   12   H 1   3  12     -1     41   1789   1829   3.711E-03    8752.933    8214.512    9366.888
    55    3   13   H 1   3  13     -1     41   1830   1870   2.839E-03    8667.455    8134.292    9275.414
    56    3   14   H 1   3  14     -1     41   1871   1911   2.224E-03    8600.810    8071.746    9204.094
    57    3   15   H 1   3  15     -1     41   1912   1952   1.776E-03    8547.786    8021.984    9147.351
    58    3   16   H 1   3  16      0      1      0      0   1.307E-02    8205.875    Infinity    Infinity
    59    4    5   H 1   4   5     -1     13   1953   1965   1.038E+00   40522.839   40513.204   40532.479
    60    4    6   H 1   4   6     -1     13   1966   1978   1.793E-01   26258.800   26252.556   26265.046
    61    4    7   H 1   4   7     -1     13   1979   1991   6.549E-02   21661.299   21656.149   21666.452
    62    4    8   H 1   4   8     -1     13   1992   2004   3.230E-02   19450.963   19446.338   19455.590
    63    4    9   H 1   4   9     -1     13   2005   2017   1.870E-02   18179.169   18174.847   18183.493
    64    4   10   H 1   4  10     -1     13   2018   2030   1.196E-02   17366.931   17362.802   17371.062
    65    4   11   H 1   4  11     -1     13   2031   2043   8.187E-03   16811.189   16807.192   16815.188
    66    4   12   H 1   4  12     -1     13   2044   2056   5.886E-03   16411.750   16407.848   16415.654
    67    4   13   H 1   4  13     -1     13   2057   2069   4.393E-03   16113.788   16109.956   16117.621
    68    4   14   H 1   4  14     -1     13   2070   2082   3.375E-03   15884.953   15881.176   15888.732
    69    4   15   H 1   4  15     -1     13   2083   2095   2.656E-03   15705.024   15701.290   15708.760
    70    4   16   H 1   4  16      0      1      0      0   1.872E-02   14588.222    Infinity    Infinity
    71    5    6   H 1   5   6     -1     13   2096   2108   1.231E+00   74598.863   74581.126   74616.608
    72    5    7   H 1   5   7     -1     13   2109   2121   2.069E-01   46537.948   46526.883   46549.018
    73    5    8   H 1   5   8     -1     13   2122   2134   7.448E-02   37405.698   37396.804   37414.596
    74    5    9   H 1   5   9     -1     13   2135   2147   3.645E-02   32970.033   32962.194   32977.876
    75    5   10   H 1   5  10     -1     13   2148   2160   2.104E-02   30392.129   30384.903   30399.359
    76    5   11   H 1   5  11     -1     13   2161   2173   1.344E-02   28730.060   28723.229   28736.894
    77    5   12   H 1   5  12     -1     13   2174   2186   9.209E-03   27582.773   27576.215   27589.334
    78    5   13   H 1   5  13     -1     13   2187   2199   6.631E-03   26751.405   26745.045   26757.769
    79    5   14   H 1   5  14     -1     13   2200   2212   4.959E-03   26126.567   26120.355   26132.782
    80    5   15   H 1   5  15     -1     13   2213   2225   3.821E-03   25643.359   25637.262   25649.459
    81    5   16   H 1   5  16      0      1      0      0   2.544E-02   22794.097    Infinity    Infinity
    82    6    7   H 1   6   7     -1     13   2226   2238   1.424E+00  123719.345  123689.928  123748.775
    83    6    8   H 1   6   8     -1     13   2239   2251   2.340E-01   75025.142   75007.304   75042.989
    84    6    9   H 1   6   9     -1     13   2252   2264   8.315E-02   59082.299   59068.252   59096.354
    85    6   10   H 1   6  10     -1     13   2265   2277   4.038E-02   51286.718   51274.524   51298.918
    86    6   11   H 1   6  11     -1     13   2278   2290   2.320E-02   46725.217   46714.107   46736.332
    87    6   12   H 1   6  12     -1     13   2291   2303   1.479E-02   43764.666   43754.260   43775.077
    88    6   13   H 1   6  13     -1     13   2304   2316   1.012E-02   41708.056   41698.139   41717.977
    89    6   14   H 1   6  14     -1     13   2317   2329   7.289E-03   40208.787   40199.227   40218.352
    90    6   15   H 1   6  15     -1     13   2330   2342   5.455E-03   39075.595   39066.304   39084.890
    91    6   16   H 1   6  16      0      1      0      0   3.380E-02   32823.500    Infinity    Infinity
    92    7    8   H 1   7   8     -1     13   2343   2355   1.616E+00  190619.435  190574.112  190664.779
    93    7    9   H 1   7   9     -1     13   2356   2368   2.609E-01  113087.214  113060.325  113114.115
    94    7   10   H 1   7  10     -1     13   2369   2381   9.163E-02   87600.843   87580.015   87621.682
    95    7   11   H 1   7  11     -1     13   2382   2394   4.416E-02   75081.223   75063.371   75099.083
    96    7   12   H 1   7  12     -1     13   2395   2407   2.525E-02   67720.062   67703.961   67736.172
    97    7   13   H 1   7  13     -1     13   2408   2420   1.605E-02   62919.306   62904.346   62934.273
    98    7   14   H 1   7  14     -1     13   2421   2433   1.097E-02   59568.573   59554.410   59582.744
    99    7   15   H 1   7  15     -1     13   2434   2446   7.891E-03   57114.754   57101.174   57128.341
   100    7   16   H 1   7  16      0      1      0      0   4.471E-02   44676.430    Infinity    Infinity
   101    8    9   H 1   8   9     -1     13   2447   2459   1.807E+00  278034.350  277968.242  278100.489
   102    8   10   H 1   8  10     -1     13   2460   2472   2.876E-01  162091.356  162052.816  162129.915
   103    8   11   H 1   8  11     -1     13   2473   2485   1.000E-01  123871.921  123842.468  123901.387
   104    8   12   H 1   8  12     -1     13   2486   2498   4.787E-02  105035.199  105010.225  105060.185
   105    8   13   H 1   8  13     -1     13   2499   2511   2.724E-02   93920.363   93898.032   93942.705
   106    8   14   H 1   8  14     -1     13   2512   2524   1.726E-02   86645.198   86624.596   86665.809
   107    8   15   H 1   8  15     -1     13   2525   2537   1.177E-02   81549.067   81529.678   81568.466
   108    8   16   H 1   8  16      0      1      0      0   5.979E-02   58352.888    Infinity    Infinity
   109    9   10   H 1   9  10      0      1      0      0   1.999E+00  388699.338    Infinity    Infinity
   110    9   11   H 1   9  11     -1     13   2538   2550   3.143E-01  223404.944  223351.826  223458.088
   111    9   12   H 1   9  12     -1     13   2551   2563   1.083E-01  168806.570  168766.433  168846.725
   112    9   13   H 1   9  13     -1     13   2564   2576   5.152E-02  141831.088  141797.365  141864.827
   113    9   14   H 1   9  14     -1     13   2577   2589   2.918E-02  125870.986  125841.058  125900.928
   114    9   15   H 1   9  15     -1     13   2590   2602   1.843E-02  115395.116  115367.679  115422.566
   115    9   16   H 1   9  16      0      1      0      0   8.203E-02   73852.874    Infinity    Infinity
   116   10   11   H 1  10  11      0      1      0      0   2.190E+00  525349.663    Infinity    Infinity
   117   10   12   H 1  10  12     -1     13   2603   2615   3.408E-01  298395.451  298324.503  298466.434
   118   10   13   H 1  10  13     -1     13   2616   2628   1.166E-01  223316.080  223262.983  223369.203
   119   10   14   H 1  10  14     -1     13   2629   2641   5.513E-02  186151.792  186107.531  186196.074
   120   10   15   H 1  10  15     -1     13   2642   2654   3.109E-02  164117.498  164078.476  164156.538
   121   10   16   H 1  10  16      0      1      0      0   1.178E-01   91176.388    Infinity    Infinity
   122   11   12   H 1  11  12      0      1      0      0   2.381E+00  690720.601    Infinity    Infinity
   123   11   13   H 1  11  13      0      1      0      0   3.673E-01  388430.407    Infinity    Infinity
   124   11   14   H 1  11  14     -1     13   2655   2667   1.248E-01  288311.895  288243.344  288380.479
   125   11   15   H 1  11  15     -1     13   2668   2680   5.872E-02  238680.496  238623.746  238737.273
   126   11   16   H 1  11  16      0      1      0      0   1.829E-01  110323.429    Infinity    Infinity
   127   12   13   H 1  12  13      0      1      0      0   2.572E+00  887547.430    Infinity    Infinity
   128   12   14   H 1  12  14      0      1      0      0   3.938E-01  494877.379    Infinity    Infinity
   129   12   15   H 1  12  15      0      1      0      0   1.330E-01  364705.552    Infinity    Infinity
   130   12   16   H 1  12  16      0      1      0      0   3.257E-01  131293.999    Infinity    Infinity
   131   13   14   H 1  13  14      0      1      0      0   2.763E+00 1118565.434    Infinity    Infinity
   132   13   15   H 1  13  15      0      1      0      0   4.202E-01  619103.955    Infinity    Infinity
   133   13   16   H 1  13  16      0      1      0      0   7.635E-01  154088.096    Infinity    Infinity
   134   14   15   H 1  14  15      0      1      0      0   2.954E+00 1386509.898    Infinity    Infinity
   135   14   16   H 1  14  16      0      1      0      0   3.761E+00  178705.720    Infinity    Infinity
   136   15   16   H 1  15  16      0      1      0      0   3.995E+00  205146.873    Infinity    Infinity
 opadd0 it,mcross          16          42         289
 Hraysc it          17   3.1166102584199482E-025
 Heraysc it          18   0.0000000000000000     
 H- it          19   6.6723710424546777E-018
 He-ff it          20   1.5629830882757668E-045
 He-ff it          21   2.2458887005360646E-041
 He-ff it          22   4.4892872974588738E-037

 EXTERNAL IRRADIATION - EXTOT0,EXTOT:    0.000E+00   0.000E+00

 MTOT =           1
 itek,niter         150          30
 ksng,nn           0           1
 nfreqe,inhe,inre,inpc,inmp,indl           0           0           1           0           0           0
 alloc_accel iacpp,mtot           7           1
 alloc_accel MLEVEL,MDEPTH,MTOT                       17          70           1
 alloc_accel iacpp,mtot           7           1
 alloc_alipar MDEPTH,MLVEXP                            70           3
 IFRYB,MFREX,MTOT           1           1           1

BASIC ARRAYS DIMENSIONS:

MDEPTH  =      70
MFREQ   =    2680
MFREQC  =     289
MFREX   =       1
MFREQL  =      58
MFREQP  =    2680
MTRANS  =     136
MLEVEL  =      17
MLVEXP  =       3
MTOT    =       1
MION    =       1
MVOIG0  =     136
MHWL    =      90


MAXIMUM AND ACTUAL DIMENSIONS:

MDEPTH,ND     =      70      70
MLEVEL,NLEVEL =      17      17
MLVEXP,NLVEXP =       3       2
MTRANS.NTRANS =     136     136
MFREQ,NFREQ   =    2680    2680
MFREQC,NFREQC =     289     265
MFREQP        =    2680
MFREQL        =      58
MFREQX,NFREQE =       1       0
MTOT,NN       =       1       1
 grey  -16.118095650958320       0.31701214296442365        302.59279646836433        174.70715731429812     
 COMPUTED LTE-GREY MODEL

    ID    TAU       MASS     TEMP       N          NE         P        ROSS.OP    Ptot    TAUR*DPRAD   PRAD0     Pg(comp)

   1  1.000E-07  2.254E-07     16.  3.182E+12  1.591E+12  7.128E+00  4.437E-01  1.818E+02  3.026E-05  1.747E+02  7.128E+00
   2  1.373E-07  3.087E-07     16.  4.358E+12  2.179E+12  9.761E+00  4.559E-01  1.845E+02  4.155E-05  1.747E+02  9.761E+00
   3  1.885E-07  4.195E-07     16.  5.922E+12  2.961E+12  1.327E+01  4.715E-01  1.880E+02  5.704E-05  1.747E+02  1.327E+01
   4  2.588E-07  5.660E-07     16.  7.991E+12  3.995E+12  1.790E+01  4.913E-01  1.926E+02  7.832E-05  1.747E+02  1.790E+01
   5  3.554E-07  7.576E-07     16.  1.070E+13  5.348E+12  2.396E+01  5.159E-01  1.987E+02  1.075E-04  1.747E+02  2.396E+01
   6  4.880E-07  1.007E-06     16.  1.422E+13  7.110E+12  3.185E+01  5.464E-01  2.066E+02  1.477E-04  1.747E+02  3.185E+01
   7  6.700E-07  1.329E-06     16.  1.877E+13  9.383E+12  4.203E+01  5.837E-01  2.167E+02  2.027E-04  1.747E+02  4.203E+01
   8  9.199E-07  1.741E-06     16.  2.458E+13  1.229E+13  5.506E+01  6.291E-01  2.298E+02  2.784E-04  1.747E+02  5.506E+01
   9  1.263E-06  2.264E-06     16.  3.196E+13  1.598E+13  7.158E+01  6.839E-01  2.463E+02  3.822E-04  1.747E+02  7.158E+01
  10  1.734E-06  2.921E-06     16.  4.124E+13  2.062E+13  9.236E+01  7.496E-01  2.671E+02  5.247E-04  1.747E+02  9.236E+01
  11  2.381E-06  3.740E-06     16.  5.281E+13  2.640E+13  1.183E+02  8.281E-01  2.930E+02  7.205E-04  1.747E+02  1.183E+02
  12  3.269E-06  4.755E-06     16.  6.714E+13  3.357E+13  1.504E+02  9.215E-01  3.251E+02  9.892E-04  1.747E+02  1.504E+02
  13  4.489E-06  6.003E-06     16.  8.476E+13  4.238E+13  1.898E+02  1.032E+00  3.645E+02  1.358E-03  1.747E+02  1.898E+02
  14  6.163E-06  7.527E-06     16.  1.063E+14  5.313E+13  2.380E+02  1.164E+00  4.127E+02  1.865E-03  1.747E+02  2.380E+02
  15  8.462E-06  9.378E-06     16.  1.324E+14  6.619E+13  2.965E+02  1.320E+00  4.713E+02  2.561E-03  1.747E+02  2.965E+02
  16  1.162E-05  1.161E-05     16.  1.639E+14  8.196E+13  3.672E+02  1.505E+00  5.419E+02  3.516E-03  1.747E+02  3.672E+02
  17  1.595E-05  1.429E-05     16.  2.018E+14  1.009E+14  4.520E+02  1.725E+00  6.267E+02  4.827E-03  1.747E+02  4.520E+02
  18  2.190E-05  1.750E-05     16.  2.471E+14  1.235E+14  5.535E+02  1.984E+00  7.282E+02  6.628E-03  1.747E+02  5.535E+02
  19  3.007E-05  2.133E-05     16.  3.011E+14  1.505E+14  6.744E+02  2.291E+00  8.491E+02  9.100E-03  1.747E+02  6.744E+02
  20  4.129E-05  2.586E-05     16.  3.651E+14  1.825E+14  8.178E+02  2.654E+00  9.925E+02  1.249E-02  1.747E+02  8.178E+02
  21  5.669E-05  3.123E-05     16.  4.409E+14  2.204E+14  9.876E+02  3.084E+00  1.162E+03  1.716E-02  1.747E+02  9.876E+02
  22  7.784E-05  3.757E-05     16.  5.303E+14  2.650E+14  1.188E+03  3.592E+00  1.363E+03  2.355E-02  1.747E+02  1.188E+03
  23  1.069E-04  4.503E-05     16.  6.356E+14  3.176E+14  1.424E+03  4.192E+00  1.599E+03  3.234E-02  1.747E+02  1.424E+03
  24  1.467E-04  5.380E-05     16.  7.594E+14  3.795E+14  1.701E+03  4.899E+00  1.876E+03  4.440E-02  1.747E+02  1.701E+03
  25  2.015E-04  6.410E-05     16.  9.047E+14  4.520E+14  2.027E+03  5.732E+00  2.202E+03  6.097E-02  1.747E+02  2.027E+03
  26  2.766E-04  7.617E-05     16.  1.075E+15  5.370E+14  2.409E+03  6.715E+00  2.584E+03  8.371E-02  1.747E+02  2.409E+03
  27  3.798E-04  9.032E-05     16.  1.275E+15  6.366E+14  2.856E+03  7.872E+00  3.031E+03  1.149E-01  1.747E+02  2.856E+03
  28  5.215E-04  1.069E-04     16.  1.508E+15  7.531E+14  3.380E+03  9.234E+00  3.555E+03  1.578E-01  1.747E+02  3.380E+03
  29  7.161E-04  1.263E-04     16.  1.781E+15  8.893E+14  3.993E+03  1.084E+01  4.168E+03  2.167E-01  1.747E+02  3.993E+03
  30  9.832E-04  1.490E-04     16.  2.101E+15  1.048E+15  4.710E+03  1.272E+01  4.885E+03  2.975E-01  1.747E+02  4.710E+03
  31  1.350E-03  1.755E-04     16.  2.474E+15  1.234E+15  5.549E+03  1.492E+01  5.724E+03  4.085E-01  1.747E+02  5.549E+03
  32  1.853E-03  2.066E-04     16.  2.910E+15  1.452E+15  6.531E+03  1.750E+01  6.707E+03  5.608E-01  1.747E+02  6.531E+03
  33  2.545E-03  2.429E-04     16.  3.420E+15  1.705E+15  7.681E+03  2.052E+01  7.856E+03  7.700E-01  1.747E+02  7.681E+03
  34  3.494E-03  2.855E-04     16.  4.016E+15  2.002E+15  9.028E+03  2.405E+01  9.203E+03  1.057E+00  1.747E+02  9.028E+03
  35  4.797E-03  3.354E-04     16.  4.713E+15  2.348E+15  1.061E+04  2.815E+01  1.078E+04  1.452E+00  1.747E+02  1.061E+04
  36  6.587E-03  3.941E-04     16.  5.528E+15  2.752E+15  1.246E+04  3.290E+01  1.264E+04  1.993E+00  1.747E+02  1.246E+04
  37  9.044E-03  4.630E-04     16.  6.482E+15  3.225E+15  1.464E+04  3.839E+01  1.482E+04  2.737E+00  1.747E+02  1.464E+04
  38  1.242E-02  5.442E-04     16.  7.600E+15  3.779E+15  1.720E+04  4.468E+01  1.738E+04  3.757E+00  1.747E+02  1.720E+04
  39  1.705E-02  6.401E-04     16.  8.910E+15  4.427E+15  2.024E+04  5.184E+01  2.042E+04  5.159E+00  1.747E+02  2.024E+04
  40  2.341E-02  7.538E-04     17.  1.045E+16  5.187E+15  2.383E+04  5.993E+01  2.401E+04  7.083E+00  1.747E+02  2.383E+04
  41  3.214E-02  8.892E-04     17.  1.226E+16  6.081E+15  2.811E+04  6.897E+01  2.829E+04  9.726E+00  1.747E+02  2.811E+04
  42  4.413E-02  1.051E-03     17.  1.439E+16  7.134E+15  3.323E+04  7.892E+01  3.342E+04  1.335E+01  1.747E+02  3.323E+04
  43  6.059E-02  1.246E-03     17.  1.691E+16  8.378E+15  3.939E+04  8.972E+01  3.958E+04  1.833E+01  1.747E+02  3.939E+04
  44  8.319E-02  1.483E-03     17.  1.989E+16  9.853E+15  4.686E+04  1.012E+02  4.706E+04  2.517E+01  1.747E+02  4.686E+04
  45  1.142E-01  1.772E-03     17.  2.345E+16  1.161E+16  5.599E+04  1.131E+02  5.620E+04  3.456E+01  1.747E+02  5.599E+04
  46  1.568E-01  2.129E-03     18.  2.770E+16  1.372E+16  6.728E+04  1.251E+02  6.750E+04  4.746E+01  1.747E+02  6.728E+04
  47  2.153E-01  2.575E-03     18.  3.281E+16  1.626E+16  8.136E+04  1.368E+02  8.160E+04  6.516E+01  1.747E+02  8.136E+04
  48  2.957E-01  3.138E-03     18.  3.899E+16  1.933E+16  9.913E+04  1.480E+02  9.940E+04  8.947E+01  1.747E+02  9.913E+04
  49  4.060E-01  3.857E-03     19.  4.652E+16  2.309E+16  1.218E+05  1.583E+02  1.221E+05  1.228E+02  1.747E+02  1.218E+05
  50  5.574E-01  4.785E-03     20.  5.573E+16  2.769E+16  1.511E+05  1.675E+02  1.515E+05  1.687E+02  1.747E+02  1.511E+05
  51  7.653E-01  5.995E-03     20.  6.707E+16  3.336E+16  1.894E+05  1.754E+02  1.898E+05  2.316E+02  1.747E+02  1.894E+05
  52  1.051E+00  7.587E-03     21.  8.107E+16  4.037E+16  2.396E+05  1.829E+02  2.401E+05  3.180E+02  1.747E+02  2.396E+05
  53  1.443E+00  9.686E-03     23.  9.833E+16  4.900E+16  3.058E+05  1.902E+02  3.065E+05  4.366E+02  1.747E+02  3.058E+05
  54  1.981E+00  1.246E-02     24.  1.195E+17  5.962E+16  3.933E+05  1.979E+02  3.941E+05  5.994E+02  1.747E+02  3.933E+05
  55  2.720E+00  1.611E-02     25.  1.454E+17  7.259E+16  5.086E+05  2.067E+02  5.096E+05  8.230E+02  1.747E+02  5.086E+05
  56  3.734E+00  2.090E-02     27.  1.768E+17  8.828E+16  6.597E+05  2.170E+02  6.610E+05  1.130E+03  1.747E+02  6.597E+05
  57  5.127E+00  2.714E-02     29.  2.145E+17  1.071E+17  8.566E+05  2.292E+02  8.583E+05  1.551E+03  1.747E+02  8.566E+05
  58  7.040E+00  3.523E-02     31.  2.594E+17  1.296E+17  1.112E+06  2.429E+02  1.114E+06  2.130E+03  1.747E+02  1.112E+06
  59  9.666E+00  4.573E-02     33.  3.129E+17  1.564E+17  1.443E+06  2.570E+02  1.446E+06  2.925E+03  1.747E+02  1.443E+06
  60  1.327E+01  5.941E-02     36.  3.773E+17  1.886E+17  1.875E+06  2.690E+02  1.879E+06  4.016E+03  1.747E+02  1.875E+06
  61  1.822E+01  7.755E-02     39.  4.565E+17  2.282E+17  2.447E+06  2.749E+02  2.453E+06  5.514E+03  1.747E+02  2.447E+06
  62  2.502E+01  1.024E-01     42.  5.583E+17  2.791E+17  3.231E+06  2.704E+02  3.239E+06  7.571E+03  1.747E+02  3.231E+06
  63  3.435E+01  1.379E-01     45.  6.960E+17  3.479E+17  4.352E+06  2.540E+02  4.362E+06  1.039E+04  1.747E+02  4.352E+06
  64  4.717E+01  1.911E-01     49.  8.921E+17  4.459E+17  6.029E+06  2.287E+02  6.044E+06  1.427E+04  1.747E+02  6.029E+06
  65  6.476E+01  2.735E-01     53.  1.181E+18  5.902E+17  8.629E+06  2.006E+02  8.649E+06  1.960E+04  1.747E+02  8.629E+06
  66  8.892E+01  4.032E-01     57.  1.609E+18  8.045E+17  1.272E+07  1.746E+02  1.275E+07  2.691E+04  1.747E+02  1.272E+07
  67  1.221E+02  6.071E-01     62.  2.240E+18  1.120E+18  1.916E+07  1.530E+02  1.920E+07  3.694E+04  1.747E+02  1.916E+07
  68  1.676E+02  9.245E-01     67.  3.153E+18  1.576E+18  2.919E+07  1.359E+02  2.924E+07  5.072E+04  1.747E+02  2.919E+07
  69  2.301E+02  1.411E+00     73.  4.448E+18  2.223E+18  4.455E+07  1.227E+02  4.462E+07  6.964E+04  1.747E+02  4.455E+07
  70  3.160E+02  2.144E+00     79.  6.245E+18  3.122E+18  6.769E+07  1.127E+02  6.779E+07  9.562E+04  1.747E+02  6.769E+07

 CONVECTIVE FLUX: AT CONTMP, ITER= 1

 conout imod,iprin           1           2


  ID    DM        TEMP      DELTA  DELTA(AD)  CON/TOT  RAD/TOT  (C+R)/TOT


   1 2.25E-07  16223.9  0.00E+00  0.00E+00  0.00E+00  0.00E+00  0.00E+00
   2 3.09E-07  16223.9  5.62E-06  0.00E+00  0.00E+00  0.00E+00  0.00E+00
   3 4.19E-07  16223.9  5.79E-06  0.00E+00  0.00E+00  0.00E+00  0.00E+00
   4 5.66E-07  16223.9  6.03E-06  0.00E+00  0.00E+00  0.00E+00  0.00E+00
   5 7.58E-07  16223.9  6.38E-06  0.00E+00  0.00E+00  0.00E+00  0.00E+00
   6 1.01E-06  16223.9  6.84E-06  0.00E+00  0.00E+00  0.00E+00  0.00E+00
   7 1.33E-06  16223.9  7.46E-06  0.00E+00  0.00E+00  0.00E+00  0.00E+00
   8 1.74E-06  16223.9  8.27E-06  0.00E+00  0.00E+00  0.00E+00  0.00E+00
   9 2.26E-06  16223.9  9.36E-06  0.00E+00  0.00E+00  0.00E+00  0.00E+00
  10 2.92E-06  16224.0  1.08E-05  0.00E+00  0.00E+00  0.00E+00  0.00E+00
  11 3.74E-06  16224.0  1.27E-05  0.00E+00  0.00E+00  0.00E+00  0.00E+00
  12 4.76E-06  16224.0  1.52E-05  0.00E+00  0.00E+00  0.00E+00  0.00E+00
  13 6.00E-06  16224.0  1.85E-05  0.00E+00  0.00E+00  0.00E+00  0.00E+00
  14 7.53E-06  16224.1  2.29E-05  0.00E+00  0.00E+00  0.00E+00  0.00E+00
  15 9.38E-06  16224.1  2.88E-05  0.00E+00  0.00E+00  0.00E+00  0.00E+00
  16 1.16E-05  16224.2  3.66E-05  0.00E+00  0.00E+00  0.00E+00  0.00E+00
  17 1.43E-05  16224.3  4.71E-05  0.00E+00  0.00E+00  0.00E+00  0.00E+00
  18 1.75E-05  16224.5  6.12E-05  0.00E+00  0.00E+00  0.00E+00  0.00E+00
  19 2.13E-05  16224.7  8.01E-05  0.00E+00  0.00E+00  0.00E+00  0.00E+00
  20 2.59E-05  16224.9  1.05E-04  0.00E+00  0.00E+00  0.00E+00  0.00E+00
  21 3.12E-05  16225.3  1.39E-04  0.00E+00  0.00E+00  0.00E+00  0.00E+00
  22 3.76E-05  16225.8  1.85E-04  0.00E+00  0.00E+00  0.00E+00  0.00E+00
  23 4.50E-05  16226.4  2.45E-04  0.00E+00  0.00E+00  0.00E+00  0.00E+00
  24 5.38E-05  16227.3  3.26E-04  0.00E+00  0.00E+00  0.00E+00  0.00E+00
  25 6.41E-05  16228.4  4.35E-04  0.00E+00  0.00E+00  0.00E+00  0.00E+00
  26 7.62E-05  16229.9  5.79E-04  0.00E+00  0.00E+00  0.00E+00  0.00E+00
  27 9.03E-05  16231.9  7.70E-04  0.00E+00  0.00E+00  0.00E+00  0.00E+00
  28 1.07E-04  16234.5  1.02E-03  0.00E+00  0.00E+00  0.00E+00  0.00E+00
  29 1.26E-04  16238.1  1.36E-03  0.00E+00  0.00E+00  0.00E+00  0.00E+00
  30 1.49E-04  16242.7  1.81E-03  0.00E+00  0.00E+00  0.00E+00  0.00E+00
  31 1.75E-04  16248.9  2.39E-03  0.00E+00  0.00E+00  0.00E+00  0.00E+00
  32 2.07E-04  16257.0  3.16E-03  3.65E-01  0.00E+00  0.00E+00  0.00E+00
  33 2.43E-04  16267.8  4.17E-03  3.60E-01  0.00E+00  0.00E+00  0.00E+00
  34 2.86E-04  16281.9  5.49E-03  3.55E-01  0.00E+00  0.00E+00  0.00E+00
  35 3.35E-04  16300.5  7.20E-03  3.49E-01  0.00E+00  0.00E+00  0.00E+00
  36 3.94E-04  16324.8  9.40E-03  3.42E-01  0.00E+00  0.00E+00  0.00E+00
  37 4.63E-04  16356.6  1.22E-02  3.36E-01  0.00E+00  0.00E+00  0.00E+00
  38 5.44E-04  16398.0  1.58E-02  3.29E-01  0.00E+00  0.00E+00  0.00E+00
  39 6.40E-04  16451.9  2.04E-02  3.22E-01  0.00E+00  0.00E+00  0.00E+00
  40 7.54E-04  16521.6  2.61E-02  3.16E-01  0.00E+00  0.00E+00  0.00E+00
  41 8.89E-04  16611.4  3.31E-02  3.10E-01  0.00E+00  0.00E+00  0.00E+00
  42 1.05E-03  16726.8  4.16E-02  3.05E-01  0.00E+00  0.00E+00  0.00E+00
  43 1.25E-03  16874.1  5.18E-02  3.01E-01  0.00E+00  0.00E+00  0.00E+00
  44 1.48E-03  17061.3  6.37E-02  2.99E-01  0.00E+00  0.00E+00  0.00E+00
  45 1.77E-03  17297.4  7.74E-02  2.98E-01  0.00E+00  0.00E+00  0.00E+00
  46 2.13E-03  17593.5  9.27E-02  3.00E-01  0.00E+00  0.00E+00  0.00E+00
  47 2.57E-03  17961.7  1.09E-01  3.05E-01  0.00E+00  0.00E+00  0.00E+00
  48 3.14E-03  18416.0  1.27E-01  3.11E-01  0.00E+00  0.00E+00  0.00E+00
  49 3.86E-03  18971.5  1.44E-01  3.21E-01  0.00E+00  0.00E+00  0.00E+00
  50 4.78E-03  19644.3  1.62E-01  3.31E-01  0.00E+00  0.00E+00  0.00E+00
  51 6.00E-03  20451.0  1.79E-01  3.43E-01  0.00E+00  0.00E+00  0.00E+00
  52 7.59E-03  21407.9  1.94E-01  3.55E-01  0.00E+00  0.00E+00  0.00E+00
  53 9.69E-03  22530.6  2.09E-01  3.66E-01  0.00E+00  0.00E+00  0.00E+00
  54 1.25E-02  23833.3  2.23E-01  3.75E-01  0.00E+00  0.00E+00  0.00E+00
  55 1.61E-02  25327.8  2.37E-01  3.83E-01  0.00E+00  0.00E+00  0.00E+00
  56 2.09E-02  27024.2  2.49E-01  3.88E-01  0.00E+00  0.00E+00  0.00E+00
  57 2.71E-02  28930.5  2.61E-01  3.92E-01  0.00E+00  0.00E+00  0.00E+00
  58 3.52E-02  31054.6  2.71E-01  3.95E-01  0.00E+00  0.00E+00  0.00E+00
  59 4.57E-02  33404.6  2.80E-01  3.96E-01  0.00E+00  0.00E+00  0.00E+00
  60 5.94E-02  35990.5  2.85E-01  3.98E-01  0.00E+00  0.00E+00  0.00E+00
  61 7.76E-02  38823.7  2.84E-01  3.98E-01  0.00E+00  0.00E+00  0.00E+00
  62 1.02E-01  41918.3  2.76E-01  3.99E-01  0.00E+00  0.00E+00  0.00E+00
  63 1.38E-01  45290.3  2.60E-01  3.99E-01  0.00E+00  0.00E+00  0.00E+00
  64 1.91E-01  48958.2  2.39E-01  3.99E-01  0.00E+00  0.00E+00  0.00E+00
  65 2.74E-01  52942.7  2.18E-01  4.00E-01  0.00E+00  0.00E+00  0.00E+00
  66 4.03E-01  57267.0  2.02E-01  4.00E-01  0.00E+00  0.00E+00  0.00E+00
  67 6.07E-01  61956.9  1.92E-01  4.00E-01  0.00E+00  0.00E+00  0.00E+00
  68 9.25E-01  67040.6  1.88E-01  4.00E-01  0.00E+00  0.00E+00  0.00E+00
  69 1.41E+00  72549.2  1.87E-01  4.00E-01  0.00E+00  0.00E+00  0.00E+00
  70 2.14E+00  78516.5  1.89E-01  4.00E-01  0.00E+00  0.00E+00  0.00E+00

convective zone between depths (inclusive)   0   0


 CONVECTIVE FLUX: AT CONTMP, ITER= 2

 conout imod,iprin           1           2


  ID    DM        TEMP      DELTA  DELTA(AD)  CON/TOT  RAD/TOT  (C+R)/TOT


   1 2.25E-07  16223.9  0.00E+00  0.00E+00  0.00E+00  0.00E+00  0.00E+00
   2 3.08E-07  16223.9  5.64E-06  0.00E+00  0.00E+00  0.00E+00  0.00E+00
   3 4.19E-07  16223.9  5.81E-06  0.00E+00  0.00E+00  0.00E+00  0.00E+00
   4 5.65E-07  16223.9  6.05E-06  0.00E+00  0.00E+00  0.00E+00  0.00E+00
   5 7.57E-07  16223.9  6.38E-06  0.00E+00  0.00E+00  0.00E+00  0.00E+00
   6 1.01E-06  16223.9  6.84E-06  0.00E+00  0.00E+00  0.00E+00  0.00E+00
   7 1.33E-06  16223.9  7.45E-06  0.00E+00  0.00E+00  0.00E+00  0.00E+00
   8 1.74E-06  16223.9  8.27E-06  0.00E+00  0.00E+00  0.00E+00  0.00E+00
   9 2.26E-06  16223.9  9.35E-06  0.00E+00  0.00E+00  0.00E+00  0.00E+00
  10 2.92E-06  16224.0  1.08E-05  0.00E+00  0.00E+00  0.00E+00  0.00E+00
  11 3.74E-06  16224.0  1.27E-05  0.00E+00  0.00E+00  0.00E+00  0.00E+00
  12 4.76E-06  16224.0  1.52E-05  0.00E+00  0.00E+00  0.00E+00  0.00E+00
  13 6.00E-06  16224.0  1.85E-05  0.00E+00  0.00E+00  0.00E+00  0.00E+00
  14 7.53E-06  16224.1  2.29E-05  0.00E+00  0.00E+00  0.00E+00  0.00E+00
  15 9.38E-06  16224.1  2.88E-05  0.00E+00  0.00E+00  0.00E+00  0.00E+00
  16 1.16E-05  16224.2  3.66E-05  0.00E+00  0.00E+00  0.00E+00  0.00E+00
  17 1.43E-05  16224.3  4.71E-05  0.00E+00  0.00E+00  0.00E+00  0.00E+00
  18 1.75E-05  16224.5  6.12E-05  0.00E+00  0.00E+00  0.00E+00  0.00E+00
  19 2.13E-05  16224.7  8.01E-05  0.00E+00  0.00E+00  0.00E+00  0.00E+00
  20 2.59E-05  16224.9  1.05E-04  0.00E+00  0.00E+00  0.00E+00  0.00E+00
  21 3.12E-05  16225.3  1.39E-04  0.00E+00  0.00E+00  0.00E+00  0.00E+00
  22 3.76E-05  16225.8  1.85E-04  0.00E+00  0.00E+00  0.00E+00  0.00E+00
  23 4.50E-05  16226.4  2.45E-04  0.00E+00  0.00E+00  0.00E+00  0.00E+00
  24 5.38E-05  16227.3  3.26E-04  0.00E+00  0.00E+00  0.00E+00  0.00E+00
  25 6.41E-05  16228.4  4.35E-04  0.00E+00  0.00E+00  0.00E+00  0.00E+00
  26 7.62E-05  16229.9  5.79E-04  0.00E+00  0.00E+00  0.00E+00  0.00E+00
  27 9.03E-05  16231.9  7.70E-04  0.00E+00  0.00E+00  0.00E+00  0.00E+00
  28 1.07E-04  16234.5  1.02E-03  0.00E+00  0.00E+00  0.00E+00  0.00E+00
  29 1.26E-04  16238.1  1.36E-03  0.00E+00  0.00E+00  0.00E+00  0.00E+00
  30 1.49E-04  16242.7  1.81E-03  0.00E+00  0.00E+00  0.00E+00  0.00E+00
  31 1.75E-04  16248.9  2.39E-03  0.00E+00  0.00E+00  0.00E+00  0.00E+00
  32 2.07E-04  16257.0  3.16E-03  3.64E-01  0.00E+00  0.00E+00  0.00E+00
  33 2.43E-04  16267.8  4.17E-03  3.59E-01  0.00E+00  0.00E+00  0.00E+00
  34 2.86E-04  16281.9  5.49E-03  3.54E-01  0.00E+00  0.00E+00  0.00E+00
  35 3.35E-04  16300.5  7.19E-03  3.48E-01  0.00E+00  0.00E+00  0.00E+00
  36 3.94E-04  16324.8  9.40E-03  3.42E-01  0.00E+00  0.00E+00  0.00E+00
  37 4.63E-04  16356.6  1.22E-02  3.35E-01  0.00E+00  0.00E+00  0.00E+00
  38 5.44E-04  16398.0  1.58E-02  3.28E-01  0.00E+00  0.00E+00  0.00E+00
  39 6.40E-04  16451.9  2.04E-02  3.22E-01  0.00E+00  0.00E+00  0.00E+00
  40 7.54E-04  16521.6  2.60E-02  3.15E-01  0.00E+00  0.00E+00  0.00E+00
  41 8.90E-04  16611.4  3.31E-02  3.09E-01  0.00E+00  0.00E+00  0.00E+00
  42 1.05E-03  16726.8  4.16E-02  3.04E-01  0.00E+00  0.00E+00  0.00E+00
  43 1.25E-03  16874.1  5.18E-02  3.01E-01  0.00E+00  0.00E+00  0.00E+00
  44 1.48E-03  17061.3  6.37E-02  2.98E-01  0.00E+00  0.00E+00  0.00E+00
  45 1.77E-03  17297.4  7.73E-02  2.98E-01  0.00E+00  0.00E+00  0.00E+00
  46 2.13E-03  17593.5  9.28E-02  3.00E-01  0.00E+00  0.00E+00  0.00E+00
  47 2.58E-03  17961.7  1.09E-01  3.04E-01  0.00E+00  0.00E+00  0.00E+00
  48 3.14E-03  18416.0  1.26E-01  3.11E-01  0.00E+00  0.00E+00  0.00E+00
  49 3.86E-03  18971.5  1.44E-01  3.20E-01  0.00E+00  0.00E+00  0.00E+00
  50 4.79E-03  19644.3  1.62E-01  3.31E-01  0.00E+00  0.00E+00  0.00E+00
  51 6.00E-03  20451.0  1.79E-01  3.43E-01  0.00E+00  0.00E+00  0.00E+00
  52 7.59E-03  21407.9  1.94E-01  3.55E-01  0.00E+00  0.00E+00  0.00E+00
  53 9.69E-03  22530.6  2.09E-01  3.66E-01  0.00E+00  0.00E+00  0.00E+00
  54 1.25E-02  23833.3  2.24E-01  3.75E-01  0.00E+00  0.00E+00  0.00E+00
  55 1.61E-02  25327.8  2.37E-01  3.83E-01  0.00E+00  0.00E+00  0.00E+00
  56 2.09E-02  27024.2  2.49E-01  3.88E-01  0.00E+00  0.00E+00  0.00E+00
  57 2.72E-02  28930.5  2.61E-01  3.92E-01  0.00E+00  0.00E+00  0.00E+00
  58 3.53E-02  31054.6  2.71E-01  3.95E-01  0.00E+00  0.00E+00  0.00E+00
  59 4.58E-02  33404.6  2.80E-01  3.96E-01  0.00E+00  0.00E+00  0.00E+00
  60 5.94E-02  35990.5  2.85E-01  3.98E-01  0.00E+00  0.00E+00  0.00E+00
  61 7.76E-02  38823.7  2.84E-01  3.98E-01  0.00E+00  0.00E+00  0.00E+00
  62 1.03E-01  41918.3  2.76E-01  3.99E-01  0.00E+00  0.00E+00  0.00E+00
  63 1.38E-01  45290.3  2.60E-01  3.99E-01  0.00E+00  0.00E+00  0.00E+00
  64 1.91E-01  48958.2  2.39E-01  3.99E-01  0.00E+00  0.00E+00  0.00E+00
  65 2.73E-01  52942.7  2.19E-01  3.99E-01  0.00E+00  0.00E+00  0.00E+00
  66 4.02E-01  57267.0  2.03E-01  4.00E-01  0.00E+00  0.00E+00  0.00E+00
  67 6.04E-01  61956.9  1.93E-01  4.00E-01  0.00E+00  0.00E+00  0.00E+00
  68 9.20E-01  67040.6  1.88E-01  4.00E-01  0.00E+00  0.00E+00  0.00E+00
  69 1.40E+00  72549.2  1.87E-01  4.00E-01  0.00E+00  0.00E+00  0.00E+00
  70 2.13E+00  78516.5  1.89E-01  4.00E-01  0.00E+00  0.00E+00  0.00E+00

convective zone between depths (inclusive)   0   0


 CONVECTIVE FLUX: AT CONTMP, ITER= 3

 conout imod,iprin           1           2


  ID    DM        TEMP      DELTA  DELTA(AD)  CON/TOT  RAD/TOT  (C+R)/TOT


   1 9.90E-08  16223.9  0.00E+00  0.00E+00  0.00E+00  0.00E+00  0.00E+00
   2 1.36E-07  16223.9  1.24E-05  0.00E+00  0.00E+00  0.00E+00  0.00E+00
   3 1.86E-07  16223.9  1.24E-05  0.00E+00  0.00E+00  0.00E+00  0.00E+00
   4 2.54E-07  16223.9  1.24E-05  0.00E+00  0.00E+00  0.00E+00  0.00E+00
   5 3.46E-07  16223.9  1.25E-05  0.00E+00  0.00E+00  0.00E+00  0.00E+00
   6 4.70E-07  16223.9  1.27E-05  0.00E+00  0.00E+00  0.00E+00  0.00E+00
   7 6.37E-07  16223.9  1.31E-05  0.00E+00  0.00E+00  0.00E+00  0.00E+00
   8 8.59E-07  16223.9  1.36E-05  0.00E+00  0.00E+00  0.00E+00  0.00E+00
   9 1.15E-06  16223.9  1.44E-05  0.00E+00  0.00E+00  0.00E+00  0.00E+00
  10 1.54E-06  16224.0  1.55E-05  0.00E+00  0.00E+00  0.00E+00  0.00E+00
  11 2.05E-06  16224.0  1.70E-05  0.00E+00  0.00E+00  0.00E+00  0.00E+00
  12 2.70E-06  16224.0  1.90E-05  0.00E+00  0.00E+00  0.00E+00  0.00E+00
  13 3.55E-06  16224.0  2.17E-05  0.00E+00  0.00E+00  0.00E+00  0.00E+00
  14 4.62E-06  16224.1  2.55E-05  0.00E+00  0.00E+00  0.00E+00  0.00E+00
  15 5.97E-06  16224.1  3.05E-05  0.00E+00  0.00E+00  0.00E+00  0.00E+00
  16 7.67E-06  16224.2  3.73E-05  0.00E+00  0.00E+00  0.00E+00  0.00E+00
  17 9.77E-06  16224.3  4.64E-05  0.00E+00  0.00E+00  0.00E+00  0.00E+00
  18 1.24E-05  16224.5  5.87E-05  0.00E+00  0.00E+00  0.00E+00  0.00E+00
  19 1.55E-05  16224.7  7.54E-05  0.00E+00  0.00E+00  0.00E+00  0.00E+00
  20 1.94E-05  16224.9  9.79E-05  0.00E+00  0.00E+00  0.00E+00  0.00E+00
  21 2.40E-05  16225.3  1.28E-04  0.00E+00  0.00E+00  0.00E+00  0.00E+00
  22 2.96E-05  16225.8  1.69E-04  0.00E+00  0.00E+00  0.00E+00  0.00E+00
  23 3.63E-05  16226.4  2.25E-04  0.00E+00  0.00E+00  0.00E+00  0.00E+00
  24 4.43E-05  16227.3  2.99E-04  0.00E+00  0.00E+00  0.00E+00  0.00E+00
  25 5.38E-05  16228.4  3.99E-04  0.00E+00  0.00E+00  0.00E+00  0.00E+00
  26 6.50E-05  16229.9  5.33E-04  0.00E+00  0.00E+00  0.00E+00  0.00E+00
  27 7.84E-05  16231.9  7.12E-04  0.00E+00  0.00E+00  0.00E+00  0.00E+00
  28 9.41E-05  16234.5  9.51E-04  0.00E+00  0.00E+00  0.00E+00  0.00E+00
  29 1.13E-04  16238.1  1.27E-03  0.00E+00  0.00E+00  0.00E+00  0.00E+00
  30 1.34E-04  16242.7  1.69E-03  0.00E+00  0.00E+00  0.00E+00  0.00E+00
  31 1.60E-04  16248.9  2.25E-03  0.00E+00  0.00E+00  0.00E+00  0.00E+00
  32 1.90E-04  16257.0  2.99E-03  3.67E-01  0.00E+00  0.00E+00  0.00E+00
  33 2.26E-04  16267.8  3.97E-03  3.62E-01  0.00E+00  0.00E+00  0.00E+00
  34 2.67E-04  16281.9  5.24E-03  3.56E-01  0.00E+00  0.00E+00  0.00E+00
  35 3.17E-04  16300.5  6.90E-03  3.50E-01  0.00E+00  0.00E+00  0.00E+00
  36 3.74E-04  16324.8  9.05E-03  3.44E-01  0.00E+00  0.00E+00  0.00E+00
  37 4.42E-04  16356.6  1.18E-02  3.37E-01  0.00E+00  0.00E+00  0.00E+00
  38 5.23E-04  16398.0  1.53E-02  3.31E-01  0.00E+00  0.00E+00  0.00E+00
  39 6.18E-04  16451.9  1.98E-02  3.24E-01  0.00E+00  0.00E+00  0.00E+00
  40 7.30E-04  16521.6  2.54E-02  3.17E-01  0.00E+00  0.00E+00  0.00E+00
  41 8.65E-04  16611.4  3.23E-02  3.11E-01  0.00E+00  0.00E+00  0.00E+00
  42 1.03E-03  16726.8  4.08E-02  3.06E-01  0.00E+00  0.00E+00  0.00E+00
  43 1.22E-03  16874.1  5.09E-02  3.02E-01  0.00E+00  0.00E+00  0.00E+00
  44 1.46E-03  17061.3  6.27E-02  3.00E-01  0.00E+00  0.00E+00  0.00E+00
  45 1.74E-03  17297.4  7.64E-02  2.99E-01  0.00E+00  0.00E+00  0.00E+00
  46 2.10E-03  17593.5  9.15E-02  3.01E-01  0.00E+00  0.00E+00  0.00E+00
  47 2.55E-03  17961.7  1.08E-01  3.05E-01  0.00E+00  0.00E+00  0.00E+00
  48 3.11E-03  18416.0  1.25E-01  3.12E-01  0.00E+00  0.00E+00  0.00E+00
  49 3.82E-03  18971.5  1.43E-01  3.21E-01  0.00E+00  0.00E+00  0.00E+00
  50 4.75E-03  19644.3  1.61E-01  3.32E-01  0.00E+00  0.00E+00  0.00E+00
  51 5.96E-03  20451.0  1.78E-01  3.44E-01  0.00E+00  0.00E+00  0.00E+00
  52 7.55E-03  21407.9  1.94E-01  3.55E-01  0.00E+00  0.00E+00  0.00E+00
  53 9.64E-03  22530.6  2.09E-01  3.66E-01  0.00E+00  0.00E+00  0.00E+00
  54 1.24E-02  23833.3  2.23E-01  3.75E-01  0.00E+00  0.00E+00  0.00E+00
  55 1.61E-02  25327.8  2.36E-01  3.83E-01  0.00E+00  0.00E+00  0.00E+00
  56 2.08E-02  27024.2  2.49E-01  3.88E-01  0.00E+00  0.00E+00  0.00E+00
  57 2.71E-02  28930.5  2.61E-01  3.92E-01  0.00E+00  0.00E+00  0.00E+00
  58 3.51E-02  31054.6  2.71E-01  3.95E-01  0.00E+00  0.00E+00  0.00E+00
  59 4.56E-02  33404.6  2.80E-01  3.96E-01  0.00E+00  0.00E+00  0.00E+00
  60 5.93E-02  35990.5  2.84E-01  3.98E-01  0.00E+00  0.00E+00  0.00E+00
  61 7.74E-02  38823.7  2.84E-01  3.98E-01  0.00E+00  0.00E+00  0.00E+00
  62 1.02E-01  41918.3  2.76E-01  3.99E-01  0.00E+00  0.00E+00  0.00E+00
  63 1.38E-01  45290.3  2.60E-01  3.99E-01  0.00E+00  0.00E+00  0.00E+00
  64 1.91E-01  48958.2  2.39E-01  3.99E-01  0.00E+00  0.00E+00  0.00E+00
  65 2.73E-01  52942.7  2.19E-01  4.00E-01  0.00E+00  0.00E+00  0.00E+00
  66 4.01E-01  57267.0  2.03E-01  4.00E-01  0.00E+00  0.00E+00  0.00E+00
  67 6.04E-01  61956.9  1.92E-01  4.00E-01  0.00E+00  0.00E+00  0.00E+00
  68 9.20E-01  67040.6  1.87E-01  4.00E-01  0.00E+00  0.00E+00  0.00E+00
  69 1.41E+00  72549.2  1.87E-01  4.00E-01  0.00E+00  0.00E+00  0.00E+00
  70 2.14E+00  78516.5  1.89E-01  4.00E-01  0.00E+00  0.00E+00  0.00E+00

convective zone between depths (inclusive)   0   0


 CONVECTIVE FLUX: AT CONTMP, ITER= 4

 conout imod,iprin           1           2


  ID    DM        TEMP      DELTA  DELTA(AD)  CON/TOT  RAD/TOT  (C+R)/TOT


   1 1.00E-07  16223.9  0.00E+00  0.00E+00  0.00E+00  0.00E+00  0.00E+00
   2 1.37E-07  16223.9  1.22E-05  0.00E+00  0.00E+00  0.00E+00  0.00E+00
   3 1.88E-07  16223.9  1.21E-05  0.00E+00  0.00E+00  0.00E+00  0.00E+00
   4 2.58E-07  16223.9  1.21E-05  0.00E+00  0.00E+00  0.00E+00  0.00E+00
   5 3.53E-07  16223.9  1.21E-05  0.00E+00  0.00E+00  0.00E+00  0.00E+00
   6 4.82E-07  16223.9  1.23E-05  0.00E+00  0.00E+00  0.00E+00  0.00E+00
   7 6.57E-07  16223.9  1.25E-05  0.00E+00  0.00E+00  0.00E+00  0.00E+00
   8 8.93E-07  16223.9  1.29E-05  0.00E+00  0.00E+00  0.00E+00  0.00E+00
   9 1.21E-06  16223.9  1.35E-05  0.00E+00  0.00E+00  0.00E+00  0.00E+00
  10 1.63E-06  16224.0  1.44E-05  0.00E+00  0.00E+00  0.00E+00  0.00E+00
  11 2.19E-06  16224.0  1.56E-05  0.00E+00  0.00E+00  0.00E+00  0.00E+00
  12 2.92E-06  16224.0  1.74E-05  0.00E+00  0.00E+00  0.00E+00  0.00E+00
  13 3.88E-06  16224.0  1.99E-05  0.00E+00  0.00E+00  0.00E+00  0.00E+00
  14 5.09E-06  16224.1  2.33E-05  0.00E+00  0.00E+00  0.00E+00  0.00E+00
  15 6.64E-06  16224.1  2.81E-05  0.00E+00  0.00E+00  0.00E+00  0.00E+00
  16 8.57E-06  16224.2  3.47E-05  0.00E+00  0.00E+00  0.00E+00  0.00E+00
  17 1.10E-05  16224.3  4.37E-05  0.00E+00  0.00E+00  0.00E+00  0.00E+00
  18 1.39E-05  16224.5  5.61E-05  0.00E+00  0.00E+00  0.00E+00  0.00E+00
  19 1.75E-05  16224.7  7.29E-05  0.00E+00  0.00E+00  0.00E+00  0.00E+00
  20 2.18E-05  16224.9  9.59E-05  0.00E+00  0.00E+00  0.00E+00  0.00E+00
  21 2.69E-05  16225.3  1.27E-04  0.00E+00  0.00E+00  0.00E+00  0.00E+00
  22 3.30E-05  16225.8  1.69E-04  0.00E+00  0.00E+00  0.00E+00  0.00E+00
  23 4.03E-05  16226.4  2.27E-04  0.00E+00  0.00E+00  0.00E+00  0.00E+00
  24 4.89E-05  16227.3  3.04E-04  0.00E+00  0.00E+00  0.00E+00  0.00E+00
  25 5.91E-05  16228.4  4.07E-04  0.00E+00  0.00E+00  0.00E+00  0.00E+00
  26 7.10E-05  16229.9  5.46E-04  0.00E+00  0.00E+00  0.00E+00  0.00E+00
  27 8.50E-05  16231.9  7.32E-04  0.00E+00  0.00E+00  0.00E+00  0.00E+00
  28 1.01E-04  16234.5  9.79E-04  0.00E+00  0.00E+00  0.00E+00  0.00E+00
  29 1.21E-04  16238.1  1.31E-03  0.00E+00  0.00E+00  0.00E+00  0.00E+00
  30 1.43E-04  16242.7  1.74E-03  0.00E+00  0.00E+00  0.00E+00  0.00E+00
  31 1.70E-04  16248.9  2.32E-03  0.00E+00  0.00E+00  0.00E+00  0.00E+00
  32 2.01E-04  16257.0  3.08E-03  3.65E-01  0.00E+00  0.00E+00  0.00E+00
  33 2.37E-04  16267.8  4.08E-03  3.60E-01  0.00E+00  0.00E+00  0.00E+00
  34 2.79E-04  16281.9  5.38E-03  3.55E-01  0.00E+00  0.00E+00  0.00E+00
  35 3.29E-04  16300.5  7.07E-03  3.49E-01  0.00E+00  0.00E+00  0.00E+00
  36 3.88E-04  16324.8  9.26E-03  3.42E-01  0.00E+00  0.00E+00  0.00E+00
  37 4.57E-04  16356.6  1.21E-02  3.36E-01  0.00E+00  0.00E+00  0.00E+00
  38 5.38E-04  16398.0  1.56E-02  3.29E-01  0.00E+00  0.00E+00  0.00E+00
  39 6.34E-04  16451.9  2.02E-02  3.22E-01  0.00E+00  0.00E+00  0.00E+00
  40 7.47E-04  16521.6  2.58E-02  3.16E-01  0.00E+00  0.00E+00  0.00E+00
  41 8.83E-04  16611.4  3.28E-02  3.10E-01  0.00E+00  0.00E+00  0.00E+00
  42 1.04E-03  16726.8  4.13E-02  3.05E-01  0.00E+00  0.00E+00  0.00E+00
  43 1.24E-03  16874.1  5.15E-02  3.01E-01  0.00E+00  0.00E+00  0.00E+00
  44 1.48E-03  17061.3  6.34E-02  2.99E-01  0.00E+00  0.00E+00  0.00E+00
  45 1.77E-03  17297.4  7.71E-02  2.98E-01  0.00E+00  0.00E+00  0.00E+00
  46 2.12E-03  17593.5  9.23E-02  3.00E-01  0.00E+00  0.00E+00  0.00E+00
  47 2.57E-03  17961.7  1.09E-01  3.05E-01  0.00E+00  0.00E+00  0.00E+00
  48 3.13E-03  18416.0  1.26E-01  3.11E-01  0.00E+00  0.00E+00  0.00E+00
  49 3.85E-03  18971.5  1.44E-01  3.20E-01  0.00E+00  0.00E+00  0.00E+00
  50 4.78E-03  19644.3  1.62E-01  3.31E-01  0.00E+00  0.00E+00  0.00E+00
  51 5.99E-03  20451.0  1.78E-01  3.43E-01  0.00E+00  0.00E+00  0.00E+00
  52 7.58E-03  21407.9  1.94E-01  3.55E-01  0.00E+00  0.00E+00  0.00E+00
  53 9.68E-03  22530.6  2.09E-01  3.66E-01  0.00E+00  0.00E+00  0.00E+00
  54 1.24E-02  23833.3  2.23E-01  3.75E-01  0.00E+00  0.00E+00  0.00E+00
  55 1.61E-02  25327.8  2.37E-01  3.83E-01  0.00E+00  0.00E+00  0.00E+00
  56 2.09E-02  27024.2  2.49E-01  3.88E-01  0.00E+00  0.00E+00  0.00E+00
  57 2.71E-02  28930.5  2.61E-01  3.92E-01  0.00E+00  0.00E+00  0.00E+00
  58 3.52E-02  31054.6  2.71E-01  3.95E-01  0.00E+00  0.00E+00  0.00E+00
  59 4.57E-02  33404.6  2.80E-01  3.96E-01  0.00E+00  0.00E+00  0.00E+00
  60 5.94E-02  35990.5  2.85E-01  3.98E-01  0.00E+00  0.00E+00  0.00E+00
  61 7.75E-02  38823.7  2.84E-01  3.98E-01  0.00E+00  0.00E+00  0.00E+00
  62 1.02E-01  41918.3  2.76E-01  3.99E-01  0.00E+00  0.00E+00  0.00E+00
  63 1.38E-01  45290.3  2.60E-01  3.99E-01  0.00E+00  0.00E+00  0.00E+00
  64 1.91E-01  48958.2  2.40E-01  3.99E-01  0.00E+00  0.00E+00  0.00E+00
  65 2.73E-01  52942.7  2.19E-01  4.00E-01  0.00E+00  0.00E+00  0.00E+00
  66 4.02E-01  57267.0  2.03E-01  4.00E-01  0.00E+00  0.00E+00  0.00E+00
  67 6.05E-01  61956.9  1.92E-01  4.00E-01  0.00E+00  0.00E+00  0.00E+00
  68 9.21E-01  67040.6  1.87E-01  4.00E-01  0.00E+00  0.00E+00  0.00E+00
  69 1.41E+00  72549.2  1.87E-01  4.00E-01  0.00E+00  0.00E+00  0.00E+00
  70 2.14E+00  78516.5  1.89E-01  4.00E-01  0.00E+00  0.00E+00  0.00E+00

convective zone between depths (inclusive)   0   0


 CONVECTIVE FLUX: AT CONTMP, ITER= 5

 conout imod,iprin           1           2


  ID    DM        TEMP      DELTA  DELTA(AD)  CON/TOT  RAD/TOT  (C+R)/TOT


   1 1.00E-07  16223.9  0.00E+00  0.00E+00  0.00E+00  0.00E+00  0.00E+00
   2 1.37E-07  16223.9  1.22E-05  0.00E+00  0.00E+00  0.00E+00  0.00E+00
   3 1.88E-07  16223.9  1.22E-05  0.00E+00  0.00E+00  0.00E+00  0.00E+00
   4 2.58E-07  16223.9  1.21E-05  0.00E+00  0.00E+00  0.00E+00  0.00E+00
   5 3.53E-07  16223.9  1.22E-05  0.00E+00  0.00E+00  0.00E+00  0.00E+00
   6 4.82E-07  16223.9  1.23E-05  0.00E+00  0.00E+00  0.00E+00  0.00E+00
   7 6.57E-07  16223.9  1.25E-05  0.00E+00  0.00E+00  0.00E+00  0.00E+00
   8 8.93E-07  16223.9  1.29E-05  0.00E+00  0.00E+00  0.00E+00  0.00E+00
   9 1.21E-06  16223.9  1.35E-05  0.00E+00  0.00E+00  0.00E+00  0.00E+00
  10 1.63E-06  16224.0  1.43E-05  0.00E+00  0.00E+00  0.00E+00  0.00E+00
  11 2.19E-06  16224.0  1.56E-05  0.00E+00  0.00E+00  0.00E+00  0.00E+00
  12 2.93E-06  16224.0  1.74E-05  0.00E+00  0.00E+00  0.00E+00  0.00E+00
  13 3.88E-06  16224.0  1.99E-05  0.00E+00  0.00E+00  0.00E+00  0.00E+00
  14 5.10E-06  16224.1  2.33E-05  0.00E+00  0.00E+00  0.00E+00  0.00E+00
  15 6.64E-06  16224.1  2.81E-05  0.00E+00  0.00E+00  0.00E+00  0.00E+00
  16 8.58E-06  16224.2  3.46E-05  0.00E+00  0.00E+00  0.00E+00  0.00E+00
  17 1.10E-05  16224.3  4.36E-05  0.00E+00  0.00E+00  0.00E+00  0.00E+00
  18 1.39E-05  16224.5  5.60E-05  0.00E+00  0.00E+00  0.00E+00  0.00E+00
  19 1.75E-05  16224.7  7.28E-05  0.00E+00  0.00E+00  0.00E+00  0.00E+00
  20 2.18E-05  16224.9  9.57E-05  0.00E+00  0.00E+00  0.00E+00  0.00E+00
  21 2.70E-05  16225.3  1.27E-04  0.00E+00  0.00E+00  0.00E+00  0.00E+00
  22 3.31E-05  16225.8  1.69E-04  0.00E+00  0.00E+00  0.00E+00  0.00E+00
  23 4.04E-05  16226.4  2.26E-04  0.00E+00  0.00E+00  0.00E+00  0.00E+00
  24 4.91E-05  16227.3  3.03E-04  0.00E+00  0.00E+00  0.00E+00  0.00E+00
  25 5.93E-05  16228.4  4.07E-04  0.00E+00  0.00E+00  0.00E+00  0.00E+00
  26 7.12E-05  16229.9  5.46E-04  0.00E+00  0.00E+00  0.00E+00  0.00E+00
  27 8.53E-05  16231.9  7.32E-04  0.00E+00  0.00E+00  0.00E+00  0.00E+00
  28 1.02E-04  16234.5  9.79E-04  0.00E+00  0.00E+00  0.00E+00  0.00E+00
  29 1.21E-04  16238.1  1.31E-03  0.00E+00  0.00E+00  0.00E+00  0.00E+00
  30 1.44E-04  16242.7  1.75E-03  0.00E+00  0.00E+00  0.00E+00  0.00E+00
  31 1.70E-04  16248.9  2.32E-03  0.00E+00  0.00E+00  0.00E+00  0.00E+00
  32 2.01E-04  16257.0  3.08E-03  3.65E-01  0.00E+00  0.00E+00  0.00E+00
  33 2.38E-04  16267.8  4.08E-03  3.60E-01  0.00E+00  0.00E+00  0.00E+00
  34 2.80E-04  16281.9  5.38E-03  3.54E-01  0.00E+00  0.00E+00  0.00E+00
  35 3.30E-04  16300.5  7.08E-03  3.49E-01  0.00E+00  0.00E+00  0.00E+00
  36 3.89E-04  16324.8  9.26E-03  3.42E-01  0.00E+00  0.00E+00  0.00E+00
  37 4.58E-04  16356.6  1.21E-02  3.36E-01  0.00E+00  0.00E+00  0.00E+00
  38 5.39E-04  16398.0  1.57E-02  3.29E-01  0.00E+00  0.00E+00  0.00E+00
  39 6.35E-04  16451.9  2.02E-02  3.22E-01  0.00E+00  0.00E+00  0.00E+00
  40 7.48E-04  16521.6  2.59E-02  3.16E-01  0.00E+00  0.00E+00  0.00E+00
  41 8.84E-04  16611.4  3.28E-02  3.10E-01  0.00E+00  0.00E+00  0.00E+00
  42 1.05E-03  16726.8  4.13E-02  3.05E-01  0.00E+00  0.00E+00  0.00E+00
  43 1.24E-03  16874.1  5.15E-02  3.01E-01  0.00E+00  0.00E+00  0.00E+00
  44 1.48E-03  17061.3  6.35E-02  2.99E-01  0.00E+00  0.00E+00  0.00E+00
  45 1.77E-03  17297.4  7.71E-02  2.98E-01  0.00E+00  0.00E+00  0.00E+00
  46 2.12E-03  17593.5  9.23E-02  3.00E-01  0.00E+00  0.00E+00  0.00E+00
  47 2.57E-03  17961.7  1.09E-01  3.05E-01  0.00E+00  0.00E+00  0.00E+00
  48 3.13E-03  18416.0  1.26E-01  3.11E-01  0.00E+00  0.00E+00  0.00E+00
  49 3.85E-03  18971.5  1.44E-01  3.20E-01  0.00E+00  0.00E+00  0.00E+00
  50 4.78E-03  19644.3  1.62E-01  3.31E-01  0.00E+00  0.00E+00  0.00E+00
  51 5.99E-03  20451.0  1.78E-01  3.43E-01  0.00E+00  0.00E+00  0.00E+00
  52 7.59E-03  21407.9  1.94E-01  3.55E-01  0.00E+00  0.00E+00  0.00E+00
  53 9.68E-03  22530.6  2.09E-01  3.66E-01  0.00E+00  0.00E+00  0.00E+00
  54 1.25E-02  23833.3  2.24E-01  3.75E-01  0.00E+00  0.00E+00  0.00E+00
  55 1.61E-02  25327.8  2.37E-01  3.83E-01  0.00E+00  0.00E+00  0.00E+00
  56 2.09E-02  27024.2  2.49E-01  3.88E-01  0.00E+00  0.00E+00  0.00E+00
  57 2.71E-02  28930.5  2.61E-01  3.92E-01  0.00E+00  0.00E+00  0.00E+00
  58 3.52E-02  31054.6  2.71E-01  3.95E-01  0.00E+00  0.00E+00  0.00E+00
  59 4.57E-02  33404.6  2.80E-01  3.96E-01  0.00E+00  0.00E+00  0.00E+00
  60 5.94E-02  35990.5  2.85E-01  3.98E-01  0.00E+00  0.00E+00  0.00E+00
  61 7.76E-02  38823.7  2.84E-01  3.98E-01  0.00E+00  0.00E+00  0.00E+00
  62 1.02E-01  41918.3  2.76E-01  3.99E-01  0.00E+00  0.00E+00  0.00E+00
  63 1.38E-01  45290.3  2.60E-01  3.99E-01  0.00E+00  0.00E+00  0.00E+00
  64 1.91E-01  48958.2  2.40E-01  3.99E-01  0.00E+00  0.00E+00  0.00E+00
  65 2.73E-01  52942.7  2.19E-01  3.99E-01  0.00E+00  0.00E+00  0.00E+00
  66 4.02E-01  57267.0  2.03E-01  4.00E-01  0.00E+00  0.00E+00  0.00E+00
  67 6.05E-01  61956.9  1.93E-01  4.00E-01  0.00E+00  0.00E+00  0.00E+00
  68 9.21E-01  67040.6  1.88E-01  4.00E-01  0.00E+00  0.00E+00  0.00E+00
  69 1.41E+00  72549.2  1.87E-01  4.00E-01  0.00E+00  0.00E+00  0.00E+00
  70 2.14E+00  78516.5  1.89E-01  4.00E-01  0.00E+00  0.00E+00  0.00E+00

convective zone between depths (inclusive)   0   0


 CONVECTIVE FLUX: AT CONTMP, ITER= 6

 conout imod,iprin           1           2


  ID    DM        TEMP      DELTA  DELTA(AD)  CON/TOT  RAD/TOT  (C+R)/TOT


   1 1.00E-07  16223.9  0.00E+00  0.00E+00  0.00E+00  0.00E+00  0.00E+00
   2 1.37E-07  16223.9  1.22E-05  0.00E+00  0.00E+00  0.00E+00  0.00E+00
   3 1.88E-07  16223.9  1.22E-05  0.00E+00  0.00E+00  0.00E+00  0.00E+00
   4 2.58E-07  16223.9  1.21E-05  0.00E+00  0.00E+00  0.00E+00  0.00E+00
   5 3.53E-07  16223.9  1.22E-05  0.00E+00  0.00E+00  0.00E+00  0.00E+00
   6 4.82E-07  16223.9  1.23E-05  0.00E+00  0.00E+00  0.00E+00  0.00E+00
   7 6.57E-07  16223.9  1.25E-05  0.00E+00  0.00E+00  0.00E+00  0.00E+00
   8 8.93E-07  16223.9  1.29E-05  0.00E+00  0.00E+00  0.00E+00  0.00E+00
   9 1.21E-06  16223.9  1.35E-05  0.00E+00  0.00E+00  0.00E+00  0.00E+00
  10 1.63E-06  16224.0  1.43E-05  0.00E+00  0.00E+00  0.00E+00  0.00E+00
  11 2.19E-06  16224.0  1.56E-05  0.00E+00  0.00E+00  0.00E+00  0.00E+00
  12 2.93E-06  16224.0  1.74E-05  0.00E+00  0.00E+00  0.00E+00  0.00E+00
  13 3.88E-06  16224.0  1.99E-05  0.00E+00  0.00E+00  0.00E+00  0.00E+00
  14 5.10E-06  16224.1  2.33E-05  0.00E+00  0.00E+00  0.00E+00  0.00E+00
  15 6.64E-06  16224.1  2.81E-05  0.00E+00  0.00E+00  0.00E+00  0.00E+00
  16 8.58E-06  16224.2  3.46E-05  0.00E+00  0.00E+00  0.00E+00  0.00E+00
  17 1.10E-05  16224.3  4.36E-05  0.00E+00  0.00E+00  0.00E+00  0.00E+00
  18 1.39E-05  16224.5  5.60E-05  0.00E+00  0.00E+00  0.00E+00  0.00E+00
  19 1.75E-05  16224.7  7.28E-05  0.00E+00  0.00E+00  0.00E+00  0.00E+00
  20 2.18E-05  16224.9  9.57E-05  0.00E+00  0.00E+00  0.00E+00  0.00E+00
  21 2.70E-05  16225.3  1.27E-04  0.00E+00  0.00E+00  0.00E+00  0.00E+00
  22 3.31E-05  16225.8  1.69E-04  0.00E+00  0.00E+00  0.00E+00  0.00E+00
  23 4.04E-05  16226.4  2.26E-04  0.00E+00  0.00E+00  0.00E+00  0.00E+00
  24 4.91E-05  16227.3  3.03E-04  0.00E+00  0.00E+00  0.00E+00  0.00E+00
  25 5.93E-05  16228.4  4.07E-04  0.00E+00  0.00E+00  0.00E+00  0.00E+00
  26 7.12E-05  16229.9  5.46E-04  0.00E+00  0.00E+00  0.00E+00  0.00E+00
  27 8.53E-05  16231.9  7.32E-04  0.00E+00  0.00E+00  0.00E+00  0.00E+00
  28 1.02E-04  16234.5  9.79E-04  0.00E+00  0.00E+00  0.00E+00  0.00E+00
  29 1.21E-04  16238.1  1.31E-03  0.00E+00  0.00E+00  0.00E+00  0.00E+00
  30 1.44E-04  16242.7  1.75E-03  0.00E+00  0.00E+00  0.00E+00  0.00E+00
  31 1.70E-04  16248.9  2.32E-03  0.00E+00  0.00E+00  0.00E+00  0.00E+00
  32 2.01E-04  16257.0  3.08E-03  3.65E-01  0.00E+00  0.00E+00  0.00E+00
  33 2.38E-04  16267.8  4.08E-03  3.60E-01  0.00E+00  0.00E+00  0.00E+00
  34 2.80E-04  16281.9  5.38E-03  3.54E-01  0.00E+00  0.00E+00  0.00E+00
  35 3.30E-04  16300.5  7.08E-03  3.49E-01  0.00E+00  0.00E+00  0.00E+00
  36 3.89E-04  16324.8  9.26E-03  3.42E-01  0.00E+00  0.00E+00  0.00E+00
  37 4.58E-04  16356.6  1.21E-02  3.36E-01  0.00E+00  0.00E+00  0.00E+00
  38 5.39E-04  16398.0  1.57E-02  3.29E-01  0.00E+00  0.00E+00  0.00E+00
  39 6.35E-04  16451.9  2.02E-02  3.22E-01  0.00E+00  0.00E+00  0.00E+00
  40 7.49E-04  16521.6  2.59E-02  3.16E-01  0.00E+00  0.00E+00  0.00E+00
  41 8.84E-04  16611.4  3.28E-02  3.10E-01  0.00E+00  0.00E+00  0.00E+00
  42 1.05E-03  16726.8  4.14E-02  3.05E-01  0.00E+00  0.00E+00  0.00E+00
  43 1.24E-03  16874.1  5.15E-02  3.01E-01  0.00E+00  0.00E+00  0.00E+00
  44 1.48E-03  17061.3  6.35E-02  2.99E-01  0.00E+00  0.00E+00  0.00E+00
  45 1.77E-03  17297.4  7.71E-02  2.98E-01  0.00E+00  0.00E+00  0.00E+00
  46 2.12E-03  17593.5  9.24E-02  3.00E-01  0.00E+00  0.00E+00  0.00E+00
  47 2.57E-03  17961.7  1.09E-01  3.05E-01  0.00E+00  0.00E+00  0.00E+00
  48 3.13E-03  18416.0  1.26E-01  3.11E-01  0.00E+00  0.00E+00  0.00E+00
  49 3.85E-03  18971.5  1.44E-01  3.20E-01  0.00E+00  0.00E+00  0.00E+00
  50 4.78E-03  19644.3  1.62E-01  3.31E-01  0.00E+00  0.00E+00  0.00E+00
  51 5.99E-03  20451.0  1.79E-01  3.43E-01  0.00E+00  0.00E+00  0.00E+00
  52 7.58E-03  21407.9  1.94E-01  3.55E-01  0.00E+00  0.00E+00  0.00E+00
  53 9.68E-03  22530.6  2.09E-01  3.66E-01  0.00E+00  0.00E+00  0.00E+00
  54 1.24E-02  23833.3  2.24E-01  3.75E-01  0.00E+00  0.00E+00  0.00E+00
  55 1.61E-02  25327.8  2.37E-01  3.83E-01  0.00E+00  0.00E+00  0.00E+00
  56 2.09E-02  27024.2  2.49E-01  3.88E-01  0.00E+00  0.00E+00  0.00E+00
  57 2.71E-02  28930.5  2.61E-01  3.92E-01  0.00E+00  0.00E+00  0.00E+00
  58 3.52E-02  31054.6  2.71E-01  3.95E-01  0.00E+00  0.00E+00  0.00E+00
  59 4.57E-02  33404.6  2.80E-01  3.96E-01  0.00E+00  0.00E+00  0.00E+00
  60 5.94E-02  35990.5  2.85E-01  3.98E-01  0.00E+00  0.00E+00  0.00E+00
  61 7.75E-02  38823.7  2.84E-01  3.98E-01  0.00E+00  0.00E+00  0.00E+00
  62 1.02E-01  41918.3  2.76E-01  3.99E-01  0.00E+00  0.00E+00  0.00E+00
  63 1.38E-01  45290.3  2.60E-01  3.99E-01  0.00E+00  0.00E+00  0.00E+00
  64 1.91E-01  48958.2  2.39E-01  3.99E-01  0.00E+00  0.00E+00  0.00E+00
  65 2.73E-01  52942.7  2.19E-01  4.00E-01  0.00E+00  0.00E+00  0.00E+00
  66 4.02E-01  57267.0  2.03E-01  4.00E-01  0.00E+00  0.00E+00  0.00E+00
  67 6.04E-01  61956.9  1.93E-01  4.00E-01  0.00E+00  0.00E+00  0.00E+00
  68 9.20E-01  67040.6  1.88E-01  4.00E-01  0.00E+00  0.00E+00  0.00E+00
  69 1.41E+00  72549.2  1.87E-01  4.00E-01  0.00E+00  0.00E+00  0.00E+00
  70 2.14E+00  78516.5  1.89E-01  4.00E-01  0.00E+00  0.00E+00  0.00E+00

convective zone between depths (inclusive)   0   0


 CONVECTIVE FLUX: AT CONTMP, ITER= 7

 conout imod,iprin           1           2


  ID    DM        TEMP      DELTA  DELTA(AD)  CON/TOT  RAD/TOT  (C+R)/TOT


   1 1.00E-07  16223.9  0.00E+00  0.00E+00  0.00E+00  0.00E+00  0.00E+00
   2 1.37E-07  16223.9  1.22E-05  0.00E+00  0.00E+00  0.00E+00  0.00E+00
   3 1.88E-07  16223.9  1.22E-05  0.00E+00  0.00E+00  0.00E+00  0.00E+00
   4 2.58E-07  16223.9  1.21E-05  0.00E+00  0.00E+00  0.00E+00  0.00E+00
   5 3.53E-07  16223.9  1.22E-05  0.00E+00  0.00E+00  0.00E+00  0.00E+00
   6 4.82E-07  16223.9  1.23E-05  0.00E+00  0.00E+00  0.00E+00  0.00E+00
   7 6.57E-07  16223.9  1.25E-05  0.00E+00  0.00E+00  0.00E+00  0.00E+00
   8 8.93E-07  16223.9  1.29E-05  0.00E+00  0.00E+00  0.00E+00  0.00E+00
   9 1.21E-06  16223.9  1.35E-05  0.00E+00  0.00E+00  0.00E+00  0.00E+00
  10 1.63E-06  16224.0  1.43E-05  0.00E+00  0.00E+00  0.00E+00  0.00E+00
  11 2.19E-06  16224.0  1.56E-05  0.00E+00  0.00E+00  0.00E+00  0.00E+00
  12 2.93E-06  16224.0  1.74E-05  0.00E+00  0.00E+00  0.00E+00  0.00E+00
  13 3.88E-06  16224.0  1.99E-05  0.00E+00  0.00E+00  0.00E+00  0.00E+00
  14 5.10E-06  16224.1  2.33E-05  0.00E+00  0.00E+00  0.00E+00  0.00E+00
  15 6.64E-06  16224.1  2.81E-05  0.00E+00  0.00E+00  0.00E+00  0.00E+00
  16 8.58E-06  16224.2  3.46E-05  0.00E+00  0.00E+00  0.00E+00  0.00E+00
  17 1.10E-05  16224.3  4.36E-05  0.00E+00  0.00E+00  0.00E+00  0.00E+00
  18 1.39E-05  16224.5  5.60E-05  0.00E+00  0.00E+00  0.00E+00  0.00E+00
  19 1.75E-05  16224.7  7.28E-05  0.00E+00  0.00E+00  0.00E+00  0.00E+00
  20 2.18E-05  16224.9  9.57E-05  0.00E+00  0.00E+00  0.00E+00  0.00E+00
  21 2.70E-05  16225.3  1.27E-04  0.00E+00  0.00E+00  0.00E+00  0.00E+00
  22 3.31E-05  16225.8  1.69E-04  0.00E+00  0.00E+00  0.00E+00  0.00E+00
  23 4.04E-05  16226.4  2.26E-04  0.00E+00  0.00E+00  0.00E+00  0.00E+00
  24 4.91E-05  16227.3  3.03E-04  0.00E+00  0.00E+00  0.00E+00  0.00E+00
  25 5.93E-05  16228.4  4.07E-04  0.00E+00  0.00E+00  0.00E+00  0.00E+00
  26 7.12E-05  16229.9  5.46E-04  0.00E+00  0.00E+00  0.00E+00  0.00E+00
  27 8.53E-05  16231.9  7.32E-04  0.00E+00  0.00E+00  0.00E+00  0.00E+00
  28 1.02E-04  16234.5  9.79E-04  0.00E+00  0.00E+00  0.00E+00  0.00E+00
  29 1.21E-04  16238.1  1.31E-03  0.00E+00  0.00E+00  0.00E+00  0.00E+00
  30 1.44E-04  16242.7  1.75E-03  0.00E+00  0.00E+00  0.00E+00  0.00E+00
  31 1.70E-04  16248.9  2.32E-03  0.00E+00  0.00E+00  0.00E+00  0.00E+00
  32 2.01E-04  16257.0  3.08E-03  3.65E-01  0.00E+00  0.00E+00  0.00E+00
  33 2.38E-04  16267.8  4.08E-03  3.60E-01  0.00E+00  0.00E+00  0.00E+00
  34 2.80E-04  16281.9  5.38E-03  3.54E-01  0.00E+00  0.00E+00  0.00E+00
  35 3.30E-04  16300.5  7.08E-03  3.49E-01  0.00E+00  0.00E+00  0.00E+00
  36 3.89E-04  16324.8  9.27E-03  3.42E-01  0.00E+00  0.00E+00  0.00E+00
  37 4.58E-04  16356.6  1.21E-02  3.36E-01  0.00E+00  0.00E+00  0.00E+00
  38 5.39E-04  16398.0  1.57E-02  3.29E-01  0.00E+00  0.00E+00  0.00E+00
  39 6.35E-04  16451.9  2.02E-02  3.22E-01  0.00E+00  0.00E+00  0.00E+00
  40 7.48E-04  16521.6  2.59E-02  3.16E-01  0.00E+00  0.00E+00  0.00E+00
  41 8.84E-04  16611.4  3.28E-02  3.10E-01  0.00E+00  0.00E+00  0.00E+00
  42 1.05E-03  16726.8  4.14E-02  3.05E-01  0.00E+00  0.00E+00  0.00E+00
  43 1.24E-03  16874.1  5.15E-02  3.01E-01  0.00E+00  0.00E+00  0.00E+00
  44 1.48E-03  17061.3  6.35E-02  2.99E-01  0.00E+00  0.00E+00  0.00E+00
  45 1.77E-03  17297.4  7.71E-02  2.98E-01  0.00E+00  0.00E+00  0.00E+00
  46 2.12E-03  17593.5  9.24E-02  3.00E-01  0.00E+00  0.00E+00  0.00E+00
  47 2.57E-03  17961.7  1.09E-01  3.05E-01  0.00E+00  0.00E+00  0.00E+00
  48 3.13E-03  18416.0  1.26E-01  3.11E-01  0.00E+00  0.00E+00  0.00E+00
  49 3.85E-03  18971.5  1.44E-01  3.20E-01  0.00E+00  0.00E+00  0.00E+00
  50 4.78E-03  19644.3  1.62E-01  3.31E-01  0.00E+00  0.00E+00  0.00E+00
  51 5.99E-03  20451.0  1.78E-01  3.43E-01  0.00E+00  0.00E+00  0.00E+00
  52 7.58E-03  21407.9  1.94E-01  3.55E-01  0.00E+00  0.00E+00  0.00E+00
  53 9.68E-03  22530.6  2.09E-01  3.66E-01  0.00E+00  0.00E+00  0.00E+00
  54 1.25E-02  23833.3  2.23E-01  3.75E-01  0.00E+00  0.00E+00  0.00E+00
  55 1.61E-02  25327.8  2.37E-01  3.83E-01  0.00E+00  0.00E+00  0.00E+00
  56 2.09E-02  27024.2  2.49E-01  3.88E-01  0.00E+00  0.00E+00  0.00E+00
  57 2.71E-02  28930.5  2.61E-01  3.92E-01  0.00E+00  0.00E+00  0.00E+00
  58 3.52E-02  31054.6  2.71E-01  3.95E-01  0.00E+00  0.00E+00  0.00E+00
  59 4.57E-02  33404.6  2.80E-01  3.96E-01  0.00E+00  0.00E+00  0.00E+00
  60 5.94E-02  35990.5  2.85E-01  3.98E-01  0.00E+00  0.00E+00  0.00E+00
  61 7.76E-02  38823.7  2.84E-01  3.98E-01  0.00E+00  0.00E+00  0.00E+00
  62 1.02E-01  41918.3  2.76E-01  3.99E-01  0.00E+00  0.00E+00  0.00E+00
  63 1.38E-01  45290.3  2.60E-01  3.99E-01  0.00E+00  0.00E+00  0.00E+00
  64 1.91E-01  48958.2  2.40E-01  3.99E-01  0.00E+00  0.00E+00  0.00E+00
  65 2.73E-01  52942.7  2.19E-01  3.99E-01  0.00E+00  0.00E+00  0.00E+00
  66 4.02E-01  57267.0  2.03E-01  4.00E-01  0.00E+00  0.00E+00  0.00E+00
  67 6.05E-01  61956.9  1.93E-01  4.00E-01  0.00E+00  0.00E+00  0.00E+00
  68 9.21E-01  67040.6  1.88E-01  4.00E-01  0.00E+00  0.00E+00  0.00E+00
  69 1.41E+00  72549.2  1.87E-01  4.00E-01  0.00E+00  0.00E+00  0.00E+00
  70 2.14E+00  78516.5  1.89E-01  4.00E-01  0.00E+00  0.00E+00  0.00E+00

convective zone between depths (inclusive)   0   0


 CONVECTIVE FLUX: AT CONTMP, ITER= 8

 conout imod,iprin           1           2


  ID    DM        TEMP      DELTA  DELTA(AD)  CON/TOT  RAD/TOT  (C+R)/TOT


   1 1.00E-07  16223.9  0.00E+00  0.00E+00  0.00E+00  0.00E+00  0.00E+00
   2 1.37E-07  16223.9  1.22E-05  0.00E+00  0.00E+00  0.00E+00  0.00E+00
   3 1.88E-07  16223.9  1.22E-05  0.00E+00  0.00E+00  0.00E+00  0.00E+00
   4 2.58E-07  16223.9  1.21E-05  0.00E+00  0.00E+00  0.00E+00  0.00E+00
   5 3.53E-07  16223.9  1.22E-05  0.00E+00  0.00E+00  0.00E+00  0.00E+00
   6 4.82E-07  16223.9  1.23E-05  0.00E+00  0.00E+00  0.00E+00  0.00E+00
   7 6.57E-07  16223.9  1.25E-05  0.00E+00  0.00E+00  0.00E+00  0.00E+00
   8 8.93E-07  16223.9  1.29E-05  0.00E+00  0.00E+00  0.00E+00  0.00E+00
   9 1.21E-06  16223.9  1.35E-05  0.00E+00  0.00E+00  0.00E+00  0.00E+00
  10 1.63E-06  16224.0  1.43E-05  0.00E+00  0.00E+00  0.00E+00  0.00E+00
  11 2.19E-06  16224.0  1.56E-05  0.00E+00  0.00E+00  0.00E+00  0.00E+00
  12 2.93E-06  16224.0  1.74E-05  0.00E+00  0.00E+00  0.00E+00  0.00E+00
  13 3.88E-06  16224.0  1.99E-05  0.00E+00  0.00E+00  0.00E+00  0.00E+00
  14 5.10E-06  16224.1  2.33E-05  0.00E+00  0.00E+00  0.00E+00  0.00E+00
  15 6.64E-06  16224.1  2.81E-05  0.00E+00  0.00E+00  0.00E+00  0.00E+00
  16 8.58E-06  16224.2  3.46E-05  0.00E+00  0.00E+00  0.00E+00  0.00E+00
  17 1.10E-05  16224.3  4.36E-05  0.00E+00  0.00E+00  0.00E+00  0.00E+00
  18 1.39E-05  16224.5  5.60E-05  0.00E+00  0.00E+00  0.00E+00  0.00E+00
  19 1.75E-05  16224.7  7.28E-05  0.00E+00  0.00E+00  0.00E+00  0.00E+00
  20 2.18E-05  16224.9  9.57E-05  0.00E+00  0.00E+00  0.00E+00  0.00E+00
  21 2.70E-05  16225.3  1.27E-04  0.00E+00  0.00E+00  0.00E+00  0.00E+00
  22 3.31E-05  16225.8  1.69E-04  0.00E+00  0.00E+00  0.00E+00  0.00E+00
  23 4.04E-05  16226.4  2.26E-04  0.00E+00  0.00E+00  0.00E+00  0.00E+00
  24 4.91E-05  16227.3  3.03E-04  0.00E+00  0.00E+00  0.00E+00  0.00E+00
  25 5.93E-05  16228.4  4.07E-04  0.00E+00  0.00E+00  0.00E+00  0.00E+00
  26 7.12E-05  16229.9  5.46E-04  0.00E+00  0.00E+00  0.00E+00  0.00E+00
  27 8.53E-05  16231.9  7.32E-04  0.00E+00  0.00E+00  0.00E+00  0.00E+00
  28 1.02E-04  16234.5  9.79E-04  0.00E+00  0.00E+00  0.00E+00  0.00E+00
  29 1.21E-04  16238.1  1.31E-03  0.00E+00  0.00E+00  0.00E+00  0.00E+00
  30 1.44E-04  16242.7  1.75E-03  0.00E+00  0.00E+00  0.00E+00  0.00E+00
  31 1.70E-04  16248.9  2.32E-03  0.00E+00  0.00E+00  0.00E+00  0.00E+00
  32 2.01E-04  16257.0  3.08E-03  3.65E-01  0.00E+00  0.00E+00  0.00E+00
  33 2.38E-04  16267.8  4.08E-03  3.60E-01  0.00E+00  0.00E+00  0.00E+00
  34 2.80E-04  16281.9  5.38E-03  3.54E-01  0.00E+00  0.00E+00  0.00E+00
  35 3.30E-04  16300.5  7.08E-03  3.49E-01  0.00E+00  0.00E+00  0.00E+00
  36 3.89E-04  16324.8  9.26E-03  3.42E-01  0.00E+00  0.00E+00  0.00E+00
  37 4.58E-04  16356.6  1.21E-02  3.36E-01  0.00E+00  0.00E+00  0.00E+00
  38 5.39E-04  16398.0  1.57E-02  3.29E-01  0.00E+00  0.00E+00  0.00E+00
  39 6.35E-04  16451.9  2.02E-02  3.22E-01  0.00E+00  0.00E+00  0.00E+00
  40 7.48E-04  16521.6  2.59E-02  3.16E-01  0.00E+00  0.00E+00  0.00E+00
  41 8.84E-04  16611.4  3.28E-02  3.10E-01  0.00E+00  0.00E+00  0.00E+00
  42 1.05E-03  16726.8  4.13E-02  3.05E-01  0.00E+00  0.00E+00  0.00E+00
  43 1.24E-03  16874.1  5.15E-02  3.01E-01  0.00E+00  0.00E+00  0.00E+00
  44 1.48E-03  17061.3  6.35E-02  2.99E-01  0.00E+00  0.00E+00  0.00E+00
  45 1.77E-03  17297.4  7.71E-02  2.98E-01  0.00E+00  0.00E+00  0.00E+00
  46 2.12E-03  17593.5  9.24E-02  3.00E-01  0.00E+00  0.00E+00  0.00E+00
  47 2.57E-03  17961.7  1.09E-01  3.05E-01  0.00E+00  0.00E+00  0.00E+00
  48 3.13E-03  18416.0  1.26E-01  3.11E-01  0.00E+00  0.00E+00  0.00E+00
  49 3.85E-03  18971.5  1.44E-01  3.20E-01  0.00E+00  0.00E+00  0.00E+00
  50 4.78E-03  19644.3  1.62E-01  3.31E-01  0.00E+00  0.00E+00  0.00E+00
  51 5.99E-03  20451.0  1.78E-01  3.43E-01  0.00E+00  0.00E+00  0.00E+00
  52 7.58E-03  21407.9  1.94E-01  3.55E-01  0.00E+00  0.00E+00  0.00E+00
  53 9.68E-03  22530.6  2.09E-01  3.66E-01  0.00E+00  0.00E+00  0.00E+00
  54 1.24E-02  23833.3  2.24E-01  3.75E-01  0.00E+00  0.00E+00  0.00E+00
  55 1.61E-02  25327.8  2.37E-01  3.83E-01  0.00E+00  0.00E+00  0.00E+00
  56 2.09E-02  27024.2  2.49E-01  3.88E-01  0.00E+00  0.00E+00  0.00E+00
  57 2.71E-02  28930.5  2.61E-01  3.92E-01  0.00E+00  0.00E+00  0.00E+00
  58 3.52E-02  31054.6  2.71E-01  3.95E-01  0.00E+00  0.00E+00  0.00E+00
  59 4.57E-02  33404.6  2.80E-01  3.96E-01  0.00E+00  0.00E+00  0.00E+00
  60 5.94E-02  35990.5  2.85E-01  3.98E-01  0.00E+00  0.00E+00  0.00E+00
  61 7.75E-02  38823.7  2.84E-01  3.98E-01  0.00E+00  0.00E+00  0.00E+00
  62 1.02E-01  41918.3  2.76E-01  3.99E-01  0.00E+00  0.00E+00  0.00E+00
  63 1.38E-01  45290.3  2.60E-01  3.99E-01  0.00E+00  0.00E+00  0.00E+00
  64 1.91E-01  48958.2  2.40E-01  3.99E-01  0.00E+00  0.00E+00  0.00E+00
  65 2.73E-01  52942.7  2.19E-01  4.00E-01  0.00E+00  0.00E+00  0.00E+00
  66 4.02E-01  57267.0  2.03E-01  4.00E-01  0.00E+00  0.00E+00  0.00E+00
  67 6.04E-01  61956.9  1.93E-01  4.00E-01  0.00E+00  0.00E+00  0.00E+00
  68 9.20E-01  67040.6  1.88E-01  4.00E-01  0.00E+00  0.00E+00  0.00E+00
  69 1.40E+00  72549.2  1.87E-01  4.00E-01  0.00E+00  0.00E+00  0.00E+00
  70 2.14E+00  78516.5  1.89E-01  4.00E-01  0.00E+00  0.00E+00  0.00E+00

convective zone between depths (inclusive)   0   0


 CONVECTIVE FLUX: AT CONTMP, ITER= 9

 conout imod,iprin           1           2


  ID    DM        TEMP      DELTA  DELTA(AD)  CON/TOT  RAD/TOT  (C+R)/TOT


   1 1.00E-07  16223.9  0.00E+00  0.00E+00  0.00E+00  0.00E+00  0.00E+00
   2 1.37E-07  16223.9  1.22E-05  0.00E+00  0.00E+00  0.00E+00  0.00E+00
   3 1.88E-07  16223.9  1.22E-05  0.00E+00  0.00E+00  0.00E+00  0.00E+00
   4 2.58E-07  16223.9  1.21E-05  0.00E+00  0.00E+00  0.00E+00  0.00E+00
   5 3.53E-07  16223.9  1.22E-05  0.00E+00  0.00E+00  0.00E+00  0.00E+00
   6 4.82E-07  16223.9  1.23E-05  0.00E+00  0.00E+00  0.00E+00  0.00E+00
   7 6.57E-07  16223.9  1.25E-05  0.00E+00  0.00E+00  0.00E+00  0.00E+00
   8 8.93E-07  16223.9  1.29E-05  0.00E+00  0.00E+00  0.00E+00  0.00E+00
   9 1.21E-06  16223.9  1.35E-05  0.00E+00  0.00E+00  0.00E+00  0.00E+00
  10 1.63E-06  16224.0  1.43E-05  0.00E+00  0.00E+00  0.00E+00  0.00E+00
  11 2.19E-06  16224.0  1.56E-05  0.00E+00  0.00E+00  0.00E+00  0.00E+00
  12 2.93E-06  16224.0  1.74E-05  0.00E+00  0.00E+00  0.00E+00  0.00E+00
  13 3.88E-06  16224.0  1.99E-05  0.00E+00  0.00E+00  0.00E+00  0.00E+00
  14 5.10E-06  16224.1  2.33E-05  0.00E+00  0.00E+00  0.00E+00  0.00E+00
  15 6.64E-06  16224.1  2.81E-05  0.00E+00  0.00E+00  0.00E+00  0.00E+00
  16 8.58E-06  16224.2  3.46E-05  0.00E+00  0.00E+00  0.00E+00  0.00E+00
  17 1.10E-05  16224.3  4.36E-05  0.00E+00  0.00E+00  0.00E+00  0.00E+00
  18 1.39E-05  16224.5  5.60E-05  0.00E+00  0.00E+00  0.00E+00  0.00E+00
  19 1.75E-05  16224.7  7.28E-05  0.00E+00  0.00E+00  0.00E+00  0.00E+00
  20 2.18E-05  16224.9  9.57E-05  0.00E+00  0.00E+00  0.00E+00  0.00E+00
  21 2.70E-05  16225.3  1.27E-04  0.00E+00  0.00E+00  0.00E+00  0.00E+00
  22 3.31E-05  16225.8  1.69E-04  0.00E+00  0.00E+00  0.00E+00  0.00E+00
  23 4.04E-05  16226.4  2.26E-04  0.00E+00  0.00E+00  0.00E+00  0.00E+00
  24 4.91E-05  16227.3  3.03E-04  0.00E+00  0.00E+00  0.00E+00  0.00E+00
  25 5.93E-05  16228.4  4.07E-04  0.00E+00  0.00E+00  0.00E+00  0.00E+00
  26 7.12E-05  16229.9  5.46E-04  0.00E+00  0.00E+00  0.00E+00  0.00E+00
  27 8.53E-05  16231.9  7.32E-04  0.00E+00  0.00E+00  0.00E+00  0.00E+00
  28 1.02E-04  16234.5  9.79E-04  0.00E+00  0.00E+00  0.00E+00  0.00E+00
  29 1.21E-04  16238.1  1.31E-03  0.00E+00  0.00E+00  0.00E+00  0.00E+00
  30 1.44E-04  16242.7  1.75E-03  0.00E+00  0.00E+00  0.00E+00  0.00E+00
  31 1.70E-04  16248.9  2.32E-03  0.00E+00  0.00E+00  0.00E+00  0.00E+00
  32 2.01E-04  16257.0  3.08E-03  3.65E-01  0.00E+00  0.00E+00  0.00E+00
  33 2.38E-04  16267.8  4.08E-03  3.60E-01  0.00E+00  0.00E+00  0.00E+00
  34 2.80E-04  16281.9  5.38E-03  3.54E-01  0.00E+00  0.00E+00  0.00E+00
  35 3.30E-04  16300.5  7.08E-03  3.49E-01  0.00E+00  0.00E+00  0.00E+00
  36 3.89E-04  16324.8  9.27E-03  3.42E-01  0.00E+00  0.00E+00  0.00E+00
  37 4.58E-04  16356.6  1.21E-02  3.36E-01  0.00E+00  0.00E+00  0.00E+00
  38 5.39E-04  16398.0  1.57E-02  3.29E-01  0.00E+00  0.00E+00  0.00E+00
  39 6.35E-04  16451.9  2.02E-02  3.22E-01  0.00E+00  0.00E+00  0.00E+00
  40 7.48E-04  16521.6  2.59E-02  3.16E-01  0.00E+00  0.00E+00  0.00E+00
  41 8.84E-04  16611.4  3.28E-02  3.10E-01  0.00E+00  0.00E+00  0.00E+00
  42 1.05E-03  16726.8  4.14E-02  3.05E-01  0.00E+00  0.00E+00  0.00E+00
  43 1.24E-03  16874.1  5.15E-02  3.01E-01  0.00E+00  0.00E+00  0.00E+00
  44 1.48E-03  17061.3  6.35E-02  2.99E-01  0.00E+00  0.00E+00  0.00E+00
  45 1.77E-03  17297.4  7.71E-02  2.98E-01  0.00E+00  0.00E+00  0.00E+00
  46 2.12E-03  17593.5  9.24E-02  3.00E-01  0.00E+00  0.00E+00  0.00E+00
  47 2.57E-03  17961.7  1.09E-01  3.05E-01  0.00E+00  0.00E+00  0.00E+00
  48 3.13E-03  18416.0  1.26E-01  3.11E-01  0.00E+00  0.00E+00  0.00E+00
  49 3.85E-03  18971.5  1.44E-01  3.20E-01  0.00E+00  0.00E+00  0.00E+00
  50 4.78E-03  19644.3  1.62E-01  3.31E-01  0.00E+00  0.00E+00  0.00E+00
  51 5.99E-03  20451.0  1.78E-01  3.43E-01  0.00E+00  0.00E+00  0.00E+00
  52 7.58E-03  21407.9  1.94E-01  3.55E-01  0.00E+00  0.00E+00  0.00E+00
  53 9.68E-03  22530.6  2.09E-01  3.66E-01  0.00E+00  0.00E+00  0.00E+00
  54 1.24E-02  23833.3  2.24E-01  3.75E-01  0.00E+00  0.00E+00  0.00E+00
  55 1.61E-02  25327.8  2.37E-01  3.83E-01  0.00E+00  0.00E+00  0.00E+00
  56 2.09E-02  27024.2  2.49E-01  3.88E-01  0.00E+00  0.00E+00  0.00E+00
  57 2.71E-02  28930.5  2.61E-01  3.92E-01  0.00E+00  0.00E+00  0.00E+00
  58 3.52E-02  31054.6  2.71E-01  3.95E-01  0.00E+00  0.00E+00  0.00E+00
  59 4.57E-02  33404.6  2.80E-01  3.96E-01  0.00E+00  0.00E+00  0.00E+00
  60 5.94E-02  35990.5  2.85E-01  3.98E-01  0.00E+00  0.00E+00  0.00E+00
  61 7.76E-02  38823.7  2.84E-01  3.98E-01  0.00E+00  0.00E+00  0.00E+00
  62 1.02E-01  41918.3  2.76E-01  3.99E-01  0.00E+00  0.00E+00  0.00E+00
  63 1.38E-01  45290.3  2.60E-01  3.99E-01  0.00E+00  0.00E+00  0.00E+00
  64 1.91E-01  48958.2  2.39E-01  3.99E-01  0.00E+00  0.00E+00  0.00E+00
  65 2.73E-01  52942.7  2.19E-01  3.99E-01  0.00E+00  0.00E+00  0.00E+00
  66 4.02E-01  57267.0  2.03E-01  4.00E-01  0.00E+00  0.00E+00  0.00E+00
  67 6.05E-01  61956.9  1.93E-01  4.00E-01  0.00E+00  0.00E+00  0.00E+00
  68 9.21E-01  67040.6  1.88E-01  4.00E-01  0.00E+00  0.00E+00  0.00E+00
  69 1.41E+00  72549.2  1.87E-01  4.00E-01  0.00E+00  0.00E+00  0.00E+00
  70 2.14E+00  78516.5  1.89E-01  4.00E-01  0.00E+00  0.00E+00  0.00E+00

convective zone between depths (inclusive)   0   0


 CONVECTIVE FLUX: AT CONTMP, ITER=10

 conout imod,iprin           1           2


  ID    DM        TEMP      DELTA  DELTA(AD)  CON/TOT  RAD/TOT  (C+R)/TOT


   1 1.00E-07  16223.9  0.00E+00  0.00E+00  0.00E+00  0.00E+00  0.00E+00
   2 1.37E-07  16223.9  1.22E-05  0.00E+00  0.00E+00  0.00E+00  0.00E+00
   3 1.88E-07  16223.9  1.22E-05  0.00E+00  0.00E+00  0.00E+00  0.00E+00
   4 2.58E-07  16223.9  1.21E-05  0.00E+00  0.00E+00  0.00E+00  0.00E+00
   5 3.53E-07  16223.9  1.22E-05  0.00E+00  0.00E+00  0.00E+00  0.00E+00
   6 4.82E-07  16223.9  1.23E-05  0.00E+00  0.00E+00  0.00E+00  0.00E+00
   7 6.57E-07  16223.9  1.25E-05  0.00E+00  0.00E+00  0.00E+00  0.00E+00
   8 8.93E-07  16223.9  1.29E-05  0.00E+00  0.00E+00  0.00E+00  0.00E+00
   9 1.21E-06  16223.9  1.35E-05  0.00E+00  0.00E+00  0.00E+00  0.00E+00
  10 1.63E-06  16224.0  1.43E-05  0.00E+00  0.00E+00  0.00E+00  0.00E+00
  11 2.19E-06  16224.0  1.56E-05  0.00E+00  0.00E+00  0.00E+00  0.00E+00
  12 2.93E-06  16224.0  1.74E-05  0.00E+00  0.00E+00  0.00E+00  0.00E+00
  13 3.88E-06  16224.0  1.99E-05  0.00E+00  0.00E+00  0.00E+00  0.00E+00
  14 5.10E-06  16224.1  2.33E-05  0.00E+00  0.00E+00  0.00E+00  0.00E+00
  15 6.64E-06  16224.1  2.81E-05  0.00E+00  0.00E+00  0.00E+00  0.00E+00
  16 8.58E-06  16224.2  3.46E-05  0.00E+00  0.00E+00  0.00E+00  0.00E+00
  17 1.10E-05  16224.3  4.36E-05  0.00E+00  0.00E+00  0.00E+00  0.00E+00
  18 1.39E-05  16224.5  5.60E-05  0.00E+00  0.00E+00  0.00E+00  0.00E+00
  19 1.75E-05  16224.7  7.28E-05  0.00E+00  0.00E+00  0.00E+00  0.00E+00
  20 2.18E-05  16224.9  9.57E-05  0.00E+00  0.00E+00  0.00E+00  0.00E+00
  21 2.70E-05  16225.3  1.27E-04  0.00E+00  0.00E+00  0.00E+00  0.00E+00
  22 3.31E-05  16225.8  1.69E-04  0.00E+00  0.00E+00  0.00E+00  0.00E+00
  23 4.04E-05  16226.4  2.26E-04  0.00E+00  0.00E+00  0.00E+00  0.00E+00
  24 4.91E-05  16227.3  3.03E-04  0.00E+00  0.00E+00  0.00E+00  0.00E+00
  25 5.93E-05  16228.4  4.07E-04  0.00E+00  0.00E+00  0.00E+00  0.00E+00
  26 7.12E-05  16229.9  5.46E-04  0.00E+00  0.00E+00  0.00E+00  0.00E+00
  27 8.53E-05  16231.9  7.32E-04  0.00E+00  0.00E+00  0.00E+00  0.00E+00
  28 1.02E-04  16234.5  9.79E-04  0.00E+00  0.00E+00  0.00E+00  0.00E+00
  29 1.21E-04  16238.1  1.31E-03  0.00E+00  0.00E+00  0.00E+00  0.00E+00
  30 1.44E-04  16242.7  1.75E-03  0.00E+00  0.00E+00  0.00E+00  0.00E+00
  31 1.70E-04  16248.9  2.32E-03  0.00E+00  0.00E+00  0.00E+00  0.00E+00
  32 2.01E-04  16257.0  3.08E-03  3.65E-01  0.00E+00  0.00E+00  0.00E+00
  33 2.38E-04  16267.8  4.08E-03  3.60E-01  0.00E+00  0.00E+00  0.00E+00
  34 2.80E-04  16281.9  5.38E-03  3.54E-01  0.00E+00  0.00E+00  0.00E+00
  35 3.30E-04  16300.5  7.08E-03  3.49E-01  0.00E+00  0.00E+00  0.00E+00
  36 3.89E-04  16324.8  9.26E-03  3.42E-01  0.00E+00  0.00E+00  0.00E+00
  37 4.58E-04  16356.6  1.21E-02  3.36E-01  0.00E+00  0.00E+00  0.00E+00
  38 5.39E-04  16398.0  1.57E-02  3.29E-01  0.00E+00  0.00E+00  0.00E+00
  39 6.35E-04  16451.9  2.02E-02  3.22E-01  0.00E+00  0.00E+00  0.00E+00
  40 7.48E-04  16521.6  2.59E-02  3.16E-01  0.00E+00  0.00E+00  0.00E+00
  41 8.84E-04  16611.4  3.28E-02  3.10E-01  0.00E+00  0.00E+00  0.00E+00
  42 1.05E-03  16726.8  4.13E-02  3.05E-01  0.00E+00  0.00E+00  0.00E+00
  43 1.24E-03  16874.1  5.15E-02  3.01E-01  0.00E+00  0.00E+00  0.00E+00
  44 1.48E-03  17061.3  6.35E-02  2.99E-01  0.00E+00  0.00E+00  0.00E+00
  45 1.77E-03  17297.4  7.71E-02  2.98E-01  0.00E+00  0.00E+00  0.00E+00
  46 2.12E-03  17593.5  9.24E-02  3.00E-01  0.00E+00  0.00E+00  0.00E+00
  47 2.57E-03  17961.7  1.09E-01  3.05E-01  0.00E+00  0.00E+00  0.00E+00
  48 3.13E-03  18416.0  1.26E-01  3.11E-01  0.00E+00  0.00E+00  0.00E+00
  49 3.85E-03  18971.5  1.44E-01  3.20E-01  0.00E+00  0.00E+00  0.00E+00
  50 4.78E-03  19644.3  1.62E-01  3.31E-01  0.00E+00  0.00E+00  0.00E+00
  51 5.99E-03  20451.0  1.78E-01  3.43E-01  0.00E+00  0.00E+00  0.00E+00
  52 7.58E-03  21407.9  1.94E-01  3.55E-01  0.00E+00  0.00E+00  0.00E+00
  53 9.68E-03  22530.6  2.09E-01  3.66E-01  0.00E+00  0.00E+00  0.00E+00
  54 1.24E-02  23833.3  2.24E-01  3.75E-01  0.00E+00  0.00E+00  0.00E+00
  55 1.61E-02  25327.8  2.37E-01  3.83E-01  0.00E+00  0.00E+00  0.00E+00
  56 2.09E-02  27024.2  2.49E-01  3.88E-01  0.00E+00  0.00E+00  0.00E+00
  57 2.71E-02  28930.5  2.61E-01  3.92E-01  0.00E+00  0.00E+00  0.00E+00
  58 3.52E-02  31054.6  2.71E-01  3.95E-01  0.00E+00  0.00E+00  0.00E+00
  59 4.57E-02  33404.6  2.80E-01  3.96E-01  0.00E+00  0.00E+00  0.00E+00
  60 5.94E-02  35990.5  2.85E-01  3.98E-01  0.00E+00  0.00E+00  0.00E+00
  61 7.75E-02  38823.7  2.84E-01  3.98E-01  0.00E+00  0.00E+00  0.00E+00
  62 1.02E-01  41918.3  2.76E-01  3.99E-01  0.00E+00  0.00E+00  0.00E+00
  63 1.38E-01  45290.3  2.60E-01  3.99E-01  0.00E+00  0.00E+00  0.00E+00
  64 1.91E-01  48958.2  2.40E-01  3.99E-01  0.00E+00  0.00E+00  0.00E+00
  65 2.73E-01  52942.7  2.19E-01  4.00E-01  0.00E+00  0.00E+00  0.00E+00
  66 4.02E-01  57267.0  2.03E-01  4.00E-01  0.00E+00  0.00E+00  0.00E+00
  67 6.04E-01  61956.9  1.93E-01  4.00E-01  0.00E+00  0.00E+00  0.00E+00
  68 9.20E-01  67040.6  1.88E-01  4.00E-01  0.00E+00  0.00E+00  0.00E+00
  69 1.40E+00  72549.2  1.87E-01  4.00E-01  0.00E+00  0.00E+00  0.00E+00
  70 2.14E+00  78516.5  1.89E-01  4.00E-01  0.00E+00  0.00E+00  0.00E+00

convective zone between depths (inclusive)   0   0

 conout imod,iprin           2           2


  ID    DM        TEMP      DELTA  DELTA(AD)  CON/TOT  RAD/TOT  (C+R)/TOT


   1 1.00E-07  16223.9  0.00E+00  0.00E+00  0.00E+00  0.00E+00  0.00E+00
   2 1.37E-07  16223.9  1.22E-05  0.00E+00  0.00E+00  0.00E+00  0.00E+00
   3 1.88E-07  16223.9  1.22E-05  0.00E+00  0.00E+00  0.00E+00  0.00E+00
   4 2.58E-07  16223.9  1.21E-05  0.00E+00  0.00E+00  0.00E+00  0.00E+00
   5 3.53E-07  16223.9  1.22E-05  0.00E+00  0.00E+00  0.00E+00  0.00E+00
   6 4.82E-07  16223.9  1.23E-05  0.00E+00  0.00E+00  0.00E+00  0.00E+00
   7 6.57E-07  16223.9  1.25E-05  0.00E+00  0.00E+00  0.00E+00  0.00E+00
   8 8.93E-07  16223.9  1.29E-05  0.00E+00  0.00E+00  0.00E+00  0.00E+00
   9 1.21E-06  16223.9  1.35E-05  0.00E+00  0.00E+00  0.00E+00  0.00E+00
  10 1.63E-06  16224.0  1.43E-05  0.00E+00  0.00E+00  0.00E+00  0.00E+00
  11 2.19E-06  16224.0  1.56E-05  0.00E+00  0.00E+00  0.00E+00  0.00E+00
  12 2.93E-06  16224.0  1.74E-05  0.00E+00  0.00E+00  0.00E+00  0.00E+00
  13 3.88E-06  16224.0  1.99E-05  0.00E+00  0.00E+00  0.00E+00  0.00E+00
  14 5.10E-06  16224.1  2.33E-05  0.00E+00  0.00E+00  0.00E+00  0.00E+00
  15 6.64E-06  16224.1  2.81E-05  0.00E+00  0.00E+00  0.00E+00  0.00E+00
  16 8.58E-06  16224.2  3.46E-05  0.00E+00  0.00E+00  0.00E+00  0.00E+00
  17 1.10E-05  16224.3  4.36E-05  0.00E+00  0.00E+00  0.00E+00  0.00E+00
  18 1.39E-05  16224.5  5.60E-05  0.00E+00  0.00E+00  0.00E+00  0.00E+00
  19 1.75E-05  16224.7  7.28E-05  0.00E+00  0.00E+00  0.00E+00  0.00E+00
  20 2.18E-05  16224.9  9.57E-05  0.00E+00  0.00E+00  0.00E+00  0.00E+00
  21 2.70E-05  16225.3  1.27E-04  0.00E+00  0.00E+00  0.00E+00  0.00E+00
  22 3.31E-05  16225.8  1.69E-04  0.00E+00  0.00E+00  0.00E+00  0.00E+00
  23 4.04E-05  16226.4  2.26E-04  0.00E+00  0.00E+00  0.00E+00  0.00E+00
  24 4.91E-05  16227.3  3.03E-04  0.00E+00  0.00E+00  0.00E+00  0.00E+00
  25 5.93E-05  16228.4  4.07E-04  0.00E+00  0.00E+00  0.00E+00  0.00E+00
  26 7.12E-05  16229.9  5.46E-04  0.00E+00  0.00E+00  0.00E+00  0.00E+00
  27 8.53E-05  16231.9  7.32E-04  0.00E+00  0.00E+00  0.00E+00  0.00E+00
  28 1.02E-04  16234.5  9.79E-04  0.00E+00  0.00E+00  0.00E+00  0.00E+00
  29 1.21E-04  16238.1  1.31E-03  0.00E+00  0.00E+00  0.00E+00  0.00E+00
  30 1.44E-04  16242.7  1.75E-03  0.00E+00  0.00E+00  0.00E+00  0.00E+00
  31 1.70E-04  16248.9  2.32E-03  0.00E+00  0.00E+00  0.00E+00  0.00E+00
  32 2.01E-04  16257.0  3.08E-03  3.65E-01  0.00E+00  0.00E+00  0.00E+00
  33 2.38E-04  16267.8  4.08E-03  3.60E-01  0.00E+00  0.00E+00  0.00E+00
  34 2.80E-04  16281.9  5.38E-03  3.54E-01  0.00E+00  0.00E+00  0.00E+00
  35 3.30E-04  16300.5  7.08E-03  3.49E-01  0.00E+00  0.00E+00  0.00E+00
  36 3.89E-04  16324.8  9.26E-03  3.42E-01  0.00E+00  0.00E+00  0.00E+00
  37 4.58E-04  16356.6  1.21E-02  3.36E-01  0.00E+00  0.00E+00  0.00E+00
  38 5.39E-04  16398.0  1.57E-02  3.29E-01  0.00E+00  0.00E+00  0.00E+00
  39 6.35E-04  16451.9  2.02E-02  3.22E-01  0.00E+00  0.00E+00  0.00E+00
  40 7.48E-04  16521.6  2.59E-02  3.16E-01  0.00E+00  0.00E+00  0.00E+00
  41 8.84E-04  16611.4  3.28E-02  3.10E-01  0.00E+00  0.00E+00  0.00E+00
  42 1.05E-03  16726.8  4.14E-02  3.05E-01  0.00E+00  0.00E+00  0.00E+00
  43 1.24E-03  16874.1  5.15E-02  3.01E-01  0.00E+00  0.00E+00  0.00E+00
  44 1.48E-03  17061.3  6.35E-02  2.99E-01  0.00E+00  0.00E+00  0.00E+00
  45 1.77E-03  17297.4  7.71E-02  2.98E-01  0.00E+00  0.00E+00  0.00E+00
  46 2.12E-03  17593.5  9.24E-02  3.00E-01  0.00E+00  0.00E+00  0.00E+00
  47 2.57E-03  17961.7  1.09E-01  3.05E-01  0.00E+00  0.00E+00  0.00E+00
  48 3.13E-03  18416.0  1.26E-01  3.11E-01  0.00E+00  0.00E+00  0.00E+00
  49 3.85E-03  18971.5  1.44E-01  3.20E-01  0.00E+00  0.00E+00  0.00E+00
  50 4.78E-03  19644.3  1.62E-01  3.31E-01  0.00E+00  0.00E+00  0.00E+00
  51 5.99E-03  20451.0  1.78E-01  3.43E-01  0.00E+00  0.00E+00  0.00E+00
  52 7.58E-03  21407.9  1.94E-01  3.55E-01  0.00E+00  0.00E+00  0.00E+00
  53 9.68E-03  22530.6  2.09E-01  3.66E-01  0.00E+00  0.00E+00  0.00E+00
  54 1.24E-02  23833.3  2.24E-01  3.75E-01  0.00E+00  0.00E+00  0.00E+00
  55 1.61E-02  25327.8  2.37E-01  3.83E-01  0.00E+00  0.00E+00  0.00E+00
  56 2.09E-02  27024.2  2.49E-01  3.88E-01  0.00E+00  0.00E+00  0.00E+00
  57 2.71E-02  28930.5  2.61E-01  3.92E-01  0.00E+00  0.00E+00  0.00E+00
  58 3.52E-02  31054.6  2.71E-01  3.95E-01  0.00E+00  0.00E+00  0.00E+00
  59 4.57E-02  33404.6  2.80E-01  3.96E-01  0.00E+00  0.00E+00  0.00E+00
  60 5.94E-02  35990.5  2.85E-01  3.98E-01  0.00E+00  0.00E+00  0.00E+00
  61 7.76E-02  38823.7  2.84E-01  3.98E-01  0.00E+00  0.00E+00  0.00E+00
  62 1.02E-01  41918.3  2.76E-01  3.99E-01  0.00E+00  0.00E+00  0.00E+00
  63 1.38E-01  45290.3  2.60E-01  3.99E-01  0.00E+00  0.00E+00  0.00E+00
  64 1.91E-01  48958.2  2.39E-01  3.99E-01  0.00E+00  0.00E+00  0.00E+00
  65 2.73E-01  52942.7  2.19E-01  3.99E-01  0.00E+00  0.00E+00  0.00E+00
  66 4.02E-01  57267.0  2.03E-01  4.00E-01  0.00E+00  0.00E+00  0.00E+00
  67 6.05E-01  61956.9  1.93E-01  4.00E-01  0.00E+00  0.00E+00  0.00E+00
  68 9.21E-01  67040.6  1.88E-01  4.00E-01  0.00E+00  0.00E+00  0.00E+00
  69 1.41E+00  72549.2  1.87E-01  4.00E-01  0.00E+00  0.00E+00  0.00E+00
  70 2.14E+00  78516.5  1.89E-01  4.00E-01  0.00E+00  0.00E+00  0.00E+00

convective zone between depths (inclusive)   0   0


**********
 ITERATION:  1
**********

 before inilam
 after tdpini
 before odfmer
 after odfmer
 end inilam
 after inilam
 Total number of lines :      95
 Number of weak lines  :       0
 Intermediate lines    :       0
 Number of strong lines:      95

 MAXIMUM NUMBER OF OVERLAPPING TRANSITIONS:   13

 after linsel
 NTRANS         136
 ilam           1
 after opaini in ilam           1
 after ratsp1i in ilam           1
 after newpop in ilam           1

 SCHEME OF RADIATIVE EQUIL. SET IN RESOLV
 ONLY INTEGRAL EQUATION FOR ID          <=  37
 BOTH FOR                     38 <= ID <=  70

 after output

  ID   PTOT-SUM  PTOT-MG   PGAS-RHO  PGAS-P    PRAD       A

   1 3.929E+02 2.182E+02 1.779E+02 3.165E+00 2.150E+02 1.231E+00
   2 3.941E+02 2.194E+02 1.791E+02 4.343E+00 2.150E+02 1.231E+00
   3 3.957E+02 2.210E+02 1.807E+02 5.955E+00 2.150E+02 1.231E+00
   4 3.979E+02 2.232E+02 1.829E+02 8.156E+00 2.150E+02 1.231E+00
   5 4.009E+02 2.262E+02 1.859E+02 1.116E+01 2.150E+02 1.231E+00
   6 4.050E+02 2.303E+02 1.899E+02 1.524E+01 2.150E+02 1.231E+00
   7 4.105E+02 2.358E+02 1.955E+02 2.077E+01 2.150E+02 1.231E+00
   8 4.180E+02 2.433E+02 2.029E+02 2.823E+01 2.150E+02 1.231E+00
   9 4.280E+02 2.533E+02 2.130E+02 3.826E+01 2.150E+02 1.231E+00
  10 4.414E+02 2.667E+02 2.263E+02 5.163E+01 2.150E+02 1.231E+00
  11 4.591E+02 2.843E+02 2.440E+02 6.931E+01 2.150E+02 1.231E+00
  12 4.823E+02 3.075E+02 2.672E+02 9.249E+01 2.150E+02 1.231E+00
  13 5.123E+02 3.376E+02 2.973E+02 1.226E+02 2.150E+02 1.231E+00
  14 5.509E+02 3.762E+02 3.358E+02 1.611E+02 2.150E+02 1.231E+00
  15 5.998E+02 4.250E+02 3.847E+02 2.100E+02 2.150E+02 1.231E+00
  16 6.610E+02 4.863E+02 4.460E+02 2.712E+02 2.151E+02 1.231E+00
  17 7.369E+02 5.622E+02 5.218E+02 3.471E+02 2.151E+02 1.231E+00
  18 8.300E+02 6.552E+02 6.149E+02 4.401E+02 2.151E+02 1.231E+00
  19 9.431E+02 7.684E+02 7.280E+02 5.533E+02 2.151E+02 1.231E+00
  20 1.080E+03 9.048E+02 8.645E+02 6.897E+02 2.151E+02 1.231E+00
  21 1.243E+03 1.068E+03 1.028E+03 8.531E+02 2.151E+02 1.231E+00
  22 1.438E+03 1.263E+03 1.223E+03 1.048E+03 2.152E+02 1.231E+00
  23 1.669E+03 1.494E+03 1.454E+03 1.279E+03 2.152E+02 1.231E+00
  24 1.942E+03 1.767E+03 1.727E+03 1.552E+03 2.153E+02 1.232E+00
  25 2.264E+03 2.089E+03 2.049E+03 1.874E+03 2.154E+02 1.232E+00
  26 2.643E+03 2.468E+03 2.427E+03 2.252E+03 2.155E+02 1.232E+00
  27 3.088E+03 2.912E+03 2.872E+03 2.697E+03 2.157E+02 1.232E+00
  28 3.610E+03 3.434E+03 3.394E+03 3.218E+03 2.159E+02 1.233E+00
  29 4.221E+03 4.045E+03 4.005E+03 3.829E+03 2.162E+02 1.233E+00
  30 4.937E+03 4.760E+03 4.720E+03 4.544E+03 2.165E+02 1.234E+00
  31 5.775E+03 5.598E+03 5.558E+03 5.381E+03 2.169E+02 1.234E+00
  32 6.756E+03 6.579E+03 6.539E+03 6.362E+03 2.173E+02 1.234E+00
  33 7.905E+03 7.728E+03 7.688E+03 7.510E+03 2.179E+02 1.234E+00
  34 9.252E+03 9.074E+03 9.034E+03 8.855E+03 2.186E+02 1.233E+00
  35 1.083E+04 1.065E+04 1.061E+04 1.043E+04 2.194E+02 1.233E+00
  36 1.269E+04 1.251E+04 1.246E+04 1.228E+04 2.205E+02 1.232E+00
  37 1.487E+04 1.468E+04 1.464E+04 1.446E+04 2.220E+02 1.230E+00
  38 1.744E+04 1.725E+04 1.721E+04 1.703E+04 2.239E+02 1.228E+00
  39 2.047E+04 2.029E+04 2.025E+04 2.006E+04 2.265E+02 1.226E+00
  40 2.407E+04 2.388E+04 2.384E+04 2.365E+04 2.299E+02 1.224E+00
  41 2.836E+04 2.816E+04 2.812E+04 2.793E+04 2.343E+02 1.221E+00
  42 3.349E+04 3.329E+04 3.325E+04 3.305E+04 2.402E+02 1.217E+00
  43 3.967E+04 3.946E+04 3.942E+04 3.921E+04 2.478E+02 1.212E+00
  44 4.716E+04 4.694E+04 4.690E+04 4.668E+04 2.576E+02 1.206E+00
  45 5.632E+04 5.609E+04 5.605E+04 5.582E+04 2.704E+02 1.198E+00
  46 6.764E+04 6.739E+04 6.736E+04 6.711E+04 2.869E+02 1.188E+00
  47 8.177E+04 8.150E+04 8.147E+04 8.119E+04 3.081E+02 1.174E+00
  48 9.961E+04 9.931E+04 9.928E+04 9.898E+04 3.354E+02 1.157E+00
  49 1.224E+05 1.221E+05 1.220E+05 1.217E+05 3.709E+02 1.136E+00
  50 1.518E+05 1.514E+05 1.514E+05 1.510E+05 4.176E+02 1.112E+00
  51 1.901E+05 1.897E+05 1.897E+05 1.892E+05 4.797E+02 1.088E+00
  52 2.405E+05 2.400E+05 2.400E+05 2.394E+05 5.637E+02 1.064E+00
  53 3.070E+05 3.063E+05 3.063E+05 3.056E+05 6.783E+02 1.044E+00
  54 3.947E+05 3.939E+05 3.939E+05 3.930E+05 8.361E+02 1.028E+00
  55 5.103E+05 5.092E+05 5.092E+05 5.082E+05 1.054E+03 1.016E+00
  56 6.618E+05 6.605E+05 6.605E+05 6.591E+05 1.355E+03 1.008E+00
  57 8.594E+05 8.577E+05 8.576E+05 8.559E+05 1.772E+03 1.003E+00
  58 1.116E+06 1.114E+06 1.114E+06 1.111E+06 2.346E+03 1.000E+00
  59 1.448E+06 1.445E+06 1.445E+06 1.442E+06 3.137E+03 9.993E-01
  60 1.882E+06 1.878E+06 1.878E+06 1.874E+06 4.227E+03 9.991E-01
  61 2.458E+06 2.453E+06 2.452E+06 2.447E+06 5.725E+03 9.994E-01
  62 3.246E+06 3.239E+06 3.238E+06 3.231E+06 7.783E+03 9.998E-01
  63 4.372E+06 4.362E+06 4.361E+06 4.352E+06 1.061E+04 1.000E+00
  64 6.051E+06 6.038E+06 6.036E+06 6.024E+06 1.449E+04 1.000E+00
  65 8.645E+06 8.629E+06 8.626E+06 8.609E+06 1.981E+04 9.999E-01
  66 1.273E+07 1.271E+07 1.270E+07 1.268E+07 2.710E+04 9.994E-01
  67 1.915E+07 1.912E+07 1.911E+07 1.909E+07 3.709E+04 9.985E-01
  68 2.915E+07 2.912E+07 2.910E+07 2.907E+07 5.077E+04 9.968E-01
  69 4.450E+07 4.445E+07 4.443E+07 4.438E+07 6.941E+04 9.938E-01
  70 6.763E+07 6.757E+07 6.753E+07 6.748E+07 9.475E+04 9.888E-01

pzev:CONVECTIVE FLUX: RESOLV; GLOBAL ITERATION = 0


pzev:CONVECTIVE FLUX: RESOLV; GLOBAL ITERATION = 0

 conout imod,iprin           1           0
 ITER  ID    XGRD         FPRAD    log(g_rad)    XGR0        PG+PT      PRAD       d(Ptot)/dm d(PG+PT)/dm

   1   1  1.0000E-01  1.0000E+00  3.9433E+00  3.1623E+06  1.7787E+02  2.1503E+02  1.7773E+09  1.7773E+09
   1   2  3.0000E-01  1.0000E+00  3.9299E+00  9.4868E+06  1.7905E+02  2.1503E+02  3.1631E+07  3.1623E+07
   1   3  5.0000E-01  1.0000E+00  3.9020E+00  1.5811E+07  1.8066E+02  2.1503E+02  3.1631E+07  3.1623E+07
   1   4  7.0000E-01  1.0000E+00  3.8683E+00  2.2136E+07  1.8286E+02  2.1503E+02  3.1630E+07  3.1623E+07
   1   5  9.0000E-01  1.0000E+00  3.8280E+00  2.8461E+07  1.8587E+02  2.1503E+02  3.1630E+07  3.1623E+07
   1   6  9.2000E-01  1.0000E+00  3.7801E+00  2.9093E+07  1.8995E+02  2.1503E+02  3.1629E+07  3.1623E+07
   1   7  9.4000E-01  1.0000E+00  3.7245E+00  2.9725E+07  1.9548E+02  2.1503E+02  3.1628E+07  3.1623E+07
   1   8  9.6000E-01  1.0000E+00  3.6635E+00  3.0358E+07  2.0295E+02  2.1503E+02  3.1627E+07  3.1623E+07
   1   9  9.8000E-01  1.0000E+00  3.6027E+00  3.0990E+07  2.1297E+02  2.1503E+02  3.1627E+07  3.1623E+07
   1  10  9.9000E-01  1.0000E+00  3.5491E+00  3.1307E+07  2.2634E+02  2.1503E+02  3.1626E+07  3.1623E+07
   1  11  9.9000E-01  1.0000E+00  3.5079E+00  3.1307E+07  2.4403E+02  2.1503E+02  3.1626E+07  3.1623E+07
   1  12  9.9000E-01  1.0000E+00  3.4833E+00  3.1307E+07  2.6721E+02  2.1504E+02  3.1626E+07  3.1623E+07
   1  13  9.9000E-01  1.0000E+00  3.4768E+00  3.1307E+07  2.9728E+02  2.1504E+02  3.1626E+07  3.1623E+07
   1  14  9.9000E-01  1.0000E+00  3.4855E+00  3.1307E+07  3.3585E+02  2.1504E+02  3.1626E+07  3.1623E+07
   1  15  9.9000E-01  1.0000E+00  3.5046E+00  3.1307E+07  3.8473E+02  2.1505E+02  3.1626E+07  3.1623E+07
   1  16  9.9000E-01  1.0000E+00  3.5285E+00  3.1307E+07  4.4596E+02  2.1505E+02  3.1626E+07  3.1623E+07
   1  17  9.9000E-01  1.0000E+00  3.5624E+00  3.1307E+07  5.2184E+02  2.1506E+02  3.1626E+07  3.1623E+07
   1  18  9.9000E-01  1.0000E+00  3.6083E+00  3.1307E+07  6.1490E+02  2.1508E+02  3.1627E+07  3.1623E+07
   1  19  9.9000E-01  1.0000E+00  3.6602E+00  3.1307E+07  7.2803E+02  2.1509E+02  3.1627E+07  3.1623E+07
   1  20  9.9000E-01  1.0000E+00  3.7145E+00  3.1307E+07  8.6447E+02  2.1511E+02  3.1628E+07  3.1623E+07
   1  21  9.9000E-01  1.0000E+00  3.7702E+00  3.1307E+07  1.0279E+03  2.1514E+02  3.1629E+07  3.1623E+07
   1  22  9.9000E-01  1.0000E+00  3.8259E+00  3.1307E+07  1.2227E+03  2.1519E+02  3.1629E+07  3.1623E+07
   1  23  9.9000E-01  1.0000E+00  3.8811E+00  3.1307E+07  1.4538E+03  2.1524E+02  3.1630E+07  3.1623E+07
   1  24  9.9000E-01  1.0000E+00  3.9360E+00  3.1307E+07  1.7269E+03  2.1532E+02  3.1631E+07  3.1623E+07
   1  25  9.9000E-01  1.0000E+00  3.9879E+00  3.1307E+07  2.0488E+03  2.1542E+02  3.1632E+07  3.1623E+07
   1  26  9.9000E-01  1.0000E+00  4.0338E+00  3.1307E+07  2.4275E+03  2.1554E+02  3.1633E+07  3.1623E+07
   1  27  9.9000E-01  1.0000E+00  4.0736E+00  3.1307E+07  2.8721E+03  2.1571E+02  3.1634E+07  3.1623E+07
   1  28  9.9000E-01  1.0000E+00  4.1065E+00  3.1307E+07  3.3936E+03  2.1592E+02  3.1635E+07  3.1623E+07
   1  29  9.9000E-01  1.0000E+00  4.1307E+00  3.1307E+07  4.0046E+03  2.1618E+02  3.1636E+07  3.1623E+07
   1  30  9.9000E-01  1.0000E+00  4.1464E+00  3.1307E+07  4.7201E+03  2.1650E+02  3.1637E+07  3.1623E+07
   1  31  9.9000E-01  1.0000E+00  4.1561E+00  3.1307E+07  5.5579E+03  2.1688E+02  3.1637E+07  3.1623E+07
   1  32  9.9000E-01  1.0000E+00  4.1641E+00  3.1307E+07  6.5388E+03  2.1733E+02  3.1637E+07  3.1623E+07
   1  33  9.9000E-01  1.0000E+00  4.1769E+00  3.1307E+07  7.6875E+03  2.1788E+02  3.1638E+07  3.1623E+07
   1  34  9.9000E-01  1.0000E+00  4.1999E+00  3.1307E+07  9.0335E+03  2.1855E+02  3.1638E+07  3.1623E+07
   1  35  9.9000E-01  1.0000E+00  4.2349E+00  3.1307E+07  1.0612E+04  2.1941E+02  3.1640E+07  3.1623E+07
   1  36  9.9000E-01  1.0000E+00  4.2792E+00  3.1307E+07  1.2465E+04  2.2052E+02  3.1642E+07  3.1623E+07
   1  37  9.9000E-01  1.0000E+00  4.3283E+00  3.1307E+07  1.4644E+04  2.2199E+02  3.1644E+07  3.1623E+07
   1  38  9.9000E-01  1.0000E+00  4.3782E+00  3.1307E+07  1.7211E+04  2.2393E+02  3.1647E+07  3.1623E+07
   1  39  9.9000E-01  1.0000E+00  4.4268E+00  3.1307E+07  2.0245E+04  2.2649E+02  3.1650E+07  3.1623E+07
   1  40  9.9000E-01  1.0000E+00  4.4731E+00  3.1307E+07  2.3842E+04  2.2987E+02  3.1653E+07  3.1623E+07
   1  41  9.9000E-01  1.0000E+00  4.5164E+00  3.1307E+07  2.8125E+04  2.3432E+02  3.1657E+07  3.1624E+07
   1  42  9.9000E-01  1.0000E+00  4.5560E+00  3.1307E+07  3.3249E+04  2.4015E+02  3.1660E+07  3.1624E+07
   1  43  9.9000E-01  1.0000E+00  4.5910E+00  3.1307E+07  3.9418E+04  2.4776E+02  3.1663E+07  3.1624E+07
   1  44  9.9000E-01  1.0000E+00  4.6210E+00  3.1307E+07  4.6900E+04  2.5764E+02  3.1666E+07  3.1624E+07
   1  45  9.9000E-01  1.0000E+00  4.6452E+00  3.1307E+07  5.6052E+04  2.7043E+02  3.1669E+07  3.1625E+07
   1  46  9.9000E-01  1.0000E+00  4.6634E+00  3.1307E+07  6.7356E+04  2.8689E+02  3.1671E+07  3.1625E+07
   1  47  9.9000E-01  1.0000E+00  4.6766E+00  3.1307E+07  8.1466E+04  3.0808E+02  3.1673E+07  3.1625E+07
   1  48  9.9000E-01  1.0000E+00  4.6860E+00  3.1307E+07  9.9278E+04  3.3542E+02  3.1674E+07  3.1626E+07
   1  49  9.9000E-01  1.0000E+00  4.6935E+00  3.1307E+07  1.2202E+05  3.7093E+02  3.1675E+07  3.1626E+07
   1  50  9.9000E-01  1.0000E+00  4.7012E+00  3.1307E+07  1.5137E+05  4.1757E+02  3.1676E+07  3.1626E+07
   1  51  9.9000E-01  1.0000E+00  4.7104E+00  3.1307E+07  1.8966E+05  4.7972E+02  3.1678E+07  3.1626E+07
   1  52  9.9000E-01  1.0000E+00  4.7224E+00  3.1307E+07  2.3996E+05  5.6366E+02  3.1679E+07  3.1626E+07
   1  53  9.9000E-01  1.0000E+00  4.7377E+00  3.1307E+07  3.0629E+05  6.7830E+02  3.1681E+07  3.1626E+07
   1  54  9.9000E-01  1.0000E+00  4.7557E+00  3.1307E+07  3.9386E+05  8.3606E+02  3.1682E+07  3.1625E+07
   1  55  9.9000E-01  1.0000E+00  4.7763E+00  3.1307E+07  5.0921E+05  1.0540E+03  3.1684E+07  3.1624E+07
   1  56  9.9000E-01  1.0000E+00  4.7993E+00  3.1307E+07  6.6046E+05  1.3553E+03  3.1686E+07  3.1623E+07
   1  57  9.9000E-01  1.0000E+00  4.8245E+00  3.1307E+07  8.5764E+05  1.7716E+03  3.1688E+07  3.1621E+07
   1  58  9.9000E-01  1.0000E+00  4.8511E+00  3.1307E+07  1.1135E+06  2.3460E+03  3.1690E+07  3.1619E+07
   1  59  9.9000E-01  1.0000E+00  4.8776E+00  3.1307E+07  1.4452E+06  3.1373E+03  3.1692E+07  3.1617E+07
   1  60  9.9000E-01  1.0000E+00  4.9009E+00  3.1307E+07  1.8779E+06  4.2266E+03  3.1694E+07  3.1614E+07
   1  61  9.9000E-01  1.0000E+00  4.9163E+00  3.1307E+07  2.4522E+06  5.7248E+03  3.1695E+07  3.1612E+07
   1  62  9.9000E-01  1.0000E+00  4.9179E+00  3.1307E+07  3.2384E+06  7.7835E+03  3.1693E+07  3.1610E+07
   1  63  9.9000E-01  1.0000E+00  4.9008E+00  3.1307E+07  4.3609E+06  1.0610E+04  3.1687E+07  3.1608E+07
   1  64  9.9000E-01  1.0000E+00  4.8642E+00  3.1307E+07  6.0363E+06  1.4487E+04  3.1679E+07  3.1606E+07
   1  65  9.9000E-01  1.0000E+00  4.8124E+00  3.1307E+07  8.6257E+06  1.9806E+04  3.1670E+07  3.1605E+07
   1  66  9.9000E-01  1.0000E+00  4.7527E+00  3.1307E+07  1.2699E+07  2.7100E+04  3.1660E+07  3.1604E+07
   1  67  9.9000E-01  1.0000E+00  4.6924E+00  3.1307E+07  1.9112E+07  3.7095E+04  3.1652E+07  3.1603E+07
   1  68  9.9000E-01  1.0000E+00  4.6359E+00  3.1307E+07  2.9103E+07  5.0766E+04  3.1646E+07  3.1603E+07
   1  69  9.9000E-01  1.0000E+00  4.5850E+00  3.1307E+07  4.4427E+07  6.9414E+04  3.1642E+07  3.1603E+07
 after radpre
 HMIX0  0.59999999999999998     
dad -2.1516E-17 -2.1516E-17 -4.4171E-15

 SCHEME OF RADIATIVE EQUIL. SET IN RESOLV
 ONLY INTEGRAL EQUATION FOR ID          <=  37
 BOTH FOR                     38 <= ID <=  70


 RYBHEQ in iter   1
   id      dm          dens        pgs0          pra          pradfc      grad        log grad

   1   1.0008E-07   6.6980E-11   3.1639E+00   2.1503E+02   1.2310E+00   8.7768E+03   3.9433E+00
   2   1.3735E-07   6.7424E-11   4.3421E+00   2.1503E+02   1.2310E+00   8.5091E+03   3.9299E+00
   3   1.8832E-07   6.8031E-11   5.9536E+00   2.1503E+02   1.2310E+00   7.9796E+03   3.9020E+00
   4   2.5794E-07   6.8860E-11   8.1547E+00   2.1503E+02   1.2310E+00   7.3849E+03   3.8683E+00
   5   3.5285E-07   6.9990E-11   1.1155E+01   2.1503E+02   1.2310E+00   6.7299E+03   3.8280E+00
   6   4.8191E-07   7.1527E-11   1.5236E+01   2.1503E+02   1.2310E+00   6.0271E+03   3.7801E+00
   7   6.5685E-07   7.3610E-11   2.0767E+01   2.1503E+02   1.2310E+00   5.3027E+03   3.7245E+00
   8   8.9298E-07   7.6422E-11   2.8233E+01   2.1503E+02   1.2310E+00   4.6078E+03   3.6635E+00
   9   1.2100E-06   8.0197E-11   3.8256E+01   2.1503E+02   1.2310E+00   4.0062E+03   3.6027E+00
  10   1.6328E-06   8.5232E-11   5.1625E+01   2.1503E+02   1.2310E+00   3.5407E+03   3.5491E+00
  11   2.1921E-06   9.1894E-11   6.9311E+01   2.1503E+02   1.2310E+00   3.2203E+03   3.5079E+00
  12   2.9253E-06   1.0063E-10   9.2494E+01   2.1504E+02   1.2310E+00   3.0431E+03   3.4833E+00
  13   3.8762E-06   1.1195E-10   1.2256E+02   2.1504E+02   1.2310E+00   2.9977E+03   3.4768E+00
  14   5.0957E-06   1.2647E-10   1.6112E+02   2.1504E+02   1.2310E+00   3.0582E+03   3.4855E+00
  15   6.6414E-06   1.4488E-10   2.1000E+02   2.1505E+02   1.2310E+00   3.1956E+03   3.5046E+00
  16   8.5778E-06   1.6795E-10   2.7122E+02   2.1505E+02   1.2310E+00   3.3764E+03   3.5285E+00
  17   1.0977E-05   1.9652E-10   3.4709E+02   2.1506E+02   1.2310E+00   3.6505E+03   3.5624E+00
  18   1.3920E-05   2.3158E-10   4.4015E+02   2.1508E+02   1.2311E+00   4.0582E+03   3.6083E+00
  19   1.7498E-05   2.7419E-10   5.5326E+02   2.1509E+02   1.2311E+00   4.5729E+03   3.6602E+00
  20   2.1812E-05   3.2559E-10   6.8968E+02   2.1511E+02   1.2312E+00   5.1815E+03   3.7145E+00
  21   2.6982E-05   3.8717E-10   8.5311E+02   2.1514E+02   1.2312E+00   5.8913E+03   3.7702E+00
  22   3.3141E-05   4.6056E-10   1.0478E+03   2.1519E+02   1.2313E+00   6.6979E+03   3.8259E+00
  23   4.0447E-05   5.4761E-10   1.2788E+03   2.1524E+02   1.2314E+00   7.6046E+03   3.8811E+00
  24   4.9084E-05   6.5052E-10   1.5519E+03   2.1532E+02   1.2316E+00   8.6308E+03   3.9361E+00
  25   5.9265E-05   7.7183E-10   1.8737E+03   2.1542E+02   1.2318E+00   9.7259E+03   3.9879E+00
  26   7.1240E-05   9.1453E-10   2.2523E+03   2.1554E+02   1.2321E+00   1.0810E+04   4.0338E+00
  27   8.5301E-05   1.0821E-09   2.6968E+03   2.1571E+02   1.2325E+00   1.1848E+04   4.0736E+00
  28   1.0179E-04   1.2786E-09   3.2180E+03   2.1592E+02   1.2329E+00   1.2779E+04   4.1065E+00
  29   1.2111E-04   1.5088E-09   3.8287E+03   2.1618E+02   1.2333E+00   1.3512E+04   4.1307E+00
  30   1.4374E-04   1.7783E-09   4.5440E+03   2.1650E+02   1.2337E+00   1.4010E+04   4.1464E+00
  31   1.7023E-04   2.0938E-09   5.3813E+03   2.1688E+02   1.2340E+00   1.4326E+04   4.1561E+00
  32   2.0125E-04   2.4629E-09   6.3618E+03   2.1733E+02   1.2341E+00   1.4593E+04   4.1641E+00
  33   2.3758E-04   2.8948E-09   7.5100E+03   2.1788E+02   1.2339E+00   1.5027E+04   4.1769E+00
  34   2.8014E-04   3.4002E-09   8.8553E+03   2.1855E+02   1.2334E+00   1.5845E+04   4.1999E+00
  35   3.3005E-04   3.9918E-09   1.0433E+04   2.1941E+02   1.2326E+00   1.7175E+04   4.2349E+00
  36   3.8865E-04   4.6845E-09   1.2285E+04   2.2052E+02   1.2315E+00   1.9019E+04   4.2792E+00
  37   4.5755E-04   5.4961E-09   1.4462E+04   2.2199E+02   1.2301E+00   2.1294E+04   4.3283E+00
  38   5.3874E-04   6.4478E-09   1.7028E+04   2.2393E+02   1.2284E+00   2.3888E+04   4.3782E+00
  39   6.3469E-04   7.5649E-09   2.0059E+04   2.2649E+02   1.2262E+00   2.6715E+04   4.4268E+00
  40   7.4843E-04   8.8780E-09   2.3653E+04   2.2987E+02   1.2237E+00   2.9721E+04   4.4731E+00
  41   8.8385E-04   1.0423E-08   2.7930E+04   2.3432E+02   1.2206E+00   3.2840E+04   4.5164E+00
  42   1.0459E-03   1.2246E-08   3.3049E+04   2.4015E+02   1.2168E+00   3.5974E+04   4.5560E+00
  43   1.2410E-03   1.4399E-08   3.9210E+04   2.4776E+02   1.2120E+00   3.8997E+04   4.5910E+00
  44   1.4776E-03   1.6951E-08   4.6682E+04   2.5764E+02   1.2060E+00   4.1780E+04   4.6210E+00
  45   1.7669E-03   1.9986E-08   5.5820E+04   2.7043E+02   1.1981E+00   4.4173E+04   4.6452E+00
  46   2.1244E-03   2.3609E-08   6.7107E+04   2.8689E+02   1.1877E+00   4.6073E+04   4.6634E+00
  47   2.5705E-03   2.7958E-08   8.1195E+04   3.0808E+02   1.1740E+00   4.7492E+04   4.6766E+00
  48   3.1338E-03   3.3208E-08   9.8978E+04   3.3542E+02   1.1566E+00   4.8532E+04   4.6860E+00
  49   3.8528E-03   3.9583E-08   1.2168E+05   3.7093E+02   1.1357E+00   4.9378E+04   4.6935E+00
  50   4.7810E-03   4.7374E-08   1.5099E+05   4.1757E+02   1.1121E+00   5.0258E+04   4.7012E+00
  51   5.9915E-03   5.6952E-08   1.8920E+05   4.7972E+02   1.0877E+00   5.1339E+04   4.7104E+00
  52   7.5821E-03   6.8764E-08   2.3942E+05   5.6366E+02   1.0644E+00   5.2775E+04   4.7224E+00
  53   9.6795E-03   8.3322E-08   3.0563E+05   6.7830E+02   1.0440E+00   5.4658E+04   4.7377E+00
  54   1.2448E-02   1.0121E-07   3.9303E+05   8.3606E+02   1.0277E+00   5.6976E+04   4.7557E+00
  55   1.6096E-02   1.2305E-07   5.0816E+05   1.0540E+03   1.0158E+00   5.9744E+04   4.7763E+00
  56   2.0879E-02   1.4951E-07   6.5910E+05   1.3553E+03   1.0079E+00   6.2998E+04   4.7993E+00
  57   2.7115E-02   1.8129E-07   8.5588E+05   1.7716E+03   1.0030E+00   6.6761E+04   4.8245E+00
  58   3.5207E-02   2.1922E-07   1.1112E+06   2.3460E+03   1.0004E+00   7.0977E+04   4.8511E+00
  59   4.5698E-02   2.6445E-07   1.4422E+06   3.1373E+03   9.9933E-01   7.5432E+04   4.8776E+00
  60   5.9384E-02   3.1889E-07   1.8739E+06   4.2266E+03   9.9912E-01   7.9589E+04   4.9009E+00
  61   7.7552E-02   3.8599E-07   2.4469E+06   5.7248E+03   9.9941E-01   8.2462E+04   4.9163E+00
  62   1.0242E-01   4.7209E-07   3.2314E+06   7.7835E+03   9.9985E-01   8.2770E+04   4.9179E+00
  63   1.3794E-01   5.8836E-07   4.3516E+06   1.0610E+04   1.0001E+00   7.9584E+04   4.9008E+00
  64   1.9094E-01   7.5335E-07   6.0239E+06   1.4487E+04   1.0001E+00   7.3150E+04   4.8642E+00
  65   2.7287E-01   9.9549E-07   8.6095E+06   1.9806E+04   9.9987E-01   6.4917E+04   4.8124E+00
  66   4.0177E-01   1.3549E-06   1.2678E+07   2.7100E+04   9.9937E-01   5.6590E+04   4.7527E+00
  67   6.0469E-01   1.8848E-06   1.9085E+07   3.7095E+04   9.9846E-01   4.9255E+04   4.6924E+00
  68   9.2082E-01   2.6525E-06   2.9068E+07   5.0766E+04   9.9678E-01   4.3245E+04   4.6359E+00
  69   1.4057E+00   3.7417E-06   4.4383E+07   6.9414E+04   9.9379E-01   3.8460E+04   4.5850E+00
  70   2.1367E+00   5.2553E-06   6.7475E+07   9.4748E+04   9.8878E-01   3.4654E+04   4.5398E+00
 before if(lfin) F

before psy0 - nfreqe,in       0       2       0       1       0       0       1

 =========  LINEARIZATION, ITER =           1

reint1.1.1.1.1.1.1.1.1.1.1.1.1.1.1.1.1.1.1.1.1.1.1.1.1.1.1.1.1.1.1.1.1.1.1.
     1.1.1.1.1.1.1.1.1.1.1.1.1.1.1.1.1.1.1.1.1.1.1.1.1.1.1.1.1.1.1.1.1.1.1.
redif0.0.0.0.0.0.0.0.0.0.0.0.0.0.0.0.0.0.0.0.0.0.0.0.0.0.0.0.0.0.0.0.0.0.0.
     0.1.1.1.1.1.1.1.1.1.1.1.1.1.1.1.1.1.1.1.1.1.1.1.1.1.1.1.1.1.1.1.1.1.1.
u -5.68E+04 -1.96E-06  1.25E+00  2.00E+00 -4.55E+04 -4.55E+04  6.70E+07  1.86E-08  5.59E-04  1.12E-01
 ===== end of RYBCHN in ITER           1
 conout imod,iprin           1           1


  ID    DM        TEMP      DELTA  DELTA(AD)  CON/TOT  RAD/TOT  (C+R)/TOT


   1 1.00E-07  12979.1  0.00E+00  0.00E+00  0.00E+00  0.00E+00  0.00E+00
   2 1.37E-07  12979.1  1.50E-05  0.00E+00  0.00E+00  0.00E+00  0.00E+00
   3 1.88E-07  12979.1  1.49E-05  0.00E+00  0.00E+00  0.00E+00  0.00E+00
   4 2.58E-07  12979.1  1.48E-05  0.00E+00  0.00E+00  0.00E+00  0.00E+00
   5 3.53E-07  12979.1  1.48E-05  0.00E+00  0.00E+00  0.00E+00  0.00E+00
   6 4.82E-07  12979.1  1.49E-05  0.00E+00  0.00E+00  0.00E+00  0.00E+00
   7 6.57E-07  12979.1  1.51E-05  0.00E+00  0.00E+00  0.00E+00  0.00E+00
   8 8.93E-07  12979.1  1.55E-05  0.00E+00  0.00E+00  0.00E+00  0.00E+00
   9 1.21E-06  12979.1  1.61E-05  0.00E+00  0.00E+00  0.00E+00  0.00E+00
  10 1.63E-06  12979.2  1.70E-05  0.00E+00  0.00E+00  0.00E+00  0.00E+00
  11 2.19E-06  12979.2  1.83E-05  0.00E+00  0.00E+00  0.00E+00  0.00E+00
  12 2.93E-06  12979.2  2.01E-05  0.00E+00  0.00E+00  0.00E+00  0.00E+00
  13 3.88E-06  12979.2  2.27E-05  0.00E+00  0.00E+00  0.00E+00  0.00E+00
  14 5.10E-06  12979.3  2.63E-05  0.00E+00  0.00E+00  0.00E+00  0.00E+00
  15 6.64E-06  12979.3  3.12E-05  0.00E+00  0.00E+00  0.00E+00  0.00E+00
  16 8.58E-06  12979.4  3.80E-05  0.00E+00  0.00E+00  0.00E+00  0.00E+00
  17 1.10E-05  12979.5  4.73E-05  0.00E+00  0.00E+00  0.00E+00  0.00E+00
  18 1.39E-05  12979.6  5.99E-05  0.00E+00  0.00E+00  0.00E+00  0.00E+00
  19 1.75E-05  12979.7  7.72E-05  0.00E+00  0.00E+00  0.00E+00  0.00E+00
  20 2.18E-05  12980.0  1.01E-04  0.00E+00  0.00E+00  0.00E+00  0.00E+00
  21 2.70E-05  12980.2  1.32E-04  0.00E+00  0.00E+00  0.00E+00  0.00E+00
  22 3.31E-05  12980.6  1.75E-04  0.00E+00  0.00E+00  0.00E+00  0.00E+00
  23 4.04E-05  12981.1  2.33E-04  0.00E+00  0.00E+00  0.00E+00  0.00E+00
  24 4.91E-05  12981.8  3.11E-04  0.00E+00  0.00E+00  0.00E+00  0.00E+00
  25 5.93E-05  12982.7  4.16E-04  0.00E+00  0.00E+00  0.00E+00  0.00E+00
  26 7.12E-05  12987.9  2.41E-03  0.00E+00  0.00E+00  0.00E+00  0.00E+00
  27 8.53E-05  13245.2  1.18E-01  0.00E+00  0.00E+00  0.00E+00  0.00E+00
  28 1.02E-04  13469.0  1.02E-01  0.00E+00  0.00E+00  0.00E+00  0.00E+00
  29 1.21E-04  13641.1  7.76E-02  0.00E+00  0.00E+00  0.00E+00  0.00E+00
  30 1.44E-04  13750.1  4.89E-02  0.00E+00  0.00E+00  0.00E+00  0.00E+00
  31 1.70E-04  13791.0  1.83E-02  0.00E+00  0.00E+00  0.00E+00  0.00E+00
  32 2.01E-04  13765.0 -1.17E-02  2.17E-01  0.00E+00  0.00E+00  0.00E+00
  33 2.38E-04  13686.7 -3.54E-02  2.00E-01  0.00E+00  0.00E+00  0.00E+00
  34 2.80E-04  13587.6 -4.52E-02  1.82E-01  0.00E+00  0.00E+00  0.00E+00
  35 3.30E-04  13514.5 -3.37E-02  1.66E-01  0.00E+00  0.00E+00  0.00E+00
  36 3.89E-04  13520.6  2.83E-03  1.55E-01  0.00E+00  0.00E+00  0.00E+00
  37 4.58E-04  13649.7  5.92E-02  1.51E-01  0.00E+00  0.00E+00  0.00E+00
  38 5.39E-04  13894.7  1.10E-01  1.55E-01  0.00E+00  0.00E+00  0.00E+00
  39 6.35E-04  14229.8  1.47E-01  1.64E-01  0.00E+00  0.00E+00  0.00E+00
  40 7.48E-04  14619.5  1.66E-01  1.78E-01  0.00E+00  0.00E+00  0.00E+00
  41 8.84E-04  15037.4  1.71E-01  1.95E-01  0.00E+00  0.00E+00  0.00E+00
  42 1.05E-03  15470.1  1.70E-01  2.13E-01  0.00E+00  0.00E+00  0.00E+00
  43 1.24E-03  15914.6  1.67E-01  2.32E-01  0.00E+00  0.00E+00  0.00E+00
  44 1.48E-03  16374.3  1.64E-01  2.51E-01  0.00E+00  0.00E+00  0.00E+00
  45 1.77E-03  16858.1  1.63E-01  2.67E-01  0.00E+00  0.00E+00  0.00E+00
  46 2.12E-03  17377.9  1.65E-01  2.83E-01  0.00E+00  0.00E+00  0.00E+00
  47 2.57E-03  17948.1  1.70E-01  2.99E-01  0.00E+00  0.00E+00  0.00E+00
  48 3.13E-03  18583.3  1.76E-01  3.15E-01  0.00E+00  0.00E+00  0.00E+00
  49 3.85E-03  19296.8  1.83E-01  3.30E-01  0.00E+00  0.00E+00  0.00E+00
  50 4.78E-03  20098.7  1.89E-01  3.43E-01  0.00E+00  0.00E+00  0.00E+00
  51 5.99E-03  20999.0  1.94E-01  3.56E-01  0.00E+00  0.00E+00  0.00E+00
  52 7.58E-03  22008.8  2.00E-01  3.66E-01  0.00E+00  0.00E+00  0.00E+00
  53 9.68E-03  23144.4  2.06E-01  3.74E-01  0.00E+00  0.00E+00  0.00E+00
  54 1.24E-02  24427.3  2.15E-01  3.81E-01  0.00E+00  0.00E+00  0.00E+00
  55 1.61E-02  25880.2  2.25E-01  3.86E-01  0.00E+00  0.00E+00  0.00E+00
  56 2.09E-02  27523.6  2.37E-01  3.90E-01  0.00E+00  0.00E+00  0.00E+00
  57 2.71E-02  29374.2  2.49E-01  3.93E-01  0.00E+00  0.00E+00  0.00E+00
  58 3.52E-02  31444.8  2.61E-01  3.95E-01  0.00E+00  0.00E+00  0.00E+00
  59 4.57E-02  33745.0  2.71E-01  3.97E-01  0.00E+00  0.00E+00  0.00E+00
  60 5.94E-02  36282.3  2.77E-01  3.98E-01  0.00E+00  0.00E+00  0.00E+00
  61 7.76E-02  39065.8  2.77E-01  3.98E-01  0.00E+00  0.00E+00  0.00E+00
  62 1.02E-01  42110.7  2.70E-01  3.99E-01  0.00E+00  0.00E+00  0.00E+00
  63 1.38E-01  45438.4  2.56E-01  3.99E-01  0.00E+00  0.00E+00  0.00E+00
  64 1.91E-01  49069.0  2.36E-01  3.99E-01  0.00E+00  0.00E+00  0.00E+00
  65 2.73E-01  53019.5  2.17E-01  4.00E-01  0.00E+00  0.00E+00  0.00E+00
  66 4.02E-01  57313.0  2.01E-01  4.00E-01  0.00E+00  0.00E+00  0.00E+00
  67 6.05E-01  61981.6  1.92E-01  4.00E-01  0.00E+00  0.00E+00  0.00E+00
  68 9.21E-01  67061.5  1.87E-01  4.00E-01  0.00E+00  0.00E+00  0.00E+00
  69 1.41E+00  72592.6  1.87E-01  4.00E-01  0.00E+00  0.00E+00  0.00E+00
  70 2.14E+00  78621.9  1.91E-01  4.00E-01  0.00E+00  0.00E+00  0.00E+00

convective zone between depths (inclusive)   0   0

 end rybsol

**********
 ITERATION:  2
**********

 before inilam
 after inilam
 after linsel
 NTRANS         136
 ilam           1
 after opaini in ilam           1
 after ratsp1i in ilam           1
 after newpop in ilam           1
 after output
 after radpre
 HMIX0  0.59999999999999998     
dad -2.7445E-20 -2.7445E-20 -1.4628E-17

 RYBHEQ in iter   2
   id      dm          dens        pgs0          pra          pradfc      grad        log grad

   1   1.0008E-07   1.4892E-12   3.1647E+00   2.1604E+02   3.0195E+00   5.5700E+02   2.7459E+00
   2   1.3735E-07   2.0438E-12   4.3432E+00   2.1604E+02   3.0195E+00   6.3042E+02   2.7996E+00
   3   1.8832E-07   2.8023E-12   5.9551E+00   2.1604E+02   3.0195E+00   7.9085E+02   2.8981E+00
   4   2.5794E-07   3.8384E-12   8.1566E+00   2.1604E+02   3.0195E+00   9.7331E+02   2.9883E+00
   5   3.5285E-07   5.2509E-12   1.1158E+01   2.1604E+02   3.0195E+00   1.1521E+03   3.0615E+00
   6   4.8191E-07   7.1719E-12   1.5239E+01   2.1604E+02   3.0195E+00   1.2778E+03   3.1065E+00
   7   6.5685E-07   9.7759E-12   2.0771E+01   2.1605E+02   3.0195E+00   1.2943E+03   3.1120E+00
   8   8.9298E-07   1.3291E-11   2.8237E+01   2.1605E+02   3.0195E+00   1.2133E+03   3.0840E+00
   9   1.2100E-06   1.8011E-11   3.8262E+01   2.1605E+02   3.0195E+00   1.1359E+03   3.0554E+00
  10   1.6328E-06   2.4307E-11   5.1631E+01   2.1605E+02   3.0195E+00   1.1324E+03   3.0540E+00
  11   2.1921E-06   3.2640E-11   6.9319E+01   2.1605E+02   3.0195E+00   1.2063E+03   3.0815E+00
  12   2.9253E-06   4.3564E-11   9.2503E+01   2.1605E+02   3.0195E+00   1.3579E+03   3.1329E+00
  13   3.8762E-06   5.7739E-11   1.2257E+02   2.1605E+02   3.0195E+00   1.5815E+03   3.1991E+00
  14   5.0957E-06   7.5926E-11   1.6113E+02   2.1605E+02   3.0195E+00   1.8813E+03   3.2745E+00
  15   6.6414E-06   9.8992E-11   2.1001E+02   2.1606E+02   3.0195E+00   2.2609E+03   3.3543E+00
  16   8.5778E-06   1.2791E-10   2.7124E+02   2.1606E+02   3.0195E+00   2.7072E+03   3.4325E+00
  17   1.0977E-05   1.6378E-10   3.4710E+02   2.1607E+02   3.0195E+00   3.2174E+03   3.5075E+00
  18   1.3920E-05   2.0783E-10   4.4016E+02   2.1608E+02   3.0196E+00   3.7838E+03   3.5779E+00
  19   1.7498E-05   2.6145E-10   5.5328E+02   2.1609E+02   3.0196E+00   4.3905E+03   3.6425E+00
  20   2.1812E-05   3.2624E-10   6.8969E+02   2.1612E+02   3.0197E+00   4.9989E+03   3.6989E+00
  21   2.6982E-05   4.0401E-10   8.5313E+02   2.1615E+02   3.0199E+00   5.5723E+03   3.7460E+00
  22   3.3141E-05   4.9691E-10   1.0479E+03   2.1618E+02   3.0201E+00   6.0882E+03   3.7845E+00
  23   4.0447E-05   6.0743E-10   1.2789E+03   2.1623E+02   3.0202E+00   6.5740E+03   3.8178E+00
  24   4.9084E-05   7.3849E-10   1.5519E+03   2.1629E+02   3.0205E+00   7.1551E+03   3.8546E+00
  25   5.9265E-05   8.9358E-10   1.8738E+03   2.1637E+02   3.0208E+00   8.0182E+03   3.9041E+00
  26   7.1240E-05   1.0764E-09   2.2523E+03   2.1649E+02   3.0175E+00   9.5353E+03   3.9793E+00
  27   8.5301E-05   1.2618E-09   2.6968E+03   2.1667E+02   2.7921E+00   1.2701E+04   4.1038E+00
  28   1.0179E-04   1.4795E-09   3.2181E+03   2.1689E+02   2.6138E+00   1.3498E+04   4.1303E+00
  29   1.2111E-04   1.7379E-09   3.8288E+03   2.1716E+02   2.4874E+00   1.3887E+04   4.1426E+00
  30   1.4374E-04   2.0478E-09   4.5440E+03   2.1748E+02   2.4131E+00   1.4269E+04   4.1544E+00
  31   1.7023E-04   2.4225E-09   5.3814E+03   2.1788E+02   2.3889E+00   1.4958E+04   4.1749E+00
  32   2.0125E-04   2.8787E-09   6.3618E+03   2.1838E+02   2.4126E+00   1.6290E+04   4.2119E+00
  33   2.3758E-04   3.4352E-09   7.5098E+03   2.1906E+02   2.4759E+00   1.8627E+04   4.2701E+00
  34   2.8014E-04   4.1084E-09   8.8549E+03   2.2000E+02   2.5599E+00   2.2128E+04   4.3449E+00
  35   3.3005E-04   4.9043E-09   1.0432E+04   2.2133E+02   2.6316E+00   2.6635E+04   4.4254E+00
  36   3.8865E-04   5.8066E-09   1.2283E+04   2.2319E+02   2.6489E+00   3.1701E+04   4.5011E+00
  37   4.5755E-04   6.7791E-09   1.4459E+04   2.2572E+02   2.5790E+00   3.6724E+04   4.5649E+00
  38   5.3874E-04   7.8145E-09   1.7024E+04   2.2905E+02   2.4373E+00   4.1064E+04   4.6135E+00
  39   6.3469E-04   8.9362E-09   2.0053E+04   2.3333E+02   2.2570E+00   4.4538E+04   4.6487E+00
  40   7.4843E-04   1.0193E-08   2.3645E+04   2.3869E+02   2.0724E+00   4.7177E+04   4.6737E+00
  41   8.8385E-04   1.1640E-08   2.7920E+04   2.4536E+02   1.9032E+00   4.9208E+04   4.6920E+00
  42   1.0459E-03   1.3330E-08   3.3036E+04   2.5360E+02   1.7561E+00   5.0861E+04   4.7064E+00
  43   1.2410E-03   1.5321E-08   3.9195E+04   2.6380E+02   1.6310E+00   5.2279E+04   4.7183E+00
  44   1.4776E-03   1.7680E-08   4.6664E+04   2.7646E+02   1.5253E+00   5.3538E+04   4.7287E+00
  45   1.7669E-03   2.0487E-08   5.5799E+04   2.9227E+02   1.4353E+00   5.4631E+04   4.7374E+00
  46   2.1244E-03   2.3846E-08   6.7083E+04   3.1212E+02   1.3574E+00   5.5535E+04   4.7446E+00
  47   2.5705E-03   2.7888E-08   8.1167E+04   3.3722E+02   1.2889E+00   5.6259E+04   4.7502E+00
  48   3.1338E-03   3.2783E-08   9.8945E+04   3.6922E+02   1.2279E+00   5.6805E+04   4.7544E+00
  49   3.8528E-03   3.8760E-08   1.2164E+05   4.1034E+02   1.1738E+00   5.7190E+04   4.7573E+00
  50   4.7810E-03   4.6120E-08   1.5094E+05   4.6365E+02   1.1269E+00   5.7441E+04   4.7592E+00
  51   5.9915E-03   5.5261E-08   1.8915E+05   5.3347E+02   1.0882E+00   5.7674E+04   4.7610E+00
  52   7.5821E-03   6.6663E-08   2.3936E+05   6.2584E+02   1.0579E+00   5.8074E+04   4.7640E+00
  53   9.6795E-03   8.0868E-08   3.0556E+05   7.4928E+02   1.0357E+00   5.8851E+04   4.7698E+00
  54   1.2448E-02   9.8477E-08   3.9295E+05   9.1594E+02   1.0203E+00   6.0193E+04   4.7795E+00
  55   1.6096E-02   1.2012E-07   5.0807E+05   1.1428E+03   1.0104E+00   6.2198E+04   4.7938E+00
  56   2.0879E-02   1.4645E-07   6.5901E+05   1.4532E+03   1.0043E+00   6.4897E+04   4.8122E+00
  57   2.7115E-02   1.7814E-07   8.5578E+05   1.8789E+03   1.0010E+00   6.8274E+04   4.8343E+00
  58   3.5207E-02   2.1601E-07   1.1111E+06   2.4634E+03   9.9934E-01   7.2222E+04   4.8587E+00
  59   4.5698E-02   2.6119E-07   1.4420E+06   3.2653E+03   9.9877E-01   7.6439E+04   4.8833E+00
  60   5.9384E-02   3.1561E-07   1.8737E+06   4.3642E+03   9.9886E-01   8.0295E+04   4.9047E+00
  61   7.7552E-02   3.8273E-07   2.4468E+06   5.8683E+03   9.9932E-01   8.2789E+04   4.9180E+00
  62   1.0242E-01   4.6886E-07   3.2312E+06   7.9272E+03   9.9983E-01   8.2776E+04   4.9179E+00
  63   1.3794E-01   5.8514E-07   4.3514E+06   1.0749E+04   1.0001E+00   7.9462E+04   4.9002E+00
  64   1.9094E-01   7.5007E-07   6.0238E+06   1.4619E+04   1.0001E+00   7.3001E+04   4.8633E+00
  65   2.7287E-01   9.9213E-07   8.6094E+06   1.9921E+04   9.9986E-01   6.4715E+04   4.8110E+00
  66   4.0177E-01   1.3516E-06   1.2678E+07   2.7187E+04   9.9936E-01   5.6373E+04   4.7511E+00
  67   6.0469E-01   1.8813E-06   1.9085E+07   3.7154E+04   9.9845E-01   4.9117E+04   4.6912E+00
  68   9.2082E-01   2.6484E-06   2.9068E+07   5.0829E+04   9.9677E-01   4.3258E+04   4.6361E+00
  69   1.4057E+00   3.7357E-06   4.4383E+07   6.9579E+04   9.9376E-01   3.8669E+04   4.5874E+00
  70   2.1367E+00   5.2439E-06   6.7475E+07   9.5247E+04   9.8868E-01   3.5113E+04   4.5455E+00
 before if(lfin) F

before psy0 - nfreqe,in       0       2       0       1       0       0       1

 =========  LINEARIZATION, ITER =           2

reint1.1.1.1.1.1.1.1.1.1.1.1.1.1.1.1.1.1.1.1.1.1.1.1.1.1.1.1.1.1.1.1.1.1.1.
     1.1.1.1.1.1.1.1.1.1.1.1.1.1.1.1.1.1.1.1.1.1.1.1.1.1.1.1.1.1.1.1.1.1.1.
redif0.0.0.0.0.0.0.0.0.0.0.0.0.0.0.0.0.0.0.0.0.0.0.0.0.0.0.0.0.0.0.0.0.0.0.
     0.1.1.1.1.1.1.1.1.1.1.1.1.1.1.1.1.1.1.1.1.1.1.1.1.1.1.1.1.1.1.1.1.1.1.
u -5.76E+04 -8.50E-06  1.21E+00  2.00E+00 -4.75E+04 -4.75E+04  6.50E+07  1.86E-08  5.63E-04  4.89E-01
 ===== end of RYBCHN in ITER           2
 conout imod,iprin           1           1


  ID    DM        TEMP      DELTA  DELTA(AD)  CON/TOT  RAD/TOT  (C+R)/TOT


   1 1.00E-07  10383.3  0.00E+00  0.00E+00  0.00E+00  0.00E+00  0.00E+00
   2 1.37E-07  10383.3  1.50E-05  0.00E+00  0.00E+00  0.00E+00  0.00E+00
   3 1.88E-07  10383.3  1.49E-05  0.00E+00  0.00E+00  0.00E+00  0.00E+00
   4 2.58E-07  10383.3  1.48E-05  0.00E+00  0.00E+00  0.00E+00  0.00E+00
   5 3.53E-07  10435.3  3.74E-01  0.00E+00  0.00E+00  0.00E+00  0.00E+00
   6 4.82E-07  10937.3  2.63E+00  0.00E+00  0.00E+00  0.00E+00  0.00E+00
   7 6.57E-07  11180.2  9.25E-01  0.00E+00  0.00E+00  0.00E+00  0.00E+00
   8 8.93E-07  11241.8  1.76E-01  0.00E+00  0.00E+00  0.00E+00  0.00E+00
   9 1.21E-06  11241.0 -1.78E-03  0.00E+00  0.00E+00  0.00E+00  0.00E+00
  10 1.63E-06  11234.0 -1.21E-02  0.00E+00  0.00E+00  0.00E+00  0.00E+00
  11 2.19E-06  11233.4 -9.36E-04  0.00E+00  0.00E+00  0.00E+00  0.00E+00
  12 2.93E-06  11255.9  2.56E-02  0.00E+00  0.00E+00  0.00E+00  0.00E+00
  13 3.88E-06  11300.7  4.26E-02  0.00E+00  0.00E+00  0.00E+00  0.00E+00
  14 5.10E-06  11393.8  7.58E-02  0.00E+00  0.00E+00  0.00E+00  0.00E+00
  15 6.64E-06  11530.4  9.76E-02  0.00E+00  0.00E+00  0.00E+00  0.00E+00
  16 8.58E-06  11680.6  9.62E-02  0.00E+00  0.00E+00  0.00E+00  0.00E+00
  17 1.10E-05  11834.6  9.03E-02  0.00E+00  0.00E+00  0.00E+00  0.00E+00
  18 1.39E-05  11992.9  8.67E-02  0.00E+00  0.00E+00  0.00E+00  0.00E+00
  19 1.75E-05  12149.3  8.14E-02  0.00E+00  0.00E+00  0.00E+00  0.00E+00
  20 2.18E-05  12290.4  7.06E-02  0.00E+00  0.00E+00  0.00E+00  0.00E+00
  21 2.70E-05  12414.3  6.04E-02  0.00E+00  0.00E+00  0.00E+00  0.00E+00
  22 3.31E-05  12521.8  5.15E-02  0.00E+00  0.00E+00  0.00E+00  0.00E+00
  23 4.04E-05  12615.2  4.42E-02  0.00E+00  0.00E+00  0.00E+00  0.00E+00
  24 4.91E-05  12699.0  3.94E-02  0.00E+00  0.00E+00  0.00E+00  0.00E+00
  25 5.93E-05  12778.4  3.72E-02  0.00E+00  0.00E+00  0.00E+00  0.00E+00
  26 7.12E-05  12848.9  3.31E-02  0.00E+00  0.00E+00  0.00E+00  0.00E+00
  27 8.53E-05  12974.7  5.88E-02  0.00E+00  0.00E+00  0.00E+00  0.00E+00
  28 1.02E-04  13091.7  5.45E-02  0.00E+00  0.00E+00  0.00E+00  0.00E+00
  29 1.21E-04  13197.4  4.91E-02  0.00E+00  0.00E+00  0.00E+00  0.00E+00
  30 1.44E-04  13289.8  4.29E-02  0.00E+00  0.00E+00  0.00E+00  0.00E+00
  31 1.70E-04  13378.0  4.08E-02  0.00E+00  0.00E+00  0.00E+00  0.00E+00
  32 2.01E-04  13479.6  4.69E-02  1.87E-01  0.00E+00  0.00E+00  0.00E+00
  33 2.38E-04  13603.3  5.67E-02  1.85E-01  0.00E+00  0.00E+00  0.00E+00
  34 2.80E-04  13734.9  6.00E-02  1.85E-01  0.00E+00  0.00E+00  0.00E+00
  35 3.30E-04  13865.2  5.89E-02  1.84E-01  0.00E+00  0.00E+00  0.00E+00
  36 3.89E-04  14008.4  6.40E-02  1.84E-01  0.00E+00  0.00E+00  0.00E+00
  37 4.58E-04  14183.4  7.73E-02  1.86E-01  0.00E+00  0.00E+00  0.00E+00
  38 5.39E-04  14396.1  9.24E-02  1.89E-01  0.00E+00  0.00E+00  0.00E+00
  39 6.35E-04  14644.6  1.06E-01  1.95E-01  0.00E+00  0.00E+00  0.00E+00
  40 7.48E-04  14924.7  1.16E-01  2.03E-01  0.00E+00  0.00E+00  0.00E+00
  41 8.84E-04  15235.0  1.25E-01  2.13E-01  0.00E+00  0.00E+00  0.00E+00
  42 1.05E-03  15577.6  1.33E-01  2.24E-01  0.00E+00  0.00E+00  0.00E+00
  43 1.24E-03  15957.0  1.42E-01  2.37E-01  0.00E+00  0.00E+00  0.00E+00
  44 1.48E-03  16378.4  1.50E-01  2.51E-01  0.00E+00  0.00E+00  0.00E+00
  45 1.77E-03  16847.1  1.58E-01  2.66E-01  0.00E+00  0.00E+00  0.00E+00
  46 2.12E-03  17368.3  1.66E-01  2.83E-01  0.00E+00  0.00E+00  0.00E+00
  47 2.57E-03  17948.1  1.73E-01  2.99E-01  0.00E+00  0.00E+00  0.00E+00
  48 3.13E-03  18594.3  1.79E-01  3.15E-01  0.00E+00  0.00E+00  0.00E+00
  49 3.85E-03  19314.8  1.84E-01  3.30E-01  0.00E+00  0.00E+00  0.00E+00
  50 4.78E-03  20118.1  1.89E-01  3.44E-01  0.00E+00  0.00E+00  0.00E+00
  51 5.99E-03  21014.9  1.93E-01  3.56E-01  0.00E+00  0.00E+00  0.00E+00
  52 7.58E-03  22018.7  1.98E-01  3.66E-01  0.00E+00  0.00E+00  0.00E+00
  53 9.68E-03  23147.0  2.05E-01  3.74E-01  0.00E+00  0.00E+00  0.00E+00
  54 1.24E-02  24422.6  2.13E-01  3.81E-01  0.00E+00  0.00E+00  0.00E+00
  55 1.61E-02  25869.1  2.24E-01  3.86E-01  0.00E+00  0.00E+00  0.00E+00
  56 2.09E-02  27507.9  2.36E-01  3.90E-01  0.00E+00  0.00E+00  0.00E+00
  57 2.71E-02  29355.8  2.49E-01  3.93E-01  0.00E+00  0.00E+00  0.00E+00
  58 3.52E-02  31425.7  2.61E-01  3.95E-01  0.00E+00  0.00E+00  0.00E+00
  59 4.57E-02  33726.7  2.71E-01  3.97E-01  0.00E+00  0.00E+00  0.00E+00
  60 5.94E-02  36265.8  2.77E-01  3.98E-01  0.00E+00  0.00E+00  0.00E+00
  61 7.76E-02  39051.8  2.77E-01  3.98E-01  0.00E+00  0.00E+00  0.00E+00
  62 1.02E-01  42099.7  2.70E-01  3.99E-01  0.00E+00  0.00E+00  0.00E+00
  63 1.38E-01  45430.6  2.56E-01  3.99E-01  0.00E+00  0.00E+00  0.00E+00
  64 1.91E-01  49063.8  2.37E-01  3.99E-01  0.00E+00  0.00E+00  0.00E+00
  65 2.73E-01  53016.1  2.17E-01  4.00E-01  0.00E+00  0.00E+00  0.00E+00
  66 4.02E-01  57310.9  2.01E-01  4.00E-01  0.00E+00  0.00E+00  0.00E+00
  67 6.05E-01  61980.3  1.92E-01  4.00E-01  0.00E+00  0.00E+00  0.00E+00
  68 9.21E-01  67060.7  1.87E-01  4.00E-01  0.00E+00  0.00E+00  0.00E+00
  69 1.41E+00  72591.8  1.87E-01  4.00E-01  0.00E+00  0.00E+00  0.00E+00
  70 2.14E+00  78620.5  1.91E-01  4.00E-01  0.00E+00  0.00E+00  0.00E+00

convective zone between depths (inclusive)   0   0

 end rybsol

**********
 ITERATION:  3
**********

 before inilam
 after inilam
 after linsel
 NTRANS         136
 ilam           1
 after opaini in ilam           1
 after ratsp1i in ilam           1
 after newpop in ilam           1
 after output
 after radpre
 HMIX0  0.59999999999999998     
dad -5.9490E-20 -5.9490E-20 -9.7494E-17

 RYBHEQ in iter   3
   id      dm          dens        pgs0          pra          pradfc      grad        log grad

   1   1.0008E-07   1.8635E-12   3.1645E+00   2.1855E+02   7.4573E+00   1.9674E+03   3.2939E+00
   2   1.3735E-07   2.5583E-12   4.3431E+00   2.1855E+02   7.4573E+00   1.4770E+03   3.1694E+00
   3   1.8832E-07   3.5093E-12   5.9549E+00   2.1855E+02   7.4573E+00   1.1724E+03   3.0691E+00
   4   2.5794E-07   4.8094E-12   8.1564E+00   2.1855E+02   7.4573E+00   1.1684E+03   3.0676E+00
   5   3.5285E-07   6.5499E-12   1.1158E+01   2.1855E+02   7.3098E+00   1.4559E+03   3.1631E+00
   6   4.8191E-07   8.5258E-12   1.5239E+01   2.1855E+02   6.0574E+00   2.0163E+03   3.3045E+00
   7   6.5685E-07   1.1367E-11   2.0770E+01   2.1855E+02   5.5478E+00   1.3979E+03   3.1455E+00
   8   8.9298E-07   1.5375E-11   2.8237E+01   2.1855E+02   5.4272E+00   1.1228E+03   3.0503E+00
   9   1.2100E-06   2.0849E-11   3.8261E+01   2.1855E+02   5.4288E+00   1.1827E+03   3.0729E+00
  10   1.6328E-06   2.8178E-11   5.1631E+01   2.1855E+02   5.4423E+00   1.4583E+03   3.1639E+00
  11   2.1921E-06   3.7880E-11   6.9318E+01   2.1855E+02   5.4437E+00   1.8635E+03   3.2703E+00
  12   2.9253E-06   5.0517E-11   9.2501E+01   2.1855E+02   5.4002E+00   2.3701E+03   3.3748E+00
  13   3.8762E-06   6.6771E-11   1.2257E+02   2.1856E+02   5.3151E+00   2.9352E+03   3.4676E+00
  14   5.0957E-06   8.7159E-11   1.6113E+02   2.1856E+02   5.1437E+00   3.5264E+03   3.5473E+00
  15   6.6414E-06   1.1232E-10   2.1000E+02   2.1857E+02   4.9043E+00   4.0475E+03   3.6072E+00
  16   8.5778E-06   1.4327E-10   2.7123E+02   2.1857E+02   4.6571E+00   4.4930E+03   3.6525E+00
  17   1.0977E-05   1.8102E-10   3.4709E+02   2.1859E+02   4.4197E+00   4.9359E+03   3.6934E+00
  18   1.3920E-05   2.2659E-10   4.4014E+02   2.1860E+02   4.1912E+00   5.3877E+03   3.7314E+00
  19   1.7498E-05   2.8123E-10   5.5325E+02   2.1862E+02   3.9799E+00   5.8180E+03   3.7648E+00
  20   2.1812E-05   3.4670E-10   6.8966E+02   2.1865E+02   3.8007E+00   6.2286E+03   3.7944E+00
  21   2.6982E-05   4.2487E-10   8.5310E+02   2.1868E+02   3.6518E+00   6.6541E+03   3.8231E+00
  22   3.3141E-05   5.1784E-10   1.0478E+03   2.1873E+02   3.5287E+00   7.1110E+03   3.8519E+00
  23   4.0447E-05   6.2803E-10   1.2788E+03   2.1878E+02   3.4263E+00   7.6366E+03   3.8829E+00
  24   4.9084E-05   7.5810E-10   1.5519E+03   2.1886E+02   3.3378E+00   8.2988E+03   3.9190E+00
  25   5.9265E-05   9.1098E-10   1.8737E+03   2.1895E+02   3.2570E+00   9.1440E+03   3.9611E+00
  26   7.1240E-05   1.0909E-09   2.2523E+03   2.1907E+02   3.1878E+00   1.0204E+04   4.0088E+00
  27   8.5301E-05   1.2944E-09   2.6968E+03   2.1924E+02   3.0684E+00   1.1806E+04   4.0721E+00
  28   1.0179E-04   1.5320E-09   3.2180E+03   2.1945E+02   2.9629E+00   1.3028E+04   4.1149E+00
  29   1.2111E-04   1.8102E-09   3.8287E+03   2.1973E+02   2.8728E+00   1.4340E+04   4.1565E+00
  30   1.4374E-04   2.1365E-09   4.5439E+03   2.2009E+02   2.7983E+00   1.5855E+04   4.2002E+00
  31   1.7023E-04   2.5177E-09   5.3812E+03   2.2056E+02   2.7310E+00   1.7708E+04   4.2482E+00
  32   2.0125E-04   2.9581E-09   6.3615E+03   2.2118E+02   2.6570E+00   1.9931E+04   4.2995E+00
  33   2.3758E-04   3.4633E-09   7.5094E+03   2.2199E+02   2.5712E+00   2.2363E+04   4.3495E+00
  34   2.8014E-04   4.0475E-09   8.8544E+03   2.2304E+02   2.4858E+00   2.4823E+04   4.3949E+00
  35   3.3005E-04   4.7275E-09   1.0431E+04   2.2441E+02   2.4083E+00   2.7445E+04   4.4385E+00
  36   3.8865E-04   5.5126E-09   1.2283E+04   2.2620E+02   2.3298E+00   3.0424E+04   4.4832E+00
  37   4.5755E-04   6.4080E-09   1.4459E+04   2.2852E+02   2.2396E+00   3.3673E+04   4.5273E+00
  38   5.3874E-04   7.4255E-09   1.7024E+04   2.3152E+02   2.1379E+00   3.6935E+04   4.5674E+00
  39   6.3469E-04   8.5847E-09   2.0054E+04   2.3536E+02   2.0296E+00   4.0069E+04   4.6028E+00
  40   7.4843E-04   9.9125E-09   2.3646E+04   2.4025E+02   1.9205E+00   4.3032E+04   4.6338E+00
  41   8.8385E-04   1.1442E-08   2.7922E+04   2.4646E+02   1.8145E+00   4.5823E+04   4.6611E+00
  42   1.0459E-03   1.3211E-08   3.3038E+04   2.5431E+02   1.7129E+00   4.8420E+04   4.6850E+00
  43   1.2410E-03   1.5266E-08   3.9197E+04   2.6421E+02   1.6163E+00   5.0765E+04   4.7056E+00
  44   1.4776E-03   1.7668E-08   4.6666E+04   2.7670E+02   1.5251E+00   5.2802E+04   4.7226E+00
  45   1.7669E-03   2.0495E-08   5.5802E+04   2.9246E+02   1.4399E+00   5.4454E+04   4.7360E+00
  46   2.1244E-03   2.3852E-08   6.7085E+04   3.1236E+02   1.3615E+00   5.5685E+04   4.7457E+00
  47   2.5705E-03   2.7878E-08   8.1169E+04   3.3759E+02   1.2903E+00   5.6538E+04   4.7523E+00
  48   3.1338E-03   3.2751E-08   9.8947E+04   3.6973E+02   1.2267E+00   5.7068E+04   4.7564E+00
  49   3.8528E-03   3.8710E-08   1.2165E+05   4.1097E+02   1.1712E+00   5.7345E+04   4.7585E+00
  50   4.7810E-03   4.6061E-08   1.5094E+05   4.6429E+02   1.1241E+00   5.7454E+04   4.7593E+00
  51   5.9915E-03   5.5205E-08   1.8915E+05   5.3397E+02   1.0859E+00   5.7562E+04   4.7601E+00
  52   7.5821E-03   6.6620E-08   2.3936E+05   6.2603E+02   1.0563E+00   5.7875E+04   4.7625E+00
  53   9.6795E-03   8.0848E-08   3.0556E+05   7.4894E+02   1.0348E+00   5.8599E+04   4.7679E+00
  54   1.2448E-02   9.8488E-08   3.9296E+05   9.1484E+02   1.0199E+00   5.9918E+04   4.7776E+00
  55   1.6096E-02   1.2017E-07   5.0808E+05   1.1407E+03   1.0102E+00   6.1924E+04   4.7919E+00
  56   2.0879E-02   1.4653E-07   6.5901E+05   1.4499E+03   1.0044E+00   6.4649E+04   4.8106E+00
  57   2.7115E-02   1.7825E-07   8.5578E+05   1.8744E+03   1.0010E+00   6.8069E+04   4.8329E+00
  58   3.5207E-02   2.1614E-07   1.1111E+06   2.4576E+03   9.9940E-01   7.2067E+04   4.8577E+00
  59   4.5698E-02   2.6134E-07   1.4421E+06   3.2584E+03   9.9880E-01   7.6332E+04   4.8827E+00
  60   5.9384E-02   3.1577E-07   1.8738E+06   4.3564E+03   9.9888E-01   8.0229E+04   4.9043E+00
  61   7.7552E-02   3.8288E-07   2.4468E+06   5.8600E+03   9.9932E-01   8.2761E+04   4.9178E+00
  62   1.0242E-01   4.6901E-07   3.2313E+06   7.9190E+03   9.9983E-01   8.2781E+04   4.9179E+00
  63   1.3794E-01   5.8527E-07   4.3515E+06   1.0742E+04   1.0001E+00   7.9485E+04   4.9003E+00
  64   1.9094E-01   7.5018E-07   6.0238E+06   1.4612E+04   1.0001E+00   7.3023E+04   4.8635E+00
  65   2.7287E-01   9.9223E-07   8.6094E+06   1.9916E+04   9.9986E-01   6.4730E+04   4.8111E+00
  66   4.0177E-01   1.3516E-06   1.2678E+07   2.7183E+04   9.9936E-01   5.6382E+04   4.7511E+00
  67   6.0469E-01   1.8814E-06   1.9085E+07   3.7151E+04   9.9845E-01   4.9121E+04   4.6913E+00
  68   9.2082E-01   2.6485E-06   2.9068E+07   5.0827E+04   9.9677E-01   4.3260E+04   4.6361E+00
  69   1.4057E+00   3.7358E-06   4.4383E+07   6.9576E+04   9.9376E-01   3.8668E+04   4.5874E+00
  70   2.1367E+00   5.2440E-06   6.7475E+07   9.5241E+04   9.8868E-01   3.5107E+04   4.5454E+00
 before if(lfin) F

before psy0 - nfreqe,in       0       2       0       1       0       0       1

 =========  LINEARIZATION, ITER =           3

reint1.1.1.1.1.1.1.1.1.1.1.1.1.1.1.1.1.1.1.1.1.1.1.1.1.1.1.1.1.1.1.1.1.1.1.
     1.1.1.1.1.1.1.1.1.1.1.1.1.1.1.1.1.1.1.1.1.1.1.1.1.1.1.1.1.1.1.1.1.1.1.
redif0.0.0.0.0.0.0.0.0.0.0.0.0.0.0.0.0.0.0.0.0.0.0.0.0.0.0.0.0.0.0.0.0.0.0.
     0.1.1.1.1.1.1.1.1.1.1.1.1.1.1.1.1.1.1.1.1.1.1.1.1.1.1.1.1.1.1.1.1.1.1.
u -4.66E+04 -4.26E-05  1.09E+00  2.00E+00 -4.29E+04 -4.29E+04  5.83E+07  1.86E-08  5.17E-04  1.99E+00
 ===== end of RYBCHN in ITER           3
 conout imod,iprin           1           1


  ID    DM        TEMP      DELTA  DELTA(AD)  CON/TOT  RAD/TOT  (C+R)/TOT


   1 1.00E-07   9331.1  0.00E+00  0.00E+00  0.00E+00  0.00E+00  0.00E+00
   2 1.37E-07  10260.5  1.76E+01  0.00E+00  0.00E+00  0.00E+00  0.00E+00
   3 1.88E-07  10490.3  3.03E+00  0.00E+00  0.00E+00  0.00E+00  0.00E+00
   4 2.58E-07  10646.0  1.49E+00  0.00E+00  0.00E+00  0.00E+00  0.00E+00
   5 3.53E-07  10752.7  7.47E-01  0.00E+00  0.00E+00  0.00E+00  0.00E+00
   6 4.82E-07  10917.6  8.51E-01  0.00E+00  0.00E+00  0.00E+00  0.00E+00
   7 6.57E-07  11037.3  4.59E-01  0.00E+00  0.00E+00  0.00E+00  0.00E+00
   8 8.93E-07  11119.6  2.38E-01  0.00E+00  0.00E+00  0.00E+00  0.00E+00
   9 1.21E-06  11189.7  1.56E-01  0.00E+00  0.00E+00  0.00E+00  0.00E+00
  10 1.63E-06  11255.9  1.15E-01  0.00E+00  0.00E+00  0.00E+00  0.00E+00
  11 2.19E-06  11320.7  8.94E-02  0.00E+00  0.00E+00  0.00E+00  0.00E+00
  12 2.93E-06  11389.9  7.77E-02  0.00E+00  0.00E+00  0.00E+00  0.00E+00
  13 3.88E-06  11467.7  7.29E-02  0.00E+00  0.00E+00  0.00E+00  0.00E+00
  14 5.10E-06  11559.8  7.40E-02  0.00E+00  0.00E+00  0.00E+00  0.00E+00
  15 6.64E-06  11666.1  7.49E-02  0.00E+00  0.00E+00  0.00E+00  0.00E+00
  16 8.58E-06  11780.3  7.24E-02  0.00E+00  0.00E+00  0.00E+00  0.00E+00
  17 1.10E-05  11900.7  7.01E-02  0.00E+00  0.00E+00  0.00E+00  0.00E+00
  18 1.39E-05  12026.7  6.88E-02  0.00E+00  0.00E+00  0.00E+00  0.00E+00
  19 1.75E-05  12155.9  6.71E-02  0.00E+00  0.00E+00  0.00E+00  0.00E+00
  20 2.18E-05  12284.3  6.43E-02  0.00E+00  0.00E+00  0.00E+00  0.00E+00
  21 2.70E-05  12410.0  6.13E-02  0.00E+00  0.00E+00  0.00E+00  0.00E+00
  22 3.31E-05  12531.1  5.80E-02  0.00E+00  0.00E+00  0.00E+00  0.00E+00
  23 4.04E-05  12646.9  5.48E-02  0.00E+00  0.00E+00  0.00E+00  0.00E+00
  24 4.91E-05  12757.0  5.16E-02  0.00E+00  0.00E+00  0.00E+00  0.00E+00
  25 5.93E-05  12862.5  4.92E-02  0.00E+00  0.00E+00  0.00E+00  0.00E+00
  26 7.12E-05  12960.6  4.56E-02  0.00E+00  0.00E+00  0.00E+00  0.00E+00
  27 8.53E-05  13057.0  4.47E-02  0.00E+00  0.00E+00  0.00E+00  0.00E+00
  28 1.02E-04  13148.6  4.25E-02  0.00E+00  0.00E+00  0.00E+00  0.00E+00
  29 1.21E-04  13239.4  4.20E-02  0.00E+00  0.00E+00  0.00E+00  0.00E+00
  30 1.44E-04  13331.1  4.24E-02  0.00E+00  0.00E+00  0.00E+00  0.00E+00
  31 1.70E-04  13427.2  4.43E-02  0.00E+00  0.00E+00  0.00E+00  0.00E+00
  32 2.01E-04  13531.5  4.79E-02  1.91E-01  0.00E+00  0.00E+00  0.00E+00
  33 2.38E-04  13646.5  5.26E-02  1.89E-01  0.00E+00  0.00E+00  0.00E+00
  34 2.80E-04  13773.7  5.78E-02  1.88E-01  0.00E+00  0.00E+00  0.00E+00
  35 3.30E-04  13915.2  6.37E-02  1.88E-01  0.00E+00  0.00E+00  0.00E+00
  36 3.89E-04  14074.7  7.11E-02  1.88E-01  0.00E+00  0.00E+00  0.00E+00
  37 4.58E-04  14254.1  7.89E-02  1.91E-01  0.00E+00  0.00E+00  0.00E+00
  38 5.39E-04  14459.6  8.88E-02  1.94E-01  0.00E+00  0.00E+00  0.00E+00
  39 6.35E-04  14692.0  9.84E-02  1.99E-01  0.00E+00  0.00E+00  0.00E+00
  40 7.48E-04  14953.8  1.08E-01  2.06E-01  0.00E+00  0.00E+00  0.00E+00
  41 8.84E-04  15248.2  1.18E-01  2.14E-01  0.00E+00  0.00E+00  0.00E+00
  42 1.05E-03  15579.2  1.28E-01  2.25E-01  0.00E+00  0.00E+00  0.00E+00
  43 1.24E-03  15950.9  1.39E-01  2.37E-01  0.00E+00  0.00E+00  0.00E+00
  44 1.48E-03  16368.2  1.49E-01  2.52E-01  0.00E+00  0.00E+00  0.00E+00
  45 1.77E-03  16835.9  1.58E-01  2.66E-01  0.00E+00  0.00E+00  0.00E+00
  46 2.12E-03  17358.6  1.67E-01  2.82E-01  0.00E+00  0.00E+00  0.00E+00
  47 2.57E-03  17941.3  1.74E-01  2.98E-01  0.00E+00  0.00E+00  0.00E+00
  48 3.13E-03  18590.5  1.80E-01  3.15E-01  0.00E+00  0.00E+00  0.00E+00
  49 3.85E-03  19313.4  1.85E-01  3.30E-01  0.00E+00  0.00E+00  0.00E+00
  50 4.78E-03  20117.8  1.89E-01  3.44E-01  0.00E+00  0.00E+00  0.00E+00
  51 5.99E-03  21014.9  1.94E-01  3.56E-01  0.00E+00  0.00E+00  0.00E+00
  52 7.58E-03  22018.4  1.98E-01  3.66E-01  0.00E+00  0.00E+00  0.00E+00
  53 9.68E-03  23146.3  2.05E-01  3.74E-01  0.00E+00  0.00E+00  0.00E+00
  54 1.24E-02  24421.4  2.13E-01  3.81E-01  0.00E+00  0.00E+00  0.00E+00
  55 1.61E-02  25867.6  2.24E-01  3.86E-01  0.00E+00  0.00E+00  0.00E+00
  56 2.09E-02  27506.4  2.36E-01  3.90E-01  0.00E+00  0.00E+00  0.00E+00
  57 2.71E-02  29354.6  2.49E-01  3.93E-01  0.00E+00  0.00E+00  0.00E+00
  58 3.52E-02  31424.9  2.61E-01  3.95E-01  0.00E+00  0.00E+00  0.00E+00
  59 4.57E-02  33726.3  2.71E-01  3.97E-01  0.00E+00  0.00E+00  0.00E+00
  60 5.94E-02  36265.8  2.77E-01  3.98E-01  0.00E+00  0.00E+00  0.00E+00
  61 7.76E-02  39052.0  2.77E-01  3.98E-01  0.00E+00  0.00E+00  0.00E+00
  62 1.02E-01  42100.0  2.70E-01  3.99E-01  0.00E+00  0.00E+00  0.00E+00
  63 1.38E-01  45430.8  2.56E-01  3.99E-01  0.00E+00  0.00E+00  0.00E+00
  64 1.91E-01  49064.0  2.37E-01  3.99E-01  0.00E+00  0.00E+00  0.00E+00
  65 2.73E-01  53016.3  2.17E-01  4.00E-01  0.00E+00  0.00E+00  0.00E+00
  66 4.02E-01  57311.0  2.01E-01  4.00E-01  0.00E+00  0.00E+00  0.00E+00
  67 6.05E-01  61980.4  1.92E-01  4.00E-01  0.00E+00  0.00E+00  0.00E+00
  68 9.21E-01  67060.7  1.87E-01  4.00E-01  0.00E+00  0.00E+00  0.00E+00
  69 1.41E+00  72591.9  1.87E-01  4.00E-01  0.00E+00  0.00E+00  0.00E+00
  70 2.14E+00  78620.5  1.91E-01  4.00E-01  0.00E+00  0.00E+00  0.00E+00

convective zone between depths (inclusive)   0   0

 end rybsol

**********
 ITERATION:  4
**********

 before inilam
 after inilam
 after linsel
 NTRANS         136
 ilam           1
 after opaini in ilam           1
 after ratsp1i in ilam           1
 after newpop in ilam           1
 after output
 after radpre
 HMIX0  0.59999999999999998     
dad -6.1964E-20 -6.1964E-20 -1.0840E-16

 RYBHEQ in iter   4
   id      dm          dens        pgs0          pra          pradfc      grad        log grad

   1   1.0008E-07   2.0845E-12   3.1640E+00   2.1870E+02   1.1442E+01   7.6296E+03   3.8825E+00
   2   1.3735E-07   2.5895E-12   4.3424E+00   2.1870E+02   7.8263E+00   4.0020E+03   3.6023E+00
   3   1.8832E-07   3.4724E-12   5.9543E+00   2.1870E+02   7.1627E+00   1.4833E+03   3.1712E+00
   4   2.5794E-07   4.6870E-12   8.1557E+00   2.1870E+02   6.7529E+00   1.3027E+03   3.1148E+00
   5   3.5285E-07   6.3493E-12   1.1157E+01   2.1870E+02   6.4887E+00   1.2369E+03   3.0923E+00
   6   4.8191E-07   8.5414E-12   1.5238E+01   2.1870E+02   6.1055E+00   1.3248E+03   3.1221E+00
   7   6.5685E-07   1.1518E-11   2.0770E+01   2.1870E+02   5.8449E+00   1.2791E+03   3.1069E+00
   8   8.9298E-07   1.5549E-11   2.8236E+01   2.1870E+02   5.6738E+00   1.3094E+03   3.1171E+00
   9   1.2100E-06   2.0948E-11   3.8261E+01   2.1870E+02   5.5330E+00   1.4526E+03   3.1621E+00
  10   1.6328E-06   2.8119E-11   5.1630E+01   2.1870E+02   5.4039E+00   1.6803E+03   3.2254E+00
  11   2.1921E-06   3.7565E-11   6.9317E+01   2.1871E+02   5.2813E+00   1.9812E+03   3.2969E+00
  12   2.9253E-06   4.9868E-11   9.2500E+01   2.1871E+02   5.1541E+00   2.3519E+03   3.3714E+00
  13   3.8762E-06   6.5691E-11   1.2257E+02   2.1871E+02   5.0158E+00   2.7762E+03   3.4434E+00
  14   5.0957E-06   8.5748E-11   1.6113E+02   2.1871E+02   4.8578E+00   3.2360E+03   3.5100E+00
  15   6.6414E-06   1.1083E-10   2.1000E+02   2.1872E+02   4.6834E+00   3.7093E+03   3.5693E+00
  16   8.5778E-06   1.4187E-10   2.7123E+02   2.1873E+02   4.5045E+00   4.1903E+03   3.6222E+00
  17   1.0977E-05   1.7986E-10   3.4709E+02   2.1874E+02   4.3253E+00   4.6941E+03   3.6716E+00
  18   1.3920E-05   2.2584E-10   4.4014E+02   2.1875E+02   4.1471E+00   5.2155E+03   3.7173E+00
  19   1.7498E-05   2.8104E-10   5.5325E+02   2.1877E+02   3.9740E+00   5.7365E+03   3.7586E+00
  20   2.1812E-05   3.4689E-10   6.8967E+02   2.1880E+02   3.8108E+00   6.2567E+03   3.7963E+00
  21   2.6982E-05   4.2502E-10   8.5310E+02   2.1884E+02   3.6594E+00   6.7847E+03   3.8315E+00
  22   3.3141E-05   5.1736E-10   1.0478E+03   2.1888E+02   3.5207E+00   7.3312E+03   3.8652E+00
  23   4.0447E-05   6.2611E-10   1.2788E+03   2.1894E+02   3.3944E+00   7.9209E+03   3.8988E+00
  24   4.9084E-05   7.5389E-10   1.5519E+03   2.1901E+02   3.2799E+00   8.5961E+03   3.9343E+00
  25   5.9265E-05   9.0363E-10   1.8737E+03   2.1911E+02   3.1750E+00   9.3827E+03   3.9723E+00
  26   7.1240E-05   1.0792E-09   2.2523E+03   2.1923E+02   3.0816E+00   1.0285E+04   4.0122E+00
  27   8.5301E-05   1.2841E-09   2.6968E+03   2.1939E+02   2.9938E+00   1.1376E+04   4.0560E+00
  28   1.0179E-04   1.5236E-09   3.2180E+03   2.1960E+02   2.9140E+00   1.2617E+04   4.1010E+00
  29   1.2111E-04   1.8028E-09   3.8287E+03   2.1987E+02   2.8384E+00   1.4073E+04   4.1484E+00
  30   1.4374E-04   2.1279E-09   4.5439E+03   2.2023E+02   2.7655E+00   1.5742E+04   4.1971E+00
  31   1.7023E-04   2.5055E-09   5.3812E+03   2.2070E+02   2.6930E+00   1.7644E+04   4.2466E+00
  32   2.0125E-04   2.9429E-09   6.3615E+03   2.2131E+02   2.6182E+00   1.9771E+04   4.2960E+00
  33   2.3758E-04   3.4484E-09   7.5094E+03   2.2211E+02   2.5402E+00   2.2101E+04   4.3444E+00
  34   2.8014E-04   4.0318E-09   8.8544E+03   2.2316E+02   2.4592E+00   2.4619E+04   4.3913E+00
  35   3.3005E-04   4.7042E-09   1.0431E+04   2.2452E+02   2.3751E+00   2.7327E+04   4.4366E+00
  36   3.8865E-04   5.4771E-09   1.2283E+04   2.2629E+02   2.2872E+00   3.0210E+04   4.4801E+00
  37   4.5755E-04   6.3650E-09   1.4459E+04   2.2858E+02   2.1962E+00   3.3220E+04   4.5214E+00
  38   5.3874E-04   7.3820E-09   1.7024E+04   2.3153E+02   2.1007E+00   3.6328E+04   4.5602E+00
  39   6.3469E-04   8.5484E-09   2.0054E+04   2.3531E+02   2.0031E+00   3.9420E+04   4.5957E+00
  40   7.4843E-04   9.8880E-09   2.3646E+04   2.4015E+02   1.9048E+00   4.2466E+04   4.6280E+00
  41   8.8385E-04   1.1430E-08   2.7922E+04   2.4629E+02   1.8070E+00   4.5406E+04   4.6571E+00
  42   1.0459E-03   1.3210E-08   3.3038E+04   2.5410E+02   1.7108E+00   4.8157E+04   4.6827E+00
  43   1.2410E-03   1.5274E-08   3.9198E+04   2.6397E+02   1.6173E+00   5.0631E+04   4.7044E+00
  44   1.4776E-03   1.7682E-08   4.6667E+04   2.7646E+02   1.5276E+00   5.2765E+04   4.7223E+00
  45   1.7669E-03   2.0511E-08   5.5802E+04   2.9223E+02   1.4426E+00   5.4486E+04   4.7363E+00
  46   2.1244E-03   2.3868E-08   6.7085E+04   3.1216E+02   1.3636E+00   5.5758E+04   4.7463E+00
  47   2.5705E-03   2.7890E-08   8.1169E+04   3.3742E+02   1.2916E+00   5.6625E+04   4.7530E+00
  48   3.1338E-03   3.2759E-08   9.8947E+04   3.6961E+02   1.2273E+00   5.7147E+04   4.7570E+00
  49   3.8528E-03   3.8713E-08   1.2165E+05   4.1088E+02   1.1713E+00   5.7400E+04   4.7589E+00
  50   4.7810E-03   4.6063E-08   1.5094E+05   4.6423E+02   1.1241E+00   5.7479E+04   4.7595E+00
  51   5.9915E-03   5.5206E-08   1.8915E+05   5.3391E+02   1.0858E+00   5.7564E+04   4.7602E+00
  52   7.5821E-03   6.6622E-08   2.3936E+05   6.2595E+02   1.0563E+00   5.7863E+04   4.7624E+00
  53   9.6795E-03   8.0852E-08   3.0556E+05   7.4882E+02   1.0347E+00   5.8580E+04   4.7678E+00
  54   1.2448E-02   9.8494E-08   3.9296E+05   9.1466E+02   1.0199E+00   5.9897E+04   4.7774E+00
  55   1.6096E-02   1.2018E-07   5.0808E+05   1.1405E+03   1.0103E+00   6.1907E+04   4.7917E+00
  56   2.0879E-02   1.4654E-07   6.5901E+05   1.4496E+03   1.0044E+00   6.4638E+04   4.8105E+00
  57   2.7115E-02   1.7826E-07   8.5578E+05   1.8741E+03   1.0011E+00   6.8067E+04   4.8329E+00
  58   3.5207E-02   2.1615E-07   1.1111E+06   2.4573E+03   9.9940E-01   7.2073E+04   4.8578E+00
  59   4.5698E-02   2.6135E-07   1.4421E+06   3.2582E+03   9.9880E-01   7.6341E+04   4.8828E+00
  60   5.9384E-02   3.1577E-07   1.8738E+06   4.3564E+03   9.9888E-01   8.0239E+04   4.9044E+00
  61   7.7552E-02   3.8288E-07   2.4468E+06   5.8601E+03   9.9932E-01   8.2767E+04   4.9179E+00
  62   1.0242E-01   4.6900E-07   3.2313E+06   7.9192E+03   9.9983E-01   8.2784E+04   4.9179E+00
  63   1.3794E-01   5.8526E-07   4.3515E+06   1.0742E+04   1.0001E+00   7.9486E+04   4.9003E+00
  64   1.9094E-01   7.5017E-07   6.0238E+06   1.4613E+04   1.0001E+00   7.3023E+04   4.8635E+00
  65   2.7287E-01   9.9223E-07   8.6094E+06   1.9916E+04   9.9986E-01   6.4730E+04   4.8111E+00
  66   4.0177E-01   1.3516E-06   1.2678E+07   2.7183E+04   9.9936E-01   5.6381E+04   4.7511E+00
  67   6.0469E-01   1.8814E-06   1.9085E+07   3.7151E+04   9.9845E-01   4.9121E+04   4.6913E+00
  68   9.2082E-01   2.6485E-06   2.9068E+07   5.0827E+04   9.9677E-01   4.3259E+04   4.6361E+00
  69   1.4057E+00   3.7358E-06   4.4383E+07   6.9576E+04   9.9376E-01   3.8668E+04   4.5874E+00
  70   2.1367E+00   5.2440E-06   6.7475E+07   9.5241E+04   9.8868E-01   3.5107E+04   4.5454E+00
 before if(lfin) F

before psy0 - nfreqe,in       0       2       0       1       0       0       1

 =========  LINEARIZATION, ITER =           4

reint1.1.1.1.1.1.1.1.1.1.1.1.1.1.1.1.1.1.1.1.1.1.1.1.1.1.1.1.1.1.1.1.1.1.1.
     1.1.1.1.1.1.1.1.1.1.1.1.1.1.1.1.1.1.1.1.1.1.1.1.1.1.1.1.1.1.1.1.1.1.1.
redif0.0.0.0.0.0.0.0.0.0.0.0.0.0.0.0.0.0.0.0.0.0.0.0.0.0.0.0.0.0.0.0.0.0.0.
     0.1.1.1.1.1.1.1.1.1.1.1.1.1.1.1.1.1.1.1.1.1.1.1.1.1.1.1.1.1.1.1.1.1.1.
u -4.14E+04 -4.65E-05  1.02E+00  2.00E+00 -4.04E+04 -4.04E+04  5.49E+07  1.86E-08  4.61E-04  1.93E+00
 ===== end of RYBCHN in ITER           4
 conout imod,iprin           1           1


  ID    DM        TEMP      DELTA  DELTA(AD)  CON/TOT  RAD/TOT  (C+R)/TOT


   1 1.00E-07   9713.9  0.00E+00  0.00E+00  0.00E+00  0.00E+00  0.00E+00
   2 1.37E-07  10397.3  1.26E+01  0.00E+00  0.00E+00  0.00E+00  0.00E+00
   3 1.88E-07  10580.7  2.39E+00  0.00E+00  0.00E+00  0.00E+00  0.00E+00
   4 2.58E-07  10724.0  1.36E+00  0.00E+00  0.00E+00  0.00E+00  0.00E+00
   5 3.53E-07  10845.5  8.43E-01  0.00E+00  0.00E+00  0.00E+00  0.00E+00
   6 4.82E-07  10962.1  5.98E-01  0.00E+00  0.00E+00  0.00E+00  0.00E+00
   7 6.57E-07  11060.6  3.77E-01  0.00E+00  0.00E+00  0.00E+00  0.00E+00
   8 8.93E-07  11141.5  2.34E-01  0.00E+00  0.00E+00  0.00E+00  0.00E+00
   9 1.21E-06  11209.5  1.51E-01  0.00E+00  0.00E+00  0.00E+00  0.00E+00
  10 1.63E-06  11271.5  1.07E-01  0.00E+00  0.00E+00  0.00E+00  0.00E+00
  11 2.19E-06  11335.5  8.81E-02  0.00E+00  0.00E+00  0.00E+00  0.00E+00
  12 2.93E-06  11407.2  8.05E-02  0.00E+00  0.00E+00  0.00E+00  0.00E+00
  13 3.88E-06  11489.3  7.68E-02  0.00E+00  0.00E+00  0.00E+00  0.00E+00
  14 5.10E-06  11582.2  7.45E-02  0.00E+00  0.00E+00  0.00E+00  0.00E+00
  15 6.64E-06  11684.2  7.18E-02  0.00E+00  0.00E+00  0.00E+00  0.00E+00
  16 8.58E-06  11793.1  6.89E-02  0.00E+00  0.00E+00  0.00E+00  0.00E+00
  17 1.10E-05  11908.1  6.70E-02  0.00E+00  0.00E+00  0.00E+00  0.00E+00
  18 1.39E-05  12029.0  6.60E-02  0.00E+00  0.00E+00  0.00E+00  0.00E+00
  19 1.75E-05  12154.2  6.50E-02  0.00E+00  0.00E+00  0.00E+00  0.00E+00
  20 2.18E-05  12281.2  6.36E-02  0.00E+00  0.00E+00  0.00E+00  0.00E+00
  21 2.70E-05  12407.6  6.17E-02  0.00E+00  0.00E+00  0.00E+00  0.00E+00
  22 3.31E-05  12531.1  5.91E-02  0.00E+00  0.00E+00  0.00E+00  0.00E+00
  23 4.04E-05  12649.5  5.60E-02  0.00E+00  0.00E+00  0.00E+00  0.00E+00
  24 4.91E-05  12761.1  5.23E-02  0.00E+00  0.00E+00  0.00E+00  0.00E+00
  25 5.93E-05  12867.0  4.94E-02  0.00E+00  0.00E+00  0.00E+00  0.00E+00
  26 7.12E-05  12966.2  4.61E-02  0.00E+00  0.00E+00  0.00E+00  0.00E+00
  27 8.53E-05  13060.6  4.38E-02  0.00E+00  0.00E+00  0.00E+00  0.00E+00
  28 1.02E-04  13151.6  4.22E-02  0.00E+00  0.00E+00  0.00E+00  0.00E+00
  29 1.21E-04  13242.0  4.18E-02  0.00E+00  0.00E+00  0.00E+00  0.00E+00
  30 1.44E-04  13333.8  4.24E-02  0.00E+00  0.00E+00  0.00E+00  0.00E+00
  31 1.70E-04  13430.1  4.44E-02  0.00E+00  0.00E+00  0.00E+00  0.00E+00
  32 2.01E-04  13534.4  4.79E-02  1.91E-01  0.00E+00  0.00E+00  0.00E+00
  33 2.38E-04  13649.1  5.24E-02  1.89E-01  0.00E+00  0.00E+00  0.00E+00
  34 2.80E-04  13776.1  5.77E-02  1.88E-01  0.00E+00  0.00E+00  0.00E+00
  35 3.30E-04  13918.2  6.40E-02  1.88E-01  0.00E+00  0.00E+00  0.00E+00
  36 3.89E-04  14078.4  7.14E-02  1.89E-01  0.00E+00  0.00E+00  0.00E+00
  37 4.58E-04  14258.0  7.89E-02  1.91E-01  0.00E+00  0.00E+00  0.00E+00
  38 5.39E-04  14463.0  8.86E-02  1.94E-01  0.00E+00  0.00E+00  0.00E+00
  39 6.35E-04  14694.4  9.80E-02  1.99E-01  0.00E+00  0.00E+00  0.00E+00
  40 7.48E-04  14955.1  1.08E-01  2.06E-01  0.00E+00  0.00E+00  0.00E+00
  41 8.84E-04  15248.3  1.18E-01  2.14E-01  0.00E+00  0.00E+00  0.00E+00
  42 1.05E-03  15578.3  1.28E-01  2.25E-01  0.00E+00  0.00E+00  0.00E+00
  43 1.24E-03  15949.3  1.38E-01  2.37E-01  0.00E+00  0.00E+00  0.00E+00
  44 1.48E-03  16366.1  1.49E-01  2.52E-01  0.00E+00  0.00E+00  0.00E+00
  45 1.77E-03  16833.8  1.58E-01  2.66E-01  0.00E+00  0.00E+00  0.00E+00
  46 2.12E-03  17356.8  1.67E-01  2.82E-01  0.00E+00  0.00E+00  0.00E+00
  47 2.57E-03  17940.1  1.74E-01  2.98E-01  0.00E+00  0.00E+00  0.00E+00
  48 3.13E-03  18589.9  1.80E-01  3.15E-01  0.00E+00  0.00E+00  0.00E+00
  49 3.85E-03  19313.2  1.85E-01  3.30E-01  0.00E+00  0.00E+00  0.00E+00
  50 4.78E-03  20117.9  1.89E-01  3.44E-01  0.00E+00  0.00E+00  0.00E+00
  51 5.99E-03  21015.0  1.94E-01  3.56E-01  0.00E+00  0.00E+00  0.00E+00
  52 7.58E-03  22018.5  1.98E-01  3.66E-01  0.00E+00  0.00E+00  0.00E+00
  53 9.68E-03  23146.3  2.05E-01  3.74E-01  0.00E+00  0.00E+00  0.00E+00
  54 1.24E-02  24421.4  2.13E-01  3.81E-01  0.00E+00  0.00E+00  0.00E+00
  55 1.61E-02  25867.5  2.24E-01  3.86E-01  0.00E+00  0.00E+00  0.00E+00
  56 2.09E-02  27506.3  2.36E-01  3.90E-01  0.00E+00  0.00E+00  0.00E+00
  57 2.71E-02  29354.5  2.49E-01  3.93E-01  0.00E+00  0.00E+00  0.00E+00
  58 3.52E-02  31424.9  2.61E-01  3.95E-01  0.00E+00  0.00E+00  0.00E+00
  59 4.57E-02  33726.3  2.71E-01  3.97E-01  0.00E+00  0.00E+00  0.00E+00
  60 5.94E-02  36265.8  2.77E-01  3.98E-01  0.00E+00  0.00E+00  0.00E+00
  61 7.76E-02  39052.0  2.77E-01  3.98E-01  0.00E+00  0.00E+00  0.00E+00
  62 1.02E-01  42100.0  2.70E-01  3.99E-01  0.00E+00  0.00E+00  0.00E+00
  63 1.38E-01  45430.8  2.56E-01  3.99E-01  0.00E+00  0.00E+00  0.00E+00
  64 1.91E-01  49064.0  2.37E-01  3.99E-01  0.00E+00  0.00E+00  0.00E+00
  65 2.73E-01  53016.3  2.17E-01  4.00E-01  0.00E+00  0.00E+00  0.00E+00
  66 4.02E-01  57311.0  2.01E-01  4.00E-01  0.00E+00  0.00E+00  0.00E+00
  67 6.05E-01  61980.4  1.92E-01  4.00E-01  0.00E+00  0.00E+00  0.00E+00
  68 9.21E-01  67060.7  1.87E-01  4.00E-01  0.00E+00  0.00E+00  0.00E+00
  69 1.41E+00  72591.9  1.87E-01  4.00E-01  0.00E+00  0.00E+00  0.00E+00
  70 2.14E+00  78620.5  1.91E-01  4.00E-01  0.00E+00  0.00E+00  0.00E+00

convective zone between depths (inclusive)   0   0

 end rybsol

**********
 ITERATION:  5
**********

 before inilam
 after inilam
 after linsel
 NTRANS         136
 ilam           1
 after opaini in ilam           1
 after ratsp1i in ilam           1
 after newpop in ilam           1
 after output
 after radpre
 HMIX0  0.59999999999999998     
dad -5.9192E-20 -5.9192E-20 -9.6293E-17

 RYBHEQ in iter   5
   id      dm          dens        pgs0          pra          pradfc      grad        log grad

   1   1.0008E-07   1.9955E-12   3.1642E+00   2.1869E+02   9.7414E+00   4.9848E+03   3.6976E+00
   2   1.3735E-07   2.5543E-12   4.3427E+00   2.1869E+02   7.4219E+00   2.9452E+03   3.4691E+00
   3   1.8832E-07   3.4418E-12   5.9546E+00   2.1869E+02   6.9207E+00   1.4283E+03   3.1548E+00
   4   2.5794E-07   4.6517E-12   8.1560E+00   2.1869E+02   6.5580E+00   1.2800E+03   3.1072E+00
   5   3.5285E-07   6.2932E-12   1.1157E+01   2.1869E+02   6.2690E+00   1.2195E+03   3.0862E+00
   6   4.8191E-07   8.5055E-12   1.5238E+01   2.1869E+02   6.0066E+00   1.2173E+03   3.0854E+00
   7   6.5685E-07   1.1493E-11   2.0770E+01   2.1869E+02   5.7954E+00   1.2309E+03   3.0902E+00
   8   8.9298E-07   1.5517E-11   2.8237E+01   2.1869E+02   5.6291E+00   1.2968E+03   3.1129E+00
   9   1.2100E-06   2.0909E-11   3.8261E+01   2.1869E+02   5.4937E+00   1.4380E+03   3.1578E+00
  10   1.6328E-06   2.8078E-11   5.1630E+01   2.1869E+02   5.3738E+00   1.6639E+03   3.2211E+00
  11   2.1921E-06   3.7513E-11   6.9318E+01   2.1869E+02   5.2535E+00   1.9703E+03   3.2945E+00
  12   2.9253E-06   4.9785E-11   9.2501E+01   2.1869E+02   5.1226E+00   2.3400E+03   3.3692E+00
  13   3.8762E-06   6.5556E-11   1.2257E+02   2.1870E+02   4.9778E+00   2.7534E+03   3.4399E+00
  14   5.0957E-06   8.5564E-11   1.6113E+02   2.1870E+02   4.8201E+00   3.1959E+03   3.5046E+00
  15   6.6414E-06   1.1064E-10   2.1000E+02   2.1871E+02   4.6541E+00   3.6597E+03   3.5634E+00
  16   8.5778E-06   1.4170E-10   2.7123E+02   2.1871E+02   4.4848E+00   4.1441E+03   3.6174E+00
  17   1.0977E-05   1.7973E-10   3.4709E+02   2.1873E+02   4.3142E+00   4.6560E+03   3.6680E+00
  18   1.3920E-05   2.2579E-10   4.4014E+02   2.1874E+02   4.1436E+00   5.1880E+03   3.7150E+00
  19   1.7498E-05   2.8108E-10   5.5325E+02   2.1876E+02   3.9759E+00   5.7231E+03   3.7576E+00
  20   2.1812E-05   3.4699E-10   6.8967E+02   2.1879E+02   3.8145E+00   6.2595E+03   3.7965E+00
  21   2.6982E-05   4.2512E-10   8.5310E+02   2.1882E+02   3.6620E+00   6.8010E+03   3.8326E+00
  22   3.3141E-05   5.1736E-10   1.0478E+03   2.1887E+02   3.5205E+00   7.3557E+03   3.8666E+00
  23   4.0447E-05   6.2596E-10   1.2788E+03   2.1893E+02   3.3914E+00   7.9455E+03   3.9001E+00
  24   4.9084E-05   7.5359E-10   1.5519E+03   2.1900E+02   3.2754E+00   8.6116E+03   3.9351E+00
  25   5.9265E-05   9.0324E-10   1.8737E+03   2.1910E+02   3.1703E+00   9.3864E+03   3.9725E+00
  26   7.1240E-05   1.0786E-09   2.2523E+03   2.1922E+02   3.0761E+00   1.0284E+04   4.0122E+00
  27   8.5301E-05   1.2836E-09   2.6968E+03   2.1938E+02   2.9903E+00   1.1350E+04   4.0550E+00
  28   1.0179E-04   1.5232E-09   3.2180E+03   2.1959E+02   2.9112E+00   1.2602E+04   4.1004E+00
  29   1.2111E-04   1.8024E-09   3.8287E+03   2.1986E+02   2.8360E+00   1.4061E+04   4.1480E+00
  30   1.4374E-04   2.1273E-09   4.5439E+03   2.2021E+02   2.7632E+00   1.5734E+04   4.1968E+00
  31   1.7023E-04   2.5048E-09   5.3812E+03   2.2068E+02   2.6905E+00   1.7636E+04   4.2464E+00
  32   2.0125E-04   2.9420E-09   6.3615E+03   2.2130E+02   2.6157E+00   1.9759E+04   4.2958E+00
  33   2.3758E-04   3.4475E-09   7.5094E+03   2.2210E+02   2.5381E+00   2.2084E+04   4.3441E+00
  34   2.8014E-04   4.0309E-09   8.8544E+03   2.2314E+02   2.4573E+00   2.4604E+04   4.3910E+00
  35   3.3005E-04   4.7028E-09   1.0431E+04   2.2451E+02   2.3729E+00   2.7314E+04   4.4364E+00
  36   3.8865E-04   5.4752E-09   1.2283E+04   2.2628E+02   2.2845E+00   3.0192E+04   4.4799E+00
  37   4.5755E-04   6.3627E-09   1.4459E+04   2.2856E+02   2.1936E+00   3.3189E+04   4.5210E+00
  38   5.3874E-04   7.3798E-09   1.7024E+04   2.3151E+02   2.0985E+00   3.6288E+04   4.5598E+00
  39   6.3469E-04   8.5467E-09   2.0054E+04   2.3529E+02   2.0015E+00   3.9378E+04   4.5953E+00
  40   7.4843E-04   9.8871E-09   2.3646E+04   2.4011E+02   1.9039E+00   4.2429E+04   4.6277E+00
  41   8.8385E-04   1.1430E-08   2.7922E+04   2.4626E+02   1.8067E+00   4.5377E+04   4.6568E+00
  42   1.0459E-03   1.3211E-08   3.3038E+04   2.5406E+02   1.7109E+00   4.8138E+04   4.6825E+00
  43   1.2410E-03   1.5276E-08   3.9198E+04   2.6393E+02   1.6177E+00   5.0622E+04   4.7043E+00
  44   1.4776E-03   1.7684E-08   4.6667E+04   2.7642E+02   1.5281E+00   5.2766E+04   4.7224E+00
  45   1.7669E-03   2.0514E-08   5.5802E+04   2.9219E+02   1.4431E+00   5.4496E+04   4.7364E+00
  46   2.1244E-03   2.3871E-08   6.7085E+04   3.1212E+02   1.3640E+00   5.5774E+04   4.7464E+00
  47   2.5705E-03   2.7892E-08   8.1169E+04   3.3740E+02   1.2919E+00   5.6643E+04   4.7531E+00
  48   3.1338E-03   3.2760E-08   9.8947E+04   3.6959E+02   1.2274E+00   5.7163E+04   4.7571E+00
  49   3.8528E-03   3.8714E-08   1.2165E+05   4.1088E+02   1.1713E+00   5.7412E+04   4.7590E+00
  50   4.7810E-03   4.6063E-08   1.5094E+05   4.6423E+02   1.1240E+00   5.7486E+04   4.7596E+00
  51   5.9915E-03   5.5206E-08   1.8915E+05   5.3392E+02   1.0857E+00   5.7566E+04   4.7602E+00
  52   7.5821E-03   6.6622E-08   2.3936E+05   6.2595E+02   1.0562E+00   5.7862E+04   4.7624E+00
  53   9.6795E-03   8.0852E-08   3.0556E+05   7.4881E+02   1.0347E+00   5.8578E+04   4.7677E+00
  54   1.2448E-02   9.8494E-08   3.9296E+05   9.1466E+02   1.0199E+00   5.9895E+04   4.7774E+00
  55   1.6096E-02   1.2018E-07   5.0808E+05   1.1405E+03   1.0103E+00   6.1905E+04   4.7917E+00
  56   2.0879E-02   1.4654E-07   6.5901E+05   1.4496E+03   1.0044E+00   6.4638E+04   4.8105E+00
  57   2.7115E-02   1.7826E-07   8.5578E+05   1.8741E+03   1.0011E+00   6.8068E+04   4.8329E+00
  58   3.5207E-02   2.1615E-07   1.1111E+06   2.4573E+03   9.9940E-01   7.2074E+04   4.8578E+00
  59   4.5698E-02   2.6135E-07   1.4421E+06   3.2582E+03   9.9880E-01   7.6342E+04   4.8828E+00
  60   5.9384E-02   3.1577E-07   1.8738E+06   4.3564E+03   9.9888E-01   8.0239E+04   4.9044E+00
  61   7.7552E-02   3.8288E-07   2.4468E+06   5.8601E+03   9.9932E-01   8.2767E+04   4.9179E+00
  62   1.0242E-01   4.6900E-07   3.2313E+06   7.9192E+03   9.9983E-01   8.2784E+04   4.9179E+00
  63   1.3794E-01   5.8526E-07   4.3515E+06   1.0742E+04   1.0001E+00   7.9486E+04   4.9003E+00
  64   1.9094E-01   7.5017E-07   6.0238E+06   1.4613E+04   1.0001E+00   7.3023E+04   4.8635E+00
  65   2.7287E-01   9.9223E-07   8.6094E+06   1.9916E+04   9.9986E-01   6.4730E+04   4.8111E+00
  66   4.0177E-01   1.3516E-06   1.2678E+07   2.7183E+04   9.9936E-01   5.6381E+04   4.7511E+00
  67   6.0469E-01   1.8814E-06   1.9085E+07   3.7151E+04   9.9845E-01   4.9121E+04   4.6913E+00
  68   9.2082E-01   2.6485E-06   2.9068E+07   5.0827E+04   9.9677E-01   4.3259E+04   4.6361E+00
  69   1.4057E+00   3.7358E-06   4.4383E+07   6.9576E+04   9.9376E-01   3.8668E+04   4.5874E+00
  70   2.1367E+00   5.2440E-06   6.7475E+07   9.5241E+04   9.8868E-01   3.5107E+04   4.5454E+00
 before if(lfin) F

before psy0 - nfreqe,in       0       2       0       1       0       0       1

 =========  LINEARIZATION, ITER =           5

reint1.1.1.1.1.1.1.1.1.1.1.1.1.1.1.1.1.1.1.1.1.1.1.1.1.1.1.1.1.1.1.1.1.1.1.
     1.1.1.1.1.1.1.1.1.1.1.1.1.1.1.1.1.1.1.1.1.1.1.1.1.1.1.1.1.1.1.1.1.1.1.
redif0.0.0.0.0.0.0.0.0.0.0.0.0.0.0.0.0.0.0.0.0.0.0.0.0.0.0.0.0.0.0.0.0.0.0.
     0.1.1.1.1.1.1.1.1.1.1.1.1.1.1.1.1.1.1.1.1.1.1.1.1.1.1.1.1.1.1.1.1.1.1.
u -4.40E+04 -4.22E-05  1.06E+00  2.00E+00 -4.17E+04 -4.17E+04  5.66E+07  1.86E-08  4.85E-04  1.86E+00
 ===== end of RYBCHN in ITER           5
 conout imod,iprin           1           1


  ID    DM        TEMP      DELTA  DELTA(AD)  CON/TOT  RAD/TOT  (C+R)/TOT


   1 1.00E-07   9806.0  0.00E+00  0.00E+00  0.00E+00  0.00E+00  0.00E+00
   2 1.37E-07  10372.9  1.04E+01  0.00E+00  0.00E+00  0.00E+00  0.00E+00
   3 1.88E-07  10567.7  2.54E+00  0.00E+00  0.00E+00  0.00E+00  0.00E+00
   4 2.58E-07  10719.0  1.43E+00  0.00E+00  0.00E+00  0.00E+00  0.00E+00
   5 3.53E-07  10847.7  8.93E-01  0.00E+00  0.00E+00  0.00E+00  0.00E+00
   6 4.82E-07  10961.3  5.82E-01  0.00E+00  0.00E+00  0.00E+00  0.00E+00
   7 6.57E-07  11059.5  3.76E-01  0.00E+00  0.00E+00  0.00E+00  0.00E+00
   8 8.93E-07  11141.6  2.37E-01  0.00E+00  0.00E+00  0.00E+00  0.00E+00
   9 1.21E-06  11210.4  1.52E-01  0.00E+00  0.00E+00  0.00E+00  0.00E+00
  10 1.63E-06  11272.5  1.08E-01  0.00E+00  0.00E+00  0.00E+00  0.00E+00
  11 2.19E-06  11336.7  8.84E-02  0.00E+00  0.00E+00  0.00E+00  0.00E+00
  12 2.93E-06  11408.7  8.08E-02  0.00E+00  0.00E+00  0.00E+00  0.00E+00
  13 3.88E-06  11491.1  7.71E-02  0.00E+00  0.00E+00  0.00E+00  0.00E+00
  14 5.10E-06  11584.1  7.45E-02  0.00E+00  0.00E+00  0.00E+00  0.00E+00
  15 6.64E-06  11685.8  7.15E-02  0.00E+00  0.00E+00  0.00E+00  0.00E+00
  16 8.58E-06  11794.2  6.86E-02  0.00E+00  0.00E+00  0.00E+00  0.00E+00
  17 1.10E-05  11908.6  6.66E-02  0.00E+00  0.00E+00  0.00E+00  0.00E+00
  18 1.39E-05  12028.8  6.56E-02  0.00E+00  0.00E+00  0.00E+00  0.00E+00
  19 1.75E-05  12153.4  6.47E-02  0.00E+00  0.00E+00  0.00E+00  0.00E+00
  20 2.18E-05  12280.2  6.35E-02  0.00E+00  0.00E+00  0.00E+00  0.00E+00
  21 2.70E-05  12406.9  6.18E-02  0.00E+00  0.00E+00  0.00E+00  0.00E+00
  22 3.31E-05  12530.8  5.93E-02  0.00E+00  0.00E+00  0.00E+00  0.00E+00
  23 4.04E-05  12649.6  5.62E-02  0.00E+00  0.00E+00  0.00E+00  0.00E+00
  24 4.91E-05  12761.4  5.24E-02  0.00E+00  0.00E+00  0.00E+00  0.00E+00
  25 5.93E-05  12867.2  4.93E-02  0.00E+00  0.00E+00  0.00E+00  0.00E+00
  26 7.12E-05  12966.5  4.62E-02  0.00E+00  0.00E+00  0.00E+00  0.00E+00
  27 8.53E-05  13060.7  4.37E-02  0.00E+00  0.00E+00  0.00E+00  0.00E+00
  28 1.02E-04  13151.7  4.22E-02  0.00E+00  0.00E+00  0.00E+00  0.00E+00
  29 1.21E-04  13242.1  4.18E-02  0.00E+00  0.00E+00  0.00E+00  0.00E+00
  30 1.44E-04  13333.9  4.24E-02  0.00E+00  0.00E+00  0.00E+00  0.00E+00
  31 1.70E-04  13430.2  4.44E-02  0.00E+00  0.00E+00  0.00E+00  0.00E+00
  32 2.01E-04  13534.6  4.79E-02  1.91E-01  0.00E+00  0.00E+00  0.00E+00
  33 2.38E-04  13649.2  5.24E-02  1.89E-01  0.00E+00  0.00E+00  0.00E+00
  34 2.80E-04  13776.3  5.77E-02  1.88E-01  0.00E+00  0.00E+00  0.00E+00
  35 3.30E-04  13918.3  6.40E-02  1.88E-01  0.00E+00  0.00E+00  0.00E+00
  36 3.89E-04  14078.6  7.14E-02  1.89E-01  0.00E+00  0.00E+00  0.00E+00
  37 4.58E-04  14258.1  7.89E-02  1.91E-01  0.00E+00  0.00E+00  0.00E+00
  38 5.39E-04  14463.1  8.86E-02  1.94E-01  0.00E+00  0.00E+00  0.00E+00
  39 6.35E-04  14694.5  9.80E-02  1.99E-01  0.00E+00  0.00E+00  0.00E+00
  40 7.48E-04  14955.1  1.08E-01  2.06E-01  0.00E+00  0.00E+00  0.00E+00
  41 8.84E-04  15248.3  1.18E-01  2.14E-01  0.00E+00  0.00E+00  0.00E+00
  42 1.05E-03  15578.2  1.28E-01  2.25E-01  0.00E+00  0.00E+00  0.00E+00
  43 1.24E-03  15949.1  1.38E-01  2.37E-01  0.00E+00  0.00E+00  0.00E+00
  44 1.48E-03  16365.8  1.49E-01  2.52E-01  0.00E+00  0.00E+00  0.00E+00
  45 1.77E-03  16833.5  1.58E-01  2.66E-01  0.00E+00  0.00E+00  0.00E+00
  46 2.12E-03  17356.6  1.67E-01  2.82E-01  0.00E+00  0.00E+00  0.00E+00
  47 2.57E-03  17940.0  1.74E-01  2.98E-01  0.00E+00  0.00E+00  0.00E+00
  48 3.13E-03  18589.9  1.80E-01  3.15E-01  0.00E+00  0.00E+00  0.00E+00
  49 3.85E-03  19313.2  1.85E-01  3.30E-01  0.00E+00  0.00E+00  0.00E+00
  50 4.78E-03  20117.9  1.89E-01  3.44E-01  0.00E+00  0.00E+00  0.00E+00
  51 5.99E-03  21015.1  1.94E-01  3.56E-01  0.00E+00  0.00E+00  0.00E+00
  52 7.58E-03  22018.6  1.98E-01  3.66E-01  0.00E+00  0.00E+00  0.00E+00
  53 9.68E-03  23146.3  2.05E-01  3.74E-01  0.00E+00  0.00E+00  0.00E+00
  54 1.24E-02  24421.4  2.13E-01  3.81E-01  0.00E+00  0.00E+00  0.00E+00
  55 1.61E-02  25867.5  2.24E-01  3.86E-01  0.00E+00  0.00E+00  0.00E+00
  56 2.09E-02  27506.3  2.36E-01  3.90E-01  0.00E+00  0.00E+00  0.00E+00
  57 2.71E-02  29354.5  2.49E-01  3.93E-01  0.00E+00  0.00E+00  0.00E+00
  58 3.52E-02  31424.9  2.61E-01  3.95E-01  0.00E+00  0.00E+00  0.00E+00
  59 4.57E-02  33726.3  2.71E-01  3.97E-01  0.00E+00  0.00E+00  0.00E+00
  60 5.94E-02  36265.8  2.77E-01  3.98E-01  0.00E+00  0.00E+00  0.00E+00
  61 7.76E-02  39052.0  2.77E-01  3.98E-01  0.00E+00  0.00E+00  0.00E+00
  62 1.02E-01  42100.0  2.70E-01  3.99E-01  0.00E+00  0.00E+00  0.00E+00
  63 1.38E-01  45430.8  2.56E-01  3.99E-01  0.00E+00  0.00E+00  0.00E+00
  64 1.91E-01  49064.0  2.37E-01  3.99E-01  0.00E+00  0.00E+00  0.00E+00
  65 2.73E-01  53016.3  2.17E-01  4.00E-01  0.00E+00  0.00E+00  0.00E+00
  66 4.02E-01  57311.0  2.01E-01  4.00E-01  0.00E+00  0.00E+00  0.00E+00
  67 6.05E-01  61980.4  1.92E-01  4.00E-01  0.00E+00  0.00E+00  0.00E+00
  68 9.21E-01  67060.7  1.87E-01  4.00E-01  0.00E+00  0.00E+00  0.00E+00
  69 1.41E+00  72591.9  1.87E-01  4.00E-01  0.00E+00  0.00E+00  0.00E+00
  70 2.14E+00  78620.5  1.91E-01  4.00E-01  0.00E+00  0.00E+00  0.00E+00

convective zone between depths (inclusive)   0   0

 end rybsol

**********
 ITERATION:  6
**********

 before inilam
 after inilam
 after linsel
 NTRANS         136
 ilam           1
 after opaini in ilam           1
 after ratsp1i in ilam           1
 after newpop in ilam           1
 after output
 after radpre
 HMIX0  0.59999999999999998     
dad -5.9680E-20 -5.9680E-20 -9.8340E-17

 RYBHEQ in iter   6
   id      dm          dens        pgs0          pra          pradfc      grad        log grad

   1   1.0008E-07   1.9760E-12   3.1643E+00   2.1869E+02   9.3807E+00   4.3890E+03   3.6424E+00
   2   1.3735E-07   2.5606E-12   4.3428E+00   2.1869E+02   7.4919E+00   2.6723E+03   3.4269E+00
   3   1.8832E-07   3.4462E-12   5.9546E+00   2.1869E+02   6.9546E+00   1.4788E+03   3.1699E+00
   4   2.5794E-07   4.6541E-12   8.1561E+00   2.1869E+02   6.5702E+00   1.3064E+03   3.1161E+00
   5   3.5285E-07   6.2920E-12   1.1157E+01   2.1869E+02   6.2639E+00   1.2342E+03   3.0914E+00
   6   4.8191E-07   8.5063E-12   1.5238E+01   2.1869E+02   6.0083E+00   1.2143E+03   3.0843E+00
   7   6.5685E-07   1.1494E-11   2.0770E+01   2.1869E+02   5.7977E+00   1.2321E+03   3.0907E+00
   8   8.9298E-07   1.5517E-11   2.8237E+01   2.1869E+02   5.6287E+00   1.2999E+03   3.1139E+00
   9   1.2100E-06   2.0908E-11   3.8261E+01   2.1869E+02   5.4919E+00   1.4393E+03   3.1581E+00
  10   1.6328E-06   2.8075E-11   5.1630E+01   2.1869E+02   5.3717E+00   1.6636E+03   3.2211E+00
  11   2.1921E-06   3.7508E-11   6.9318E+01   2.1869E+02   5.2512E+00   1.9694E+03   3.2943E+00
  12   2.9253E-06   4.9779E-11   9.2501E+01   2.1869E+02   5.1199E+00   2.3384E+03   3.3689E+00
  13   3.8762E-06   6.5545E-11   1.2257E+02   2.1870E+02   4.9747E+00   2.7507E+03   3.4394E+00
  14   5.0957E-06   8.5549E-11   1.6113E+02   2.1870E+02   4.8170E+00   3.1917E+03   3.5040E+00
  15   6.6414E-06   1.1062E-10   2.1000E+02   2.1870E+02   4.6516E+00   3.6545E+03   3.5628E+00
  16   8.5778E-06   1.4169E-10   2.7123E+02   2.1871E+02   4.4831E+00   4.1388E+03   3.6169E+00
  17   1.0977E-05   1.7972E-10   3.4709E+02   2.1872E+02   4.3136E+00   4.6511E+03   3.6676E+00
  18   1.3920E-05   2.2580E-10   4.4014E+02   2.1874E+02   4.1440E+00   5.1843E+03   3.7147E+00
  19   1.7498E-05   2.8111E-10   5.5325E+02   2.1876E+02   3.9770E+00   5.7215E+03   3.7575E+00
  20   2.1812E-05   3.4703E-10   6.8967E+02   2.1879E+02   3.8157E+00   6.2606E+03   3.7966E+00
  21   2.6982E-05   4.2515E-10   8.5310E+02   2.1882E+02   3.6628E+00   6.8042E+03   3.8328E+00
  22   3.3141E-05   5.1737E-10   1.0478E+03   2.1887E+02   3.5208E+00   7.3598E+03   3.8669E+00
  23   4.0447E-05   6.2595E-10   1.2788E+03   2.1893E+02   3.3913E+00   7.9490E+03   3.9003E+00
  24   4.9084E-05   7.5357E-10   1.5519E+03   2.1900E+02   3.2751E+00   8.6132E+03   3.9352E+00
  25   5.9265E-05   9.0323E-10   1.8737E+03   2.1910E+02   3.1701E+00   9.3863E+03   3.9725E+00
  26   7.1240E-05   1.0785E-09   2.2523E+03   2.1922E+02   3.0758E+00   1.0284E+04   4.0122E+00
  27   8.5301E-05   1.2836E-09   2.6968E+03   2.1938E+02   2.9902E+00   1.1348E+04   4.0549E+00
  28   1.0179E-04   1.5231E-09   3.2180E+03   2.1959E+02   2.9110E+00   1.2601E+04   4.1004E+00
  29   1.2111E-04   1.8023E-09   3.8287E+03   2.1986E+02   2.8359E+00   1.4060E+04   4.1480E+00
  30   1.4374E-04   2.1273E-09   4.5439E+03   2.2021E+02   2.7631E+00   1.5733E+04   4.1968E+00
  31   1.7023E-04   2.5047E-09   5.3812E+03   2.2068E+02   2.6903E+00   1.7635E+04   4.2464E+00
  32   2.0125E-04   2.9420E-09   6.3615E+03   2.2129E+02   2.6155E+00   1.9758E+04   4.2958E+00
  33   2.3758E-04   3.4475E-09   7.5094E+03   2.2210E+02   2.5379E+00   2.2083E+04   4.3441E+00
  34   2.8014E-04   4.0308E-09   8.8544E+03   2.2314E+02   2.4572E+00   2.4603E+04   4.3910E+00
  35   3.3005E-04   4.7028E-09   1.0431E+04   2.2451E+02   2.3728E+00   2.7313E+04   4.4364E+00
  36   3.8865E-04   5.4751E-09   1.2283E+04   2.2628E+02   2.2844E+00   3.0191E+04   4.4799E+00
  37   4.5755E-04   6.3626E-09   1.4459E+04   2.2856E+02   2.1934E+00   3.3188E+04   4.5210E+00
  38   5.3874E-04   7.3797E-09   1.7024E+04   2.3151E+02   2.0984E+00   3.6286E+04   4.5597E+00
  39   6.3469E-04   8.5466E-09   2.0054E+04   2.3529E+02   2.0015E+00   3.9376E+04   4.5952E+00
  40   7.4843E-04   9.8870E-09   2.3646E+04   2.4011E+02   1.9038E+00   4.2426E+04   4.6276E+00
  41   8.8385E-04   1.1430E-08   2.7922E+04   2.4626E+02   1.8067E+00   4.5375E+04   4.6568E+00
  42   1.0459E-03   1.3211E-08   3.3038E+04   2.5406E+02   1.7110E+00   4.8136E+04   4.6825E+00
  43   1.2410E-03   1.5276E-08   3.9198E+04   2.6393E+02   1.6178E+00   5.0621E+04   4.7043E+00
  44   1.4776E-03   1.7685E-08   4.6667E+04   2.7642E+02   1.5282E+00   5.2767E+04   4.7224E+00
  45   1.7669E-03   2.0515E-08   5.5802E+04   2.9219E+02   1.4432E+00   5.4498E+04   4.7364E+00
  46   2.1244E-03   2.3871E-08   6.7085E+04   3.1212E+02   1.3641E+00   5.5777E+04   4.7465E+00
  47   2.5705E-03   2.7893E-08   8.1169E+04   3.3740E+02   1.2919E+00   5.6646E+04   4.7532E+00
  48   3.1338E-03   3.2760E-08   9.8947E+04   3.6959E+02   1.2274E+00   5.7166E+04   4.7571E+00
  49   3.8528E-03   3.8714E-08   1.2165E+05   4.1088E+02   1.1713E+00   5.7414E+04   4.7590E+00
  50   4.7810E-03   4.6062E-08   1.5094E+05   4.6423E+02   1.1240E+00   5.7486E+04   4.7596E+00
  51   5.9915E-03   5.5206E-08   1.8915E+05   5.3392E+02   1.0857E+00   5.7566E+04   4.7602E+00
  52   7.5821E-03   6.6622E-08   2.3936E+05   6.2595E+02   1.0562E+00   5.7862E+04   4.7624E+00
  53   9.6795E-03   8.0852E-08   3.0556E+05   7.4881E+02   1.0347E+00   5.8578E+04   4.7677E+00
  54   1.2448E-02   9.8494E-08   3.9296E+05   9.1466E+02   1.0199E+00   5.9895E+04   4.7774E+00
  55   1.6096E-02   1.2018E-07   5.0808E+05   1.1405E+03   1.0103E+00   6.1905E+04   4.7917E+00
  56   2.0879E-02   1.4654E-07   6.5901E+05   1.4496E+03   1.0044E+00   6.4638E+04   4.8105E+00
  57   2.7115E-02   1.7826E-07   8.5578E+05   1.8741E+03   1.0011E+00   6.8068E+04   4.8329E+00
  58   3.5207E-02   2.1615E-07   1.1111E+06   2.4573E+03   9.9940E-01   7.2074E+04   4.8578E+00
  59   4.5698E-02   2.6135E-07   1.4421E+06   3.2582E+03   9.9880E-01   7.6343E+04   4.8828E+00
  60   5.9384E-02   3.1577E-07   1.8738E+06   4.3564E+03   9.9888E-01   8.0239E+04   4.9044E+00
  61   7.7552E-02   3.8288E-07   2.4468E+06   5.8601E+03   9.9932E-01   8.2767E+04   4.9179E+00
  62   1.0242E-01   4.6900E-07   3.2313E+06   7.9192E+03   9.9983E-01   8.2784E+04   4.9179E+00
  63   1.3794E-01   5.8526E-07   4.3515E+06   1.0742E+04   1.0001E+00   7.9486E+04   4.9003E+00
  64   1.9094E-01   7.5017E-07   6.0238E+06   1.4613E+04   1.0001E+00   7.3023E+04   4.8635E+00
  65   2.7287E-01   9.9223E-07   8.6094E+06   1.9916E+04   9.9986E-01   6.4730E+04   4.8111E+00
  66   4.0177E-01   1.3516E-06   1.2678E+07   2.7183E+04   9.9936E-01   5.6381E+04   4.7511E+00
  67   6.0469E-01   1.8814E-06   1.9085E+07   3.7151E+04   9.9845E-01   4.9121E+04   4.6913E+00
  68   9.2082E-01   2.6485E-06   2.9068E+07   5.0827E+04   9.9677E-01   4.3259E+04   4.6361E+00
  69   1.4057E+00   3.7358E-06   4.4383E+07   6.9576E+04   9.9376E-01   3.8668E+04   4.5874E+00
  70   2.1367E+00   5.2440E-06   6.7475E+07   9.5241E+04   9.8868E-01   3.5107E+04   4.5454E+00
 before if(lfin) F

before psy0 - nfreqe,in       0       2       0       1       0       0       1

 =========  LINEARIZATION, ITER =           6

reint1.1.1.1.1.1.1.1.1.1.1.1.1.1.1.1.1.1.1.1.1.1.1.1.1.1.1.1.1.1.1.1.1.1.1.
     1.1.1.1.1.1.1.1.1.1.1.1.1.1.1.1.1.1.1.1.1.1.1.1.1.1.1.1.1.1.1.1.1.1.1.
redif0.0.0.0.0.0.0.0.0.0.0.0.0.0.0.0.0.0.0.0.0.0.0.0.0.0.0.0.0.0.0.0.0.0.0.
     0.1.1.1.1.1.1.1.1.1.1.1.1.1.1.1.1.1.1.1.1.1.1.1.1.1.1.1.1.1.1.1.1.1.1.
u -4.43E+04 -4.29E-05  1.06E+00  2.00E+00 -4.18E+04 -4.18E+04  5.68E+07  1.86E-08  4.90E-04  1.90E+00
 ===== end of RYBCHN in ITER           6
 conout imod,iprin           1           1


  ID    DM        TEMP      DELTA  DELTA(AD)  CON/TOT  RAD/TOT  (C+R)/TOT


   1 1.00E-07   9819.7  0.00E+00  0.00E+00  0.00E+00  0.00E+00  0.00E+00
   2 1.37E-07  10368.2  1.01E+01  0.00E+00  0.00E+00  0.00E+00  0.00E+00
   3 1.88E-07  10566.0  2.58E+00  0.00E+00  0.00E+00  0.00E+00  0.00E+00
   4 2.58E-07  10718.6  1.45E+00  0.00E+00  0.00E+00  0.00E+00  0.00E+00
   5 3.53E-07  10848.2  9.00E-01  0.00E+00  0.00E+00  0.00E+00  0.00E+00
   6 4.82E-07  10961.4  5.80E-01  0.00E+00  0.00E+00  0.00E+00  0.00E+00
   7 6.57E-07  11059.6  3.76E-01  0.00E+00  0.00E+00  0.00E+00  0.00E+00
   8 8.93E-07  11141.8  2.38E-01  0.00E+00  0.00E+00  0.00E+00  0.00E+00
   9 1.21E-06  11210.5  1.52E-01  0.00E+00  0.00E+00  0.00E+00  0.00E+00
  10 1.63E-06  11272.7  1.08E-01  0.00E+00  0.00E+00  0.00E+00  0.00E+00
  11 2.19E-06  11336.9  8.84E-02  0.00E+00  0.00E+00  0.00E+00  0.00E+00
  12 2.93E-06  11408.9  8.08E-02  0.00E+00  0.00E+00  0.00E+00  0.00E+00
  13 3.88E-06  11491.3  7.71E-02  0.00E+00  0.00E+00  0.00E+00  0.00E+00
  14 5.10E-06  11584.3  7.45E-02  0.00E+00  0.00E+00  0.00E+00  0.00E+00
  15 6.64E-06  11686.0  7.15E-02  0.00E+00  0.00E+00  0.00E+00  0.00E+00
  16 8.58E-06  11794.3  6.86E-02  0.00E+00  0.00E+00  0.00E+00  0.00E+00
  17 1.10E-05  11908.6  6.65E-02  0.00E+00  0.00E+00  0.00E+00  0.00E+00
  18 1.39E-05  12028.7  6.55E-02  0.00E+00  0.00E+00  0.00E+00  0.00E+00
  19 1.75E-05  12153.2  6.47E-02  0.00E+00  0.00E+00  0.00E+00  0.00E+00
  20 2.18E-05  12280.0  6.35E-02  0.00E+00  0.00E+00  0.00E+00  0.00E+00
  21 2.70E-05  12406.8  6.18E-02  0.00E+00  0.00E+00  0.00E+00  0.00E+00
  22 3.31E-05  12530.7  5.94E-02  0.00E+00  0.00E+00  0.00E+00  0.00E+00
  23 4.04E-05  12649.6  5.62E-02  0.00E+00  0.00E+00  0.00E+00  0.00E+00
  24 4.91E-05  12761.4  5.24E-02  0.00E+00  0.00E+00  0.00E+00  0.00E+00
  25 5.93E-05  12867.2  4.93E-02  0.00E+00  0.00E+00  0.00E+00  0.00E+00
  26 7.12E-05  12966.6  4.62E-02  0.00E+00  0.00E+00  0.00E+00  0.00E+00
  27 8.53E-05  13060.7  4.37E-02  0.00E+00  0.00E+00  0.00E+00  0.00E+00
  28 1.02E-04  13151.8  4.22E-02  0.00E+00  0.00E+00  0.00E+00  0.00E+00
  29 1.21E-04  13242.1  4.18E-02  0.00E+00  0.00E+00  0.00E+00  0.00E+00
  30 1.44E-04  13333.9  4.24E-02  0.00E+00  0.00E+00  0.00E+00  0.00E+00
  31 1.70E-04  13430.2  4.44E-02  0.00E+00  0.00E+00  0.00E+00  0.00E+00
  32 2.01E-04  13534.6  4.79E-02  1.91E-01  0.00E+00  0.00E+00  0.00E+00
  33 2.38E-04  13649.2  5.24E-02  1.89E-01  0.00E+00  0.00E+00  0.00E+00
  34 2.80E-04  13776.3  5.77E-02  1.88E-01  0.00E+00  0.00E+00  0.00E+00
  35 3.30E-04  13918.3  6.40E-02  1.88E-01  0.00E+00  0.00E+00  0.00E+00
  36 3.89E-04  14078.6  7.14E-02  1.89E-01  0.00E+00  0.00E+00  0.00E+00
  37 4.58E-04  14258.2  7.89E-02  1.91E-01  0.00E+00  0.00E+00  0.00E+00
  38 5.39E-04  14463.1  8.86E-02  1.94E-01  0.00E+00  0.00E+00  0.00E+00
  39 6.35E-04  14694.6  9.80E-02  1.99E-01  0.00E+00  0.00E+00  0.00E+00
  40 7.48E-04  14955.1  1.08E-01  2.06E-01  0.00E+00  0.00E+00  0.00E+00
  41 8.84E-04  15248.3  1.18E-01  2.14E-01  0.00E+00  0.00E+00  0.00E+00
  42 1.05E-03  15578.2  1.28E-01  2.25E-01  0.00E+00  0.00E+00  0.00E+00
  43 1.24E-03  15949.0  1.38E-01  2.37E-01  0.00E+00  0.00E+00  0.00E+00
  44 1.48E-03  16365.8  1.49E-01  2.52E-01  0.00E+00  0.00E+00  0.00E+00
  45 1.77E-03  16833.5  1.58E-01  2.66E-01  0.00E+00  0.00E+00  0.00E+00
  46 2.12E-03  17356.5  1.67E-01  2.82E-01  0.00E+00  0.00E+00  0.00E+00
  47 2.57E-03  17940.0  1.74E-01  2.98E-01  0.00E+00  0.00E+00  0.00E+00
  48 3.13E-03  18589.9  1.80E-01  3.15E-01  0.00E+00  0.00E+00  0.00E+00
  49 3.85E-03  19313.2  1.85E-01  3.30E-01  0.00E+00  0.00E+00  0.00E+00
  50 4.78E-03  20118.0  1.89E-01  3.44E-01  0.00E+00  0.00E+00  0.00E+00
  51 5.99E-03  21015.1  1.94E-01  3.56E-01  0.00E+00  0.00E+00  0.00E+00
  52 7.58E-03  22018.6  1.98E-01  3.66E-01  0.00E+00  0.00E+00  0.00E+00
  53 9.68E-03  23146.3  2.05E-01  3.74E-01  0.00E+00  0.00E+00  0.00E+00
  54 1.24E-02  24421.4  2.13E-01  3.81E-01  0.00E+00  0.00E+00  0.00E+00
  55 1.61E-02  25867.5  2.24E-01  3.86E-01  0.00E+00  0.00E+00  0.00E+00
  56 2.09E-02  27506.3  2.36E-01  3.90E-01  0.00E+00  0.00E+00  0.00E+00
  57 2.71E-02  29354.5  2.49E-01  3.93E-01  0.00E+00  0.00E+00  0.00E+00
  58 3.52E-02  31424.9  2.61E-01  3.95E-01  0.00E+00  0.00E+00  0.00E+00
  59 4.57E-02  33726.3  2.71E-01  3.97E-01  0.00E+00  0.00E+00  0.00E+00
  60 5.94E-02  36265.8  2.77E-01  3.98E-01  0.00E+00  0.00E+00  0.00E+00
  61 7.76E-02  39052.0  2.77E-01  3.98E-01  0.00E+00  0.00E+00  0.00E+00
  62 1.02E-01  42100.0  2.70E-01  3.99E-01  0.00E+00  0.00E+00  0.00E+00
  63 1.38E-01  45430.8  2.56E-01  3.99E-01  0.00E+00  0.00E+00  0.00E+00
  64 1.91E-01  49064.0  2.37E-01  3.99E-01  0.00E+00  0.00E+00  0.00E+00
  65 2.73E-01  53016.3  2.17E-01  4.00E-01  0.00E+00  0.00E+00  0.00E+00
  66 4.02E-01  57311.0  2.01E-01  4.00E-01  0.00E+00  0.00E+00  0.00E+00
  67 6.05E-01  61980.4  1.92E-01  4.00E-01  0.00E+00  0.00E+00  0.00E+00
  68 9.21E-01  67060.7  1.87E-01  4.00E-01  0.00E+00  0.00E+00  0.00E+00
  69 1.41E+00  72591.9  1.87E-01  4.00E-01  0.00E+00  0.00E+00  0.00E+00
  70 2.14E+00  78620.5  1.91E-01  4.00E-01  0.00E+00  0.00E+00  0.00E+00

convective zone between depths (inclusive)   0   0

 end rybsol

**********
 ITERATION:  7
**********

 before inilam
 after inilam
 after linsel
 NTRANS         136
 ilam           1
 after opaini in ilam           1
 after ratsp1i in ilam           1
 after newpop in ilam           1
 after output
 after radpre
 HMIX0  0.59999999999999998     
dad -5.9775E-20 -5.9775E-20 -9.8743E-17

 RYBHEQ in iter   7
   id      dm          dens        pgs0          pra          pradfc      grad        log grad

   1   1.0008E-07   1.9732E-12   3.1643E+00   2.1869E+02   9.3283E+00   4.3052E+03   3.6340E+00
   2   1.3735E-07   2.5618E-12   4.3428E+00   2.1869E+02   7.5056E+00   2.6346E+03   3.4207E+00
   3   1.8832E-07   3.4469E-12   5.9546E+00   2.1869E+02   6.9593E+00   1.4883E+03   3.1727E+00
   4   2.5794E-07   4.6543E-12   8.1561E+00   2.1869E+02   6.5711E+00   1.3104E+03   3.1174E+00
   5   3.5285E-07   6.2918E-12   1.1157E+01   2.1869E+02   6.2627E+00   1.2360E+03   3.0920E+00
   6   4.8191E-07   8.5062E-12   1.5238E+01   2.1869E+02   6.0081E+00   1.2137E+03   3.0841E+00
   7   6.5685E-07   1.1494E-11   2.0770E+01   2.1869E+02   5.7976E+00   1.2321E+03   3.0907E+00
   8   8.9298E-07   1.5517E-11   2.8237E+01   2.1869E+02   5.6284E+00   1.3001E+03   3.1140E+00
   9   1.2100E-06   2.0907E-11   3.8261E+01   2.1869E+02   5.4916E+00   1.4392E+03   3.1581E+00
  10   1.6328E-06   2.8075E-11   5.1630E+01   2.1869E+02   5.3714E+00   1.6634E+03   3.2210E+00
  11   2.1921E-06   3.7508E-11   6.9318E+01   2.1869E+02   5.2509E+00   1.9692E+03   3.2943E+00
  12   2.9253E-06   4.9778E-11   9.2501E+01   2.1869E+02   5.1196E+00   2.3382E+03   3.3689E+00
  13   3.8762E-06   6.5543E-11   1.2257E+02   2.1870E+02   4.9744E+00   2.7504E+03   3.4394E+00
  14   5.0957E-06   8.5548E-11   1.6113E+02   2.1870E+02   4.8166E+00   3.1912E+03   3.5040E+00
  15   6.6414E-06   1.1062E-10   2.1000E+02   2.1870E+02   4.6513E+00   3.6539E+03   3.5628E+00
  16   8.5778E-06   1.4168E-10   2.7123E+02   2.1871E+02   4.4829E+00   4.1380E+03   3.6168E+00
  17   1.0977E-05   1.7972E-10   3.4709E+02   2.1872E+02   4.3135E+00   4.6503E+03   3.6675E+00
  18   1.3920E-05   2.2580E-10   4.4014E+02   2.1874E+02   4.1440E+00   5.1837E+03   3.7146E+00
  19   1.7498E-05   2.8111E-10   5.5325E+02   2.1876E+02   3.9772E+00   5.7213E+03   3.7575E+00
  20   2.1812E-05   3.4703E-10   6.8967E+02   2.1879E+02   3.8159E+00   6.2608E+03   3.7966E+00
  21   2.6982E-05   4.2515E-10   8.5310E+02   2.1882E+02   3.6629E+00   6.8048E+03   3.8328E+00
  22   3.3141E-05   5.1738E-10   1.0478E+03   2.1887E+02   3.5209E+00   7.3605E+03   3.8669E+00
  23   4.0447E-05   6.2595E-10   1.2788E+03   2.1893E+02   3.3912E+00   7.9495E+03   3.9003E+00
  24   4.9084E-05   7.5357E-10   1.5519E+03   2.1900E+02   3.2751E+00   8.6132E+03   3.9352E+00
  25   5.9265E-05   9.0323E-10   1.8737E+03   2.1910E+02   3.1701E+00   9.3861E+03   3.9725E+00
  26   7.1240E-05   1.0785E-09   2.2523E+03   2.1922E+02   3.0758E+00   1.0285E+04   4.0122E+00
  27   8.5301E-05   1.2836E-09   2.6968E+03   2.1938E+02   2.9902E+00   1.1348E+04   4.0549E+00
  28   1.0179E-04   1.5231E-09   3.2180E+03   2.1959E+02   2.9110E+00   1.2601E+04   4.1004E+00
  29   1.2111E-04   1.8023E-09   3.8287E+03   2.1986E+02   2.8358E+00   1.4060E+04   4.1480E+00
  30   1.4374E-04   2.1273E-09   4.5439E+03   2.2021E+02   2.7631E+00   1.5733E+04   4.1968E+00
  31   1.7023E-04   2.5047E-09   5.3812E+03   2.2068E+02   2.6903E+00   1.7635E+04   4.2464E+00
  32   2.0125E-04   2.9420E-09   6.3615E+03   2.2129E+02   2.6155E+00   1.9758E+04   4.2958E+00
  33   2.3758E-04   3.4475E-09   7.5094E+03   2.2210E+02   2.5379E+00   2.2083E+04   4.3441E+00
  34   2.8014E-04   4.0308E-09   8.8544E+03   2.2314E+02   2.4572E+00   2.4603E+04   4.3910E+00
  35   3.3005E-04   4.7028E-09   1.0431E+04   2.2451E+02   2.3728E+00   2.7313E+04   4.4364E+00
  36   3.8865E-04   5.4751E-09   1.2283E+04   2.2628E+02   2.2844E+00   3.0191E+04   4.4799E+00
  37   4.5755E-04   6.3626E-09   1.4459E+04   2.2856E+02   2.1934E+00   3.3187E+04   4.5210E+00
  38   5.3874E-04   7.3796E-09   1.7024E+04   2.3151E+02   2.0984E+00   3.6286E+04   4.5597E+00
  39   6.3469E-04   8.5466E-09   2.0054E+04   2.3529E+02   2.0015E+00   3.9376E+04   4.5952E+00
  40   7.4843E-04   9.8870E-09   2.3646E+04   2.4011E+02   1.9038E+00   4.2426E+04   4.6276E+00
  41   8.8385E-04   1.1430E-08   2.7922E+04   2.4626E+02   1.8067E+00   4.5375E+04   4.6568E+00
  42   1.0459E-03   1.3211E-08   3.3038E+04   2.5406E+02   1.7110E+00   4.8136E+04   4.6825E+00
  43   1.2410E-03   1.5276E-08   3.9198E+04   2.6393E+02   1.6178E+00   5.0621E+04   4.7043E+00
  44   1.4776E-03   1.7685E-08   4.6667E+04   2.7642E+02   1.5282E+00   5.2767E+04   4.7224E+00
  45   1.7669E-03   2.0515E-08   5.5802E+04   2.9219E+02   1.4432E+00   5.4498E+04   4.7364E+00
  46   2.1244E-03   2.3871E-08   6.7085E+04   3.1212E+02   1.3641E+00   5.5777E+04   4.7465E+00
  47   2.5705E-03   2.7893E-08   8.1169E+04   3.3740E+02   1.2919E+00   5.6647E+04   4.7532E+00
  48   3.1338E-03   3.2760E-08   9.8947E+04   3.6959E+02   1.2274E+00   5.7166E+04   4.7571E+00
  49   3.8528E-03   3.8714E-08   1.2165E+05   4.1088E+02   1.1713E+00   5.7414E+04   4.7590E+00
  50   4.7810E-03   4.6062E-08   1.5094E+05   4.6424E+02   1.1240E+00   5.7487E+04   4.7596E+00
  51   5.9915E-03   5.5206E-08   1.8915E+05   5.3392E+02   1.0857E+00   5.7566E+04   4.7602E+00
  52   7.5821E-03   6.6622E-08   2.3936E+05   6.2595E+02   1.0562E+00   5.7862E+04   4.7624E+00
  53   9.6795E-03   8.0852E-08   3.0556E+05   7.4882E+02   1.0347E+00   5.8578E+04   4.7677E+00
  54   1.2448E-02   9.8494E-08   3.9296E+05   9.1466E+02   1.0199E+00   5.9895E+04   4.7774E+00
  55   1.6096E-02   1.2018E-07   5.0808E+05   1.1405E+03   1.0103E+00   6.1905E+04   4.7917E+00
  56   2.0879E-02   1.4654E-07   6.5901E+05   1.4496E+03   1.0044E+00   6.4638E+04   4.8105E+00
  57   2.7115E-02   1.7826E-07   8.5578E+05   1.8741E+03   1.0011E+00   6.8068E+04   4.8329E+00
  58   3.5207E-02   2.1615E-07   1.1111E+06   2.4573E+03   9.9940E-01   7.2074E+04   4.8578E+00
  59   4.5698E-02   2.6135E-07   1.4421E+06   3.2582E+03   9.9880E-01   7.6343E+04   4.8828E+00
  60   5.9384E-02   3.1577E-07   1.8738E+06   4.3564E+03   9.9888E-01   8.0239E+04   4.9044E+00
  61   7.7552E-02   3.8288E-07   2.4468E+06   5.8601E+03   9.9932E-01   8.2767E+04   4.9179E+00
  62   1.0242E-01   4.6900E-07   3.2313E+06   7.9192E+03   9.9983E-01   8.2784E+04   4.9179E+00
  63   1.3794E-01   5.8526E-07   4.3515E+06   1.0742E+04   1.0001E+00   7.9486E+04   4.9003E+00
  64   1.9094E-01   7.5017E-07   6.0238E+06   1.4613E+04   1.0001E+00   7.3023E+04   4.8635E+00
  65   2.7287E-01   9.9223E-07   8.6094E+06   1.9916E+04   9.9986E-01   6.4730E+04   4.8111E+00
  66   4.0177E-01   1.3516E-06   1.2678E+07   2.7183E+04   9.9936E-01   5.6381E+04   4.7511E+00
  67   6.0469E-01   1.8814E-06   1.9085E+07   3.7151E+04   9.9845E-01   4.9121E+04   4.6913E+00
  68   9.2082E-01   2.6485E-06   2.9068E+07   5.0827E+04   9.9677E-01   4.3259E+04   4.6361E+00
  69   1.4057E+00   3.7358E-06   4.4383E+07   6.9576E+04   9.9376E-01   3.8668E+04   4.5874E+00
  70   2.1367E+00   5.2440E-06   6.7475E+07   9.5241E+04   9.8868E-01   3.5107E+04   4.5454E+00
 before if(lfin) F

before psy0 - nfreqe,in       0       2       0       1       0       0       1

 =========  LINEARIZATION, ITER =           7

reint1.1.1.1.1.1.1.1.1.1.1.1.1.1.1.1.1.1.1.1.1.1.1.1.1.1.1.1.1.1.1.1.1.1.1.
     1.1.1.1.1.1.1.1.1.1.1.1.1.1.1.1.1.1.1.1.1.1.1.1.1.1.1.1.1.1.1.1.1.1.1.
redif0.0.0.0.0.0.0.0.0.0.0.0.0.0.0.0.0.0.0.0.0.0.0.0.0.0.0.0.0.0.0.0.0.0.0.
     0.1.1.1.1.1.1.1.1.1.1.1.1.1.1.1.1.1.1.1.1.1.1.1.1.1.1.1.1.1.1.1.1.1.1.
u -4.44E+04 -4.31E-05  1.06E+00  2.00E+00 -4.19E+04 -4.19E+04  5.69E+07  1.86E-08  4.91E-04  1.91E+00
 ===== end of RYBCHN in ITER           7
 conout imod,iprin           1           1


  ID    DM        TEMP      DELTA  DELTA(AD)  CON/TOT  RAD/TOT  (C+R)/TOT


   1 1.00E-07   9820.9  0.00E+00  0.00E+00  0.00E+00  0.00E+00  0.00E+00
   2 1.37E-07  10367.3  1.00E+01  0.00E+00  0.00E+00  0.00E+00  0.00E+00
   3 1.88E-07  10565.7  2.59E+00  0.00E+00  0.00E+00  0.00E+00  0.00E+00
   4 2.58E-07  10718.6  1.45E+00  0.00E+00  0.00E+00  0.00E+00  0.00E+00
   5 3.53E-07  10848.3  9.01E-01  0.00E+00  0.00E+00  0.00E+00  0.00E+00
   6 4.82E-07  10961.4  5.80E-01  0.00E+00  0.00E+00  0.00E+00  0.00E+00
   7 6.57E-07  11059.6  3.76E-01  0.00E+00  0.00E+00  0.00E+00  0.00E+00
   8 8.93E-07  11141.8  2.38E-01  0.00E+00  0.00E+00  0.00E+00  0.00E+00
   9 1.21E-06  11210.6  1.52E-01  0.00E+00  0.00E+00  0.00E+00  0.00E+00
  10 1.63E-06  11272.8  1.08E-01  0.00E+00  0.00E+00  0.00E+00  0.00E+00
  11 2.19E-06  11336.9  8.84E-02  0.00E+00  0.00E+00  0.00E+00  0.00E+00
  12 2.93E-06  11408.9  8.08E-02  0.00E+00  0.00E+00  0.00E+00  0.00E+00
  13 3.88E-06  11491.3  7.71E-02  0.00E+00  0.00E+00  0.00E+00  0.00E+00
  14 5.10E-06  11584.3  7.45E-02  0.00E+00  0.00E+00  0.00E+00  0.00E+00
  15 6.64E-06  11686.0  7.15E-02  0.00E+00  0.00E+00  0.00E+00  0.00E+00
  16 8.58E-06  11794.3  6.86E-02  0.00E+00  0.00E+00  0.00E+00  0.00E+00
  17 1.10E-05  11908.6  6.65E-02  0.00E+00  0.00E+00  0.00E+00  0.00E+00
  18 1.39E-05  12028.7  6.55E-02  0.00E+00  0.00E+00  0.00E+00  0.00E+00
  19 1.75E-05  12153.2  6.46E-02  0.00E+00  0.00E+00  0.00E+00  0.00E+00
  20 2.18E-05  12280.0  6.35E-02  0.00E+00  0.00E+00  0.00E+00  0.00E+00
  21 2.70E-05  12406.8  6.18E-02  0.00E+00  0.00E+00  0.00E+00  0.00E+00
  22 3.31E-05  12530.7  5.94E-02  0.00E+00  0.00E+00  0.00E+00  0.00E+00
  23 4.04E-05  12649.7  5.62E-02  0.00E+00  0.00E+00  0.00E+00  0.00E+00
  24 4.91E-05  12761.4  5.24E-02  0.00E+00  0.00E+00  0.00E+00  0.00E+00
  25 5.93E-05  12867.2  4.93E-02  0.00E+00  0.00E+00  0.00E+00  0.00E+00
  26 7.12E-05  12966.6  4.62E-02  0.00E+00  0.00E+00  0.00E+00  0.00E+00
  27 8.53E-05  13060.7  4.37E-02  0.00E+00  0.00E+00  0.00E+00  0.00E+00
  28 1.02E-04  13151.8  4.22E-02  0.00E+00  0.00E+00  0.00E+00  0.00E+00
  29 1.21E-04  13242.1  4.18E-02  0.00E+00  0.00E+00  0.00E+00  0.00E+00
  30 1.44E-04  13333.9  4.24E-02  0.00E+00  0.00E+00  0.00E+00  0.00E+00
  31 1.70E-04  13430.2  4.44E-02  0.00E+00  0.00E+00  0.00E+00  0.00E+00
  32 2.01E-04  13534.6  4.79E-02  1.91E-01  0.00E+00  0.00E+00  0.00E+00
  33 2.38E-04  13649.2  5.24E-02  1.89E-01  0.00E+00  0.00E+00  0.00E+00
  34 2.80E-04  13776.3  5.77E-02  1.88E-01  0.00E+00  0.00E+00  0.00E+00
  35 3.30E-04  13918.3  6.40E-02  1.88E-01  0.00E+00  0.00E+00  0.00E+00
  36 3.89E-04  14078.6  7.14E-02  1.89E-01  0.00E+00  0.00E+00  0.00E+00
  37 4.58E-04  14258.2  7.89E-02  1.91E-01  0.00E+00  0.00E+00  0.00E+00
  38 5.39E-04  14463.1  8.86E-02  1.94E-01  0.00E+00  0.00E+00  0.00E+00
  39 6.35E-04  14694.6  9.80E-02  1.99E-01  0.00E+00  0.00E+00  0.00E+00
  40 7.48E-04  14955.1  1.08E-01  2.06E-01  0.00E+00  0.00E+00  0.00E+00
  41 8.84E-04  15248.3  1.18E-01  2.14E-01  0.00E+00  0.00E+00  0.00E+00
  42 1.05E-03  15578.2  1.28E-01  2.25E-01  0.00E+00  0.00E+00  0.00E+00
  43 1.24E-03  15949.0  1.38E-01  2.37E-01  0.00E+00  0.00E+00  0.00E+00
  44 1.48E-03  16365.8  1.49E-01  2.52E-01  0.00E+00  0.00E+00  0.00E+00
  45 1.77E-03  16833.5  1.58E-01  2.66E-01  0.00E+00  0.00E+00  0.00E+00
  46 2.12E-03  17356.5  1.67E-01  2.82E-01  0.00E+00  0.00E+00  0.00E+00
  47 2.57E-03  17940.0  1.74E-01  2.98E-01  0.00E+00  0.00E+00  0.00E+00
  48 3.13E-03  18589.9  1.80E-01  3.15E-01  0.00E+00  0.00E+00  0.00E+00
  49 3.85E-03  19313.3  1.85E-01  3.30E-01  0.00E+00  0.00E+00  0.00E+00
  50 4.78E-03  20118.0  1.89E-01  3.44E-01  0.00E+00  0.00E+00  0.00E+00
  51 5.99E-03  21015.1  1.94E-01  3.56E-01  0.00E+00  0.00E+00  0.00E+00
  52 7.58E-03  22018.6  1.98E-01  3.66E-01  0.00E+00  0.00E+00  0.00E+00
  53 9.68E-03  23146.3  2.05E-01  3.74E-01  0.00E+00  0.00E+00  0.00E+00
  54 1.24E-02  24421.4  2.13E-01  3.81E-01  0.00E+00  0.00E+00  0.00E+00
  55 1.61E-02  25867.5  2.24E-01  3.86E-01  0.00E+00  0.00E+00  0.00E+00
  56 2.09E-02  27506.3  2.36E-01  3.90E-01  0.00E+00  0.00E+00  0.00E+00
  57 2.71E-02  29354.5  2.49E-01  3.93E-01  0.00E+00  0.00E+00  0.00E+00
  58 3.52E-02  31424.9  2.61E-01  3.95E-01  0.00E+00  0.00E+00  0.00E+00
  59 4.57E-02  33726.3  2.71E-01  3.97E-01  0.00E+00  0.00E+00  0.00E+00
  60 5.94E-02  36265.8  2.77E-01  3.98E-01  0.00E+00  0.00E+00  0.00E+00
  61 7.76E-02  39052.0  2.77E-01  3.98E-01  0.00E+00  0.00E+00  0.00E+00
  62 1.02E-01  42100.0  2.70E-01  3.99E-01  0.00E+00  0.00E+00  0.00E+00
  63 1.38E-01  45430.8  2.56E-01  3.99E-01  0.00E+00  0.00E+00  0.00E+00
  64 1.91E-01  49064.0  2.37E-01  3.99E-01  0.00E+00  0.00E+00  0.00E+00
  65 2.73E-01  53016.3  2.17E-01  4.00E-01  0.00E+00  0.00E+00  0.00E+00
  66 4.02E-01  57311.0  2.01E-01  4.00E-01  0.00E+00  0.00E+00  0.00E+00
  67 6.05E-01  61980.4  1.92E-01  4.00E-01  0.00E+00  0.00E+00  0.00E+00
  68 9.21E-01  67060.7  1.87E-01  4.00E-01  0.00E+00  0.00E+00  0.00E+00
  69 1.41E+00  72591.9  1.87E-01  4.00E-01  0.00E+00  0.00E+00  0.00E+00
  70 2.14E+00  78620.5  1.91E-01  4.00E-01  0.00E+00  0.00E+00  0.00E+00

convective zone between depths (inclusive)   0   0

 end rybsol

**********
 ITERATION:  8
**********

 before inilam
 after inilam
 after linsel
 NTRANS         136
 ilam           1
 after opaini in ilam           1
 after ratsp1i in ilam           1
 after newpop in ilam           1
 after output
 after radpre
 HMIX0  0.59999999999999998     
dad -5.9794E-20 -5.9794E-20 -9.8825E-17

 RYBHEQ in iter   8
   id      dm          dens        pgs0          pra          pradfc      grad        log grad

   1   1.0008E-07   1.9729E-12   3.1643E+00   2.1869E+02   9.3238E+00   4.2972E+03   3.6332E+00
   2   1.3735E-07   2.5621E-12   4.3428E+00   2.1869E+02   7.5084E+00   2.6309E+03   3.4201E+00
   3   1.8832E-07   3.4470E-12   5.9546E+00   2.1869E+02   6.9600E+00   1.4900E+03   3.1732E+00
   4   2.5794E-07   4.6543E-12   8.1561E+00   2.1869E+02   6.5713E+00   1.3110E+03   3.1176E+00
   5   3.5285E-07   6.2917E-12   1.1157E+01   2.1869E+02   6.2626E+00   1.2363E+03   3.0921E+00
   6   4.8191E-07   8.5062E-12   1.5238E+01   2.1869E+02   6.0080E+00   1.2136E+03   3.0841E+00
   7   6.5685E-07   1.1494E-11   2.0770E+01   2.1869E+02   5.7976E+00   1.2321E+03   3.0907E+00
   8   8.9298E-07   1.5517E-11   2.8237E+01   2.1869E+02   5.6284E+00   1.3001E+03   3.1140E+00
   9   1.2100E-06   2.0907E-11   3.8261E+01   2.1869E+02   5.4915E+00   1.4392E+03   3.1581E+00
  10   1.6328E-06   2.8075E-11   5.1630E+01   2.1869E+02   5.3713E+00   1.6634E+03   3.2210E+00
  11   2.1921E-06   3.7508E-11   6.9318E+01   2.1869E+02   5.2508E+00   1.9692E+03   3.2943E+00
  12   2.9253E-06   4.9778E-11   9.2501E+01   2.1869E+02   5.1195E+00   2.3381E+03   3.3689E+00
  13   3.8762E-06   6.5543E-11   1.2257E+02   2.1870E+02   4.9743E+00   2.7503E+03   3.4394E+00
  14   5.0957E-06   8.5547E-11   1.6113E+02   2.1870E+02   4.8166E+00   3.1912E+03   3.5039E+00
  15   6.6414E-06   1.1062E-10   2.1000E+02   2.1870E+02   4.6513E+00   3.6538E+03   3.5627E+00
  16   8.5778E-06   1.4168E-10   2.7123E+02   2.1871E+02   4.4829E+00   4.1379E+03   3.6168E+00
  17   1.0977E-05   1.7972E-10   3.4709E+02   2.1872E+02   4.3135E+00   4.6502E+03   3.6675E+00
  18   1.3920E-05   2.2580E-10   4.4014E+02   2.1874E+02   4.1441E+00   5.1837E+03   3.7146E+00
  19   1.7498E-05   2.8111E-10   5.5325E+02   2.1876E+02   3.9772E+00   5.7213E+03   3.7575E+00
  20   2.1812E-05   3.4703E-10   6.8967E+02   2.1879E+02   3.8160E+00   6.2609E+03   3.7966E+00
  21   2.6982E-05   4.2515E-10   8.5310E+02   2.1882E+02   3.6630E+00   6.8049E+03   3.8328E+00
  22   3.3141E-05   5.1738E-10   1.0478E+03   2.1887E+02   3.5209E+00   7.3606E+03   3.8669E+00
  23   4.0447E-05   6.2595E-10   1.2788E+03   2.1893E+02   3.3912E+00   7.9495E+03   3.9003E+00
  24   4.9084E-05   7.5357E-10   1.5519E+03   2.1900E+02   3.2751E+00   8.6132E+03   3.9352E+00
  25   5.9265E-05   9.0323E-10   1.8737E+03   2.1910E+02   3.1701E+00   9.3861E+03   3.9725E+00
  26   7.1240E-05   1.0785E-09   2.2523E+03   2.1922E+02   3.0758E+00   1.0285E+04   4.0122E+00
  27   8.5301E-05   1.2836E-09   2.6968E+03   2.1938E+02   2.9902E+00   1.1348E+04   4.0549E+00
  28   1.0179E-04   1.5231E-09   3.2180E+03   2.1959E+02   2.9110E+00   1.2601E+04   4.1004E+00
  29   1.2111E-04   1.8023E-09   3.8287E+03   2.1986E+02   2.8358E+00   1.4060E+04   4.1480E+00
  30   1.4374E-04   2.1273E-09   4.5439E+03   2.2021E+02   2.7631E+00   1.5733E+04   4.1968E+00
  31   1.7023E-04   2.5047E-09   5.3812E+03   2.2068E+02   2.6903E+00   1.7635E+04   4.2464E+00
  32   2.0125E-04   2.9420E-09   6.3615E+03   2.2129E+02   2.6155E+00   1.9758E+04   4.2958E+00
  33   2.3758E-04   3.4475E-09   7.5094E+03   2.2210E+02   2.5379E+00   2.2083E+04   4.3441E+00
  34   2.8014E-04   4.0308E-09   8.8544E+03   2.2314E+02   2.4572E+00   2.4602E+04   4.3910E+00
  35   3.3005E-04   4.7028E-09   1.0431E+04   2.2451E+02   2.3728E+00   2.7313E+04   4.4364E+00
  36   3.8865E-04   5.4751E-09   1.2283E+04   2.2628E+02   2.2844E+00   3.0191E+04   4.4799E+00
  37   4.5755E-04   6.3626E-09   1.4459E+04   2.2856E+02   2.1934E+00   3.3187E+04   4.5210E+00
  38   5.3874E-04   7.3796E-09   1.7024E+04   2.3151E+02   2.0984E+00   3.6286E+04   4.5597E+00
  39   6.3469E-04   8.5466E-09   2.0054E+04   2.3529E+02   2.0015E+00   3.9376E+04   4.5952E+00
  40   7.4843E-04   9.8870E-09   2.3646E+04   2.4011E+02   1.9038E+00   4.2426E+04   4.6276E+00
  41   8.8385E-04   1.1430E-08   2.7922E+04   2.4626E+02   1.8067E+00   4.5375E+04   4.6568E+00
  42   1.0459E-03   1.3211E-08   3.3038E+04   2.5406E+02   1.7110E+00   4.8136E+04   4.6825E+00
  43   1.2410E-03   1.5276E-08   3.9198E+04   2.6393E+02   1.6178E+00   5.0621E+04   4.7043E+00
  44   1.4776E-03   1.7685E-08   4.6667E+04   2.7642E+02   1.5282E+00   5.2767E+04   4.7224E+00
  45   1.7669E-03   2.0515E-08   5.5802E+04   2.9219E+02   1.4432E+00   5.4498E+04   4.7364E+00
  46   2.1244E-03   2.3871E-08   6.7085E+04   3.1212E+02   1.3641E+00   5.5777E+04   4.7465E+00
  47   2.5705E-03   2.7893E-08   8.1169E+04   3.3740E+02   1.2919E+00   5.6647E+04   4.7532E+00
  48   3.1338E-03   3.2760E-08   9.8947E+04   3.6959E+02   1.2274E+00   5.7167E+04   4.7571E+00
  49   3.8528E-03   3.8714E-08   1.2165E+05   4.1088E+02   1.1713E+00   5.7414E+04   4.7590E+00
  50   4.7810E-03   4.6062E-08   1.5094E+05   4.6424E+02   1.1240E+00   5.7487E+04   4.7596E+00
  51   5.9915E-03   5.5206E-08   1.8915E+05   5.3392E+02   1.0857E+00   5.7566E+04   4.7602E+00
  52   7.5821E-03   6.6622E-08   2.3936E+05   6.2595E+02   1.0562E+00   5.7862E+04   4.7624E+00
  53   9.6795E-03   8.0852E-08   3.0556E+05   7.4882E+02   1.0347E+00   5.8578E+04   4.7677E+00
  54   1.2448E-02   9.8494E-08   3.9296E+05   9.1466E+02   1.0199E+00   5.9895E+04   4.7774E+00
  55   1.6096E-02   1.2018E-07   5.0808E+05   1.1405E+03   1.0103E+00   6.1905E+04   4.7917E+00
  56   2.0879E-02   1.4654E-07   6.5901E+05   1.4496E+03   1.0044E+00   6.4638E+04   4.8105E+00
  57   2.7115E-02   1.7826E-07   8.5578E+05   1.8741E+03   1.0011E+00   6.8068E+04   4.8329E+00
  58   3.5207E-02   2.1615E-07   1.1111E+06   2.4573E+03   9.9940E-01   7.2074E+04   4.8578E+00
  59   4.5698E-02   2.6135E-07   1.4421E+06   3.2582E+03   9.9880E-01   7.6343E+04   4.8828E+00
  60   5.9384E-02   3.1577E-07   1.8738E+06   4.3564E+03   9.9888E-01   8.0239E+04   4.9044E+00
  61   7.7552E-02   3.8288E-07   2.4468E+06   5.8601E+03   9.9932E-01   8.2767E+04   4.9179E+00
  62   1.0242E-01   4.6900E-07   3.2313E+06   7.9192E+03   9.9983E-01   8.2784E+04   4.9179E+00
  63   1.3794E-01   5.8526E-07   4.3515E+06   1.0742E+04   1.0001E+00   7.9486E+04   4.9003E+00
  64   1.9094E-01   7.5017E-07   6.0238E+06   1.4613E+04   1.0001E+00   7.3023E+04   4.8635E+00
  65   2.7287E-01   9.9223E-07   8.6094E+06   1.9916E+04   9.9986E-01   6.4730E+04   4.8111E+00
  66   4.0177E-01   1.3516E-06   1.2678E+07   2.7183E+04   9.9936E-01   5.6381E+04   4.7511E+00
  67   6.0469E-01   1.8814E-06   1.9085E+07   3.7151E+04   9.9845E-01   4.9121E+04   4.6913E+00
  68   9.2082E-01   2.6485E-06   2.9068E+07   5.0827E+04   9.9677E-01   4.3259E+04   4.6361E+00
  69   1.4057E+00   3.7358E-06   4.4383E+07   6.9576E+04   9.9376E-01   3.8668E+04   4.5874E+00
  70   2.1367E+00   5.2440E-06   6.7475E+07   9.5241E+04   9.8868E-01   3.5107E+04   4.5454E+00
 before if(lfin) F

before psy0 - nfreqe,in       0       2       0       1       0       0       1

 =========  LINEARIZATION, ITER =           8

reint1.1.1.1.1.1.1.1.1.1.1.1.1.1.1.1.1.1.1.1.1.1.1.1.1.1.1.1.1.1.1.1.1.1.1.
     1.1.1.1.1.1.1.1.1.1.1.1.1.1.1.1.1.1.1.1.1.1.1.1.1.1.1.1.1.1.1.1.1.1.1.
redif0.0.0.0.0.0.0.0.0.0.0.0.0.0.0.0.0.0.0.0.0.0.0.0.0.0.0.0.0.0.0.0.0.0.0.
     0.1.1.1.1.1.1.1.1.1.1.1.1.1.1.1.1.1.1.1.1.1.1.1.1.1.1.1.1.1.1.1.1.1.1.
u -4.44E+04 -4.31E-05  1.06E+00  2.00E+00 -4.19E+04 -4.19E+04  5.69E+07  1.86E-08  4.91E-04  1.91E+00
 ===== end of RYBCHN in ITER           8
 conout imod,iprin           1           1


  ID    DM        TEMP      DELTA  DELTA(AD)  CON/TOT  RAD/TOT  (C+R)/TOT


   1 1.00E-07   9821.0  0.00E+00  0.00E+00  0.00E+00  0.00E+00  0.00E+00
   2 1.37E-07  10367.1  1.00E+01  0.00E+00  0.00E+00  0.00E+00  0.00E+00
   3 1.88E-07  10565.6  2.59E+00  0.00E+00  0.00E+00  0.00E+00  0.00E+00
   4 2.58E-07  10718.6  1.45E+00  0.00E+00  0.00E+00  0.00E+00  0.00E+00
   5 3.53E-07  10848.3  9.01E-01  0.00E+00  0.00E+00  0.00E+00  0.00E+00
   6 4.82E-07  10961.4  5.80E-01  0.00E+00  0.00E+00  0.00E+00  0.00E+00
   7 6.57E-07  11059.6  3.75E-01  0.00E+00  0.00E+00  0.00E+00  0.00E+00
   8 8.93E-07  11141.8  2.38E-01  0.00E+00  0.00E+00  0.00E+00  0.00E+00
   9 1.21E-06  11210.6  1.52E-01  0.00E+00  0.00E+00  0.00E+00  0.00E+00
  10 1.63E-06  11272.8  1.08E-01  0.00E+00  0.00E+00  0.00E+00  0.00E+00
  11 2.19E-06  11336.9  8.84E-02  0.00E+00  0.00E+00  0.00E+00  0.00E+00
  12 2.93E-06  11408.9  8.08E-02  0.00E+00  0.00E+00  0.00E+00  0.00E+00
  13 3.88E-06  11491.3  7.71E-02  0.00E+00  0.00E+00  0.00E+00  0.00E+00
  14 5.10E-06  11584.3  7.45E-02  0.00E+00  0.00E+00  0.00E+00  0.00E+00
  15 6.64E-06  11686.0  7.15E-02  0.00E+00  0.00E+00  0.00E+00  0.00E+00
  16 8.58E-06  11794.3  6.86E-02  0.00E+00  0.00E+00  0.00E+00  0.00E+00
  17 1.10E-05  11908.6  6.65E-02  0.00E+00  0.00E+00  0.00E+00  0.00E+00
  18 1.39E-05  12028.7  6.55E-02  0.00E+00  0.00E+00  0.00E+00  0.00E+00
  19 1.75E-05  12153.2  6.46E-02  0.00E+00  0.00E+00  0.00E+00  0.00E+00
  20 2.18E-05  12280.0  6.35E-02  0.00E+00  0.00E+00  0.00E+00  0.00E+00
  21 2.70E-05  12406.8  6.18E-02  0.00E+00  0.00E+00  0.00E+00  0.00E+00
  22 3.31E-05  12530.7  5.94E-02  0.00E+00  0.00E+00  0.00E+00  0.00E+00
  23 4.04E-05  12649.7  5.62E-02  0.00E+00  0.00E+00  0.00E+00  0.00E+00
  24 4.91E-05  12761.4  5.24E-02  0.00E+00  0.00E+00  0.00E+00  0.00E+00
  25 5.93E-05  12867.2  4.93E-02  0.00E+00  0.00E+00  0.00E+00  0.00E+00
  26 7.12E-05  12966.6  4.62E-02  0.00E+00  0.00E+00  0.00E+00  0.00E+00
  27 8.53E-05  13060.7  4.37E-02  0.00E+00  0.00E+00  0.00E+00  0.00E+00
  28 1.02E-04  13151.8  4.22E-02  0.00E+00  0.00E+00  0.00E+00  0.00E+00
  29 1.21E-04  13242.1  4.18E-02  0.00E+00  0.00E+00  0.00E+00  0.00E+00
  30 1.44E-04  13333.9  4.24E-02  0.00E+00  0.00E+00  0.00E+00  0.00E+00
  31 1.70E-04  13430.2  4.44E-02  0.00E+00  0.00E+00  0.00E+00  0.00E+00
  32 2.01E-04  13534.6  4.79E-02  1.91E-01  0.00E+00  0.00E+00  0.00E+00
  33 2.38E-04  13649.2  5.24E-02  1.89E-01  0.00E+00  0.00E+00  0.00E+00
  34 2.80E-04  13776.3  5.77E-02  1.88E-01  0.00E+00  0.00E+00  0.00E+00
  35 3.30E-04  13918.3  6.40E-02  1.88E-01  0.00E+00  0.00E+00  0.00E+00
  36 3.89E-04  14078.6  7.14E-02  1.89E-01  0.00E+00  0.00E+00  0.00E+00
  37 4.58E-04  14258.2  7.89E-02  1.91E-01  0.00E+00  0.00E+00  0.00E+00
  38 5.39E-04  14463.1  8.86E-02  1.94E-01  0.00E+00  0.00E+00  0.00E+00
  39 6.35E-04  14694.6  9.80E-02  1.99E-01  0.00E+00  0.00E+00  0.00E+00
  40 7.48E-04  14955.1  1.08E-01  2.06E-01  0.00E+00  0.00E+00  0.00E+00
  41 8.84E-04  15248.3  1.18E-01  2.14E-01  0.00E+00  0.00E+00  0.00E+00
  42 1.05E-03  15578.2  1.28E-01  2.25E-01  0.00E+00  0.00E+00  0.00E+00
  43 1.24E-03  15949.0  1.38E-01  2.37E-01  0.00E+00  0.00E+00  0.00E+00
  44 1.48E-03  16365.8  1.49E-01  2.52E-01  0.00E+00  0.00E+00  0.00E+00
  45 1.77E-03  16833.5  1.58E-01  2.66E-01  0.00E+00  0.00E+00  0.00E+00
  46 2.12E-03  17356.5  1.67E-01  2.82E-01  0.00E+00  0.00E+00  0.00E+00
  47 2.57E-03  17940.0  1.74E-01  2.98E-01  0.00E+00  0.00E+00  0.00E+00
  48 3.13E-03  18589.9  1.80E-01  3.15E-01  0.00E+00  0.00E+00  0.00E+00
  49 3.85E-03  19313.3  1.85E-01  3.30E-01  0.00E+00  0.00E+00  0.00E+00
  50 4.78E-03  20118.0  1.89E-01  3.44E-01  0.00E+00  0.00E+00  0.00E+00
  51 5.99E-03  21015.1  1.94E-01  3.56E-01  0.00E+00  0.00E+00  0.00E+00
  52 7.58E-03  22018.6  1.98E-01  3.66E-01  0.00E+00  0.00E+00  0.00E+00
  53 9.68E-03  23146.3  2.05E-01  3.74E-01  0.00E+00  0.00E+00  0.00E+00
  54 1.24E-02  24421.4  2.13E-01  3.81E-01  0.00E+00  0.00E+00  0.00E+00
  55 1.61E-02  25867.5  2.24E-01  3.86E-01  0.00E+00  0.00E+00  0.00E+00
  56 2.09E-02  27506.3  2.36E-01  3.90E-01  0.00E+00  0.00E+00  0.00E+00
  57 2.71E-02  29354.5  2.49E-01  3.93E-01  0.00E+00  0.00E+00  0.00E+00
  58 3.52E-02  31424.9  2.61E-01  3.95E-01  0.00E+00  0.00E+00  0.00E+00
  59 4.57E-02  33726.3  2.71E-01  3.97E-01  0.00E+00  0.00E+00  0.00E+00
  60 5.94E-02  36265.8  2.77E-01  3.98E-01  0.00E+00  0.00E+00  0.00E+00
  61 7.76E-02  39052.0  2.77E-01  3.98E-01  0.00E+00  0.00E+00  0.00E+00
  62 1.02E-01  42100.0  2.70E-01  3.99E-01  0.00E+00  0.00E+00  0.00E+00
  63 1.38E-01  45430.8  2.56E-01  3.99E-01  0.00E+00  0.00E+00  0.00E+00
  64 1.91E-01  49064.0  2.37E-01  3.99E-01  0.00E+00  0.00E+00  0.00E+00
  65 2.73E-01  53016.3  2.17E-01  4.00E-01  0.00E+00  0.00E+00  0.00E+00
  66 4.02E-01  57311.0  2.01E-01  4.00E-01  0.00E+00  0.00E+00  0.00E+00
  67 6.05E-01  61980.4  1.92E-01  4.00E-01  0.00E+00  0.00E+00  0.00E+00
  68 9.21E-01  67060.7  1.87E-01  4.00E-01  0.00E+00  0.00E+00  0.00E+00
  69 1.41E+00  72591.9  1.87E-01  4.00E-01  0.00E+00  0.00E+00  0.00E+00
  70 2.14E+00  78620.5  1.91E-01  4.00E-01  0.00E+00  0.00E+00  0.00E+00

convective zone between depths (inclusive)   0   0

 end rybsol

**********
 ITERATION:  9
**********

 before inilam
 after inilam
 after linsel
 NTRANS         136
 ilam           1
 after opaini in ilam           1
 after ratsp1i in ilam           1
 after newpop in ilam           1
 after output
 ITER  ID    XGRD         FPRAD    log(g_rad)    XGR0        PG+PT      PRAD       d(Ptot)/dm d(PG+PT)/dm

   9   1  1.0000E-01  1.0000E+00  3.6331E+00  3.1623E+06  3.1643E+00  2.1869E+02  3.1623E+07  3.1618E+07
   9   2  3.0000E-01  1.0000E+00  3.4200E+00  9.4868E+06  4.3428E+00  2.1869E+02  3.1623E+07  3.1620E+07
   9   3  5.0000E-01  1.0000E+00  3.1733E+00  1.5811E+07  5.9546E+00  2.1869E+02  3.1623E+07  3.1621E+07
   9   4  7.0000E-01  1.0000E+00  3.1176E+00  2.2136E+07  8.1561E+00  2.1869E+02  3.1623E+07  3.1621E+07
   9   5  9.0000E-01  1.0000E+00  3.0921E+00  2.8461E+07  1.1157E+01  2.1869E+02  3.1623E+07  3.1622E+07
   9   6  9.2000E-01  1.0000E+00  3.0841E+00  2.9093E+07  1.5238E+01  2.1869E+02  3.1623E+07  3.1622E+07
   9   7  9.4000E-01  1.0000E+00  3.0907E+00  2.9725E+07  2.0770E+01  2.1869E+02  3.1623E+07  3.1622E+07
   9   8  9.6000E-01  1.0000E+00  3.1140E+00  3.0358E+07  2.8237E+01  2.1869E+02  3.1623E+07  3.1621E+07
   9   9  9.8000E-01  1.0000E+00  3.1581E+00  3.0990E+07  3.8261E+01  2.1869E+02  3.1623E+07  3.1621E+07
   9  10  9.9000E-01  1.0000E+00  3.2210E+00  3.1307E+07  5.1630E+01  2.1869E+02  3.1623E+07  3.1621E+07
   9  11  9.9000E-01  1.0000E+00  3.2943E+00  3.1307E+07  6.9318E+01  2.1869E+02  3.1623E+07  3.1621E+07
   9  12  9.9000E-01  1.0000E+00  3.3689E+00  3.1307E+07  9.2501E+01  2.1869E+02  3.1623E+07  3.1620E+07
   9  13  9.9000E-01  1.0000E+00  3.4394E+00  3.1307E+07  1.2257E+02  2.1870E+02  3.1623E+07  3.1620E+07
   9  14  9.9000E-01  1.0000E+00  3.5039E+00  3.1307E+07  1.6113E+02  2.1870E+02  3.1623E+07  3.1620E+07
   9  15  9.9000E-01  1.0000E+00  3.5627E+00  3.1307E+07  2.1000E+02  2.1870E+02  3.1623E+07  3.1619E+07
   9  16  9.9000E-01  1.0000E+00  3.6168E+00  3.1307E+07  2.7123E+02  2.1871E+02  3.1623E+07  3.1619E+07
   9  17  9.9000E-01  1.0000E+00  3.6675E+00  3.1307E+07  3.4709E+02  2.1872E+02  3.1623E+07  3.1618E+07
   9  18  9.9000E-01  1.0000E+00  3.7146E+00  3.1307E+07  4.4014E+02  2.1874E+02  3.1623E+07  3.1618E+07
   9  19  9.9000E-01  1.0000E+00  3.7575E+00  3.1307E+07  5.5325E+02  2.1876E+02  3.1623E+07  3.1617E+07
   9  20  9.9000E-01  1.0000E+00  3.7966E+00  3.1307E+07  6.8967E+02  2.1879E+02  3.1623E+07  3.1617E+07
   9  21  9.9000E-01  1.0000E+00  3.8328E+00  3.1307E+07  8.5310E+02  2.1882E+02  3.1623E+07  3.1616E+07
   9  22  9.9000E-01  1.0000E+00  3.8669E+00  3.1307E+07  1.0478E+03  2.1887E+02  3.1623E+07  3.1615E+07
   9  23  9.9000E-01  1.0000E+00  3.9003E+00  3.1307E+07  1.2788E+03  2.1893E+02  3.1623E+07  3.1615E+07
   9  24  9.9000E-01  1.0000E+00  3.9352E+00  3.1307E+07  1.5519E+03  2.1900E+02  3.1623E+07  3.1614E+07
   9  25  9.9000E-01  1.0000E+00  3.9725E+00  3.1307E+07  1.8737E+03  2.1910E+02  3.1623E+07  3.1613E+07
   9  26  9.9000E-01  1.0000E+00  4.0122E+00  3.1307E+07  2.2523E+03  2.1922E+02  3.1623E+07  3.1612E+07
   9  27  9.9000E-01  1.0000E+00  4.0549E+00  3.1307E+07  2.6968E+03  2.1938E+02  3.1623E+07  3.1611E+07
   9  28  9.9000E-01  1.0000E+00  4.1004E+00  3.1307E+07  3.2180E+03  2.1959E+02  3.1623E+07  3.1610E+07
   9  29  9.9000E-01  1.0000E+00  4.1480E+00  3.1307E+07  3.8287E+03  2.1986E+02  3.1623E+07  3.1609E+07
   9  30  9.9000E-01  1.0000E+00  4.1968E+00  3.1307E+07  4.5439E+03  2.2021E+02  3.1623E+07  3.1607E+07
   9  31  9.9000E-01  1.0000E+00  4.2464E+00  3.1307E+07  5.3812E+03  2.2068E+02  3.1623E+07  3.1605E+07
   9  32  9.9000E-01  1.0000E+00  4.2958E+00  3.1307E+07  6.3615E+03  2.2129E+02  3.1623E+07  3.1603E+07
   9  33  9.9000E-01  1.0000E+00  4.3441E+00  3.1307E+07  7.5094E+03  2.2210E+02  3.1623E+07  3.1601E+07
   9  34  9.9000E-01  1.0000E+00  4.3910E+00  3.1307E+07  8.8544E+03  2.2314E+02  3.1623E+07  3.1598E+07
   9  35  9.9000E-01  1.0000E+00  4.4364E+00  3.1307E+07  1.0431E+04  2.2451E+02  3.1623E+07  3.1595E+07
   9  36  9.9000E-01  1.0000E+00  4.4799E+00  3.1307E+07  1.2283E+04  2.2628E+02  3.1623E+07  3.1593E+07
   9  37  9.9000E-01  1.0000E+00  4.5210E+00  3.1307E+07  1.4459E+04  2.2856E+02  3.1623E+07  3.1590E+07
   9  38  9.9000E-01  1.0000E+00  4.5597E+00  3.1307E+07  1.7024E+04  2.3151E+02  3.1623E+07  3.1586E+07
   9  39  9.9000E-01  1.0000E+00  4.5952E+00  3.1307E+07  2.0054E+04  2.3529E+02  3.1623E+07  3.1583E+07
   9  40  9.9000E-01  1.0000E+00  4.6276E+00  3.1307E+07  2.3646E+04  2.4011E+02  3.1623E+07  3.1580E+07
   9  41  9.9000E-01  1.0000E+00  4.6568E+00  3.1307E+07  2.7922E+04  2.4626E+02  3.1623E+07  3.1577E+07
   9  42  9.9000E-01  1.0000E+00  4.6825E+00  3.1307E+07  3.3038E+04  2.5406E+02  3.1623E+07  3.1575E+07
   9  43  9.9000E-01  1.0000E+00  4.7043E+00  3.1307E+07  3.9198E+04  2.6393E+02  3.1623E+07  3.1572E+07
   9  44  9.9000E-01  1.0000E+00  4.7224E+00  3.1307E+07  4.6667E+04  2.7642E+02  3.1623E+07  3.1570E+07
   9  45  9.9000E-01  1.0000E+00  4.7364E+00  3.1307E+07  5.5802E+04  2.9219E+02  3.1623E+07  3.1568E+07
   9  46  9.9000E-01  1.0000E+00  4.7465E+00  3.1307E+07  6.7085E+04  3.1212E+02  3.1623E+07  3.1567E+07
   9  47  9.9000E-01  1.0000E+00  4.7532E+00  3.1307E+07  8.1169E+04  3.3740E+02  3.1623E+07  3.1566E+07
   9  48  9.9000E-01  1.0000E+00  4.7571E+00  3.1307E+07  9.8947E+04  3.6959E+02  3.1623E+07  3.1566E+07
   9  49  9.9000E-01  1.0000E+00  4.7590E+00  3.1307E+07  1.2165E+05  4.1088E+02  3.1623E+07  3.1565E+07
   9  50  9.9000E-01  1.0000E+00  4.7596E+00  3.1307E+07  1.5094E+05  4.6424E+02  3.1623E+07  3.1565E+07
   9  51  9.9000E-01  1.0000E+00  4.7602E+00  3.1307E+07  1.8915E+05  5.3392E+02  3.1623E+07  3.1565E+07
   9  52  9.9000E-01  1.0000E+00  4.7624E+00  3.1307E+07  2.3936E+05  6.2595E+02  3.1623E+07  3.1565E+07
   9  53  9.9000E-01  1.0000E+00  4.7677E+00  3.1307E+07  3.0556E+05  7.4882E+02  3.1623E+07  3.1564E+07
   9  54  9.9000E-01  1.0000E+00  4.7774E+00  3.1307E+07  3.9296E+05  9.1466E+02  3.1623E+07  3.1563E+07
   9  55  9.9000E-01  1.0000E+00  4.7917E+00  3.1307E+07  5.0808E+05  1.1405E+03  3.1623E+07  3.1561E+07
   9  56  9.9000E-01  1.0000E+00  4.8105E+00  3.1307E+07  6.5901E+05  1.4496E+03  3.1623E+07  3.1558E+07
   9  57  9.9000E-01  1.0000E+00  4.8329E+00  3.1307E+07  8.5578E+05  1.8741E+03  3.1623E+07  3.1555E+07
   9  58  9.9000E-01  1.0000E+00  4.8578E+00  3.1307E+07  1.1111E+06  2.4573E+03  3.1623E+07  3.1551E+07
   9  59  9.9000E-01  1.0000E+00  4.8828E+00  3.1307E+07  1.4421E+06  3.2582E+03  3.1623E+07  3.1546E+07
   9  60  9.9000E-01  1.0000E+00  4.9044E+00  3.1307E+07  1.8738E+06  4.3564E+03  3.1623E+07  3.1543E+07
   9  61  9.9000E-01  1.0000E+00  4.9179E+00  3.1307E+07  2.4468E+06  5.8601E+03  3.1623E+07  3.1540E+07
   9  62  9.9000E-01  1.0000E+00  4.9179E+00  3.1307E+07  3.2313E+06  7.9192E+03  3.1623E+07  3.1540E+07
   9  63  9.9000E-01  1.0000E+00  4.9003E+00  3.1307E+07  4.3515E+06  1.0742E+04  3.1623E+07  3.1543E+07
   9  64  9.9000E-01  1.0000E+00  4.8635E+00  3.1307E+07  6.0238E+06  1.4613E+04  3.1623E+07  3.1550E+07
   9  65  9.9000E-01  1.0000E+00  4.8111E+00  3.1307E+07  8.6094E+06  1.9916E+04  3.1623E+07  3.1558E+07
   9  66  9.9000E-01  1.0000E+00  4.7511E+00  3.1307E+07  1.2678E+07  2.7183E+04  3.1623E+07  3.1566E+07
   9  67  9.9000E-01  1.0000E+00  4.6913E+00  3.1307E+07  1.9085E+07  3.7151E+04  3.1623E+07  3.1574E+07
   9  68  9.9000E-01  1.0000E+00  4.6361E+00  3.1307E+07  2.9068E+07  5.0827E+04  3.1623E+07  3.1580E+07
   9  69  9.9000E-01  1.0000E+00  4.5874E+00  3.1307E+07  4.4383E+07  6.9576E+04  3.1623E+07  3.1584E+07
 after radpre
 HMIX0  0.59999999999999998     

* CONVECTIVE FLUX: RESOLV; GLOBAL ITERATION =  8

 conout imod,iprin           1           1


  ID    DM        TEMP      DELTA  DELTA(AD)  CON/TOT  RAD/TOT  (C+R)/TOT


   1 1.00E-07   9821.0  0.00E+00  0.00E+00  0.00E+00  1.00E+00  1.00E+00
   2 1.37E-07  10367.1  1.00E+01  0.00E+00  0.00E+00  1.00E+00  1.00E+00
   3 1.88E-07  10565.6  2.59E+00  0.00E+00  0.00E+00  1.00E+00  1.00E+00
   4 2.58E-07  10718.6  1.45E+00  0.00E+00  0.00E+00  1.00E+00  1.00E+00
   5 3.53E-07  10848.3  9.01E-01  0.00E+00  0.00E+00  1.00E+00  1.00E+00
   6 4.82E-07  10961.4  5.80E-01  0.00E+00  0.00E+00  1.00E+00  1.00E+00
   7 6.57E-07  11059.6  3.75E-01  0.00E+00  0.00E+00  1.00E+00  1.00E+00
   8 8.93E-07  11141.8  2.38E-01  0.00E+00  0.00E+00  1.00E+00  1.00E+00
   9 1.21E-06  11210.6  1.52E-01  0.00E+00  0.00E+00  1.00E+00  1.00E+00
  10 1.63E-06  11272.8  1.08E-01  0.00E+00  0.00E+00  1.00E+00  1.00E+00
  11 2.19E-06  11336.9  8.84E-02  0.00E+00  0.00E+00  1.00E+00  1.00E+00
  12 2.93E-06  11408.9  8.08E-02  0.00E+00  0.00E+00  1.00E+00  1.00E+00
  13 3.88E-06  11491.3  7.71E-02  0.00E+00  0.00E+00  1.00E+00  1.00E+00
  14 5.10E-06  11584.3  7.45E-02  0.00E+00  0.00E+00  1.00E+00  1.00E+00
  15 6.64E-06  11686.0  7.15E-02  0.00E+00  0.00E+00  1.00E+00  1.00E+00
  16 8.58E-06  11794.3  6.86E-02  0.00E+00  0.00E+00  1.00E+00  1.00E+00
  17 1.10E-05  11908.6  6.65E-02  0.00E+00  0.00E+00  1.00E+00  1.00E+00
  18 1.39E-05  12028.7  6.55E-02  0.00E+00  0.00E+00  1.00E+00  1.00E+00
  19 1.75E-05  12153.2  6.46E-02  0.00E+00  0.00E+00  1.00E+00  1.00E+00
  20 2.18E-05  12280.0  6.35E-02  0.00E+00  0.00E+00  1.00E+00  1.00E+00
  21 2.70E-05  12406.8  6.18E-02  0.00E+00  0.00E+00  1.00E+00  1.00E+00
  22 3.31E-05  12530.7  5.94E-02  0.00E+00  0.00E+00  1.00E+00  1.00E+00
  23 4.04E-05  12649.7  5.62E-02  0.00E+00  0.00E+00  1.00E+00  1.00E+00
  24 4.91E-05  12761.4  5.24E-02  0.00E+00  0.00E+00  1.00E+00  1.00E+00
  25 5.93E-05  12867.2  4.93E-02  0.00E+00  0.00E+00  1.00E+00  1.00E+00
  26 7.12E-05  12966.6  4.62E-02  0.00E+00  0.00E+00  1.00E+00  1.00E+00
  27 8.53E-05  13060.7  4.37E-02  0.00E+00  0.00E+00  1.00E+00  1.00E+00
  28 1.02E-04  13151.8  4.22E-02  0.00E+00  0.00E+00  1.00E+00  1.00E+00
  29 1.21E-04  13242.1  4.18E-02  0.00E+00  0.00E+00  1.00E+00  1.00E+00
  30 1.44E-04  13333.9  4.24E-02  0.00E+00  0.00E+00  1.00E+00  1.00E+00
  31 1.70E-04  13430.2  4.44E-02  0.00E+00  0.00E+00  1.00E+00  1.00E+00
  32 2.01E-04  13534.6  4.79E-02  1.91E-01  0.00E+00  1.00E+00  1.00E+00
  33 2.38E-04  13649.2  5.24E-02  1.89E-01  0.00E+00  1.00E+00  1.00E+00
  34 2.80E-04  13776.3  5.77E-02  1.88E-01  0.00E+00  1.00E+00  1.00E+00
  35 3.30E-04  13918.3  6.40E-02  1.88E-01  0.00E+00  1.00E+00  1.00E+00
  36 3.89E-04  14078.6  7.14E-02  1.89E-01  0.00E+00  1.00E+00  1.00E+00
  37 4.58E-04  14258.2  7.89E-02  1.91E-01  0.00E+00  1.00E+00  1.00E+00
  38 5.39E-04  14463.1  8.86E-02  1.94E-01  0.00E+00  1.00E+00  1.00E+00
  39 6.35E-04  14694.6  9.80E-02  1.99E-01  0.00E+00  1.00E+00  1.00E+00
  40 7.48E-04  14955.1  1.08E-01  2.06E-01  0.00E+00  1.00E+00  1.00E+00
  41 8.84E-04  15248.3  1.18E-01  2.14E-01  0.00E+00  1.00E+00  1.00E+00
  42 1.05E-03  15578.2  1.28E-01  2.25E-01  0.00E+00  1.00E+00  1.00E+00
  43 1.24E-03  15949.0  1.38E-01  2.37E-01  0.00E+00  1.00E+00  1.00E+00
  44 1.48E-03  16365.8  1.49E-01  2.52E-01  0.00E+00  1.00E+00  1.00E+00
  45 1.77E-03  16833.5  1.58E-01  2.66E-01  0.00E+00  1.00E+00  1.00E+00
  46 2.12E-03  17356.5  1.67E-01  2.82E-01  0.00E+00  1.00E+00  1.00E+00
  47 2.57E-03  17940.0  1.74E-01  2.98E-01  0.00E+00  1.00E+00  1.00E+00
  48 3.13E-03  18589.9  1.80E-01  3.15E-01  0.00E+00  1.00E+00  1.00E+00
  49 3.85E-03  19313.3  1.85E-01  3.30E-01  0.00E+00  1.00E+00  1.00E+00
  50 4.78E-03  20118.0  1.89E-01  3.44E-01  0.00E+00  1.00E+00  1.00E+00
  51 5.99E-03  21015.1  1.94E-01  3.56E-01  0.00E+00  1.00E+00  1.00E+00
  52 7.58E-03  22018.6  1.98E-01  3.66E-01  0.00E+00  1.00E+00  1.00E+00
  53 9.68E-03  23146.3  2.05E-01  3.74E-01  0.00E+00  1.00E+00  1.00E+00
  54 1.24E-02  24421.4  2.13E-01  3.81E-01  0.00E+00  1.00E+00  1.00E+00
  55 1.61E-02  25867.5  2.24E-01  3.86E-01  0.00E+00  1.00E+00  1.00E+00
  56 2.09E-02  27506.3  2.36E-01  3.90E-01  0.00E+00  1.00E+00  1.00E+00
  57 2.71E-02  29354.5  2.49E-01  3.93E-01  0.00E+00  1.00E+00  1.00E+00
  58 3.52E-02  31424.9  2.61E-01  3.95E-01  0.00E+00  1.00E+00  1.00E+00
  59 4.57E-02  33726.3  2.71E-01  3.97E-01  0.00E+00  1.00E+00  1.00E+00
  60 5.94E-02  36265.8  2.77E-01  3.98E-01  0.00E+00  1.00E+00  1.00E+00
  61 7.76E-02  39052.0  2.77E-01  3.98E-01  0.00E+00  1.00E+00  1.00E+00
  62 1.02E-01  42100.0  2.70E-01  3.99E-01  0.00E+00  1.00E+00  1.00E+00
  63 1.38E-01  45430.8  2.56E-01  3.99E-01  0.00E+00  1.00E+00  1.00E+00
  64 1.91E-01  49064.0  2.37E-01  3.99E-01  0.00E+00  1.00E+00  1.00E+00
  65 2.73E-01  53016.3  2.17E-01  4.00E-01  0.00E+00  1.00E+00  1.00E+00
  66 4.02E-01  57311.0  2.01E-01  4.00E-01  0.00E+00  1.00E+00  1.00E+00
  67 6.05E-01  61980.4  1.92E-01  4.00E-01  0.00E+00  1.00E+00  1.00E+00
  68 9.21E-01  67060.7  1.87E-01  4.00E-01  0.00E+00  1.00E+00  1.00E+00
  69 1.41E+00  72591.9  1.87E-01  4.00E-01  0.00E+00  1.00E+00  1.00E+00
  70 2.14E+00  78620.5  1.91E-01  4.00E-01  0.00E+00  1.00E+00  1.00E+00

convective zone between depths (inclusive)   0   0


 RYBHEQ in iter   9
   id      dm          dens        pgs0          pra          pradfc      grad        log grad

   1   1.0008E-07   1.9729E-12   3.1643E+00   2.1869E+02   9.3233E+00   4.2964E+03   3.6331E+00
   2   1.3735E-07   2.5621E-12   4.3428E+00   2.1869E+02   7.5088E+00   2.6305E+03   3.4200E+00
   3   1.8832E-07   3.4470E-12   5.9546E+00   2.1869E+02   6.9601E+00   1.4902E+03   3.1733E+00
   4   2.5794E-07   4.6543E-12   8.1561E+00   2.1869E+02   6.5713E+00   1.3111E+03   3.1176E+00
   5   3.5285E-07   6.2917E-12   1.1157E+01   2.1869E+02   6.2625E+00   1.2363E+03   3.0921E+00
   6   4.8191E-07   8.5062E-12   1.5238E+01   2.1869E+02   6.0080E+00   1.2136E+03   3.0841E+00
   7   6.5685E-07   1.1494E-11   2.0770E+01   2.1869E+02   5.7976E+00   1.2321E+03   3.0907E+00
   8   8.9298E-07   1.5517E-11   2.8237E+01   2.1869E+02   5.6284E+00   1.3001E+03   3.1140E+00
   9   1.2100E-06   2.0907E-11   3.8261E+01   2.1869E+02   5.4915E+00   1.4392E+03   3.1581E+00
  10   1.6328E-06   2.8075E-11   5.1630E+01   2.1869E+02   5.3713E+00   1.6634E+03   3.2210E+00
  11   2.1921E-06   3.7508E-11   6.9318E+01   2.1869E+02   5.2508E+00   1.9691E+03   3.2943E+00
  12   2.9253E-06   4.9778E-11   9.2501E+01   2.1869E+02   5.1195E+00   2.3381E+03   3.3689E+00
  13   3.8762E-06   6.5543E-11   1.2257E+02   2.1870E+02   4.9743E+00   2.7503E+03   3.4394E+00
  14   5.0957E-06   8.5547E-11   1.6113E+02   2.1870E+02   4.8166E+00   3.1911E+03   3.5039E+00
  15   6.6414E-06   1.1062E-10   2.1000E+02   2.1870E+02   4.6513E+00   3.6538E+03   3.5627E+00
  16   8.5778E-06   1.4168E-10   2.7123E+02   2.1871E+02   4.4829E+00   4.1379E+03   3.6168E+00
  17   1.0977E-05   1.7972E-10   3.4709E+02   2.1872E+02   4.3134E+00   4.6502E+03   3.6675E+00
  18   1.3920E-05   2.2580E-10   4.4014E+02   2.1874E+02   4.1441E+00   5.1836E+03   3.7146E+00
  19   1.7498E-05   2.8111E-10   5.5325E+02   2.1876E+02   3.9772E+00   5.7213E+03   3.7575E+00
  20   2.1812E-05   3.4703E-10   6.8967E+02   2.1879E+02   3.8160E+00   6.2609E+03   3.7966E+00
  21   2.6982E-05   4.2516E-10   8.5310E+02   2.1882E+02   3.6630E+00   6.8049E+03   3.8328E+00
  22   3.3141E-05   5.1738E-10   1.0478E+03   2.1887E+02   3.5209E+00   7.3606E+03   3.8669E+00
  23   4.0447E-05   6.2595E-10   1.2788E+03   2.1893E+02   3.3912E+00   7.9495E+03   3.9003E+00
  24   4.9084E-05   7.5357E-10   1.5519E+03   2.1900E+02   3.2751E+00   8.6132E+03   3.9352E+00
  25   5.9265E-05   9.0323E-10   1.8737E+03   2.1910E+02   3.1701E+00   9.3861E+03   3.9725E+00
  26   7.1240E-05   1.0785E-09   2.2523E+03   2.1922E+02   3.0758E+00   1.0285E+04   4.0122E+00
  27   8.5301E-05   1.2836E-09   2.6968E+03   2.1938E+02   2.9902E+00   1.1348E+04   4.0549E+00
  28   1.0179E-04   1.5231E-09   3.2180E+03   2.1959E+02   2.9110E+00   1.2601E+04   4.1004E+00
  29   1.2111E-04   1.8023E-09   3.8287E+03   2.1986E+02   2.8358E+00   1.4060E+04   4.1480E+00
  30   1.4374E-04   2.1273E-09   4.5439E+03   2.2021E+02   2.7631E+00   1.5733E+04   4.1968E+00
  31   1.7023E-04   2.5047E-09   5.3812E+03   2.2068E+02   2.6903E+00   1.7635E+04   4.2464E+00
  32   2.0125E-04   2.9420E-09   6.3615E+03   2.2129E+02   2.6155E+00   1.9758E+04   4.2958E+00
  33   2.3758E-04   3.4475E-09   7.5094E+03   2.2210E+02   2.5379E+00   2.2083E+04   4.3441E+00
  34   2.8014E-04   4.0308E-09   8.8544E+03   2.2314E+02   2.4572E+00   2.4602E+04   4.3910E+00
  35   3.3005E-04   4.7028E-09   1.0431E+04   2.2451E+02   2.3728E+00   2.7313E+04   4.4364E+00
  36   3.8865E-04   5.4751E-09   1.2283E+04   2.2628E+02   2.2844E+00   3.0191E+04   4.4799E+00
  37   4.5755E-04   6.3626E-09   1.4459E+04   2.2856E+02   2.1934E+00   3.3187E+04   4.5210E+00
  38   5.3874E-04   7.3796E-09   1.7024E+04   2.3151E+02   2.0984E+00   3.6286E+04   4.5597E+00
  39   6.3469E-04   8.5466E-09   2.0054E+04   2.3529E+02   2.0015E+00   3.9376E+04   4.5952E+00
  40   7.4843E-04   9.8870E-09   2.3646E+04   2.4011E+02   1.9038E+00   4.2426E+04   4.6276E+00
  41   8.8385E-04   1.1430E-08   2.7922E+04   2.4626E+02   1.8067E+00   4.5375E+04   4.6568E+00
  42   1.0459E-03   1.3211E-08   3.3038E+04   2.5406E+02   1.7110E+00   4.8136E+04   4.6825E+00
  43   1.2410E-03   1.5276E-08   3.9198E+04   2.6393E+02   1.6178E+00   5.0621E+04   4.7043E+00
  44   1.4776E-03   1.7685E-08   4.6667E+04   2.7642E+02   1.5282E+00   5.2767E+04   4.7224E+00
  45   1.7669E-03   2.0515E-08   5.5802E+04   2.9219E+02   1.4432E+00   5.4498E+04   4.7364E+00
  46   2.1244E-03   2.3871E-08   6.7085E+04   3.1212E+02   1.3641E+00   5.5777E+04   4.7465E+00
  47   2.5705E-03   2.7893E-08   8.1169E+04   3.3740E+02   1.2919E+00   5.6647E+04   4.7532E+00
  48   3.1338E-03   3.2760E-08   9.8947E+04   3.6959E+02   1.2274E+00   5.7167E+04   4.7571E+00
  49   3.8528E-03   3.8714E-08   1.2165E+05   4.1088E+02   1.1713E+00   5.7414E+04   4.7590E+00
  50   4.7810E-03   4.6062E-08   1.5094E+05   4.6424E+02   1.1240E+00   5.7487E+04   4.7596E+00
  51   5.9915E-03   5.5206E-08   1.8915E+05   5.3392E+02   1.0857E+00   5.7566E+04   4.7602E+00
  52   7.5821E-03   6.6622E-08   2.3936E+05   6.2595E+02   1.0562E+00   5.7862E+04   4.7624E+00
  53   9.6795E-03   8.0852E-08   3.0556E+05   7.4882E+02   1.0347E+00   5.8578E+04   4.7677E+00
  54   1.2448E-02   9.8494E-08   3.9296E+05   9.1466E+02   1.0199E+00   5.9895E+04   4.7774E+00
  55   1.6096E-02   1.2018E-07   5.0808E+05   1.1405E+03   1.0103E+00   6.1905E+04   4.7917E+00
  56   2.0879E-02   1.4654E-07   6.5901E+05   1.4496E+03   1.0044E+00   6.4638E+04   4.8105E+00
  57   2.7115E-02   1.7826E-07   8.5578E+05   1.8741E+03   1.0011E+00   6.8068E+04   4.8329E+00
  58   3.5207E-02   2.1615E-07   1.1111E+06   2.4573E+03   9.9940E-01   7.2074E+04   4.8578E+00
  59   4.5698E-02   2.6135E-07   1.4421E+06   3.2582E+03   9.9880E-01   7.6343E+04   4.8828E+00
  60   5.9384E-02   3.1577E-07   1.8738E+06   4.3564E+03   9.9888E-01   8.0239E+04   4.9044E+00
  61   7.7552E-02   3.8288E-07   2.4468E+06   5.8601E+03   9.9932E-01   8.2767E+04   4.9179E+00
  62   1.0242E-01   4.6900E-07   3.2313E+06   7.9192E+03   9.9983E-01   8.2784E+04   4.9179E+00
  63   1.3794E-01   5.8526E-07   4.3515E+06   1.0742E+04   1.0001E+00   7.9486E+04   4.9003E+00
  64   1.9094E-01   7.5017E-07   6.0238E+06   1.4613E+04   1.0001E+00   7.3023E+04   4.8635E+00
  65   2.7287E-01   9.9223E-07   8.6094E+06   1.9916E+04   9.9986E-01   6.4730E+04   4.8111E+00
  66   4.0177E-01   1.3516E-06   1.2678E+07   2.7183E+04   9.9936E-01   5.6381E+04   4.7511E+00
  67   6.0469E-01   1.8814E-06   1.9085E+07   3.7151E+04   9.9845E-01   4.9121E+04   4.6913E+00
  68   9.2082E-01   2.6485E-06   2.9068E+07   5.0827E+04   9.9677E-01   4.3259E+04   4.6361E+00
  69   1.4057E+00   3.7358E-06   4.4383E+07   6.9576E+04   9.9376E-01   3.8668E+04   4.5874E+00
  70   2.1367E+00   5.2440E-06   6.7475E+07   9.5241E+04   9.8868E-01   3.5107E+04   4.5454E+00
 before if(lfin) T

 ************************************
 FINAL RESULTS:
 
 MODEL QUANTITIES IN  8. ITERATION
 ************************************

 TOTAL SURFACE FLUX 7.21847034D+11

 ----------------------
 FINAL MODEL ATMOSPHERE
 ----------------------
  ID    MASS      TAUROSS     TEMP       NE         DENS      P_gas    LOG(G_rad)   RAD/TOT   CON/TOT  (RAD+CON)/TOT

   1  1.001E-07  3.258E-08    9821.0  1.164E+12  1.973E-12  3.164E+00  5.960E+00  1.000E+00  0.000E+00  1.00003E+00
   2  1.373E-07  5.687E-08   10367.1  1.515E+12  2.562E-12  4.343E+00  1.471E+00  1.000E+00  0.000E+00  1.00003E+00
   3  1.883E-07  9.137E-08   10565.6  2.039E+12  3.447E-12  5.955E+00  1.088E+00  1.000E+00  0.000E+00  1.00003E+00
   4  2.579E-07  1.426E-07   10718.6  2.752E+12  4.654E-12  8.156E+00  8.973E-01  1.000E+00  0.000E+00  1.00003E+00
   5  3.528E-07  2.198E-07   10848.3  3.720E+12  6.292E-12  1.116E+01  7.372E-01  1.000E+00  0.000E+00  1.00003E+00
   6  4.819E-07  3.378E-07   10961.4  5.027E+12  8.506E-12  1.524E+01  5.957E-01  1.000E+00  0.000E+00  1.00003E+00
   7  6.569E-07  5.203E-07   11059.6  6.789E+12  1.149E-11  2.077E+01  4.702E-01  1.000E+00  0.000E+00  1.00003E+00
   8  8.930E-07  8.060E-07   11141.8  9.158E+12  1.552E-11  2.824E+01  3.632E-01  1.000E+00  0.000E+00  1.00003E+00
   9  1.210E-06  1.258E-06   11210.6  1.233E+13  2.091E-11  3.826E+01  2.794E-01  1.000E+00  0.000E+00  1.00003E+00
  10  1.633E-06  1.979E-06   11272.8  1.653E+13  2.807E-11  5.163E+01  2.173E-01  1.000E+00  0.000E+00  1.00003E+00
  11  2.192E-06  3.130E-06   11336.9  2.205E+13  3.751E-11  6.932E+01  1.690E-01  1.000E+00  0.000E+00  1.00003E+00
  12  2.925E-06  4.957E-06   11408.9  2.922E+13  4.978E-11  9.250E+01  1.261E-01  1.000E+00  0.000E+00  1.00003E+00
  13  3.876E-06  7.831E-06   11491.3  3.840E+13  6.554E-11  1.226E+02  8.361E-02  1.000E+00  0.000E+00  1.00003E+00
  14  5.096E-06  1.228E-05   11584.3  5.003E+13  8.555E-11  1.611E+02  4.015E-02  1.000E+00  0.000E+00  1.00003E+00
  15  6.641E-06  1.907E-05   11686.0  6.459E+13  1.106E-10  2.100E+02 -3.987E-03  1.000E+00  0.000E+00  1.00003E+00
  16  8.578E-06  2.922E-05   11794.3  8.258E+13  1.417E-10  2.712E+02 -4.782E-02  1.000E+00  0.000E+00  1.00003E+00
  17  1.098E-05  4.414E-05   11908.6  1.046E+14  1.797E-10  3.471E+02 -9.023E-02  1.000E+00  0.000E+00  1.00003E+00
  18  1.392E-05  6.569E-05   12028.7  1.312E+14  2.258E-10  4.401E+02 -1.318E-01  1.000E+00  0.000E+00  1.00003E+00
  19  1.750E-05  9.629E-05   12153.2  1.631E+14  2.811E-10  5.533E+02 -1.737E-01  1.000E+00  0.000E+00  1.00003E+00
  20  2.181E-05  1.391E-04   12280.0  2.011E+14  3.470E-10  6.897E+02 -2.159E-01  1.000E+00  0.000E+00  1.00003E+00
  21  2.698E-05  1.983E-04   12406.8  2.460E+14  4.252E-10  8.531E+02 -2.582E-01  1.000E+00  0.000E+00  1.00003E+00
  22  3.314E-05  2.792E-04   12530.7  2.990E+14  5.174E-10  1.048E+03 -3.002E-01  1.000E+00  0.000E+00  1.00003E+00
  23  4.045E-05  3.892E-04   12649.7  3.612E+14  6.259E-10  1.279E+03 -3.410E-01  1.000E+00  0.000E+00  1.00003E+00
  24  4.908E-05  5.379E-04   12761.4  4.341E+14  7.536E-10  1.552E+03 -3.788E-01  1.000E+00  0.000E+00  1.00003E+00
  25  5.926E-05  7.382E-04   12867.2  5.193E+14  9.032E-10  1.874E+03 -4.129E-01  1.000E+00  0.000E+00  1.00003E+00
  26  7.124E-05  1.007E-03   12966.6  6.188E+14  1.079E-09  2.252E+03 -4.437E-01  1.000E+00  0.000E+00  1.00003E+00
  27  8.530E-05  1.368E-03   13060.7  7.346E+14  1.284E-09  2.697E+03 -4.707E-01  1.000E+00  0.000E+00  1.00003E+00
  28  1.018E-04  1.851E-03   13151.8  8.693E+14  1.523E-09  3.218E+03 -4.944E-01  1.000E+00  0.000E+00  1.00003E+00
  29  1.211E-04  2.495E-03   13242.1  1.026E+15  1.802E-09  3.829E+03 -5.157E-01  1.000E+00  0.000E+00  1.00003E+00
  30  1.437E-04  3.353E-03   13333.9  1.207E+15  2.127E-09  4.544E+03 -5.354E-01  1.000E+00  0.000E+00  1.00003E+00
  31  1.702E-04  4.493E-03   13430.2  1.417E+15  2.505E-09  5.381E+03 -5.543E-01  1.000E+00  0.000E+00  1.00002E+00
  32  2.013E-04  5.999E-03   13534.6  1.660E+15  2.942E-09  6.361E+03 -5.735E-01  1.000E+00  0.000E+00  1.00002E+00
  33  2.376E-04  7.982E-03   13649.2  1.941E+15  3.447E-09  7.509E+03 -5.938E-01  1.000E+00  0.000E+00  1.00002E+00
  34  2.801E-04  1.058E-02   13776.3  2.266E+15  4.031E-09  8.854E+03 -6.157E-01  1.000E+00  0.000E+00  1.00002E+00
  35  3.301E-04  1.397E-02   13918.3  2.641E+15  4.703E-09  1.043E+04 -6.395E-01  1.000E+00  0.000E+00  1.00001E+00
  36  3.887E-04  1.837E-02   14078.6  3.073E+15  5.475E-09  1.228E+04 -6.656E-01  1.000E+00  0.000E+00  1.00001E+00
  37  4.576E-04  2.405E-02   14258.2  3.573E+15  6.363E-09  1.446E+04 -6.949E-01  1.000E+00  0.000E+00  1.00000E+00
  38  5.387E-04  3.135E-02   14463.1  4.151E+15  7.380E-09  1.702E+04 -7.274E-01  1.000E+00  0.000E+00  1.00000E+00
  39  6.347E-04  4.068E-02   14694.6  4.818E+15  8.547E-09  2.005E+04 -7.644E-01  1.000E+00  0.000E+00  1.00000E+00
  40  7.484E-04  5.256E-02   14955.1  5.591E+15  9.887E-09  2.365E+04 -8.059E-01  1.000E+00  0.000E+00  1.00000E+00
  41  8.838E-04  6.763E-02   15248.3  6.488E+15  1.143E-08  2.792E+04 -8.525E-01  1.000E+00  0.000E+00  1.00000E+00
  42  1.046E-03  8.670E-02   15578.2  7.530E+15  1.321E-08  3.304E+04 -9.047E-01  1.000E+00  0.000E+00  1.00000E+00
  43  1.241E-03  1.108E-01   15949.0  8.746E+15  1.528E-08  3.920E+04 -9.635E-01  1.000E+00  0.000E+00  1.00000E+00
  44  1.478E-03  1.412E-01   16365.8  1.017E+16  1.768E-08  4.667E+04 -1.029E+00  1.000E+00  0.000E+00  1.00000E+00
  45  1.767E-03  1.798E-01   16833.5  1.185E+16  2.051E-08  5.580E+04 -1.103E+00  1.000E+00  0.000E+00  1.00000E+00
  46  2.124E-03  2.288E-01   17356.5  1.384E+16  2.387E-08  6.709E+04 -1.184E+00  1.000E+00  0.000E+00  1.00000E+00
  47  2.571E-03  2.916E-01   17940.0  1.624E+16  2.789E-08  8.117E+04 -1.274E+00  1.000E+00  0.000E+00  1.00000E+00
  48  3.134E-03  3.728E-01   18589.9  1.913E+16  3.276E-08  9.895E+04 -1.371E+00  1.000E+00  0.000E+00  1.00000E+00
  49  3.853E-03  4.791E-01   19313.3  2.267E+16  3.871E-08  1.216E+05 -1.475E+00  1.000E+00  0.000E+00  1.00000E+00
  50  4.781E-03  6.203E-01   20118.0  2.704E+16  4.606E-08  1.509E+05 -1.586E+00  1.000E+00  0.000E+00  1.00000E+00
  51  5.992E-03  8.106E-01   21015.1  3.247E+16  5.521E-08  1.892E+05 -1.700E+00  1.000E+00  0.000E+00  1.00000E+00
  52  7.582E-03  1.071E+00   22018.6  3.925E+16  6.662E-08  2.394E+05 -1.817E+00  1.000E+00  0.000E+00  1.00000E+00
  53  9.680E-03  1.431E+00   23146.3  4.769E+16  8.085E-08  3.056E+05 -1.932E+00  1.000E+00  0.000E+00  1.00000E+00
  54  1.245E-02  1.932E+00   24421.4  5.816E+16  9.849E-08  3.930E+05 -2.043E+00  1.000E+00  0.000E+00  1.00000E+00
  55  1.610E-02  2.631E+00   25867.5  7.102E+16  1.202E-07  5.081E+05 -2.148E+00  1.000E+00  0.000E+00  1.00000E+00
  56  2.088E-02  3.607E+00   27506.3  8.667E+16  1.465E-07  6.590E+05 -2.247E+00  1.000E+00  0.000E+00  1.00000E+00
  57  2.711E-02  4.966E+00   29354.5  1.055E+17  1.783E-07  8.558E+05 -2.340E+00  1.000E+00  0.000E+00  1.00000E+00
  58  3.521E-02  6.851E+00   31424.9  1.280E+17  2.162E-07  1.111E+06 -2.428E+00  1.000E+00  0.000E+00  1.00000E+00
  59  4.570E-02  9.456E+00   33726.3  1.548E+17  2.613E-07  1.442E+06 -2.516E+00  1.000E+00  0.000E+00  1.00000E+00
  60  5.938E-02  1.304E+01   36265.8  1.870E+17  3.158E-07  1.874E+06 -2.610E+00  1.000E+00  0.000E+00  1.00000E+00
  61  7.755E-02  1.797E+01   39052.0  2.268E+17  3.829E-07  2.447E+06 -2.719E+00  1.000E+00  0.000E+00  1.00000E+00
  62  1.024E-01  2.474E+01   42100.0  2.779E+17  4.690E-07  3.231E+06 -2.855E+00  1.000E+00  0.000E+00  1.00000E+00
  63  1.379E-01  3.402E+01   45430.8  3.468E+17  5.853E-07  4.351E+06 -3.028E+00  1.000E+00  0.000E+00  1.00000E+00
  64  1.909E-01  4.675E+01   49064.0  4.446E+17  7.502E-07  6.024E+06 -3.238E+00  1.000E+00  0.000E+00  1.00000E+00
  65  2.729E-01  6.423E+01   53016.3  5.880E+17  9.922E-07  8.609E+06 -3.480E+00  1.000E+00  0.000E+00  1.00000E+00
  66  4.018E-01  8.828E+01   57311.0  8.010E+17  1.352E-06  1.268E+07 -3.737E+00  1.000E+00  0.000E+00  1.00000E+00
  67  6.047E-01  1.214E+02   61980.4  1.115E+18  1.881E-06  1.908E+07 -3.994E+00  1.000E+00  0.000E+00  1.00000E+00
  68  9.208E-01  1.668E+02   67060.7  1.570E+18  2.649E-06  2.907E+07 -4.241E+00  1.000E+00  0.000E+00  1.00000E+00
  69  1.406E+00  2.292E+02   72591.9  2.214E+18  3.736E-06  4.438E+07 -4.476E+00  1.000E+00  0.000E+00  1.00000E+00
  70  2.137E+00  3.145E+02   78620.5  3.108E+18  5.244E-06  6.747E+07 -4.476E+00  1.000E+00  0.000E+00  1.00000E+00
 after outpri           0          30 T
