
 run with tlusty3.01-BETA generated on 11 Jun 2026


 *******************************
  M O D E L   A T M O S P H E R E
  *******************************

 TEFF   =    20000.
 LOG G  =      8.00


  INPUT KEYWORD PARAMETERS:
  -------------------------
 IFRYB=1,iFMOL=1,IHYDPR=2,IFENTR=1                                               
 IQUASI=1,NUNALP=3,NUNBET=3,NUNGAM=3                                             
 IPRINT=1,IPRING=0,CHMAX=1.e-4                                                   
 HMIX0=0.6,MLTYPE=2,ITEK=150,IACC=150                                            
 OPRMIN=1.e-3,ABROS0=1.                                                          
 TAUDIV=1.e-2,IDLST=0                                                            
 NDCGAP=5,ICONRE=0,IDEEPC=3                                                      
 ILGDER=1,CRFLIM=-10.,IMUCON=40,ICONRS=5                                         
 DIFT=0.01,DIFP=0.01                                                             
 ifryb_nst2           1

 VALUES OF SOME KEYWORD PARAMETERS:
 ==================================

ISPLIN=     0  IRTE  =     0  IBC   =     3  ILMCOR=     3  ILPSCT=     1
ILASCT=     0  DJMAX = 0.001  NTRALI=     3  IPSLTE=     0
ICOMPT=     0
IZSCAL=     0  IBCHE =     1  IVISC =     0
IFALI =     5  IFPOPR=     4  JALI  =     1  NFFIX =     0
IFPREC=     1  IELCOR=    -1  ICHC  =     1  IRSPLT=     1  IATREF=     1
MODREF=     1  IACPP =     7  IACPD =     4  IFLEV =     1  IDLTE =  1000
POPZER=1.E-20  POPZR2=1.E-20  RADZER=1.E-20  NITZER=     1  IFDIEL=     0
IOVER =     1  ITLAS =   100
NITER =    30  NLAMBD=     1  ND    =    70
JIDS  =     0  IDMFIX=     1
NMU   =     3
NELSC =     0  IHECOR=     0  IBFINT=     1  IRDER =     3  CHMAX = 0.000
ILDER =     0  IBPOPE=     1  CHMAXT= 0.010  NLAMT =     1
INTRPL=     0  ICHANG=     0
INHE  =     1  INRE  =     2  INPC  =     3  INSE  =     4  INMP  =     0
INDL  =     0  NDRE  =     0  TAUDIV= 0.010  IDLST =     0  NRETC =     0
ICONV =     0  IPRESS=     0  ITEMP =     0
IOPADD=     4  IRSCT =     1  IOPHMI=     1  IOPH2P=     0
IACC  =   150  IACD  =     4  KSNG  =     0  ITEK  =   150  ORELAX= 1.000
IWINBL=    -1
IFPRD =     0  XPDIV =   3.0

TRAD  =    0.  WDIL  =0.000
HMIX0 =   0.6  VTB   =    0.  IPTURB=     1
XGRAD =  0.00  STRL1 =1.E-03  STRL2 =2.E-02
STRLX =1.E-10
FRCMAX=0.E+00  FRCMIN=1.E+12  FRLMAX=9.E+15  FRLMIN=1.E+13
CFRMAX=  2.00
DFTAIL= 0.250  NFTAIL=    21
TSNU  =    0.  VTNU  =  0.00  DDNU  = 0.750  DDNU2 = 5.000
IELNU =     0  CNU1  =  4.50  CNU2  =  3.00
CNU3  =  2.00  ISPODF=     0
DPSILG= 10.00  DPSILT=  1.25  DPSILN= 10.00  DPSILD=  1.25

TAUFIR=1.E-07  TAULAS= 316.0  ABROS0= 1.000  TSURF = 0.000  ALBAVE= 0.000
ABPLAO= 0.300  ABPMIN=1.E-05
DION0 = 1.000  NDGREY=     0  IDGREY=     0  NCONIT=     0  IPRING=     0
IHM   =     0  IH2   =     0  IH2P  =     0

 IFRYB            1
 alloc_ini MATOM,MDEPTH,MIO0,MLEVE0,MME0              99          70         170        1134          12

  CHEMICAL ELEMENTS INCLUDED
  --------------------------

   ELEMENT   MAX.ION      ABUNDANCE

 natoms           1
   1     H    2      1.00E+00      1.00E+00   EXPLICIT: IAT=  1

 YTOT WMY WMM     1.00000E+00    1.00800E+00    1.68672E-24


  EXPLICIT IONS INCLUDED
  ----------------------
  NO.  ION     N0    N1    NK    IZ  IUPSUM ICUP ILVLIN

  1   H 1     1    16    17     1  -100    16     0
 alloc_tra MTRAN0,MLEVEL,MBF,MFIT,MCROSS             136          17          17         357          42
 alloc_tra MION,MXTCOL,MCFIT,MVOIG0                    1           3          10         136
 alloc_freq MFREQ0                                655000
 -----------
 reading Tremblay tables; ihydpr = 22
 -----------
 itab,iline,i,j,nwl,ne,nt    1   1   1   2  54  17   7
 itab,iline,i,j,nwl,ne,nt    1   2   1   3  52  17   7
 itab,iline,i,j,nwl,ne,nt    1   3   1   4  50  17   7
 itab,iline,i,j,nwl,ne,nt    1   4   1   5  47  17   7
 itab,iline,i,j,nwl,ne,nt    1   5   1   6  46  17   7
 itab,iline,i,j,nwl,ne,nt    1   6   1   7  44  17   7
 itab,iline,i,j,nwl,ne,nt    1   7   1   8  44  17   7
 itab,iline,i,j,nwl,ne,nt    1   8   1   9  41  17   7
 itab,iline,i,j,nwl,ne,nt    1   9   1  10  42  17   7
 itab,iline,i,j,nwl,ne,nt    1  10   1  11  41  17   7
 itab,iline,i,j,nwl,ne,nt    1  11   1  12  40  17   7
 itab,iline,i,j,nwl,ne,nt    1  12   1  13  40  17   7
 itab,iline,i,j,nwl,ne,nt    1  13   1  14  44  17   7
 itab,iline,i,j,nwl,ne,nt    1  14   1  15  39  17   7
 itab,iline,i,j,nwl,ne,nt    1  15   1  16  39  17   7
 itab,iline,i,j,nwl,ne,nt    1  16   1  17  39  17   7
 itab,iline,i,j,nwl,ne,nt    1  17   1  18  38  17   7
 itab,iline,i,j,nwl,ne,nt    1  18   1  19  39  17   7
 itab,iline,i,j,nwl,ne,nt    1  19   1  20  38  17   7
 itab,iline,i,j,nwl,ne,nt    1  20   1  21  38  17   7
 itab,iline,i,j,nwl,ne,nt    2  21   2   3  43  17   7
 itab,iline,i,j,nwl,ne,nt    2  22   2   4  42  17   7
 itab,iline,i,j,nwl,ne,nt    2  23   2   5  42  17   7
 itab,iline,i,j,nwl,ne,nt    2  24   2   6  44  17   7
 itab,iline,i,j,nwl,ne,nt    2  25   2   7  44  17   7
 itab,iline,i,j,nwl,ne,nt    2  26   2   8  43  17   7
 itab,iline,i,j,nwl,ne,nt    2  27   2   9  43  17   7
 itab,iline,i,j,nwl,ne,nt    2  28   2  10  43  17   7
 itab,iline,i,j,nwl,ne,nt    2  29   2  11  42  17   7
 itab,iline,i,j,nwl,ne,nt    2  30   2  12  40  17   7
 itab,iline,i,j,nwl,ne,nt    2  31   2  13  40  17   7
 itab,iline,i,j,nwl,ne,nt    2  32   2  14  44  17   7
 itab,iline,i,j,nwl,ne,nt    2  33   2  15  39  17   7
 itab,iline,i,j,nwl,ne,nt    2  34   2  16  39  17   7
 itab,iline,i,j,nwl,ne,nt    2  35   2  17  39  17   7
 itab,iline,i,j,nwl,ne,nt    2  36   2  18  38  17   7
 itab,iline,i,j,nwl,ne,nt    2  37   2  19  39  17   7
 itab,iline,i,j,nwl,ne,nt    2  38   2  20  38  17   7
 itab,iline,i,j,nwl,ne,nt    2  39   2  21  38  17   7
 itab,iline,i,j,nwl,ne,nt    2  40   2  22  37  17   7
 itab,iline,i,j,nwl,ne,nt    3  41   3   4  38  17   7
 itab,iline,i,j,nwl,ne,nt    3  42   3   5  38  17   7
 itab,iline,i,j,nwl,ne,nt    3  43   3   6  36  17   7
 itab,iline,i,j,nwl,ne,nt    3  44   3   7  35  17   7
 itab,iline,i,j,nwl,ne,nt    3  45   3   8  35  17   7
 itab,iline,i,j,nwl,ne,nt    3  46   3   9  35  17   7
 itab,iline,i,j,nwl,ne,nt    3  47   3  10  35  17   7
 itab,iline,i,j,nwl,ne,nt    3  48   3  11  35  17   7
 itab,iline,i,j,nwl,ne,nt    3  49   3  12  35  17   7
 itab,iline,i,j,nwl,ne,nt    3  50   3  13  35  17   7
 itab,iline,i,j,nwl,ne,nt    3  51   3  14  44  17   7
 itab,iline,i,j,nwl,ne,nt    3  52   3  15  35  17   7
 itab,iline,i,j,nwl,ne,nt    3  53   3  16  35  17   7
 itab,iline,i,j,nwl,ne,nt    3  54   3  17  35  17   7
 itab,iline,i,j,nwl,ne,nt    3  55   3  18  35  17   7
 itab,iline,i,j,nwl,ne,nt    3  56   3  19  35  17   7
 itab,iline,i,j,nwl,ne,nt    3  57   3  20  35  17   7
 itab,iline,i,j,nwl,ne,nt    3  58   3  21  35  17   7
 itab,iline,i,j,nwl,ne,nt    3  59   3  22  35  17   7
 itab,iline,i,j,nwl,ne,nt    4  60   4   5  36  17   7
 itab,iline,i,j,nwl,ne,nt    4  61   4   6  35  17   7
 itab,iline,i,j,nwl,ne,nt    4  62   4   7  35  17   7
 itab,iline,i,j,nwl,ne,nt    4  63   4   8  35  17   7
 itab,iline,i,j,nwl,ne,nt    4  64   4   9  35  17   7
 itab,iline,i,j,nwl,ne,nt    4  65   4  10  35  17   7
 itab,iline,i,j,nwl,ne,nt    4  66   4  11  35  17   7
 itab,iline,i,j,nwl,ne,nt    4  67   4  12  35  17   7
 itab,iline,i,j,nwl,ne,nt    4  68   4  13  35  17   7
 itab,iline,i,j,nwl,ne,nt    4  69   4  14  35  17   7
 ihydp0,ihydpr,ihyddk           2          22           0
 ION,ITR,IT0           1         136         136         136
 MTRANS=         136
 MFREQL (for normal lines) =           58

*** AFTER RDATA:

     NFREQ  =    2415
     NFREQL =      57  set to MFREQL
     NTRANS =     136  set to MTRANS

 alloc_tra2 MTRANS,MMCDW                             136          46
 nlvexp end levset           2
 NLEVEL,MLEVEL          17          17

 EXPLICIT ENERGY LEVELS INCLUDED
 -------------------------------

 NO.   LEVEL    ION   ION.FREQ.(s^-1)     G     NQ   IEL  ILK  IAT IMOD  ILT  IIE  IIF

   1  (N=1)     H 1  3.2880499E+15      2.00    1    1    0    1    5    0    1    1
   2  (N=2)     H 1  8.2201247E+14      8.00    2    1    0    1    5    0    0    0
   3  (N=3)     H 1  3.6533887E+14     18.00    3    1    0    1    5    0    0    0
   4  (N=4)     H 1  2.0550312E+14     32.00    4    1    0    1    5    0    0    0
   5  (N=5)     H 1  1.3152199E+14     50.00    5    1    0    1    5    0    0    0
   6  (N=6)     H 1  9.1334719E+13     72.00    6    1    0    1    5    0    0    0
   7  (N=7)     H 1  6.7103059E+13     98.00    7    1    0    1    5    0    0    0
   8  (N=8)     H 1  5.1375779E+13    128.00    8    1    0    1    5    0    0    0
   9  (N=9)     H 1  4.0593208E+13    162.00    9    1    0    1    5    0    0    0
  10  (N=10)    H 1  3.2880499E+13    200.00   10    1    0    1    5    0    0    0
  11  (N=11)    H 1  2.7173966E+13    242.00   11    1    0    1    5    0    0    0
  12  (N=12)    H 1  2.2833680E+13    288.00   12    1    0    1    5    0    0    0
  13  (N=13)    H 1  1.9455916E+13    338.00   13    1    0    1    5    0    0    0
  14  (N=14)    H 1  1.6775765E+13    392.00   14    1    0    1    5    0    0    0
  15  (N=15)    H 1  1.4613555E+13    450.00   15    1    0    1    5    0    0    0
  16  (N=16)    H 1  0.0000000E+00    512.00   16    1    0    1    5    0    0    0
  17  H 2       H 1  0.0000000E+00      1.00    1    1    1    1    5    0    2    2
 MTRANS,MTRAN0         136         136
 inifre njread,nfreqd,nfreqc         200         200         200
 nfreq,mfreq0,ispodf        2415      655000           0         200
 MFREQC at begin of  INIFRC         289

NFREQ, MFREQ  in inifrc(0)    2680

NFREQ, MFREQ  in inifrc(0)    2680
NFREQC,MFREQC in inifrc(0)     265

 nfreqe in inifrc           0
 inifre end nfreqc,mfreqc         265         265
 alloc_freq2 MFREQ,MFREQC,MCROSS,MDEPTH             2680         265          42          70
 MFREQC at begin of  INIFRC         289
 alloc_models MDEPTH,MION,MLEVEL,MLVEXP,MMER          70           1          17           3          12
 alloc_modelq MTRANS,MZZ,NLMX,MMCDW                  136          30          80          46
 alloc_radt MTRANS,MDEPTH,MMCDW               136          70          46
 before inpmod
 nhod           0   1816618.3241132824     
 after odfhys
 after odfset
 alloc_prf MFREQ,MFREQP,MDODF,MCFE,MDEPTH           2680        2680           3           1          70
 MFREQC at begin of  INIFRC         289

 MAXIMUM NUMBER OF OVERLAPPING TRANSITIONS:   13


 ACCURACY OF INTEGRATIONS:
 Interval:  1.59999997E+16  1.00000000E+12  1.59989997E+16  1.59989999E+16
                Planck functions:               10000.      4.4216E-05
                                                20000.      5.2658E-05
                                                40000.      8.6730E-06

 TOTAL NUMBER OF FREQUENCIES:    2680
 SELECTED FREQUENCIES:           2593
 ifryb bef corwn           1
 ifryb aft corwn           1
 as IFRYB>0, NFREQE and MFREX are           0           1


 TRANSITION PARAMETERS (TOTAL OF   136 )
 ---------------------

    ITR ILOW IUP               INDEXP  nfr    IFR0   IFR1     OSC        FR0         LAMBDA

     1    1   17   H 1   1  17      5     24      1     24   7.919E-19     911.764     187.370     968.809
     2    2   17   H 1   2  17      5     83      1     83   1.584E-18    3647.056     187.370    4314.849
     3    3   17   H 1   3  17      5    116      1    116   2.376E-18    8205.875     187.370    9949.776
     4    4   17   H 1   4  17      1    131      1    131   3.168E-18   14588.222     187.370   14546.017
     5    5   17   H 1   5  17      1    149      1    149   3.959E-18   22794.097     187.370   22568.413
     6    6   17   H 1   6  17      1    164      1    164   4.751E-18   32823.500     187.370   32498.514
     7    7   17   H 1   7  17      1    177      1    177   5.543E-18   44676.430     187.370   44234.089
     8    8   17   H 1   8  17      1    188      1    188   6.335E-18   58352.888     187.370   58129.570
     9    9   17   H 1   9  17      1    198      1    198   7.127E-18   73852.874     187.370   73121.658
    10   10   17   H 1  10  17      1    207      1    207   7.919E-18   91176.388     187.370   90273.651
    11   11   17   H 1  11  17      1    215      1    215   8.711E-18  110323.429     187.370  109954.974
    12   12   17   H 1  12  17      1    222      1    222   9.503E-18  131293.999     187.370  129994.058
    13   13   17   H 1  13  17      1    229      1    229   1.029E-17  154088.096     187.370  152562.471
    14   14   17   H 1  14  17      1    236      1    236   1.109E-17  178705.720     187.370  176936.357
    15   15   17   H 1  15  17      1    244      1    244   1.188E-17  205146.873     187.370  203115.716
    16   16   17   H 1  16  17      1    265      1    265   1.000E+00    Infinity     187.370 2997925.106
    17    1    2   H 1   1   2     -1     57    266    322   4.162E-01    1215.685    1025.686    1492.079
    18    1    3   H 1   1   3     -1     57    323    379   7.910E-02    1025.734     865.423    1258.942
    19    1    4   H 1   1   4     -1     53    380    432   2.899E-02     972.548     839.883    1154.986
    20    1    5   H 1   1   5     -1     41    433    473   1.394E-02     949.754     839.525    1093.304
    21    1    6   H 1   1   6     -1     41    474    514   7.799E-03     937.814     828.971    1079.560
    22    1    7   H 1   1   7     -1     41    515    555   4.814E-03     930.759     873.505     996.045
    23    1    8   H 1   1   8     -1     41    556    596   3.183E-03     926.236     869.260     991.205
    24    1    9   H 1   1   9     -1     41    597    637   2.216E-03     923.161     866.374     987.914
    25    1   10   H 1   1  10     -1     41    638    678   1.605E-03     920.974     864.321     985.573
    26    1   11   H 1   1  11     -1     41    679    719   1.201E-03     919.362     862.809     983.848
    27    1   12   H 1   1  12     -1     41    720    760   9.214E-04     918.140     861.662     982.541
    28    1   13   H 1   1  13     -1     41    761    801   7.227E-04     917.191     860.772     981.525
    29    1   14   H 1   1  14     -1     41    802    842   5.744E-04     916.440     860.066     980.721
    30    1   15   H 1   1  15     -1     41    843    883   4.686E-04     915.834     859.498     980.073
    31    1   16   H 1   1  16      0      1      0      0   3.615E-03     911.764    Infinity    Infinity
    32    2    3   H 1   2   3     -1     57    884    940   6.407E-01    6564.700    5669.211    7796.154
    33    2    4   H 1   2   4     -1     57    941    997   1.193E-01    4862.741    4199.415    5774.929
    34    2    5   H 1   2   5     -1     57    998   1054   4.467E-02    4341.733    3749.478    5156.186
    35    2    6   H 1   2   6     -1     41   1055   1095   2.209E-02    4102.937    3625.073    4725.918
    36    2    7   H 1   2   7     -1     41   1096   1136   1.270E-02    3971.238    3510.333    4571.470
    37    2    8   H 1   2   8     -1     29   1137   1165   8.036E-03    3890.193    3480.179    4409.720
    38    2    9   H 1   2   9     -1     41   1166   1206   5.429E-03    3836.513    3432.157    4348.871
    39    2   10   H 1   2  10     -1     41   1207   1247   3.851E-03    3799.016    3398.612    4306.367
    40    2   11   H 1   2  11     -1     41   1248   1288   2.835E-03    3771.741    3374.212    4275.449
    41    2   12   H 1   2  12     -1     41   1289   1329   2.151E-03    3751.257    3355.886    4252.230
    42    2   13   H 1   2  13     -1     41   1330   1370   1.672E-03    3735.469    3341.762    4234.333
    43    2   14   H 1   2  14     -1     41   1371   1411   1.326E-03    3723.036    3330.640    4220.239
    44    2   15   H 1   2  15     -1     41   1412   1452   1.070E-03    3713.066    3321.720    4208.938
    45    2   16   H 1   2  16      0      1      0      0   8.112E-03    3647.056    Infinity    Infinity
    46    3    4   H 1   3   4     -1     57   1453   1509   8.421E-01   18756.286   16571.761   21604.197
    47    3    5   H 1   3   5     -1     57   1510   1566   1.506E-01   12821.680   11328.352   14768.494
    48    3    6   H 1   3   6     -1     37   1567   1603   5.584E-02   10941.167    9666.860   12602.448
    49    3    7   H 1   3   7     -1     33   1604   1636   2.768E-02   10052.197    8885.531   11571.533
    50    3    8   H 1   3   8     -1     29   1637   1665   1.604E-02    9548.654    8542.256   10823.857
    51    3    9   H 1   3   9     -1     41   1666   1706   1.023E-02    9231.609    8663.743    9879.139
    52    3   10   H 1   3  10     -1     41   1707   1747   6.980E-03    9017.445    8462.752    9649.953
    53    3   11   H 1   3  11     -1     41   1748   1788   4.996E-03    8865.276    8319.943    9487.110
    54    3   12   H 1   3  12     -1     41   1789   1829   3.711E-03    8752.933    8214.512    9366.888
    55    3   13   H 1   3  13     -1     41   1830   1870   2.839E-03    8667.455    8134.292    9275.414
    56    3   14   H 1   3  14     -1     41   1871   1911   2.224E-03    8600.810    8071.746    9204.094
    57    3   15   H 1   3  15     -1     41   1912   1952   1.776E-03    8547.786    8021.984    9147.351
    58    3   16   H 1   3  16      0      1      0      0   1.307E-02    8205.875    Infinity    Infinity
    59    4    5   H 1   4   5     -1     13   1953   1965   1.038E+00   40522.839   40513.204   40532.479
    60    4    6   H 1   4   6     -1     13   1966   1978   1.793E-01   26258.800   26252.556   26265.046
    61    4    7   H 1   4   7     -1     13   1979   1991   6.549E-02   21661.299   21656.149   21666.452
    62    4    8   H 1   4   8     -1     13   1992   2004   3.230E-02   19450.963   19446.338   19455.590
    63    4    9   H 1   4   9     -1     13   2005   2017   1.870E-02   18179.169   18174.847   18183.493
    64    4   10   H 1   4  10     -1     13   2018   2030   1.196E-02   17366.931   17362.802   17371.062
    65    4   11   H 1   4  11     -1     13   2031   2043   8.187E-03   16811.189   16807.192   16815.188
    66    4   12   H 1   4  12     -1     13   2044   2056   5.886E-03   16411.750   16407.848   16415.654
    67    4   13   H 1   4  13     -1     13   2057   2069   4.393E-03   16113.788   16109.956   16117.621
    68    4   14   H 1   4  14     -1     13   2070   2082   3.375E-03   15884.953   15881.176   15888.732
    69    4   15   H 1   4  15     -1     13   2083   2095   2.656E-03   15705.024   15701.290   15708.760
    70    4   16   H 1   4  16      0      1      0      0   1.872E-02   14588.222    Infinity    Infinity
    71    5    6   H 1   5   6     -1     13   2096   2108   1.231E+00   74598.863   74581.126   74616.608
    72    5    7   H 1   5   7     -1     13   2109   2121   2.069E-01   46537.948   46526.883   46549.018
    73    5    8   H 1   5   8     -1     13   2122   2134   7.448E-02   37405.698   37396.804   37414.596
    74    5    9   H 1   5   9     -1     13   2135   2147   3.645E-02   32970.033   32962.194   32977.876
    75    5   10   H 1   5  10     -1     13   2148   2160   2.104E-02   30392.129   30384.903   30399.359
    76    5   11   H 1   5  11     -1     13   2161   2173   1.344E-02   28730.060   28723.229   28736.894
    77    5   12   H 1   5  12     -1     13   2174   2186   9.209E-03   27582.773   27576.215   27589.334
    78    5   13   H 1   5  13     -1     13   2187   2199   6.631E-03   26751.405   26745.045   26757.769
    79    5   14   H 1   5  14     -1     13   2200   2212   4.959E-03   26126.567   26120.355   26132.782
    80    5   15   H 1   5  15     -1     13   2213   2225   3.821E-03   25643.359   25637.262   25649.459
    81    5   16   H 1   5  16      0      1      0      0   2.544E-02   22794.097    Infinity    Infinity
    82    6    7   H 1   6   7     -1     13   2226   2238   1.424E+00  123719.345  123689.928  123748.775
    83    6    8   H 1   6   8     -1     13   2239   2251   2.340E-01   75025.142   75007.304   75042.989
    84    6    9   H 1   6   9     -1     13   2252   2264   8.315E-02   59082.299   59068.252   59096.354
    85    6   10   H 1   6  10     -1     13   2265   2277   4.038E-02   51286.718   51274.524   51298.918
    86    6   11   H 1   6  11     -1     13   2278   2290   2.320E-02   46725.217   46714.107   46736.332
    87    6   12   H 1   6  12     -1     13   2291   2303   1.479E-02   43764.666   43754.260   43775.077
    88    6   13   H 1   6  13     -1     13   2304   2316   1.012E-02   41708.056   41698.139   41717.977
    89    6   14   H 1   6  14     -1     13   2317   2329   7.289E-03   40208.787   40199.227   40218.352
    90    6   15   H 1   6  15     -1     13   2330   2342   5.455E-03   39075.595   39066.304   39084.890
    91    6   16   H 1   6  16      0      1      0      0   3.380E-02   32823.500    Infinity    Infinity
    92    7    8   H 1   7   8     -1     13   2343   2355   1.616E+00  190619.435  190574.112  190664.779
    93    7    9   H 1   7   9     -1     13   2356   2368   2.609E-01  113087.214  113060.325  113114.115
    94    7   10   H 1   7  10     -1     13   2369   2381   9.163E-02   87600.843   87580.015   87621.682
    95    7   11   H 1   7  11     -1     13   2382   2394   4.416E-02   75081.223   75063.371   75099.083
    96    7   12   H 1   7  12     -1     13   2395   2407   2.525E-02   67720.062   67703.961   67736.172
    97    7   13   H 1   7  13     -1     13   2408   2420   1.605E-02   62919.306   62904.346   62934.273
    98    7   14   H 1   7  14     -1     13   2421   2433   1.097E-02   59568.573   59554.410   59582.744
    99    7   15   H 1   7  15     -1     13   2434   2446   7.891E-03   57114.754   57101.174   57128.341
   100    7   16   H 1   7  16      0      1      0      0   4.471E-02   44676.430    Infinity    Infinity
   101    8    9   H 1   8   9     -1     13   2447   2459   1.807E+00  278034.350  277968.242  278100.489
   102    8   10   H 1   8  10     -1     13   2460   2472   2.876E-01  162091.356  162052.816  162129.915
   103    8   11   H 1   8  11     -1     13   2473   2485   1.000E-01  123871.921  123842.468  123901.387
   104    8   12   H 1   8  12     -1     13   2486   2498   4.787E-02  105035.199  105010.225  105060.185
   105    8   13   H 1   8  13     -1     13   2499   2511   2.724E-02   93920.363   93898.032   93942.705
   106    8   14   H 1   8  14     -1     13   2512   2524   1.726E-02   86645.198   86624.596   86665.809
   107    8   15   H 1   8  15     -1     13   2525   2537   1.177E-02   81549.067   81529.678   81568.466
   108    8   16   H 1   8  16      0      1      0      0   5.979E-02   58352.888    Infinity    Infinity
   109    9   10   H 1   9  10      0      1      0      0   1.999E+00  388699.338    Infinity    Infinity
   110    9   11   H 1   9  11     -1     13   2538   2550   3.143E-01  223404.944  223351.826  223458.088
   111    9   12   H 1   9  12     -1     13   2551   2563   1.083E-01  168806.570  168766.433  168846.725
   112    9   13   H 1   9  13     -1     13   2564   2576   5.152E-02  141831.088  141797.365  141864.827
   113    9   14   H 1   9  14     -1     13   2577   2589   2.918E-02  125870.986  125841.058  125900.928
   114    9   15   H 1   9  15     -1     13   2590   2602   1.843E-02  115395.116  115367.679  115422.566
   115    9   16   H 1   9  16      0      1      0      0   8.203E-02   73852.874    Infinity    Infinity
   116   10   11   H 1  10  11      0      1      0      0   2.190E+00  525349.663    Infinity    Infinity
   117   10   12   H 1  10  12     -1     13   2603   2615   3.408E-01  298395.451  298324.503  298466.434
   118   10   13   H 1  10  13     -1     13   2616   2628   1.166E-01  223316.080  223262.983  223369.203
   119   10   14   H 1  10  14     -1     13   2629   2641   5.513E-02  186151.792  186107.531  186196.074
   120   10   15   H 1  10  15     -1     13   2642   2654   3.109E-02  164117.498  164078.476  164156.538
   121   10   16   H 1  10  16      0      1      0      0   1.178E-01   91176.388    Infinity    Infinity
   122   11   12   H 1  11  12      0      1      0      0   2.381E+00  690720.601    Infinity    Infinity
   123   11   13   H 1  11  13      0      1      0      0   3.673E-01  388430.407    Infinity    Infinity
   124   11   14   H 1  11  14     -1     13   2655   2667   1.248E-01  288311.895  288243.344  288380.479
   125   11   15   H 1  11  15     -1     13   2668   2680   5.872E-02  238680.496  238623.746  238737.273
   126   11   16   H 1  11  16      0      1      0      0   1.829E-01  110323.429    Infinity    Infinity
   127   12   13   H 1  12  13      0      1      0      0   2.572E+00  887547.430    Infinity    Infinity
   128   12   14   H 1  12  14      0      1      0      0   3.938E-01  494877.379    Infinity    Infinity
   129   12   15   H 1  12  15      0      1      0      0   1.330E-01  364705.552    Infinity    Infinity
   130   12   16   H 1  12  16      0      1      0      0   3.257E-01  131293.999    Infinity    Infinity
   131   13   14   H 1  13  14      0      1      0      0   2.763E+00 1118565.434    Infinity    Infinity
   132   13   15   H 1  13  15      0      1      0      0   4.202E-01  619103.955    Infinity    Infinity
   133   13   16   H 1  13  16      0      1      0      0   7.635E-01  154088.096    Infinity    Infinity
   134   14   15   H 1  14  15      0      1      0      0   2.954E+00 1386509.898    Infinity    Infinity
   135   14   16   H 1  14  16      0      1      0      0   3.761E+00  178705.720    Infinity    Infinity
   136   15   16   H 1  15  16      0      1      0      0   3.995E+00  205146.873    Infinity    Infinity
 opadd0 it,mcross          16          42         289
 Hraysc it          17   3.1166102584199482E-025
 Heraysc it          18   0.0000000000000000     
 H- it          19   6.6723710424546777E-018
 He-ff it          20   1.5629830882757668E-045
 He-ff it          21   2.2458887005360646E-041
 He-ff it          22   4.4892872974588738E-037

 EXTERNAL IRRADIATION - EXTOT0,EXTOT:    0.000E+00   0.000E+00

 MTOT =           1
 itek,niter         150          30
 ksng,nn           0           1
 nfreqe,inhe,inre,inpc,inmp,indl           0           0           1           0           0           0
 alloc_accel iacpp,mtot           7           1
 alloc_accel MLEVEL,MDEPTH,MTOT                       17          70           1
 alloc_accel iacpp,mtot           7           1
 alloc_alipar MDEPTH,MLVEXP                            70           3
 IFRYB,MFREX,MTOT           1           1           1

BASIC ARRAYS DIMENSIONS:

MDEPTH  =      70
MFREQ   =    2680
MFREQC  =     289
MFREX   =       1
MFREQL  =      58
MFREQP  =    2680
MTRANS  =     136
MLEVEL  =      17
MLVEXP  =       3
MTOT    =       1
MION    =       1
MVOIG0  =     136
MHWL    =      90


MAXIMUM AND ACTUAL DIMENSIONS:

MDEPTH,ND     =      70      70
MLEVEL,NLEVEL =      17      17
MLVEXP,NLVEXP =       3       2
MTRANS.NTRANS =     136     136
MFREQ,NFREQ   =    2680    2680
MFREQC,NFREQC =     289     265
MFREQP        =    2680
MFREQL        =      58
MFREQX,NFREQE =       1       0
MTOT,NN       =       1       1
 grey  -16.118095650958320       0.31701214296442365        302.59279646836433        174.70715731429812     
 COMPUTED LTE-GREY MODEL

    ID    TAU       MASS     TEMP       N          NE         P        ROSS.OP    Ptot    TAUR*DPRAD   PRAD0     Pg(comp)

   1  1.000E-07  2.000E-07     16.  8.931E+12  4.465E+12  2.000E+01  5.000E-01  1.947E+02  3.026E-05  1.747E+02  2.000E+01
   2  1.373E-07  2.727E-07     16.  1.217E+13  6.087E+12  2.727E+01  5.289E-01  2.020E+02  4.155E-05  1.747E+02  2.727E+01
   3  1.885E-07  3.665E-07     16.  1.636E+13  8.180E+12  3.665E+01  5.642E-01  2.114E+02  5.704E-05  1.747E+02  3.665E+01
   4  2.588E-07  4.866E-07     16.  2.172E+13  1.086E+13  4.866E+01  6.071E-01  2.234E+02  7.832E-05  1.747E+02  4.866E+01
   5  3.554E-07  6.391E-07     16.  2.853E+13  1.427E+13  6.391E+01  6.588E-01  2.386E+02  1.075E-04  1.747E+02  6.391E+01
   6  4.880E-07  8.312E-07     16.  3.711E+13  1.855E+13  8.312E+01  7.207E-01  2.578E+02  1.477E-04  1.747E+02  8.312E+01
   7  6.700E-07  1.071E-06     16.  4.783E+13  2.391E+13  1.071E+02  7.947E-01  2.818E+02  2.027E-04  1.747E+02  1.071E+02
   8  9.199E-07  1.369E-06     16.  6.113E+13  3.056E+13  1.369E+02  8.828E-01  3.116E+02  2.784E-04  1.747E+02  1.369E+02
   9  1.263E-06  1.736E-06     16.  7.751E+13  3.875E+13  1.736E+02  9.873E-01  3.483E+02  3.822E-04  1.747E+02  1.736E+02
  10  1.734E-06  2.185E-06     16.  9.755E+13  4.877E+13  2.185E+02  1.111E+00  3.932E+02  5.247E-04  1.747E+02  2.185E+02
  11  2.381E-06  2.731E-06     16.  1.219E+14  6.096E+13  2.731E+02  1.258E+00  4.478E+02  7.205E-04  1.747E+02  2.731E+02
  12  3.269E-06  3.391E-06     16.  1.514E+14  7.569E+13  3.391E+02  1.432E+00  5.138E+02  9.892E-04  1.747E+02  3.391E+02
  13  4.489E-06  4.185E-06     16.  1.869E+14  9.341E+13  4.185E+02  1.638E+00  5.932E+02  1.358E-03  1.747E+02  4.185E+02
  14  6.163E-06  5.136E-06     16.  2.293E+14  1.146E+14  5.136E+02  1.883E+00  6.883E+02  1.865E-03  1.747E+02  5.136E+02
  15  8.462E-06  6.270E-06     16.  2.799E+14  1.399E+14  6.270E+02  2.171E+00  8.017E+02  2.561E-03  1.747E+02  6.270E+02
  16  1.162E-05  7.618E-06     16.  3.401E+14  1.700E+14  7.618E+02  2.513E+00  9.365E+02  3.516E-03  1.747E+02  7.618E+02
  17  1.595E-05  9.214E-06     16.  4.114E+14  2.056E+14  9.214E+02  2.917E+00  1.096E+03  4.827E-03  1.747E+02  9.214E+02
  18  2.190E-05  1.110E-05     16.  4.955E+14  2.477E+14  1.110E+03  3.395E+00  1.285E+03  6.628E-03  1.747E+02  1.110E+03
  19  3.007E-05  1.332E-05     16.  5.947E+14  2.972E+14  1.332E+03  3.960E+00  1.507E+03  9.100E-03  1.747E+02  1.332E+03
  20  4.129E-05  1.593E-05     16.  7.114E+14  3.555E+14  1.593E+03  4.626E+00  1.768E+03  1.249E-02  1.747E+02  1.593E+03
  21  5.669E-05  1.900E-05     16.  8.483E+14  4.239E+14  1.900E+03  5.412E+00  2.075E+03  1.716E-02  1.747E+02  1.900E+03
  22  7.784E-05  2.260E-05     16.  1.009E+15  5.041E+14  2.260E+03  6.340E+00  2.435E+03  2.355E-02  1.747E+02  2.260E+03
  23  1.069E-04  2.682E-05     16.  1.197E+15  5.980E+14  2.682E+03  7.433E+00  2.857E+03  3.234E-02  1.747E+02  2.682E+03
  24  1.467E-04  3.176E-05     16.  1.417E+15  7.079E+14  3.176E+03  8.720E+00  3.350E+03  4.440E-02  1.747E+02  3.176E+03
  25  2.015E-04  3.753E-05     16.  1.675E+15  8.364E+14  3.753E+03  1.024E+01  3.928E+03  6.097E-02  1.747E+02  3.753E+03
  26  2.766E-04  4.428E-05     16.  1.976E+15  9.866E+14  4.428E+03  1.202E+01  4.603E+03  8.371E-02  1.747E+02  4.428E+03
  27  3.798E-04  5.218E-05     16.  2.328E+15  1.162E+15  5.218E+03  1.412E+01  5.393E+03  1.149E-01  1.747E+02  5.218E+03
  28  5.215E-04  6.141E-05     16.  2.740E+15  1.367E+15  6.141E+03  1.659E+01  6.315E+03  1.578E-01  1.747E+02  6.141E+03
  29  7.161E-04  7.219E-05     16.  3.220E+15  1.606E+15  7.219E+03  1.948E+01  7.394E+03  2.167E-01  1.747E+02  7.219E+03
  30  9.832E-04  8.480E-05     16.  3.782E+15  1.885E+15  8.480E+03  2.289E+01  8.655E+03  2.975E-01  1.747E+02  8.480E+03
  31  1.350E-03  9.954E-05     16.  4.437E+15  2.211E+15  9.954E+03  2.687E+01  1.013E+04  4.085E-01  1.747E+02  9.954E+03
  32  1.853E-03  1.168E-04     16.  5.203E+15  2.591E+15  1.168E+04  3.154E+01  1.185E+04  5.608E-01  1.747E+02  1.168E+04
  33  2.545E-03  1.370E-04     16.  6.098E+15  3.034E+15  1.369E+04  3.700E+01  1.387E+04  7.700E-01  1.747E+02  1.369E+04
  34  3.494E-03  1.606E-04     16.  7.144E+15  3.551E+15  1.606E+04  4.335E+01  1.623E+04  1.057E+00  1.747E+02  1.606E+04
  35  4.797E-03  1.883E-04     16.  8.366E+15  4.156E+15  1.883E+04  5.074E+01  1.900E+04  1.452E+00  1.747E+02  1.883E+04
  36  6.587E-03  2.208E-04     16.  9.796E+15  4.861E+15  2.208E+04  5.931E+01  2.225E+04  1.993E+00  1.747E+02  2.208E+04
  37  9.044E-03  2.590E-04     16.  1.147E+16  5.685E+15  2.590E+04  6.918E+01  2.608E+04  2.737E+00  1.747E+02  2.590E+04
  38  1.242E-02  3.041E-04     16.  1.343E+16  6.650E+15  3.040E+04  8.052E+01  3.058E+04  3.757E+00  1.747E+02  3.040E+04
  39  1.705E-02  3.573E-04     16.  1.573E+16  7.778E+15  3.573E+04  9.342E+01  3.591E+04  5.159E+00  1.747E+02  3.573E+04
  40  2.341E-02  4.204E-04     17.  1.843E+16  9.101E+15  4.203E+04  1.080E+02  4.222E+04  7.083E+00  1.747E+02  4.203E+04
  41  3.214E-02  4.955E-04     17.  2.160E+16  1.066E+16  4.954E+04  1.243E+02  4.973E+04  9.726E+00  1.747E+02  4.954E+04
  42  4.413E-02  5.854E-04     17.  2.535E+16  1.249E+16  5.853E+04  1.422E+02  5.872E+04  1.335E+01  1.747E+02  5.853E+04
  43  6.059E-02  6.936E-04     17.  2.977E+16  1.465E+16  6.934E+04  1.617E+02  6.954E+04  1.833E+01  1.747E+02  6.934E+04
  44  8.319E-02  8.248E-04     17.  3.501E+16  1.722E+16  8.245E+04  1.825E+02  8.265E+04  2.517E+01  1.747E+02  8.245E+04
  45  1.142E-01  9.850E-04     17.  4.123E+16  2.027E+16  9.847E+04  2.042E+02  9.868E+04  3.456E+01  1.747E+02  9.847E+04
  46  1.568E-01  1.183E-03     18.  4.867E+16  2.394E+16  1.182E+05  2.262E+02  1.184E+05  4.746E+01  1.747E+02  1.182E+05
  47  2.153E-01  1.429E-03     18.  5.760E+16  2.835E+16  1.428E+05  2.480E+02  1.431E+05  6.516E+01  1.747E+02  1.428E+05
  48  2.957E-01  1.739E-03     18.  6.837E+16  3.369E+16  1.738E+05  2.688E+02  1.741E+05  8.947E+01  1.747E+02  1.738E+05
  49  4.060E-01  2.134E-03     19.  8.145E+16  4.020E+16  2.133E+05  2.881E+02  2.136E+05  1.228E+02  1.747E+02  2.133E+05
  50  5.574E-01  2.644E-03     20.  9.741E+16  4.817E+16  2.642E+05  3.056E+02  2.645E+05  1.687E+02  1.747E+02  2.642E+05
  51  7.653E-01  3.306E-03     20.  1.170E+17  5.798E+16  3.304E+05  3.205E+02  3.308E+05  2.316E+02  1.747E+02  3.304E+05
  52  1.051E+00  4.177E-03     21.  1.412E+17  7.010E+16  4.174E+05  3.350E+02  4.179E+05  3.180E+02  1.747E+02  4.174E+05
  53  1.443E+00  5.322E-03     23.  1.710E+17  8.499E+16  5.318E+05  3.488E+02  5.324E+05  4.366E+02  1.747E+02  5.318E+05
  54  1.981E+00  6.833E-03     24.  2.075E+17  1.033E+17  6.827E+05  3.633E+02  6.834E+05  5.994E+02  1.747E+02  6.827E+05
  55  2.720E+00  8.821E-03     25.  2.520E+17  1.256E+17  8.812E+05  3.795E+02  8.822E+05  8.230E+02  1.747E+02  8.812E+05
  56  3.734E+00  1.143E-02     27.  3.060E+17  1.526E+17  1.142E+06  3.984E+02  1.143E+06  1.130E+03  1.747E+02  1.142E+06
  57  5.127E+00  1.483E-02     29.  3.709E+17  1.851E+17  1.481E+06  4.206E+02  1.483E+06  1.551E+03  1.747E+02  1.481E+06
  58  7.040E+00  1.924E-02     31.  4.483E+17  2.239E+17  1.922E+06  4.454E+02  1.924E+06  2.130E+03  1.747E+02  1.922E+06
  59  9.666E+00  2.497E-02     33.  5.408E+17  2.701E+17  2.494E+06  4.704E+02  2.497E+06  2.925E+03  1.747E+02  2.494E+06
  60  1.327E+01  3.245E-02     36.  6.523E+17  3.259E+17  3.241E+06  4.909E+02  3.245E+06  4.016E+03  1.747E+02  3.241E+06
  61  1.822E+01  4.242E-02     39.  7.904E+17  3.950E+17  4.237E+06  4.991E+02  4.242E+06  5.514E+03  1.747E+02  4.237E+06
  62  2.502E+01  5.615E-02     42.  9.690E+17  4.842E+17  5.607E+06  4.880E+02  5.615E+06  7.571E+03  1.747E+02  5.607E+06
  63  3.435E+01  7.590E-02     45.  1.212E+18  6.059E+17  7.580E+06  4.555E+02  7.591E+06  1.039E+04  1.747E+02  7.580E+06
  64  4.717E+01  1.056E-01     49.  1.561E+18  7.802E+17  1.055E+07  4.080E+02  1.056E+07  1.427E+04  1.747E+02  1.055E+07
  65  6.476E+01  1.519E-01     53.  2.076E+18  1.038E+18  1.517E+07  3.567E+02  1.519E+07  1.960E+04  1.747E+02  1.517E+07
  66  8.892E+01  2.249E-01     57.  2.842E+18  1.420E+18  2.247E+07  3.099E+02  2.249E+07  2.691E+04  1.747E+02  2.247E+07
  67  1.221E+02  3.399E-01     62.  3.970E+18  1.984E+18  3.395E+07  2.713E+02  3.399E+07  3.694E+04  1.747E+02  3.395E+07
  68  1.676E+02  5.189E-01     67.  5.601E+18  2.800E+18  5.184E+07  2.409E+02  5.189E+07  5.072E+04  1.747E+02  5.184E+07
  69  2.301E+02  7.932E-01     73.  7.913E+18  3.955E+18  7.925E+07  2.176E+02  7.932E+07  6.964E+04  1.747E+02  7.925E+07
  70  3.160E+02  1.207E+00     79.  1.112E+19  5.559E+18  1.206E+08  1.999E+02  1.207E+08  9.562E+04  1.747E+02  1.206E+08

 CONVECTIVE FLUX: AT CONTMP, ITER= 1

 conout imod,iprin           1           2


  ID    DM        TEMP      DELTA  DELTA(AD)  CON/TOT  RAD/TOT  (C+R)/TOT


   1 2.00E-07  16223.9  0.00E+00  0.00E+00  0.00E+00  0.00E+00  0.00E+00
   2 2.73E-07  16223.9  2.21E-06  0.00E+00  0.00E+00  0.00E+00  0.00E+00
   3 3.66E-07  16223.9  2.40E-06  0.00E+00  0.00E+00  0.00E+00  0.00E+00
   4 4.87E-07  16223.9  2.66E-06  0.00E+00  0.00E+00  0.00E+00  0.00E+00
   5 6.39E-07  16223.9  3.00E-06  0.00E+00  0.00E+00  0.00E+00  0.00E+00
   6 8.31E-07  16223.9  3.44E-06  0.00E+00  0.00E+00  0.00E+00  0.00E+00
   7 1.07E-06  16223.9  4.03E-06  0.00E+00  0.00E+00  0.00E+00  0.00E+00
   8 1.37E-06  16223.9  4.81E-06  0.00E+00  0.00E+00  0.00E+00  0.00E+00
   9 1.74E-06  16223.9  5.84E-06  0.00E+00  0.00E+00  0.00E+00  0.00E+00
  10 2.18E-06  16224.0  7.21E-06  0.00E+00  0.00E+00  0.00E+00  0.00E+00
  11 2.73E-06  16224.0  9.03E-06  0.00E+00  0.00E+00  0.00E+00  0.00E+00
  12 3.39E-06  16224.0  1.15E-05  0.00E+00  0.00E+00  0.00E+00  0.00E+00
  13 4.19E-06  16224.0  1.47E-05  0.00E+00  0.00E+00  0.00E+00  0.00E+00
  14 5.14E-06  16224.1  1.91E-05  0.00E+00  0.00E+00  0.00E+00  0.00E+00
  15 6.27E-06  16224.1  2.50E-05  0.00E+00  0.00E+00  0.00E+00  0.00E+00
  16 7.62E-06  16224.2  3.29E-05  0.00E+00  0.00E+00  0.00E+00  0.00E+00
  17 9.21E-06  16224.3  4.36E-05  0.00E+00  0.00E+00  0.00E+00  0.00E+00
  18 1.11E-05  16224.5  5.79E-05  0.00E+00  0.00E+00  0.00E+00  0.00E+00
  19 1.33E-05  16224.7  7.71E-05  0.00E+00  0.00E+00  0.00E+00  0.00E+00
  20 1.59E-05  16224.9  1.03E-04  0.00E+00  0.00E+00  0.00E+00  0.00E+00
  21 1.90E-05  16225.3  1.37E-04  0.00E+00  0.00E+00  0.00E+00  0.00E+00
  22 2.26E-05  16225.8  1.83E-04  0.00E+00  0.00E+00  0.00E+00  0.00E+00
  23 2.68E-05  16226.4  2.45E-04  0.00E+00  0.00E+00  0.00E+00  0.00E+00
  24 3.18E-05  16227.3  3.28E-04  0.00E+00  0.00E+00  0.00E+00  0.00E+00
  25 3.75E-05  16228.4  4.37E-04  0.00E+00  0.00E+00  0.00E+00  0.00E+00
  26 4.43E-05  16229.9  5.83E-04  0.00E+00  0.00E+00  0.00E+00  0.00E+00
  27 5.22E-05  16231.9  7.77E-04  0.00E+00  0.00E+00  0.00E+00  0.00E+00
  28 6.14E-05  16234.5  1.03E-03  0.00E+00  0.00E+00  0.00E+00  0.00E+00
  29 7.22E-05  16238.1  1.37E-03  0.00E+00  0.00E+00  0.00E+00  0.00E+00
  30 8.48E-05  16242.7  1.82E-03  0.00E+00  0.00E+00  0.00E+00  0.00E+00
  31 9.95E-05  16248.9  2.41E-03  0.00E+00  0.00E+00  0.00E+00  0.00E+00
  32 1.17E-04  16257.0  3.19E-03  3.43E-01  0.00E+00  0.00E+00  0.00E+00
  33 1.37E-04  16267.8  4.20E-03  3.36E-01  0.00E+00  0.00E+00  0.00E+00
  34 1.61E-04  16281.9  5.52E-03  3.28E-01  0.00E+00  0.00E+00  0.00E+00
  35 1.88E-04  16300.5  7.23E-03  3.20E-01  0.00E+00  0.00E+00  0.00E+00
  36 2.21E-04  16324.8  9.44E-03  3.11E-01  0.00E+00  0.00E+00  0.00E+00
  37 2.59E-04  16356.6  1.23E-02  3.03E-01  0.00E+00  0.00E+00  0.00E+00
  38 3.04E-04  16398.0  1.59E-02  2.94E-01  0.00E+00  0.00E+00  0.00E+00
  39 3.57E-04  16451.9  2.04E-02  2.86E-01  0.00E+00  0.00E+00  0.00E+00
  40 4.20E-04  16521.6  2.61E-02  2.78E-01  0.00E+00  0.00E+00  0.00E+00
  41 4.96E-04  16611.4  3.31E-02  2.72E-01  0.00E+00  0.00E+00  0.00E+00
  42 5.85E-04  16726.8  4.17E-02  2.66E-01  0.00E+00  0.00E+00  0.00E+00
  43 6.94E-04  16874.1  5.19E-02  2.62E-01  0.00E+00  0.00E+00  0.00E+00
  44 8.25E-04  17061.3  6.38E-02  2.60E-01  0.00E+00  0.00E+00  0.00E+00
  45 9.85E-04  17297.4  7.76E-02  2.59E-01  0.00E+00  0.00E+00  0.00E+00
  46 1.18E-03  17593.5  9.29E-02  2.62E-01  0.00E+00  0.00E+00  0.00E+00
  47 1.43E-03  17961.7  1.10E-01  2.67E-01  0.00E+00  0.00E+00  0.00E+00
  48 1.74E-03  18416.0  1.27E-01  2.75E-01  0.00E+00  0.00E+00  0.00E+00
  49 2.13E-03  18971.5  1.45E-01  2.85E-01  0.00E+00  0.00E+00  0.00E+00
  50 2.64E-03  19644.3  1.63E-01  2.99E-01  0.00E+00  0.00E+00  0.00E+00
  51 3.31E-03  20451.0  1.80E-01  3.15E-01  0.00E+00  0.00E+00  0.00E+00
  52 4.18E-03  21407.9  1.96E-01  3.31E-01  0.00E+00  0.00E+00  0.00E+00
  53 5.32E-03  22530.6  2.11E-01  3.46E-01  0.00E+00  0.00E+00  0.00E+00
  54 6.83E-03  23833.3  2.25E-01  3.60E-01  0.00E+00  0.00E+00  0.00E+00
  55 8.82E-03  25327.8  2.38E-01  3.72E-01  0.00E+00  0.00E+00  0.00E+00
  56 1.14E-02  27024.2  2.50E-01  3.80E-01  0.00E+00  0.00E+00  0.00E+00
  57 1.48E-02  28930.5  2.62E-01  3.87E-01  0.00E+00  0.00E+00  0.00E+00
  58 1.92E-02  31054.6  2.72E-01  3.91E-01  0.00E+00  0.00E+00  0.00E+00
  59 2.50E-02  33404.6  2.80E-01  3.94E-01  0.00E+00  0.00E+00  0.00E+00
  60 3.25E-02  35990.5  2.84E-01  3.96E-01  0.00E+00  0.00E+00  0.00E+00
  61 4.24E-02  38823.7  2.83E-01  3.97E-01  0.00E+00  0.00E+00  0.00E+00
  62 5.61E-02  41918.3  2.74E-01  3.98E-01  0.00E+00  0.00E+00  0.00E+00
  63 7.59E-02  45290.3  2.57E-01  3.99E-01  0.00E+00  0.00E+00  0.00E+00
  64 1.06E-01  48958.2  2.36E-01  3.99E-01  0.00E+00  0.00E+00  0.00E+00
  65 1.52E-01  52942.7  2.15E-01  3.99E-01  0.00E+00  0.00E+00  0.00E+00
  66 2.25E-01  57267.0  2.00E-01  3.99E-01  0.00E+00  0.00E+00  0.00E+00
  67 3.40E-01  61956.9  1.91E-01  3.99E-01  0.00E+00  0.00E+00  0.00E+00
  68 5.19E-01  67040.6  1.86E-01  3.99E-01  0.00E+00  0.00E+00  0.00E+00
  69 7.93E-01  72549.2  1.86E-01  3.99E-01  0.00E+00  0.00E+00  0.00E+00
  70 1.21E+00  78516.5  1.88E-01  4.00E-01  0.00E+00  0.00E+00  0.00E+00

convective zone between depths (inclusive)   0   0


 CONVECTIVE FLUX: AT CONTMP, ITER= 2

 conout imod,iprin           1           2


  ID    DM        TEMP      DELTA  DELTA(AD)  CON/TOT  RAD/TOT  (C+R)/TOT


   1 2.00E-07  16223.9  0.00E+00  0.00E+00  0.00E+00  0.00E+00  0.00E+00
   2 2.73E-07  16223.9  2.21E-06  0.00E+00  0.00E+00  0.00E+00  0.00E+00
   3 3.66E-07  16223.9  2.40E-06  0.00E+00  0.00E+00  0.00E+00  0.00E+00
   4 4.86E-07  16223.9  2.66E-06  0.00E+00  0.00E+00  0.00E+00  0.00E+00
   5 6.39E-07  16223.9  2.99E-06  0.00E+00  0.00E+00  0.00E+00  0.00E+00
   6 8.31E-07  16223.9  3.44E-06  0.00E+00  0.00E+00  0.00E+00  0.00E+00
   7 1.07E-06  16223.9  4.03E-06  0.00E+00  0.00E+00  0.00E+00  0.00E+00
   8 1.37E-06  16223.9  4.80E-06  0.00E+00  0.00E+00  0.00E+00  0.00E+00
   9 1.74E-06  16223.9  5.84E-06  0.00E+00  0.00E+00  0.00E+00  0.00E+00
  10 2.19E-06  16224.0  7.21E-06  0.00E+00  0.00E+00  0.00E+00  0.00E+00
  11 2.73E-06  16224.0  9.03E-06  0.00E+00  0.00E+00  0.00E+00  0.00E+00
  12 3.39E-06  16224.0  1.15E-05  0.00E+00  0.00E+00  0.00E+00  0.00E+00
  13 4.19E-06  16224.0  1.47E-05  0.00E+00  0.00E+00  0.00E+00  0.00E+00
  14 5.14E-06  16224.1  1.91E-05  0.00E+00  0.00E+00  0.00E+00  0.00E+00
  15 6.27E-06  16224.1  2.50E-05  0.00E+00  0.00E+00  0.00E+00  0.00E+00
  16 7.62E-06  16224.2  3.29E-05  0.00E+00  0.00E+00  0.00E+00  0.00E+00
  17 9.21E-06  16224.3  4.36E-05  0.00E+00  0.00E+00  0.00E+00  0.00E+00
  18 1.11E-05  16224.5  5.79E-05  0.00E+00  0.00E+00  0.00E+00  0.00E+00
  19 1.33E-05  16224.7  7.71E-05  0.00E+00  0.00E+00  0.00E+00  0.00E+00
  20 1.59E-05  16224.9  1.03E-04  0.00E+00  0.00E+00  0.00E+00  0.00E+00
  21 1.90E-05  16225.3  1.37E-04  0.00E+00  0.00E+00  0.00E+00  0.00E+00
  22 2.26E-05  16225.8  1.83E-04  0.00E+00  0.00E+00  0.00E+00  0.00E+00
  23 2.68E-05  16226.4  2.45E-04  0.00E+00  0.00E+00  0.00E+00  0.00E+00
  24 3.18E-05  16227.3  3.28E-04  0.00E+00  0.00E+00  0.00E+00  0.00E+00
  25 3.75E-05  16228.4  4.37E-04  0.00E+00  0.00E+00  0.00E+00  0.00E+00
  26 4.43E-05  16229.9  5.83E-04  0.00E+00  0.00E+00  0.00E+00  0.00E+00
  27 5.22E-05  16231.9  7.77E-04  0.00E+00  0.00E+00  0.00E+00  0.00E+00
  28 6.14E-05  16234.5  1.03E-03  0.00E+00  0.00E+00  0.00E+00  0.00E+00
  29 7.22E-05  16238.1  1.37E-03  0.00E+00  0.00E+00  0.00E+00  0.00E+00
  30 8.48E-05  16242.7  1.82E-03  0.00E+00  0.00E+00  0.00E+00  0.00E+00
  31 9.95E-05  16248.9  2.41E-03  0.00E+00  0.00E+00  0.00E+00  0.00E+00
  32 1.17E-04  16257.0  3.19E-03  3.42E-01  0.00E+00  0.00E+00  0.00E+00
  33 1.37E-04  16267.8  4.20E-03  3.35E-01  0.00E+00  0.00E+00  0.00E+00
  34 1.61E-04  16281.9  5.52E-03  3.27E-01  0.00E+00  0.00E+00  0.00E+00
  35 1.88E-04  16300.5  7.23E-03  3.19E-01  0.00E+00  0.00E+00  0.00E+00
  36 2.21E-04  16324.8  9.44E-03  3.11E-01  0.00E+00  0.00E+00  0.00E+00
  37 2.59E-04  16356.6  1.23E-02  3.02E-01  0.00E+00  0.00E+00  0.00E+00
  38 3.04E-04  16398.0  1.59E-02  2.94E-01  0.00E+00  0.00E+00  0.00E+00
  39 3.57E-04  16451.9  2.04E-02  2.86E-01  0.00E+00  0.00E+00  0.00E+00
  40 4.21E-04  16521.6  2.61E-02  2.78E-01  0.00E+00  0.00E+00  0.00E+00
  41 4.96E-04  16611.4  3.31E-02  2.71E-01  0.00E+00  0.00E+00  0.00E+00
  42 5.86E-04  16726.8  4.16E-02  2.66E-01  0.00E+00  0.00E+00  0.00E+00
  43 6.94E-04  16874.1  5.18E-02  2.62E-01  0.00E+00  0.00E+00  0.00E+00
  44 8.25E-04  17061.3  6.38E-02  2.59E-01  0.00E+00  0.00E+00  0.00E+00
  45 9.86E-04  17297.4  7.75E-02  2.59E-01  0.00E+00  0.00E+00  0.00E+00
  46 1.18E-03  17593.5  9.30E-02  2.61E-01  0.00E+00  0.00E+00  0.00E+00
  47 1.43E-03  17961.7  1.10E-01  2.66E-01  0.00E+00  0.00E+00  0.00E+00
  48 1.74E-03  18416.0  1.27E-01  2.74E-01  0.00E+00  0.00E+00  0.00E+00
  49 2.14E-03  18971.5  1.45E-01  2.85E-01  0.00E+00  0.00E+00  0.00E+00
  50 2.65E-03  19644.3  1.63E-01  2.99E-01  0.00E+00  0.00E+00  0.00E+00
  51 3.31E-03  20451.0  1.80E-01  3.14E-01  0.00E+00  0.00E+00  0.00E+00
  52 4.18E-03  21407.9  1.96E-01  3.31E-01  0.00E+00  0.00E+00  0.00E+00
  53 5.33E-03  22530.6  2.11E-01  3.46E-01  0.00E+00  0.00E+00  0.00E+00
  54 6.84E-03  23833.3  2.25E-01  3.60E-01  0.00E+00  0.00E+00  0.00E+00
  55 8.83E-03  25327.8  2.38E-01  3.72E-01  0.00E+00  0.00E+00  0.00E+00
  56 1.14E-02  27024.2  2.50E-01  3.80E-01  0.00E+00  0.00E+00  0.00E+00
  57 1.48E-02  28930.5  2.62E-01  3.87E-01  0.00E+00  0.00E+00  0.00E+00
  58 1.93E-02  31054.6  2.72E-01  3.91E-01  0.00E+00  0.00E+00  0.00E+00
  59 2.50E-02  33404.6  2.80E-01  3.94E-01  0.00E+00  0.00E+00  0.00E+00
  60 3.25E-02  35990.5  2.84E-01  3.96E-01  0.00E+00  0.00E+00  0.00E+00
  61 4.25E-02  38823.7  2.83E-01  3.97E-01  0.00E+00  0.00E+00  0.00E+00
  62 5.62E-02  41918.3  2.74E-01  3.98E-01  0.00E+00  0.00E+00  0.00E+00
  63 7.59E-02  45290.3  2.57E-01  3.99E-01  0.00E+00  0.00E+00  0.00E+00
  64 1.06E-01  48958.2  2.36E-01  3.99E-01  0.00E+00  0.00E+00  0.00E+00
  65 1.52E-01  52942.7  2.16E-01  3.99E-01  0.00E+00  0.00E+00  0.00E+00
  66 2.24E-01  57267.0  2.01E-01  3.99E-01  0.00E+00  0.00E+00  0.00E+00
  67 3.38E-01  61956.9  1.91E-01  3.99E-01  0.00E+00  0.00E+00  0.00E+00
  68 5.16E-01  67040.6  1.87E-01  3.99E-01  0.00E+00  0.00E+00  0.00E+00
  69 7.89E-01  72549.2  1.86E-01  3.99E-01  0.00E+00  0.00E+00  0.00E+00
  70 1.20E+00  78516.5  1.88E-01  4.00E-01  0.00E+00  0.00E+00  0.00E+00

convective zone between depths (inclusive)   0   0


 CONVECTIVE FLUX: AT CONTMP, ITER= 3

 conout imod,iprin           1           2


  ID    DM        TEMP      DELTA  DELTA(AD)  CON/TOT  RAD/TOT  (C+R)/TOT


   1 9.56E-08  16223.9  0.00E+00  0.00E+00  0.00E+00  0.00E+00  0.00E+00
   2 1.31E-07  16223.9  4.25E-06  0.00E+00  0.00E+00  0.00E+00  0.00E+00
   3 1.78E-07  16223.9  4.36E-06  0.00E+00  0.00E+00  0.00E+00  0.00E+00
   4 2.42E-07  16223.9  4.53E-06  0.00E+00  0.00E+00  0.00E+00  0.00E+00
   5 3.26E-07  16223.9  4.76E-06  0.00E+00  0.00E+00  0.00E+00  0.00E+00
   6 4.37E-07  16223.9  5.10E-06  0.00E+00  0.00E+00  0.00E+00  0.00E+00
   7 5.83E-07  16223.9  5.56E-06  0.00E+00  0.00E+00  0.00E+00  0.00E+00
   8 7.72E-07  16223.9  6.18E-06  0.00E+00  0.00E+00  0.00E+00  0.00E+00
   9 1.02E-06  16223.9  7.04E-06  0.00E+00  0.00E+00  0.00E+00  0.00E+00
  10 1.33E-06  16224.0  8.19E-06  0.00E+00  0.00E+00  0.00E+00  0.00E+00
  11 1.72E-06  16224.0  9.75E-06  0.00E+00  0.00E+00  0.00E+00  0.00E+00
  12 2.21E-06  16224.0  1.19E-05  0.00E+00  0.00E+00  0.00E+00  0.00E+00
  13 2.83E-06  16224.0  1.47E-05  0.00E+00  0.00E+00  0.00E+00  0.00E+00
  14 3.59E-06  16224.1  1.85E-05  0.00E+00  0.00E+00  0.00E+00  0.00E+00
  15 4.52E-06  16224.1  2.37E-05  0.00E+00  0.00E+00  0.00E+00  0.00E+00
  16 5.65E-06  16224.2  3.08E-05  0.00E+00  0.00E+00  0.00E+00  0.00E+00
  17 7.02E-06  16224.3  4.03E-05  0.00E+00  0.00E+00  0.00E+00  0.00E+00
  18 8.68E-06  16224.5  5.32E-05  0.00E+00  0.00E+00  0.00E+00  0.00E+00
  19 1.07E-05  16224.7  7.06E-05  0.00E+00  0.00E+00  0.00E+00  0.00E+00
  20 1.30E-05  16224.9  9.42E-05  0.00E+00  0.00E+00  0.00E+00  0.00E+00
  21 1.58E-05  16225.3  1.26E-04  0.00E+00  0.00E+00  0.00E+00  0.00E+00
  22 1.92E-05  16225.8  1.69E-04  0.00E+00  0.00E+00  0.00E+00  0.00E+00
  23 2.31E-05  16226.4  2.26E-04  0.00E+00  0.00E+00  0.00E+00  0.00E+00
  24 2.78E-05  16227.3  3.04E-04  0.00E+00  0.00E+00  0.00E+00  0.00E+00
  25 3.33E-05  16228.4  4.07E-04  0.00E+00  0.00E+00  0.00E+00  0.00E+00
  26 3.98E-05  16229.9  5.46E-04  0.00E+00  0.00E+00  0.00E+00  0.00E+00
  27 4.74E-05  16231.9  7.31E-04  0.00E+00  0.00E+00  0.00E+00  0.00E+00
  28 5.64E-05  16234.5  9.77E-04  0.00E+00  0.00E+00  0.00E+00  0.00E+00
  29 6.69E-05  16238.1  1.30E-03  0.00E+00  0.00E+00  0.00E+00  0.00E+00
  30 7.92E-05  16242.7  1.74E-03  0.00E+00  0.00E+00  0.00E+00  0.00E+00
  31 9.37E-05  16248.9  2.31E-03  0.00E+00  0.00E+00  0.00E+00  0.00E+00
  32 1.11E-04  16257.0  3.06E-03  3.45E-01  0.00E+00  0.00E+00  0.00E+00
  33 1.31E-04  16267.8  4.05E-03  3.37E-01  0.00E+00  0.00E+00  0.00E+00
  34 1.54E-04  16281.9  5.34E-03  3.30E-01  0.00E+00  0.00E+00  0.00E+00
  35 1.81E-04  16300.5  7.02E-03  3.21E-01  0.00E+00  0.00E+00  0.00E+00
  36 2.14E-04  16324.8  9.19E-03  3.13E-01  0.00E+00  0.00E+00  0.00E+00
  37 2.51E-04  16356.6  1.20E-02  3.04E-01  0.00E+00  0.00E+00  0.00E+00
  38 2.96E-04  16398.0  1.55E-02  2.96E-01  0.00E+00  0.00E+00  0.00E+00
  39 3.49E-04  16451.9  2.00E-02  2.87E-01  0.00E+00  0.00E+00  0.00E+00
  40 4.12E-04  16521.6  2.57E-02  2.80E-01  0.00E+00  0.00E+00  0.00E+00
  41 4.87E-04  16611.4  3.26E-02  2.73E-01  0.00E+00  0.00E+00  0.00E+00
  42 5.76E-04  16726.8  4.11E-02  2.67E-01  0.00E+00  0.00E+00  0.00E+00
  43 6.84E-04  16874.1  5.12E-02  2.63E-01  0.00E+00  0.00E+00  0.00E+00
  44 8.15E-04  17061.3  6.32E-02  2.60E-01  0.00E+00  0.00E+00  0.00E+00
  45 9.75E-04  17297.4  7.69E-02  2.60E-01  0.00E+00  0.00E+00  0.00E+00
  46 1.17E-03  17593.5  9.22E-02  2.62E-01  0.00E+00  0.00E+00  0.00E+00
  47 1.42E-03  17961.7  1.09E-01  2.67E-01  0.00E+00  0.00E+00  0.00E+00
  48 1.73E-03  18416.0  1.27E-01  2.75E-01  0.00E+00  0.00E+00  0.00E+00
  49 2.12E-03  18971.5  1.45E-01  2.86E-01  0.00E+00  0.00E+00  0.00E+00
  50 2.63E-03  19644.3  1.62E-01  2.99E-01  0.00E+00  0.00E+00  0.00E+00
  51 3.30E-03  20451.0  1.79E-01  3.15E-01  0.00E+00  0.00E+00  0.00E+00
  52 4.16E-03  21407.9  1.95E-01  3.31E-01  0.00E+00  0.00E+00  0.00E+00
  53 5.31E-03  22530.6  2.11E-01  3.46E-01  0.00E+00  0.00E+00  0.00E+00
  54 6.82E-03  23833.3  2.25E-01  3.60E-01  0.00E+00  0.00E+00  0.00E+00
  55 8.80E-03  25327.8  2.38E-01  3.72E-01  0.00E+00  0.00E+00  0.00E+00
  56 1.14E-02  27024.2  2.50E-01  3.80E-01  0.00E+00  0.00E+00  0.00E+00
  57 1.48E-02  28930.5  2.62E-01  3.87E-01  0.00E+00  0.00E+00  0.00E+00
  58 1.92E-02  31054.6  2.72E-01  3.91E-01  0.00E+00  0.00E+00  0.00E+00
  59 2.49E-02  33404.6  2.80E-01  3.94E-01  0.00E+00  0.00E+00  0.00E+00
  60 3.24E-02  35990.5  2.84E-01  3.96E-01  0.00E+00  0.00E+00  0.00E+00
  61 4.24E-02  38823.7  2.82E-01  3.97E-01  0.00E+00  0.00E+00  0.00E+00
  62 5.61E-02  41918.3  2.73E-01  3.98E-01  0.00E+00  0.00E+00  0.00E+00
  63 7.59E-02  45290.3  2.57E-01  3.99E-01  0.00E+00  0.00E+00  0.00E+00
  64 1.06E-01  48958.2  2.36E-01  3.99E-01  0.00E+00  0.00E+00  0.00E+00
  65 1.51E-01  52942.7  2.16E-01  3.99E-01  0.00E+00  0.00E+00  0.00E+00
  66 2.24E-01  57267.0  2.01E-01  3.99E-01  0.00E+00  0.00E+00  0.00E+00
  67 3.39E-01  61956.9  1.91E-01  3.99E-01  0.00E+00  0.00E+00  0.00E+00
  68 5.17E-01  67040.6  1.86E-01  3.99E-01  0.00E+00  0.00E+00  0.00E+00
  69 7.90E-01  72549.2  1.86E-01  3.99E-01  0.00E+00  0.00E+00  0.00E+00
  70 1.20E+00  78516.5  1.88E-01  4.00E-01  0.00E+00  0.00E+00  0.00E+00

convective zone between depths (inclusive)   0   0


 CONVECTIVE FLUX: AT CONTMP, ITER= 4

 conout imod,iprin           1           2


  ID    DM        TEMP      DELTA  DELTA(AD)  CON/TOT  RAD/TOT  (C+R)/TOT


   1 9.83E-08  16223.9  0.00E+00  0.00E+00  0.00E+00  0.00E+00  0.00E+00
   2 1.35E-07  16223.9  4.13E-06  0.00E+00  0.00E+00  0.00E+00  0.00E+00
   3 1.84E-07  16223.9  4.19E-06  0.00E+00  0.00E+00  0.00E+00  0.00E+00
   4 2.51E-07  16223.9  4.31E-06  0.00E+00  0.00E+00  0.00E+00  0.00E+00
   5 3.41E-07  16223.9  4.49E-06  0.00E+00  0.00E+00  0.00E+00  0.00E+00
   6 4.62E-07  16223.9  4.75E-06  0.00E+00  0.00E+00  0.00E+00  0.00E+00
   7 6.21E-07  16223.9  5.14E-06  0.00E+00  0.00E+00  0.00E+00  0.00E+00
   8 8.31E-07  16223.9  5.68E-06  0.00E+00  0.00E+00  0.00E+00  0.00E+00
   9 1.10E-06  16223.9  6.44E-06  0.00E+00  0.00E+00  0.00E+00  0.00E+00
  10 1.46E-06  16224.0  7.50E-06  0.00E+00  0.00E+00  0.00E+00  0.00E+00
  11 1.91E-06  16224.0  8.97E-06  0.00E+00  0.00E+00  0.00E+00  0.00E+00
  12 2.47E-06  16224.0  1.10E-05  0.00E+00  0.00E+00  0.00E+00  0.00E+00
  13 3.17E-06  16224.0  1.38E-05  0.00E+00  0.00E+00  0.00E+00  0.00E+00
  14 4.03E-06  16224.1  1.76E-05  0.00E+00  0.00E+00  0.00E+00  0.00E+00
  15 5.08E-06  16224.1  2.28E-05  0.00E+00  0.00E+00  0.00E+00  0.00E+00
  16 6.35E-06  16224.2  3.00E-05  0.00E+00  0.00E+00  0.00E+00  0.00E+00
  17 7.88E-06  16224.3  3.98E-05  0.00E+00  0.00E+00  0.00E+00  0.00E+00
  18 9.70E-06  16224.5  5.30E-05  0.00E+00  0.00E+00  0.00E+00  0.00E+00
  19 1.19E-05  16224.7  7.11E-05  0.00E+00  0.00E+00  0.00E+00  0.00E+00
  20 1.44E-05  16224.9  9.54E-05  0.00E+00  0.00E+00  0.00E+00  0.00E+00
  21 1.74E-05  16225.3  1.28E-04  0.00E+00  0.00E+00  0.00E+00  0.00E+00
  22 2.10E-05  16225.8  1.73E-04  0.00E+00  0.00E+00  0.00E+00  0.00E+00
  23 2.52E-05  16226.4  2.32E-04  0.00E+00  0.00E+00  0.00E+00  0.00E+00
  24 3.01E-05  16227.3  3.12E-04  0.00E+00  0.00E+00  0.00E+00  0.00E+00
  25 3.58E-05  16228.4  4.19E-04  0.00E+00  0.00E+00  0.00E+00  0.00E+00
  26 4.25E-05  16229.9  5.62E-04  0.00E+00  0.00E+00  0.00E+00  0.00E+00
  27 5.04E-05  16231.9  7.53E-04  0.00E+00  0.00E+00  0.00E+00  0.00E+00
  28 5.96E-05  16234.5  1.01E-03  0.00E+00  0.00E+00  0.00E+00  0.00E+00
  29 7.03E-05  16238.1  1.34E-03  0.00E+00  0.00E+00  0.00E+00  0.00E+00
  30 8.29E-05  16242.7  1.78E-03  0.00E+00  0.00E+00  0.00E+00  0.00E+00
  31 9.76E-05  16248.9  2.37E-03  0.00E+00  0.00E+00  0.00E+00  0.00E+00
  32 1.15E-04  16257.0  3.14E-03  3.43E-01  0.00E+00  0.00E+00  0.00E+00
  33 1.35E-04  16267.8  4.14E-03  3.36E-01  0.00E+00  0.00E+00  0.00E+00
  34 1.59E-04  16281.9  5.45E-03  3.28E-01  0.00E+00  0.00E+00  0.00E+00
  35 1.86E-04  16300.5  7.16E-03  3.20E-01  0.00E+00  0.00E+00  0.00E+00
  36 2.19E-04  16324.8  9.35E-03  3.11E-01  0.00E+00  0.00E+00  0.00E+00
  37 2.57E-04  16356.6  1.22E-02  3.03E-01  0.00E+00  0.00E+00  0.00E+00
  38 3.02E-04  16398.0  1.58E-02  2.94E-01  0.00E+00  0.00E+00  0.00E+00
  39 3.55E-04  16451.9  2.03E-02  2.86E-01  0.00E+00  0.00E+00  0.00E+00
  40 4.18E-04  16521.6  2.60E-02  2.79E-01  0.00E+00  0.00E+00  0.00E+00
  41 4.93E-04  16611.4  3.30E-02  2.72E-01  0.00E+00  0.00E+00  0.00E+00
  42 5.83E-04  16726.8  4.15E-02  2.66E-01  0.00E+00  0.00E+00  0.00E+00
  43 6.92E-04  16874.1  5.17E-02  2.62E-01  0.00E+00  0.00E+00  0.00E+00
  44 8.23E-04  17061.3  6.36E-02  2.60E-01  0.00E+00  0.00E+00  0.00E+00
  45 9.83E-04  17297.4  7.74E-02  2.59E-01  0.00E+00  0.00E+00  0.00E+00
  46 1.18E-03  17593.5  9.27E-02  2.62E-01  0.00E+00  0.00E+00  0.00E+00
  47 1.43E-03  17961.7  1.09E-01  2.67E-01  0.00E+00  0.00E+00  0.00E+00
  48 1.74E-03  18416.0  1.27E-01  2.75E-01  0.00E+00  0.00E+00  0.00E+00
  49 2.13E-03  18971.5  1.45E-01  2.85E-01  0.00E+00  0.00E+00  0.00E+00
  50 2.64E-03  19644.3  1.63E-01  2.99E-01  0.00E+00  0.00E+00  0.00E+00
  51 3.31E-03  20451.0  1.80E-01  3.15E-01  0.00E+00  0.00E+00  0.00E+00
  52 4.18E-03  21407.9  1.96E-01  3.31E-01  0.00E+00  0.00E+00  0.00E+00
  53 5.32E-03  22530.6  2.11E-01  3.46E-01  0.00E+00  0.00E+00  0.00E+00
  54 6.83E-03  23833.3  2.25E-01  3.60E-01  0.00E+00  0.00E+00  0.00E+00
  55 8.82E-03  25327.8  2.38E-01  3.72E-01  0.00E+00  0.00E+00  0.00E+00
  56 1.14E-02  27024.2  2.50E-01  3.80E-01  0.00E+00  0.00E+00  0.00E+00
  57 1.48E-02  28930.5  2.62E-01  3.87E-01  0.00E+00  0.00E+00  0.00E+00
  58 1.92E-02  31054.6  2.72E-01  3.91E-01  0.00E+00  0.00E+00  0.00E+00
  59 2.50E-02  33404.6  2.80E-01  3.94E-01  0.00E+00  0.00E+00  0.00E+00
  60 3.25E-02  35990.5  2.84E-01  3.96E-01  0.00E+00  0.00E+00  0.00E+00
  61 4.24E-02  38823.7  2.83E-01  3.97E-01  0.00E+00  0.00E+00  0.00E+00
  62 5.62E-02  41918.3  2.73E-01  3.98E-01  0.00E+00  0.00E+00  0.00E+00
  63 7.59E-02  45290.3  2.57E-01  3.99E-01  0.00E+00  0.00E+00  0.00E+00
  64 1.06E-01  48958.2  2.36E-01  3.99E-01  0.00E+00  0.00E+00  0.00E+00
  65 1.52E-01  52942.7  2.16E-01  3.99E-01  0.00E+00  0.00E+00  0.00E+00
  66 2.24E-01  57267.0  2.01E-01  3.99E-01  0.00E+00  0.00E+00  0.00E+00
  67 3.39E-01  61956.9  1.91E-01  3.99E-01  0.00E+00  0.00E+00  0.00E+00
  68 5.17E-01  67040.6  1.86E-01  3.99E-01  0.00E+00  0.00E+00  0.00E+00
  69 7.90E-01  72549.2  1.86E-01  3.99E-01  0.00E+00  0.00E+00  0.00E+00
  70 1.20E+00  78516.5  1.88E-01  4.00E-01  0.00E+00  0.00E+00  0.00E+00

convective zone between depths (inclusive)   0   0


 CONVECTIVE FLUX: AT CONTMP, ITER= 5

 conout imod,iprin           1           2


  ID    DM        TEMP      DELTA  DELTA(AD)  CON/TOT  RAD/TOT  (C+R)/TOT


   1 9.83E-08  16223.9  0.00E+00  0.00E+00  0.00E+00  0.00E+00  0.00E+00
   2 1.35E-07  16223.9  4.13E-06  0.00E+00  0.00E+00  0.00E+00  0.00E+00
   3 1.84E-07  16223.9  4.19E-06  0.00E+00  0.00E+00  0.00E+00  0.00E+00
   4 2.51E-07  16223.9  4.31E-06  0.00E+00  0.00E+00  0.00E+00  0.00E+00
   5 3.41E-07  16223.9  4.49E-06  0.00E+00  0.00E+00  0.00E+00  0.00E+00
   6 4.62E-07  16223.9  4.75E-06  0.00E+00  0.00E+00  0.00E+00  0.00E+00
   7 6.21E-07  16223.9  5.14E-06  0.00E+00  0.00E+00  0.00E+00  0.00E+00
   8 8.31E-07  16223.9  5.68E-06  0.00E+00  0.00E+00  0.00E+00  0.00E+00
   9 1.11E-06  16223.9  6.44E-06  0.00E+00  0.00E+00  0.00E+00  0.00E+00
  10 1.46E-06  16224.0  7.50E-06  0.00E+00  0.00E+00  0.00E+00  0.00E+00
  11 1.91E-06  16224.0  8.96E-06  0.00E+00  0.00E+00  0.00E+00  0.00E+00
  12 2.47E-06  16224.0  1.10E-05  0.00E+00  0.00E+00  0.00E+00  0.00E+00
  13 3.17E-06  16224.0  1.38E-05  0.00E+00  0.00E+00  0.00E+00  0.00E+00
  14 4.04E-06  16224.1  1.76E-05  0.00E+00  0.00E+00  0.00E+00  0.00E+00
  15 5.09E-06  16224.1  2.28E-05  0.00E+00  0.00E+00  0.00E+00  0.00E+00
  16 6.37E-06  16224.2  2.99E-05  0.00E+00  0.00E+00  0.00E+00  0.00E+00
  17 7.90E-06  16224.3  3.97E-05  0.00E+00  0.00E+00  0.00E+00  0.00E+00
  18 9.72E-06  16224.5  5.29E-05  0.00E+00  0.00E+00  0.00E+00  0.00E+00
  19 1.19E-05  16224.7  7.09E-05  0.00E+00  0.00E+00  0.00E+00  0.00E+00
  20 1.45E-05  16224.9  9.53E-05  0.00E+00  0.00E+00  0.00E+00  0.00E+00
  21 1.75E-05  16225.3  1.28E-04  0.00E+00  0.00E+00  0.00E+00  0.00E+00
  22 2.11E-05  16225.8  1.73E-04  0.00E+00  0.00E+00  0.00E+00  0.00E+00
  23 2.52E-05  16226.4  2.32E-04  0.00E+00  0.00E+00  0.00E+00  0.00E+00
  24 3.01E-05  16227.3  3.12E-04  0.00E+00  0.00E+00  0.00E+00  0.00E+00
  25 3.59E-05  16228.4  4.20E-04  0.00E+00  0.00E+00  0.00E+00  0.00E+00
  26 4.26E-05  16229.9  5.63E-04  0.00E+00  0.00E+00  0.00E+00  0.00E+00
  27 5.05E-05  16231.9  7.53E-04  0.00E+00  0.00E+00  0.00E+00  0.00E+00
  28 5.97E-05  16234.5  1.01E-03  0.00E+00  0.00E+00  0.00E+00  0.00E+00
  29 7.05E-05  16238.1  1.34E-03  0.00E+00  0.00E+00  0.00E+00  0.00E+00
  30 8.31E-05  16242.7  1.79E-03  0.00E+00  0.00E+00  0.00E+00  0.00E+00
  31 9.78E-05  16248.9  2.37E-03  0.00E+00  0.00E+00  0.00E+00  0.00E+00
  32 1.15E-04  16257.0  3.14E-03  3.43E-01  0.00E+00  0.00E+00  0.00E+00
  33 1.35E-04  16267.8  4.15E-03  3.36E-01  0.00E+00  0.00E+00  0.00E+00
  34 1.59E-04  16281.9  5.46E-03  3.28E-01  0.00E+00  0.00E+00  0.00E+00
  35 1.87E-04  16300.5  7.16E-03  3.20E-01  0.00E+00  0.00E+00  0.00E+00
  36 2.19E-04  16324.8  9.36E-03  3.11E-01  0.00E+00  0.00E+00  0.00E+00
  37 2.57E-04  16356.6  1.22E-02  3.03E-01  0.00E+00  0.00E+00  0.00E+00
  38 3.02E-04  16398.0  1.58E-02  2.94E-01  0.00E+00  0.00E+00  0.00E+00
  39 3.56E-04  16451.9  2.03E-02  2.86E-01  0.00E+00  0.00E+00  0.00E+00
  40 4.19E-04  16521.6  2.60E-02  2.78E-01  0.00E+00  0.00E+00  0.00E+00
  41 4.94E-04  16611.4  3.30E-02  2.72E-01  0.00E+00  0.00E+00  0.00E+00
  42 5.84E-04  16726.8  4.15E-02  2.66E-01  0.00E+00  0.00E+00  0.00E+00
  43 6.92E-04  16874.1  5.17E-02  2.62E-01  0.00E+00  0.00E+00  0.00E+00
  44 8.24E-04  17061.3  6.36E-02  2.59E-01  0.00E+00  0.00E+00  0.00E+00
  45 9.84E-04  17297.4  7.74E-02  2.59E-01  0.00E+00  0.00E+00  0.00E+00
  46 1.18E-03  17593.5  9.27E-02  2.61E-01  0.00E+00  0.00E+00  0.00E+00
  47 1.43E-03  17961.7  1.09E-01  2.66E-01  0.00E+00  0.00E+00  0.00E+00
  48 1.74E-03  18416.0  1.27E-01  2.74E-01  0.00E+00  0.00E+00  0.00E+00
  49 2.13E-03  18971.5  1.45E-01  2.85E-01  0.00E+00  0.00E+00  0.00E+00
  50 2.64E-03  19644.3  1.63E-01  2.99E-01  0.00E+00  0.00E+00  0.00E+00
  51 3.31E-03  20451.0  1.80E-01  3.15E-01  0.00E+00  0.00E+00  0.00E+00
  52 4.18E-03  21407.9  1.96E-01  3.31E-01  0.00E+00  0.00E+00  0.00E+00
  53 5.32E-03  22530.6  2.11E-01  3.46E-01  0.00E+00  0.00E+00  0.00E+00
  54 6.83E-03  23833.3  2.25E-01  3.60E-01  0.00E+00  0.00E+00  0.00E+00
  55 8.82E-03  25327.8  2.38E-01  3.72E-01  0.00E+00  0.00E+00  0.00E+00
  56 1.14E-02  27024.2  2.50E-01  3.80E-01  0.00E+00  0.00E+00  0.00E+00
  57 1.48E-02  28930.5  2.62E-01  3.87E-01  0.00E+00  0.00E+00  0.00E+00
  58 1.92E-02  31054.6  2.72E-01  3.91E-01  0.00E+00  0.00E+00  0.00E+00
  59 2.50E-02  33404.6  2.80E-01  3.94E-01  0.00E+00  0.00E+00  0.00E+00
  60 3.25E-02  35990.5  2.84E-01  3.96E-01  0.00E+00  0.00E+00  0.00E+00
  61 4.24E-02  38823.7  2.83E-01  3.97E-01  0.00E+00  0.00E+00  0.00E+00
  62 5.62E-02  41918.3  2.73E-01  3.98E-01  0.00E+00  0.00E+00  0.00E+00
  63 7.59E-02  45290.3  2.57E-01  3.99E-01  0.00E+00  0.00E+00  0.00E+00
  64 1.06E-01  48958.2  2.36E-01  3.99E-01  0.00E+00  0.00E+00  0.00E+00
  65 1.52E-01  52942.7  2.16E-01  3.99E-01  0.00E+00  0.00E+00  0.00E+00
  66 2.24E-01  57267.0  2.01E-01  3.99E-01  0.00E+00  0.00E+00  0.00E+00
  67 3.39E-01  61956.9  1.91E-01  3.99E-01  0.00E+00  0.00E+00  0.00E+00
  68 5.17E-01  67040.6  1.86E-01  3.99E-01  0.00E+00  0.00E+00  0.00E+00
  69 7.90E-01  72549.2  1.86E-01  3.99E-01  0.00E+00  0.00E+00  0.00E+00
  70 1.20E+00  78516.5  1.88E-01  4.00E-01  0.00E+00  0.00E+00  0.00E+00

convective zone between depths (inclusive)   0   0


 CONVECTIVE FLUX: AT CONTMP, ITER= 6

 conout imod,iprin           1           2


  ID    DM        TEMP      DELTA  DELTA(AD)  CON/TOT  RAD/TOT  (C+R)/TOT


   1 9.83E-08  16223.9  0.00E+00  0.00E+00  0.00E+00  0.00E+00  0.00E+00
   2 1.35E-07  16223.9  4.13E-06  0.00E+00  0.00E+00  0.00E+00  0.00E+00
   3 1.84E-07  16223.9  4.19E-06  0.00E+00  0.00E+00  0.00E+00  0.00E+00
   4 2.51E-07  16223.9  4.31E-06  0.00E+00  0.00E+00  0.00E+00  0.00E+00
   5 3.41E-07  16223.9  4.49E-06  0.00E+00  0.00E+00  0.00E+00  0.00E+00
   6 4.62E-07  16223.9  4.75E-06  0.00E+00  0.00E+00  0.00E+00  0.00E+00
   7 6.21E-07  16223.9  5.14E-06  0.00E+00  0.00E+00  0.00E+00  0.00E+00
   8 8.31E-07  16223.9  5.68E-06  0.00E+00  0.00E+00  0.00E+00  0.00E+00
   9 1.11E-06  16223.9  6.44E-06  0.00E+00  0.00E+00  0.00E+00  0.00E+00
  10 1.46E-06  16224.0  7.50E-06  0.00E+00  0.00E+00  0.00E+00  0.00E+00
  11 1.91E-06  16224.0  8.96E-06  0.00E+00  0.00E+00  0.00E+00  0.00E+00
  12 2.47E-06  16224.0  1.10E-05  0.00E+00  0.00E+00  0.00E+00  0.00E+00
  13 3.17E-06  16224.0  1.38E-05  0.00E+00  0.00E+00  0.00E+00  0.00E+00
  14 4.04E-06  16224.1  1.76E-05  0.00E+00  0.00E+00  0.00E+00  0.00E+00
  15 5.09E-06  16224.1  2.28E-05  0.00E+00  0.00E+00  0.00E+00  0.00E+00
  16 6.36E-06  16224.2  2.99E-05  0.00E+00  0.00E+00  0.00E+00  0.00E+00
  17 7.89E-06  16224.3  3.97E-05  0.00E+00  0.00E+00  0.00E+00  0.00E+00
  18 9.72E-06  16224.5  5.29E-05  0.00E+00  0.00E+00  0.00E+00  0.00E+00
  19 1.19E-05  16224.7  7.09E-05  0.00E+00  0.00E+00  0.00E+00  0.00E+00
  20 1.45E-05  16224.9  9.53E-05  0.00E+00  0.00E+00  0.00E+00  0.00E+00
  21 1.75E-05  16225.3  1.28E-04  0.00E+00  0.00E+00  0.00E+00  0.00E+00
  22 2.11E-05  16225.8  1.73E-04  0.00E+00  0.00E+00  0.00E+00  0.00E+00
  23 2.52E-05  16226.4  2.32E-04  0.00E+00  0.00E+00  0.00E+00  0.00E+00
  24 3.02E-05  16227.3  3.12E-04  0.00E+00  0.00E+00  0.00E+00  0.00E+00
  25 3.59E-05  16228.4  4.19E-04  0.00E+00  0.00E+00  0.00E+00  0.00E+00
  26 4.26E-05  16229.9  5.63E-04  0.00E+00  0.00E+00  0.00E+00  0.00E+00
  27 5.05E-05  16231.9  7.53E-04  0.00E+00  0.00E+00  0.00E+00  0.00E+00
  28 5.97E-05  16234.5  1.01E-03  0.00E+00  0.00E+00  0.00E+00  0.00E+00
  29 7.05E-05  16238.1  1.34E-03  0.00E+00  0.00E+00  0.00E+00  0.00E+00
  30 8.31E-05  16242.7  1.79E-03  0.00E+00  0.00E+00  0.00E+00  0.00E+00
  31 9.78E-05  16248.9  2.37E-03  0.00E+00  0.00E+00  0.00E+00  0.00E+00
  32 1.15E-04  16257.0  3.14E-03  3.43E-01  0.00E+00  0.00E+00  0.00E+00
  33 1.35E-04  16267.8  4.15E-03  3.36E-01  0.00E+00  0.00E+00  0.00E+00
  34 1.59E-04  16281.9  5.46E-03  3.28E-01  0.00E+00  0.00E+00  0.00E+00
  35 1.87E-04  16300.5  7.16E-03  3.20E-01  0.00E+00  0.00E+00  0.00E+00
  36 2.19E-04  16324.8  9.36E-03  3.11E-01  0.00E+00  0.00E+00  0.00E+00
  37 2.57E-04  16356.6  1.22E-02  3.03E-01  0.00E+00  0.00E+00  0.00E+00
  38 3.02E-04  16398.0  1.58E-02  2.94E-01  0.00E+00  0.00E+00  0.00E+00
  39 3.56E-04  16451.9  2.03E-02  2.86E-01  0.00E+00  0.00E+00  0.00E+00
  40 4.19E-04  16521.6  2.60E-02  2.78E-01  0.00E+00  0.00E+00  0.00E+00
  41 4.94E-04  16611.4  3.30E-02  2.72E-01  0.00E+00  0.00E+00  0.00E+00
  42 5.84E-04  16726.8  4.15E-02  2.66E-01  0.00E+00  0.00E+00  0.00E+00
  43 6.92E-04  16874.1  5.17E-02  2.62E-01  0.00E+00  0.00E+00  0.00E+00
  44 8.23E-04  17061.3  6.37E-02  2.59E-01  0.00E+00  0.00E+00  0.00E+00
  45 9.84E-04  17297.4  7.74E-02  2.59E-01  0.00E+00  0.00E+00  0.00E+00
  46 1.18E-03  17593.5  9.28E-02  2.62E-01  0.00E+00  0.00E+00  0.00E+00
  47 1.43E-03  17961.7  1.10E-01  2.67E-01  0.00E+00  0.00E+00  0.00E+00
  48 1.74E-03  18416.0  1.27E-01  2.75E-01  0.00E+00  0.00E+00  0.00E+00
  49 2.13E-03  18971.5  1.45E-01  2.85E-01  0.00E+00  0.00E+00  0.00E+00
  50 2.64E-03  19644.3  1.63E-01  2.99E-01  0.00E+00  0.00E+00  0.00E+00
  51 3.31E-03  20451.0  1.80E-01  3.15E-01  0.00E+00  0.00E+00  0.00E+00
  52 4.18E-03  21407.9  1.96E-01  3.31E-01  0.00E+00  0.00E+00  0.00E+00
  53 5.32E-03  22530.6  2.11E-01  3.46E-01  0.00E+00  0.00E+00  0.00E+00
  54 6.83E-03  23833.3  2.25E-01  3.60E-01  0.00E+00  0.00E+00  0.00E+00
  55 8.82E-03  25327.8  2.38E-01  3.72E-01  0.00E+00  0.00E+00  0.00E+00
  56 1.14E-02  27024.2  2.50E-01  3.80E-01  0.00E+00  0.00E+00  0.00E+00
  57 1.48E-02  28930.5  2.62E-01  3.87E-01  0.00E+00  0.00E+00  0.00E+00
  58 1.92E-02  31054.6  2.72E-01  3.91E-01  0.00E+00  0.00E+00  0.00E+00
  59 2.50E-02  33404.6  2.80E-01  3.94E-01  0.00E+00  0.00E+00  0.00E+00
  60 3.24E-02  35990.5  2.84E-01  3.96E-01  0.00E+00  0.00E+00  0.00E+00
  61 4.24E-02  38823.7  2.83E-01  3.97E-01  0.00E+00  0.00E+00  0.00E+00
  62 5.62E-02  41918.3  2.73E-01  3.98E-01  0.00E+00  0.00E+00  0.00E+00
  63 7.59E-02  45290.3  2.57E-01  3.99E-01  0.00E+00  0.00E+00  0.00E+00
  64 1.06E-01  48958.2  2.36E-01  3.99E-01  0.00E+00  0.00E+00  0.00E+00
  65 1.52E-01  52942.7  2.16E-01  3.99E-01  0.00E+00  0.00E+00  0.00E+00
  66 2.24E-01  57267.0  2.01E-01  3.99E-01  0.00E+00  0.00E+00  0.00E+00
  67 3.39E-01  61956.9  1.91E-01  3.99E-01  0.00E+00  0.00E+00  0.00E+00
  68 5.17E-01  67040.6  1.86E-01  3.99E-01  0.00E+00  0.00E+00  0.00E+00
  69 7.90E-01  72549.2  1.86E-01  3.99E-01  0.00E+00  0.00E+00  0.00E+00
  70 1.20E+00  78516.5  1.88E-01  4.00E-01  0.00E+00  0.00E+00  0.00E+00

convective zone between depths (inclusive)   0   0


 CONVECTIVE FLUX: AT CONTMP, ITER= 7

 conout imod,iprin           1           2


  ID    DM        TEMP      DELTA  DELTA(AD)  CON/TOT  RAD/TOT  (C+R)/TOT


   1 9.83E-08  16223.9  0.00E+00  0.00E+00  0.00E+00  0.00E+00  0.00E+00
   2 1.35E-07  16223.9  4.13E-06  0.00E+00  0.00E+00  0.00E+00  0.00E+00
   3 1.84E-07  16223.9  4.19E-06  0.00E+00  0.00E+00  0.00E+00  0.00E+00
   4 2.51E-07  16223.9  4.31E-06  0.00E+00  0.00E+00  0.00E+00  0.00E+00
   5 3.41E-07  16223.9  4.49E-06  0.00E+00  0.00E+00  0.00E+00  0.00E+00
   6 4.62E-07  16223.9  4.75E-06  0.00E+00  0.00E+00  0.00E+00  0.00E+00
   7 6.21E-07  16223.9  5.14E-06  0.00E+00  0.00E+00  0.00E+00  0.00E+00
   8 8.31E-07  16223.9  5.68E-06  0.00E+00  0.00E+00  0.00E+00  0.00E+00
   9 1.11E-06  16223.9  6.44E-06  0.00E+00  0.00E+00  0.00E+00  0.00E+00
  10 1.46E-06  16224.0  7.50E-06  0.00E+00  0.00E+00  0.00E+00  0.00E+00
  11 1.91E-06  16224.0  8.96E-06  0.00E+00  0.00E+00  0.00E+00  0.00E+00
  12 2.47E-06  16224.0  1.10E-05  0.00E+00  0.00E+00  0.00E+00  0.00E+00
  13 3.17E-06  16224.0  1.38E-05  0.00E+00  0.00E+00  0.00E+00  0.00E+00
  14 4.04E-06  16224.1  1.76E-05  0.00E+00  0.00E+00  0.00E+00  0.00E+00
  15 5.09E-06  16224.1  2.28E-05  0.00E+00  0.00E+00  0.00E+00  0.00E+00
  16 6.37E-06  16224.2  2.99E-05  0.00E+00  0.00E+00  0.00E+00  0.00E+00
  17 7.90E-06  16224.3  3.97E-05  0.00E+00  0.00E+00  0.00E+00  0.00E+00
  18 9.72E-06  16224.5  5.29E-05  0.00E+00  0.00E+00  0.00E+00  0.00E+00
  19 1.19E-05  16224.7  7.09E-05  0.00E+00  0.00E+00  0.00E+00  0.00E+00
  20 1.45E-05  16224.9  9.53E-05  0.00E+00  0.00E+00  0.00E+00  0.00E+00
  21 1.75E-05  16225.3  1.28E-04  0.00E+00  0.00E+00  0.00E+00  0.00E+00
  22 2.11E-05  16225.8  1.73E-04  0.00E+00  0.00E+00  0.00E+00  0.00E+00
  23 2.52E-05  16226.4  2.32E-04  0.00E+00  0.00E+00  0.00E+00  0.00E+00
  24 3.02E-05  16227.3  3.12E-04  0.00E+00  0.00E+00  0.00E+00  0.00E+00
  25 3.59E-05  16228.4  4.20E-04  0.00E+00  0.00E+00  0.00E+00  0.00E+00
  26 4.26E-05  16229.9  5.63E-04  0.00E+00  0.00E+00  0.00E+00  0.00E+00
  27 5.05E-05  16231.9  7.53E-04  0.00E+00  0.00E+00  0.00E+00  0.00E+00
  28 5.97E-05  16234.5  1.01E-03  0.00E+00  0.00E+00  0.00E+00  0.00E+00
  29 7.05E-05  16238.1  1.34E-03  0.00E+00  0.00E+00  0.00E+00  0.00E+00
  30 8.31E-05  16242.7  1.79E-03  0.00E+00  0.00E+00  0.00E+00  0.00E+00
  31 9.78E-05  16248.9  2.37E-03  0.00E+00  0.00E+00  0.00E+00  0.00E+00
  32 1.15E-04  16257.0  3.14E-03  3.43E-01  0.00E+00  0.00E+00  0.00E+00
  33 1.35E-04  16267.8  4.15E-03  3.36E-01  0.00E+00  0.00E+00  0.00E+00
  34 1.59E-04  16281.9  5.46E-03  3.28E-01  0.00E+00  0.00E+00  0.00E+00
  35 1.87E-04  16300.5  7.16E-03  3.20E-01  0.00E+00  0.00E+00  0.00E+00
  36 2.19E-04  16324.8  9.36E-03  3.11E-01  0.00E+00  0.00E+00  0.00E+00
  37 2.57E-04  16356.6  1.22E-02  3.03E-01  0.00E+00  0.00E+00  0.00E+00
  38 3.02E-04  16398.0  1.58E-02  2.94E-01  0.00E+00  0.00E+00  0.00E+00
  39 3.56E-04  16451.9  2.03E-02  2.86E-01  0.00E+00  0.00E+00  0.00E+00
  40 4.19E-04  16521.6  2.60E-02  2.78E-01  0.00E+00  0.00E+00  0.00E+00
  41 4.94E-04  16611.4  3.30E-02  2.72E-01  0.00E+00  0.00E+00  0.00E+00
  42 5.84E-04  16726.8  4.15E-02  2.66E-01  0.00E+00  0.00E+00  0.00E+00
  43 6.92E-04  16874.1  5.17E-02  2.62E-01  0.00E+00  0.00E+00  0.00E+00
  44 8.23E-04  17061.3  6.37E-02  2.59E-01  0.00E+00  0.00E+00  0.00E+00
  45 9.84E-04  17297.4  7.74E-02  2.59E-01  0.00E+00  0.00E+00  0.00E+00
  46 1.18E-03  17593.5  9.27E-02  2.62E-01  0.00E+00  0.00E+00  0.00E+00
  47 1.43E-03  17961.7  1.09E-01  2.67E-01  0.00E+00  0.00E+00  0.00E+00
  48 1.74E-03  18416.0  1.27E-01  2.74E-01  0.00E+00  0.00E+00  0.00E+00
  49 2.13E-03  18971.5  1.45E-01  2.85E-01  0.00E+00  0.00E+00  0.00E+00
  50 2.64E-03  19644.3  1.63E-01  2.99E-01  0.00E+00  0.00E+00  0.00E+00
  51 3.31E-03  20451.0  1.80E-01  3.15E-01  0.00E+00  0.00E+00  0.00E+00
  52 4.18E-03  21407.9  1.96E-01  3.31E-01  0.00E+00  0.00E+00  0.00E+00
  53 5.32E-03  22530.6  2.11E-01  3.46E-01  0.00E+00  0.00E+00  0.00E+00
  54 6.83E-03  23833.3  2.25E-01  3.60E-01  0.00E+00  0.00E+00  0.00E+00
  55 8.82E-03  25327.8  2.38E-01  3.72E-01  0.00E+00  0.00E+00  0.00E+00
  56 1.14E-02  27024.2  2.50E-01  3.80E-01  0.00E+00  0.00E+00  0.00E+00
  57 1.48E-02  28930.5  2.62E-01  3.87E-01  0.00E+00  0.00E+00  0.00E+00
  58 1.92E-02  31054.6  2.72E-01  3.91E-01  0.00E+00  0.00E+00  0.00E+00
  59 2.50E-02  33404.6  2.80E-01  3.94E-01  0.00E+00  0.00E+00  0.00E+00
  60 3.25E-02  35990.5  2.84E-01  3.96E-01  0.00E+00  0.00E+00  0.00E+00
  61 4.25E-02  38823.7  2.83E-01  3.97E-01  0.00E+00  0.00E+00  0.00E+00
  62 5.62E-02  41918.3  2.73E-01  3.98E-01  0.00E+00  0.00E+00  0.00E+00
  63 7.59E-02  45290.3  2.57E-01  3.99E-01  0.00E+00  0.00E+00  0.00E+00
  64 1.06E-01  48958.2  2.36E-01  3.99E-01  0.00E+00  0.00E+00  0.00E+00
  65 1.52E-01  52942.7  2.16E-01  3.99E-01  0.00E+00  0.00E+00  0.00E+00
  66 2.24E-01  57267.0  2.01E-01  3.99E-01  0.00E+00  0.00E+00  0.00E+00
  67 3.39E-01  61956.9  1.91E-01  3.99E-01  0.00E+00  0.00E+00  0.00E+00
  68 5.17E-01  67040.6  1.86E-01  3.99E-01  0.00E+00  0.00E+00  0.00E+00
  69 7.90E-01  72549.2  1.86E-01  3.99E-01  0.00E+00  0.00E+00  0.00E+00
  70 1.20E+00  78516.5  1.88E-01  4.00E-01  0.00E+00  0.00E+00  0.00E+00

convective zone between depths (inclusive)   0   0


 CONVECTIVE FLUX: AT CONTMP, ITER= 8

 conout imod,iprin           1           2


  ID    DM        TEMP      DELTA  DELTA(AD)  CON/TOT  RAD/TOT  (C+R)/TOT


   1 9.83E-08  16223.9  0.00E+00  0.00E+00  0.00E+00  0.00E+00  0.00E+00
   2 1.35E-07  16223.9  4.13E-06  0.00E+00  0.00E+00  0.00E+00  0.00E+00
   3 1.84E-07  16223.9  4.19E-06  0.00E+00  0.00E+00  0.00E+00  0.00E+00
   4 2.51E-07  16223.9  4.31E-06  0.00E+00  0.00E+00  0.00E+00  0.00E+00
   5 3.41E-07  16223.9  4.49E-06  0.00E+00  0.00E+00  0.00E+00  0.00E+00
   6 4.62E-07  16223.9  4.75E-06  0.00E+00  0.00E+00  0.00E+00  0.00E+00
   7 6.21E-07  16223.9  5.14E-06  0.00E+00  0.00E+00  0.00E+00  0.00E+00
   8 8.31E-07  16223.9  5.68E-06  0.00E+00  0.00E+00  0.00E+00  0.00E+00
   9 1.11E-06  16223.9  6.44E-06  0.00E+00  0.00E+00  0.00E+00  0.00E+00
  10 1.46E-06  16224.0  7.50E-06  0.00E+00  0.00E+00  0.00E+00  0.00E+00
  11 1.91E-06  16224.0  8.96E-06  0.00E+00  0.00E+00  0.00E+00  0.00E+00
  12 2.47E-06  16224.0  1.10E-05  0.00E+00  0.00E+00  0.00E+00  0.00E+00
  13 3.17E-06  16224.0  1.38E-05  0.00E+00  0.00E+00  0.00E+00  0.00E+00
  14 4.04E-06  16224.1  1.76E-05  0.00E+00  0.00E+00  0.00E+00  0.00E+00
  15 5.09E-06  16224.1  2.28E-05  0.00E+00  0.00E+00  0.00E+00  0.00E+00
  16 6.36E-06  16224.2  2.99E-05  0.00E+00  0.00E+00  0.00E+00  0.00E+00
  17 7.90E-06  16224.3  3.97E-05  0.00E+00  0.00E+00  0.00E+00  0.00E+00
  18 9.72E-06  16224.5  5.29E-05  0.00E+00  0.00E+00  0.00E+00  0.00E+00
  19 1.19E-05  16224.7  7.09E-05  0.00E+00  0.00E+00  0.00E+00  0.00E+00
  20 1.45E-05  16224.9  9.53E-05  0.00E+00  0.00E+00  0.00E+00  0.00E+00
  21 1.75E-05  16225.3  1.28E-04  0.00E+00  0.00E+00  0.00E+00  0.00E+00
  22 2.11E-05  16225.8  1.73E-04  0.00E+00  0.00E+00  0.00E+00  0.00E+00
  23 2.52E-05  16226.4  2.32E-04  0.00E+00  0.00E+00  0.00E+00  0.00E+00
  24 3.02E-05  16227.3  3.12E-04  0.00E+00  0.00E+00  0.00E+00  0.00E+00
  25 3.59E-05  16228.4  4.19E-04  0.00E+00  0.00E+00  0.00E+00  0.00E+00
  26 4.26E-05  16229.9  5.63E-04  0.00E+00  0.00E+00  0.00E+00  0.00E+00
  27 5.05E-05  16231.9  7.53E-04  0.00E+00  0.00E+00  0.00E+00  0.00E+00
  28 5.97E-05  16234.5  1.01E-03  0.00E+00  0.00E+00  0.00E+00  0.00E+00
  29 7.05E-05  16238.1  1.34E-03  0.00E+00  0.00E+00  0.00E+00  0.00E+00
  30 8.31E-05  16242.7  1.79E-03  0.00E+00  0.00E+00  0.00E+00  0.00E+00
  31 9.78E-05  16248.9  2.37E-03  0.00E+00  0.00E+00  0.00E+00  0.00E+00
  32 1.15E-04  16257.0  3.14E-03  3.43E-01  0.00E+00  0.00E+00  0.00E+00
  33 1.35E-04  16267.8  4.15E-03  3.36E-01  0.00E+00  0.00E+00  0.00E+00
  34 1.59E-04  16281.9  5.46E-03  3.28E-01  0.00E+00  0.00E+00  0.00E+00
  35 1.87E-04  16300.5  7.16E-03  3.20E-01  0.00E+00  0.00E+00  0.00E+00
  36 2.19E-04  16324.8  9.36E-03  3.11E-01  0.00E+00  0.00E+00  0.00E+00
  37 2.57E-04  16356.6  1.22E-02  3.03E-01  0.00E+00  0.00E+00  0.00E+00
  38 3.02E-04  16398.0  1.58E-02  2.94E-01  0.00E+00  0.00E+00  0.00E+00
  39 3.56E-04  16451.9  2.03E-02  2.86E-01  0.00E+00  0.00E+00  0.00E+00
  40 4.19E-04  16521.6  2.60E-02  2.78E-01  0.00E+00  0.00E+00  0.00E+00
  41 4.94E-04  16611.4  3.30E-02  2.72E-01  0.00E+00  0.00E+00  0.00E+00
  42 5.84E-04  16726.8  4.15E-02  2.66E-01  0.00E+00  0.00E+00  0.00E+00
  43 6.92E-04  16874.1  5.17E-02  2.62E-01  0.00E+00  0.00E+00  0.00E+00
  44 8.23E-04  17061.3  6.37E-02  2.59E-01  0.00E+00  0.00E+00  0.00E+00
  45 9.84E-04  17297.4  7.74E-02  2.59E-01  0.00E+00  0.00E+00  0.00E+00
  46 1.18E-03  17593.5  9.28E-02  2.62E-01  0.00E+00  0.00E+00  0.00E+00
  47 1.43E-03  17961.7  1.09E-01  2.67E-01  0.00E+00  0.00E+00  0.00E+00
  48 1.74E-03  18416.0  1.27E-01  2.74E-01  0.00E+00  0.00E+00  0.00E+00
  49 2.13E-03  18971.5  1.45E-01  2.85E-01  0.00E+00  0.00E+00  0.00E+00
  50 2.64E-03  19644.3  1.63E-01  2.99E-01  0.00E+00  0.00E+00  0.00E+00
  51 3.31E-03  20451.0  1.80E-01  3.15E-01  0.00E+00  0.00E+00  0.00E+00
  52 4.18E-03  21407.9  1.96E-01  3.31E-01  0.00E+00  0.00E+00  0.00E+00
  53 5.32E-03  22530.6  2.11E-01  3.46E-01  0.00E+00  0.00E+00  0.00E+00
  54 6.83E-03  23833.3  2.25E-01  3.60E-01  0.00E+00  0.00E+00  0.00E+00
  55 8.82E-03  25327.8  2.38E-01  3.72E-01  0.00E+00  0.00E+00  0.00E+00
  56 1.14E-02  27024.2  2.50E-01  3.80E-01  0.00E+00  0.00E+00  0.00E+00
  57 1.48E-02  28930.5  2.62E-01  3.87E-01  0.00E+00  0.00E+00  0.00E+00
  58 1.92E-02  31054.6  2.72E-01  3.91E-01  0.00E+00  0.00E+00  0.00E+00
  59 2.50E-02  33404.6  2.80E-01  3.94E-01  0.00E+00  0.00E+00  0.00E+00
  60 3.24E-02  35990.5  2.84E-01  3.96E-01  0.00E+00  0.00E+00  0.00E+00
  61 4.24E-02  38823.7  2.83E-01  3.97E-01  0.00E+00  0.00E+00  0.00E+00
  62 5.62E-02  41918.3  2.73E-01  3.98E-01  0.00E+00  0.00E+00  0.00E+00
  63 7.59E-02  45290.3  2.57E-01  3.99E-01  0.00E+00  0.00E+00  0.00E+00
  64 1.06E-01  48958.2  2.36E-01  3.99E-01  0.00E+00  0.00E+00  0.00E+00
  65 1.52E-01  52942.7  2.16E-01  3.99E-01  0.00E+00  0.00E+00  0.00E+00
  66 2.24E-01  57267.0  2.01E-01  3.99E-01  0.00E+00  0.00E+00  0.00E+00
  67 3.38E-01  61956.9  1.91E-01  3.99E-01  0.00E+00  0.00E+00  0.00E+00
  68 5.17E-01  67040.6  1.86E-01  3.99E-01  0.00E+00  0.00E+00  0.00E+00
  69 7.90E-01  72549.2  1.86E-01  3.99E-01  0.00E+00  0.00E+00  0.00E+00
  70 1.20E+00  78516.5  1.88E-01  4.00E-01  0.00E+00  0.00E+00  0.00E+00

convective zone between depths (inclusive)   0   0


 CONVECTIVE FLUX: AT CONTMP, ITER= 9

 conout imod,iprin           1           2


  ID    DM        TEMP      DELTA  DELTA(AD)  CON/TOT  RAD/TOT  (C+R)/TOT


   1 9.83E-08  16223.9  0.00E+00  0.00E+00  0.00E+00  0.00E+00  0.00E+00
   2 1.35E-07  16223.9  4.13E-06  0.00E+00  0.00E+00  0.00E+00  0.00E+00
   3 1.84E-07  16223.9  4.19E-06  0.00E+00  0.00E+00  0.00E+00  0.00E+00
   4 2.51E-07  16223.9  4.31E-06  0.00E+00  0.00E+00  0.00E+00  0.00E+00
   5 3.41E-07  16223.9  4.49E-06  0.00E+00  0.00E+00  0.00E+00  0.00E+00
   6 4.62E-07  16223.9  4.75E-06  0.00E+00  0.00E+00  0.00E+00  0.00E+00
   7 6.21E-07  16223.9  5.14E-06  0.00E+00  0.00E+00  0.00E+00  0.00E+00
   8 8.31E-07  16223.9  5.68E-06  0.00E+00  0.00E+00  0.00E+00  0.00E+00
   9 1.11E-06  16223.9  6.44E-06  0.00E+00  0.00E+00  0.00E+00  0.00E+00
  10 1.46E-06  16224.0  7.50E-06  0.00E+00  0.00E+00  0.00E+00  0.00E+00
  11 1.91E-06  16224.0  8.96E-06  0.00E+00  0.00E+00  0.00E+00  0.00E+00
  12 2.47E-06  16224.0  1.10E-05  0.00E+00  0.00E+00  0.00E+00  0.00E+00
  13 3.17E-06  16224.0  1.38E-05  0.00E+00  0.00E+00  0.00E+00  0.00E+00
  14 4.04E-06  16224.1  1.76E-05  0.00E+00  0.00E+00  0.00E+00  0.00E+00
  15 5.09E-06  16224.1  2.28E-05  0.00E+00  0.00E+00  0.00E+00  0.00E+00
  16 6.36E-06  16224.2  2.99E-05  0.00E+00  0.00E+00  0.00E+00  0.00E+00
  17 7.90E-06  16224.3  3.97E-05  0.00E+00  0.00E+00  0.00E+00  0.00E+00
  18 9.72E-06  16224.5  5.29E-05  0.00E+00  0.00E+00  0.00E+00  0.00E+00
  19 1.19E-05  16224.7  7.09E-05  0.00E+00  0.00E+00  0.00E+00  0.00E+00
  20 1.45E-05  16224.9  9.53E-05  0.00E+00  0.00E+00  0.00E+00  0.00E+00
  21 1.75E-05  16225.3  1.28E-04  0.00E+00  0.00E+00  0.00E+00  0.00E+00
  22 2.11E-05  16225.8  1.73E-04  0.00E+00  0.00E+00  0.00E+00  0.00E+00
  23 2.52E-05  16226.4  2.32E-04  0.00E+00  0.00E+00  0.00E+00  0.00E+00
  24 3.02E-05  16227.3  3.12E-04  0.00E+00  0.00E+00  0.00E+00  0.00E+00
  25 3.59E-05  16228.4  4.19E-04  0.00E+00  0.00E+00  0.00E+00  0.00E+00
  26 4.26E-05  16229.9  5.63E-04  0.00E+00  0.00E+00  0.00E+00  0.00E+00
  27 5.05E-05  16231.9  7.53E-04  0.00E+00  0.00E+00  0.00E+00  0.00E+00
  28 5.97E-05  16234.5  1.01E-03  0.00E+00  0.00E+00  0.00E+00  0.00E+00
  29 7.05E-05  16238.1  1.34E-03  0.00E+00  0.00E+00  0.00E+00  0.00E+00
  30 8.31E-05  16242.7  1.79E-03  0.00E+00  0.00E+00  0.00E+00  0.00E+00
  31 9.78E-05  16248.9  2.37E-03  0.00E+00  0.00E+00  0.00E+00  0.00E+00
  32 1.15E-04  16257.0  3.14E-03  3.43E-01  0.00E+00  0.00E+00  0.00E+00
  33 1.35E-04  16267.8  4.15E-03  3.36E-01  0.00E+00  0.00E+00  0.00E+00
  34 1.59E-04  16281.9  5.46E-03  3.28E-01  0.00E+00  0.00E+00  0.00E+00
  35 1.87E-04  16300.5  7.16E-03  3.20E-01  0.00E+00  0.00E+00  0.00E+00
  36 2.19E-04  16324.8  9.36E-03  3.11E-01  0.00E+00  0.00E+00  0.00E+00
  37 2.57E-04  16356.6  1.22E-02  3.03E-01  0.00E+00  0.00E+00  0.00E+00
  38 3.02E-04  16398.0  1.58E-02  2.94E-01  0.00E+00  0.00E+00  0.00E+00
  39 3.56E-04  16451.9  2.03E-02  2.86E-01  0.00E+00  0.00E+00  0.00E+00
  40 4.19E-04  16521.6  2.60E-02  2.78E-01  0.00E+00  0.00E+00  0.00E+00
  41 4.94E-04  16611.4  3.30E-02  2.72E-01  0.00E+00  0.00E+00  0.00E+00
  42 5.84E-04  16726.8  4.15E-02  2.66E-01  0.00E+00  0.00E+00  0.00E+00
  43 6.92E-04  16874.1  5.17E-02  2.62E-01  0.00E+00  0.00E+00  0.00E+00
  44 8.23E-04  17061.3  6.37E-02  2.59E-01  0.00E+00  0.00E+00  0.00E+00
  45 9.84E-04  17297.4  7.74E-02  2.59E-01  0.00E+00  0.00E+00  0.00E+00
  46 1.18E-03  17593.5  9.28E-02  2.62E-01  0.00E+00  0.00E+00  0.00E+00
  47 1.43E-03  17961.7  1.09E-01  2.67E-01  0.00E+00  0.00E+00  0.00E+00
  48 1.74E-03  18416.0  1.27E-01  2.74E-01  0.00E+00  0.00E+00  0.00E+00
  49 2.13E-03  18971.5  1.45E-01  2.85E-01  0.00E+00  0.00E+00  0.00E+00
  50 2.64E-03  19644.3  1.63E-01  2.99E-01  0.00E+00  0.00E+00  0.00E+00
  51 3.31E-03  20451.0  1.80E-01  3.15E-01  0.00E+00  0.00E+00  0.00E+00
  52 4.18E-03  21407.9  1.96E-01  3.31E-01  0.00E+00  0.00E+00  0.00E+00
  53 5.32E-03  22530.6  2.11E-01  3.46E-01  0.00E+00  0.00E+00  0.00E+00
  54 6.83E-03  23833.3  2.25E-01  3.60E-01  0.00E+00  0.00E+00  0.00E+00
  55 8.82E-03  25327.8  2.38E-01  3.72E-01  0.00E+00  0.00E+00  0.00E+00
  56 1.14E-02  27024.2  2.50E-01  3.80E-01  0.00E+00  0.00E+00  0.00E+00
  57 1.48E-02  28930.5  2.62E-01  3.87E-01  0.00E+00  0.00E+00  0.00E+00
  58 1.92E-02  31054.6  2.72E-01  3.91E-01  0.00E+00  0.00E+00  0.00E+00
  59 2.50E-02  33404.6  2.80E-01  3.94E-01  0.00E+00  0.00E+00  0.00E+00
  60 3.25E-02  35990.5  2.84E-01  3.96E-01  0.00E+00  0.00E+00  0.00E+00
  61 4.25E-02  38823.7  2.83E-01  3.97E-01  0.00E+00  0.00E+00  0.00E+00
  62 5.62E-02  41918.3  2.73E-01  3.98E-01  0.00E+00  0.00E+00  0.00E+00
  63 7.60E-02  45290.3  2.57E-01  3.99E-01  0.00E+00  0.00E+00  0.00E+00
  64 1.06E-01  48958.2  2.36E-01  3.99E-01  0.00E+00  0.00E+00  0.00E+00
  65 1.52E-01  52942.7  2.16E-01  3.99E-01  0.00E+00  0.00E+00  0.00E+00
  66 2.24E-01  57267.0  2.01E-01  3.99E-01  0.00E+00  0.00E+00  0.00E+00
  67 3.39E-01  61956.9  1.91E-01  3.99E-01  0.00E+00  0.00E+00  0.00E+00
  68 5.17E-01  67040.6  1.86E-01  3.99E-01  0.00E+00  0.00E+00  0.00E+00
  69 7.91E-01  72549.2  1.86E-01  3.99E-01  0.00E+00  0.00E+00  0.00E+00
  70 1.20E+00  78516.5  1.88E-01  4.00E-01  0.00E+00  0.00E+00  0.00E+00

convective zone between depths (inclusive)   0   0


 CONVECTIVE FLUX: AT CONTMP, ITER=10

 conout imod,iprin           1           2


  ID    DM        TEMP      DELTA  DELTA(AD)  CON/TOT  RAD/TOT  (C+R)/TOT


   1 9.83E-08  16223.9  0.00E+00  0.00E+00  0.00E+00  0.00E+00  0.00E+00
   2 1.35E-07  16223.9  4.13E-06  0.00E+00  0.00E+00  0.00E+00  0.00E+00
   3 1.84E-07  16223.9  4.19E-06  0.00E+00  0.00E+00  0.00E+00  0.00E+00
   4 2.51E-07  16223.9  4.31E-06  0.00E+00  0.00E+00  0.00E+00  0.00E+00
   5 3.41E-07  16223.9  4.49E-06  0.00E+00  0.00E+00  0.00E+00  0.00E+00
   6 4.62E-07  16223.9  4.75E-06  0.00E+00  0.00E+00  0.00E+00  0.00E+00
   7 6.21E-07  16223.9  5.14E-06  0.00E+00  0.00E+00  0.00E+00  0.00E+00
   8 8.31E-07  16223.9  5.68E-06  0.00E+00  0.00E+00  0.00E+00  0.00E+00
   9 1.11E-06  16223.9  6.44E-06  0.00E+00  0.00E+00  0.00E+00  0.00E+00
  10 1.46E-06  16224.0  7.50E-06  0.00E+00  0.00E+00  0.00E+00  0.00E+00
  11 1.91E-06  16224.0  8.96E-06  0.00E+00  0.00E+00  0.00E+00  0.00E+00
  12 2.47E-06  16224.0  1.10E-05  0.00E+00  0.00E+00  0.00E+00  0.00E+00
  13 3.17E-06  16224.0  1.38E-05  0.00E+00  0.00E+00  0.00E+00  0.00E+00
  14 4.04E-06  16224.1  1.76E-05  0.00E+00  0.00E+00  0.00E+00  0.00E+00
  15 5.09E-06  16224.1  2.28E-05  0.00E+00  0.00E+00  0.00E+00  0.00E+00
  16 6.36E-06  16224.2  2.99E-05  0.00E+00  0.00E+00  0.00E+00  0.00E+00
  17 7.90E-06  16224.3  3.97E-05  0.00E+00  0.00E+00  0.00E+00  0.00E+00
  18 9.72E-06  16224.5  5.29E-05  0.00E+00  0.00E+00  0.00E+00  0.00E+00
  19 1.19E-05  16224.7  7.09E-05  0.00E+00  0.00E+00  0.00E+00  0.00E+00
  20 1.45E-05  16224.9  9.53E-05  0.00E+00  0.00E+00  0.00E+00  0.00E+00
  21 1.75E-05  16225.3  1.28E-04  0.00E+00  0.00E+00  0.00E+00  0.00E+00
  22 2.11E-05  16225.8  1.73E-04  0.00E+00  0.00E+00  0.00E+00  0.00E+00
  23 2.52E-05  16226.4  2.32E-04  0.00E+00  0.00E+00  0.00E+00  0.00E+00
  24 3.02E-05  16227.3  3.12E-04  0.00E+00  0.00E+00  0.00E+00  0.00E+00
  25 3.59E-05  16228.4  4.19E-04  0.00E+00  0.00E+00  0.00E+00  0.00E+00
  26 4.26E-05  16229.9  5.63E-04  0.00E+00  0.00E+00  0.00E+00  0.00E+00
  27 5.05E-05  16231.9  7.53E-04  0.00E+00  0.00E+00  0.00E+00  0.00E+00
  28 5.97E-05  16234.5  1.01E-03  0.00E+00  0.00E+00  0.00E+00  0.00E+00
  29 7.05E-05  16238.1  1.34E-03  0.00E+00  0.00E+00  0.00E+00  0.00E+00
  30 8.31E-05  16242.7  1.79E-03  0.00E+00  0.00E+00  0.00E+00  0.00E+00
  31 9.78E-05  16248.9  2.37E-03  0.00E+00  0.00E+00  0.00E+00  0.00E+00
  32 1.15E-04  16257.0  3.14E-03  3.43E-01  0.00E+00  0.00E+00  0.00E+00
  33 1.35E-04  16267.8  4.15E-03  3.36E-01  0.00E+00  0.00E+00  0.00E+00
  34 1.59E-04  16281.9  5.46E-03  3.28E-01  0.00E+00  0.00E+00  0.00E+00
  35 1.87E-04  16300.5  7.16E-03  3.20E-01  0.00E+00  0.00E+00  0.00E+00
  36 2.19E-04  16324.8  9.36E-03  3.11E-01  0.00E+00  0.00E+00  0.00E+00
  37 2.57E-04  16356.6  1.22E-02  3.03E-01  0.00E+00  0.00E+00  0.00E+00
  38 3.02E-04  16398.0  1.58E-02  2.94E-01  0.00E+00  0.00E+00  0.00E+00
  39 3.56E-04  16451.9  2.03E-02  2.86E-01  0.00E+00  0.00E+00  0.00E+00
  40 4.19E-04  16521.6  2.60E-02  2.78E-01  0.00E+00  0.00E+00  0.00E+00
  41 4.94E-04  16611.4  3.30E-02  2.72E-01  0.00E+00  0.00E+00  0.00E+00
  42 5.84E-04  16726.8  4.15E-02  2.66E-01  0.00E+00  0.00E+00  0.00E+00
  43 6.92E-04  16874.1  5.17E-02  2.62E-01  0.00E+00  0.00E+00  0.00E+00
  44 8.23E-04  17061.3  6.37E-02  2.59E-01  0.00E+00  0.00E+00  0.00E+00
  45 9.84E-04  17297.4  7.74E-02  2.59E-01  0.00E+00  0.00E+00  0.00E+00
  46 1.18E-03  17593.5  9.28E-02  2.62E-01  0.00E+00  0.00E+00  0.00E+00
  47 1.43E-03  17961.7  1.09E-01  2.67E-01  0.00E+00  0.00E+00  0.00E+00
  48 1.74E-03  18416.0  1.27E-01  2.74E-01  0.00E+00  0.00E+00  0.00E+00
  49 2.13E-03  18971.5  1.45E-01  2.85E-01  0.00E+00  0.00E+00  0.00E+00
  50 2.64E-03  19644.3  1.63E-01  2.99E-01  0.00E+00  0.00E+00  0.00E+00
  51 3.31E-03  20451.0  1.80E-01  3.15E-01  0.00E+00  0.00E+00  0.00E+00
  52 4.18E-03  21407.9  1.96E-01  3.31E-01  0.00E+00  0.00E+00  0.00E+00
  53 5.32E-03  22530.6  2.11E-01  3.46E-01  0.00E+00  0.00E+00  0.00E+00
  54 6.83E-03  23833.3  2.25E-01  3.60E-01  0.00E+00  0.00E+00  0.00E+00
  55 8.82E-03  25327.8  2.38E-01  3.72E-01  0.00E+00  0.00E+00  0.00E+00
  56 1.14E-02  27024.2  2.50E-01  3.80E-01  0.00E+00  0.00E+00  0.00E+00
  57 1.48E-02  28930.5  2.62E-01  3.87E-01  0.00E+00  0.00E+00  0.00E+00
  58 1.92E-02  31054.6  2.72E-01  3.91E-01  0.00E+00  0.00E+00  0.00E+00
  59 2.50E-02  33404.6  2.80E-01  3.94E-01  0.00E+00  0.00E+00  0.00E+00
  60 3.25E-02  35990.5  2.84E-01  3.96E-01  0.00E+00  0.00E+00  0.00E+00
  61 4.24E-02  38823.7  2.83E-01  3.97E-01  0.00E+00  0.00E+00  0.00E+00
  62 5.62E-02  41918.3  2.73E-01  3.98E-01  0.00E+00  0.00E+00  0.00E+00
  63 7.59E-02  45290.3  2.57E-01  3.99E-01  0.00E+00  0.00E+00  0.00E+00
  64 1.06E-01  48958.2  2.36E-01  3.99E-01  0.00E+00  0.00E+00  0.00E+00
  65 1.52E-01  52942.7  2.16E-01  3.99E-01  0.00E+00  0.00E+00  0.00E+00
  66 2.24E-01  57267.0  2.01E-01  3.99E-01  0.00E+00  0.00E+00  0.00E+00
  67 3.38E-01  61956.9  1.91E-01  3.99E-01  0.00E+00  0.00E+00  0.00E+00
  68 5.17E-01  67040.6  1.86E-01  3.99E-01  0.00E+00  0.00E+00  0.00E+00
  69 7.90E-01  72549.2  1.86E-01  3.99E-01  0.00E+00  0.00E+00  0.00E+00
  70 1.20E+00  78516.5  1.88E-01  4.00E-01  0.00E+00  0.00E+00  0.00E+00

convective zone between depths (inclusive)   0   0

 conout imod,iprin           2           2


  ID    DM        TEMP      DELTA  DELTA(AD)  CON/TOT  RAD/TOT  (C+R)/TOT


   1 9.83E-08  16223.9  0.00E+00  0.00E+00  0.00E+00  0.00E+00  0.00E+00
   2 1.35E-07  16223.9  4.13E-06  0.00E+00  0.00E+00  0.00E+00  0.00E+00
   3 1.84E-07  16223.9  4.19E-06  0.00E+00  0.00E+00  0.00E+00  0.00E+00
   4 2.51E-07  16223.9  4.31E-06  0.00E+00  0.00E+00  0.00E+00  0.00E+00
   5 3.41E-07  16223.9  4.49E-06  0.00E+00  0.00E+00  0.00E+00  0.00E+00
   6 4.62E-07  16223.9  4.75E-06  0.00E+00  0.00E+00  0.00E+00  0.00E+00
   7 6.21E-07  16223.9  5.14E-06  0.00E+00  0.00E+00  0.00E+00  0.00E+00
   8 8.31E-07  16223.9  5.68E-06  0.00E+00  0.00E+00  0.00E+00  0.00E+00
   9 1.11E-06  16223.9  6.44E-06  0.00E+00  0.00E+00  0.00E+00  0.00E+00
  10 1.46E-06  16224.0  7.50E-06  0.00E+00  0.00E+00  0.00E+00  0.00E+00
  11 1.91E-06  16224.0  8.96E-06  0.00E+00  0.00E+00  0.00E+00  0.00E+00
  12 2.47E-06  16224.0  1.10E-05  0.00E+00  0.00E+00  0.00E+00  0.00E+00
  13 3.17E-06  16224.0  1.38E-05  0.00E+00  0.00E+00  0.00E+00  0.00E+00
  14 4.04E-06  16224.1  1.76E-05  0.00E+00  0.00E+00  0.00E+00  0.00E+00
  15 5.09E-06  16224.1  2.28E-05  0.00E+00  0.00E+00  0.00E+00  0.00E+00
  16 6.36E-06  16224.2  2.99E-05  0.00E+00  0.00E+00  0.00E+00  0.00E+00
  17 7.90E-06  16224.3  3.97E-05  0.00E+00  0.00E+00  0.00E+00  0.00E+00
  18 9.72E-06  16224.5  5.29E-05  0.00E+00  0.00E+00  0.00E+00  0.00E+00
  19 1.19E-05  16224.7  7.09E-05  0.00E+00  0.00E+00  0.00E+00  0.00E+00
  20 1.45E-05  16224.9  9.53E-05  0.00E+00  0.00E+00  0.00E+00  0.00E+00
  21 1.75E-05  16225.3  1.28E-04  0.00E+00  0.00E+00  0.00E+00  0.00E+00
  22 2.11E-05  16225.8  1.73E-04  0.00E+00  0.00E+00  0.00E+00  0.00E+00
  23 2.52E-05  16226.4  2.32E-04  0.00E+00  0.00E+00  0.00E+00  0.00E+00
  24 3.02E-05  16227.3  3.12E-04  0.00E+00  0.00E+00  0.00E+00  0.00E+00
  25 3.59E-05  16228.4  4.19E-04  0.00E+00  0.00E+00  0.00E+00  0.00E+00
  26 4.26E-05  16229.9  5.63E-04  0.00E+00  0.00E+00  0.00E+00  0.00E+00
  27 5.05E-05  16231.9  7.53E-04  0.00E+00  0.00E+00  0.00E+00  0.00E+00
  28 5.97E-05  16234.5  1.01E-03  0.00E+00  0.00E+00  0.00E+00  0.00E+00
  29 7.05E-05  16238.1  1.34E-03  0.00E+00  0.00E+00  0.00E+00  0.00E+00
  30 8.31E-05  16242.7  1.79E-03  0.00E+00  0.00E+00  0.00E+00  0.00E+00
  31 9.78E-05  16248.9  2.37E-03  0.00E+00  0.00E+00  0.00E+00  0.00E+00
  32 1.15E-04  16257.0  3.14E-03  3.43E-01  0.00E+00  0.00E+00  0.00E+00
  33 1.35E-04  16267.8  4.15E-03  3.36E-01  0.00E+00  0.00E+00  0.00E+00
  34 1.59E-04  16281.9  5.46E-03  3.28E-01  0.00E+00  0.00E+00  0.00E+00
  35 1.87E-04  16300.5  7.16E-03  3.20E-01  0.00E+00  0.00E+00  0.00E+00
  36 2.19E-04  16324.8  9.36E-03  3.11E-01  0.00E+00  0.00E+00  0.00E+00
  37 2.57E-04  16356.6  1.22E-02  3.03E-01  0.00E+00  0.00E+00  0.00E+00
  38 3.02E-04  16398.0  1.58E-02  2.94E-01  0.00E+00  0.00E+00  0.00E+00
  39 3.56E-04  16451.9  2.03E-02  2.86E-01  0.00E+00  0.00E+00  0.00E+00
  40 4.19E-04  16521.6  2.60E-02  2.78E-01  0.00E+00  0.00E+00  0.00E+00
  41 4.94E-04  16611.4  3.30E-02  2.72E-01  0.00E+00  0.00E+00  0.00E+00
  42 5.84E-04  16726.8  4.15E-02  2.66E-01  0.00E+00  0.00E+00  0.00E+00
  43 6.92E-04  16874.1  5.17E-02  2.62E-01  0.00E+00  0.00E+00  0.00E+00
  44 8.23E-04  17061.3  6.37E-02  2.59E-01  0.00E+00  0.00E+00  0.00E+00
  45 9.84E-04  17297.4  7.74E-02  2.59E-01  0.00E+00  0.00E+00  0.00E+00
  46 1.18E-03  17593.5  9.28E-02  2.62E-01  0.00E+00  0.00E+00  0.00E+00
  47 1.43E-03  17961.7  1.09E-01  2.67E-01  0.00E+00  0.00E+00  0.00E+00
  48 1.74E-03  18416.0  1.27E-01  2.74E-01  0.00E+00  0.00E+00  0.00E+00
  49 2.13E-03  18971.5  1.45E-01  2.85E-01  0.00E+00  0.00E+00  0.00E+00
  50 2.64E-03  19644.3  1.63E-01  2.99E-01  0.00E+00  0.00E+00  0.00E+00
  51 3.31E-03  20451.0  1.80E-01  3.15E-01  0.00E+00  0.00E+00  0.00E+00
  52 4.18E-03  21407.9  1.96E-01  3.31E-01  0.00E+00  0.00E+00  0.00E+00
  53 5.32E-03  22530.6  2.11E-01  3.46E-01  0.00E+00  0.00E+00  0.00E+00
  54 6.83E-03  23833.3  2.25E-01  3.60E-01  0.00E+00  0.00E+00  0.00E+00
  55 8.82E-03  25327.8  2.38E-01  3.72E-01  0.00E+00  0.00E+00  0.00E+00
  56 1.14E-02  27024.2  2.50E-01  3.80E-01  0.00E+00  0.00E+00  0.00E+00
  57 1.48E-02  28930.5  2.62E-01  3.87E-01  0.00E+00  0.00E+00  0.00E+00
  58 1.92E-02  31054.6  2.72E-01  3.91E-01  0.00E+00  0.00E+00  0.00E+00
  59 2.50E-02  33404.6  2.80E-01  3.94E-01  0.00E+00  0.00E+00  0.00E+00
  60 3.25E-02  35990.5  2.84E-01  3.96E-01  0.00E+00  0.00E+00  0.00E+00
  61 4.24E-02  38823.7  2.83E-01  3.97E-01  0.00E+00  0.00E+00  0.00E+00
  62 5.62E-02  41918.3  2.73E-01  3.98E-01  0.00E+00  0.00E+00  0.00E+00
  63 7.59E-02  45290.3  2.57E-01  3.99E-01  0.00E+00  0.00E+00  0.00E+00
  64 1.06E-01  48958.2  2.36E-01  3.99E-01  0.00E+00  0.00E+00  0.00E+00
  65 1.52E-01  52942.7  2.16E-01  3.99E-01  0.00E+00  0.00E+00  0.00E+00
  66 2.24E-01  57267.0  2.01E-01  3.99E-01  0.00E+00  0.00E+00  0.00E+00
  67 3.39E-01  61956.9  1.91E-01  3.99E-01  0.00E+00  0.00E+00  0.00E+00
  68 5.17E-01  67040.6  1.86E-01  3.99E-01  0.00E+00  0.00E+00  0.00E+00
  69 7.91E-01  72549.2  1.86E-01  3.99E-01  0.00E+00  0.00E+00  0.00E+00
  70 1.20E+00  78516.5  1.88E-01  4.00E-01  0.00E+00  0.00E+00  0.00E+00

convective zone between depths (inclusive)   0   0


**********
 ITERATION:  1
**********

 before inilam
 after tdpini
 before odfmer
 after odfmer
 end inilam
 after inilam
 Total number of lines :      95
 Number of weak lines  :       0
 Intermediate lines    :       0
 Number of strong lines:      95

 MAXIMUM NUMBER OF OVERLAPPING TRANSITIONS:   13

 after linsel
 NTRANS         136
 ilam           1
 after opaini in ilam           1
           warning: density too high for Lyman alpha expansion
 after ratsp1i in ilam           1
 after newpop in ilam           1

 SCHEME OF RADIATIVE EQUIL. SET IN RESOLV
 ONLY INTEGRAL EQUATION FOR ID          <=  37
 BOTH FOR                     38 <= ID <=  70

 after output

  ID   PTOT-SUM  PTOT-MG   PGAS-RHO  PGAS-P    PRAD       A

   1 3.978E+02 2.231E+02 1.845E+02 9.825E+00 2.133E+02 1.221E+00
   2 4.015E+02 2.267E+02 1.882E+02 1.347E+01 2.133E+02 1.221E+00
   3 4.064E+02 2.317E+02 1.931E+02 1.842E+01 2.133E+02 1.221E+00
   4 4.131E+02 2.384E+02 1.998E+02 2.511E+01 2.133E+02 1.221E+00
   5 4.221E+02 2.474E+02 2.088E+02 3.411E+01 2.133E+02 1.221E+00
   6 4.341E+02 2.594E+02 2.209E+02 4.615E+01 2.133E+02 1.221E+00
   7 4.501E+02 2.754E+02 2.368E+02 6.213E+01 2.133E+02 1.221E+00
   8 4.711E+02 2.964E+02 2.579E+02 8.314E+01 2.133E+02 1.221E+00
   9 4.985E+02 3.238E+02 2.852E+02 1.105E+02 2.133E+02 1.221E+00
  10 5.337E+02 3.590E+02 3.205E+02 1.457E+02 2.133E+02 1.221E+00
  11 5.786E+02 4.039E+02 3.653E+02 1.906E+02 2.133E+02 1.221E+00
  12 6.350E+02 4.603E+02 4.218E+02 2.470E+02 2.133E+02 1.221E+00
  13 7.053E+02 5.305E+02 4.920E+02 3.172E+02 2.133E+02 1.221E+00
  14 7.917E+02 6.170E+02 5.784E+02 4.037E+02 2.133E+02 1.221E+00
  15 8.971E+02 7.223E+02 6.838E+02 5.090E+02 2.133E+02 1.221E+00
  16 1.025E+03 8.498E+02 8.112E+02 6.365E+02 2.133E+02 1.221E+00
  17 1.178E+03 1.003E+03 9.642E+02 7.895E+02 2.133E+02 1.221E+00
  18 1.360E+03 1.185E+03 1.147E+03 9.721E+02 2.133E+02 1.221E+00
  19 1.577E+03 1.402E+03 1.364E+03 1.189E+03 2.134E+02 1.221E+00
  20 1.834E+03 1.659E+03 1.621E+03 1.446E+03 2.134E+02 1.221E+00
  21 2.137E+03 1.962E+03 1.924E+03 1.749E+03 2.134E+02 1.221E+00
  22 2.494E+03 2.319E+03 2.280E+03 2.105E+03 2.135E+02 1.221E+00
  23 2.912E+03 2.737E+03 2.699E+03 2.524E+03 2.135E+02 1.222E+00
  24 3.404E+03 3.229E+03 3.190E+03 3.015E+03 2.136E+02 1.222E+00
  25 3.979E+03 3.804E+03 3.765E+03 3.590E+03 2.137E+02 1.222E+00
  26 4.653E+03 4.477E+03 4.439E+03 4.264E+03 2.138E+02 1.222E+00
  27 5.441E+03 5.265E+03 5.227E+03 5.051E+03 2.140E+02 1.223E+00
  28 6.362E+03 6.187E+03 6.148E+03 5.972E+03 2.142E+02 1.223E+00
  29 7.440E+03 7.264E+03 7.226E+03 7.050E+03 2.145E+02 1.224E+00
  30 8.700E+03 8.524E+03 8.485E+03 8.309E+03 2.148E+02 1.224E+00
  31 1.017E+04 9.997E+03 9.959E+03 9.782E+03 2.152E+02 1.224E+00
  32 1.190E+04 1.172E+04 1.168E+04 1.150E+04 2.157E+02 1.225E+00
  33 1.392E+04 1.374E+04 1.370E+04 1.352E+04 2.162E+02 1.224E+00
  34 1.628E+04 1.610E+04 1.606E+04 1.588E+04 2.169E+02 1.224E+00
  35 1.905E+04 1.887E+04 1.883E+04 1.865E+04 2.178E+02 1.223E+00
  36 2.230E+04 2.212E+04 2.208E+04 2.190E+04 2.189E+02 1.222E+00
  37 2.613E+04 2.594E+04 2.591E+04 2.572E+04 2.204E+02 1.221E+00
  38 3.063E+04 3.045E+04 3.041E+04 3.023E+04 2.223E+02 1.220E+00
  39 3.596E+04 3.577E+04 3.574E+04 3.555E+04 2.249E+02 1.218E+00
  40 4.228E+04 4.209E+04 4.205E+04 4.186E+04 2.283E+02 1.215E+00
  41 4.980E+04 4.960E+04 4.957E+04 4.937E+04 2.327E+02 1.212E+00
  42 5.880E+04 5.860E+04 5.856E+04 5.836E+04 2.385E+02 1.208E+00
  43 6.963E+04 6.942E+04 6.939E+04 6.917E+04 2.461E+02 1.204E+00
  44 8.277E+04 8.254E+04 8.251E+04 8.229E+04 2.559E+02 1.198E+00
  45 9.882E+04 9.858E+04 9.855E+04 9.832E+04 2.686E+02 1.190E+00
  46 1.186E+05 1.184E+05 1.183E+05 1.181E+05 2.850E+02 1.180E+00
  47 1.433E+05 1.430E+05 1.430E+05 1.427E+05 3.061E+02 1.166E+00
  48 1.744E+05 1.741E+05 1.740E+05 1.737E+05 3.334E+02 1.150E+00
  49 2.140E+05 2.136E+05 2.136E+05 2.132E+05 3.689E+02 1.129E+00
  50 2.649E+05 2.645E+05 2.645E+05 2.641E+05 4.155E+02 1.107E+00
  51 3.313E+05 3.309E+05 3.309E+05 3.304E+05 4.777E+02 1.083E+00
  52 4.184E+05 4.179E+05 4.179E+05 4.173E+05 5.618E+02 1.061E+00
  53 5.330E+05 5.324E+05 5.324E+05 5.317E+05 6.766E+02 1.041E+00
  54 6.842E+05 6.833E+05 6.833E+05 6.825E+05 8.346E+02 1.026E+00
  55 8.831E+05 8.821E+05 8.820E+05 8.810E+05 1.053E+03 1.015E+00
  56 1.144E+06 1.143E+06 1.143E+06 1.141E+06 1.354E+03 1.007E+00
  57 1.484E+06 1.483E+06 1.482E+06 1.481E+06 1.771E+03 1.003E+00
  58 1.926E+06 1.924E+06 1.924E+06 1.922E+06 2.346E+03 1.000E+00
  59 2.499E+06 2.497E+06 2.496E+06 2.494E+06 3.137E+03 9.993E-01
  60 3.249E+06 3.246E+06 3.245E+06 3.242E+06 4.227E+03 9.991E-01
  61 4.249E+06 4.245E+06 4.243E+06 4.239E+06 5.725E+03 9.995E-01
  62 5.625E+06 5.619E+06 5.617E+06 5.611E+06 7.784E+03 9.999E-01
  63 7.602E+06 7.594E+06 7.591E+06 7.584E+06 1.061E+04 1.000E+00
  64 1.057E+07 1.056E+07 1.055E+07 1.054E+07 1.449E+04 1.000E+00
  65 1.517E+07 1.516E+07 1.515E+07 1.514E+07 1.981E+04 9.999E-01
  66 2.244E+07 2.242E+07 2.241E+07 2.240E+07 2.710E+04 9.994E-01
  67 3.388E+07 3.387E+07 3.385E+07 3.383E+07 3.709E+04 9.985E-01
  68 5.172E+07 5.170E+07 5.167E+07 5.165E+07 5.077E+04 9.968E-01
  69 7.909E+07 7.906E+07 7.902E+07 7.899E+07 6.941E+04 9.938E-01
  70 1.203E+08 1.203E+08 1.202E+08 1.202E+08 9.475E+04 9.888E-01

pzev:CONVECTIVE FLUX: RESOLV; GLOBAL ITERATION = 0


pzev:CONVECTIVE FLUX: RESOLV; GLOBAL ITERATION = 0

 conout imod,iprin           1           0
 ITER  ID    XGRD         FPRAD    log(g_rad)    XGR0        PG+PT      PRAD       d(Ptot)/dm d(PG+PT)/dm

   1   1  1.0000E-01  1.0000E+00  3.9571E+00  1.0000E+07  1.8453E+02  2.1328E+02  1.8782E+09  1.8781E+09
   1   2  3.0000E-01  1.0000E+00  3.9459E+00  3.0000E+07  1.8818E+02  2.1328E+02  1.0001E+08  1.0000E+08
   1   3  5.0000E-01  1.0000E+00  3.9231E+00  5.0000E+07  1.9313E+02  2.1328E+02  1.0001E+08  1.0000E+08
   1   4  7.0000E-01  1.0000E+00  3.8960E+00  7.0000E+07  1.9982E+02  2.1328E+02  1.0001E+08  1.0000E+08
   1   5  9.0000E-01  1.0000E+00  3.8641E+00  9.0000E+07  2.0882E+02  2.1328E+02  1.0001E+08  1.0000E+08
   1   6  9.2000E-01  1.0000E+00  3.8267E+00  9.2000E+07  2.2086E+02  2.1328E+02  1.0001E+08  1.0000E+08
   1   7  9.4000E-01  1.0000E+00  3.7835E+00  9.4000E+07  2.3684E+02  2.1328E+02  1.0001E+08  1.0000E+08
   1   8  9.6000E-01  1.0000E+00  3.7369E+00  9.6000E+07  2.5785E+02  2.1328E+02  1.0001E+08  1.0000E+08
   1   9  9.8000E-01  1.0000E+00  3.6959E+00  9.8000E+07  2.8522E+02  2.1328E+02  1.0000E+08  1.0000E+08
   1  10  9.9000E-01  1.0000E+00  3.6708E+00  9.9000E+07  3.2046E+02  2.1328E+02  1.0000E+08  1.0000E+08
   1  11  9.9000E-01  1.0000E+00  3.6662E+00  9.9000E+07  3.6532E+02  2.1329E+02  1.0000E+08  1.0000E+08
   1  12  9.9000E-01  1.0000E+00  3.6730E+00  9.9000E+07  4.2176E+02  2.1329E+02  1.0000E+08  1.0000E+08
   1  13  9.9000E-01  1.0000E+00  3.6799E+00  9.9000E+07  4.9196E+02  2.1329E+02  1.0000E+08  1.0000E+08
   1  14  9.9000E-01  1.0000E+00  3.6978E+00  9.9000E+07  5.7838E+02  2.1330E+02  1.0001E+08  1.0000E+08
   1  15  9.9000E-01  1.0000E+00  3.7307E+00  9.9000E+07  6.8376E+02  2.1330E+02  1.0001E+08  1.0000E+08
   1  16  9.9000E-01  1.0000E+00  3.7726E+00  9.9000E+07  8.1120E+02  2.1331E+02  1.0001E+08  1.0000E+08
   1  17  9.9000E-01  1.0000E+00  3.8206E+00  9.9000E+07  9.6423E+02  2.1332E+02  1.0001E+08  1.0000E+08
   1  18  9.9000E-01  1.0000E+00  3.8732E+00  9.9000E+07  1.1469E+03  2.1333E+02  1.0001E+08  1.0000E+08
   1  19  9.9000E-01  1.0000E+00  3.9286E+00  9.9000E+07  1.3639E+03  2.1335E+02  1.0001E+08  1.0000E+08
   1  20  9.9000E-01  1.0000E+00  3.9879E+00  9.9000E+07  1.6207E+03  2.1338E+02  1.0001E+08  1.0000E+08
   1  21  9.9000E-01  1.0000E+00  4.0479E+00  9.9000E+07  1.9236E+03  2.1341E+02  1.0001E+08  1.0000E+08
   1  22  9.9000E-01  1.0000E+00  4.1050E+00  9.9000E+07  2.2801E+03  2.1346E+02  1.0001E+08  1.0000E+08
   1  23  9.9000E-01  1.0000E+00  4.1591E+00  9.9000E+07  2.6989E+03  2.1352E+02  1.0001E+08  1.0000E+08
   1  24  9.9000E-01  1.0000E+00  4.2107E+00  9.9000E+07  3.1900E+03  2.1360E+02  1.0002E+08  1.0000E+08
   1  25  9.9000E-01  1.0000E+00  4.2589E+00  9.9000E+07  3.7653E+03  2.1370E+02  1.0002E+08  1.0000E+08
   1  26  9.9000E-01  1.0000E+00  4.3023E+00  9.9000E+07  4.4388E+03  2.1384E+02  1.0002E+08  9.9999E+07
   1  27  9.9000E-01  1.0000E+00  4.3404E+00  9.9000E+07  5.2266E+03  2.1401E+02  1.0002E+08  9.9999E+07
   1  28  9.9000E-01  1.0000E+00  4.3715E+00  9.9000E+07  6.1481E+03  2.1423E+02  1.0002E+08  1.0000E+08
   1  29  9.9000E-01  1.0000E+00  4.3943E+00  9.9000E+07  7.2256E+03  2.1449E+02  1.0002E+08  1.0000E+08
   1  30  9.9000E-01  1.0000E+00  4.4092E+00  9.9000E+07  8.4854E+03  2.1482E+02  1.0003E+08  1.0000E+08
   1  31  9.9000E-01  1.0000E+00  4.4186E+00  9.9000E+07  9.9587E+03  2.1520E+02  1.0003E+08  1.0000E+08
   1  32  9.9000E-01  1.0000E+00  4.4270E+00  9.9000E+07  1.1682E+04  2.1566E+02  1.0003E+08  1.0000E+08
   1  33  9.9000E-01  1.0000E+00  4.4399E+00  9.9000E+07  1.3699E+04  2.1622E+02  1.0003E+08  1.0000E+08
   1  34  9.9000E-01  1.0000E+00  4.4625E+00  9.9000E+07  1.6061E+04  2.1690E+02  1.0003E+08  1.0000E+08
   1  35  9.9000E-01  1.0000E+00  4.4963E+00  9.9000E+07  1.8831E+04  2.1777E+02  1.0003E+08  1.0000E+08
   1  36  9.9000E-01  1.0000E+00  4.5391E+00  9.9000E+07  2.2082E+04  2.1890E+02  1.0004E+08  1.0000E+08
   1  37  9.9000E-01  1.0000E+00  4.5866E+00  9.9000E+07  2.5906E+04  2.2037E+02  1.0004E+08  1.0000E+08
   1  38  9.9000E-01  1.0000E+00  4.6351E+00  9.9000E+07  3.0412E+04  2.2232E+02  1.0005E+08  1.0000E+08
   1  39  9.9000E-01  1.0000E+00  4.6827E+00  9.9000E+07  3.5737E+04  2.2488E+02  1.0005E+08  1.0000E+08
   1  40  9.9000E-01  1.0000E+00  4.7283E+00  9.9000E+07  4.2050E+04  2.2826E+02  1.0006E+08  1.0001E+08
   1  41  9.9000E-01  1.0000E+00  4.7709E+00  9.9000E+07  4.9565E+04  2.3269E+02  1.0007E+08  1.0001E+08
   1  42  9.9000E-01  1.0000E+00  4.8098E+00  9.9000E+07  5.8559E+04  2.3850E+02  1.0007E+08  1.0001E+08
   1  43  9.9000E-01  1.0000E+00  4.8445E+00  9.9000E+07  6.9385E+04  2.4606E+02  1.0008E+08  1.0001E+08
   1  44  9.9000E-01  1.0000E+00  4.8743E+00  9.9000E+07  8.2510E+04  2.5589E+02  1.0008E+08  1.0001E+08
   1  45  9.9000E-01  1.0000E+00  4.8990E+00  9.9000E+07  9.8551E+04  2.6860E+02  1.0009E+08  1.0001E+08
   1  46  9.9000E-01  1.0000E+00  4.9183E+00  9.9000E+07  1.1834E+05  2.8499E+02  1.0009E+08  1.0001E+08
   1  47  9.9000E-01  1.0000E+00  4.9328E+00  9.9000E+07  1.4299E+05  3.0611E+02  1.0010E+08  1.0001E+08
   1  48  9.9000E-01  1.0000E+00  4.9437E+00  9.9000E+07  1.7404E+05  3.3338E+02  1.0010E+08  1.0001E+08
   1  49  9.9000E-01  1.0000E+00  4.9527E+00  9.9000E+07  2.1359E+05  3.6885E+02  1.0010E+08  1.0001E+08
   1  50  9.9000E-01  1.0000E+00  4.9618E+00  9.9000E+07  2.6453E+05  4.1550E+02  1.0010E+08  1.0001E+08
   1  51  9.9000E-01  1.0000E+00  4.9722E+00  9.9000E+07  3.3086E+05  4.7771E+02  1.0010E+08  1.0001E+08
   1  52  9.9000E-01  1.0000E+00  4.9851E+00  9.9000E+07  4.1786E+05  5.6178E+02  1.0010E+08  1.0001E+08
   1  53  9.9000E-01  1.0000E+00  5.0012E+00  9.9000E+07  5.3236E+05  6.7660E+02  1.0010E+08  1.0000E+08
   1  54  9.9000E-01  1.0000E+00  5.0198E+00  9.9000E+07  6.8332E+05  8.3458E+02  1.0010E+08  9.9997E+07
   1  55  9.9000E-01  1.0000E+00  5.0405E+00  9.9000E+07  8.8205E+05  1.0528E+03  1.0010E+08  9.9992E+07
   1  56  9.9000E-01  1.0000E+00  5.0635E+00  9.9000E+07  1.1426E+06  1.3544E+03  1.0010E+08  9.9985E+07
   1  57  9.9000E-01  1.0000E+00  5.0884E+00  9.9000E+07  1.4824E+06  1.7710E+03  1.0010E+08  9.9978E+07
   1  58  9.9000E-01  1.0000E+00  5.1146E+00  9.9000E+07  1.9236E+06  2.3456E+03  1.0010E+08  9.9970E+07
   1  59  9.9000E-01  1.0000E+00  5.1404E+00  9.9000E+07  2.4963E+06  3.1372E+03  1.0010E+08  9.9963E+07
   1  60  9.9000E-01  1.0000E+00  5.1626E+00  9.9000E+07  3.2452E+06  4.2266E+03  1.0010E+08  9.9956E+07
   1  61  9.9000E-01  1.0000E+00  5.1763E+00  9.9000E+07  4.2433E+06  5.7250E+03  1.0010E+08  9.9950E+07
   1  62  9.9000E-01  1.0000E+00  5.1755E+00  9.9000E+07  5.6171E+06  7.7840E+03  1.0009E+08  9.9944E+07
   1  63  9.9000E-01  1.0000E+00  5.1557E+00  9.9000E+07  7.5909E+06  1.0610E+04  1.0008E+08  9.9940E+07
   1  64  9.9000E-01  1.0000E+00  5.1165E+00  9.9000E+07  1.0554E+07  1.4487E+04  1.0007E+08  9.9938E+07
   1  65  9.9000E-01  1.0000E+00  5.0627E+00  9.9000E+07  1.5154E+07  1.9806E+04  1.0005E+08  9.9936E+07
   1  66  9.9000E-01  1.0000E+00  5.0020E+00  9.9000E+07  2.2410E+07  2.7100E+04  1.0004E+08  9.9937E+07
   1  67  9.9000E-01  1.0000E+00  4.9412E+00  9.9000E+07  3.3847E+07  3.7095E+04  1.0003E+08  9.9939E+07
   1  68  9.9000E-01  1.0000E+00  4.8845E+00  9.9000E+07  5.1673E+07  5.0766E+04  1.0002E+08  9.9942E+07
   1  69  9.9000E-01  1.0000E+00  4.8335E+00  9.9000E+07  7.9017E+07  6.9414E+04  1.0002E+08  9.9948E+07
 after radpre
 HMIX0  0.59999999999999998     
dad -2.3765E-17 -2.3765E-17 -4.8790E-15

 SCHEME OF RADIATIVE EQUIL. SET IN RESOLV
 ONLY INTEGRAL EQUATION FOR ID          <=  37
 BOTH FOR                     38 <= ID <=  70


 RYBHEQ in iter   1
   id      dm          dens        pgs0          pra          pradfc      grad        log grad

   1   9.8252E-08   6.9488E-11   9.8244E+00   2.1328E+02   1.2210E+00   9.0585E+03   3.9571E+00
   2   1.3472E-07   7.0861E-11   1.3471E+01   2.1328E+02   1.2210E+00   8.8280E+03   3.9459E+00
   3   1.8422E-07   7.2725E-11   1.8420E+01   2.1328E+02   1.2210E+00   8.3778E+03   3.9231E+00
   4   2.5113E-07   7.5245E-11   2.5111E+01   2.1328E+02   1.2210E+00   7.8707E+03   3.8960E+00
   5   3.4116E-07   7.8636E-11   3.4114E+01   2.1328E+02   1.2210E+00   7.3135E+03   3.8641E+00
   6   4.6154E-07   8.3169E-11   4.6151E+01   2.1328E+02   1.2210E+00   6.7102E+03   3.8267E+00
   7   6.2130E-07   8.9186E-11   6.2126E+01   2.1328E+02   1.2210E+00   6.0741E+03   3.7835E+00
   8   8.3145E-07   9.7100E-11   8.3139E+01   2.1328E+02   1.2210E+00   5.4566E+03   3.7369E+00
   9   1.1051E-06   1.0741E-10   1.1050E+02   2.1328E+02   1.2210E+00   4.9651E+03   3.6959E+00
  10   1.4575E-06   1.2068E-10   1.4574E+02   2.1328E+02   1.2210E+00   4.6858E+03   3.6708E+00
  11   1.9061E-06   1.3757E-10   1.9060E+02   2.1329E+02   1.2210E+00   4.6363E+03   3.6662E+00
  12   2.4705E-06   1.5883E-10   2.4703E+02   2.1329E+02   1.2210E+00   4.7098E+03   3.6730E+00
  13   3.1725E-06   1.8527E-10   3.1724E+02   2.1329E+02   1.2210E+00   4.7857E+03   3.6799E+00
  14   4.0367E-06   2.1783E-10   4.0365E+02   2.1330E+02   1.2210E+00   4.9865E+03   3.6978E+00
  15   5.0906E-06   2.5752E-10   5.0903E+02   2.1330E+02   1.2210E+00   5.3794E+03   3.7307E+00
  16   6.3650E-06   3.0554E-10   6.3646E+02   2.1331E+02   1.2210E+00   5.9233E+03   3.7726E+00
  17   7.8953E-06   3.6319E-10   7.8948E+02   2.1332E+02   1.2211E+00   6.6160E+03   3.8206E+00
  18   9.7220E-06   4.3202E-10   9.7214E+02   2.1333E+02   1.2211E+00   7.4675E+03   3.8732E+00
  19   1.1892E-05   5.1380E-10   1.1891E+03   2.1335E+02   1.2212E+00   8.4845E+03   3.9286E+00
  20   1.4460E-05   6.1058E-10   1.4459E+03   2.1338E+02   1.2212E+00   9.7246E+03   3.9879E+00
  21   1.7489E-05   7.2477E-10   1.7488E+03   2.1341E+02   1.2213E+00   1.1166E+04   4.0479E+00
  22   2.1054E-05   8.5919E-10   2.1052E+03   2.1346E+02   1.2214E+00   1.2736E+04   4.1050E+00
  23   2.5242E-05   1.0171E-09   2.5239E+03   2.1352E+02   1.2216E+00   1.4424E+04   4.1591E+00
  24   3.0153E-05   1.2023E-09   3.0150E+03   2.1360E+02   1.2218E+00   1.6243E+04   4.2107E+00
  25   3.5906E-05   1.4194E-09   3.5902E+03   2.1370E+02   1.2220E+00   1.8151E+04   4.2589E+00
  26   4.2641E-05   1.6735E-09   4.2635E+03   2.1384E+02   1.2223E+00   2.0058E+04   4.3023E+00
  27   5.0519E-05   1.9709E-09   5.0512E+03   2.1401E+02   1.2227E+00   2.1896E+04   4.3404E+00
  28   5.9734E-05   2.3187E-09   5.9725E+03   2.1423E+02   1.2232E+00   2.3521E+04   4.3715E+00
  29   7.0509E-05   2.7256E-09   7.0497E+03   2.1449E+02   1.2236E+00   2.4790E+04   4.3943E+00
  30   8.3107E-05   3.2013E-09   8.3092E+03   2.1482E+02   1.2241E+00   2.5657E+04   4.4092E+00
  31   9.7840E-05   3.7577E-09   9.7821E+03   2.1520E+02   1.2244E+00   2.6221E+04   4.4186E+00
  32   1.1507E-04   4.4083E-09   1.1505E+04   2.1566E+02   1.2246E+00   2.6727E+04   4.4270E+00
  33   1.3524E-04   5.1695E-09   1.3521E+04   2.1622E+02   1.2245E+00   2.7536E+04   4.4399E+00
  34   1.5886E-04   6.0603E-09   1.5883E+04   2.1690E+02   1.2241E+00   2.9006E+04   4.4625E+00
  35   1.8656E-04   7.1035E-09   1.8651E+04   2.1777E+02   1.2234E+00   3.1356E+04   4.4963E+00
  36   2.1907E-04   8.3257E-09   2.1902E+04   2.1890E+02   1.2224E+00   3.4603E+04   4.5391E+00
  37   2.5731E-04   9.7589E-09   2.5724E+04   2.2037E+02   1.2211E+00   3.8597E+04   4.5866E+00
  38   3.0237E-04   1.1441E-08   3.0228E+04   2.2232E+02   1.2195E+00   4.3163E+04   4.6351E+00
  39   3.5561E-04   1.3416E-08   3.5550E+04   2.2488E+02   1.2175E+00   4.8166E+04   4.6827E+00
  40   4.1874E-04   1.5739E-08   4.1859E+04   2.2826E+02   1.2151E+00   5.3488E+04   4.7283E+00
  41   4.9389E-04   1.8475E-08   4.9370E+04   2.3269E+02   1.2121E+00   5.9004E+04   4.7709E+00
  42   5.8382E-04   2.1701E-08   5.8357E+04   2.3850E+02   1.2084E+00   6.4541E+04   4.8098E+00
  43   6.9208E-04   2.5513E-08   6.9175E+04   2.4606E+02   1.2038E+00   6.9900E+04   4.8445E+00
  44   8.2332E-04   3.0026E-08   8.2289E+04   2.5589E+02   1.1978E+00   7.4876E+04   4.8743E+00
  45   9.8371E-04   3.5384E-08   9.8316E+04   2.6860E+02   1.1900E+00   7.9246E+04   4.8990E+00
  46   1.1815E-03   4.1764E-08   1.1808E+05   2.8499E+02   1.1798E+00   8.2854E+04   4.9183E+00
  47   1.4280E-03   4.9394E-08   1.4271E+05   3.0611E+02   1.1664E+00   8.5673E+04   4.9328E+00
  48   1.7385E-03   5.8567E-08   1.7373E+05   3.3338E+02   1.1496E+00   8.7849E+04   4.9437E+00
  49   2.1340E-03   6.9663E-08   2.1324E+05   3.6885E+02   1.1293E+00   8.9685E+04   4.9527E+00
  50   2.6433E-03   8.3171E-08   2.6413E+05   4.1550E+02   1.1066E+00   9.1586E+04   4.9618E+00
  51   3.3065E-03   9.9732E-08   3.3039E+05   4.7771E+02   1.0831E+00   9.3800E+04   4.9722E+00
  52   4.1765E-03   1.2011E-07   4.1730E+05   5.6178E+02   1.0608E+00   9.6632E+04   4.9851E+00
  53   5.3215E-03   1.4517E-07   5.3169E+05   6.7660E+02   1.0414E+00   1.0028E+05   5.0012E+00
  54   6.8312E-03   1.7591E-07   6.8249E+05   8.3458E+02   1.0259E+00   1.0465E+05   5.0198E+00
  55   8.8186E-03   2.1344E-07   8.8102E+05   1.0528E+03   1.0147E+00   1.0979E+05   5.0405E+00
  56   1.1424E-02   2.5892E-07   1.1413E+06   1.3544E+03   1.0072E+00   1.1574E+05   5.0635E+00
  57   1.4823E-02   3.1359E-07   1.4808E+06   1.7710E+03   1.0027E+00   1.2258E+05   5.0884E+00
  58   1.9236E-02   3.7891E-07   1.9215E+06   2.3456E+03   1.0003E+00   1.3020E+05   5.1146E+00
  59   2.4966E-02   4.5699E-07   2.4937E+06   3.1372E+03   9.9927E-01   1.3816E+05   5.1404E+00
  60   3.2458E-02   5.5127E-07   3.2418E+06   4.2266E+03   9.9913E-01   1.4541E+05   5.1626E+00
  61   4.2444E-02   6.6809E-07   4.2389E+06   5.7250E+03   9.9946E-01   1.5006E+05   5.1763E+00
  62   5.6190E-02   8.1902E-07   5.6114E+06   7.7840E+03   9.9991E-01   1.4978E+05   5.1755E+00
  63   7.5940E-02   1.0243E-06   7.5836E+06   1.0610E+04   1.0002E+00   1.4311E+05   5.1557E+00
  64   1.0559E-01   1.3174E-06   1.0545E+07   1.4487E+04   1.0002E+00   1.3077E+05   5.1165E+00
  65   1.5162E-01   1.7492E-06   1.5142E+07   1.9806E+04   9.9988E-01   1.1554E+05   5.0627E+00
  66   2.2422E-01   2.3914E-06   2.2395E+07   2.7100E+04   9.9937E-01   1.0046E+05   5.0020E+00
  67   3.3866E-01   3.3384E-06   3.3829E+07   3.7095E+04   9.9846E-01   8.7336E+04   4.9412E+00
  68   5.1703E-01   4.7102E-06   5.1652E+07   5.0766E+04   9.9678E-01   7.6649E+04   4.8845E+00
  69   7.9061E-01   6.6560E-06   7.8992E+07   6.9414E+04   9.9379E-01   6.8162E+04   4.8335E+00
  70   1.2031E+00   9.3593E-06   1.2022E+08   9.4748E+04   9.8878E-01   6.1417E+04   4.7883E+00
 before if(lfin) F

before psy0 - nfreqe,in       0       2       0       1       0       0       1

 =========  LINEARIZATION, ITER =           1

reint1.1.1.1.1.1.1.1.1.1.1.1.1.1.1.1.1.1.1.1.1.1.1.1.1.1.1.1.1.1.1.1.1.1.1.
     1.1.1.1.1.1.1.1.1.1.1.1.1.1.1.1.1.1.1.1.1.1.1.1.1.1.1.1.1.1.1.1.1.1.1.
redif0.0.0.0.0.0.0.0.0.0.0.0.0.0.0.0.0.0.0.0.0.0.0.0.0.0.0.0.0.0.0.0.0.0.0.
     0.1.1.1.1.1.1.1.1.1.1.1.1.1.1.1.1.1.1.1.1.1.1.1.1.1.1.1.1.1.1.1.1.1.1.
u -5.67E+04 -6.10E-06  1.21E+00  2.00E+00 -4.68E+04 -4.68E+04  6.63E+07  1.82E-08  5.72E-04  3.45E-01
 ===== end of RYBCHN in ITER           1
 conout imod,iprin           1           1


  ID    DM        TEMP      DELTA  DELTA(AD)  CON/TOT  RAD/TOT  (C+R)/TOT


   1 9.83E-08  12979.1  0.00E+00  0.00E+00  0.00E+00  0.00E+00  0.00E+00
   2 1.35E-07  12979.1  4.98E-06  0.00E+00  0.00E+00  0.00E+00  0.00E+00
   3 1.84E-07  12979.1  5.04E-06  0.00E+00  0.00E+00  0.00E+00  0.00E+00
   4 2.51E-07  12979.1  5.16E-06  0.00E+00  0.00E+00  0.00E+00  0.00E+00
   5 3.41E-07  12979.1  5.34E-06  0.00E+00  0.00E+00  0.00E+00  0.00E+00
   6 4.62E-07  12979.1  5.61E-06  0.00E+00  0.00E+00  0.00E+00  0.00E+00
   7 6.21E-07  12979.1  6.00E-06  0.00E+00  0.00E+00  0.00E+00  0.00E+00
   8 8.31E-07  12979.1  6.57E-06  0.00E+00  0.00E+00  0.00E+00  0.00E+00
   9 1.11E-06  12979.1  7.36E-06  0.00E+00  0.00E+00  0.00E+00  0.00E+00
  10 1.46E-06  12979.2  8.46E-06  0.00E+00  0.00E+00  0.00E+00  0.00E+00
  11 1.91E-06  12979.2  9.97E-06  0.00E+00  0.00E+00  0.00E+00  0.00E+00
  12 2.47E-06  12979.2  1.21E-05  0.00E+00  0.00E+00  0.00E+00  0.00E+00
  13 3.17E-06  12979.2  1.49E-05  0.00E+00  0.00E+00  0.00E+00  0.00E+00
  14 4.04E-06  12979.3  1.88E-05  0.00E+00  0.00E+00  0.00E+00  0.00E+00
  15 5.09E-06  12979.3  2.42E-05  0.00E+00  0.00E+00  0.00E+00  0.00E+00
  16 6.36E-06  12979.4  3.15E-05  0.00E+00  0.00E+00  0.00E+00  0.00E+00
  17 7.90E-06  12979.5  4.14E-05  0.00E+00  0.00E+00  0.00E+00  0.00E+00
  18 9.72E-06  12979.6  5.49E-05  0.00E+00  0.00E+00  0.00E+00  0.00E+00
  19 1.19E-05  12979.7  7.31E-05  0.00E+00  0.00E+00  0.00E+00  0.00E+00
  20 1.45E-05  12980.0  9.78E-05  0.00E+00  0.00E+00  0.00E+00  0.00E+00
  21 1.75E-05  12980.2  1.31E-04  0.00E+00  0.00E+00  0.00E+00  0.00E+00
  22 2.11E-05  12980.6  1.76E-04  0.00E+00  0.00E+00  0.00E+00  0.00E+00
  23 2.52E-05  12981.1  2.36E-04  0.00E+00  0.00E+00  0.00E+00  0.00E+00
  24 3.02E-05  12981.8  3.16E-04  0.00E+00  0.00E+00  0.00E+00  0.00E+00
  25 3.59E-05  12982.7  4.24E-04  0.00E+00  0.00E+00  0.00E+00  0.00E+00
  26 4.26E-05  13106.6  5.83E-02  0.00E+00  0.00E+00  0.00E+00  0.00E+00
  27 5.05E-05  13344.7  1.11E-01  0.00E+00  0.00E+00  0.00E+00  0.00E+00
  28 5.97E-05  13545.9  9.28E-02  0.00E+00  0.00E+00  0.00E+00  0.00E+00
  29 7.05E-05  13698.3  6.97E-02  0.00E+00  0.00E+00  0.00E+00  0.00E+00
  30 8.31E-05  13793.9  4.35E-02  0.00E+00  0.00E+00  0.00E+00  0.00E+00
  31 9.78E-05  13829.0  1.59E-02  0.00E+00  0.00E+00  0.00E+00  0.00E+00
  32 1.15E-04  13806.5 -1.02E-02  1.79E-01  0.00E+00  0.00E+00  0.00E+00
  33 1.35E-04  13740.5 -3.02E-02  1.67E-01  0.00E+00  0.00E+00  0.00E+00
  34 1.59E-04  13661.0 -3.66E-02  1.54E-01  0.00E+00  0.00E+00  0.00E+00
  35 1.87E-04  13611.7 -2.28E-02  1.43E-01  0.00E+00  0.00E+00  0.00E+00
  36 2.19E-04  13639.8  1.30E-02  1.36E-01  0.00E+00  0.00E+00  0.00E+00
  37 2.57E-04  13780.2  6.42E-02  1.34E-01  0.00E+00  0.00E+00  0.00E+00
  38 3.02E-04  14022.6  1.09E-01  1.37E-01  0.00E+00  0.00E+00  0.00E+00
  39 3.56E-04  14345.8  1.41E-01  1.44E-01  0.00E+00  0.00E+00  0.00E+00
  40 4.19E-04  14719.4  1.58E-01  1.55E-01  2.35E-09  0.00E+00  2.35E-09
  41 4.94E-04  15120.5  1.64E-01  1.68E-01  0.00E+00  0.00E+00  0.00E+00
  42 5.84E-04  15538.2  1.64E-01  1.82E-01  0.00E+00  0.00E+00  0.00E+00
  43 6.92E-04  15969.6  1.62E-01  1.97E-01  0.00E+00  0.00E+00  0.00E+00
  44 8.23E-04  16418.7  1.60E-01  2.12E-01  0.00E+00  0.00E+00  0.00E+00
  45 9.84E-04  16894.9  1.61E-01  2.28E-01  0.00E+00  0.00E+00  0.00E+00
  46 1.18E-03  17410.3  1.64E-01  2.45E-01  0.00E+00  0.00E+00  0.00E+00
  47 1.43E-03  17978.3  1.70E-01  2.62E-01  0.00E+00  0.00E+00  0.00E+00
  48 1.74E-03  18612.3  1.76E-01  2.80E-01  0.00E+00  0.00E+00  0.00E+00
  49 2.13E-03  19324.2  1.83E-01  2.98E-01  0.00E+00  0.00E+00  0.00E+00
  50 2.64E-03  20124.0  1.90E-01  3.15E-01  0.00E+00  0.00E+00  0.00E+00
  51 3.31E-03  21022.0  1.95E-01  3.32E-01  0.00E+00  0.00E+00  0.00E+00
  52 4.18E-03  22030.3  2.01E-01  3.46E-01  0.00E+00  0.00E+00  0.00E+00
  53 5.32E-03  23165.3  2.07E-01  3.59E-01  0.00E+00  0.00E+00  0.00E+00
  54 6.83E-03  24449.0  2.16E-01  3.69E-01  0.00E+00  0.00E+00  0.00E+00
  55 8.82E-03  25904.4  2.26E-01  3.77E-01  0.00E+00  0.00E+00  0.00E+00
  56 1.14E-02  27551.9  2.38E-01  3.84E-01  0.00E+00  0.00E+00  0.00E+00
  57 1.48E-02  29407.8  2.50E-01  3.89E-01  0.00E+00  0.00E+00  0.00E+00
  58 1.92E-02  31483.7  2.62E-01  3.92E-01  0.00E+00  0.00E+00  0.00E+00
  59 2.50E-02  33788.0  2.71E-01  3.95E-01  0.00E+00  0.00E+00  0.00E+00
  60 3.25E-02  36326.7  2.76E-01  3.96E-01  0.00E+00  0.00E+00  0.00E+00
  61 4.24E-02  39108.3  2.75E-01  3.97E-01  0.00E+00  0.00E+00  0.00E+00
  62 5.62E-02  42148.5  2.67E-01  3.98E-01  0.00E+00  0.00E+00  0.00E+00
  63 7.59E-02  45470.2  2.52E-01  3.99E-01  0.00E+00  0.00E+00  0.00E+00
  64 1.06E-01  49094.1  2.33E-01  3.99E-01  0.00E+00  0.00E+00  0.00E+00
  65 1.52E-01  53038.3  2.14E-01  3.99E-01  0.00E+00  0.00E+00  0.00E+00
  66 2.24E-01  57327.0  1.99E-01  3.99E-01  0.00E+00  0.00E+00  0.00E+00
  67 3.39E-01  61992.3  1.90E-01  3.99E-01  0.00E+00  0.00E+00  0.00E+00
  68 5.17E-01  67070.3  1.86E-01  3.99E-01  0.00E+00  0.00E+00  0.00E+00
  69 7.91E-01  72600.1  1.87E-01  3.99E-01  0.00E+00  0.00E+00  0.00E+00
  70 1.20E+00  78628.5  1.90E-01  4.00E-01  0.00E+00  0.00E+00  0.00E+00

convective zone between depths (inclusive)  40  40

 end rybsol

**********
 ITERATION:  2
**********

 before inilam
 after inilam
 after linsel
 NTRANS         136
 ilam           1
 after opaini in ilam           1
 after ratsp1i in ilam           1
 after newpop in ilam           1
 after output
 after radpre
 HMIX0  0.59999999999999998     
dad -2.6411E-19 -2.6411E-19 -1.4076E-16

 RYBHEQ in iter   2
   id      dm          dens        pgs0          pra          pradfc      grad        log grad

   1   9.8252E-08   4.6244E-12   9.8251E+00   2.1709E+02   3.0341E+00   1.4793E+03   3.1701E+00
   2   1.3472E-07   6.3410E-12   1.3472E+01   2.1709E+02   3.0341E+00   1.6551E+03   3.2188E+00
   3   1.8422E-07   8.6710E-12   1.8421E+01   2.1709E+02   3.0341E+00   1.9843E+03   3.2976E+00
   4   2.5113E-07   1.1821E-11   2.5113E+01   2.1709E+02   3.0341E+00   2.2312E+03   3.3485E+00
   5   3.4116E-07   1.6060E-11   3.4116E+01   2.1709E+02   3.0341E+00   2.2927E+03   3.3603E+00
   6   4.6154E-07   2.1729E-11   4.6153E+01   2.1709E+02   3.0341E+00   2.1523E+03   3.3329E+00
   7   6.2130E-07   2.9254E-11   6.2129E+01   2.1709E+02   3.0341E+00   1.9723E+03   3.2950E+00
   8   8.3145E-07   3.9155E-11   8.3143E+01   2.1709E+02   3.0341E+00   1.9180E+03   3.2829E+00
   9   1.1051E-06   5.2053E-11   1.1051E+02   2.1709E+02   3.0341E+00   2.0217E+03   3.3057E+00
  10   1.4575E-06   6.8671E-11   1.4575E+02   2.1709E+02   3.0341E+00   2.2486E+03   3.3519E+00
  11   1.9061E-06   8.9837E-11   1.9061E+02   2.1709E+02   3.0341E+00   2.5700E+03   3.4099E+00
  12   2.4705E-06   1.1648E-10   2.4704E+02   2.1709E+02   3.0341E+00   3.0092E+03   3.4785E+00
  13   3.1725E-06   1.4966E-10   3.1724E+02   2.1709E+02   3.0341E+00   3.6103E+03   3.5575E+00
  14   4.0367E-06   1.9055E-10   4.0366E+02   2.1710E+02   3.0341E+00   4.3270E+03   3.6362E+00
  15   5.0906E-06   2.4048E-10   5.0904E+02   2.1710E+02   3.0341E+00   5.1083E+03   3.7083E+00
  16   6.3650E-06   3.0096E-10   6.3647E+02   2.1711E+02   3.0342E+00   5.9700E+03   3.7760E+00
  17   7.8953E-06   3.7373E-10   7.8949E+02   2.1712E+02   3.0342E+00   6.9174E+03   3.8399E+00
  18   9.7220E-06   4.6080E-10   9.7215E+02   2.1714E+02   3.0343E+00   7.9148E+03   3.8984E+00
  19   1.1892E-05   5.6452E-10   1.1891E+03   2.1715E+02   3.0344E+00   8.9301E+03   3.9509E+00
  20   1.4460E-05   6.8765E-10   1.4459E+03   2.1718E+02   3.0346E+00   9.9349E+03   3.9972E+00
  21   1.7489E-05   8.3345E-10   1.7488E+03   2.1721E+02   3.0348E+00   1.0873E+04   4.0363E+00
  22   2.1054E-05   1.0058E-09   2.1053E+03   2.1725E+02   3.0350E+00   1.1744E+04   4.0698E+00
  23   2.5242E-05   1.2092E-09   2.5240E+03   2.1731E+02   3.0353E+00   1.2678E+04   4.1031E+00
  24   3.0153E-05   1.4491E-09   3.0150E+03   2.1738E+02   3.0356E+00   1.3930E+04   4.1439E+00
  25   3.5906E-05   1.7320E-09   3.5903E+03   2.1747E+02   3.0361E+00   1.5974E+04   4.2034E+00
  26   4.2641E-05   2.0390E-09   4.2636E+03   2.1760E+02   2.9247E+00   2.0005E+04   4.3011E+00
  27   5.0519E-05   2.3677E-09   5.0512E+03   2.1779E+02   2.7238E+00   2.3727E+04   4.3753E+00
  28   5.9734E-05   2.7552E-09   5.9725E+03   2.1802E+02   2.5683E+00   2.4794E+04   4.3944E+00
  29   7.0509E-05   3.2165E-09   7.0497E+03   2.1829E+02   2.4589E+00   2.5413E+04   4.4051E+00
  30   8.3107E-05   3.7705E-09   8.3092E+03   2.1862E+02   2.3951E+00   2.6110E+04   4.4168E+00
  31   9.7840E-05   4.4414E-09   9.7821E+03   2.1902E+02   2.3752E+00   2.7349E+04   4.4369E+00
  32   1.1507E-04   5.2590E-09   1.1505E+04   2.1954E+02   2.3963E+00   2.9666E+04   4.4723E+00
  33   1.3524E-04   6.2573E-09   1.3521E+04   2.2021E+02   2.4502E+00   3.3562E+04   4.5259E+00
  34   1.5886E-04   7.4648E-09   1.5882E+04   2.2114E+02   2.5183E+00   3.9226E+04   4.5936E+00
  35   1.8656E-04   8.8867E-09   1.8650E+04   2.2242E+02   2.5698E+00   4.6364E+04   4.6662E+00
  36   2.1907E-04   1.0488E-08   2.1900E+04   2.2419E+02   2.5690E+00   5.4340E+04   4.7351E+00
  37   2.5731E-04   1.2205E-08   2.5721E+04   2.2658E+02   2.4921E+00   6.2415E+04   4.7953E+00
  38   3.0237E-04   1.4031E-08   3.0224E+04   2.2972E+02   2.3565E+00   6.9773E+04   4.8437E+00
  39   3.5561E-04   1.6008E-08   3.5545E+04   2.3378E+02   2.1892E+00   7.6186E+04   4.8819E+00
  40   4.1874E-04   1.8221E-08   4.1852E+04   2.3892E+02   2.0187E+00   8.1498E+04   4.9111E+00
  41   4.9389E-04   2.0768E-08   4.9361E+04   2.4538E+02   1.8618E+00   8.5883E+04   4.9339E+00
  42   5.8382E-04   2.3742E-08   5.8345E+04   2.5343E+02   1.7244E+00   8.9585E+04   4.9522E+00
  43   6.9208E-04   2.7245E-08   6.9161E+04   2.6348E+02   1.6067E+00   9.2793E+04   4.9675E+00
  44   8.2332E-04   3.1392E-08   8.2273E+04   2.7603E+02   1.5065E+00   9.5645E+04   4.9807E+00
  45   9.8371E-04   3.6318E-08   9.8296E+04   2.9178E+02   1.4204E+00   9.8172E+04   4.9920E+00
  46   1.1815E-03   4.2195E-08   1.1806E+05   3.1162E+02   1.3452E+00   1.0033E+05   5.0014E+00
  47   1.4280E-03   4.9243E-08   1.4268E+05   3.3678E+02   1.2786E+00   1.0208E+05   5.0089E+00
  48   1.7385E-03   5.7757E-08   1.7370E+05   3.6889E+02   1.2192E+00   1.0341E+05   5.0146E+00
  49   2.1340E-03   6.8127E-08   2.1321E+05   4.1017E+02   1.1666E+00   1.0436E+05   5.0185E+00
  50   2.6433E-03   8.0870E-08   2.6409E+05   4.6366E+02   1.1213E+00   1.0502E+05   5.0213E+00
  51   3.3065E-03   9.6672E-08   3.3034E+05   5.3372E+02   1.0839E+00   1.0565E+05   5.0239E+00
  52   4.1765E-03   1.1635E-07   4.1724E+05   6.2647E+02   1.0549E+00   1.0662E+05   5.0278E+00
  53   5.3215E-03   1.4082E-07   5.3162E+05   7.5046E+02   1.0336E+00   1.0828E+05   5.0346E+00
  54   6.8312E-03   1.7111E-07   6.8241E+05   9.1797E+02   1.0190E+00   1.1096E+05   5.0452E+00
  55   8.8186E-03   2.0831E-07   8.8093E+05   1.1461E+03   1.0095E+00   1.1480E+05   5.0599E+00
  56   1.1424E-02   2.5356E-07   1.1412E+06   1.4584E+03   1.0038E+00   1.1985E+05   5.0786E+00
  57   1.4823E-02   3.0806E-07   1.4806E+06   1.8869E+03   1.0007E+00   1.2609E+05   5.1007E+00
  58   1.9236E-02   3.7327E-07   1.9214E+06   2.4751E+03   9.9915E-01   1.3327E+05   5.1247E+00
  59   2.4966E-02   4.5125E-07   2.4935E+06   3.2817E+03   9.9867E-01   1.4077E+05   5.1485E+00
  60   3.2458E-02   5.4553E-07   3.2417E+06   4.3856E+03   9.9884E-01   1.4733E+05   5.1683E+00
  61   4.2444E-02   6.6248E-07   4.2387E+06   5.8941E+03   9.9935E-01   1.5107E+05   5.1792E+00
  62   5.6190E-02   8.1366E-07   5.6113E+06   7.9562E+03   9.9989E-01   1.5001E+05   5.1761E+00
  63   7.5940E-02   1.0192E-06   7.5834E+06   1.0780E+04   1.0002E+00   1.4297E+05   5.1552E+00
  64   1.0559E-01   1.3125E-06   1.0545E+07   1.4649E+04   1.0001E+00   1.3050E+05   5.1156E+00
  65   1.5162E-01   1.7446E-06   1.5142E+07   1.9949E+04   9.9987E-01   1.1515E+05   5.0613E+00
  66   2.2422E-01   2.3873E-06   2.2395E+07   2.7213E+04   9.9936E-01   1.0005E+05   5.0002E+00
  67   3.3866E-01   3.3347E-06   3.3829E+07   3.7179E+04   9.9845E-01   8.7085E+04   4.9399E+00
  68   5.1703E-01   4.7062E-06   5.1652E+07   5.0855E+04   9.9676E-01   7.6675E+04   4.8847E+00
  69   7.9061E-01   6.6491E-06   7.8992E+07   6.9607E+04   9.9376E-01   6.8540E+04   4.8359E+00
  70   1.2031E+00   9.3434E-06   1.2021E+08   9.5279E+04   9.8867E-01   6.2237E+04   4.7940E+00
 before if(lfin) F

before psy0 - nfreqe,in       0       2       0       1       0       0       1

 =========  LINEARIZATION, ITER =           2

reint1.1.1.1.1.1.1.1.1.1.1.1.1.1.1.1.1.1.1.1.1.1.1.1.1.1.1.1.1.1.1.1.1.1.1.
     1.1.1.1.1.1.1.1.1.1.1.1.1.1.1.1.1.1.1.1.1.1.1.1.1.1.1.1.1.1.1.1.1.1.1.
redif0.0.0.0.0.0.0.0.0.0.0.0.0.0.0.0.0.0.0.0.0.0.0.0.0.0.0.0.0.0.0.0.0.0.0.
     0.1.1.1.1.1.1.1.1.1.1.1.1.1.1.1.1.1.1.1.1.1.1.1.1.1.1.1.1.1.1.1.1.1.1.
u -5.18E+04 -2.64E-05  1.11E+00  2.00E+00 -4.68E+04 -4.68E+04  6.07E+07  1.82E-08  5.56E-04  1.36E+00
 ===== end of RYBCHN in ITER           2
 conout imod,iprin           1           1


  ID    DM        TEMP      DELTA  DELTA(AD)  CON/TOT  RAD/TOT  (C+R)/TOT


   1 9.83E-08  10383.3  0.00E+00  0.00E+00  0.00E+00  0.00E+00  0.00E+00
   2 1.35E-07  10383.3  4.98E-06  0.00E+00  0.00E+00  0.00E+00  0.00E+00
   3 1.84E-07  10383.3  5.04E-06  0.00E+00  0.00E+00  0.00E+00  0.00E+00
   4 2.51E-07  10780.7  1.32E+00  0.00E+00  0.00E+00  0.00E+00  0.00E+00
   5 3.41E-07  11142.6  8.91E-01  0.00E+00  0.00E+00  0.00E+00  0.00E+00
   6 4.62E-07  11255.1  2.11E-01  0.00E+00  0.00E+00  0.00E+00  0.00E+00
   7 6.21E-07  11260.7  8.34E-03  0.00E+00  0.00E+00  0.00E+00  0.00E+00
   8 8.31E-07  11251.1 -1.15E-02  0.00E+00  0.00E+00  0.00E+00  0.00E+00
   9 1.11E-06  11254.1  2.99E-03  0.00E+00  0.00E+00  0.00E+00  0.00E+00
  10 1.46E-06  11280.5  2.26E-02  0.00E+00  0.00E+00  0.00E+00  0.00E+00
  11 1.91E-06  11303.6  1.74E-02  0.00E+00  0.00E+00  0.00E+00  0.00E+00
  12 2.47E-06  11356.4  3.56E-02  0.00E+00  0.00E+00  0.00E+00  0.00E+00
  13 3.17E-06  11463.9  6.64E-02  0.00E+00  0.00E+00  0.00E+00  0.00E+00
  14 4.04E-06  11600.6  7.86E-02  0.00E+00  0.00E+00  0.00E+00  0.00E+00
  15 5.09E-06  11736.2  7.37E-02  0.00E+00  0.00E+00  0.00E+00  0.00E+00
  16 6.36E-06  11874.4  7.20E-02  0.00E+00  0.00E+00  0.00E+00  0.00E+00
  17 7.90E-06  12017.3  7.23E-02  0.00E+00  0.00E+00  0.00E+00  0.00E+00
  18 9.72E-06  12155.8  6.85E-02  0.00E+00  0.00E+00  0.00E+00  0.00E+00
  19 1.19E-05  12284.3  6.26E-02  0.00E+00  0.00E+00  0.00E+00  0.00E+00
  20 1.45E-05  12398.4  5.50E-02  0.00E+00  0.00E+00  0.00E+00  0.00E+00
  21 1.75E-05  12499.7  4.85E-02  0.00E+00  0.00E+00  0.00E+00  0.00E+00
  22 2.11E-05  12590.1  4.32E-02  0.00E+00  0.00E+00  0.00E+00  0.00E+00
  23 2.52E-05  12672.5  3.93E-02  0.00E+00  0.00E+00  0.00E+00  0.00E+00
  24 3.02E-05  12750.9  3.74E-02  0.00E+00  0.00E+00  0.00E+00  0.00E+00
  25 3.59E-05  12825.9  3.58E-02  0.00E+00  0.00E+00  0.00E+00  0.00E+00
  26 4.26E-05  12922.4  4.60E-02  0.00E+00  0.00E+00  0.00E+00  0.00E+00
  27 5.05E-05  13043.2  5.74E-02  0.00E+00  0.00E+00  0.00E+00  0.00E+00
  28 5.97E-05  13157.0  5.39E-02  0.00E+00  0.00E+00  0.00E+00  0.00E+00
  29 7.05E-05  13259.9  4.85E-02  0.00E+00  0.00E+00  0.00E+00  0.00E+00
  30 8.31E-05  13352.4  4.35E-02  0.00E+00  0.00E+00  0.00E+00  0.00E+00
  31 9.78E-05  13442.5  4.22E-02  0.00E+00  0.00E+00  0.00E+00  0.00E+00
  32 1.15E-04  13543.9  4.73E-02  1.57E-01  0.00E+00  0.00E+00  0.00E+00
  33 1.35E-04  13663.3  5.53E-02  1.56E-01  0.00E+00  0.00E+00  0.00E+00
  34 1.59E-04  13792.8  5.95E-02  1.55E-01  0.00E+00  0.00E+00  0.00E+00
  35 1.87E-04  13927.6  6.13E-02  1.55E-01  0.00E+00  0.00E+00  0.00E+00
  36 2.19E-04  14077.0  6.71E-02  1.56E-01  0.00E+00  0.00E+00  0.00E+00
  37 2.57E-04  14252.7  7.78E-02  1.57E-01  0.00E+00  0.00E+00  0.00E+00
  38 3.02E-04  14460.0  9.02E-02  1.61E-01  0.00E+00  0.00E+00  0.00E+00
  39 3.56E-04  14699.7  1.02E-01  1.65E-01  0.00E+00  0.00E+00  0.00E+00
  40 4.19E-04  14971.0  1.13E-01  1.71E-01  0.00E+00  0.00E+00  0.00E+00
  41 4.94E-04  15273.8  1.22E-01  1.79E-01  0.00E+00  0.00E+00  0.00E+00
  42 5.84E-04  15610.8  1.31E-01  1.89E-01  0.00E+00  0.00E+00  0.00E+00
  43 6.92E-04  15986.0  1.40E-01  2.00E-01  0.00E+00  0.00E+00  0.00E+00
  44 8.23E-04  16404.1  1.49E-01  2.13E-01  0.00E+00  0.00E+00  0.00E+00
  45 9.84E-04  16870.3  1.58E-01  2.27E-01  0.00E+00  0.00E+00  0.00E+00
  46 1.18E-03  17390.0  1.66E-01  2.44E-01  0.00E+00  0.00E+00  0.00E+00
  47 1.43E-03  17969.4  1.73E-01  2.61E-01  0.00E+00  0.00E+00  0.00E+00
  48 1.74E-03  18615.3  1.80E-01  2.80E-01  0.00E+00  0.00E+00  0.00E+00
  49 2.13E-03  19334.9  1.85E-01  2.98E-01  0.00E+00  0.00E+00  0.00E+00
  50 2.64E-03  20136.5  1.90E-01  3.16E-01  0.00E+00  0.00E+00  0.00E+00
  51 3.31E-03  21031.7  1.94E-01  3.32E-01  0.00E+00  0.00E+00  0.00E+00
  52 4.18E-03  22034.5  2.00E-01  3.46E-01  0.00E+00  0.00E+00  0.00E+00
  53 5.32E-03  23162.7  2.06E-01  3.59E-01  0.00E+00  0.00E+00  0.00E+00
  54 6.83E-03  24439.6  2.15E-01  3.69E-01  0.00E+00  0.00E+00  0.00E+00
  55 8.82E-03  25889.1  2.26E-01  3.77E-01  0.00E+00  0.00E+00  0.00E+00
  56 1.14E-02  27532.5  2.38E-01  3.84E-01  0.00E+00  0.00E+00  0.00E+00
  57 1.48E-02  29386.1  2.50E-01  3.89E-01  0.00E+00  0.00E+00  0.00E+00
  58 1.92E-02  31461.7  2.62E-01  3.92E-01  0.00E+00  0.00E+00  0.00E+00
  59 2.50E-02  33766.9  2.71E-01  3.95E-01  0.00E+00  0.00E+00  0.00E+00
  60 3.25E-02  36307.5  2.76E-01  3.96E-01  0.00E+00  0.00E+00  0.00E+00
  61 4.24E-02  39091.7  2.75E-01  3.97E-01  0.00E+00  0.00E+00  0.00E+00
  62 5.62E-02  42135.3  2.67E-01  3.98E-01  0.00E+00  0.00E+00  0.00E+00
  63 7.59E-02  45460.6  2.52E-01  3.99E-01  0.00E+00  0.00E+00  0.00E+00
  64 1.06E-01  49087.7  2.33E-01  3.99E-01  0.00E+00  0.00E+00  0.00E+00
  65 1.52E-01  53034.2  2.14E-01  3.99E-01  0.00E+00  0.00E+00  0.00E+00
  66 2.24E-01  57324.4  1.99E-01  3.99E-01  0.00E+00  0.00E+00  0.00E+00
  67 3.39E-01  61990.8  1.90E-01  3.99E-01  0.00E+00  0.00E+00  0.00E+00
  68 5.17E-01  67069.3  1.86E-01  3.99E-01  0.00E+00  0.00E+00  0.00E+00
  69 7.91E-01  72599.2  1.87E-01  3.99E-01  0.00E+00  0.00E+00  0.00E+00
  70 1.20E+00  78626.9  1.90E-01  4.00E-01  0.00E+00  0.00E+00  0.00E+00

convective zone between depths (inclusive)   0  40

 end rybsol

**********
 ITERATION:  3
**********

 before inilam
 after inilam
 after linsel
 NTRANS         136
 ilam           1
 after opaini in ilam           1
 after ratsp1i in ilam           1
 after newpop in ilam           1
 after output
 after radpre
 HMIX0  0.59999999999999998     
dad -5.6955E-19 -5.6955E-19 -9.3338E-16

 RYBHEQ in iter   3
   id      dm          dens        pgs0          pra          pradfc      grad        log grad

   1   9.8252E-08   5.7958E-12   9.8246E+00   2.1847E+02   7.4546E+00   6.7208E+03   3.8274E+00
   2   1.3472E-07   7.9548E-12   1.3471E+01   2.1847E+02   7.4546E+00   2.8620E+03   3.4567E+00
   3   1.8422E-07   1.0892E-11   1.8421E+01   2.1847E+02   7.4546E+00   2.5157E+03   3.4007E+00
   4   2.5113E-07   1.4280E-11   2.5112E+01   2.1847E+02   6.4149E+00   3.4017E+03   3.5317E+00
   5   3.4116E-07   1.8755E-11   3.4115E+01   2.1847E+02   5.6210E+00   2.8625E+03   3.4567E+00
   6   4.6154E-07   2.5129E-11   4.6153E+01   2.1847E+02   5.3998E+00   2.0492E+03   3.3116E+00
   7   6.2130E-07   3.3846E-11   6.2128E+01   2.1847E+02   5.3891E+00   1.9554E+03   3.2912E+00
   8   8.3145E-07   4.5399E-11   8.3143E+01   2.1847E+02   5.4073E+00   2.3493E+03   3.3709E+00
   9   1.1051E-06   6.0432E-11   1.1051E+02   2.1847E+02   5.4017E+00   2.9926E+03   3.4761E+00
  10   1.4575E-06   7.9673E-11   1.4575E+02   2.1847E+02   5.3514E+00   3.7693E+03   3.5763E+00
  11   1.9061E-06   1.0423E-10   1.9060E+02   2.1848E+02   5.3077E+00   4.6250E+03   3.6651E+00
  12   2.4705E-06   1.3477E-10   2.4704E+02   2.1848E+02   5.2098E+00   5.6445E+03   3.7516E+00
  13   3.1725E-06   1.7168E-10   3.1724E+02   2.1848E+02   5.0173E+00   6.6429E+03   3.8224E+00
  14   4.0367E-06   2.1604E-10   4.0365E+02   2.1849E+02   4.7850E+00   7.4592E+03   3.8727E+00
  15   5.0906E-06   2.6948E-10   5.0903E+02   2.1850E+02   4.5678E+00   8.1824E+03   3.9129E+00
  16   6.3650E-06   3.3323E-10   6.3646E+02   2.1851E+02   4.3592E+00   8.9419E+03   3.9514E+00
  17   7.8953E-06   4.0862E-10   7.8947E+02   2.1853E+02   4.1557E+00   9.7000E+03   3.9868E+00
  18   9.7220E-06   4.9768E-10   9.7212E+02   2.1854E+02   3.9699E+00   1.0412E+04   4.0175E+00
  19   1.1892E-05   6.0282E-10   1.1891E+03   2.1857E+02   3.8068E+00   1.1104E+04   4.0455E+00
  20   1.4460E-05   7.2698E-10   1.4459E+03   2.1860E+02   3.6691E+00   1.1825E+04   4.0728E+00
  21   1.7489E-05   8.7331E-10   1.7488E+03   2.1864E+02   3.5522E+00   1.2617E+04   4.1010E+00
  22   2.1054E-05   1.0455E-09   2.1052E+03   2.1869E+02   3.4520E+00   1.3494E+04   4.1301E+00
  23   2.5242E-05   1.2476E-09   2.5239E+03   2.1875E+02   3.3641E+00   1.4527E+04   4.1622E+00
  24   3.0153E-05   1.4843E-09   3.0149E+03   2.1882E+02   3.2833E+00   1.5803E+04   4.1987E+00
  25   3.5906E-05   1.7612E-09   3.5902E+03   2.1892E+02   3.2087E+00   1.7396E+04   4.2404E+00
  26   4.2641E-05   2.0795E-09   4.2635E+03   2.1906E+02   3.1157E+00   1.9556E+04   4.2913E+00
  27   5.0519E-05   2.4432E-09   5.0512E+03   2.1923E+02   3.0042E+00   2.1915E+04   4.3407E+00
  28   5.9734E-05   2.8673E-09   5.9724E+03   2.1945E+02   2.9045E+00   2.3963E+04   4.3795E+00
  29   7.0509E-05   3.3638E-09   7.0496E+03   2.1973E+02   2.8190E+00   2.6169E+04   4.4178E+00
  30   8.3107E-05   3.9458E-09   8.3091E+03   2.2009E+02   2.7462E+00   2.8734E+04   4.4584E+00
  31   9.7840E-05   4.6249E-09   9.7819E+03   2.2056E+02   2.6791E+00   3.1839E+04   4.5030E+00
  32   1.1507E-04   5.4097E-09   1.1505E+04   2.2117E+02   2.6069E+00   3.5543E+04   4.5507E+00
  33   1.3524E-04   6.3111E-09   1.3521E+04   2.2197E+02   2.5261E+00   3.9636E+04   4.5981E+00
  34   1.5886E-04   7.3519E-09   1.5882E+04   2.2301E+02   2.4439E+00   4.3873E+04   4.6422E+00
  35   1.8656E-04   8.5586E-09   1.8650E+04   2.2435E+02   2.3648E+00   4.8371E+04   4.6846E+00
  36   2.1907E-04   9.9487E-09   2.1900E+04   2.2609E+02   2.2835E+00   5.3376E+04   4.7273E+00
  37   2.5731E-04   1.1537E-08   2.5721E+04   2.2833E+02   2.1946E+00   5.8815E+04   4.7695E+00
  38   3.0237E-04   1.3344E-08   3.0224E+04   2.3124E+02   2.0978E+00   6.4452E+04   4.8092E+00
  39   3.5561E-04   1.5403E-08   3.5545E+04   2.3497E+02   1.9960E+00   7.0089E+04   4.8457E+00
  40   4.1874E-04   1.7758E-08   4.1853E+04   2.3974E+02   1.8929E+00   7.5599E+04   4.8785E+00
  41   4.9389E-04   2.0463E-08   4.9362E+04   2.4582E+02   1.7915E+00   8.0908E+04   4.9080E+00
  42   5.8382E-04   2.3584E-08   5.8347E+04   2.5355E+02   1.6933E+00   8.5916E+04   4.9341E+00
  43   6.9208E-04   2.7203E-08   6.9163E+04   2.6335E+02   1.5994E+00   9.0502E+04   4.9567E+00
  44   8.2332E-04   3.1422E-08   8.2274E+04   2.7576E+02   1.5104E+00   9.4557E+04   4.9757E+00
  45   9.8371E-04   3.6377E-08   9.8298E+04   2.9147E+02   1.4272E+00   9.7962E+04   4.9911E+00
  46   1.1815E-03   4.2246E-08   1.1806E+05   3.1138E+02   1.3504E+00   1.0064E+05   5.0028E+00
  47   1.4280E-03   4.9263E-08   1.4268E+05   3.3666E+02   1.2807E+00   1.0259E+05   5.0111E+00
  48   1.7385E-03   5.7736E-08   1.7370E+05   3.6891E+02   1.2185E+00   1.0388E+05   5.0165E+00
  49   2.1340E-03   6.8073E-08   2.1321E+05   4.1029E+02   1.1644E+00   1.0462E+05   5.0196E+00
  50   2.6433E-03   8.0803E-08   2.6409E+05   4.6378E+02   1.1188E+00   1.0501E+05   5.0212E+00
  51   3.3065E-03   9.6612E-08   3.3034E+05   5.3368E+02   1.0818E+00   1.0541E+05   5.0229E+00
  52   4.1765E-03   1.1632E-07   4.1724E+05   6.2609E+02   1.0534E+00   1.0622E+05   5.0262E+00
  53   5.3215E-03   1.4082E-07   5.3162E+05   7.4952E+02   1.0328E+00   1.0779E+05   5.0326E+00
  54   6.8312E-03   1.7117E-07   6.8242E+05   9.1621E+02   1.0186E+00   1.1042E+05   5.0430E+00
  55   8.8186E-03   2.0843E-07   8.8093E+05   1.1433E+03   1.0094E+00   1.1427E+05   5.0579E+00
  56   1.1424E-02   2.5374E-07   1.1412E+06   1.4544E+03   1.0039E+00   1.1937E+05   5.0769E+00
  57   1.4823E-02   3.0830E-07   1.4806E+06   1.8815E+03   1.0007E+00   1.2569E+05   5.0993E+00
  58   1.9236E-02   3.7354E-07   1.9214E+06   2.4684E+03   9.9921E-01   1.3297E+05   5.1237E+00
  59   2.4966E-02   4.5154E-07   2.4935E+06   3.2736E+03   9.9870E-01   1.4055E+05   5.1478E+00
  60   3.2458E-02   5.4583E-07   3.2417E+06   4.3764E+03   9.9886E-01   1.4718E+05   5.1679E+00
  61   4.2444E-02   6.6278E-07   4.2387E+06   5.8842E+03   9.9936E-01   1.5100E+05   5.1790E+00
  62   5.6190E-02   8.1394E-07   5.6113E+06   7.9463E+03   9.9989E-01   1.5001E+05   5.1761E+00
  63   7.5940E-02   1.0195E-06   7.5834E+06   1.0771E+04   1.0002E+00   1.4301E+05   5.1554E+00
  64   1.0559E-01   1.3127E-06   1.0545E+07   1.4641E+04   1.0001E+00   1.3054E+05   5.1158E+00
  65   1.5162E-01   1.7448E-06   1.5142E+07   1.9943E+04   9.9987E-01   1.1518E+05   5.0614E+00
  66   2.2422E-01   2.3874E-06   2.2395E+07   2.7209E+04   9.9936E-01   1.0007E+05   5.0003E+00
  67   3.3866E-01   3.3349E-06   3.3829E+07   3.7176E+04   9.9845E-01   8.7094E+04   4.9400E+00
  68   5.1703E-01   4.7063E-06   5.1652E+07   5.0852E+04   9.9676E-01   7.6679E+04   4.8847E+00
  69   7.9061E-01   6.6493E-06   7.8992E+07   6.9604E+04   9.9376E-01   6.8539E+04   4.8359E+00
  70   1.2031E+00   9.3437E-06   1.2021E+08   9.5271E+04   9.8867E-01   6.2227E+04   4.7940E+00
 before if(lfin) F

before psy0 - nfreqe,in       0       2       0       1       0       0       1

 =========  LINEARIZATION, ITER =           3

reint1.1.1.1.1.1.1.1.1.1.1.1.1.1.1.1.1.1.1.1.1.1.1.1.1.1.1.1.1.1.1.1.1.1.1.
     1.1.1.1.1.1.1.1.1.1.1.1.1.1.1.1.1.1.1.1.1.1.1.1.1.1.1.1.1.1.1.1.1.1.1.
redif0.0.0.0.0.0.0.0.0.0.0.0.0.0.0.0.0.0.0.0.0.0.0.0.0.0.0.0.0.0.0.0.0.0.0.
     0.1.1.1.1.1.1.1.1.1.1.1.1.1.1.1.1.1.1.1.1.1.1.1.1.1.1.1.1.1.1.1.1.1.1.
u -2.97E+04 -1.29E-04  8.36E-01  2.00E+00 -3.55E+04 -3.55E+04  4.59E+07  1.82E-08  4.33E-04  3.82E+00
 ===== end of RYBCHN in ITER           3
 conout imod,iprin           1           1


  ID    DM        TEMP      DELTA  DELTA(AD)  CON/TOT  RAD/TOT  (C+R)/TOT


   1 9.83E-08   9525.4  0.00E+00  0.00E+00  0.00E+00  0.00E+00  0.00E+00
   2 1.35E-07  10491.5  5.96E+00  0.00E+00  0.00E+00  0.00E+00  0.00E+00
   3 1.84E-07  10696.8  8.98E-01  0.00E+00  0.00E+00  0.00E+00  0.00E+00
   4 2.51E-07  10884.6  6.11E-01  0.00E+00  0.00E+00  0.00E+00  0.00E+00
   5 3.41E-07  11022.0  3.38E-01  0.00E+00  0.00E+00  0.00E+00  0.00E+00
   6 4.62E-07  11115.0  1.77E-01  0.00E+00  0.00E+00  0.00E+00  0.00E+00
   7 6.21E-07  11186.3  1.07E-01  0.00E+00  0.00E+00  0.00E+00  0.00E+00
   8 8.31E-07  11251.5  7.91E-02  0.00E+00  0.00E+00  0.00E+00  0.00E+00
   9 1.11E-06  11313.2  6.19E-02  0.00E+00  0.00E+00  0.00E+00  0.00E+00
  10 1.46E-06  11376.8  5.42E-02  0.00E+00  0.00E+00  0.00E+00  0.00E+00
  11 1.91E-06  11443.6  4.98E-02  0.00E+00  0.00E+00  0.00E+00  0.00E+00
  12 2.47E-06  11518.9  5.01E-02  0.00E+00  0.00E+00  0.00E+00  0.00E+00
  13 3.17E-06  11608.9  5.48E-02  0.00E+00  0.00E+00  0.00E+00  0.00E+00
  14 4.04E-06  11710.2  5.76E-02  0.00E+00  0.00E+00  0.00E+00  0.00E+00
  15 5.09E-06  11816.1  5.71E-02  0.00E+00  0.00E+00  0.00E+00  0.00E+00
  16 6.36E-06  11926.3  5.71E-02  0.00E+00  0.00E+00  0.00E+00  0.00E+00
  17 7.90E-06  12040.5  5.76E-02  0.00E+00  0.00E+00  0.00E+00  0.00E+00
  18 9.72E-06  12156.9  5.75E-02  0.00E+00  0.00E+00  0.00E+00  0.00E+00
  19 1.19E-05  12273.3  5.67E-02  0.00E+00  0.00E+00  0.00E+00  0.00E+00
  20 1.45E-05  12386.9  5.48E-02  0.00E+00  0.00E+00  0.00E+00  0.00E+00
  21 1.75E-05  12498.2  5.33E-02  0.00E+00  0.00E+00  0.00E+00  0.00E+00
  22 2.11E-05  12607.0  5.19E-02  0.00E+00  0.00E+00  0.00E+00  0.00E+00
  23 2.52E-05  12712.7  5.03E-02  0.00E+00  0.00E+00  0.00E+00  0.00E+00
  24 3.02E-05  12815.5  4.88E-02  0.00E+00  0.00E+00  0.00E+00  0.00E+00
  25 3.59E-05  12914.3  4.68E-02  0.00E+00  0.00E+00  0.00E+00  0.00E+00
  26 4.26E-05  13010.5  4.55E-02  0.00E+00  0.00E+00  0.00E+00  0.00E+00
  27 5.05E-05  13104.0  4.42E-02  0.00E+00  0.00E+00  0.00E+00  0.00E+00
  28 5.97E-05  13195.2  4.30E-02  0.00E+00  0.00E+00  0.00E+00  0.00E+00
  29 7.05E-05  13286.2  4.28E-02  0.00E+00  0.00E+00  0.00E+00  0.00E+00
  30 8.31E-05  13379.6  4.38E-02  0.00E+00  0.00E+00  0.00E+00  0.00E+00
  31 9.78E-05  13477.5  4.57E-02  0.00E+00  0.00E+00  0.00E+00  0.00E+00
  32 1.15E-04  13582.9  4.90E-02  1.59E-01  0.00E+00  0.00E+00  0.00E+00
  33 1.35E-04  13698.3  5.33E-02  1.58E-01  0.00E+00  0.00E+00  0.00E+00
  34 1.59E-04  13825.8  5.84E-02  1.57E-01  0.00E+00  0.00E+00  0.00E+00
  35 1.87E-04  13967.7  6.43E-02  1.58E-01  0.00E+00  0.00E+00  0.00E+00
  36 2.19E-04  14126.3  7.10E-02  1.59E-01  0.00E+00  0.00E+00  0.00E+00
  37 2.57E-04  14303.6  7.82E-02  1.60E-01  0.00E+00  0.00E+00  0.00E+00
  38 3.02E-04  14505.7  8.76E-02  1.63E-01  0.00E+00  0.00E+00  0.00E+00
  39 3.56E-04  14734.3  9.71E-02  1.68E-01  0.00E+00  0.00E+00  0.00E+00
  40 4.19E-04  14992.5  1.07E-01  1.73E-01  0.00E+00  0.00E+00  0.00E+00
  41 4.94E-04  15283.4  1.17E-01  1.80E-01  0.00E+00  0.00E+00  0.00E+00
  42 5.84E-04  15611.2  1.27E-01  1.89E-01  0.00E+00  0.00E+00  0.00E+00
  43 6.92E-04  15980.1  1.38E-01  2.00E-01  0.00E+00  0.00E+00  0.00E+00
  44 8.23E-04  16394.9  1.48E-01  2.12E-01  0.00E+00  0.00E+00  0.00E+00
  45 9.84E-04  16860.4  1.58E-01  2.27E-01  0.00E+00  0.00E+00  0.00E+00
  46 1.18E-03  17381.7  1.66E-01  2.43E-01  0.00E+00  0.00E+00  0.00E+00
  47 1.43E-03  17963.9  1.74E-01  2.61E-01  0.00E+00  0.00E+00  0.00E+00
  48 1.74E-03  18612.7  1.81E-01  2.80E-01  0.00E+00  0.00E+00  0.00E+00
  49 2.13E-03  19334.5  1.86E-01  2.98E-01  0.00E+00  0.00E+00  0.00E+00
  50 2.64E-03  20137.0  1.90E-01  3.16E-01  0.00E+00  0.00E+00  0.00E+00
  51 3.31E-03  21032.3  1.94E-01  3.32E-01  0.00E+00  0.00E+00  0.00E+00
  52 4.18E-03  22034.8  1.99E-01  3.46E-01  0.00E+00  0.00E+00  0.00E+00
  53 5.32E-03  23162.5  2.06E-01  3.59E-01  0.00E+00  0.00E+00  0.00E+00
  54 6.83E-03  24438.8  2.15E-01  3.69E-01  0.00E+00  0.00E+00  0.00E+00
  55 8.82E-03  25887.9  2.26E-01  3.77E-01  0.00E+00  0.00E+00  0.00E+00
  56 1.14E-02  27531.2  2.38E-01  3.84E-01  0.00E+00  0.00E+00  0.00E+00
  57 1.48E-02  29385.1  2.50E-01  3.89E-01  0.00E+00  0.00E+00  0.00E+00
  58 1.92E-02  31461.1  2.62E-01  3.92E-01  0.00E+00  0.00E+00  0.00E+00
  59 2.50E-02  33766.7  2.71E-01  3.95E-01  0.00E+00  0.00E+00  0.00E+00
  60 3.25E-02  36307.6  2.76E-01  3.96E-01  0.00E+00  0.00E+00  0.00E+00
  61 4.24E-02  39091.9  2.75E-01  3.97E-01  0.00E+00  0.00E+00  0.00E+00
  62 5.62E-02  42135.7  2.67E-01  3.98E-01  0.00E+00  0.00E+00  0.00E+00
  63 7.59E-02  45460.9  2.52E-01  3.99E-01  0.00E+00  0.00E+00  0.00E+00
  64 1.06E-01  49087.9  2.33E-01  3.99E-01  0.00E+00  0.00E+00  0.00E+00
  65 1.52E-01  53034.3  2.14E-01  3.99E-01  0.00E+00  0.00E+00  0.00E+00
  66 2.24E-01  57324.5  1.99E-01  3.99E-01  0.00E+00  0.00E+00  0.00E+00
  67 3.39E-01  61990.8  1.90E-01  3.99E-01  0.00E+00  0.00E+00  0.00E+00
  68 5.17E-01  67069.3  1.86E-01  3.99E-01  0.00E+00  0.00E+00  0.00E+00
  69 7.91E-01  72599.2  1.87E-01  3.99E-01  0.00E+00  0.00E+00  0.00E+00
  70 1.20E+00  78626.9  1.90E-01  4.00E-01  0.00E+00  0.00E+00  0.00E+00

convective zone between depths (inclusive)   0   0

 end rybsol

**********
 ITERATION:  4
**********

 before inilam
 after inilam
 after linsel
 NTRANS         136
 ilam           1
 after opaini in ilam           1
 after ratsp1i in ilam           1
 after newpop in ilam           1
 after output
 after radpre
 HMIX0  0.59999999999999998     
dad -5.5000E-19 -5.5000E-19 -8.5187E-16

 RYBHEQ in iter   4
   id      dm          dens        pgs0          pra          pradfc      grad        log grad

   1   9.8252E-08   6.3806E-12   9.8235E+00   2.1856E+02   1.0530E+01   1.7669E+04   4.2472E+00
   2   1.3472E-07   7.8677E-12   1.3470E+01   2.1856E+02   7.1548E+00   6.9673E+03   3.8431E+00
   3   1.8422E-07   1.0551E-11   1.8420E+01   2.1856E+02   6.6211E+00   2.5524E+03   3.4070E+00
   4   2.5113E-07   1.4136E-11   2.5111E+01   2.1856E+02   6.1759E+00   2.3920E+03   3.3788E+00
   5   3.4116E-07   1.8970E-11   3.4114E+01   2.1856E+02   5.8736E+00   2.2368E+03   3.3496E+00
   6   4.6154E-07   2.5464E-11   4.6152E+01   2.1857E+02   5.6795E+00   2.2256E+03   3.3474E+00
   7   6.2130E-07   3.4087E-11   6.2127E+01   2.1857E+02   5.5362E+00   2.4105E+03   3.3821E+00
   8   8.3145E-07   4.5397E-11   8.3141E+01   2.1857E+02   5.4090E+00   2.7596E+03   3.4409E+00
   9   1.1051E-06   6.0080E-11   1.1051E+02   2.1857E+02   5.2919E+00   3.2301E+03   3.5092E+00
  10   1.4575E-06   7.8903E-11   1.4575E+02   2.1857E+02   5.1747E+00   3.8148E+03   3.5815E+00
  11   1.9061E-06   1.0274E-10   1.9060E+02   2.1857E+02   5.0549E+00   4.4938E+03   3.6526E+00
  12   2.4705E-06   1.3249E-10   2.4704E+02   2.1857E+02   4.9241E+00   5.2562E+03   3.7207E+00
  13   3.1725E-06   1.6907E-10   3.1724E+02   2.1858E+02   4.7733E+00   6.0706E+03   3.7832E+00
  14   4.0367E-06   2.1354E-10   4.0365E+02   2.1858E+02   4.6104E+00   6.8894E+03   3.8382E+00
  15   5.0906E-06   2.6721E-10   5.0903E+02   2.1859E+02   4.4474E+00   7.7108E+03   3.8871E+00
  16   6.3650E-06   3.3140E-10   6.3646E+02   2.1860E+02   4.2856E+00   8.5581E+03   3.9324E+00
  17   7.8953E-06   4.0761E-10   7.8947E+02   2.1862E+02   4.1255E+00   9.4233E+03   3.9742E+00
  18   9.7220E-06   4.9761E-10   9.7212E+02   2.1864E+02   3.9701E+00   1.0286E+04   4.0122E+00
  19   1.1892E-05   6.0350E-10   1.1891E+03   2.1866E+02   3.8220E+00   1.1140E+04   4.0469E+00
  20   1.4460E-05   7.2784E-10   1.4459E+03   2.1869E+02   3.6843E+00   1.2024E+04   4.0801E+00
  21   1.7489E-05   8.7343E-10   1.7488E+03   2.1873E+02   3.5555E+00   1.2969E+04   4.1129E+00
  22   2.1054E-05   1.0436E-09   2.1052E+03   2.1878E+02   3.4351E+00   1.3970E+04   4.1452E+00
  23   2.5242E-05   1.2423E-09   2.5239E+03   2.1884E+02   3.3232E+00   1.5067E+04   4.1780E+00
  24   3.0153E-05   1.4740E-09   3.0149E+03   2.1892E+02   3.2190E+00   1.6302E+04   4.2122E+00
  25   3.5906E-05   1.7445E-09   3.5902E+03   2.1902E+02   3.1231E+00   1.7702E+04   4.2480E+00
  26   4.2641E-05   2.0597E-09   4.2635E+03   2.1915E+02   3.0336E+00   1.9325E+04   4.2861E+00
  27   5.0519E-05   2.4271E-09   5.0512E+03   2.1932E+02   2.9501E+00   2.1197E+04   4.3263E+00
  28   5.9734E-05   2.8554E-09   5.9724E+03   2.1954E+02   2.8723E+00   2.3345E+04   4.3682E+00
  29   7.0509E-05   3.3541E-09   7.0496E+03   2.1982E+02   2.7979E+00   2.5826E+04   4.4121E+00
  30   8.3107E-05   3.9339E-09   8.3091E+03   2.2018E+02   2.7251E+00   2.8662E+04   4.4573E+00
  31   9.7840E-05   4.6068E-09   9.7819E+03   2.2065E+02   2.6524E+00   3.1859E+04   4.5032E+00
  32   1.1507E-04   5.3860E-09   1.1505E+04   2.2126E+02   2.5781E+00   3.5429E+04   4.5494E+00
  33   1.3524E-04   6.2863E-09   1.3521E+04   2.2205E+02   2.5013E+00   3.9364E+04   4.5951E+00
  34   1.5886E-04   7.3247E-09   1.5882E+04   2.2308E+02   2.4214E+00   4.3641E+04   4.6399E+00
  35   1.8656E-04   8.5204E-09   1.8650E+04   2.2442E+02   2.3385E+00   4.8234E+04   4.6833E+00
  36   2.1907E-04   9.8949E-09   2.1900E+04   2.2614E+02   2.2524E+00   5.3139E+04   4.7254E+00
  37   2.5731E-04   1.1473E-08   2.5721E+04   2.2837E+02   2.1639E+00   5.8320E+04   4.7658E+00
  38   3.0237E-04   1.3280E-08   3.0224E+04   2.3125E+02   2.0716E+00   6.3777E+04   4.8047E+00
  39   3.5561E-04   1.5350E-08   3.5545E+04   2.3494E+02   1.9770E+00   6.9333E+04   4.8409E+00
  40   4.1874E-04   1.7721E-08   4.1853E+04   2.3967E+02   1.8815E+00   7.4898E+04   4.8745E+00
  41   4.9389E-04   2.0446E-08   4.9362E+04   2.4571E+02   1.7861E+00   8.0355E+04   4.9050E+00
  42   5.8382E-04   2.3584E-08   5.8347E+04   2.5340E+02   1.6921E+00   8.5541E+04   4.9322E+00
  43   6.9208E-04   2.7216E-08   6.9163E+04   2.6317E+02   1.6007E+00   9.0295E+04   4.9557E+00
  44   8.2332E-04   3.1445E-08   8.2275E+04   2.7558E+02   1.5128E+00   9.4495E+04   4.9754E+00
  45   9.8371E-04   3.6404E-08   9.8298E+04   2.9130E+02   1.4297E+00   9.8011E+04   4.9913E+00
  46   1.1815E-03   4.2271E-08   1.1806E+05   3.1123E+02   1.3524E+00   1.0076E+05   5.0033E+00
  47   1.4280E-03   4.9281E-08   1.4268E+05   3.3655E+02   1.2818E+00   1.0274E+05   5.0117E+00
  48   1.7385E-03   5.7745E-08   1.7370E+05   3.6885E+02   1.2189E+00   1.0401E+05   5.0171E+00
  49   2.1340E-03   6.8075E-08   2.1321E+05   4.1026E+02   1.1644E+00   1.0472E+05   5.0200E+00
  50   2.6433E-03   8.0801E-08   2.6409E+05   4.6377E+02   1.1187E+00   1.0505E+05   5.0214E+00
  51   3.3065E-03   9.6610E-08   3.3034E+05   5.3368E+02   1.0817E+00   1.0541E+05   5.0229E+00
  52   4.1765E-03   1.1631E-07   4.1724E+05   6.2607E+02   1.0533E+00   1.0620E+05   5.0261E+00
  53   5.3215E-03   1.4083E-07   5.3162E+05   7.4945E+02   1.0327E+00   1.0775E+05   5.0324E+00
  54   6.8312E-03   1.7117E-07   6.8242E+05   9.1608E+02   1.0186E+00   1.1038E+05   5.0429E+00
  55   8.8186E-03   2.0844E-07   8.8093E+05   1.1431E+03   1.0094E+00   1.1423E+05   5.0578E+00
  56   1.1424E-02   2.5375E-07   1.1412E+06   1.4541E+03   1.0039E+00   1.1935E+05   5.0768E+00
  57   1.4823E-02   3.0831E-07   1.4806E+06   1.8813E+03   1.0008E+00   1.2569E+05   5.0993E+00
  58   1.9236E-02   3.7355E-07   1.9214E+06   2.4682E+03   9.9921E-01   1.3298E+05   5.1238E+00
  59   2.4966E-02   4.5155E-07   2.4935E+06   3.2735E+03   9.9871E-01   1.4057E+05   5.1479E+00
  60   3.2458E-02   5.4583E-07   3.2417E+06   4.3764E+03   9.9886E-01   1.4720E+05   5.1679E+00
  61   4.2444E-02   6.6278E-07   4.2387E+06   5.8843E+03   9.9936E-01   1.5101E+05   5.1790E+00
  62   5.6190E-02   8.1393E-07   5.6113E+06   7.9465E+03   9.9989E-01   1.5002E+05   5.1761E+00
  63   7.5940E-02   1.0195E-06   7.5834E+06   1.0771E+04   1.0002E+00   1.4301E+05   5.1554E+00
  64   1.0559E-01   1.3127E-06   1.0545E+07   1.4642E+04   1.0001E+00   1.3054E+05   5.1158E+00
  65   1.5162E-01   1.7448E-06   1.5142E+07   1.9943E+04   9.9987E-01   1.1518E+05   5.0614E+00
  66   2.2422E-01   2.3874E-06   2.2395E+07   2.7209E+04   9.9936E-01   1.0007E+05   5.0003E+00
  67   3.3866E-01   3.3349E-06   3.3829E+07   3.7176E+04   9.9845E-01   8.7094E+04   4.9400E+00
  68   5.1703E-01   4.7063E-06   5.1652E+07   5.0852E+04   9.9676E-01   7.6679E+04   4.8847E+00
  69   7.9061E-01   6.6493E-06   7.8992E+07   6.9604E+04   9.9376E-01   6.8539E+04   4.8359E+00
  70   1.2031E+00   9.3437E-06   1.2021E+08   9.5271E+04   9.8867E-01   6.2227E+04   4.7940E+00
 before if(lfin) F

before psy0 - nfreqe,in       0       2       0       1       0       0       1

 =========  LINEARIZATION, ITER =           4

reint1.1.1.1.1.1.1.1.1.1.1.1.1.1.1.1.1.1.1.1.1.1.1.1.1.1.1.1.1.1.1.1.1.1.1.
     1.1.1.1.1.1.1.1.1.1.1.1.1.1.1.1.1.1.1.1.1.1.1.1.1.1.1.1.1.1.1.1.1.1.1.
redif0.0.0.0.0.0.0.0.0.0.0.0.0.0.0.0.0.0.0.0.0.0.0.0.0.0.0.0.0.0.0.0.0.0.0.
     0.1.1.1.1.1.1.1.1.1.1.1.1.1.1.1.1.1.1.1.1.1.1.1.1.1.1.1.1.1.1.1.1.1.1.
u -2.53E+04 -1.20E-04  7.73E-01  2.00E+00 -3.28E+04 -3.28E+04  4.24E+07  1.82E-08  3.56E-04  3.03E+00
 ===== end of RYBCHN in ITER           4
 conout imod,iprin           1           1


  ID    DM        TEMP      DELTA  DELTA(AD)  CON/TOT  RAD/TOT  (C+R)/TOT


   1 9.83E-08   9852.1  0.00E+00  0.00E+00  0.00E+00  0.00E+00  0.00E+00
   2 1.35E-07  10646.6  4.78E+00  0.00E+00  0.00E+00  0.00E+00  0.00E+00
   3 1.84E-07  10812.7  7.17E-01  0.00E+00  0.00E+00  0.00E+00  0.00E+00
   4 2.51E-07  10945.1  4.27E-01  0.00E+00  0.00E+00  0.00E+00  0.00E+00
   5 3.41E-07  11051.4  2.61E-01  0.00E+00  0.00E+00  0.00E+00  0.00E+00
   6 4.62E-07  11136.3  1.61E-01  0.00E+00  0.00E+00  0.00E+00  0.00E+00
   7 6.21E-07  11206.0  1.04E-01  0.00E+00  0.00E+00  0.00E+00  0.00E+00
   8 8.31E-07  11267.3  7.42E-02  0.00E+00  0.00E+00  0.00E+00  0.00E+00
   9 1.11E-06  11327.0  5.98E-02  0.00E+00  0.00E+00  0.00E+00  0.00E+00
  10 1.46E-06  11391.5  5.49E-02  0.00E+00  0.00E+00  0.00E+00  0.00E+00
  11 1.91E-06  11462.2  5.26E-02  0.00E+00  0.00E+00  0.00E+00  0.00E+00
  12 2.47E-06  11541.0  5.23E-02  0.00E+00  0.00E+00  0.00E+00  0.00E+00
  13 3.17E-06  11628.5  5.32E-02  0.00E+00  0.00E+00  0.00E+00  0.00E+00
  14 4.04E-06  11724.5  5.45E-02  0.00E+00  0.00E+00  0.00E+00  0.00E+00
  15 5.09E-06  11826.0  5.46E-02  0.00E+00  0.00E+00  0.00E+00  0.00E+00
  16 6.36E-06  11931.7  5.48E-02  0.00E+00  0.00E+00  0.00E+00  0.00E+00
  17 7.90E-06  12041.4  5.53E-02  0.00E+00  0.00E+00  0.00E+00  0.00E+00
  18 9.72E-06  12154.5  5.59E-02  0.00E+00  0.00E+00  0.00E+00  0.00E+00
  19 1.19E-05  12269.3  5.59E-02  0.00E+00  0.00E+00  0.00E+00  0.00E+00
  20 1.45E-05  12383.1  5.49E-02  0.00E+00  0.00E+00  0.00E+00  0.00E+00
  21 1.75E-05  12496.2  5.42E-02  0.00E+00  0.00E+00  0.00E+00  0.00E+00
  22 2.11E-05  12607.4  5.31E-02  0.00E+00  0.00E+00  0.00E+00  0.00E+00
  23 2.52E-05  12715.2  5.13E-02  0.00E+00  0.00E+00  0.00E+00  0.00E+00
  24 3.02E-05  12819.2  4.94E-02  0.00E+00  0.00E+00  0.00E+00  0.00E+00
  25 3.59E-05  12918.9  4.72E-02  0.00E+00  0.00E+00  0.00E+00  0.00E+00
  26 4.26E-05  13014.4  4.52E-02  0.00E+00  0.00E+00  0.00E+00  0.00E+00
  27 5.05E-05  13106.5  4.35E-02  0.00E+00  0.00E+00  0.00E+00  0.00E+00
  28 5.97E-05  13197.0  4.27E-02  0.00E+00  0.00E+00  0.00E+00  0.00E+00
  29 7.05E-05  13287.7  4.27E-02  0.00E+00  0.00E+00  0.00E+00  0.00E+00
  30 8.31E-05  13381.1  4.38E-02  0.00E+00  0.00E+00  0.00E+00  0.00E+00
  31 9.78E-05  13479.4  4.59E-02  0.00E+00  0.00E+00  0.00E+00  0.00E+00
  32 1.15E-04  13585.0  4.91E-02  1.59E-01  0.00E+00  0.00E+00  0.00E+00
  33 1.35E-04  13700.2  5.32E-02  1.58E-01  0.00E+00  0.00E+00  0.00E+00
  34 1.59E-04  13827.7  5.84E-02  1.57E-01  0.00E+00  0.00E+00  0.00E+00
  35 1.87E-04  13969.9  6.44E-02  1.58E-01  0.00E+00  0.00E+00  0.00E+00
  36 2.19E-04  14129.0  7.12E-02  1.59E-01  0.00E+00  0.00E+00  0.00E+00
  37 2.57E-04  14306.4  7.82E-02  1.61E-01  0.00E+00  0.00E+00  0.00E+00
  38 3.02E-04  14508.1  8.75E-02  1.64E-01  0.00E+00  0.00E+00  0.00E+00
  39 3.56E-04  14736.2  9.68E-02  1.68E-01  0.00E+00  0.00E+00  0.00E+00
  40 4.19E-04  14993.5  1.07E-01  1.73E-01  0.00E+00  0.00E+00  0.00E+00
  41 4.94E-04  15283.6  1.17E-01  1.80E-01  0.00E+00  0.00E+00  0.00E+00
  42 5.84E-04  15610.6  1.27E-01  1.89E-01  0.00E+00  0.00E+00  0.00E+00
  43 6.92E-04  15978.9  1.38E-01  1.99E-01  0.00E+00  0.00E+00  0.00E+00
  44 8.23E-04  16393.2  1.48E-01  2.12E-01  0.00E+00  0.00E+00  0.00E+00
  45 9.84E-04  16858.7  1.58E-01  2.27E-01  0.00E+00  0.00E+00  0.00E+00
  46 1.18E-03  17380.2  1.67E-01  2.43E-01  0.00E+00  0.00E+00  0.00E+00
  47 1.43E-03  17962.9  1.74E-01  2.61E-01  0.00E+00  0.00E+00  0.00E+00
  48 1.74E-03  18612.3  1.81E-01  2.80E-01  0.00E+00  0.00E+00  0.00E+00
  49 2.13E-03  19334.5  1.86E-01  2.98E-01  0.00E+00  0.00E+00  0.00E+00
  50 2.64E-03  20137.2  1.90E-01  3.16E-01  0.00E+00  0.00E+00  0.00E+00
  51 3.31E-03  21032.5  1.94E-01  3.32E-01  0.00E+00  0.00E+00  0.00E+00
  52 4.18E-03  22034.9  1.99E-01  3.46E-01  0.00E+00  0.00E+00  0.00E+00
  53 5.32E-03  23162.5  2.06E-01  3.59E-01  0.00E+00  0.00E+00  0.00E+00
  54 6.83E-03  24438.7  2.15E-01  3.69E-01  0.00E+00  0.00E+00  0.00E+00
  55 8.82E-03  25887.8  2.26E-01  3.77E-01  0.00E+00  0.00E+00  0.00E+00
  56 1.14E-02  27531.1  2.38E-01  3.84E-01  0.00E+00  0.00E+00  0.00E+00
  57 1.48E-02  29385.0  2.50E-01  3.89E-01  0.00E+00  0.00E+00  0.00E+00
  58 1.92E-02  31461.1  2.62E-01  3.92E-01  0.00E+00  0.00E+00  0.00E+00
  59 2.50E-02  33766.7  2.71E-01  3.95E-01  0.00E+00  0.00E+00  0.00E+00
  60 3.25E-02  36307.6  2.76E-01  3.96E-01  0.00E+00  0.00E+00  0.00E+00
  61 4.24E-02  39091.9  2.75E-01  3.97E-01  0.00E+00  0.00E+00  0.00E+00
  62 5.62E-02  42135.7  2.67E-01  3.98E-01  0.00E+00  0.00E+00  0.00E+00
  63 7.59E-02  45460.9  2.52E-01  3.99E-01  0.00E+00  0.00E+00  0.00E+00
  64 1.06E-01  49087.9  2.33E-01  3.99E-01  0.00E+00  0.00E+00  0.00E+00
  65 1.52E-01  53034.3  2.14E-01  3.99E-01  0.00E+00  0.00E+00  0.00E+00
  66 2.24E-01  57324.5  1.99E-01  3.99E-01  0.00E+00  0.00E+00  0.00E+00
  67 3.39E-01  61990.8  1.90E-01  3.99E-01  0.00E+00  0.00E+00  0.00E+00
  68 5.17E-01  67069.3  1.86E-01  3.99E-01  0.00E+00  0.00E+00  0.00E+00
  69 7.91E-01  72599.2  1.87E-01  3.99E-01  0.00E+00  0.00E+00  0.00E+00
  70 1.20E+00  78626.9  1.90E-01  4.00E-01  0.00E+00  0.00E+00  0.00E+00

convective zone between depths (inclusive)   0   0

 end rybsol

**********
 ITERATION:  5
**********

 before inilam
 after inilam
 after linsel
 NTRANS         136
 ilam           1
 after opaini in ilam           1
 after ratsp1i in ilam           1
 after newpop in ilam           1
 after output
 after radpre
 HMIX0  0.59999999999999998     
dad -5.2326E-19 -5.2326E-19 -7.4880E-16

 RYBHEQ in iter   5
   id      dm          dens        pgs0          pra          pradfc      grad        log grad

   1   9.8252E-08   6.1326E-12   9.8240E+00   2.1856E+02   9.2006E+00   1.2849E+04   4.1089E+00
   2   1.3472E-07   7.7471E-12   1.3471E+01   2.1856E+02   6.7467E+00   5.6168E+03   3.7495E+00
   3   1.8422E-07   1.0432E-11   1.8420E+01   2.1856E+02   6.3416E+00   2.3449E+03   3.3701E+00
   4   2.5113E-07   1.4054E-11   2.5112E+01   2.1856E+02   6.0403E+00   2.1606E+03   3.3346E+00
   5   3.4116E-07   1.8917E-11   3.4114E+01   2.1856E+02   5.8113E+00   2.1122E+03   3.3247E+00
   6   4.6154E-07   2.5411E-11   4.6152E+01   2.1856E+02   5.6360E+00   2.1831E+03   3.3391E+00
   7   6.2130E-07   3.4022E-11   6.2128E+01   2.1856E+02   5.4971E+00   2.3864E+03   3.3777E+00
   8   8.3145E-07   4.5326E-11   8.3142E+01   2.1856E+02   5.3785E+00   2.7300E+03   3.4362E+00
   9   1.1051E-06   5.9998E-11   1.1051E+02   2.1856E+02   5.2660E+00   3.2071E+03   3.5061E+00
  10   1.4575E-06   7.8788E-11   1.4575E+02   2.1856E+02   5.1479E+00   3.7951E+03   3.5792E+00
  11   1.9061E-06   1.0255E-10   1.9060E+02   2.1856E+02   5.0219E+00   4.4646E+03   3.6498E+00
  12   2.4705E-06   1.3220E-10   2.4704E+02   2.1856E+02   4.8864E+00   5.1999E+03   3.7160E+00
  13   3.1725E-06   1.6873E-10   3.1724E+02   2.1857E+02   4.7410E+00   5.9868E+03   3.7772E+00
  14   4.0367E-06   2.1323E-10   4.0365E+02   2.1857E+02   4.5877E+00   6.8034E+03   3.8327E+00
  15   5.0906E-06   2.6693E-10   5.0903E+02   2.1858E+02   4.4325E+00   7.6372E+03   3.8829E+00
  16   6.3650E-06   3.3121E-10   6.3646E+02   2.1859E+02   4.2777E+00   8.4964E+03   3.9292E+00
  17   7.8953E-06   4.0757E-10   7.8947E+02   2.1861E+02   4.1241E+00   9.3774E+03   3.9721E+00
  18   9.7220E-06   4.9774E-10   9.7212E+02   2.1863E+02   3.9731E+00   1.0263E+04   4.0113E+00
  19   1.1892E-05   6.0376E-10   1.1891E+03   2.1865E+02   3.8269E+00   1.1141E+04   4.0469E+00
  20   1.4460E-05   7.2813E-10   1.4459E+03   2.1868E+02   3.6887E+00   1.2048E+04   4.0809E+00
  21   1.7489E-05   8.7361E-10   1.7488E+03   2.1872E+02   3.5576E+00   1.3009E+04   4.1142E+00
  22   2.1054E-05   1.0435E-09   2.1052E+03   2.1877E+02   3.4345E+00   1.4018E+04   4.1467E+00
  23   2.5242E-05   1.2419E-09   2.5239E+03   2.1883E+02   3.3204E+00   1.5108E+04   4.1792E+00
  24   3.0153E-05   1.4735E-09   3.0149E+03   2.1891E+02   3.2152E+00   1.6326E+04   4.2129E+00
  25   3.5906E-05   1.7436E-09   3.5902E+03   2.1902E+02   3.1186E+00   1.7710E+04   4.2482E+00
  26   4.2641E-05   2.0588E-09   4.2635E+03   2.1915E+02   3.0297E+00   1.9304E+04   4.2857E+00
  27   5.0519E-05   2.4264E-09   5.0512E+03   2.1931E+02   2.9477E+00   2.1160E+04   4.3255E+00
  28   5.9734E-05   2.8548E-09   5.9724E+03   2.1953E+02   2.8705E+00   2.3321E+04   4.3677E+00
  29   7.0509E-05   3.3536E-09   7.0496E+03   2.1981E+02   2.7965E+00   2.5812E+04   4.4118E+00
  30   8.3107E-05   3.9332E-09   8.3091E+03   2.2017E+02   2.7237E+00   2.8658E+04   4.4572E+00
  31   9.7840E-05   4.6058E-09   9.7819E+03   2.2064E+02   2.6507E+00   3.1856E+04   4.5032E+00
  32   1.1507E-04   5.3847E-09   1.1505E+04   2.2125E+02   2.5764E+00   3.5420E+04   4.5492E+00
  33   1.3524E-04   6.2849E-09   1.3521E+04   2.2204E+02   2.4998E+00   3.9347E+04   4.5949E+00
  34   1.5886E-04   7.3231E-09   1.5882E+04   2.2307E+02   2.4200E+00   4.3624E+04   4.6397E+00
  35   1.8656E-04   8.5183E-09   1.8650E+04   2.2441E+02   2.3369E+00   4.8220E+04   4.6832E+00
  36   2.1907E-04   9.8920E-09   2.1900E+04   2.2613E+02   2.2506E+00   5.3119E+04   4.7253E+00
  37   2.5731E-04   1.1470E-08   2.5721E+04   2.2836E+02   2.1621E+00   5.8287E+04   4.7656E+00
  38   3.0237E-04   1.3277E-08   3.0224E+04   2.3123E+02   2.0701E+00   6.3734E+04   4.8044E+00
  39   3.5561E-04   1.5347E-08   3.5545E+04   2.3492E+02   1.9759E+00   6.9284E+04   4.8406E+00
  40   4.1874E-04   1.7720E-08   4.1853E+04   2.3965E+02   1.8808E+00   7.4850E+04   4.8742E+00
  41   4.9389E-04   2.0445E-08   4.9362E+04   2.4568E+02   1.7859E+00   8.0315E+04   4.9048E+00
  42   5.8382E-04   2.3585E-08   5.8347E+04   2.5337E+02   1.6922E+00   8.5512E+04   4.9320E+00
  43   6.9208E-04   2.7219E-08   6.9163E+04   2.6315E+02   1.6010E+00   9.0279E+04   4.9556E+00
  44   8.2332E-04   3.1449E-08   8.2275E+04   2.7555E+02   1.5133E+00   9.4494E+04   4.9754E+00
  45   9.8371E-04   3.6409E-08   9.8298E+04   2.9127E+02   1.4301E+00   9.8024E+04   4.9913E+00
  46   1.1815E-03   4.2275E-08   1.1806E+05   3.1121E+02   1.3527E+00   1.0079E+05   5.0034E+00
  47   1.4280E-03   4.9284E-08   1.4268E+05   3.3654E+02   1.2820E+00   1.0277E+05   5.0119E+00
  48   1.7385E-03   5.7747E-08   1.7370E+05   3.6884E+02   1.2190E+00   1.0404E+05   5.0172E+00
  49   2.1340E-03   6.8075E-08   2.1321E+05   4.1026E+02   1.1644E+00   1.0473E+05   5.0201E+00
  50   2.6433E-03   8.0800E-08   2.6409E+05   4.6378E+02   1.1186E+00   1.0506E+05   5.0214E+00
  51   3.3065E-03   9.6609E-08   3.3034E+05   5.3368E+02   1.0817E+00   1.0541E+05   5.0229E+00
  52   4.1765E-03   1.1631E-07   4.1724E+05   6.2607E+02   1.0533E+00   1.0620E+05   5.0261E+00
  53   5.3215E-03   1.4083E-07   5.3162E+05   7.4945E+02   1.0327E+00   1.0775E+05   5.0324E+00
  54   6.8312E-03   1.7117E-07   6.8242E+05   9.1607E+02   1.0186E+00   1.1038E+05   5.0429E+00
  55   8.8186E-03   2.0844E-07   8.8093E+05   1.1431E+03   1.0094E+00   1.1423E+05   5.0578E+00
  56   1.1424E-02   2.5375E-07   1.1412E+06   1.4541E+03   1.0039E+00   1.1935E+05   5.0768E+00
  57   1.4823E-02   3.0831E-07   1.4806E+06   1.8813E+03   1.0008E+00   1.2569E+05   5.0993E+00
  58   1.9236E-02   3.7355E-07   1.9214E+06   2.4682E+03   9.9921E-01   1.3298E+05   5.1238E+00
  59   2.4966E-02   4.5155E-07   2.4935E+06   3.2735E+03   9.9871E-01   1.4057E+05   5.1479E+00
  60   3.2458E-02   5.4583E-07   3.2417E+06   4.3764E+03   9.9886E-01   1.4720E+05   5.1679E+00
  61   4.2444E-02   6.6278E-07   4.2387E+06   5.8843E+03   9.9936E-01   1.5101E+05   5.1790E+00
  62   5.6190E-02   8.1393E-07   5.6113E+06   7.9465E+03   9.9989E-01   1.5002E+05   5.1761E+00
  63   7.5940E-02   1.0195E-06   7.5834E+06   1.0771E+04   1.0002E+00   1.4301E+05   5.1554E+00
  64   1.0559E-01   1.3127E-06   1.0545E+07   1.4642E+04   1.0001E+00   1.3054E+05   5.1158E+00
  65   1.5162E-01   1.7448E-06   1.5142E+07   1.9943E+04   9.9987E-01   1.1518E+05   5.0614E+00
  66   2.2422E-01   2.3874E-06   2.2395E+07   2.7209E+04   9.9936E-01   1.0007E+05   5.0003E+00
  67   3.3866E-01   3.3349E-06   3.3829E+07   3.7176E+04   9.9845E-01   8.7094E+04   4.9400E+00
  68   5.1703E-01   4.7063E-06   5.1652E+07   5.0852E+04   9.9676E-01   7.6679E+04   4.8847E+00
  69   7.9061E-01   6.6493E-06   7.8992E+07   6.9604E+04   9.9376E-01   6.8539E+04   4.8359E+00
  70   1.2031E+00   9.3437E-06   1.2021E+08   9.5271E+04   9.8867E-01   6.2227E+04   4.7940E+00
 before if(lfin) F

before psy0 - nfreqe,in       0       2       0       1       0       0       1

 =========  LINEARIZATION, ITER =           5

reint1.1.1.1.1.1.1.1.1.1.1.1.1.1.1.1.1.1.1.1.1.1.1.1.1.1.1.1.1.1.1.1.1.1.1.
     1.1.1.1.1.1.1.1.1.1.1.1.1.1.1.1.1.1.1.1.1.1.1.1.1.1.1.1.1.1.1.1.1.1.1.
redif0.0.0.0.0.0.0.0.0.0.0.0.0.0.0.0.0.0.0.0.0.0.0.0.0.0.0.0.0.0.0.0.0.0.0.
     0.1.1.1.1.1.1.1.1.1.1.1.1.1.1.1.1.1.1.1.1.1.1.1.1.1.1.1.1.1.1.1.1.1.1.
u -2.82E+04 -1.08E-04  8.16E-01  2.00E+00 -3.46E+04 -3.46E+04  4.47E+07  1.82E-08  3.87E-04  3.05E+00
 ===== end of RYBCHN in ITER           5
 conout imod,iprin           1           1


  ID    DM        TEMP      DELTA  DELTA(AD)  CON/TOT  RAD/TOT  (C+R)/TOT


   1 9.83E-08   9915.9  0.00E+00  0.00E+00  0.00E+00  0.00E+00  0.00E+00
   2 1.35E-07  10633.3  4.31E+00  0.00E+00  0.00E+00  0.00E+00  0.00E+00
   3 1.84E-07  10808.8  7.58E-01  0.00E+00  0.00E+00  0.00E+00  0.00E+00
   4 2.51E-07  10941.3  4.28E-01  0.00E+00  0.00E+00  0.00E+00  0.00E+00
   5 3.41E-07  11048.1  2.62E-01  0.00E+00  0.00E+00  0.00E+00  0.00E+00
   6 4.62E-07  11134.9  1.65E-01  0.00E+00  0.00E+00  0.00E+00  0.00E+00
   7 6.21E-07  11206.1  1.07E-01  0.00E+00  0.00E+00  0.00E+00  0.00E+00
   8 8.31E-07  11268.0  7.49E-02  0.00E+00  0.00E+00  0.00E+00  0.00E+00
   9 1.11E-06  11328.0  6.01E-02  0.00E+00  0.00E+00  0.00E+00  0.00E+00
  10 1.46E-06  11392.7  5.51E-02  0.00E+00  0.00E+00  0.00E+00  0.00E+00
  11 1.91E-06  11463.8  5.29E-02  0.00E+00  0.00E+00  0.00E+00  0.00E+00
  12 2.47E-06  11542.8  5.25E-02  0.00E+00  0.00E+00  0.00E+00  0.00E+00
  13 3.17E-06  11630.2  5.31E-02  0.00E+00  0.00E+00  0.00E+00  0.00E+00
  14 4.04E-06  11725.8  5.43E-02  0.00E+00  0.00E+00  0.00E+00  0.00E+00
  15 5.09E-06  11826.8  5.44E-02  0.00E+00  0.00E+00  0.00E+00  0.00E+00
  16 6.36E-06  11931.9  5.45E-02  0.00E+00  0.00E+00  0.00E+00  0.00E+00
  17 7.90E-06  12041.0  5.50E-02  0.00E+00  0.00E+00  0.00E+00  0.00E+00
  18 9.72E-06  12153.6  5.56E-02  0.00E+00  0.00E+00  0.00E+00  0.00E+00
  19 1.19E-05  12268.3  5.58E-02  0.00E+00  0.00E+00  0.00E+00  0.00E+00
  20 1.45E-05  12382.2  5.50E-02  0.00E+00  0.00E+00  0.00E+00  0.00E+00
  21 1.75E-05  12495.6  5.44E-02  0.00E+00  0.00E+00  0.00E+00  0.00E+00
  22 2.11E-05  12607.3  5.33E-02  0.00E+00  0.00E+00  0.00E+00  0.00E+00
  23 2.52E-05  12715.4  5.14E-02  0.00E+00  0.00E+00  0.00E+00  0.00E+00
  24 3.02E-05  12819.4  4.94E-02  0.00E+00  0.00E+00  0.00E+00  0.00E+00
  25 3.59E-05  12919.2  4.73E-02  0.00E+00  0.00E+00  0.00E+00  0.00E+00
  26 4.26E-05  13014.7  4.52E-02  0.00E+00  0.00E+00  0.00E+00  0.00E+00
  27 5.05E-05  13106.6  4.34E-02  0.00E+00  0.00E+00  0.00E+00  0.00E+00
  28 5.97E-05  13197.1  4.26E-02  0.00E+00  0.00E+00  0.00E+00  0.00E+00
  29 7.05E-05  13287.8  4.27E-02  0.00E+00  0.00E+00  0.00E+00  0.00E+00
  30 8.31E-05  13381.2  4.38E-02  0.00E+00  0.00E+00  0.00E+00  0.00E+00
  31 9.78E-05  13479.5  4.59E-02  0.00E+00  0.00E+00  0.00E+00  0.00E+00
  32 1.15E-04  13585.1  4.91E-02  1.59E-01  0.00E+00  0.00E+00  0.00E+00
  33 1.35E-04  13700.3  5.32E-02  1.58E-01  0.00E+00  0.00E+00  0.00E+00
  34 1.59E-04  13827.8  5.84E-02  1.57E-01  0.00E+00  0.00E+00  0.00E+00
  35 1.87E-04  13970.0  6.44E-02  1.58E-01  0.00E+00  0.00E+00  0.00E+00
  36 2.19E-04  14129.1  7.12E-02  1.59E-01  0.00E+00  0.00E+00  0.00E+00
  37 2.57E-04  14306.5  7.82E-02  1.61E-01  0.00E+00  0.00E+00  0.00E+00
  38 3.02E-04  14508.3  8.74E-02  1.64E-01  0.00E+00  0.00E+00  0.00E+00
  39 3.56E-04  14736.3  9.68E-02  1.68E-01  0.00E+00  0.00E+00  0.00E+00
  40 4.19E-04  14993.5  1.06E-01  1.73E-01  0.00E+00  0.00E+00  0.00E+00
  41 4.94E-04  15283.6  1.17E-01  1.80E-01  0.00E+00  0.00E+00  0.00E+00
  42 5.84E-04  15610.5  1.27E-01  1.89E-01  0.00E+00  0.00E+00  0.00E+00
  43 6.92E-04  15978.7  1.38E-01  1.99E-01  0.00E+00  0.00E+00  0.00E+00
  44 8.23E-04  16393.0  1.48E-01  2.12E-01  0.00E+00  0.00E+00  0.00E+00
  45 9.84E-04  16858.5  1.58E-01  2.27E-01  0.00E+00  0.00E+00  0.00E+00
  46 1.18E-03  17380.1  1.67E-01  2.43E-01  0.00E+00  0.00E+00  0.00E+00
  47 1.43E-03  17962.8  1.74E-01  2.61E-01  0.00E+00  0.00E+00  0.00E+00
  48 1.74E-03  18612.3  1.81E-01  2.80E-01  0.00E+00  0.00E+00  0.00E+00
  49 2.13E-03  19334.6  1.86E-01  2.98E-01  0.00E+00  0.00E+00  0.00E+00
  50 2.64E-03  20137.3  1.90E-01  3.16E-01  0.00E+00  0.00E+00  0.00E+00
  51 3.31E-03  21032.6  1.94E-01  3.32E-01  0.00E+00  0.00E+00  0.00E+00
  52 4.18E-03  22035.0  1.99E-01  3.46E-01  0.00E+00  0.00E+00  0.00E+00
  53 5.32E-03  23162.5  2.06E-01  3.59E-01  0.00E+00  0.00E+00  0.00E+00
  54 6.83E-03  24438.7  2.15E-01  3.69E-01  0.00E+00  0.00E+00  0.00E+00
  55 8.82E-03  25887.8  2.26E-01  3.77E-01  0.00E+00  0.00E+00  0.00E+00
  56 1.14E-02  27531.1  2.38E-01  3.84E-01  0.00E+00  0.00E+00  0.00E+00
  57 1.48E-02  29385.0  2.50E-01  3.89E-01  0.00E+00  0.00E+00  0.00E+00
  58 1.92E-02  31461.1  2.62E-01  3.92E-01  0.00E+00  0.00E+00  0.00E+00
  59 2.50E-02  33766.7  2.71E-01  3.95E-01  0.00E+00  0.00E+00  0.00E+00
  60 3.25E-02  36307.6  2.76E-01  3.96E-01  0.00E+00  0.00E+00  0.00E+00
  61 4.24E-02  39091.9  2.75E-01  3.97E-01  0.00E+00  0.00E+00  0.00E+00
  62 5.62E-02  42135.7  2.67E-01  3.98E-01  0.00E+00  0.00E+00  0.00E+00
  63 7.59E-02  45460.9  2.52E-01  3.99E-01  0.00E+00  0.00E+00  0.00E+00
  64 1.06E-01  49087.9  2.33E-01  3.99E-01  0.00E+00  0.00E+00  0.00E+00
  65 1.52E-01  53034.3  2.14E-01  3.99E-01  0.00E+00  0.00E+00  0.00E+00
  66 2.24E-01  57324.5  1.99E-01  3.99E-01  0.00E+00  0.00E+00  0.00E+00
  67 3.39E-01  61990.8  1.90E-01  3.99E-01  0.00E+00  0.00E+00  0.00E+00
  68 5.17E-01  67069.3  1.86E-01  3.99E-01  0.00E+00  0.00E+00  0.00E+00
  69 7.91E-01  72599.2  1.87E-01  3.99E-01  0.00E+00  0.00E+00  0.00E+00
  70 1.20E+00  78626.9  1.90E-01  4.00E-01  0.00E+00  0.00E+00  0.00E+00

convective zone between depths (inclusive)   0   0

 end rybsol

**********
 ITERATION:  6
**********

 before inilam
 after inilam
 after linsel
 NTRANS         136
 ilam           1
 after opaini in ilam           1
 after ratsp1i in ilam           1
 after newpop in ilam           1
 after output
 after radpre
 HMIX0  0.59999999999999998     
dad -5.2553E-19 -5.2553E-19 -7.5711E-16

 RYBHEQ in iter   6
   id      dm          dens        pgs0          pra          pradfc      grad        log grad

   1   9.8252E-08   6.0889E-12   9.8241E+00   2.1855E+02   8.9660E+00   1.1945E+04   4.0772E+00
   2   1.3472E-07   7.7575E-12   1.3471E+01   2.1855E+02   6.7805E+00   5.2679E+03   3.7216E+00
   3   1.8422E-07   1.0436E-11   1.8420E+01   2.1855E+02   6.3508E+00   2.4007E+03   3.3803E+00
   4   2.5113E-07   1.4059E-11   2.5112E+01   2.1856E+02   6.0487E+00   2.1737E+03   3.3372E+00
   5   3.4116E-07   1.8923E-11   3.4115E+01   2.1856E+02   5.8182E+00   2.1222E+03   3.3268E+00
   6   4.6154E-07   2.5415E-11   4.6152E+01   2.1856E+02   5.6389E+00   2.1940E+03   3.3412E+00
   7   6.2130E-07   3.4022E-11   6.2128E+01   2.1856E+02   5.4970E+00   2.3932E+03   3.3790E+00
   8   8.3145E-07   4.5324E-11   8.3142E+01   2.1856E+02   5.3772E+00   2.7321E+03   3.4365E+00
   9   1.1051E-06   5.9993E-11   1.1051E+02   2.1856E+02   5.2642E+00   3.2069E+03   3.5061E+00
  10   1.4575E-06   7.8778E-11   1.4575E+02   2.1856E+02   5.1456E+00   3.7933E+03   3.5790E+00
  11   1.9061E-06   1.0253E-10   1.9060E+02   2.1856E+02   5.0192E+00   4.4612E+03   3.6494E+00
  12   2.4705E-06   1.3217E-10   2.4704E+02   2.1856E+02   4.8833E+00   5.1940E+03   3.7155E+00
  13   3.1725E-06   1.6870E-10   3.1724E+02   2.1857E+02   4.7383E+00   5.9786E+03   3.7766E+00
  14   4.0367E-06   2.1320E-10   4.0365E+02   2.1857E+02   4.5857E+00   6.7944E+03   3.8321E+00
  15   5.0906E-06   2.6691E-10   5.0903E+02   2.1858E+02   4.4312E+00   7.6284E+03   3.8824E+00
  16   6.3650E-06   3.3121E-10   6.3646E+02   2.1859E+02   4.2773E+00   8.4883E+03   3.9288E+00
  17   7.8953E-06   4.0759E-10   7.8947E+02   2.1861E+02   4.1246E+00   9.3713E+03   3.9718E+00
  18   9.7220E-06   4.9778E-10   9.7212E+02   2.1863E+02   3.9742E+00   1.0260E+04   4.0111E+00
  19   1.1892E-05   6.0382E-10   1.1891E+03   2.1865E+02   3.8282E+00   1.1142E+04   4.0470E+00
  20   1.4460E-05   7.2820E-10   1.4459E+03   2.1868E+02   3.6897E+00   1.2053E+04   4.0811E+00
  21   1.7489E-05   8.7366E-10   1.7488E+03   2.1872E+02   3.5582E+00   1.3016E+04   4.1145E+00
  22   2.1054E-05   1.0436E-09   2.1052E+03   2.1877E+02   3.4346E+00   1.4025E+04   4.1469E+00
  23   2.5242E-05   1.2419E-09   2.5239E+03   2.1883E+02   3.3202E+00   1.5113E+04   4.1794E+00
  24   3.0153E-05   1.4734E-09   3.0149E+03   2.1891E+02   3.2149E+00   1.6328E+04   4.2129E+00
  25   3.5906E-05   1.7436E-09   3.5902E+03   2.1902E+02   3.1183E+00   1.7710E+04   4.2482E+00
  26   4.2641E-05   2.0587E-09   4.2635E+03   2.1915E+02   3.0295E+00   1.9302E+04   4.2856E+00
  27   5.0519E-05   2.4264E-09   5.0512E+03   2.1931E+02   2.9477E+00   2.1157E+04   4.3255E+00
  28   5.9734E-05   2.8548E-09   5.9724E+03   2.1953E+02   2.8705E+00   2.3320E+04   4.3677E+00
  29   7.0509E-05   3.3536E-09   7.0496E+03   2.1981E+02   2.7964E+00   2.5812E+04   4.4118E+00
  30   8.3107E-05   3.9332E-09   8.3091E+03   2.2017E+02   2.7236E+00   2.8657E+04   4.4572E+00
  31   9.7840E-05   4.6058E-09   9.7819E+03   2.2064E+02   2.6506E+00   3.1856E+04   4.5032E+00
  32   1.1507E-04   5.3846E-09   1.1505E+04   2.2125E+02   2.5763E+00   3.5419E+04   4.5492E+00
  33   1.3524E-04   6.2849E-09   1.3521E+04   2.2204E+02   2.4997E+00   3.9346E+04   4.5949E+00
  34   1.5886E-04   7.3231E-09   1.5882E+04   2.2307E+02   2.4199E+00   4.3623E+04   4.6397E+00
  35   1.8656E-04   8.5182E-09   1.8650E+04   2.2441E+02   2.3368E+00   4.8219E+04   4.6832E+00
  36   2.1907E-04   9.8918E-09   2.1900E+04   2.2613E+02   2.2505E+00   5.3118E+04   4.7252E+00
  37   2.5731E-04   1.1470E-08   2.5721E+04   2.2836E+02   2.1620E+00   5.8285E+04   4.7656E+00
  38   3.0237E-04   1.3277E-08   3.0224E+04   2.3123E+02   2.0700E+00   6.3731E+04   4.8044E+00
  39   3.5561E-04   1.5347E-08   3.5545E+04   2.3492E+02   1.9758E+00   6.9281E+04   4.8406E+00
  40   4.1874E-04   1.7720E-08   4.1853E+04   2.3965E+02   1.8808E+00   7.4847E+04   4.8742E+00
  41   4.9389E-04   2.0445E-08   4.9362E+04   2.4568E+02   1.7859E+00   8.0312E+04   4.9048E+00
  42   5.8382E-04   2.3586E-08   5.8347E+04   2.5337E+02   1.6922E+00   8.5509E+04   4.9320E+00
  43   6.9208E-04   2.7220E-08   6.9163E+04   2.6314E+02   1.6010E+00   9.0278E+04   4.9556E+00
  44   8.2332E-04   3.1450E-08   8.2275E+04   2.7555E+02   1.5133E+00   9.4494E+04   4.9754E+00
  45   9.8371E-04   3.6409E-08   9.8298E+04   2.9127E+02   1.4302E+00   9.8026E+04   4.9913E+00
  46   1.1815E-03   4.2276E-08   1.1806E+05   3.1121E+02   1.3528E+00   1.0079E+05   5.0034E+00
  47   1.4280E-03   4.9284E-08   1.4268E+05   3.3654E+02   1.2821E+00   1.0277E+05   5.0119E+00
  48   1.7385E-03   5.7747E-08   1.7370E+05   3.6884E+02   1.2190E+00   1.0405E+05   5.0172E+00
  49   2.1340E-03   6.8075E-08   2.1321E+05   4.1027E+02   1.1644E+00   1.0474E+05   5.0201E+00
  50   2.6433E-03   8.0800E-08   2.6409E+05   4.6378E+02   1.1186E+00   1.0506E+05   5.0214E+00
  51   3.3065E-03   9.6609E-08   3.3034E+05   5.3369E+02   1.0817E+00   1.0541E+05   5.0229E+00
  52   4.1765E-03   1.1631E-07   4.1724E+05   6.2607E+02   1.0533E+00   1.0620E+05   5.0261E+00
  53   5.3215E-03   1.4083E-07   5.3162E+05   7.4945E+02   1.0327E+00   1.0775E+05   5.0324E+00
  54   6.8312E-03   1.7117E-07   6.8242E+05   9.1607E+02   1.0186E+00   1.1037E+05   5.0429E+00
  55   8.8186E-03   2.0844E-07   8.8093E+05   1.1431E+03   1.0094E+00   1.1423E+05   5.0578E+00
  56   1.1424E-02   2.5375E-07   1.1412E+06   1.4541E+03   1.0039E+00   1.1935E+05   5.0768E+00
  57   1.4823E-02   3.0831E-07   1.4806E+06   1.8813E+03   1.0008E+00   1.2569E+05   5.0993E+00
  58   1.9236E-02   3.7355E-07   1.9214E+06   2.4682E+03   9.9921E-01   1.3298E+05   5.1238E+00
  59   2.4966E-02   4.5155E-07   2.4935E+06   3.2735E+03   9.9871E-01   1.4057E+05   5.1479E+00
  60   3.2458E-02   5.4583E-07   3.2417E+06   4.3764E+03   9.9886E-01   1.4720E+05   5.1679E+00
  61   4.2444E-02   6.6278E-07   4.2387E+06   5.8843E+03   9.9936E-01   1.5101E+05   5.1790E+00
  62   5.6190E-02   8.1393E-07   5.6113E+06   7.9465E+03   9.9989E-01   1.5002E+05   5.1761E+00
  63   7.5940E-02   1.0195E-06   7.5834E+06   1.0771E+04   1.0002E+00   1.4301E+05   5.1554E+00
  64   1.0559E-01   1.3127E-06   1.0545E+07   1.4642E+04   1.0001E+00   1.3054E+05   5.1158E+00
  65   1.5162E-01   1.7448E-06   1.5142E+07   1.9943E+04   9.9987E-01   1.1518E+05   5.0614E+00
  66   2.2422E-01   2.3874E-06   2.2395E+07   2.7209E+04   9.9936E-01   1.0007E+05   5.0003E+00
  67   3.3866E-01   3.3349E-06   3.3829E+07   3.7176E+04   9.9845E-01   8.7094E+04   4.9400E+00
  68   5.1703E-01   4.7063E-06   5.1652E+07   5.0852E+04   9.9676E-01   7.6679E+04   4.8847E+00
  69   7.9061E-01   6.6493E-06   7.8992E+07   6.9604E+04   9.9376E-01   6.8539E+04   4.8359E+00
  70   1.2031E+00   9.3437E-06   1.2021E+08   9.5271E+04   9.8867E-01   6.2227E+04   4.7940E+00
 before if(lfin) F

before psy0 - nfreqe,in       0       2       0       1       0       0       1

 =========  LINEARIZATION, ITER =           6

reint1.1.1.1.1.1.1.1.1.1.1.1.1.1.1.1.1.1.1.1.1.1.1.1.1.1.1.1.1.1.1.1.1.1.1.
     1.1.1.1.1.1.1.1.1.1.1.1.1.1.1.1.1.1.1.1.1.1.1.1.1.1.1.1.1.1.1.1.1.1.1.
redif0.0.0.0.0.0.0.0.0.0.0.0.0.0.0.0.0.0.0.0.0.0.0.0.0.0.0.0.0.0.0.0.0.0.0.
     0.1.1.1.1.1.1.1.1.1.1.1.1.1.1.1.1.1.1.1.1.1.1.1.1.1.1.1.1.1.1.1.1.1.1.
u -2.85E+04 -1.09E-04  8.21E-01  2.00E+00 -3.48E+04 -3.48E+04  4.50E+07  1.82E-08  3.93E-04  3.11E+00
 ===== end of RYBCHN in ITER           6
 conout imod,iprin           1           1


  ID    DM        TEMP      DELTA  DELTA(AD)  CON/TOT  RAD/TOT  (C+R)/TOT


   1 9.83E-08   9921.9  0.00E+00  0.00E+00  0.00E+00  0.00E+00  0.00E+00
   2 1.35E-07  10630.3  4.25E+00  0.00E+00  0.00E+00  0.00E+00  0.00E+00
   3 1.84E-07  10808.0  7.68E-01  0.00E+00  0.00E+00  0.00E+00  0.00E+00
   4 2.51E-07  10940.9  4.29E-01  0.00E+00  0.00E+00  0.00E+00  0.00E+00
   5 3.41E-07  11047.9  2.63E-01  0.00E+00  0.00E+00  0.00E+00  0.00E+00
   6 4.62E-07  11134.9  1.65E-01  0.00E+00  0.00E+00  0.00E+00  0.00E+00
   7 6.21E-07  11206.2  1.07E-01  0.00E+00  0.00E+00  0.00E+00  0.00E+00
   8 8.31E-07  11268.1  7.50E-02  0.00E+00  0.00E+00  0.00E+00  0.00E+00
   9 1.11E-06  11328.1  6.01E-02  0.00E+00  0.00E+00  0.00E+00  0.00E+00
  10 1.46E-06  11392.9  5.52E-02  0.00E+00  0.00E+00  0.00E+00  0.00E+00
  11 1.91E-06  11464.0  5.29E-02  0.00E+00  0.00E+00  0.00E+00  0.00E+00
  12 2.47E-06  11543.0  5.25E-02  0.00E+00  0.00E+00  0.00E+00  0.00E+00
  13 3.17E-06  11630.4  5.31E-02  0.00E+00  0.00E+00  0.00E+00  0.00E+00
  14 4.04E-06  11726.0  5.42E-02  0.00E+00  0.00E+00  0.00E+00  0.00E+00
  15 5.09E-06  11826.9  5.43E-02  0.00E+00  0.00E+00  0.00E+00  0.00E+00
  16 6.36E-06  11932.0  5.44E-02  0.00E+00  0.00E+00  0.00E+00  0.00E+00
  17 7.90E-06  12041.0  5.49E-02  0.00E+00  0.00E+00  0.00E+00  0.00E+00
  18 9.72E-06  12153.5  5.56E-02  0.00E+00  0.00E+00  0.00E+00  0.00E+00
  19 1.19E-05  12268.1  5.58E-02  0.00E+00  0.00E+00  0.00E+00  0.00E+00
  20 1.45E-05  12382.1  5.50E-02  0.00E+00  0.00E+00  0.00E+00  0.00E+00
  21 1.75E-05  12495.6  5.44E-02  0.00E+00  0.00E+00  0.00E+00  0.00E+00
  22 2.11E-05  12607.3  5.33E-02  0.00E+00  0.00E+00  0.00E+00  0.00E+00
  23 2.52E-05  12715.4  5.14E-02  0.00E+00  0.00E+00  0.00E+00  0.00E+00
  24 3.02E-05  12819.5  4.94E-02  0.00E+00  0.00E+00  0.00E+00  0.00E+00
  25 3.59E-05  12919.2  4.73E-02  0.00E+00  0.00E+00  0.00E+00  0.00E+00
  26 4.26E-05  13014.7  4.52E-02  0.00E+00  0.00E+00  0.00E+00  0.00E+00
  27 5.05E-05  13106.6  4.34E-02  0.00E+00  0.00E+00  0.00E+00  0.00E+00
  28 5.97E-05  13197.1  4.26E-02  0.00E+00  0.00E+00  0.00E+00  0.00E+00
  29 7.05E-05  13287.8  4.27E-02  0.00E+00  0.00E+00  0.00E+00  0.00E+00
  30 8.31E-05  13381.2  4.38E-02  0.00E+00  0.00E+00  0.00E+00  0.00E+00
  31 9.78E-05  13479.5  4.59E-02  0.00E+00  0.00E+00  0.00E+00  0.00E+00
  32 1.15E-04  13585.1  4.91E-02  1.59E-01  0.00E+00  0.00E+00  0.00E+00
  33 1.35E-04  13700.3  5.32E-02  1.58E-01  0.00E+00  0.00E+00  0.00E+00
  34 1.59E-04  13827.8  5.84E-02  1.57E-01  0.00E+00  0.00E+00  0.00E+00
  35 1.87E-04  13970.0  6.44E-02  1.58E-01  0.00E+00  0.00E+00  0.00E+00
  36 2.19E-04  14129.1  7.12E-02  1.59E-01  0.00E+00  0.00E+00  0.00E+00
  37 2.57E-04  14306.5  7.82E-02  1.61E-01  0.00E+00  0.00E+00  0.00E+00
  38 3.02E-04  14508.3  8.74E-02  1.64E-01  0.00E+00  0.00E+00  0.00E+00
  39 3.56E-04  14736.3  9.68E-02  1.68E-01  0.00E+00  0.00E+00  0.00E+00
  40 4.19E-04  14993.5  1.06E-01  1.73E-01  0.00E+00  0.00E+00  0.00E+00
  41 4.94E-04  15283.6  1.17E-01  1.80E-01  0.00E+00  0.00E+00  0.00E+00
  42 5.84E-04  15610.5  1.27E-01  1.89E-01  0.00E+00  0.00E+00  0.00E+00
  43 6.92E-04  15978.7  1.38E-01  1.99E-01  0.00E+00  0.00E+00  0.00E+00
  44 8.23E-04  16393.0  1.48E-01  2.12E-01  0.00E+00  0.00E+00  0.00E+00
  45 9.84E-04  16858.4  1.58E-01  2.27E-01  0.00E+00  0.00E+00  0.00E+00
  46 1.18E-03  17380.0  1.67E-01  2.43E-01  0.00E+00  0.00E+00  0.00E+00
  47 1.43E-03  17962.8  1.74E-01  2.61E-01  0.00E+00  0.00E+00  0.00E+00
  48 1.74E-03  18612.3  1.81E-01  2.80E-01  0.00E+00  0.00E+00  0.00E+00
  49 2.13E-03  19334.6  1.86E-01  2.98E-01  0.00E+00  0.00E+00  0.00E+00
  50 2.64E-03  20137.3  1.90E-01  3.16E-01  0.00E+00  0.00E+00  0.00E+00
  51 3.31E-03  21032.6  1.94E-01  3.32E-01  0.00E+00  0.00E+00  0.00E+00
  52 4.18E-03  22035.0  1.99E-01  3.46E-01  0.00E+00  0.00E+00  0.00E+00
  53 5.32E-03  23162.5  2.06E-01  3.59E-01  0.00E+00  0.00E+00  0.00E+00
  54 6.83E-03  24438.7  2.15E-01  3.69E-01  0.00E+00  0.00E+00  0.00E+00
  55 8.82E-03  25887.8  2.26E-01  3.77E-01  0.00E+00  0.00E+00  0.00E+00
  56 1.14E-02  27531.1  2.38E-01  3.84E-01  0.00E+00  0.00E+00  0.00E+00
  57 1.48E-02  29385.0  2.50E-01  3.89E-01  0.00E+00  0.00E+00  0.00E+00
  58 1.92E-02  31461.1  2.62E-01  3.92E-01  0.00E+00  0.00E+00  0.00E+00
  59 2.50E-02  33766.7  2.71E-01  3.95E-01  0.00E+00  0.00E+00  0.00E+00
  60 3.25E-02  36307.6  2.76E-01  3.96E-01  0.00E+00  0.00E+00  0.00E+00
  61 4.24E-02  39091.9  2.75E-01  3.97E-01  0.00E+00  0.00E+00  0.00E+00
  62 5.62E-02  42135.7  2.67E-01  3.98E-01  0.00E+00  0.00E+00  0.00E+00
  63 7.59E-02  45460.9  2.52E-01  3.99E-01  0.00E+00  0.00E+00  0.00E+00
  64 1.06E-01  49087.9  2.33E-01  3.99E-01  0.00E+00  0.00E+00  0.00E+00
  65 1.52E-01  53034.3  2.14E-01  3.99E-01  0.00E+00  0.00E+00  0.00E+00
  66 2.24E-01  57324.5  1.99E-01  3.99E-01  0.00E+00  0.00E+00  0.00E+00
  67 3.39E-01  61990.8  1.90E-01  3.99E-01  0.00E+00  0.00E+00  0.00E+00
  68 5.17E-01  67069.3  1.86E-01  3.99E-01  0.00E+00  0.00E+00  0.00E+00
  69 7.91E-01  72599.2  1.87E-01  3.99E-01  0.00E+00  0.00E+00  0.00E+00
  70 1.20E+00  78626.9  1.90E-01  4.00E-01  0.00E+00  0.00E+00  0.00E+00

convective zone between depths (inclusive)   0   0

 end rybsol

**********
 ITERATION:  7
**********

 before inilam
 after inilam
 after linsel
 NTRANS         136
 ilam           1
 after opaini in ilam           1
 after ratsp1i in ilam           1
 after newpop in ilam           1
 after output
 after radpre
 HMIX0  0.59999999999999998     
dad -5.2603E-19 -5.2603E-19 -7.5898E-16

 RYBHEQ in iter   7
   id      dm          dens        pgs0          pra          pradfc      grad        log grad

   1   9.8252E-08   6.0849E-12   9.8241E+00   2.1855E+02   8.9446E+00   1.1860E+04   4.0741E+00
   2   1.3472E-07   7.7598E-12   1.3471E+01   2.1855E+02   6.7881E+00   5.2329E+03   3.7187E+00
   3   1.8422E-07   1.0437E-11   1.8420E+01   2.1855E+02   6.3525E+00   2.4111E+03   3.3822E+00
   4   2.5113E-07   1.4060E-11   2.5112E+01   2.1855E+02   6.0496E+00   2.1764E+03   3.3377E+00
   5   3.4116E-07   1.8923E-11   3.4115E+01   2.1856E+02   5.8186E+00   2.1237E+03   3.3271E+00
   6   4.6154E-07   2.5415E-11   4.6152E+01   2.1856E+02   5.6389E+00   2.1950E+03   3.3414E+00
   7   6.2130E-07   3.4021E-11   6.2128E+01   2.1856E+02   5.4967E+00   2.3936E+03   3.3791E+00
   8   8.3145E-07   4.5323E-11   8.3142E+01   2.1856E+02   5.3769E+00   2.7320E+03   3.4365E+00
   9   1.1051E-06   5.9992E-11   1.1051E+02   2.1856E+02   5.2639E+00   3.2066E+03   3.5061E+00
  10   1.4575E-06   7.8777E-11   1.4575E+02   2.1856E+02   5.1453E+00   3.7929E+03   3.5790E+00
  11   1.9061E-06   1.0253E-10   1.9060E+02   2.1856E+02   5.0188E+00   4.4606E+03   3.6494E+00
  12   2.4705E-06   1.3217E-10   2.4704E+02   2.1856E+02   4.8829E+00   5.1932E+03   3.7154E+00
  13   3.1725E-06   1.6870E-10   3.1724E+02   2.1857E+02   4.7379E+00   5.9776E+03   3.7765E+00
  14   4.0367E-06   2.1319E-10   4.0365E+02   2.1857E+02   4.5854E+00   6.7933E+03   3.8321E+00
  15   5.0906E-06   2.6691E-10   5.0903E+02   2.1858E+02   4.4310E+00   7.6272E+03   3.8824E+00
  16   6.3650E-06   3.3120E-10   6.3646E+02   2.1859E+02   4.2772E+00   8.4872E+03   3.9288E+00
  17   7.8953E-06   4.0759E-10   7.8947E+02   2.1861E+02   4.1247E+00   9.3704E+03   3.9718E+00
  18   9.7220E-06   4.9779E-10   9.7212E+02   2.1863E+02   3.9744E+00   1.0259E+04   4.0111E+00
  19   1.1892E-05   6.0383E-10   1.1891E+03   2.1865E+02   3.8284E+00   1.1143E+04   4.0470E+00
  20   1.4460E-05   7.2821E-10   1.4459E+03   2.1868E+02   3.6899E+00   1.2053E+04   4.0811E+00
  21   1.7489E-05   8.7366E-10   1.7488E+03   2.1872E+02   3.5583E+00   1.3017E+04   4.1145E+00
  22   2.1054E-05   1.0436E-09   2.1052E+03   2.1877E+02   3.4346E+00   1.4026E+04   4.1469E+00
  23   2.5242E-05   1.2419E-09   2.5239E+03   2.1883E+02   3.3202E+00   1.5114E+04   4.1794E+00
  24   3.0153E-05   1.4734E-09   3.0149E+03   2.1891E+02   3.2149E+00   1.6328E+04   4.2129E+00
  25   3.5906E-05   1.7436E-09   3.5902E+03   2.1902E+02   3.1182E+00   1.7710E+04   4.2482E+00
  26   4.2641E-05   2.0587E-09   4.2635E+03   2.1915E+02   3.0295E+00   1.9302E+04   4.2856E+00
  27   5.0519E-05   2.4264E-09   5.0512E+03   2.1931E+02   2.9477E+00   2.1157E+04   4.3254E+00
  28   5.9734E-05   2.8548E-09   5.9724E+03   2.1953E+02   2.8705E+00   2.3320E+04   4.3677E+00
  29   7.0509E-05   3.3536E-09   7.0496E+03   2.1981E+02   2.7964E+00   2.5812E+04   4.4118E+00
  30   8.3107E-05   3.9332E-09   8.3091E+03   2.2017E+02   2.7236E+00   2.8657E+04   4.4572E+00
  31   9.7840E-05   4.6058E-09   9.7819E+03   2.2064E+02   2.6506E+00   3.1856E+04   4.5032E+00
  32   1.1507E-04   5.3846E-09   1.1505E+04   2.2125E+02   2.5763E+00   3.5419E+04   4.5492E+00
  33   1.3524E-04   6.2849E-09   1.3521E+04   2.2204E+02   2.4997E+00   3.9346E+04   4.5949E+00
  34   1.5886E-04   7.3231E-09   1.5882E+04   2.2307E+02   2.4199E+00   4.3623E+04   4.6397E+00
  35   1.8656E-04   8.5182E-09   1.8650E+04   2.2441E+02   2.3368E+00   4.8219E+04   4.6832E+00
  36   2.1907E-04   9.8918E-09   2.1900E+04   2.2613E+02   2.2505E+00   5.3118E+04   4.7252E+00
  37   2.5731E-04   1.1470E-08   2.5721E+04   2.2836E+02   2.1620E+00   5.8285E+04   4.7656E+00
  38   3.0237E-04   1.3277E-08   3.0224E+04   2.3123E+02   2.0700E+00   6.3731E+04   4.8044E+00
  39   3.5561E-04   1.5347E-08   3.5545E+04   2.3492E+02   1.9758E+00   6.9281E+04   4.8406E+00
  40   4.1874E-04   1.7720E-08   4.1853E+04   2.3965E+02   1.8807E+00   7.4847E+04   4.8742E+00
  41   4.9389E-04   2.0445E-08   4.9362E+04   2.4568E+02   1.7859E+00   8.0312E+04   4.9048E+00
  42   5.8382E-04   2.3586E-08   5.8347E+04   2.5337E+02   1.6922E+00   8.5509E+04   4.9320E+00
  43   6.9208E-04   2.7220E-08   6.9163E+04   2.6314E+02   1.6010E+00   9.0278E+04   4.9556E+00
  44   8.2332E-04   3.1450E-08   8.2275E+04   2.7555E+02   1.5133E+00   9.4494E+04   4.9754E+00
  45   9.8371E-04   3.6409E-08   9.8298E+04   2.9127E+02   1.4302E+00   9.8026E+04   4.9913E+00
  46   1.1815E-03   4.2276E-08   1.1806E+05   3.1121E+02   1.3528E+00   1.0079E+05   5.0034E+00
  47   1.4280E-03   4.9284E-08   1.4268E+05   3.3654E+02   1.2821E+00   1.0277E+05   5.0119E+00
  48   1.7385E-03   5.7747E-08   1.7370E+05   3.6884E+02   1.2190E+00   1.0405E+05   5.0172E+00
  49   2.1340E-03   6.8075E-08   2.1321E+05   4.1027E+02   1.1644E+00   1.0474E+05   5.0201E+00
  50   2.6433E-03   8.0800E-08   2.6409E+05   4.6378E+02   1.1186E+00   1.0506E+05   5.0214E+00
  51   3.3065E-03   9.6609E-08   3.3034E+05   5.3369E+02   1.0817E+00   1.0541E+05   5.0229E+00
  52   4.1765E-03   1.1631E-07   4.1724E+05   6.2607E+02   1.0533E+00   1.0620E+05   5.0261E+00
  53   5.3215E-03   1.4083E-07   5.3162E+05   7.4945E+02   1.0327E+00   1.0775E+05   5.0324E+00
  54   6.8312E-03   1.7117E-07   6.8242E+05   9.1607E+02   1.0186E+00   1.1037E+05   5.0429E+00
  55   8.8186E-03   2.0844E-07   8.8093E+05   1.1431E+03   1.0094E+00   1.1423E+05   5.0578E+00
  56   1.1424E-02   2.5375E-07   1.1412E+06   1.4541E+03   1.0039E+00   1.1935E+05   5.0768E+00
  57   1.4823E-02   3.0831E-07   1.4806E+06   1.8813E+03   1.0008E+00   1.2569E+05   5.0993E+00
  58   1.9236E-02   3.7355E-07   1.9214E+06   2.4682E+03   9.9921E-01   1.3298E+05   5.1238E+00
  59   2.4966E-02   4.5155E-07   2.4935E+06   3.2735E+03   9.9871E-01   1.4057E+05   5.1479E+00
  60   3.2458E-02   5.4583E-07   3.2417E+06   4.3764E+03   9.9886E-01   1.4720E+05   5.1679E+00
  61   4.2444E-02   6.6278E-07   4.2387E+06   5.8843E+03   9.9936E-01   1.5101E+05   5.1790E+00
  62   5.6190E-02   8.1393E-07   5.6113E+06   7.9465E+03   9.9989E-01   1.5002E+05   5.1761E+00
  63   7.5940E-02   1.0195E-06   7.5834E+06   1.0771E+04   1.0002E+00   1.4301E+05   5.1554E+00
  64   1.0559E-01   1.3127E-06   1.0545E+07   1.4642E+04   1.0001E+00   1.3054E+05   5.1158E+00
  65   1.5162E-01   1.7448E-06   1.5142E+07   1.9943E+04   9.9987E-01   1.1518E+05   5.0614E+00
  66   2.2422E-01   2.3874E-06   2.2395E+07   2.7209E+04   9.9936E-01   1.0007E+05   5.0003E+00
  67   3.3866E-01   3.3349E-06   3.3829E+07   3.7176E+04   9.9845E-01   8.7094E+04   4.9400E+00
  68   5.1703E-01   4.7063E-06   5.1652E+07   5.0852E+04   9.9676E-01   7.6679E+04   4.8847E+00
  69   7.9061E-01   6.6493E-06   7.8992E+07   6.9604E+04   9.9376E-01   6.8539E+04   4.8359E+00
  70   1.2031E+00   9.3437E-06   1.2021E+08   9.5271E+04   9.8867E-01   6.2227E+04   4.7940E+00
 before if(lfin) F

before psy0 - nfreqe,in       0       2       0       1       0       0       1

 =========  LINEARIZATION, ITER =           7

reint1.1.1.1.1.1.1.1.1.1.1.1.1.1.1.1.1.1.1.1.1.1.1.1.1.1.1.1.1.1.1.1.1.1.1.
     1.1.1.1.1.1.1.1.1.1.1.1.1.1.1.1.1.1.1.1.1.1.1.1.1.1.1.1.1.1.1.1.1.1.1.
redif0.0.0.0.0.0.0.0.0.0.0.0.0.0.0.0.0.0.0.0.0.0.0.0.0.0.0.0.0.0.0.0.0.0.0.
     0.1.1.1.1.1.1.1.1.1.1.1.1.1.1.1.1.1.1.1.1.1.1.1.1.1.1.1.1.1.1.1.1.1.1.
u -2.86E+04 -1.09E-04  8.21E-01  2.00E+00 -3.48E+04 -3.48E+04  4.50E+07  1.82E-08  3.94E-04  3.12E+00
 ===== end of RYBCHN in ITER           7
 conout imod,iprin           1           1


  ID    DM        TEMP      DELTA  DELTA(AD)  CON/TOT  RAD/TOT  (C+R)/TOT


   1 9.83E-08   9922.3  0.00E+00  0.00E+00  0.00E+00  0.00E+00  0.00E+00
   2 1.35E-07  10629.9  4.25E+00  0.00E+00  0.00E+00  0.00E+00  0.00E+00
   3 1.84E-07  10808.0  7.69E-01  0.00E+00  0.00E+00  0.00E+00  0.00E+00
   4 2.51E-07  10940.9  4.29E-01  0.00E+00  0.00E+00  0.00E+00  0.00E+00
   5 3.41E-07  11047.9  2.63E-01  0.00E+00  0.00E+00  0.00E+00  0.00E+00
   6 4.62E-07  11134.9  1.65E-01  0.00E+00  0.00E+00  0.00E+00  0.00E+00
   7 6.21E-07  11206.2  1.07E-01  0.00E+00  0.00E+00  0.00E+00  0.00E+00
   8 8.31E-07  11268.2  7.50E-02  0.00E+00  0.00E+00  0.00E+00  0.00E+00
   9 1.11E-06  11328.2  6.01E-02  0.00E+00  0.00E+00  0.00E+00  0.00E+00
  10 1.46E-06  11392.9  5.52E-02  0.00E+00  0.00E+00  0.00E+00  0.00E+00
  11 1.91E-06  11464.0  5.29E-02  0.00E+00  0.00E+00  0.00E+00  0.00E+00
  12 2.47E-06  11543.0  5.25E-02  0.00E+00  0.00E+00  0.00E+00  0.00E+00
  13 3.17E-06  11630.4  5.31E-02  0.00E+00  0.00E+00  0.00E+00  0.00E+00
  14 4.04E-06  11726.0  5.42E-02  0.00E+00  0.00E+00  0.00E+00  0.00E+00
  15 5.09E-06  11826.9  5.43E-02  0.00E+00  0.00E+00  0.00E+00  0.00E+00
  16 6.36E-06  11932.0  5.44E-02  0.00E+00  0.00E+00  0.00E+00  0.00E+00
  17 7.90E-06  12041.0  5.49E-02  0.00E+00  0.00E+00  0.00E+00  0.00E+00
  18 9.72E-06  12153.5  5.56E-02  0.00E+00  0.00E+00  0.00E+00  0.00E+00
  19 1.19E-05  12268.1  5.58E-02  0.00E+00  0.00E+00  0.00E+00  0.00E+00
  20 1.45E-05  12382.1  5.50E-02  0.00E+00  0.00E+00  0.00E+00  0.00E+00
  21 1.75E-05  12495.6  5.44E-02  0.00E+00  0.00E+00  0.00E+00  0.00E+00
  22 2.11E-05  12607.3  5.33E-02  0.00E+00  0.00E+00  0.00E+00  0.00E+00
  23 2.52E-05  12715.4  5.14E-02  0.00E+00  0.00E+00  0.00E+00  0.00E+00
  24 3.02E-05  12819.5  4.94E-02  0.00E+00  0.00E+00  0.00E+00  0.00E+00
  25 3.59E-05  12919.2  4.73E-02  0.00E+00  0.00E+00  0.00E+00  0.00E+00
  26 4.26E-05  13014.7  4.52E-02  0.00E+00  0.00E+00  0.00E+00  0.00E+00
  27 5.05E-05  13106.6  4.34E-02  0.00E+00  0.00E+00  0.00E+00  0.00E+00
  28 5.97E-05  13197.1  4.26E-02  0.00E+00  0.00E+00  0.00E+00  0.00E+00
  29 7.05E-05  13287.8  4.27E-02  0.00E+00  0.00E+00  0.00E+00  0.00E+00
  30 8.31E-05  13381.2  4.38E-02  0.00E+00  0.00E+00  0.00E+00  0.00E+00
  31 9.78E-05  13479.5  4.59E-02  0.00E+00  0.00E+00  0.00E+00  0.00E+00
  32 1.15E-04  13585.1  4.91E-02  1.59E-01  0.00E+00  0.00E+00  0.00E+00
  33 1.35E-04  13700.3  5.32E-02  1.58E-01  0.00E+00  0.00E+00  0.00E+00
  34 1.59E-04  13827.8  5.84E-02  1.57E-01  0.00E+00  0.00E+00  0.00E+00
  35 1.87E-04  13970.0  6.44E-02  1.58E-01  0.00E+00  0.00E+00  0.00E+00
  36 2.19E-04  14129.1  7.12E-02  1.59E-01  0.00E+00  0.00E+00  0.00E+00
  37 2.57E-04  14306.5  7.82E-02  1.61E-01  0.00E+00  0.00E+00  0.00E+00
  38 3.02E-04  14508.3  8.74E-02  1.64E-01  0.00E+00  0.00E+00  0.00E+00
  39 3.56E-04  14736.3  9.68E-02  1.68E-01  0.00E+00  0.00E+00  0.00E+00
  40 4.19E-04  14993.5  1.06E-01  1.73E-01  0.00E+00  0.00E+00  0.00E+00
  41 4.94E-04  15283.6  1.17E-01  1.80E-01  0.00E+00  0.00E+00  0.00E+00
  42 5.84E-04  15610.5  1.27E-01  1.89E-01  0.00E+00  0.00E+00  0.00E+00
  43 6.92E-04  15978.7  1.38E-01  1.99E-01  0.00E+00  0.00E+00  0.00E+00
  44 8.23E-04  16393.0  1.48E-01  2.12E-01  0.00E+00  0.00E+00  0.00E+00
  45 9.84E-04  16858.4  1.58E-01  2.27E-01  0.00E+00  0.00E+00  0.00E+00
  46 1.18E-03  17380.0  1.67E-01  2.43E-01  0.00E+00  0.00E+00  0.00E+00
  47 1.43E-03  17962.8  1.74E-01  2.61E-01  0.00E+00  0.00E+00  0.00E+00
  48 1.74E-03  18612.3  1.81E-01  2.80E-01  0.00E+00  0.00E+00  0.00E+00
  49 2.13E-03  19334.6  1.86E-01  2.98E-01  0.00E+00  0.00E+00  0.00E+00
  50 2.64E-03  20137.3  1.90E-01  3.16E-01  0.00E+00  0.00E+00  0.00E+00
  51 3.31E-03  21032.6  1.94E-01  3.32E-01  0.00E+00  0.00E+00  0.00E+00
  52 4.18E-03  22035.0  1.99E-01  3.46E-01  0.00E+00  0.00E+00  0.00E+00
  53 5.32E-03  23162.5  2.06E-01  3.59E-01  0.00E+00  0.00E+00  0.00E+00
  54 6.83E-03  24438.7  2.15E-01  3.69E-01  0.00E+00  0.00E+00  0.00E+00
  55 8.82E-03  25887.8  2.26E-01  3.77E-01  0.00E+00  0.00E+00  0.00E+00
  56 1.14E-02  27531.1  2.38E-01  3.84E-01  0.00E+00  0.00E+00  0.00E+00
  57 1.48E-02  29385.0  2.50E-01  3.89E-01  0.00E+00  0.00E+00  0.00E+00
  58 1.92E-02  31461.1  2.62E-01  3.92E-01  0.00E+00  0.00E+00  0.00E+00
  59 2.50E-02  33766.7  2.71E-01  3.95E-01  0.00E+00  0.00E+00  0.00E+00
  60 3.25E-02  36307.6  2.76E-01  3.96E-01  0.00E+00  0.00E+00  0.00E+00
  61 4.24E-02  39091.9  2.75E-01  3.97E-01  0.00E+00  0.00E+00  0.00E+00
  62 5.62E-02  42135.7  2.67E-01  3.98E-01  0.00E+00  0.00E+00  0.00E+00
  63 7.59E-02  45460.9  2.52E-01  3.99E-01  0.00E+00  0.00E+00  0.00E+00
  64 1.06E-01  49087.9  2.33E-01  3.99E-01  0.00E+00  0.00E+00  0.00E+00
  65 1.52E-01  53034.3  2.14E-01  3.99E-01  0.00E+00  0.00E+00  0.00E+00
  66 2.24E-01  57324.5  1.99E-01  3.99E-01  0.00E+00  0.00E+00  0.00E+00
  67 3.39E-01  61990.8  1.90E-01  3.99E-01  0.00E+00  0.00E+00  0.00E+00
  68 5.17E-01  67069.3  1.86E-01  3.99E-01  0.00E+00  0.00E+00  0.00E+00
  69 7.91E-01  72599.2  1.87E-01  3.99E-01  0.00E+00  0.00E+00  0.00E+00
  70 1.20E+00  78626.9  1.90E-01  4.00E-01  0.00E+00  0.00E+00  0.00E+00

convective zone between depths (inclusive)   0   0

 end rybsol

**********
 ITERATION:  8
**********

 before inilam
 after inilam
 after linsel
 NTRANS         136
 ilam           1
 after opaini in ilam           1
 after ratsp1i in ilam           1
 after newpop in ilam           1
 after output
 ITER  ID    XGRD         FPRAD    log(g_rad)    XGR0        PG+PT      PRAD       d(Ptot)/dm d(PG+PT)/dm

   8   1  1.0000E-01  1.0000E+00  4.0739E+00  1.0000E+07  9.8241E+00  2.1855E+02  1.0000E+08  9.9988E+07
   8   2  3.0000E-01  1.0000E+00  3.7185E+00  3.0000E+07  1.3471E+01  2.1855E+02  1.0000E+08  9.9995E+07
   8   3  5.0000E-01  1.0000E+00  3.3825E+00  5.0000E+07  1.8420E+01  2.1855E+02  1.0000E+08  9.9998E+07
   8   4  7.0000E-01  1.0000E+00  3.3378E+00  7.0000E+07  2.5112E+01  2.1855E+02  1.0000E+08  9.9998E+07
   8   5  9.0000E-01  1.0000E+00  3.3271E+00  9.0000E+07  3.4115E+01  2.1856E+02  1.0000E+08  9.9998E+07
   8   6  9.2000E-01  1.0000E+00  3.3414E+00  9.2000E+07  4.6152E+01  2.1856E+02  1.0000E+08  9.9998E+07
   8   7  9.4000E-01  1.0000E+00  3.3791E+00  9.4000E+07  6.2128E+01  2.1856E+02  1.0000E+08  9.9998E+07
   8   8  9.6000E-01  1.0000E+00  3.4365E+00  9.6000E+07  8.3142E+01  2.1856E+02  1.0000E+08  9.9997E+07
   8   9  9.8000E-01  1.0000E+00  3.5060E+00  9.8000E+07  1.1051E+02  2.1856E+02  1.0000E+08  9.9997E+07
   8  10  9.9000E-01  1.0000E+00  3.5790E+00  9.9000E+07  1.4575E+02  2.1856E+02  1.0000E+08  9.9996E+07
   8  11  9.9000E-01  1.0000E+00  3.6494E+00  9.9000E+07  1.9060E+02  2.1856E+02  1.0000E+08  9.9996E+07
   8  12  9.9000E-01  1.0000E+00  3.7154E+00  9.9000E+07  2.4704E+02  2.1856E+02  1.0000E+08  9.9995E+07
   8  13  9.9000E-01  1.0000E+00  3.7765E+00  9.9000E+07  3.1724E+02  2.1857E+02  1.0000E+08  9.9994E+07
   8  14  9.9000E-01  1.0000E+00  3.8321E+00  9.9000E+07  4.0365E+02  2.1857E+02  1.0000E+08  9.9993E+07
   8  15  9.9000E-01  1.0000E+00  3.8824E+00  9.9000E+07  5.0903E+02  2.1858E+02  1.0000E+08  9.9992E+07
   8  16  9.9000E-01  1.0000E+00  3.9288E+00  9.9000E+07  6.3646E+02  2.1859E+02  1.0000E+08  9.9992E+07
   8  17  9.9000E-01  1.0000E+00  3.9717E+00  9.9000E+07  7.8947E+02  2.1861E+02  1.0000E+08  9.9991E+07
   8  18  9.9000E-01  1.0000E+00  4.0111E+00  9.9000E+07  9.7212E+02  2.1863E+02  1.0000E+08  9.9990E+07
   8  19  9.9000E-01  1.0000E+00  4.0470E+00  9.9000E+07  1.1891E+03  2.1865E+02  1.0000E+08  9.9989E+07
   8  20  9.9000E-01  1.0000E+00  4.0811E+00  9.9000E+07  1.4459E+03  2.1868E+02  1.0000E+08  9.9988E+07
   8  21  9.9000E-01  1.0000E+00  4.1145E+00  9.9000E+07  1.7488E+03  2.1872E+02  1.0000E+08  9.9987E+07
   8  22  9.9000E-01  1.0000E+00  4.1469E+00  9.9000E+07  2.1052E+03  2.1877E+02  1.0000E+08  9.9986E+07
   8  23  9.9000E-01  1.0000E+00  4.1794E+00  9.9000E+07  2.5239E+03  2.1883E+02  1.0000E+08  9.9985E+07
   8  24  9.9000E-01  1.0000E+00  4.2129E+00  9.9000E+07  3.0149E+03  2.1891E+02  1.0000E+08  9.9984E+07
   8  25  9.9000E-01  1.0000E+00  4.2482E+00  9.9000E+07  3.5902E+03  2.1902E+02  1.0000E+08  9.9982E+07
   8  26  9.9000E-01  1.0000E+00  4.2856E+00  9.9000E+07  4.2635E+03  2.1915E+02  1.0000E+08  9.9981E+07
   8  27  9.9000E-01  1.0000E+00  4.3254E+00  9.9000E+07  5.0512E+03  2.1931E+02  1.0000E+08  9.9979E+07
   8  28  9.9000E-01  1.0000E+00  4.3677E+00  9.9000E+07  5.9724E+03  2.1953E+02  1.0000E+08  9.9977E+07
   8  29  9.9000E-01  1.0000E+00  4.4118E+00  9.9000E+07  7.0496E+03  2.1981E+02  1.0000E+08  9.9974E+07
   8  30  9.9000E-01  1.0000E+00  4.4572E+00  9.9000E+07  8.3091E+03  2.2017E+02  1.0000E+08  9.9971E+07
   8  31  9.9000E-01  1.0000E+00  4.5032E+00  9.9000E+07  9.7819E+03  2.2064E+02  1.0000E+08  9.9968E+07
   8  32  9.9000E-01  1.0000E+00  4.5492E+00  9.9000E+07  1.1505E+04  2.2125E+02  1.0000E+08  9.9965E+07
   8  33  9.9000E-01  1.0000E+00  4.5949E+00  9.9000E+07  1.3521E+04  2.2204E+02  1.0000E+08  9.9961E+07
   8  34  9.9000E-01  1.0000E+00  4.6397E+00  9.9000E+07  1.5882E+04  2.2307E+02  1.0000E+08  9.9956E+07
   8  35  9.9000E-01  1.0000E+00  4.6832E+00  9.9000E+07  1.8650E+04  2.2441E+02  1.0000E+08  9.9952E+07
   8  36  9.9000E-01  1.0000E+00  4.7252E+00  9.9000E+07  2.1900E+04  2.2613E+02  1.0000E+08  9.9947E+07
   8  37  9.9000E-01  1.0000E+00  4.7656E+00  9.9000E+07  2.5721E+04  2.2836E+02  1.0000E+08  9.9942E+07
   8  38  9.9000E-01  1.0000E+00  4.8044E+00  9.9000E+07  3.0224E+04  2.3123E+02  1.0000E+08  9.9936E+07
   8  39  9.9000E-01  1.0000E+00  4.8406E+00  9.9000E+07  3.5545E+04  2.3492E+02  1.0000E+08  9.9931E+07
   8  40  9.9000E-01  1.0000E+00  4.8742E+00  9.9000E+07  4.1853E+04  2.3965E+02  1.0000E+08  9.9925E+07
   8  41  9.9000E-01  1.0000E+00  4.9048E+00  9.9000E+07  4.9362E+04  2.4568E+02  1.0000E+08  9.9920E+07
   8  42  9.9000E-01  1.0000E+00  4.9320E+00  9.9000E+07  5.8347E+04  2.5337E+02  1.0000E+08  9.9915E+07
   8  43  9.9000E-01  1.0000E+00  4.9556E+00  9.9000E+07  6.9163E+04  2.6314E+02  1.0000E+08  9.9910E+07
   8  44  9.9000E-01  1.0000E+00  4.9754E+00  9.9000E+07  8.2275E+04  2.7555E+02  1.0000E+08  9.9906E+07
   8  45  9.9000E-01  1.0000E+00  4.9913E+00  9.9000E+07  9.8298E+04  2.9127E+02  1.0000E+08  9.9902E+07
   8  46  9.9000E-01  1.0000E+00  5.0034E+00  9.9000E+07  1.1806E+05  3.1121E+02  1.0000E+08  9.9899E+07
   8  47  9.9000E-01  1.0000E+00  5.0119E+00  9.9000E+07  1.4268E+05  3.3654E+02  1.0000E+08  9.9897E+07
   8  48  9.9000E-01  1.0000E+00  5.0172E+00  9.9000E+07  1.7370E+05  3.6884E+02  1.0000E+08  9.9896E+07
   8  49  9.9000E-01  1.0000E+00  5.0201E+00  9.9000E+07  2.1321E+05  4.1027E+02  1.0000E+08  9.9895E+07
   8  50  9.9000E-01  1.0000E+00  5.0214E+00  9.9000E+07  2.6409E+05  4.6378E+02  1.0000E+08  9.9895E+07
   8  51  9.9000E-01  1.0000E+00  5.0229E+00  9.9000E+07  3.3034E+05  5.3369E+02  1.0000E+08  9.9895E+07
   8  52  9.9000E-01  1.0000E+00  5.0261E+00  9.9000E+07  4.1724E+05  6.2607E+02  1.0000E+08  9.9894E+07
   8  53  9.9000E-01  1.0000E+00  5.0324E+00  9.9000E+07  5.3162E+05  7.4945E+02  1.0000E+08  9.9892E+07
   8  54  9.9000E-01  1.0000E+00  5.0429E+00  9.9000E+07  6.8242E+05  9.1607E+02  1.0000E+08  9.9890E+07
   8  55  9.9000E-01  1.0000E+00  5.0578E+00  9.9000E+07  8.8093E+05  1.1431E+03  1.0000E+08  9.9886E+07
   8  56  9.9000E-01  1.0000E+00  5.0768E+00  9.9000E+07  1.1412E+06  1.4541E+03  1.0000E+08  9.9881E+07
   8  57  9.9000E-01  1.0000E+00  5.0993E+00  9.9000E+07  1.4806E+06  1.8813E+03  1.0000E+08  9.9874E+07
   8  58  9.9000E-01  1.0000E+00  5.1238E+00  9.9000E+07  1.9214E+06  2.4682E+03  1.0000E+08  9.9867E+07
   8  59  9.9000E-01  1.0000E+00  5.1479E+00  9.9000E+07  2.4935E+06  3.2735E+03  1.0000E+08  9.9859E+07
   8  60  9.9000E-01  1.0000E+00  5.1679E+00  9.9000E+07  3.2417E+06  4.3764E+03  1.0000E+08  9.9853E+07
   8  61  9.9000E-01  1.0000E+00  5.1790E+00  9.9000E+07  4.2387E+06  5.8843E+03  1.0000E+08  9.9849E+07
   8  62  9.9000E-01  1.0000E+00  5.1761E+00  9.9000E+07  5.6113E+06  7.9465E+03  1.0000E+08  9.9850E+07
   8  63  9.9000E-01  1.0000E+00  5.1554E+00  9.9000E+07  7.5834E+06  1.0771E+04  1.0000E+08  9.9857E+07
   8  64  9.9000E-01  1.0000E+00  5.1158E+00  9.9000E+07  1.0545E+07  1.4642E+04  1.0000E+08  9.9869E+07
   8  65  9.9000E-01  1.0000E+00  5.0614E+00  9.9000E+07  1.5142E+07  1.9943E+04  1.0000E+08  9.9885E+07
   8  66  9.9000E-01  1.0000E+00  5.0003E+00  9.9000E+07  2.2395E+07  2.7209E+04  1.0000E+08  9.9900E+07
   8  67  9.9000E-01  1.0000E+00  4.9400E+00  9.9000E+07  3.3829E+07  3.7176E+04  1.0000E+08  9.9913E+07
   8  68  9.9000E-01  1.0000E+00  4.8847E+00  9.9000E+07  5.1652E+07  5.0852E+04  1.0000E+08  9.9923E+07
   8  69  9.9000E-01  1.0000E+00  4.8359E+00  9.9000E+07  7.8992E+07  6.9604E+04  1.0000E+08  9.9931E+07
 after radpre
 HMIX0  0.59999999999999998     

* CONVECTIVE FLUX: RESOLV; GLOBAL ITERATION =  7

 conout imod,iprin           1           1


  ID    DM        TEMP      DELTA  DELTA(AD)  CON/TOT  RAD/TOT  (C+R)/TOT


   1 9.83E-08   9922.3  0.00E+00  0.00E+00  0.00E+00  1.00E+00  1.00E+00
   2 1.35E-07  10629.9  4.25E+00  0.00E+00  0.00E+00  1.00E+00  1.00E+00
   3 1.84E-07  10808.0  7.69E-01  0.00E+00  0.00E+00  1.00E+00  1.00E+00
   4 2.51E-07  10940.9  4.29E-01  0.00E+00  0.00E+00  1.00E+00  1.00E+00
   5 3.41E-07  11047.9  2.63E-01  0.00E+00  0.00E+00  1.00E+00  1.00E+00
   6 4.62E-07  11134.9  1.65E-01  0.00E+00  0.00E+00  1.00E+00  1.00E+00
   7 6.21E-07  11206.2  1.07E-01  0.00E+00  0.00E+00  1.00E+00  1.00E+00
   8 8.31E-07  11268.2  7.50E-02  0.00E+00  0.00E+00  1.00E+00  1.00E+00
   9 1.11E-06  11328.2  6.01E-02  0.00E+00  0.00E+00  1.00E+00  1.00E+00
  10 1.46E-06  11392.9  5.52E-02  0.00E+00  0.00E+00  1.00E+00  1.00E+00
  11 1.91E-06  11464.0  5.29E-02  0.00E+00  0.00E+00  1.00E+00  1.00E+00
  12 2.47E-06  11543.0  5.25E-02  0.00E+00  0.00E+00  1.00E+00  1.00E+00
  13 3.17E-06  11630.4  5.31E-02  0.00E+00  0.00E+00  1.00E+00  1.00E+00
  14 4.04E-06  11726.0  5.42E-02  0.00E+00  0.00E+00  1.00E+00  1.00E+00
  15 5.09E-06  11826.9  5.43E-02  0.00E+00  0.00E+00  1.00E+00  1.00E+00
  16 6.36E-06  11932.0  5.44E-02  0.00E+00  0.00E+00  1.00E+00  1.00E+00
  17 7.90E-06  12041.0  5.49E-02  0.00E+00  0.00E+00  1.00E+00  1.00E+00
  18 9.72E-06  12153.5  5.56E-02  0.00E+00  0.00E+00  1.00E+00  1.00E+00
  19 1.19E-05  12268.1  5.58E-02  0.00E+00  0.00E+00  1.00E+00  1.00E+00
  20 1.45E-05  12382.1  5.50E-02  0.00E+00  0.00E+00  1.00E+00  1.00E+00
  21 1.75E-05  12495.6  5.44E-02  0.00E+00  0.00E+00  1.00E+00  1.00E+00
  22 2.11E-05  12607.3  5.33E-02  0.00E+00  0.00E+00  1.00E+00  1.00E+00
  23 2.52E-05  12715.4  5.14E-02  0.00E+00  0.00E+00  1.00E+00  1.00E+00
  24 3.02E-05  12819.5  4.94E-02  0.00E+00  0.00E+00  1.00E+00  1.00E+00
  25 3.59E-05  12919.2  4.73E-02  0.00E+00  0.00E+00  1.00E+00  1.00E+00
  26 4.26E-05  13014.7  4.52E-02  0.00E+00  0.00E+00  1.00E+00  1.00E+00
  27 5.05E-05  13106.6  4.34E-02  0.00E+00  0.00E+00  1.00E+00  1.00E+00
  28 5.97E-05  13197.1  4.26E-02  0.00E+00  0.00E+00  1.00E+00  1.00E+00
  29 7.05E-05  13287.8  4.27E-02  0.00E+00  0.00E+00  1.00E+00  1.00E+00
  30 8.31E-05  13381.2  4.38E-02  0.00E+00  0.00E+00  1.00E+00  1.00E+00
  31 9.78E-05  13479.5  4.59E-02  0.00E+00  0.00E+00  1.00E+00  1.00E+00
  32 1.15E-04  13585.1  4.91E-02  1.59E-01  0.00E+00  1.00E+00  1.00E+00
  33 1.35E-04  13700.3  5.32E-02  1.58E-01  0.00E+00  1.00E+00  1.00E+00
  34 1.59E-04  13827.8  5.84E-02  1.57E-01  0.00E+00  1.00E+00  1.00E+00
  35 1.87E-04  13970.0  6.44E-02  1.58E-01  0.00E+00  1.00E+00  1.00E+00
  36 2.19E-04  14129.1  7.12E-02  1.59E-01  0.00E+00  1.00E+00  1.00E+00
  37 2.57E-04  14306.5  7.82E-02  1.61E-01  0.00E+00  1.00E+00  1.00E+00
  38 3.02E-04  14508.3  8.74E-02  1.64E-01  0.00E+00  1.00E+00  1.00E+00
  39 3.56E-04  14736.3  9.68E-02  1.68E-01  0.00E+00  1.00E+00  1.00E+00
  40 4.19E-04  14993.5  1.06E-01  1.73E-01  0.00E+00  1.00E+00  1.00E+00
  41 4.94E-04  15283.6  1.17E-01  1.80E-01  0.00E+00  1.00E+00  1.00E+00
  42 5.84E-04  15610.5  1.27E-01  1.89E-01  0.00E+00  1.00E+00  1.00E+00
  43 6.92E-04  15978.7  1.38E-01  1.99E-01  0.00E+00  1.00E+00  1.00E+00
  44 8.23E-04  16393.0  1.48E-01  2.12E-01  0.00E+00  1.00E+00  1.00E+00
  45 9.84E-04  16858.4  1.58E-01  2.27E-01  0.00E+00  1.00E+00  1.00E+00
  46 1.18E-03  17380.0  1.67E-01  2.43E-01  0.00E+00  1.00E+00  1.00E+00
  47 1.43E-03  17962.8  1.74E-01  2.61E-01  0.00E+00  1.00E+00  1.00E+00
  48 1.74E-03  18612.3  1.81E-01  2.80E-01  0.00E+00  1.00E+00  1.00E+00
  49 2.13E-03  19334.6  1.86E-01  2.98E-01  0.00E+00  1.00E+00  1.00E+00
  50 2.64E-03  20137.3  1.90E-01  3.16E-01  0.00E+00  1.00E+00  1.00E+00
  51 3.31E-03  21032.6  1.94E-01  3.32E-01  0.00E+00  1.00E+00  1.00E+00
  52 4.18E-03  22035.0  1.99E-01  3.46E-01  0.00E+00  1.00E+00  1.00E+00
  53 5.32E-03  23162.5  2.06E-01  3.59E-01  0.00E+00  1.00E+00  1.00E+00
  54 6.83E-03  24438.7  2.15E-01  3.69E-01  0.00E+00  1.00E+00  1.00E+00
  55 8.82E-03  25887.8  2.26E-01  3.77E-01  0.00E+00  1.00E+00  1.00E+00
  56 1.14E-02  27531.1  2.38E-01  3.84E-01  0.00E+00  1.00E+00  1.00E+00
  57 1.48E-02  29385.0  2.50E-01  3.89E-01  0.00E+00  1.00E+00  1.00E+00
  58 1.92E-02  31461.1  2.62E-01  3.92E-01  0.00E+00  1.00E+00  1.00E+00
  59 2.50E-02  33766.7  2.71E-01  3.95E-01  0.00E+00  1.00E+00  1.00E+00
  60 3.25E-02  36307.6  2.76E-01  3.96E-01  0.00E+00  1.00E+00  1.00E+00
  61 4.24E-02  39091.9  2.75E-01  3.97E-01  0.00E+00  1.00E+00  1.00E+00
  62 5.62E-02  42135.7  2.67E-01  3.98E-01  0.00E+00  1.00E+00  1.00E+00
  63 7.59E-02  45460.9  2.52E-01  3.99E-01  0.00E+00  1.00E+00  1.00E+00
  64 1.06E-01  49087.9  2.33E-01  3.99E-01  0.00E+00  1.00E+00  1.00E+00
  65 1.52E-01  53034.3  2.14E-01  3.99E-01  0.00E+00  1.00E+00  1.00E+00
  66 2.24E-01  57324.5  1.99E-01  3.99E-01  0.00E+00  1.00E+00  1.00E+00
  67 3.39E-01  61990.8  1.90E-01  3.99E-01  0.00E+00  1.00E+00  1.00E+00
  68 5.17E-01  67069.3  1.86E-01  3.99E-01  0.00E+00  1.00E+00  1.00E+00
  69 7.91E-01  72599.2  1.87E-01  3.99E-01  0.00E+00  1.00E+00  1.00E+00
  70 1.20E+00  78626.9  1.90E-01  4.00E-01  0.00E+00  1.00E+00  1.00E+00

convective zone between depths (inclusive)   0   0


 RYBHEQ in iter   8
   id      dm          dens        pgs0          pra          pradfc      grad        log grad

   1   9.8252E-08   6.0846E-12   9.8241E+00   2.1855E+02   8.9432E+00   1.1854E+04   4.0739E+00
   2   1.3472E-07   7.7602E-12   1.3471E+01   2.1855E+02   6.7893E+00   5.2299E+03   3.7185E+00
   3   1.8422E-07   1.0437E-11   1.8420E+01   2.1855E+02   6.3527E+00   2.4127E+03   3.3825E+00
   4   2.5113E-07   1.4060E-11   2.5112E+01   2.1855E+02   6.0496E+00   2.1768E+03   3.3378E+00
   5   3.4116E-07   1.8923E-11   3.4115E+01   2.1856E+02   5.8186E+00   2.1238E+03   3.3271E+00
   6   4.6154E-07   2.5415E-11   4.6152E+01   2.1856E+02   5.6388E+00   2.1951E+03   3.3414E+00
   7   6.2130E-07   3.4021E-11   6.2128E+01   2.1856E+02   5.4967E+00   2.3936E+03   3.3791E+00
   8   8.3145E-07   4.5323E-11   8.3142E+01   2.1856E+02   5.3768E+00   2.7320E+03   3.4365E+00
   9   1.1051E-06   5.9992E-11   1.1051E+02   2.1856E+02   5.2638E+00   3.2066E+03   3.5060E+00
  10   1.4575E-06   7.8777E-11   1.4575E+02   2.1856E+02   5.1452E+00   3.7928E+03   3.5790E+00
  11   1.9061E-06   1.0253E-10   1.9060E+02   2.1856E+02   5.0188E+00   4.4605E+03   3.6494E+00
  12   2.4705E-06   1.3217E-10   2.4704E+02   2.1856E+02   4.8829E+00   5.1931E+03   3.7154E+00
  13   3.1725E-06   1.6870E-10   3.1724E+02   2.1857E+02   4.7379E+00   5.9775E+03   3.7765E+00
  14   4.0367E-06   2.1319E-10   4.0365E+02   2.1857E+02   4.5854E+00   6.7931E+03   3.8321E+00
  15   5.0906E-06   2.6691E-10   5.0903E+02   2.1858E+02   4.4310E+00   7.6270E+03   3.8824E+00
  16   6.3650E-06   3.3120E-10   6.3646E+02   2.1859E+02   4.2772E+00   8.4870E+03   3.9288E+00
  17   7.8953E-06   4.0759E-10   7.8947E+02   2.1861E+02   4.1247E+00   9.3702E+03   3.9718E+00
  18   9.7220E-06   4.9779E-10   9.7212E+02   2.1863E+02   3.9744E+00   1.0259E+04   4.0111E+00
  19   1.1892E-05   6.0383E-10   1.1891E+03   2.1865E+02   3.8284E+00   1.1143E+04   4.0470E+00
  20   1.4460E-05   7.2821E-10   1.4459E+03   2.1868E+02   3.6899E+00   1.2054E+04   4.0811E+00
  21   1.7489E-05   8.7367E-10   1.7488E+03   2.1872E+02   3.5583E+00   1.3017E+04   4.1145E+00
  22   2.1054E-05   1.0436E-09   2.1052E+03   2.1877E+02   3.4346E+00   1.4026E+04   4.1469E+00
  23   2.5242E-05   1.2419E-09   2.5239E+03   2.1883E+02   3.3202E+00   1.5114E+04   4.1794E+00
  24   3.0153E-05   1.4734E-09   3.0149E+03   2.1891E+02   3.2149E+00   1.6328E+04   4.2129E+00
  25   3.5906E-05   1.7436E-09   3.5902E+03   2.1902E+02   3.1182E+00   1.7710E+04   4.2482E+00
  26   4.2641E-05   2.0587E-09   4.2635E+03   2.1915E+02   3.0295E+00   1.9302E+04   4.2856E+00
  27   5.0519E-05   2.4264E-09   5.0512E+03   2.1931E+02   2.9477E+00   2.1157E+04   4.3254E+00
  28   5.9734E-05   2.8548E-09   5.9724E+03   2.1953E+02   2.8705E+00   2.3320E+04   4.3677E+00
  29   7.0509E-05   3.3536E-09   7.0496E+03   2.1981E+02   2.7964E+00   2.5812E+04   4.4118E+00
  30   8.3107E-05   3.9332E-09   8.3091E+03   2.2017E+02   2.7236E+00   2.8657E+04   4.4572E+00
  31   9.7840E-05   4.6058E-09   9.7819E+03   2.2064E+02   2.6506E+00   3.1856E+04   4.5032E+00
  32   1.1507E-04   5.3846E-09   1.1505E+04   2.2125E+02   2.5763E+00   3.5419E+04   4.5492E+00
  33   1.3524E-04   6.2849E-09   1.3521E+04   2.2204E+02   2.4997E+00   3.9346E+04   4.5949E+00
  34   1.5886E-04   7.3231E-09   1.5882E+04   2.2307E+02   2.4199E+00   4.3623E+04   4.6397E+00
  35   1.8656E-04   8.5182E-09   1.8650E+04   2.2441E+02   2.3368E+00   4.8219E+04   4.6832E+00
  36   2.1907E-04   9.8918E-09   2.1900E+04   2.2613E+02   2.2505E+00   5.3118E+04   4.7252E+00
  37   2.5731E-04   1.1470E-08   2.5721E+04   2.2836E+02   2.1620E+00   5.8285E+04   4.7656E+00
  38   3.0237E-04   1.3277E-08   3.0224E+04   2.3123E+02   2.0700E+00   6.3731E+04   4.8044E+00
  39   3.5561E-04   1.5347E-08   3.5545E+04   2.3492E+02   1.9758E+00   6.9281E+04   4.8406E+00
  40   4.1874E-04   1.7720E-08   4.1853E+04   2.3965E+02   1.8807E+00   7.4847E+04   4.8742E+00
  41   4.9389E-04   2.0445E-08   4.9362E+04   2.4568E+02   1.7859E+00   8.0312E+04   4.9048E+00
  42   5.8382E-04   2.3586E-08   5.8347E+04   2.5337E+02   1.6922E+00   8.5509E+04   4.9320E+00
  43   6.9208E-04   2.7220E-08   6.9163E+04   2.6314E+02   1.6010E+00   9.0278E+04   4.9556E+00
  44   8.2332E-04   3.1450E-08   8.2275E+04   2.7555E+02   1.5133E+00   9.4494E+04   4.9754E+00
  45   9.8371E-04   3.6409E-08   9.8298E+04   2.9127E+02   1.4302E+00   9.8026E+04   4.9913E+00
  46   1.1815E-03   4.2276E-08   1.1806E+05   3.1121E+02   1.3528E+00   1.0079E+05   5.0034E+00
  47   1.4280E-03   4.9284E-08   1.4268E+05   3.3654E+02   1.2821E+00   1.0277E+05   5.0119E+00
  48   1.7385E-03   5.7747E-08   1.7370E+05   3.6884E+02   1.2190E+00   1.0405E+05   5.0172E+00
  49   2.1340E-03   6.8075E-08   2.1321E+05   4.1027E+02   1.1644E+00   1.0474E+05   5.0201E+00
  50   2.6433E-03   8.0800E-08   2.6409E+05   4.6378E+02   1.1186E+00   1.0506E+05   5.0214E+00
  51   3.3065E-03   9.6608E-08   3.3034E+05   5.3369E+02   1.0817E+00   1.0541E+05   5.0229E+00
  52   4.1765E-03   1.1631E-07   4.1724E+05   6.2607E+02   1.0533E+00   1.0620E+05   5.0261E+00
  53   5.3215E-03   1.4083E-07   5.3162E+05   7.4945E+02   1.0327E+00   1.0775E+05   5.0324E+00
  54   6.8312E-03   1.7117E-07   6.8242E+05   9.1607E+02   1.0186E+00   1.1037E+05   5.0429E+00
  55   8.8186E-03   2.0844E-07   8.8093E+05   1.1431E+03   1.0094E+00   1.1423E+05   5.0578E+00
  56   1.1424E-02   2.5375E-07   1.1412E+06   1.4541E+03   1.0039E+00   1.1935E+05   5.0768E+00
  57   1.4823E-02   3.0831E-07   1.4806E+06   1.8813E+03   1.0008E+00   1.2569E+05   5.0993E+00
  58   1.9236E-02   3.7355E-07   1.9214E+06   2.4682E+03   9.9921E-01   1.3298E+05   5.1238E+00
  59   2.4966E-02   4.5155E-07   2.4935E+06   3.2735E+03   9.9871E-01   1.4057E+05   5.1479E+00
  60   3.2458E-02   5.4583E-07   3.2417E+06   4.3764E+03   9.9886E-01   1.4720E+05   5.1679E+00
  61   4.2444E-02   6.6278E-07   4.2387E+06   5.8843E+03   9.9936E-01   1.5101E+05   5.1790E+00
  62   5.6190E-02   8.1393E-07   5.6113E+06   7.9465E+03   9.9989E-01   1.5002E+05   5.1761E+00
  63   7.5940E-02   1.0195E-06   7.5834E+06   1.0771E+04   1.0002E+00   1.4301E+05   5.1554E+00
  64   1.0559E-01   1.3127E-06   1.0545E+07   1.4642E+04   1.0001E+00   1.3054E+05   5.1158E+00
  65   1.5162E-01   1.7448E-06   1.5142E+07   1.9943E+04   9.9987E-01   1.1518E+05   5.0614E+00
  66   2.2422E-01   2.3874E-06   2.2395E+07   2.7209E+04   9.9936E-01   1.0007E+05   5.0003E+00
  67   3.3866E-01   3.3349E-06   3.3829E+07   3.7176E+04   9.9845E-01   8.7094E+04   4.9400E+00
  68   5.1703E-01   4.7063E-06   5.1652E+07   5.0852E+04   9.9676E-01   7.6679E+04   4.8847E+00
  69   7.9061E-01   6.6493E-06   7.8992E+07   6.9604E+04   9.9376E-01   6.8539E+04   4.8359E+00
  70   1.2031E+00   9.3437E-06   1.2021E+08   9.5271E+04   9.8867E-01   6.2227E+04   4.7940E+00
 before if(lfin) T

 ************************************
 FINAL RESULTS:
 
 MODEL QUANTITIES IN  7. ITERATION
 ************************************

 TOTAL SURFACE FLUX 7.21845415D+11

 ----------------------
 FINAL MODEL ATMOSPHERE
 ----------------------
  ID    MASS      TAUROSS     TEMP       NE         DENS      P_gas    LOG(G_rad)   RAD/TOT   CON/TOT  (RAD+CON)/TOT

   1  9.825E-08  5.116E-08    9922.3  3.564E+12  6.085E-12  9.824E+00  5.912E+00  1.000E+00  0.000E+00  1.00003E+00
   2  1.347E-07  8.840E-08   10629.9  4.579E+12  7.760E-12  1.347E+01  1.779E+00  1.000E+00  0.000E+00  1.00003E+00
   3  1.842E-07  1.411E-07   10808.0  6.157E+12  1.044E-11  1.842E+01  1.310E+00  1.000E+00  0.000E+00  1.00003E+00
   4  2.511E-07  2.222E-07   10940.9  8.290E+12  1.406E-11  2.511E+01  1.135E+00  1.000E+00  0.000E+00  1.00003E+00
   5  3.412E-07  3.490E-07   11047.9  1.115E+13  1.892E-11  3.411E+01  9.951E-01  1.000E+00  0.000E+00  1.00003E+00
   6  4.615E-07  5.496E-07   11134.9  1.496E+13  2.542E-11  4.615E+01  8.833E-01  1.000E+00  0.000E+00  1.00003E+00
   7  6.213E-07  8.691E-07   11206.2  1.999E+13  3.402E-11  6.213E+01  7.980E-01  1.000E+00  0.000E+00  1.00003E+00
   8  8.315E-07  1.379E-06   11268.2  2.658E+13  4.532E-11  8.314E+01  7.363E-01  1.000E+00  0.000E+00  1.00003E+00
   9  1.105E-06  2.191E-06   11328.2  3.509E+13  5.999E-11  1.105E+02  6.912E-01  1.000E+00  0.000E+00  1.00003E+00
  10  1.458E-06  3.470E-06   11392.9  4.596E+13  7.878E-11  1.457E+02  6.543E-01  1.000E+00  0.000E+00  1.00003E+00
  11  1.906E-06  5.458E-06   11464.0  5.965E+13  1.025E-10  1.906E+02  6.199E-01  1.000E+00  0.000E+00  1.00003E+00
  12  2.470E-06  8.495E-06   11543.0  7.666E+13  1.322E-10  2.470E+02  5.863E-01  1.000E+00  0.000E+00  1.00003E+00
  13  3.173E-06  1.305E-05   11630.4  9.756E+13  1.687E-10  3.172E+02  5.525E-01  1.000E+00  0.000E+00  1.00003E+00
  14  4.037E-06  1.974E-05   11726.0  1.230E+14  2.132E-10  4.037E+02  5.178E-01  1.000E+00  0.000E+00  1.00003E+00
  15  5.091E-06  2.941E-05   11826.9  1.535E+14  2.669E-10  5.090E+02  4.820E-01  1.000E+00  0.000E+00  1.00003E+00
  16  6.365E-06  4.316E-05   11932.0  1.900E+14  3.312E-10  6.365E+02  4.458E-01  1.000E+00  0.000E+00  1.00003E+00
  17  7.895E-06  6.240E-05   12041.0  2.333E+14  4.076E-10  7.895E+02  4.094E-01  1.000E+00  0.000E+00  1.00003E+00
  18  9.722E-06  8.899E-05   12153.5  2.843E+14  4.978E-10  9.721E+02  3.718E-01  1.000E+00  0.000E+00  1.00003E+00
  19  1.189E-05  1.253E-04   12268.1  3.441E+14  6.038E-10  1.189E+03  3.329E-01  1.000E+00  0.000E+00  1.00003E+00
  20  1.446E-05  1.746E-04   12382.1  4.141E+14  7.282E-10  1.446E+03  2.939E-01  1.000E+00  0.000E+00  1.00003E+00
  21  1.749E-05  2.408E-04   12495.6  4.958E+14  8.737E-10  1.749E+03  2.556E-01  1.000E+00  0.000E+00  1.00003E+00
  22  2.105E-05  3.293E-04   12607.3  5.909E+14  1.044E-09  2.105E+03  2.172E-01  1.000E+00  0.000E+00  1.00003E+00
  23  2.524E-05  4.473E-04   12715.4  7.015E+14  1.242E-09  2.524E+03  1.798E-01  1.000E+00  0.000E+00  1.00003E+00
  24  3.015E-05  6.042E-04   12819.5  8.300E+14  1.473E-09  3.015E+03  1.441E-01  1.000E+00  0.000E+00  1.00003E+00
  25  3.591E-05  8.123E-04   12919.2  9.792E+14  1.744E-09  3.590E+03  1.107E-01  1.000E+00  0.000E+00  1.00003E+00
  26  4.264E-05  1.088E-03   13014.7  1.152E+15  2.059E-09  4.263E+03  7.969E-02  1.000E+00  0.000E+00  1.00003E+00
  27  5.052E-05  1.454E-03   13106.6  1.353E+15  2.426E-09  5.051E+03  5.138E-02  1.000E+00  0.000E+00  1.00003E+00
  28  5.973E-05  1.937E-03   13197.1  1.586E+15  2.855E-09  5.972E+03  2.564E-02  1.000E+00  0.000E+00  1.00003E+00
  29  7.051E-05  2.577E-03   13287.8  1.855E+15  3.354E-09  7.050E+03  1.799E-03  1.000E+00  0.000E+00  1.00002E+00
  30  8.311E-05  3.420E-03   13381.2  2.166E+15  3.933E-09  8.309E+03 -2.070E-02  1.000E+00  0.000E+00  1.00002E+00
  31  9.784E-05  4.531E-03   13479.5  2.526E+15  4.606E-09  9.782E+03 -4.271E-02  1.000E+00  0.000E+00  1.00002E+00
  32  1.151E-04  5.991E-03   13585.1  2.942E+15  5.385E-09  1.150E+04 -6.474E-02  1.000E+00  0.000E+00  1.00002E+00
  33  1.352E-04  7.902E-03   13700.3  3.422E+15  6.285E-09  1.352E+04 -8.737E-02  1.000E+00  0.000E+00  1.00002E+00
  34  1.589E-04  1.040E-02   13827.8  3.978E+15  7.323E-09  1.588E+04 -1.112E-01  1.000E+00  0.000E+00  1.00001E+00
  35  1.866E-04  1.364E-02   13970.0  4.620E+15  8.518E-09  1.865E+04 -1.368E-01  1.000E+00  0.000E+00  1.00001E+00
  36  2.191E-04  1.785E-02   14129.1  5.363E+15  9.892E-09  2.190E+04 -1.645E-01  1.000E+00  0.000E+00  1.00001E+00
  37  2.573E-04  2.329E-02   14306.5  6.223E+15  1.147E-08  2.572E+04 -1.945E-01  1.000E+00  0.000E+00  1.00000E+00
  38  3.024E-04  3.029E-02   14508.3  7.219E+15  1.328E-08  3.022E+04 -2.271E-01  1.000E+00  0.000E+00  1.00000E+00
  39  3.556E-04  3.927E-02   14736.3  8.373E+15  1.535E-08  3.554E+04 -2.633E-01  1.000E+00  0.000E+00  1.00000E+00
  40  4.187E-04  5.075E-02   14993.5  9.714E+15  1.772E-08  4.185E+04 -3.036E-01  1.000E+00  0.000E+00  1.00000E+00
  41  4.939E-04  6.540E-02   15283.6  1.127E+16  2.045E-08  4.936E+04 -3.488E-01  1.000E+00  0.000E+00  1.00000E+00
  42  5.838E-04  8.404E-02   15610.5  1.309E+16  2.359E-08  5.835E+04 -3.995E-01  1.000E+00  0.000E+00  1.00000E+00
  43  6.921E-04  1.077E-01   15978.7  1.522E+16  2.722E-08  6.916E+04 -4.565E-01  1.000E+00  0.000E+00  1.00000E+00
  44  8.233E-04  1.379E-01   16393.0  1.771E+16  3.145E-08  8.227E+04 -5.203E-01  1.000E+00  0.000E+00  1.00000E+00
  45  9.837E-04  1.762E-01   16858.4  2.065E+16  3.641E-08  9.830E+04 -5.915E-01  1.000E+00  0.000E+00  1.00000E+00
  46  1.182E-03  2.253E-01   17380.0  2.414E+16  4.228E-08  1.181E+05 -6.705E-01  1.000E+00  0.000E+00  1.00000E+00
  47  1.428E-03  2.883E-01   17962.8  2.832E+16  4.928E-08  1.427E+05 -7.575E-01  1.000E+00  0.000E+00  1.00000E+00
  48  1.738E-03  3.700E-01   18612.3  3.336E+16  5.775E-08  1.737E+05 -8.524E-01  1.000E+00  0.000E+00  1.00000E+00
  49  2.134E-03  4.772E-01   19334.6  3.952E+16  6.807E-08  2.132E+05 -9.547E-01  1.000E+00  0.000E+00  1.00000E+00
  50  2.643E-03  6.196E-01   20137.3  4.709E+16  8.080E-08  2.641E+05 -1.063E+00  1.000E+00  0.000E+00  1.00000E+00
  51  3.307E-03  8.117E-01   21032.6  5.649E+16  9.661E-08  3.303E+05 -1.176E+00  1.000E+00  0.000E+00  1.00000E+00
  52  4.176E-03  1.075E+00   22035.0  6.820E+16  1.163E-07  4.172E+05 -1.291E+00  1.000E+00  0.000E+00  1.00000E+00
  53  5.322E-03  1.438E+00   23162.5  8.276E+16  1.408E-07  5.316E+05 -1.404E+00  1.000E+00  0.000E+00  1.00000E+00
  54  6.831E-03  1.943E+00   24438.7  1.008E+17  1.712E-07  6.824E+05 -1.514E+00  1.000E+00  0.000E+00  1.00000E+00
  55  8.819E-03  2.649E+00   25887.8  1.229E+17  2.084E-07  8.809E+05 -1.618E+00  1.000E+00  0.000E+00  1.00000E+00
  56  1.142E-02  3.632E+00   27531.1  1.498E+17  2.538E-07  1.141E+06 -1.717E+00  1.000E+00  0.000E+00  1.00000E+00
  57  1.482E-02  5.001E+00   29385.0  1.822E+17  3.083E-07  1.481E+06 -1.810E+00  1.000E+00  0.000E+00  1.00000E+00
  58  1.924E-02  6.898E+00   31461.1  2.209E+17  3.735E-07  1.921E+06 -1.899E+00  1.000E+00  0.000E+00  1.00000E+00
  59  2.497E-02  9.517E+00   33766.7  2.672E+17  4.515E-07  2.494E+06 -1.988E+00  1.000E+00  0.000E+00  1.00000E+00
  60  3.246E-02  1.312E+01   36307.6  3.231E+17  5.458E-07  3.242E+06 -2.084E+00  1.000E+00  0.000E+00  1.00000E+00
  61  4.244E-02  1.807E+01   39091.9  3.925E+17  6.628E-07  4.239E+06 -2.198E+00  1.000E+00  0.000E+00  1.00000E+00
  62  5.619E-02  2.484E+01   42135.7  4.821E+17  8.139E-07  5.611E+06 -2.340E+00  1.000E+00  0.000E+00  1.00000E+00
  63  7.594E-02  3.413E+01   45460.9  6.039E+17  1.019E-06  7.583E+06 -2.518E+00  1.000E+00  0.000E+00  1.00000E+00
  64  1.056E-01  4.686E+01   49087.9  7.777E+17  1.313E-06  1.054E+07 -2.734E+00  1.000E+00  0.000E+00  1.00000E+00
  65  1.516E-01  6.435E+01   53034.3  1.034E+18  1.745E-06  1.514E+07 -2.979E+00  1.000E+00  0.000E+00  1.00000E+00
  66  2.242E-01  8.841E+01   57324.5  1.414E+18  2.387E-06  2.240E+07 -3.238E+00  1.000E+00  0.000E+00  1.00000E+00
  67  3.387E-01  1.215E+02   61990.8  1.976E+18  3.335E-06  3.383E+07 -3.496E+00  1.000E+00  0.000E+00  1.00000E+00
  68  5.170E-01  1.670E+02   67069.3  2.788E+18  4.706E-06  5.165E+07 -3.744E+00  1.000E+00  0.000E+00  1.00000E+00
  69  7.906E-01  2.293E+02   72599.2  3.939E+18  6.649E-06  7.899E+07 -3.979E+00  1.000E+00  0.000E+00  1.00000E+00
  70  1.203E+00  3.147E+02   78626.9  5.535E+18  9.344E-06  1.202E+08 -3.979E+00  1.000E+00  0.000E+00  1.00000E+00
 after outpri           0          30 T
