
 run with tlusty3.01-BETA generated on 11 Jun 2026


 *******************************
  M O D E L   A T M O S P H E R E
  *******************************

 TEFF   =    20000.
 LOG G  =      8.50


  INPUT KEYWORD PARAMETERS:
  -------------------------
 IFRYB=1,iFMOL=1,IHYDPR=2,IFENTR=1                                               
 IQUASI=1,NUNALP=3,NUNBET=3,NUNGAM=3                                             
 IPRINT=1,IPRING=0,CHMAX=1.e-4                                                   
 HMIX0=0.6,MLTYPE=2,ITEK=150,IACC=150                                            
 OPRMIN=1.e-3,ABROS0=1.                                                          
 TAUDIV=1.e-2,IDLST=0                                                            
 NDCGAP=5,ICONRE=0,IDEEPC=3                                                      
 ILGDER=1,CRFLIM=-10.,IMUCON=40,ICONRS=5                                         
 DIFT=0.01,DIFP=0.01                                                             
 ifryb_nst2           1

 VALUES OF SOME KEYWORD PARAMETERS:
 ==================================

ISPLIN=     0  IRTE  =     0  IBC   =     3  ILMCOR=     3  ILPSCT=     1
ILASCT=     0  DJMAX = 0.001  NTRALI=     3  IPSLTE=     0
ICOMPT=     0
IZSCAL=     0  IBCHE =     1  IVISC =     0
IFALI =     5  IFPOPR=     4  JALI  =     1  NFFIX =     0
IFPREC=     1  IELCOR=    -1  ICHC  =     1  IRSPLT=     1  IATREF=     1
MODREF=     1  IACPP =     7  IACPD =     4  IFLEV =     1  IDLTE =  1000
POPZER=1.E-20  POPZR2=1.E-20  RADZER=1.E-20  NITZER=     1  IFDIEL=     0
IOVER =     1  ITLAS =   100
NITER =    30  NLAMBD=     1  ND    =    70
JIDS  =     0  IDMFIX=     1
NMU   =     3
NELSC =     0  IHECOR=     0  IBFINT=     1  IRDER =     3  CHMAX = 0.000
ILDER =     0  IBPOPE=     1  CHMAXT= 0.010  NLAMT =     1
INTRPL=     0  ICHANG=     0
INHE  =     1  INRE  =     2  INPC  =     3  INSE  =     4  INMP  =     0
INDL  =     0  NDRE  =     0  TAUDIV= 0.010  IDLST =     0  NRETC =     0
ICONV =     0  IPRESS=     0  ITEMP =     0
IOPADD=     4  IRSCT =     1  IOPHMI=     1  IOPH2P=     0
IACC  =   150  IACD  =     4  KSNG  =     0  ITEK  =   150  ORELAX= 1.000
IWINBL=    -1
IFPRD =     0  XPDIV =   3.0

TRAD  =    0.  WDIL  =0.000
HMIX0 =   0.6  VTB   =    0.  IPTURB=     1
XGRAD =  0.00  STRL1 =1.E-03  STRL2 =2.E-02
STRLX =1.E-10
FRCMAX=0.E+00  FRCMIN=1.E+12  FRLMAX=9.E+15  FRLMIN=1.E+13
CFRMAX=  2.00
DFTAIL= 0.250  NFTAIL=    21
TSNU  =    0.  VTNU  =  0.00  DDNU  = 0.750  DDNU2 = 5.000
IELNU =     0  CNU1  =  4.50  CNU2  =  3.00
CNU3  =  2.00  ISPODF=     0
DPSILG= 10.00  DPSILT=  1.25  DPSILN= 10.00  DPSILD=  1.25

TAUFIR=1.E-07  TAULAS= 316.0  ABROS0= 1.000  TSURF = 0.000  ALBAVE= 0.000
ABPLAO= 0.300  ABPMIN=1.E-05
DION0 = 1.000  NDGREY=     0  IDGREY=     0  NCONIT=     0  IPRING=     0
IHM   =     0  IH2   =     0  IH2P  =     0

 IFRYB            1
 alloc_ini MATOM,MDEPTH,MIO0,MLEVE0,MME0              99          70         170        1134          12

  CHEMICAL ELEMENTS INCLUDED
  --------------------------

   ELEMENT   MAX.ION      ABUNDANCE

 natoms           1
   1     H    2      1.00E+00      1.00E+00   EXPLICIT: IAT=  1

 YTOT WMY WMM     1.00000E+00    1.00800E+00    1.68672E-24


  EXPLICIT IONS INCLUDED
  ----------------------
  NO.  ION     N0    N1    NK    IZ  IUPSUM ICUP ILVLIN

  1   H 1     1    16    17     1  -100    16     0
 alloc_tra MTRAN0,MLEVEL,MBF,MFIT,MCROSS             136          17          17         357          42
 alloc_tra MION,MXTCOL,MCFIT,MVOIG0                    1           3          10         136
 alloc_freq MFREQ0                                655000
 -----------
 reading Tremblay tables; ihydpr = 22
 -----------
 itab,iline,i,j,nwl,ne,nt    1   1   1   2  54  17   7
 itab,iline,i,j,nwl,ne,nt    1   2   1   3  52  17   7
 itab,iline,i,j,nwl,ne,nt    1   3   1   4  50  17   7
 itab,iline,i,j,nwl,ne,nt    1   4   1   5  47  17   7
 itab,iline,i,j,nwl,ne,nt    1   5   1   6  46  17   7
 itab,iline,i,j,nwl,ne,nt    1   6   1   7  44  17   7
 itab,iline,i,j,nwl,ne,nt    1   7   1   8  44  17   7
 itab,iline,i,j,nwl,ne,nt    1   8   1   9  41  17   7
 itab,iline,i,j,nwl,ne,nt    1   9   1  10  42  17   7
 itab,iline,i,j,nwl,ne,nt    1  10   1  11  41  17   7
 itab,iline,i,j,nwl,ne,nt    1  11   1  12  40  17   7
 itab,iline,i,j,nwl,ne,nt    1  12   1  13  40  17   7
 itab,iline,i,j,nwl,ne,nt    1  13   1  14  44  17   7
 itab,iline,i,j,nwl,ne,nt    1  14   1  15  39  17   7
 itab,iline,i,j,nwl,ne,nt    1  15   1  16  39  17   7
 itab,iline,i,j,nwl,ne,nt    1  16   1  17  39  17   7
 itab,iline,i,j,nwl,ne,nt    1  17   1  18  38  17   7
 itab,iline,i,j,nwl,ne,nt    1  18   1  19  39  17   7
 itab,iline,i,j,nwl,ne,nt    1  19   1  20  38  17   7
 itab,iline,i,j,nwl,ne,nt    1  20   1  21  38  17   7
 itab,iline,i,j,nwl,ne,nt    2  21   2   3  43  17   7
 itab,iline,i,j,nwl,ne,nt    2  22   2   4  42  17   7
 itab,iline,i,j,nwl,ne,nt    2  23   2   5  42  17   7
 itab,iline,i,j,nwl,ne,nt    2  24   2   6  44  17   7
 itab,iline,i,j,nwl,ne,nt    2  25   2   7  44  17   7
 itab,iline,i,j,nwl,ne,nt    2  26   2   8  43  17   7
 itab,iline,i,j,nwl,ne,nt    2  27   2   9  43  17   7
 itab,iline,i,j,nwl,ne,nt    2  28   2  10  43  17   7
 itab,iline,i,j,nwl,ne,nt    2  29   2  11  42  17   7
 itab,iline,i,j,nwl,ne,nt    2  30   2  12  40  17   7
 itab,iline,i,j,nwl,ne,nt    2  31   2  13  40  17   7
 itab,iline,i,j,nwl,ne,nt    2  32   2  14  44  17   7
 itab,iline,i,j,nwl,ne,nt    2  33   2  15  39  17   7
 itab,iline,i,j,nwl,ne,nt    2  34   2  16  39  17   7
 itab,iline,i,j,nwl,ne,nt    2  35   2  17  39  17   7
 itab,iline,i,j,nwl,ne,nt    2  36   2  18  38  17   7
 itab,iline,i,j,nwl,ne,nt    2  37   2  19  39  17   7
 itab,iline,i,j,nwl,ne,nt    2  38   2  20  38  17   7
 itab,iline,i,j,nwl,ne,nt    2  39   2  21  38  17   7
 itab,iline,i,j,nwl,ne,nt    2  40   2  22  37  17   7
 itab,iline,i,j,nwl,ne,nt    3  41   3   4  38  17   7
 itab,iline,i,j,nwl,ne,nt    3  42   3   5  38  17   7
 itab,iline,i,j,nwl,ne,nt    3  43   3   6  36  17   7
 itab,iline,i,j,nwl,ne,nt    3  44   3   7  35  17   7
 itab,iline,i,j,nwl,ne,nt    3  45   3   8  35  17   7
 itab,iline,i,j,nwl,ne,nt    3  46   3   9  35  17   7
 itab,iline,i,j,nwl,ne,nt    3  47   3  10  35  17   7
 itab,iline,i,j,nwl,ne,nt    3  48   3  11  35  17   7
 itab,iline,i,j,nwl,ne,nt    3  49   3  12  35  17   7
 itab,iline,i,j,nwl,ne,nt    3  50   3  13  35  17   7
 itab,iline,i,j,nwl,ne,nt    3  51   3  14  44  17   7
 itab,iline,i,j,nwl,ne,nt    3  52   3  15  35  17   7
 itab,iline,i,j,nwl,ne,nt    3  53   3  16  35  17   7
 itab,iline,i,j,nwl,ne,nt    3  54   3  17  35  17   7
 itab,iline,i,j,nwl,ne,nt    3  55   3  18  35  17   7
 itab,iline,i,j,nwl,ne,nt    3  56   3  19  35  17   7
 itab,iline,i,j,nwl,ne,nt    3  57   3  20  35  17   7
 itab,iline,i,j,nwl,ne,nt    3  58   3  21  35  17   7
 itab,iline,i,j,nwl,ne,nt    3  59   3  22  35  17   7
 itab,iline,i,j,nwl,ne,nt    4  60   4   5  36  17   7
 itab,iline,i,j,nwl,ne,nt    4  61   4   6  35  17   7
 itab,iline,i,j,nwl,ne,nt    4  62   4   7  35  17   7
 itab,iline,i,j,nwl,ne,nt    4  63   4   8  35  17   7
 itab,iline,i,j,nwl,ne,nt    4  64   4   9  35  17   7
 itab,iline,i,j,nwl,ne,nt    4  65   4  10  35  17   7
 itab,iline,i,j,nwl,ne,nt    4  66   4  11  35  17   7
 itab,iline,i,j,nwl,ne,nt    4  67   4  12  35  17   7
 itab,iline,i,j,nwl,ne,nt    4  68   4  13  35  17   7
 itab,iline,i,j,nwl,ne,nt    4  69   4  14  35  17   7
 ihydp0,ihydpr,ihyddk           2          22           0
 ION,ITR,IT0           1         136         136         136
 MTRANS=         136
 MFREQL (for normal lines) =           58

*** AFTER RDATA:

     NFREQ  =    2415
     NFREQL =      57  set to MFREQL
     NTRANS =     136  set to MTRANS

 alloc_tra2 MTRANS,MMCDW                             136          46
 nlvexp end levset           2
 NLEVEL,MLEVEL          17          17

 EXPLICIT ENERGY LEVELS INCLUDED
 -------------------------------

 NO.   LEVEL    ION   ION.FREQ.(s^-1)     G     NQ   IEL  ILK  IAT IMOD  ILT  IIE  IIF

   1  (N=1)     H 1  3.2880499E+15      2.00    1    1    0    1    5    0    1    1
   2  (N=2)     H 1  8.2201247E+14      8.00    2    1    0    1    5    0    0    0
   3  (N=3)     H 1  3.6533887E+14     18.00    3    1    0    1    5    0    0    0
   4  (N=4)     H 1  2.0550312E+14     32.00    4    1    0    1    5    0    0    0
   5  (N=5)     H 1  1.3152199E+14     50.00    5    1    0    1    5    0    0    0
   6  (N=6)     H 1  9.1334719E+13     72.00    6    1    0    1    5    0    0    0
   7  (N=7)     H 1  6.7103059E+13     98.00    7    1    0    1    5    0    0    0
   8  (N=8)     H 1  5.1375779E+13    128.00    8    1    0    1    5    0    0    0
   9  (N=9)     H 1  4.0593208E+13    162.00    9    1    0    1    5    0    0    0
  10  (N=10)    H 1  3.2880499E+13    200.00   10    1    0    1    5    0    0    0
  11  (N=11)    H 1  2.7173966E+13    242.00   11    1    0    1    5    0    0    0
  12  (N=12)    H 1  2.2833680E+13    288.00   12    1    0    1    5    0    0    0
  13  (N=13)    H 1  1.9455916E+13    338.00   13    1    0    1    5    0    0    0
  14  (N=14)    H 1  1.6775765E+13    392.00   14    1    0    1    5    0    0    0
  15  (N=15)    H 1  1.4613555E+13    450.00   15    1    0    1    5    0    0    0
  16  (N=16)    H 1  0.0000000E+00    512.00   16    1    0    1    5    0    0    0
  17  H 2       H 1  0.0000000E+00      1.00    1    1    1    1    5    0    2    2
 MTRANS,MTRAN0         136         136
 inifre njread,nfreqd,nfreqc         200         200         200
 nfreq,mfreq0,ispodf        2415      655000           0         200
 MFREQC at begin of  INIFRC         289

NFREQ, MFREQ  in inifrc(0)    2680

NFREQ, MFREQ  in inifrc(0)    2680
NFREQC,MFREQC in inifrc(0)     265

 nfreqe in inifrc           0
 inifre end nfreqc,mfreqc         265         265
 alloc_freq2 MFREQ,MFREQC,MCROSS,MDEPTH             2680         265          42          70
 MFREQC at begin of  INIFRC         289
 alloc_models MDEPTH,MION,MLEVEL,MLVEXP,MMER          70           1          17           3          12
 alloc_modelq MTRANS,MZZ,NLMX,MMCDW                  136          30          80          46
 alloc_radt MTRANS,MDEPTH,MMCDW               136          70          46
 before inpmod
 nhod           0   1816618.3241132824     
 after odfhys
 after odfset
 alloc_prf MFREQ,MFREQP,MDODF,MCFE,MDEPTH           2680        2680           3           1          70
 MFREQC at begin of  INIFRC         289

 MAXIMUM NUMBER OF OVERLAPPING TRANSITIONS:   13


 ACCURACY OF INTEGRATIONS:
 Interval:  1.59999997E+16  1.00000000E+12  1.59989997E+16  1.59989999E+16
                Planck functions:               10000.      4.4216E-05
                                                20000.      5.2658E-05
                                                40000.      8.6730E-06

 TOTAL NUMBER OF FREQUENCIES:    2680
 SELECTED FREQUENCIES:           2593
 ifryb bef corwn           1
 ifryb aft corwn           1
 as IFRYB>0, NFREQE and MFREX are           0           1


 TRANSITION PARAMETERS (TOTAL OF   136 )
 ---------------------

    ITR ILOW IUP               INDEXP  nfr    IFR0   IFR1     OSC        FR0         LAMBDA

     1    1   17   H 1   1  17      5     24      1     24   7.919E-19     911.764     187.370     968.809
     2    2   17   H 1   2  17      5     83      1     83   1.584E-18    3647.056     187.370    4314.849
     3    3   17   H 1   3  17      5    116      1    116   2.376E-18    8205.875     187.370    9949.776
     4    4   17   H 1   4  17      1    131      1    131   3.168E-18   14588.222     187.370   14546.017
     5    5   17   H 1   5  17      1    149      1    149   3.959E-18   22794.097     187.370   22568.413
     6    6   17   H 1   6  17      1    164      1    164   4.751E-18   32823.500     187.370   32498.514
     7    7   17   H 1   7  17      1    177      1    177   5.543E-18   44676.430     187.370   44234.089
     8    8   17   H 1   8  17      1    188      1    188   6.335E-18   58352.888     187.370   58129.570
     9    9   17   H 1   9  17      1    198      1    198   7.127E-18   73852.874     187.370   73121.658
    10   10   17   H 1  10  17      1    207      1    207   7.919E-18   91176.388     187.370   90273.651
    11   11   17   H 1  11  17      1    215      1    215   8.711E-18  110323.429     187.370  109954.974
    12   12   17   H 1  12  17      1    222      1    222   9.503E-18  131293.999     187.370  129994.058
    13   13   17   H 1  13  17      1    229      1    229   1.029E-17  154088.096     187.370  152562.471
    14   14   17   H 1  14  17      1    236      1    236   1.109E-17  178705.720     187.370  176936.357
    15   15   17   H 1  15  17      1    244      1    244   1.188E-17  205146.873     187.370  203115.716
    16   16   17   H 1  16  17      1    265      1    265   1.000E+00    Infinity     187.370 2997925.106
    17    1    2   H 1   1   2     -1     57    266    322   4.162E-01    1215.685    1025.686    1492.079
    18    1    3   H 1   1   3     -1     57    323    379   7.910E-02    1025.734     865.423    1258.942
    19    1    4   H 1   1   4     -1     53    380    432   2.899E-02     972.548     839.883    1154.986
    20    1    5   H 1   1   5     -1     41    433    473   1.394E-02     949.754     839.525    1093.304
    21    1    6   H 1   1   6     -1     41    474    514   7.799E-03     937.814     828.971    1079.560
    22    1    7   H 1   1   7     -1     41    515    555   4.814E-03     930.759     873.505     996.045
    23    1    8   H 1   1   8     -1     41    556    596   3.183E-03     926.236     869.260     991.205
    24    1    9   H 1   1   9     -1     41    597    637   2.216E-03     923.161     866.374     987.914
    25    1   10   H 1   1  10     -1     41    638    678   1.605E-03     920.974     864.321     985.573
    26    1   11   H 1   1  11     -1     41    679    719   1.201E-03     919.362     862.809     983.848
    27    1   12   H 1   1  12     -1     41    720    760   9.214E-04     918.140     861.662     982.541
    28    1   13   H 1   1  13     -1     41    761    801   7.227E-04     917.191     860.772     981.525
    29    1   14   H 1   1  14     -1     41    802    842   5.744E-04     916.440     860.066     980.721
    30    1   15   H 1   1  15     -1     41    843    883   4.686E-04     915.834     859.498     980.073
    31    1   16   H 1   1  16      0      1      0      0   3.615E-03     911.764    Infinity    Infinity
    32    2    3   H 1   2   3     -1     57    884    940   6.407E-01    6564.700    5669.211    7796.154
    33    2    4   H 1   2   4     -1     57    941    997   1.193E-01    4862.741    4199.415    5774.929
    34    2    5   H 1   2   5     -1     57    998   1054   4.467E-02    4341.733    3749.478    5156.186
    35    2    6   H 1   2   6     -1     41   1055   1095   2.209E-02    4102.937    3625.073    4725.918
    36    2    7   H 1   2   7     -1     41   1096   1136   1.270E-02    3971.238    3510.333    4571.470
    37    2    8   H 1   2   8     -1     29   1137   1165   8.036E-03    3890.193    3480.179    4409.720
    38    2    9   H 1   2   9     -1     41   1166   1206   5.429E-03    3836.513    3432.157    4348.871
    39    2   10   H 1   2  10     -1     41   1207   1247   3.851E-03    3799.016    3398.612    4306.367
    40    2   11   H 1   2  11     -1     41   1248   1288   2.835E-03    3771.741    3374.212    4275.449
    41    2   12   H 1   2  12     -1     41   1289   1329   2.151E-03    3751.257    3355.886    4252.230
    42    2   13   H 1   2  13     -1     41   1330   1370   1.672E-03    3735.469    3341.762    4234.333
    43    2   14   H 1   2  14     -1     41   1371   1411   1.326E-03    3723.036    3330.640    4220.239
    44    2   15   H 1   2  15     -1     41   1412   1452   1.070E-03    3713.066    3321.720    4208.938
    45    2   16   H 1   2  16      0      1      0      0   8.112E-03    3647.056    Infinity    Infinity
    46    3    4   H 1   3   4     -1     57   1453   1509   8.421E-01   18756.286   16571.761   21604.197
    47    3    5   H 1   3   5     -1     57   1510   1566   1.506E-01   12821.680   11328.352   14768.494
    48    3    6   H 1   3   6     -1     37   1567   1603   5.584E-02   10941.167    9666.860   12602.448
    49    3    7   H 1   3   7     -1     33   1604   1636   2.768E-02   10052.197    8885.531   11571.533
    50    3    8   H 1   3   8     -1     29   1637   1665   1.604E-02    9548.654    8542.256   10823.857
    51    3    9   H 1   3   9     -1     41   1666   1706   1.023E-02    9231.609    8663.743    9879.139
    52    3   10   H 1   3  10     -1     41   1707   1747   6.980E-03    9017.445    8462.752    9649.953
    53    3   11   H 1   3  11     -1     41   1748   1788   4.996E-03    8865.276    8319.943    9487.110
    54    3   12   H 1   3  12     -1     41   1789   1829   3.711E-03    8752.933    8214.512    9366.888
    55    3   13   H 1   3  13     -1     41   1830   1870   2.839E-03    8667.455    8134.292    9275.414
    56    3   14   H 1   3  14     -1     41   1871   1911   2.224E-03    8600.810    8071.746    9204.094
    57    3   15   H 1   3  15     -1     41   1912   1952   1.776E-03    8547.786    8021.984    9147.351
    58    3   16   H 1   3  16      0      1      0      0   1.307E-02    8205.875    Infinity    Infinity
    59    4    5   H 1   4   5     -1     13   1953   1965   1.038E+00   40522.839   40513.204   40532.479
    60    4    6   H 1   4   6     -1     13   1966   1978   1.793E-01   26258.800   26252.556   26265.046
    61    4    7   H 1   4   7     -1     13   1979   1991   6.549E-02   21661.299   21656.149   21666.452
    62    4    8   H 1   4   8     -1     13   1992   2004   3.230E-02   19450.963   19446.338   19455.590
    63    4    9   H 1   4   9     -1     13   2005   2017   1.870E-02   18179.169   18174.847   18183.493
    64    4   10   H 1   4  10     -1     13   2018   2030   1.196E-02   17366.931   17362.802   17371.062
    65    4   11   H 1   4  11     -1     13   2031   2043   8.187E-03   16811.189   16807.192   16815.188
    66    4   12   H 1   4  12     -1     13   2044   2056   5.886E-03   16411.750   16407.848   16415.654
    67    4   13   H 1   4  13     -1     13   2057   2069   4.393E-03   16113.788   16109.956   16117.621
    68    4   14   H 1   4  14     -1     13   2070   2082   3.375E-03   15884.953   15881.176   15888.732
    69    4   15   H 1   4  15     -1     13   2083   2095   2.656E-03   15705.024   15701.290   15708.760
    70    4   16   H 1   4  16      0      1      0      0   1.872E-02   14588.222    Infinity    Infinity
    71    5    6   H 1   5   6     -1     13   2096   2108   1.231E+00   74598.863   74581.126   74616.608
    72    5    7   H 1   5   7     -1     13   2109   2121   2.069E-01   46537.948   46526.883   46549.018
    73    5    8   H 1   5   8     -1     13   2122   2134   7.448E-02   37405.698   37396.804   37414.596
    74    5    9   H 1   5   9     -1     13   2135   2147   3.645E-02   32970.033   32962.194   32977.876
    75    5   10   H 1   5  10     -1     13   2148   2160   2.104E-02   30392.129   30384.903   30399.359
    76    5   11   H 1   5  11     -1     13   2161   2173   1.344E-02   28730.060   28723.229   28736.894
    77    5   12   H 1   5  12     -1     13   2174   2186   9.209E-03   27582.773   27576.215   27589.334
    78    5   13   H 1   5  13     -1     13   2187   2199   6.631E-03   26751.405   26745.045   26757.769
    79    5   14   H 1   5  14     -1     13   2200   2212   4.959E-03   26126.567   26120.355   26132.782
    80    5   15   H 1   5  15     -1     13   2213   2225   3.821E-03   25643.359   25637.262   25649.459
    81    5   16   H 1   5  16      0      1      0      0   2.544E-02   22794.097    Infinity    Infinity
    82    6    7   H 1   6   7     -1     13   2226   2238   1.424E+00  123719.345  123689.928  123748.775
    83    6    8   H 1   6   8     -1     13   2239   2251   2.340E-01   75025.142   75007.304   75042.989
    84    6    9   H 1   6   9     -1     13   2252   2264   8.315E-02   59082.299   59068.252   59096.354
    85    6   10   H 1   6  10     -1     13   2265   2277   4.038E-02   51286.718   51274.524   51298.918
    86    6   11   H 1   6  11     -1     13   2278   2290   2.320E-02   46725.217   46714.107   46736.332
    87    6   12   H 1   6  12     -1     13   2291   2303   1.479E-02   43764.666   43754.260   43775.077
    88    6   13   H 1   6  13     -1     13   2304   2316   1.012E-02   41708.056   41698.139   41717.977
    89    6   14   H 1   6  14     -1     13   2317   2329   7.289E-03   40208.787   40199.227   40218.352
    90    6   15   H 1   6  15     -1     13   2330   2342   5.455E-03   39075.595   39066.304   39084.890
    91    6   16   H 1   6  16      0      1      0      0   3.380E-02   32823.500    Infinity    Infinity
    92    7    8   H 1   7   8     -1     13   2343   2355   1.616E+00  190619.435  190574.112  190664.779
    93    7    9   H 1   7   9     -1     13   2356   2368   2.609E-01  113087.214  113060.325  113114.115
    94    7   10   H 1   7  10     -1     13   2369   2381   9.163E-02   87600.843   87580.015   87621.682
    95    7   11   H 1   7  11     -1     13   2382   2394   4.416E-02   75081.223   75063.371   75099.083
    96    7   12   H 1   7  12     -1     13   2395   2407   2.525E-02   67720.062   67703.961   67736.172
    97    7   13   H 1   7  13     -1     13   2408   2420   1.605E-02   62919.306   62904.346   62934.273
    98    7   14   H 1   7  14     -1     13   2421   2433   1.097E-02   59568.573   59554.410   59582.744
    99    7   15   H 1   7  15     -1     13   2434   2446   7.891E-03   57114.754   57101.174   57128.341
   100    7   16   H 1   7  16      0      1      0      0   4.471E-02   44676.430    Infinity    Infinity
   101    8    9   H 1   8   9     -1     13   2447   2459   1.807E+00  278034.350  277968.242  278100.489
   102    8   10   H 1   8  10     -1     13   2460   2472   2.876E-01  162091.356  162052.816  162129.915
   103    8   11   H 1   8  11     -1     13   2473   2485   1.000E-01  123871.921  123842.468  123901.387
   104    8   12   H 1   8  12     -1     13   2486   2498   4.787E-02  105035.199  105010.225  105060.185
   105    8   13   H 1   8  13     -1     13   2499   2511   2.724E-02   93920.363   93898.032   93942.705
   106    8   14   H 1   8  14     -1     13   2512   2524   1.726E-02   86645.198   86624.596   86665.809
   107    8   15   H 1   8  15     -1     13   2525   2537   1.177E-02   81549.067   81529.678   81568.466
   108    8   16   H 1   8  16      0      1      0      0   5.979E-02   58352.888    Infinity    Infinity
   109    9   10   H 1   9  10      0      1      0      0   1.999E+00  388699.338    Infinity    Infinity
   110    9   11   H 1   9  11     -1     13   2538   2550   3.143E-01  223404.944  223351.826  223458.088
   111    9   12   H 1   9  12     -1     13   2551   2563   1.083E-01  168806.570  168766.433  168846.725
   112    9   13   H 1   9  13     -1     13   2564   2576   5.152E-02  141831.088  141797.365  141864.827
   113    9   14   H 1   9  14     -1     13   2577   2589   2.918E-02  125870.986  125841.058  125900.928
   114    9   15   H 1   9  15     -1     13   2590   2602   1.843E-02  115395.116  115367.679  115422.566
   115    9   16   H 1   9  16      0      1      0      0   8.203E-02   73852.874    Infinity    Infinity
   116   10   11   H 1  10  11      0      1      0      0   2.190E+00  525349.663    Infinity    Infinity
   117   10   12   H 1  10  12     -1     13   2603   2615   3.408E-01  298395.451  298324.503  298466.434
   118   10   13   H 1  10  13     -1     13   2616   2628   1.166E-01  223316.080  223262.983  223369.203
   119   10   14   H 1  10  14     -1     13   2629   2641   5.513E-02  186151.792  186107.531  186196.074
   120   10   15   H 1  10  15     -1     13   2642   2654   3.109E-02  164117.498  164078.476  164156.538
   121   10   16   H 1  10  16      0      1      0      0   1.178E-01   91176.388    Infinity    Infinity
   122   11   12   H 1  11  12      0      1      0      0   2.381E+00  690720.601    Infinity    Infinity
   123   11   13   H 1  11  13      0      1      0      0   3.673E-01  388430.407    Infinity    Infinity
   124   11   14   H 1  11  14     -1     13   2655   2667   1.248E-01  288311.895  288243.344  288380.479
   125   11   15   H 1  11  15     -1     13   2668   2680   5.872E-02  238680.496  238623.746  238737.273
   126   11   16   H 1  11  16      0      1      0      0   1.829E-01  110323.429    Infinity    Infinity
   127   12   13   H 1  12  13      0      1      0      0   2.572E+00  887547.430    Infinity    Infinity
   128   12   14   H 1  12  14      0      1      0      0   3.938E-01  494877.379    Infinity    Infinity
   129   12   15   H 1  12  15      0      1      0      0   1.330E-01  364705.552    Infinity    Infinity
   130   12   16   H 1  12  16      0      1      0      0   3.257E-01  131293.999    Infinity    Infinity
   131   13   14   H 1  13  14      0      1      0      0   2.763E+00 1118565.434    Infinity    Infinity
   132   13   15   H 1  13  15      0      1      0      0   4.202E-01  619103.955    Infinity    Infinity
   133   13   16   H 1  13  16      0      1      0      0   7.635E-01  154088.096    Infinity    Infinity
   134   14   15   H 1  14  15      0      1      0      0   2.954E+00 1386509.898    Infinity    Infinity
   135   14   16   H 1  14  16      0      1      0      0   3.761E+00  178705.720    Infinity    Infinity
   136   15   16   H 1  15  16      0      1      0      0   3.995E+00  205146.873    Infinity    Infinity
 opadd0 it,mcross          16          42         289
 Hraysc it          17   3.1166102584199482E-025
 Heraysc it          18   0.0000000000000000     
 H- it          19   6.6723710424546777E-018
 He-ff it          20   1.5629830882757668E-045
 He-ff it          21   2.2458887005360646E-041
 He-ff it          22   4.4892872974588738E-037

 EXTERNAL IRRADIATION - EXTOT0,EXTOT:    0.000E+00   0.000E+00

 MTOT =           1
 itek,niter         150          30
 ksng,nn           0           1
 nfreqe,inhe,inre,inpc,inmp,indl           0           0           1           0           0           0
 alloc_accel iacpp,mtot           7           1
 alloc_accel MLEVEL,MDEPTH,MTOT                       17          70           1
 alloc_accel iacpp,mtot           7           1
 alloc_alipar MDEPTH,MLVEXP                            70           3
 IFRYB,MFREX,MTOT           1           1           1

BASIC ARRAYS DIMENSIONS:

MDEPTH  =      70
MFREQ   =    2680
MFREQC  =     289
MFREX   =       1
MFREQL  =      58
MFREQP  =    2680
MTRANS  =     136
MLEVEL  =      17
MLVEXP  =       3
MTOT    =       1
MION    =       1
MVOIG0  =     136
MHWL    =      90


MAXIMUM AND ACTUAL DIMENSIONS:

MDEPTH,ND     =      70      70
MLEVEL,NLEVEL =      17      17
MLVEXP,NLVEXP =       3       2
MTRANS.NTRANS =     136     136
MFREQ,NFREQ   =    2680    2680
MFREQC,NFREQC =     289     265
MFREQP        =    2680
MFREQL        =      58
MFREQX,NFREQE =       1       0
MTOT,NN       =       1       1
 grey  -16.118095650958320       0.31701214296442365        302.59279646836433        174.70715731429812     
 COMPUTED LTE-GREY MODEL

    ID    TAU       MASS     TEMP       N          NE         P        ROSS.OP    Ptot    TAUR*DPRAD   PRAD0     Pg(comp)

   1  1.000E-07  1.623E-07     16.  2.291E+13  1.146E+13  5.131E+01  6.163E-01  2.260E+02  3.026E-05  1.747E+02  5.131E+01
   2  1.373E-07  2.199E-07     16.  3.105E+13  1.552E+13  6.954E+01  6.773E-01  2.442E+02  4.155E-05  1.747E+02  6.954E+01
   3  1.885E-07  2.916E-07     16.  4.118E+13  2.059E+13  9.223E+01  7.492E-01  2.669E+02  5.704E-05  1.747E+02  9.223E+01
   4  2.588E-07  3.804E-07     16.  5.371E+13  2.685E+13  1.203E+02  8.340E-01  2.950E+02  7.832E-05  1.747E+02  1.203E+02
   5  3.554E-07  4.896E-07     16.  6.912E+13  3.456E+13  1.548E+02  9.342E-01  3.295E+02  1.075E-04  1.747E+02  1.548E+02
   6  4.880E-07  6.230E-07     16.  8.796E+13  4.397E+13  1.970E+02  1.052E+00  3.717E+02  1.477E-04  1.747E+02  1.970E+02
   7  6.700E-07  7.851E-07     16.  1.109E+14  5.542E+13  2.483E+02  1.192E+00  4.230E+02  2.027E-04  1.747E+02  2.483E+02
   8  9.199E-07  9.812E-07     16.  1.385E+14  6.926E+13  3.103E+02  1.357E+00  4.850E+02  2.784E-04  1.747E+02  3.103E+02
   9  1.263E-06  1.217E-06     16.  1.718E+14  8.591E+13  3.849E+02  1.552E+00  5.596E+02  3.822E-04  1.747E+02  3.849E+02
  10  1.734E-06  1.500E-06     16.  2.118E+14  1.059E+14  4.743E+02  1.782E+00  6.490E+02  5.247E-04  1.747E+02  4.743E+02
  11  2.381E-06  1.837E-06     16.  2.594E+14  1.297E+14  5.809E+02  2.054E+00  7.556E+02  7.205E-04  1.747E+02  5.809E+02
  12  3.269E-06  2.238E-06     16.  3.160E+14  1.579E+14  7.077E+02  2.376E+00  8.824E+02  9.892E-04  1.747E+02  7.077E+02
  13  4.489E-06  2.713E-06     16.  3.831E+14  1.915E+14  8.580E+02  2.757E+00  1.033E+03  1.358E-03  1.747E+02  8.580E+02
  14  6.163E-06  3.275E-06     16.  4.623E+14  2.311E+14  1.036E+03  3.207E+00  1.210E+03  1.865E-03  1.747E+02  1.036E+03
  15  8.462E-06  3.937E-06     16.  5.558E+14  2.778E+14  1.245E+03  3.739E+00  1.420E+03  2.561E-03  1.747E+02  1.245E+03
  16  1.162E-05  4.716E-06     16.  6.658E+14  3.327E+14  1.491E+03  4.366E+00  1.666E+03  3.516E-03  1.747E+02  1.491E+03
  17  1.595E-05  5.631E-06     16.  7.950E+14  3.972E+14  1.781E+03  5.107E+00  1.955E+03  4.827E-03  1.747E+02  1.781E+03
  18  2.190E-05  6.704E-06     16.  9.465E+14  4.729E+14  2.120E+03  5.980E+00  2.295E+03  6.628E-03  1.747E+02  2.120E+03
  19  3.007E-05  7.962E-06     16.  1.124E+15  5.615E+14  2.518E+03  7.010E+00  2.693E+03  9.100E-03  1.747E+02  2.518E+03
  20  4.129E-05  9.435E-06     16.  1.332E+15  6.653E+14  2.984E+03  8.224E+00  3.158E+03  1.249E-02  1.747E+02  2.984E+03
  21  5.669E-05  1.116E-05     16.  1.575E+15  7.866E+14  3.528E+03  9.655E+00  3.703E+03  1.716E-02  1.747E+02  3.528E+03
  22  7.784E-05  1.317E-05     16.  1.860E+15  9.284E+14  4.166E+03  1.134E+01  4.340E+03  2.355E-02  1.747E+02  4.166E+03
  23  1.069E-04  1.553E-05     16.  2.192E+15  1.094E+15  4.910E+03  1.332E+01  5.085E+03  3.234E-02  1.747E+02  4.910E+03
  24  1.467E-04  1.828E-05     16.  2.580E+15  1.287E+15  5.780E+03  1.566E+01  5.955E+03  4.440E-02  1.747E+02  5.780E+03
  25  2.015E-04  2.149E-05     16.  3.034E+15  1.513E+15  6.797E+03  1.840E+01  6.972E+03  6.097E-02  1.747E+02  6.797E+03
  26  2.766E-04  2.525E-05     16.  3.563E+15  1.776E+15  7.984E+03  2.163E+01  8.159E+03  8.371E-02  1.747E+02  7.984E+03
  27  3.798E-04  2.963E-05     16.  4.182E+15  2.084E+15  9.371E+03  2.543E+01  9.546E+03  1.149E-01  1.747E+02  9.371E+03
  28  5.215E-04  3.476E-05     16.  4.904E+15  2.442E+15  1.099E+04  2.989E+01  1.117E+04  1.578E-01  1.747E+02  1.099E+04
  29  7.161E-04  4.074E-05     16.  5.747E+15  2.860E+15  1.288E+04  3.512E+01  1.306E+04  2.167E-01  1.747E+02  1.288E+04
  30  9.832E-04  4.774E-05     16.  6.732E+15  3.347E+15  1.510E+04  4.126E+01  1.527E+04  2.975E-01  1.747E+02  1.510E+04
  31  1.350E-03  5.591E-05     16.  7.882E+15  3.916E+15  1.768E+04  4.844E+01  1.786E+04  4.085E-01  1.747E+02  1.768E+04
  32  1.853E-03  6.548E-05     16.  9.226E+15  4.578E+15  2.071E+04  5.685E+01  2.088E+04  5.608E-01  1.747E+02  2.071E+04
  33  2.545E-03  7.667E-05     16.  1.080E+16  5.351E+15  2.425E+04  6.666E+01  2.442E+04  7.700E-01  1.747E+02  2.425E+04
  34  3.494E-03  8.979E-05     16.  1.263E+16  6.253E+15  2.839E+04  7.810E+01  2.857E+04  1.057E+00  1.747E+02  2.839E+04
  35  4.797E-03  1.052E-04     16.  1.478E+16  7.304E+15  3.325E+04  9.138E+01  3.343E+04  1.452E+00  1.747E+02  3.325E+04
  36  6.587E-03  1.232E-04     16.  1.729E+16  8.531E+15  3.897E+04  1.068E+02  3.914E+04  1.993E+00  1.747E+02  3.897E+04
  37  9.044E-03  1.445E-04     16.  2.023E+16  9.963E+15  4.568E+04  1.245E+02  4.586E+04  2.737E+00  1.747E+02  4.568E+04
  38  1.242E-02  1.695E-04     16.  2.368E+16  1.164E+16  5.360E+04  1.447E+02  5.378E+04  3.757E+00  1.747E+02  5.360E+04
  39  1.705E-02  1.991E-04     16.  2.772E+16  1.360E+16  6.297E+04  1.678E+02  6.315E+04  5.159E+00  1.747E+02  6.297E+04
  40  2.341E-02  2.343E-04     17.  3.248E+16  1.589E+16  7.408E+04  1.938E+02  7.426E+04  7.083E+00  1.747E+02  7.408E+04
  41  3.214E-02  2.762E-04     17.  3.808E+16  1.859E+16  8.732E+04  2.229E+02  8.750E+04  9.726E+00  1.747E+02  8.732E+04
  42  4.413E-02  3.263E-04     17.  4.468E+16  2.177E+16  1.032E+05  2.551E+02  1.034E+05  1.335E+01  1.747E+02  1.032E+05
  43  6.059E-02  3.866E-04     17.  5.247E+16  2.553E+16  1.222E+05  2.901E+02  1.224E+05  1.833E+01  1.747E+02  1.222E+05
  44  8.319E-02  4.597E-04     17.  6.171E+16  2.999E+16  1.453E+05  3.276E+02  1.455E+05  2.517E+01  1.747E+02  1.453E+05
  45  1.142E-01  5.489E-04     17.  7.268E+16  3.530E+16  1.736E+05  3.669E+02  1.738E+05  3.456E+01  1.747E+02  1.736E+05
  46  1.568E-01  6.588E-04     18.  8.575E+16  4.167E+16  2.083E+05  4.073E+02  2.085E+05  4.746E+01  1.747E+02  2.083E+05
  47  2.153E-01  7.954E-04     18.  1.014E+17  4.934E+16  2.515E+05  4.477E+02  2.517E+05  6.516E+01  1.747E+02  2.515E+05
  48  2.957E-01  9.669E-04     18.  1.202E+17  5.862E+16  3.057E+05  4.870E+02  3.059E+05  8.947E+01  1.747E+02  3.057E+05
  49  4.060E-01  1.185E-03     19.  1.430E+17  6.991E+16  3.745E+05  5.241E+02  3.748E+05  1.228E+02  1.747E+02  3.745E+05
  50  5.574E-01  1.464E-03     20.  1.706E+17  8.370E+16  4.628E+05  5.581E+02  4.631E+05  1.687E+02  1.747E+02  4.628E+05
  51  7.653E-01  1.826E-03     20.  2.045E+17  1.006E+17  5.773E+05  5.864E+02  5.778E+05  2.316E+02  1.747E+02  5.773E+05
  52  1.051E+00  2.302E-03     21.  2.462E+17  1.215E+17  7.275E+05  6.148E+02  7.280E+05  3.180E+02  1.747E+02  7.275E+05
  53  1.443E+00  2.924E-03     23.  2.972E+17  1.471E+17  9.244E+05  6.416E+02  9.250E+05  4.366E+02  1.747E+02  9.244E+05
  54  1.981E+00  3.745E-03     24.  3.598E+17  1.785E+17  1.184E+06  6.692E+02  1.185E+06  5.994E+02  1.747E+02  1.184E+06
  55  2.720E+00  4.824E-03     25.  4.360E+17  2.168E+17  1.525E+06  6.996E+02  1.526E+06  8.230E+02  1.747E+02  1.525E+06
  56  3.734E+00  6.238E-03     27.  5.285E+17  2.631E+17  1.972E+06  7.346E+02  1.973E+06  1.130E+03  1.747E+02  1.972E+06
  57  5.127E+00  8.083E-03     29.  6.396E+17  3.188E+17  2.554E+06  7.750E+02  2.556E+06  1.551E+03  1.747E+02  2.554E+06
  58  7.040E+00  1.048E-02     31.  7.725E+17  3.853E+17  3.312E+06  8.193E+02  3.314E+06  2.130E+03  1.747E+02  3.312E+06
  59  9.666E+00  1.360E-02     33.  9.317E+17  4.650E+17  4.297E+06  8.630E+02  4.300E+06  2.925E+03  1.747E+02  4.297E+06
  60  1.327E+01  1.768E-02     36.  1.125E+18  5.616E+17  5.588E+06  8.969E+02  5.592E+06  4.016E+03  1.747E+02  5.588E+06
  61  1.822E+01  2.315E-02     39.  1.365E+18  6.818E+17  7.317E+06  9.072E+02  7.322E+06  5.514E+03  1.747E+02  7.317E+06
  62  2.502E+01  3.073E-02     42.  1.678E+18  8.383E+17  9.711E+06  8.811E+02  9.719E+06  7.571E+03  1.747E+02  9.711E+06
  63  3.435E+01  4.172E-02     45.  2.108E+18  1.053E+18  1.318E+07  8.167E+02  1.319E+07  1.039E+04  1.747E+02  1.318E+07
  64  4.717E+01  5.835E-02     49.  2.728E+18  1.363E+18  1.844E+07  7.277E+02  1.845E+07  1.427E+04  1.747E+02  1.844E+07
  65  6.476E+01  8.435E-02     53.  3.647E+18  1.822E+18  2.665E+07  6.339E+02  2.667E+07  1.960E+04  1.747E+02  2.665E+07
  66  8.892E+01  1.255E-01     57.  5.015E+18  2.506E+18  3.965E+07  5.500E+02  3.968E+07  2.691E+04  1.747E+02  3.965E+07
  67  1.221E+02  1.903E-01     62.  7.031E+18  3.513E+18  6.014E+07  4.812E+02  6.017E+07  3.694E+04  1.747E+02  6.014E+07
  68  1.676E+02  2.912E-01     67.  9.945E+18  4.969E+18  9.204E+07  4.272E+02  9.209E+07  5.072E+04  1.747E+02  9.204E+07
  69  2.301E+02  4.459E-01     73.  1.407E+19  7.032E+18  1.409E+08  3.858E+02  1.410E+08  6.964E+04  1.747E+02  1.409E+08
  70  3.160E+02  6.790E-01     79.  1.980E+19  9.894E+18  2.146E+08  3.543E+02  2.147E+08  9.562E+04  1.747E+02  2.146E+08

 CONVECTIVE FLUX: AT CONTMP, ITER= 1

 conout imod,iprin           1           2


  ID    DM        TEMP      DELTA  DELTA(AD)  CON/TOT  RAD/TOT  (C+R)/TOT


   1 1.62E-07  16223.9  0.00E+00  0.00E+00  0.00E+00  0.00E+00  0.00E+00
   2 2.20E-07  16223.9  1.04E-06  0.00E+00  0.00E+00  0.00E+00  0.00E+00
   3 2.92E-07  16223.9  1.23E-06  0.00E+00  0.00E+00  0.00E+00  0.00E+00
   4 3.80E-07  16223.9  1.47E-06  0.00E+00  0.00E+00  0.00E+00  0.00E+00
   5 4.90E-07  16223.9  1.79E-06  0.00E+00  0.00E+00  0.00E+00  0.00E+00
   6 6.23E-07  16223.9  2.21E-06  0.00E+00  0.00E+00  0.00E+00  0.00E+00
   7 7.85E-07  16223.9  2.78E-06  0.00E+00  0.00E+00  0.00E+00  0.00E+00
   8 9.81E-07  16223.9  3.53E-06  0.00E+00  0.00E+00  0.00E+00  0.00E+00
   9 1.22E-06  16223.9  4.54E-06  0.00E+00  0.00E+00  0.00E+00  0.00E+00
  10 1.50E-06  16224.0  5.90E-06  0.00E+00  0.00E+00  0.00E+00  0.00E+00
  11 1.84E-06  16224.0  7.72E-06  0.00E+00  0.00E+00  0.00E+00  0.00E+00
  12 2.24E-06  16224.0  1.02E-05  0.00E+00  0.00E+00  0.00E+00  0.00E+00
  13 2.71E-06  16224.0  1.35E-05  0.00E+00  0.00E+00  0.00E+00  0.00E+00
  14 3.27E-06  16224.1  1.79E-05  0.00E+00  0.00E+00  0.00E+00  0.00E+00
  15 3.94E-06  16224.1  2.39E-05  0.00E+00  0.00E+00  0.00E+00  0.00E+00
  16 4.72E-06  16224.2  3.20E-05  0.00E+00  0.00E+00  0.00E+00  0.00E+00
  17 5.63E-06  16224.3  4.28E-05  0.00E+00  0.00E+00  0.00E+00  0.00E+00
  18 6.70E-06  16224.5  5.74E-05  0.00E+00  0.00E+00  0.00E+00  0.00E+00
  19 7.96E-06  16224.7  7.69E-05  0.00E+00  0.00E+00  0.00E+00  0.00E+00
  20 9.44E-06  16224.9  1.03E-04  0.00E+00  0.00E+00  0.00E+00  0.00E+00
  21 1.12E-05  16225.3  1.38E-04  0.00E+00  0.00E+00  0.00E+00  0.00E+00
  22 1.32E-05  16225.8  1.85E-04  0.00E+00  0.00E+00  0.00E+00  0.00E+00
  23 1.55E-05  16226.4  2.47E-04  0.00E+00  0.00E+00  0.00E+00  0.00E+00
  24 1.83E-05  16227.3  3.31E-04  0.00E+00  0.00E+00  0.00E+00  0.00E+00
  25 2.15E-05  16228.4  4.41E-04  0.00E+00  0.00E+00  0.00E+00  0.00E+00
  26 2.52E-05  16229.9  5.89E-04  0.00E+00  0.00E+00  0.00E+00  0.00E+00
  27 2.96E-05  16231.9  7.84E-04  0.00E+00  0.00E+00  0.00E+00  0.00E+00
  28 3.48E-05  16234.5  1.04E-03  0.00E+00  0.00E+00  0.00E+00  0.00E+00
  29 4.07E-05  16238.1  1.38E-03  0.00E+00  0.00E+00  0.00E+00  0.00E+00
  30 4.77E-05  16242.7  1.83E-03  0.00E+00  0.00E+00  0.00E+00  0.00E+00
  31 5.59E-05  16248.9  2.43E-03  0.00E+00  0.00E+00  0.00E+00  0.00E+00
  32 6.55E-05  16257.0  3.20E-03  3.12E-01  0.00E+00  0.00E+00  0.00E+00
  33 7.67E-05  16267.8  4.22E-03  3.02E-01  0.00E+00  0.00E+00  0.00E+00
  34 8.98E-05  16281.9  5.54E-03  2.93E-01  0.00E+00  0.00E+00  0.00E+00
  35 1.05E-04  16300.5  7.25E-03  2.83E-01  0.00E+00  0.00E+00  0.00E+00
  36 1.23E-04  16324.8  9.45E-03  2.73E-01  0.00E+00  0.00E+00  0.00E+00
  37 1.44E-04  16356.6  1.23E-02  2.63E-01  0.00E+00  0.00E+00  0.00E+00
  38 1.70E-04  16398.0  1.59E-02  2.54E-01  0.00E+00  0.00E+00  0.00E+00
  39 1.99E-04  16451.9  2.04E-02  2.45E-01  0.00E+00  0.00E+00  0.00E+00
  40 2.34E-04  16521.6  2.61E-02  2.38E-01  0.00E+00  0.00E+00  0.00E+00
  41 2.76E-04  16611.4  3.31E-02  2.31E-01  0.00E+00  0.00E+00  0.00E+00
  42 3.26E-04  16726.8  4.16E-02  2.26E-01  0.00E+00  0.00E+00  0.00E+00
  43 3.87E-04  16874.1  5.18E-02  2.22E-01  0.00E+00  0.00E+00  0.00E+00
  44 4.60E-04  17061.3  6.38E-02  2.20E-01  0.00E+00  0.00E+00  0.00E+00
  45 5.49E-04  17297.4  7.76E-02  2.20E-01  0.00E+00  0.00E+00  0.00E+00
  46 6.59E-04  17593.5  9.31E-02  2.22E-01  0.00E+00  0.00E+00  0.00E+00
  47 7.95E-04  17961.7  1.10E-01  2.27E-01  0.00E+00  0.00E+00  0.00E+00
  48 9.67E-04  18416.0  1.28E-01  2.35E-01  0.00E+00  0.00E+00  0.00E+00
  49 1.18E-03  18971.5  1.46E-01  2.47E-01  0.00E+00  0.00E+00  0.00E+00
  50 1.46E-03  19644.3  1.65E-01  2.61E-01  0.00E+00  0.00E+00  0.00E+00
  51 1.83E-03  20451.0  1.82E-01  2.79E-01  0.00E+00  0.00E+00  0.00E+00
  52 2.30E-03  21407.9  1.98E-01  2.99E-01  0.00E+00  0.00E+00  0.00E+00
  53 2.92E-03  22530.6  2.14E-01  3.19E-01  0.00E+00  0.00E+00  0.00E+00
  54 3.75E-03  23833.3  2.27E-01  3.38E-01  0.00E+00  0.00E+00  0.00E+00
  55 4.82E-03  25327.8  2.40E-01  3.55E-01  0.00E+00  0.00E+00  0.00E+00
  56 6.24E-03  27024.2  2.52E-01  3.68E-01  0.00E+00  0.00E+00  0.00E+00
  57 8.08E-03  28930.5  2.63E-01  3.78E-01  0.00E+00  0.00E+00  0.00E+00
  58 1.05E-02  31054.6  2.73E-01  3.85E-01  0.00E+00  0.00E+00  0.00E+00
  59 1.36E-02  33404.6  2.80E-01  3.90E-01  0.00E+00  0.00E+00  0.00E+00
  60 1.77E-02  35990.5  2.84E-01  3.93E-01  0.00E+00  0.00E+00  0.00E+00
  61 2.32E-02  38823.7  2.81E-01  3.95E-01  0.00E+00  0.00E+00  0.00E+00
  62 3.07E-02  41918.3  2.71E-01  3.97E-01  0.00E+00  0.00E+00  0.00E+00
  63 4.17E-02  45290.3  2.53E-01  3.98E-01  0.00E+00  0.00E+00  0.00E+00
  64 5.84E-02  48958.2  2.32E-01  3.98E-01  0.00E+00  0.00E+00  0.00E+00
  65 8.43E-02  52942.7  2.12E-01  3.98E-01  0.00E+00  0.00E+00  0.00E+00
  66 1.25E-01  57267.0  1.98E-01  3.99E-01  0.00E+00  0.00E+00  0.00E+00
  67 1.90E-01  61956.9  1.89E-01  3.99E-01  0.00E+00  0.00E+00  0.00E+00
  68 2.91E-01  67040.6  1.85E-01  3.99E-01  0.00E+00  0.00E+00  0.00E+00
  69 4.46E-01  72549.2  1.85E-01  3.99E-01  0.00E+00  0.00E+00  0.00E+00
  70 6.79E-01  78516.5  1.88E-01  3.99E-01  0.00E+00  0.00E+00  0.00E+00

convective zone between depths (inclusive)   0   0


 CONVECTIVE FLUX: AT CONTMP, ITER= 2

 conout imod,iprin           1           2


  ID    DM        TEMP      DELTA  DELTA(AD)  CON/TOT  RAD/TOT  (C+R)/TOT


   1 1.62E-07  16223.9  0.00E+00  0.00E+00  0.00E+00  0.00E+00  0.00E+00
   2 2.20E-07  16223.9  1.04E-06  0.00E+00  0.00E+00  0.00E+00  0.00E+00
   3 2.92E-07  16223.9  1.23E-06  0.00E+00  0.00E+00  0.00E+00  0.00E+00
   4 3.81E-07  16223.9  1.47E-06  0.00E+00  0.00E+00  0.00E+00  0.00E+00
   5 4.90E-07  16223.9  1.79E-06  0.00E+00  0.00E+00  0.00E+00  0.00E+00
   6 6.23E-07  16223.9  2.21E-06  0.00E+00  0.00E+00  0.00E+00  0.00E+00
   7 7.85E-07  16223.9  2.78E-06  0.00E+00  0.00E+00  0.00E+00  0.00E+00
   8 9.82E-07  16223.9  3.53E-06  0.00E+00  0.00E+00  0.00E+00  0.00E+00
   9 1.22E-06  16223.9  4.54E-06  0.00E+00  0.00E+00  0.00E+00  0.00E+00
  10 1.50E-06  16224.0  5.90E-06  0.00E+00  0.00E+00  0.00E+00  0.00E+00
  11 1.84E-06  16224.0  7.72E-06  0.00E+00  0.00E+00  0.00E+00  0.00E+00
  12 2.24E-06  16224.0  1.02E-05  0.00E+00  0.00E+00  0.00E+00  0.00E+00
  13 2.71E-06  16224.0  1.35E-05  0.00E+00  0.00E+00  0.00E+00  0.00E+00
  14 3.28E-06  16224.1  1.79E-05  0.00E+00  0.00E+00  0.00E+00  0.00E+00
  15 3.94E-06  16224.1  2.39E-05  0.00E+00  0.00E+00  0.00E+00  0.00E+00
  16 4.72E-06  16224.2  3.20E-05  0.00E+00  0.00E+00  0.00E+00  0.00E+00
  17 5.63E-06  16224.3  4.28E-05  0.00E+00  0.00E+00  0.00E+00  0.00E+00
  18 6.70E-06  16224.5  5.74E-05  0.00E+00  0.00E+00  0.00E+00  0.00E+00
  19 7.96E-06  16224.7  7.69E-05  0.00E+00  0.00E+00  0.00E+00  0.00E+00
  20 9.44E-06  16224.9  1.03E-04  0.00E+00  0.00E+00  0.00E+00  0.00E+00
  21 1.12E-05  16225.3  1.38E-04  0.00E+00  0.00E+00  0.00E+00  0.00E+00
  22 1.32E-05  16225.8  1.85E-04  0.00E+00  0.00E+00  0.00E+00  0.00E+00
  23 1.55E-05  16226.4  2.47E-04  0.00E+00  0.00E+00  0.00E+00  0.00E+00
  24 1.83E-05  16227.3  3.31E-04  0.00E+00  0.00E+00  0.00E+00  0.00E+00
  25 2.15E-05  16228.4  4.41E-04  0.00E+00  0.00E+00  0.00E+00  0.00E+00
  26 2.52E-05  16229.9  5.89E-04  0.00E+00  0.00E+00  0.00E+00  0.00E+00
  27 2.96E-05  16231.9  7.84E-04  0.00E+00  0.00E+00  0.00E+00  0.00E+00
  28 3.48E-05  16234.5  1.04E-03  0.00E+00  0.00E+00  0.00E+00  0.00E+00
  29 4.07E-05  16238.1  1.38E-03  0.00E+00  0.00E+00  0.00E+00  0.00E+00
  30 4.77E-05  16242.7  1.83E-03  0.00E+00  0.00E+00  0.00E+00  0.00E+00
  31 5.59E-05  16248.9  2.43E-03  0.00E+00  0.00E+00  0.00E+00  0.00E+00
  32 6.55E-05  16257.0  3.20E-03  3.11E-01  0.00E+00  0.00E+00  0.00E+00
  33 7.67E-05  16267.8  4.22E-03  3.02E-01  0.00E+00  0.00E+00  0.00E+00
  34 8.98E-05  16281.9  5.54E-03  2.92E-01  0.00E+00  0.00E+00  0.00E+00
  35 1.05E-04  16300.5  7.25E-03  2.82E-01  0.00E+00  0.00E+00  0.00E+00
  36 1.23E-04  16324.8  9.45E-03  2.73E-01  0.00E+00  0.00E+00  0.00E+00
  37 1.44E-04  16356.6  1.23E-02  2.63E-01  0.00E+00  0.00E+00  0.00E+00
  38 1.70E-04  16398.0  1.59E-02  2.54E-01  0.00E+00  0.00E+00  0.00E+00
  39 1.99E-04  16451.9  2.04E-02  2.45E-01  0.00E+00  0.00E+00  0.00E+00
  40 2.34E-04  16521.6  2.61E-02  2.37E-01  0.00E+00  0.00E+00  0.00E+00
  41 2.76E-04  16611.4  3.30E-02  2.31E-01  0.00E+00  0.00E+00  0.00E+00
  42 3.26E-04  16726.8  4.16E-02  2.25E-01  0.00E+00  0.00E+00  0.00E+00
  43 3.87E-04  16874.1  5.17E-02  2.22E-01  0.00E+00  0.00E+00  0.00E+00
  44 4.60E-04  17061.3  6.37E-02  2.20E-01  0.00E+00  0.00E+00  0.00E+00
  45 5.49E-04  17297.4  7.75E-02  2.20E-01  0.00E+00  0.00E+00  0.00E+00
  46 6.59E-04  17593.5  9.30E-02  2.22E-01  0.00E+00  0.00E+00  0.00E+00
  47 7.96E-04  17961.7  1.10E-01  2.27E-01  0.00E+00  0.00E+00  0.00E+00
  48 9.68E-04  18416.0  1.28E-01  2.35E-01  0.00E+00  0.00E+00  0.00E+00
  49 1.19E-03  18971.5  1.46E-01  2.47E-01  0.00E+00  0.00E+00  0.00E+00
  50 1.47E-03  19644.3  1.65E-01  2.61E-01  0.00E+00  0.00E+00  0.00E+00
  51 1.83E-03  20451.0  1.82E-01  2.79E-01  0.00E+00  0.00E+00  0.00E+00
  52 2.30E-03  21407.9  1.98E-01  2.99E-01  0.00E+00  0.00E+00  0.00E+00
  53 2.93E-03  22530.6  2.13E-01  3.19E-01  0.00E+00  0.00E+00  0.00E+00
  54 3.75E-03  23833.3  2.27E-01  3.38E-01  0.00E+00  0.00E+00  0.00E+00
  55 4.83E-03  25327.8  2.40E-01  3.55E-01  0.00E+00  0.00E+00  0.00E+00
  56 6.24E-03  27024.2  2.52E-01  3.68E-01  0.00E+00  0.00E+00  0.00E+00
  57 8.09E-03  28930.5  2.63E-01  3.78E-01  0.00E+00  0.00E+00  0.00E+00
  58 1.05E-02  31054.6  2.73E-01  3.85E-01  0.00E+00  0.00E+00  0.00E+00
  59 1.36E-02  33404.6  2.80E-01  3.90E-01  0.00E+00  0.00E+00  0.00E+00
  60 1.77E-02  35990.5  2.84E-01  3.93E-01  0.00E+00  0.00E+00  0.00E+00
  61 2.32E-02  38823.7  2.81E-01  3.95E-01  0.00E+00  0.00E+00  0.00E+00
  62 3.08E-02  41918.3  2.71E-01  3.97E-01  0.00E+00  0.00E+00  0.00E+00
  63 4.17E-02  45290.3  2.53E-01  3.98E-01  0.00E+00  0.00E+00  0.00E+00
  64 5.83E-02  48958.2  2.33E-01  3.98E-01  0.00E+00  0.00E+00  0.00E+00
  65 8.42E-02  52942.7  2.13E-01  3.98E-01  0.00E+00  0.00E+00  0.00E+00
  66 1.25E-01  57267.0  1.99E-01  3.99E-01  0.00E+00  0.00E+00  0.00E+00
  67 1.89E-01  61956.9  1.90E-01  3.99E-01  0.00E+00  0.00E+00  0.00E+00
  68 2.90E-01  67040.6  1.86E-01  3.99E-01  0.00E+00  0.00E+00  0.00E+00
  69 4.43E-01  72549.2  1.85E-01  3.99E-01  0.00E+00  0.00E+00  0.00E+00
  70 6.75E-01  78516.5  1.88E-01  3.99E-01  0.00E+00  0.00E+00  0.00E+00

convective zone between depths (inclusive)   0   0


 CONVECTIVE FLUX: AT CONTMP, ITER= 3

 conout imod,iprin           1           2


  ID    DM        TEMP      DELTA  DELTA(AD)  CON/TOT  RAD/TOT  (C+R)/TOT


   1 8.84E-08  16223.9  0.00E+00  0.00E+00  0.00E+00  0.00E+00  0.00E+00
   2 1.21E-07  16223.9  1.64E-06  0.00E+00  0.00E+00  0.00E+00  0.00E+00
   3 1.63E-07  16223.9  1.79E-06  0.00E+00  0.00E+00  0.00E+00  0.00E+00
   4 2.18E-07  16223.9  1.98E-06  0.00E+00  0.00E+00  0.00E+00  0.00E+00
   5 2.89E-07  16223.9  2.25E-06  0.00E+00  0.00E+00  0.00E+00  0.00E+00
   6 3.79E-07  16223.9  2.60E-06  0.00E+00  0.00E+00  0.00E+00  0.00E+00
   7 4.94E-07  16223.9  3.09E-06  0.00E+00  0.00E+00  0.00E+00  0.00E+00
   8 6.39E-07  16223.9  3.74E-06  0.00E+00  0.00E+00  0.00E+00  0.00E+00
   9 8.19E-07  16223.9  4.61E-06  0.00E+00  0.00E+00  0.00E+00  0.00E+00
  10 1.04E-06  16224.0  5.80E-06  0.00E+00  0.00E+00  0.00E+00  0.00E+00
  11 1.32E-06  16224.0  7.41E-06  0.00E+00  0.00E+00  0.00E+00  0.00E+00
  12 1.65E-06  16224.0  9.59E-06  0.00E+00  0.00E+00  0.00E+00  0.00E+00
  13 2.05E-06  16224.0  1.25E-05  0.00E+00  0.00E+00  0.00E+00  0.00E+00
  14 2.54E-06  16224.1  1.66E-05  0.00E+00  0.00E+00  0.00E+00  0.00E+00
  15 3.13E-06  16224.1  2.20E-05  0.00E+00  0.00E+00  0.00E+00  0.00E+00
  16 3.83E-06  16224.2  2.93E-05  0.00E+00  0.00E+00  0.00E+00  0.00E+00
  17 4.67E-06  16224.3  3.93E-05  0.00E+00  0.00E+00  0.00E+00  0.00E+00
  18 5.66E-06  16224.5  5.28E-05  0.00E+00  0.00E+00  0.00E+00  0.00E+00
  19 6.84E-06  16224.7  7.09E-05  0.00E+00  0.00E+00  0.00E+00  0.00E+00
  20 8.23E-06  16224.9  9.54E-05  0.00E+00  0.00E+00  0.00E+00  0.00E+00
  21 9.86E-06  16225.3  1.28E-04  0.00E+00  0.00E+00  0.00E+00  0.00E+00
  22 1.18E-05  16225.8  1.73E-04  0.00E+00  0.00E+00  0.00E+00  0.00E+00
  23 1.41E-05  16226.4  2.32E-04  0.00E+00  0.00E+00  0.00E+00  0.00E+00
  24 1.67E-05  16227.3  3.12E-04  0.00E+00  0.00E+00  0.00E+00  0.00E+00
  25 1.99E-05  16228.4  4.18E-04  0.00E+00  0.00E+00  0.00E+00  0.00E+00
  26 2.35E-05  16229.9  5.60E-04  0.00E+00  0.00E+00  0.00E+00  0.00E+00
  27 2.78E-05  16231.9  7.49E-04  0.00E+00  0.00E+00  0.00E+00  0.00E+00
  28 3.29E-05  16234.5  1.00E-03  0.00E+00  0.00E+00  0.00E+00  0.00E+00
  29 3.88E-05  16238.1  1.33E-03  0.00E+00  0.00E+00  0.00E+00  0.00E+00
  30 4.57E-05  16242.7  1.77E-03  0.00E+00  0.00E+00  0.00E+00  0.00E+00
  31 5.37E-05  16248.9  2.35E-03  0.00E+00  0.00E+00  0.00E+00  0.00E+00
  32 6.32E-05  16257.0  3.12E-03  3.14E-01  0.00E+00  0.00E+00  0.00E+00
  33 7.43E-05  16267.8  4.11E-03  3.04E-01  0.00E+00  0.00E+00  0.00E+00
  34 8.74E-05  16281.9  5.41E-03  2.94E-01  0.00E+00  0.00E+00  0.00E+00
  35 1.03E-04  16300.5  7.11E-03  2.84E-01  0.00E+00  0.00E+00  0.00E+00
  36 1.21E-04  16324.8  9.29E-03  2.74E-01  0.00E+00  0.00E+00  0.00E+00
  37 1.42E-04  16356.6  1.21E-02  2.64E-01  0.00E+00  0.00E+00  0.00E+00
  38 1.67E-04  16398.0  1.57E-02  2.55E-01  0.00E+00  0.00E+00  0.00E+00
  39 1.96E-04  16451.9  2.02E-02  2.46E-01  0.00E+00  0.00E+00  0.00E+00
  40 2.31E-04  16521.6  2.58E-02  2.38E-01  0.00E+00  0.00E+00  0.00E+00
  41 2.73E-04  16611.4  3.27E-02  2.32E-01  0.00E+00  0.00E+00  0.00E+00
  42 3.23E-04  16726.8  4.12E-02  2.26E-01  0.00E+00  0.00E+00  0.00E+00
  43 3.83E-04  16874.1  5.14E-02  2.22E-01  0.00E+00  0.00E+00  0.00E+00
  44 4.56E-04  17061.3  6.33E-02  2.20E-01  0.00E+00  0.00E+00  0.00E+00
  45 5.46E-04  17297.4  7.71E-02  2.20E-01  0.00E+00  0.00E+00  0.00E+00
  46 6.56E-04  17593.5  9.26E-02  2.22E-01  0.00E+00  0.00E+00  0.00E+00
  47 7.92E-04  17961.7  1.10E-01  2.27E-01  0.00E+00  0.00E+00  0.00E+00
  48 9.64E-04  18416.0  1.28E-01  2.36E-01  0.00E+00  0.00E+00  0.00E+00
  49 1.18E-03  18971.5  1.46E-01  2.47E-01  0.00E+00  0.00E+00  0.00E+00
  50 1.46E-03  19644.3  1.64E-01  2.62E-01  0.00E+00  0.00E+00  0.00E+00
  51 1.82E-03  20451.0  1.82E-01  2.79E-01  0.00E+00  0.00E+00  0.00E+00
  52 2.30E-03  21407.9  1.98E-01  2.99E-01  0.00E+00  0.00E+00  0.00E+00
  53 2.92E-03  22530.6  2.13E-01  3.19E-01  0.00E+00  0.00E+00  0.00E+00
  54 3.74E-03  23833.3  2.27E-01  3.38E-01  0.00E+00  0.00E+00  0.00E+00
  55 4.82E-03  25327.8  2.40E-01  3.55E-01  0.00E+00  0.00E+00  0.00E+00
  56 6.23E-03  27024.2  2.52E-01  3.68E-01  0.00E+00  0.00E+00  0.00E+00
  57 8.07E-03  28930.5  2.63E-01  3.78E-01  0.00E+00  0.00E+00  0.00E+00
  58 1.05E-02  31054.6  2.73E-01  3.85E-01  0.00E+00  0.00E+00  0.00E+00
  59 1.36E-02  33404.6  2.80E-01  3.90E-01  0.00E+00  0.00E+00  0.00E+00
  60 1.77E-02  35990.5  2.83E-01  3.93E-01  0.00E+00  0.00E+00  0.00E+00
  61 2.32E-02  38823.7  2.81E-01  3.95E-01  0.00E+00  0.00E+00  0.00E+00
  62 3.07E-02  41918.3  2.71E-01  3.97E-01  0.00E+00  0.00E+00  0.00E+00
  63 4.17E-02  45290.3  2.53E-01  3.98E-01  0.00E+00  0.00E+00  0.00E+00
  64 5.83E-02  48958.2  2.33E-01  3.98E-01  0.00E+00  0.00E+00  0.00E+00
  65 8.41E-02  52942.7  2.13E-01  3.98E-01  0.00E+00  0.00E+00  0.00E+00
  66 1.25E-01  57267.0  1.98E-01  3.99E-01  0.00E+00  0.00E+00  0.00E+00
  67 1.90E-01  61956.9  1.89E-01  3.99E-01  0.00E+00  0.00E+00  0.00E+00
  68 2.90E-01  67040.6  1.85E-01  3.99E-01  0.00E+00  0.00E+00  0.00E+00
  69 4.44E-01  72549.2  1.85E-01  3.99E-01  0.00E+00  0.00E+00  0.00E+00
  70 6.77E-01  78516.5  1.88E-01  3.99E-01  0.00E+00  0.00E+00  0.00E+00

convective zone between depths (inclusive)   0   0


 CONVECTIVE FLUX: AT CONTMP, ITER= 4

 conout imod,iprin           1           2


  ID    DM        TEMP      DELTA  DELTA(AD)  CON/TOT  RAD/TOT  (C+R)/TOT


   1 9.32E-08  16223.9  0.00E+00  0.00E+00  0.00E+00  0.00E+00  0.00E+00
   2 1.28E-07  16223.9  1.56E-06  0.00E+00  0.00E+00  0.00E+00  0.00E+00
   3 1.73E-07  16223.9  1.68E-06  0.00E+00  0.00E+00  0.00E+00  0.00E+00
   4 2.33E-07  16223.9  1.84E-06  0.00E+00  0.00E+00  0.00E+00  0.00E+00
   5 3.12E-07  16223.9  2.07E-06  0.00E+00  0.00E+00  0.00E+00  0.00E+00
   6 4.14E-07  16223.9  2.39E-06  0.00E+00  0.00E+00  0.00E+00  0.00E+00
   7 5.44E-07  16223.9  2.84E-06  0.00E+00  0.00E+00  0.00E+00  0.00E+00
   8 7.08E-07  16223.9  3.46E-06  0.00E+00  0.00E+00  0.00E+00  0.00E+00
   9 9.13E-07  16223.9  4.31E-06  0.00E+00  0.00E+00  0.00E+00  0.00E+00
  10 1.17E-06  16224.0  5.49E-06  0.00E+00  0.00E+00  0.00E+00  0.00E+00
  11 1.48E-06  16224.0  7.09E-06  0.00E+00  0.00E+00  0.00E+00  0.00E+00
  12 1.85E-06  16224.0  9.30E-06  0.00E+00  0.00E+00  0.00E+00  0.00E+00
  13 2.30E-06  16224.0  1.23E-05  0.00E+00  0.00E+00  0.00E+00  0.00E+00
  14 2.84E-06  16224.1  1.64E-05  0.00E+00  0.00E+00  0.00E+00  0.00E+00
  15 3.48E-06  16224.1  2.20E-05  0.00E+00  0.00E+00  0.00E+00  0.00E+00
  16 4.24E-06  16224.2  2.96E-05  0.00E+00  0.00E+00  0.00E+00  0.00E+00
  17 5.14E-06  16224.3  4.00E-05  0.00E+00  0.00E+00  0.00E+00  0.00E+00
  18 6.20E-06  16224.5  5.39E-05  0.00E+00  0.00E+00  0.00E+00  0.00E+00
  19 7.44E-06  16224.7  7.27E-05  0.00E+00  0.00E+00  0.00E+00  0.00E+00
  20 8.90E-06  16224.9  9.81E-05  0.00E+00  0.00E+00  0.00E+00  0.00E+00
  21 1.06E-05  16225.3  1.32E-04  0.00E+00  0.00E+00  0.00E+00  0.00E+00
  22 1.26E-05  16225.8  1.78E-04  0.00E+00  0.00E+00  0.00E+00  0.00E+00
  23 1.50E-05  16226.4  2.39E-04  0.00E+00  0.00E+00  0.00E+00  0.00E+00
  24 1.77E-05  16227.3  3.21E-04  0.00E+00  0.00E+00  0.00E+00  0.00E+00
  25 2.09E-05  16228.4  4.30E-04  0.00E+00  0.00E+00  0.00E+00  0.00E+00
  26 2.47E-05  16229.9  5.75E-04  0.00E+00  0.00E+00  0.00E+00  0.00E+00
  27 2.90E-05  16231.9  7.68E-04  0.00E+00  0.00E+00  0.00E+00  0.00E+00
  28 3.41E-05  16234.5  1.02E-03  0.00E+00  0.00E+00  0.00E+00  0.00E+00
  29 4.01E-05  16238.1  1.36E-03  0.00E+00  0.00E+00  0.00E+00  0.00E+00
  30 4.71E-05  16242.7  1.81E-03  0.00E+00  0.00E+00  0.00E+00  0.00E+00
  31 5.53E-05  16248.9  2.40E-03  0.00E+00  0.00E+00  0.00E+00  0.00E+00
  32 6.48E-05  16257.0  3.17E-03  3.12E-01  0.00E+00  0.00E+00  0.00E+00
  33 7.60E-05  16267.8  4.18E-03  3.03E-01  0.00E+00  0.00E+00  0.00E+00
  34 8.91E-05  16281.9  5.50E-03  2.93E-01  0.00E+00  0.00E+00  0.00E+00
  35 1.04E-04  16300.5  7.20E-03  2.83E-01  0.00E+00  0.00E+00  0.00E+00
  36 1.23E-04  16324.8  9.40E-03  2.73E-01  0.00E+00  0.00E+00  0.00E+00
  37 1.44E-04  16356.6  1.22E-02  2.63E-01  0.00E+00  0.00E+00  0.00E+00
  38 1.69E-04  16398.0  1.58E-02  2.54E-01  0.00E+00  0.00E+00  0.00E+00
  39 1.98E-04  16451.9  2.03E-02  2.45E-01  0.00E+00  0.00E+00  0.00E+00
  40 2.34E-04  16521.6  2.60E-02  2.38E-01  0.00E+00  0.00E+00  0.00E+00
  41 2.76E-04  16611.4  3.30E-02  2.31E-01  0.00E+00  0.00E+00  0.00E+00
  42 3.26E-04  16726.8  4.15E-02  2.26E-01  0.00E+00  0.00E+00  0.00E+00
  43 3.86E-04  16874.1  5.17E-02  2.22E-01  0.00E+00  0.00E+00  0.00E+00
  44 4.59E-04  17061.3  6.36E-02  2.20E-01  0.00E+00  0.00E+00  0.00E+00
  45 5.48E-04  17297.4  7.74E-02  2.20E-01  0.00E+00  0.00E+00  0.00E+00
  46 6.58E-04  17593.5  9.29E-02  2.22E-01  0.00E+00  0.00E+00  0.00E+00
  47 7.95E-04  17961.7  1.10E-01  2.27E-01  0.00E+00  0.00E+00  0.00E+00
  48 9.67E-04  18416.0  1.28E-01  2.35E-01  0.00E+00  0.00E+00  0.00E+00
  49 1.18E-03  18971.5  1.46E-01  2.47E-01  0.00E+00  0.00E+00  0.00E+00
  50 1.46E-03  19644.3  1.65E-01  2.61E-01  0.00E+00  0.00E+00  0.00E+00
  51 1.83E-03  20451.0  1.82E-01  2.79E-01  0.00E+00  0.00E+00  0.00E+00
  52 2.30E-03  21407.9  1.98E-01  2.99E-01  0.00E+00  0.00E+00  0.00E+00
  53 2.92E-03  22530.6  2.13E-01  3.19E-01  0.00E+00  0.00E+00  0.00E+00
  54 3.75E-03  23833.3  2.27E-01  3.38E-01  0.00E+00  0.00E+00  0.00E+00
  55 4.82E-03  25327.8  2.40E-01  3.55E-01  0.00E+00  0.00E+00  0.00E+00
  56 6.24E-03  27024.2  2.52E-01  3.68E-01  0.00E+00  0.00E+00  0.00E+00
  57 8.08E-03  28930.5  2.63E-01  3.78E-01  0.00E+00  0.00E+00  0.00E+00
  58 1.05E-02  31054.6  2.73E-01  3.85E-01  0.00E+00  0.00E+00  0.00E+00
  59 1.36E-02  33404.6  2.80E-01  3.90E-01  0.00E+00  0.00E+00  0.00E+00
  60 1.77E-02  35990.5  2.83E-01  3.93E-01  0.00E+00  0.00E+00  0.00E+00
  61 2.32E-02  38823.7  2.81E-01  3.95E-01  0.00E+00  0.00E+00  0.00E+00
  62 3.08E-02  41918.3  2.71E-01  3.97E-01  0.00E+00  0.00E+00  0.00E+00
  63 4.17E-02  45290.3  2.53E-01  3.98E-01  0.00E+00  0.00E+00  0.00E+00
  64 5.83E-02  48958.2  2.33E-01  3.98E-01  0.00E+00  0.00E+00  0.00E+00
  65 8.42E-02  52942.7  2.13E-01  3.98E-01  0.00E+00  0.00E+00  0.00E+00
  66 1.25E-01  57267.0  1.98E-01  3.99E-01  0.00E+00  0.00E+00  0.00E+00
  67 1.90E-01  61956.9  1.89E-01  3.99E-01  0.00E+00  0.00E+00  0.00E+00
  68 2.90E-01  67040.6  1.85E-01  3.99E-01  0.00E+00  0.00E+00  0.00E+00
  69 4.44E-01  72549.2  1.85E-01  3.99E-01  0.00E+00  0.00E+00  0.00E+00
  70 6.77E-01  78516.5  1.88E-01  3.99E-01  0.00E+00  0.00E+00  0.00E+00

convective zone between depths (inclusive)   0   0


 CONVECTIVE FLUX: AT CONTMP, ITER= 5

 conout imod,iprin           1           2


  ID    DM        TEMP      DELTA  DELTA(AD)  CON/TOT  RAD/TOT  (C+R)/TOT


   1 9.33E-08  16223.9  0.00E+00  0.00E+00  0.00E+00  0.00E+00  0.00E+00
   2 1.28E-07  16223.9  1.56E-06  0.00E+00  0.00E+00  0.00E+00  0.00E+00
   3 1.73E-07  16223.9  1.68E-06  0.00E+00  0.00E+00  0.00E+00  0.00E+00
   4 2.34E-07  16223.9  1.84E-06  0.00E+00  0.00E+00  0.00E+00  0.00E+00
   5 3.12E-07  16223.9  2.07E-06  0.00E+00  0.00E+00  0.00E+00  0.00E+00
   6 4.14E-07  16223.9  2.39E-06  0.00E+00  0.00E+00  0.00E+00  0.00E+00
   7 5.44E-07  16223.9  2.84E-06  0.00E+00  0.00E+00  0.00E+00  0.00E+00
   8 7.09E-07  16223.9  3.46E-06  0.00E+00  0.00E+00  0.00E+00  0.00E+00
   9 9.14E-07  16223.9  4.31E-06  0.00E+00  0.00E+00  0.00E+00  0.00E+00
  10 1.17E-06  16224.0  5.47E-06  0.00E+00  0.00E+00  0.00E+00  0.00E+00
  11 1.48E-06  16224.0  7.08E-06  0.00E+00  0.00E+00  0.00E+00  0.00E+00
  12 1.85E-06  16224.0  9.28E-06  0.00E+00  0.00E+00  0.00E+00  0.00E+00
  13 2.31E-06  16224.0  1.23E-05  0.00E+00  0.00E+00  0.00E+00  0.00E+00
  14 2.85E-06  16224.1  1.64E-05  0.00E+00  0.00E+00  0.00E+00  0.00E+00
  15 3.49E-06  16224.1  2.20E-05  0.00E+00  0.00E+00  0.00E+00  0.00E+00
  16 4.26E-06  16224.2  2.96E-05  0.00E+00  0.00E+00  0.00E+00  0.00E+00
  17 5.16E-06  16224.3  3.99E-05  0.00E+00  0.00E+00  0.00E+00  0.00E+00
  18 6.22E-06  16224.5  5.39E-05  0.00E+00  0.00E+00  0.00E+00  0.00E+00
  19 7.47E-06  16224.7  7.27E-05  0.00E+00  0.00E+00  0.00E+00  0.00E+00
  20 8.93E-06  16224.9  9.81E-05  0.00E+00  0.00E+00  0.00E+00  0.00E+00
  21 1.06E-05  16225.3  1.32E-04  0.00E+00  0.00E+00  0.00E+00  0.00E+00
  22 1.27E-05  16225.8  1.78E-04  0.00E+00  0.00E+00  0.00E+00  0.00E+00
  23 1.50E-05  16226.4  2.39E-04  0.00E+00  0.00E+00  0.00E+00  0.00E+00
  24 1.77E-05  16227.3  3.21E-04  0.00E+00  0.00E+00  0.00E+00  0.00E+00
  25 2.10E-05  16228.4  4.30E-04  0.00E+00  0.00E+00  0.00E+00  0.00E+00
  26 2.47E-05  16229.9  5.76E-04  0.00E+00  0.00E+00  0.00E+00  0.00E+00
  27 2.91E-05  16231.9  7.69E-04  0.00E+00  0.00E+00  0.00E+00  0.00E+00
  28 3.42E-05  16234.5  1.03E-03  0.00E+00  0.00E+00  0.00E+00  0.00E+00
  29 4.02E-05  16238.1  1.36E-03  0.00E+00  0.00E+00  0.00E+00  0.00E+00
  30 4.72E-05  16242.7  1.81E-03  0.00E+00  0.00E+00  0.00E+00  0.00E+00
  31 5.54E-05  16248.9  2.40E-03  0.00E+00  0.00E+00  0.00E+00  0.00E+00
  32 6.49E-05  16257.0  3.17E-03  3.12E-01  0.00E+00  0.00E+00  0.00E+00
  33 7.61E-05  16267.8  4.18E-03  3.02E-01  0.00E+00  0.00E+00  0.00E+00
  34 8.92E-05  16281.9  5.50E-03  2.93E-01  0.00E+00  0.00E+00  0.00E+00
  35 1.05E-04  16300.5  7.21E-03  2.83E-01  0.00E+00  0.00E+00  0.00E+00
  36 1.23E-04  16324.8  9.41E-03  2.73E-01  0.00E+00  0.00E+00  0.00E+00
  37 1.44E-04  16356.6  1.22E-02  2.63E-01  0.00E+00  0.00E+00  0.00E+00
  38 1.69E-04  16398.0  1.58E-02  2.54E-01  0.00E+00  0.00E+00  0.00E+00
  39 1.99E-04  16451.9  2.03E-02  2.45E-01  0.00E+00  0.00E+00  0.00E+00
  40 2.34E-04  16521.6  2.60E-02  2.38E-01  0.00E+00  0.00E+00  0.00E+00
  41 2.76E-04  16611.4  3.30E-02  2.31E-01  0.00E+00  0.00E+00  0.00E+00
  42 3.26E-04  16726.8  4.15E-02  2.25E-01  0.00E+00  0.00E+00  0.00E+00
  43 3.86E-04  16874.1  5.17E-02  2.22E-01  0.00E+00  0.00E+00  0.00E+00
  44 4.60E-04  17061.3  6.37E-02  2.20E-01  0.00E+00  0.00E+00  0.00E+00
  45 5.49E-04  17297.4  7.75E-02  2.20E-01  0.00E+00  0.00E+00  0.00E+00
  46 6.59E-04  17593.5  9.30E-02  2.22E-01  0.00E+00  0.00E+00  0.00E+00
  47 7.96E-04  17961.7  1.10E-01  2.27E-01  0.00E+00  0.00E+00  0.00E+00
  48 9.67E-04  18416.0  1.28E-01  2.35E-01  0.00E+00  0.00E+00  0.00E+00
  49 1.19E-03  18971.5  1.46E-01  2.47E-01  0.00E+00  0.00E+00  0.00E+00
  50 1.46E-03  19644.3  1.65E-01  2.61E-01  0.00E+00  0.00E+00  0.00E+00
  51 1.83E-03  20451.0  1.82E-01  2.79E-01  0.00E+00  0.00E+00  0.00E+00
  52 2.30E-03  21407.9  1.98E-01  2.99E-01  0.00E+00  0.00E+00  0.00E+00
  53 2.93E-03  22530.6  2.13E-01  3.19E-01  0.00E+00  0.00E+00  0.00E+00
  54 3.75E-03  23833.3  2.27E-01  3.38E-01  0.00E+00  0.00E+00  0.00E+00
  55 4.83E-03  25327.8  2.40E-01  3.55E-01  0.00E+00  0.00E+00  0.00E+00
  56 6.24E-03  27024.2  2.52E-01  3.68E-01  0.00E+00  0.00E+00  0.00E+00
  57 8.08E-03  28930.5  2.63E-01  3.78E-01  0.00E+00  0.00E+00  0.00E+00
  58 1.05E-02  31054.6  2.73E-01  3.85E-01  0.00E+00  0.00E+00  0.00E+00
  59 1.36E-02  33404.6  2.80E-01  3.90E-01  0.00E+00  0.00E+00  0.00E+00
  60 1.77E-02  35990.5  2.83E-01  3.93E-01  0.00E+00  0.00E+00  0.00E+00
  61 2.32E-02  38823.7  2.81E-01  3.95E-01  0.00E+00  0.00E+00  0.00E+00
  62 3.08E-02  41918.3  2.71E-01  3.97E-01  0.00E+00  0.00E+00  0.00E+00
  63 4.17E-02  45290.3  2.54E-01  3.98E-01  0.00E+00  0.00E+00  0.00E+00
  64 5.83E-02  48958.2  2.33E-01  3.98E-01  0.00E+00  0.00E+00  0.00E+00
  65 8.42E-02  52942.7  2.13E-01  3.98E-01  0.00E+00  0.00E+00  0.00E+00
  66 1.25E-01  57267.0  1.98E-01  3.99E-01  0.00E+00  0.00E+00  0.00E+00
  67 1.90E-01  61956.9  1.89E-01  3.99E-01  0.00E+00  0.00E+00  0.00E+00
  68 2.90E-01  67040.6  1.85E-01  3.99E-01  0.00E+00  0.00E+00  0.00E+00
  69 4.44E-01  72549.2  1.85E-01  3.99E-01  0.00E+00  0.00E+00  0.00E+00
  70 6.77E-01  78516.5  1.88E-01  3.99E-01  0.00E+00  0.00E+00  0.00E+00

convective zone between depths (inclusive)   0   0


 CONVECTIVE FLUX: AT CONTMP, ITER= 6

 conout imod,iprin           1           2


  ID    DM        TEMP      DELTA  DELTA(AD)  CON/TOT  RAD/TOT  (C+R)/TOT


   1 9.33E-08  16223.9  0.00E+00  0.00E+00  0.00E+00  0.00E+00  0.00E+00
   2 1.28E-07  16223.9  1.56E-06  0.00E+00  0.00E+00  0.00E+00  0.00E+00
   3 1.73E-07  16223.9  1.68E-06  0.00E+00  0.00E+00  0.00E+00  0.00E+00
   4 2.34E-07  16223.9  1.84E-06  0.00E+00  0.00E+00  0.00E+00  0.00E+00
   5 3.12E-07  16223.9  2.07E-06  0.00E+00  0.00E+00  0.00E+00  0.00E+00
   6 4.14E-07  16223.9  2.39E-06  0.00E+00  0.00E+00  0.00E+00  0.00E+00
   7 5.44E-07  16223.9  2.84E-06  0.00E+00  0.00E+00  0.00E+00  0.00E+00
   8 7.09E-07  16223.9  3.46E-06  0.00E+00  0.00E+00  0.00E+00  0.00E+00
   9 9.14E-07  16223.9  4.31E-06  0.00E+00  0.00E+00  0.00E+00  0.00E+00
  10 1.17E-06  16224.0  5.48E-06  0.00E+00  0.00E+00  0.00E+00  0.00E+00
  11 1.48E-06  16224.0  7.08E-06  0.00E+00  0.00E+00  0.00E+00  0.00E+00
  12 1.85E-06  16224.0  9.28E-06  0.00E+00  0.00E+00  0.00E+00  0.00E+00
  13 2.31E-06  16224.0  1.23E-05  0.00E+00  0.00E+00  0.00E+00  0.00E+00
  14 2.85E-06  16224.1  1.64E-05  0.00E+00  0.00E+00  0.00E+00  0.00E+00
  15 3.49E-06  16224.1  2.20E-05  0.00E+00  0.00E+00  0.00E+00  0.00E+00
  16 4.26E-06  16224.2  2.96E-05  0.00E+00  0.00E+00  0.00E+00  0.00E+00
  17 5.16E-06  16224.3  3.99E-05  0.00E+00  0.00E+00  0.00E+00  0.00E+00
  18 6.22E-06  16224.5  5.39E-05  0.00E+00  0.00E+00  0.00E+00  0.00E+00
  19 7.47E-06  16224.7  7.27E-05  0.00E+00  0.00E+00  0.00E+00  0.00E+00
  20 8.93E-06  16224.9  9.80E-05  0.00E+00  0.00E+00  0.00E+00  0.00E+00
  21 1.06E-05  16225.3  1.32E-04  0.00E+00  0.00E+00  0.00E+00  0.00E+00
  22 1.27E-05  16225.8  1.78E-04  0.00E+00  0.00E+00  0.00E+00  0.00E+00
  23 1.50E-05  16226.4  2.39E-04  0.00E+00  0.00E+00  0.00E+00  0.00E+00
  24 1.78E-05  16227.3  3.21E-04  0.00E+00  0.00E+00  0.00E+00  0.00E+00
  25 2.10E-05  16228.4  4.30E-04  0.00E+00  0.00E+00  0.00E+00  0.00E+00
  26 2.47E-05  16229.9  5.76E-04  0.00E+00  0.00E+00  0.00E+00  0.00E+00
  27 2.91E-05  16231.9  7.69E-04  0.00E+00  0.00E+00  0.00E+00  0.00E+00
  28 3.42E-05  16234.5  1.03E-03  0.00E+00  0.00E+00  0.00E+00  0.00E+00
  29 4.02E-05  16238.1  1.36E-03  0.00E+00  0.00E+00  0.00E+00  0.00E+00
  30 4.72E-05  16242.7  1.81E-03  0.00E+00  0.00E+00  0.00E+00  0.00E+00
  31 5.54E-05  16248.9  2.40E-03  0.00E+00  0.00E+00  0.00E+00  0.00E+00
  32 6.49E-05  16257.0  3.17E-03  3.12E-01  0.00E+00  0.00E+00  0.00E+00
  33 7.61E-05  16267.8  4.18E-03  3.02E-01  0.00E+00  0.00E+00  0.00E+00
  34 8.92E-05  16281.9  5.50E-03  2.93E-01  0.00E+00  0.00E+00  0.00E+00
  35 1.05E-04  16300.5  7.21E-03  2.83E-01  0.00E+00  0.00E+00  0.00E+00
  36 1.23E-04  16324.8  9.41E-03  2.73E-01  0.00E+00  0.00E+00  0.00E+00
  37 1.44E-04  16356.6  1.22E-02  2.63E-01  0.00E+00  0.00E+00  0.00E+00
  38 1.69E-04  16398.0  1.58E-02  2.54E-01  0.00E+00  0.00E+00  0.00E+00
  39 1.99E-04  16451.9  2.04E-02  2.45E-01  0.00E+00  0.00E+00  0.00E+00
  40 2.34E-04  16521.6  2.60E-02  2.38E-01  0.00E+00  0.00E+00  0.00E+00
  41 2.76E-04  16611.4  3.30E-02  2.31E-01  0.00E+00  0.00E+00  0.00E+00
  42 3.26E-04  16726.8  4.15E-02  2.25E-01  0.00E+00  0.00E+00  0.00E+00
  43 3.86E-04  16874.1  5.17E-02  2.22E-01  0.00E+00  0.00E+00  0.00E+00
  44 4.59E-04  17061.3  6.37E-02  2.20E-01  0.00E+00  0.00E+00  0.00E+00
  45 5.49E-04  17297.4  7.75E-02  2.20E-01  0.00E+00  0.00E+00  0.00E+00
  46 6.58E-04  17593.5  9.30E-02  2.22E-01  0.00E+00  0.00E+00  0.00E+00
  47 7.95E-04  17961.7  1.10E-01  2.27E-01  0.00E+00  0.00E+00  0.00E+00
  48 9.67E-04  18416.0  1.28E-01  2.35E-01  0.00E+00  0.00E+00  0.00E+00
  49 1.18E-03  18971.5  1.46E-01  2.47E-01  0.00E+00  0.00E+00  0.00E+00
  50 1.46E-03  19644.3  1.65E-01  2.61E-01  0.00E+00  0.00E+00  0.00E+00
  51 1.83E-03  20451.0  1.82E-01  2.79E-01  0.00E+00  0.00E+00  0.00E+00
  52 2.30E-03  21407.9  1.98E-01  2.99E-01  0.00E+00  0.00E+00  0.00E+00
  53 2.92E-03  22530.6  2.13E-01  3.19E-01  0.00E+00  0.00E+00  0.00E+00
  54 3.74E-03  23833.3  2.27E-01  3.38E-01  0.00E+00  0.00E+00  0.00E+00
  55 4.82E-03  25327.8  2.40E-01  3.55E-01  0.00E+00  0.00E+00  0.00E+00
  56 6.24E-03  27024.2  2.52E-01  3.68E-01  0.00E+00  0.00E+00  0.00E+00
  57 8.08E-03  28930.5  2.63E-01  3.78E-01  0.00E+00  0.00E+00  0.00E+00
  58 1.05E-02  31054.6  2.73E-01  3.85E-01  0.00E+00  0.00E+00  0.00E+00
  59 1.36E-02  33404.6  2.80E-01  3.90E-01  0.00E+00  0.00E+00  0.00E+00
  60 1.77E-02  35990.5  2.83E-01  3.93E-01  0.00E+00  0.00E+00  0.00E+00
  61 2.32E-02  38823.7  2.81E-01  3.95E-01  0.00E+00  0.00E+00  0.00E+00
  62 3.08E-02  41918.3  2.71E-01  3.97E-01  0.00E+00  0.00E+00  0.00E+00
  63 4.17E-02  45290.3  2.54E-01  3.98E-01  0.00E+00  0.00E+00  0.00E+00
  64 5.83E-02  48958.2  2.33E-01  3.98E-01  0.00E+00  0.00E+00  0.00E+00
  65 8.42E-02  52942.7  2.13E-01  3.98E-01  0.00E+00  0.00E+00  0.00E+00
  66 1.25E-01  57267.0  1.98E-01  3.99E-01  0.00E+00  0.00E+00  0.00E+00
  67 1.90E-01  61956.9  1.89E-01  3.99E-01  0.00E+00  0.00E+00  0.00E+00
  68 2.90E-01  67040.6  1.85E-01  3.99E-01  0.00E+00  0.00E+00  0.00E+00
  69 4.45E-01  72549.2  1.85E-01  3.99E-01  0.00E+00  0.00E+00  0.00E+00
  70 6.77E-01  78516.5  1.88E-01  3.99E-01  0.00E+00  0.00E+00  0.00E+00

convective zone between depths (inclusive)   0   0


 CONVECTIVE FLUX: AT CONTMP, ITER= 7

 conout imod,iprin           1           2


  ID    DM        TEMP      DELTA  DELTA(AD)  CON/TOT  RAD/TOT  (C+R)/TOT


   1 9.33E-08  16223.9  0.00E+00  0.00E+00  0.00E+00  0.00E+00  0.00E+00
   2 1.28E-07  16223.9  1.56E-06  0.00E+00  0.00E+00  0.00E+00  0.00E+00
   3 1.73E-07  16223.9  1.68E-06  0.00E+00  0.00E+00  0.00E+00  0.00E+00
   4 2.34E-07  16223.9  1.84E-06  0.00E+00  0.00E+00  0.00E+00  0.00E+00
   5 3.12E-07  16223.9  2.07E-06  0.00E+00  0.00E+00  0.00E+00  0.00E+00
   6 4.14E-07  16223.9  2.39E-06  0.00E+00  0.00E+00  0.00E+00  0.00E+00
   7 5.44E-07  16223.9  2.84E-06  0.00E+00  0.00E+00  0.00E+00  0.00E+00
   8 7.09E-07  16223.9  3.46E-06  0.00E+00  0.00E+00  0.00E+00  0.00E+00
   9 9.14E-07  16223.9  4.31E-06  0.00E+00  0.00E+00  0.00E+00  0.00E+00
  10 1.17E-06  16224.0  5.48E-06  0.00E+00  0.00E+00  0.00E+00  0.00E+00
  11 1.48E-06  16224.0  7.08E-06  0.00E+00  0.00E+00  0.00E+00  0.00E+00
  12 1.85E-06  16224.0  9.28E-06  0.00E+00  0.00E+00  0.00E+00  0.00E+00
  13 2.31E-06  16224.0  1.23E-05  0.00E+00  0.00E+00  0.00E+00  0.00E+00
  14 2.85E-06  16224.1  1.64E-05  0.00E+00  0.00E+00  0.00E+00  0.00E+00
  15 3.49E-06  16224.1  2.20E-05  0.00E+00  0.00E+00  0.00E+00  0.00E+00
  16 4.26E-06  16224.2  2.96E-05  0.00E+00  0.00E+00  0.00E+00  0.00E+00
  17 5.16E-06  16224.3  3.99E-05  0.00E+00  0.00E+00  0.00E+00  0.00E+00
  18 6.22E-06  16224.5  5.39E-05  0.00E+00  0.00E+00  0.00E+00  0.00E+00
  19 7.47E-06  16224.7  7.27E-05  0.00E+00  0.00E+00  0.00E+00  0.00E+00
  20 8.93E-06  16224.9  9.81E-05  0.00E+00  0.00E+00  0.00E+00  0.00E+00
  21 1.06E-05  16225.3  1.32E-04  0.00E+00  0.00E+00  0.00E+00  0.00E+00
  22 1.27E-05  16225.8  1.78E-04  0.00E+00  0.00E+00  0.00E+00  0.00E+00
  23 1.50E-05  16226.4  2.39E-04  0.00E+00  0.00E+00  0.00E+00  0.00E+00
  24 1.78E-05  16227.3  3.21E-04  0.00E+00  0.00E+00  0.00E+00  0.00E+00
  25 2.10E-05  16228.4  4.30E-04  0.00E+00  0.00E+00  0.00E+00  0.00E+00
  26 2.47E-05  16229.9  5.76E-04  0.00E+00  0.00E+00  0.00E+00  0.00E+00
  27 2.91E-05  16231.9  7.69E-04  0.00E+00  0.00E+00  0.00E+00  0.00E+00
  28 3.42E-05  16234.5  1.03E-03  0.00E+00  0.00E+00  0.00E+00  0.00E+00
  29 4.02E-05  16238.1  1.36E-03  0.00E+00  0.00E+00  0.00E+00  0.00E+00
  30 4.72E-05  16242.7  1.81E-03  0.00E+00  0.00E+00  0.00E+00  0.00E+00
  31 5.54E-05  16248.9  2.40E-03  0.00E+00  0.00E+00  0.00E+00  0.00E+00
  32 6.49E-05  16257.0  3.17E-03  3.12E-01  0.00E+00  0.00E+00  0.00E+00
  33 7.61E-05  16267.8  4.18E-03  3.02E-01  0.00E+00  0.00E+00  0.00E+00
  34 8.92E-05  16281.9  5.50E-03  2.93E-01  0.00E+00  0.00E+00  0.00E+00
  35 1.05E-04  16300.5  7.21E-03  2.83E-01  0.00E+00  0.00E+00  0.00E+00
  36 1.23E-04  16324.8  9.41E-03  2.73E-01  0.00E+00  0.00E+00  0.00E+00
  37 1.44E-04  16356.6  1.22E-02  2.63E-01  0.00E+00  0.00E+00  0.00E+00
  38 1.69E-04  16398.0  1.58E-02  2.54E-01  0.00E+00  0.00E+00  0.00E+00
  39 1.99E-04  16451.9  2.03E-02  2.45E-01  0.00E+00  0.00E+00  0.00E+00
  40 2.34E-04  16521.6  2.60E-02  2.38E-01  0.00E+00  0.00E+00  0.00E+00
  41 2.76E-04  16611.4  3.30E-02  2.31E-01  0.00E+00  0.00E+00  0.00E+00
  42 3.26E-04  16726.8  4.15E-02  2.25E-01  0.00E+00  0.00E+00  0.00E+00
  43 3.86E-04  16874.1  5.17E-02  2.22E-01  0.00E+00  0.00E+00  0.00E+00
  44 4.59E-04  17061.3  6.37E-02  2.20E-01  0.00E+00  0.00E+00  0.00E+00
  45 5.49E-04  17297.4  7.74E-02  2.20E-01  0.00E+00  0.00E+00  0.00E+00
  46 6.59E-04  17593.5  9.29E-02  2.22E-01  0.00E+00  0.00E+00  0.00E+00
  47 7.95E-04  17961.7  1.10E-01  2.27E-01  0.00E+00  0.00E+00  0.00E+00
  48 9.67E-04  18416.0  1.28E-01  2.35E-01  0.00E+00  0.00E+00  0.00E+00
  49 1.19E-03  18971.5  1.46E-01  2.47E-01  0.00E+00  0.00E+00  0.00E+00
  50 1.46E-03  19644.3  1.65E-01  2.61E-01  0.00E+00  0.00E+00  0.00E+00
  51 1.83E-03  20451.0  1.82E-01  2.79E-01  0.00E+00  0.00E+00  0.00E+00
  52 2.30E-03  21407.9  1.98E-01  2.99E-01  0.00E+00  0.00E+00  0.00E+00
  53 2.93E-03  22530.6  2.13E-01  3.19E-01  0.00E+00  0.00E+00  0.00E+00
  54 3.75E-03  23833.3  2.27E-01  3.38E-01  0.00E+00  0.00E+00  0.00E+00
  55 4.83E-03  25327.8  2.40E-01  3.55E-01  0.00E+00  0.00E+00  0.00E+00
  56 6.24E-03  27024.2  2.52E-01  3.68E-01  0.00E+00  0.00E+00  0.00E+00
  57 8.08E-03  28930.5  2.63E-01  3.78E-01  0.00E+00  0.00E+00  0.00E+00
  58 1.05E-02  31054.6  2.73E-01  3.85E-01  0.00E+00  0.00E+00  0.00E+00
  59 1.36E-02  33404.6  2.80E-01  3.90E-01  0.00E+00  0.00E+00  0.00E+00
  60 1.77E-02  35990.5  2.83E-01  3.93E-01  0.00E+00  0.00E+00  0.00E+00
  61 2.32E-02  38823.7  2.81E-01  3.95E-01  0.00E+00  0.00E+00  0.00E+00
  62 3.08E-02  41918.3  2.71E-01  3.97E-01  0.00E+00  0.00E+00  0.00E+00
  63 4.17E-02  45290.3  2.54E-01  3.98E-01  0.00E+00  0.00E+00  0.00E+00
  64 5.83E-02  48958.2  2.33E-01  3.98E-01  0.00E+00  0.00E+00  0.00E+00
  65 8.42E-02  52942.7  2.13E-01  3.98E-01  0.00E+00  0.00E+00  0.00E+00
  66 1.25E-01  57267.0  1.98E-01  3.99E-01  0.00E+00  0.00E+00  0.00E+00
  67 1.90E-01  61956.9  1.89E-01  3.99E-01  0.00E+00  0.00E+00  0.00E+00
  68 2.90E-01  67040.6  1.85E-01  3.99E-01  0.00E+00  0.00E+00  0.00E+00
  69 4.44E-01  72549.2  1.85E-01  3.99E-01  0.00E+00  0.00E+00  0.00E+00
  70 6.77E-01  78516.5  1.88E-01  3.99E-01  0.00E+00  0.00E+00  0.00E+00

convective zone between depths (inclusive)   0   0


 CONVECTIVE FLUX: AT CONTMP, ITER= 8

 conout imod,iprin           1           2


  ID    DM        TEMP      DELTA  DELTA(AD)  CON/TOT  RAD/TOT  (C+R)/TOT


   1 9.33E-08  16223.9  0.00E+00  0.00E+00  0.00E+00  0.00E+00  0.00E+00
   2 1.28E-07  16223.9  1.56E-06  0.00E+00  0.00E+00  0.00E+00  0.00E+00
   3 1.73E-07  16223.9  1.68E-06  0.00E+00  0.00E+00  0.00E+00  0.00E+00
   4 2.34E-07  16223.9  1.84E-06  0.00E+00  0.00E+00  0.00E+00  0.00E+00
   5 3.12E-07  16223.9  2.07E-06  0.00E+00  0.00E+00  0.00E+00  0.00E+00
   6 4.14E-07  16223.9  2.39E-06  0.00E+00  0.00E+00  0.00E+00  0.00E+00
   7 5.44E-07  16223.9  2.84E-06  0.00E+00  0.00E+00  0.00E+00  0.00E+00
   8 7.09E-07  16223.9  3.46E-06  0.00E+00  0.00E+00  0.00E+00  0.00E+00
   9 9.14E-07  16223.9  4.31E-06  0.00E+00  0.00E+00  0.00E+00  0.00E+00
  10 1.17E-06  16224.0  5.48E-06  0.00E+00  0.00E+00  0.00E+00  0.00E+00
  11 1.48E-06  16224.0  7.08E-06  0.00E+00  0.00E+00  0.00E+00  0.00E+00
  12 1.85E-06  16224.0  9.28E-06  0.00E+00  0.00E+00  0.00E+00  0.00E+00
  13 2.31E-06  16224.0  1.23E-05  0.00E+00  0.00E+00  0.00E+00  0.00E+00
  14 2.85E-06  16224.1  1.64E-05  0.00E+00  0.00E+00  0.00E+00  0.00E+00
  15 3.49E-06  16224.1  2.20E-05  0.00E+00  0.00E+00  0.00E+00  0.00E+00
  16 4.26E-06  16224.2  2.96E-05  0.00E+00  0.00E+00  0.00E+00  0.00E+00
  17 5.16E-06  16224.3  3.99E-05  0.00E+00  0.00E+00  0.00E+00  0.00E+00
  18 6.22E-06  16224.5  5.39E-05  0.00E+00  0.00E+00  0.00E+00  0.00E+00
  19 7.47E-06  16224.7  7.27E-05  0.00E+00  0.00E+00  0.00E+00  0.00E+00
  20 8.93E-06  16224.9  9.81E-05  0.00E+00  0.00E+00  0.00E+00  0.00E+00
  21 1.06E-05  16225.3  1.32E-04  0.00E+00  0.00E+00  0.00E+00  0.00E+00
  22 1.27E-05  16225.8  1.78E-04  0.00E+00  0.00E+00  0.00E+00  0.00E+00
  23 1.50E-05  16226.4  2.39E-04  0.00E+00  0.00E+00  0.00E+00  0.00E+00
  24 1.78E-05  16227.3  3.21E-04  0.00E+00  0.00E+00  0.00E+00  0.00E+00
  25 2.10E-05  16228.4  4.30E-04  0.00E+00  0.00E+00  0.00E+00  0.00E+00
  26 2.47E-05  16229.9  5.76E-04  0.00E+00  0.00E+00  0.00E+00  0.00E+00
  27 2.91E-05  16231.9  7.69E-04  0.00E+00  0.00E+00  0.00E+00  0.00E+00
  28 3.42E-05  16234.5  1.03E-03  0.00E+00  0.00E+00  0.00E+00  0.00E+00
  29 4.02E-05  16238.1  1.36E-03  0.00E+00  0.00E+00  0.00E+00  0.00E+00
  30 4.72E-05  16242.7  1.81E-03  0.00E+00  0.00E+00  0.00E+00  0.00E+00
  31 5.54E-05  16248.9  2.40E-03  0.00E+00  0.00E+00  0.00E+00  0.00E+00
  32 6.49E-05  16257.0  3.17E-03  3.12E-01  0.00E+00  0.00E+00  0.00E+00
  33 7.61E-05  16267.8  4.18E-03  3.02E-01  0.00E+00  0.00E+00  0.00E+00
  34 8.92E-05  16281.9  5.50E-03  2.93E-01  0.00E+00  0.00E+00  0.00E+00
  35 1.05E-04  16300.5  7.21E-03  2.83E-01  0.00E+00  0.00E+00  0.00E+00
  36 1.23E-04  16324.8  9.41E-03  2.73E-01  0.00E+00  0.00E+00  0.00E+00
  37 1.44E-04  16356.6  1.22E-02  2.63E-01  0.00E+00  0.00E+00  0.00E+00
  38 1.69E-04  16398.0  1.58E-02  2.54E-01  0.00E+00  0.00E+00  0.00E+00
  39 1.99E-04  16451.9  2.03E-02  2.45E-01  0.00E+00  0.00E+00  0.00E+00
  40 2.34E-04  16521.6  2.60E-02  2.38E-01  0.00E+00  0.00E+00  0.00E+00
  41 2.76E-04  16611.4  3.30E-02  2.31E-01  0.00E+00  0.00E+00  0.00E+00
  42 3.26E-04  16726.8  4.15E-02  2.25E-01  0.00E+00  0.00E+00  0.00E+00
  43 3.86E-04  16874.1  5.17E-02  2.22E-01  0.00E+00  0.00E+00  0.00E+00
  44 4.59E-04  17061.3  6.37E-02  2.20E-01  0.00E+00  0.00E+00  0.00E+00
  45 5.49E-04  17297.4  7.75E-02  2.20E-01  0.00E+00  0.00E+00  0.00E+00
  46 6.59E-04  17593.5  9.30E-02  2.22E-01  0.00E+00  0.00E+00  0.00E+00
  47 7.95E-04  17961.7  1.10E-01  2.27E-01  0.00E+00  0.00E+00  0.00E+00
  48 9.67E-04  18416.0  1.28E-01  2.35E-01  0.00E+00  0.00E+00  0.00E+00
  49 1.18E-03  18971.5  1.46E-01  2.47E-01  0.00E+00  0.00E+00  0.00E+00
  50 1.46E-03  19644.3  1.65E-01  2.61E-01  0.00E+00  0.00E+00  0.00E+00
  51 1.83E-03  20451.0  1.82E-01  2.79E-01  0.00E+00  0.00E+00  0.00E+00
  52 2.30E-03  21407.9  1.98E-01  2.99E-01  0.00E+00  0.00E+00  0.00E+00
  53 2.92E-03  22530.6  2.13E-01  3.19E-01  0.00E+00  0.00E+00  0.00E+00
  54 3.74E-03  23833.3  2.27E-01  3.38E-01  0.00E+00  0.00E+00  0.00E+00
  55 4.82E-03  25327.8  2.40E-01  3.55E-01  0.00E+00  0.00E+00  0.00E+00
  56 6.24E-03  27024.2  2.52E-01  3.68E-01  0.00E+00  0.00E+00  0.00E+00
  57 8.08E-03  28930.5  2.63E-01  3.78E-01  0.00E+00  0.00E+00  0.00E+00
  58 1.05E-02  31054.6  2.73E-01  3.85E-01  0.00E+00  0.00E+00  0.00E+00
  59 1.36E-02  33404.6  2.80E-01  3.90E-01  0.00E+00  0.00E+00  0.00E+00
  60 1.77E-02  35990.5  2.83E-01  3.93E-01  0.00E+00  0.00E+00  0.00E+00
  61 2.32E-02  38823.7  2.81E-01  3.95E-01  0.00E+00  0.00E+00  0.00E+00
  62 3.08E-02  41918.3  2.71E-01  3.97E-01  0.00E+00  0.00E+00  0.00E+00
  63 4.17E-02  45290.3  2.54E-01  3.98E-01  0.00E+00  0.00E+00  0.00E+00
  64 5.83E-02  48958.2  2.33E-01  3.98E-01  0.00E+00  0.00E+00  0.00E+00
  65 8.42E-02  52942.7  2.13E-01  3.98E-01  0.00E+00  0.00E+00  0.00E+00
  66 1.25E-01  57267.0  1.98E-01  3.99E-01  0.00E+00  0.00E+00  0.00E+00
  67 1.90E-01  61956.9  1.89E-01  3.99E-01  0.00E+00  0.00E+00  0.00E+00
  68 2.90E-01  67040.6  1.85E-01  3.99E-01  0.00E+00  0.00E+00  0.00E+00
  69 4.44E-01  72549.2  1.85E-01  3.99E-01  0.00E+00  0.00E+00  0.00E+00
  70 6.77E-01  78516.5  1.88E-01  3.99E-01  0.00E+00  0.00E+00  0.00E+00

convective zone between depths (inclusive)   0   0


 CONVECTIVE FLUX: AT CONTMP, ITER= 9

 conout imod,iprin           1           2


  ID    DM        TEMP      DELTA  DELTA(AD)  CON/TOT  RAD/TOT  (C+R)/TOT


   1 9.33E-08  16223.9  0.00E+00  0.00E+00  0.00E+00  0.00E+00  0.00E+00
   2 1.28E-07  16223.9  1.56E-06  0.00E+00  0.00E+00  0.00E+00  0.00E+00
   3 1.73E-07  16223.9  1.68E-06  0.00E+00  0.00E+00  0.00E+00  0.00E+00
   4 2.34E-07  16223.9  1.84E-06  0.00E+00  0.00E+00  0.00E+00  0.00E+00
   5 3.12E-07  16223.9  2.07E-06  0.00E+00  0.00E+00  0.00E+00  0.00E+00
   6 4.14E-07  16223.9  2.39E-06  0.00E+00  0.00E+00  0.00E+00  0.00E+00
   7 5.44E-07  16223.9  2.84E-06  0.00E+00  0.00E+00  0.00E+00  0.00E+00
   8 7.09E-07  16223.9  3.46E-06  0.00E+00  0.00E+00  0.00E+00  0.00E+00
   9 9.14E-07  16223.9  4.31E-06  0.00E+00  0.00E+00  0.00E+00  0.00E+00
  10 1.17E-06  16224.0  5.48E-06  0.00E+00  0.00E+00  0.00E+00  0.00E+00
  11 1.48E-06  16224.0  7.08E-06  0.00E+00  0.00E+00  0.00E+00  0.00E+00
  12 1.85E-06  16224.0  9.28E-06  0.00E+00  0.00E+00  0.00E+00  0.00E+00
  13 2.31E-06  16224.0  1.23E-05  0.00E+00  0.00E+00  0.00E+00  0.00E+00
  14 2.85E-06  16224.1  1.64E-05  0.00E+00  0.00E+00  0.00E+00  0.00E+00
  15 3.49E-06  16224.1  2.20E-05  0.00E+00  0.00E+00  0.00E+00  0.00E+00
  16 4.26E-06  16224.2  2.96E-05  0.00E+00  0.00E+00  0.00E+00  0.00E+00
  17 5.16E-06  16224.3  3.99E-05  0.00E+00  0.00E+00  0.00E+00  0.00E+00
  18 6.22E-06  16224.5  5.39E-05  0.00E+00  0.00E+00  0.00E+00  0.00E+00
  19 7.47E-06  16224.7  7.27E-05  0.00E+00  0.00E+00  0.00E+00  0.00E+00
  20 8.93E-06  16224.9  9.81E-05  0.00E+00  0.00E+00  0.00E+00  0.00E+00
  21 1.06E-05  16225.3  1.32E-04  0.00E+00  0.00E+00  0.00E+00  0.00E+00
  22 1.27E-05  16225.8  1.78E-04  0.00E+00  0.00E+00  0.00E+00  0.00E+00
  23 1.50E-05  16226.4  2.39E-04  0.00E+00  0.00E+00  0.00E+00  0.00E+00
  24 1.78E-05  16227.3  3.21E-04  0.00E+00  0.00E+00  0.00E+00  0.00E+00
  25 2.10E-05  16228.4  4.30E-04  0.00E+00  0.00E+00  0.00E+00  0.00E+00
  26 2.47E-05  16229.9  5.76E-04  0.00E+00  0.00E+00  0.00E+00  0.00E+00
  27 2.91E-05  16231.9  7.69E-04  0.00E+00  0.00E+00  0.00E+00  0.00E+00
  28 3.42E-05  16234.5  1.03E-03  0.00E+00  0.00E+00  0.00E+00  0.00E+00
  29 4.02E-05  16238.1  1.36E-03  0.00E+00  0.00E+00  0.00E+00  0.00E+00
  30 4.72E-05  16242.7  1.81E-03  0.00E+00  0.00E+00  0.00E+00  0.00E+00
  31 5.54E-05  16248.9  2.40E-03  0.00E+00  0.00E+00  0.00E+00  0.00E+00
  32 6.49E-05  16257.0  3.17E-03  3.12E-01  0.00E+00  0.00E+00  0.00E+00
  33 7.61E-05  16267.8  4.18E-03  3.02E-01  0.00E+00  0.00E+00  0.00E+00
  34 8.92E-05  16281.9  5.50E-03  2.93E-01  0.00E+00  0.00E+00  0.00E+00
  35 1.05E-04  16300.5  7.21E-03  2.83E-01  0.00E+00  0.00E+00  0.00E+00
  36 1.23E-04  16324.8  9.41E-03  2.73E-01  0.00E+00  0.00E+00  0.00E+00
  37 1.44E-04  16356.6  1.22E-02  2.63E-01  0.00E+00  0.00E+00  0.00E+00
  38 1.69E-04  16398.0  1.58E-02  2.54E-01  0.00E+00  0.00E+00  0.00E+00
  39 1.99E-04  16451.9  2.03E-02  2.45E-01  0.00E+00  0.00E+00  0.00E+00
  40 2.34E-04  16521.6  2.60E-02  2.38E-01  0.00E+00  0.00E+00  0.00E+00
  41 2.76E-04  16611.4  3.30E-02  2.31E-01  0.00E+00  0.00E+00  0.00E+00
  42 3.26E-04  16726.8  4.15E-02  2.25E-01  0.00E+00  0.00E+00  0.00E+00
  43 3.86E-04  16874.1  5.17E-02  2.22E-01  0.00E+00  0.00E+00  0.00E+00
  44 4.59E-04  17061.3  6.37E-02  2.20E-01  0.00E+00  0.00E+00  0.00E+00
  45 5.49E-04  17297.4  7.75E-02  2.20E-01  0.00E+00  0.00E+00  0.00E+00
  46 6.59E-04  17593.5  9.30E-02  2.22E-01  0.00E+00  0.00E+00  0.00E+00
  47 7.95E-04  17961.7  1.10E-01  2.27E-01  0.00E+00  0.00E+00  0.00E+00
  48 9.67E-04  18416.0  1.28E-01  2.35E-01  0.00E+00  0.00E+00  0.00E+00
  49 1.18E-03  18971.5  1.46E-01  2.47E-01  0.00E+00  0.00E+00  0.00E+00
  50 1.46E-03  19644.3  1.65E-01  2.61E-01  0.00E+00  0.00E+00  0.00E+00
  51 1.83E-03  20451.0  1.82E-01  2.79E-01  0.00E+00  0.00E+00  0.00E+00
  52 2.30E-03  21407.9  1.98E-01  2.99E-01  0.00E+00  0.00E+00  0.00E+00
  53 2.93E-03  22530.6  2.13E-01  3.19E-01  0.00E+00  0.00E+00  0.00E+00
  54 3.75E-03  23833.3  2.27E-01  3.38E-01  0.00E+00  0.00E+00  0.00E+00
  55 4.83E-03  25327.8  2.40E-01  3.55E-01  0.00E+00  0.00E+00  0.00E+00
  56 6.24E-03  27024.2  2.52E-01  3.68E-01  0.00E+00  0.00E+00  0.00E+00
  57 8.08E-03  28930.5  2.63E-01  3.78E-01  0.00E+00  0.00E+00  0.00E+00
  58 1.05E-02  31054.6  2.73E-01  3.85E-01  0.00E+00  0.00E+00  0.00E+00
  59 1.36E-02  33404.6  2.80E-01  3.90E-01  0.00E+00  0.00E+00  0.00E+00
  60 1.77E-02  35990.5  2.83E-01  3.93E-01  0.00E+00  0.00E+00  0.00E+00
  61 2.32E-02  38823.7  2.81E-01  3.95E-01  0.00E+00  0.00E+00  0.00E+00
  62 3.08E-02  41918.3  2.71E-01  3.97E-01  0.00E+00  0.00E+00  0.00E+00
  63 4.17E-02  45290.3  2.54E-01  3.98E-01  0.00E+00  0.00E+00  0.00E+00
  64 5.83E-02  48958.2  2.33E-01  3.98E-01  0.00E+00  0.00E+00  0.00E+00
  65 8.42E-02  52942.7  2.13E-01  3.98E-01  0.00E+00  0.00E+00  0.00E+00
  66 1.25E-01  57267.0  1.98E-01  3.99E-01  0.00E+00  0.00E+00  0.00E+00
  67 1.90E-01  61956.9  1.89E-01  3.99E-01  0.00E+00  0.00E+00  0.00E+00
  68 2.90E-01  67040.6  1.85E-01  3.99E-01  0.00E+00  0.00E+00  0.00E+00
  69 4.44E-01  72549.2  1.85E-01  3.99E-01  0.00E+00  0.00E+00  0.00E+00
  70 6.77E-01  78516.5  1.88E-01  3.99E-01  0.00E+00  0.00E+00  0.00E+00

convective zone between depths (inclusive)   0   0


 CONVECTIVE FLUX: AT CONTMP, ITER=10

 conout imod,iprin           1           2


  ID    DM        TEMP      DELTA  DELTA(AD)  CON/TOT  RAD/TOT  (C+R)/TOT


   1 9.33E-08  16223.9  0.00E+00  0.00E+00  0.00E+00  0.00E+00  0.00E+00
   2 1.28E-07  16223.9  1.56E-06  0.00E+00  0.00E+00  0.00E+00  0.00E+00
   3 1.73E-07  16223.9  1.68E-06  0.00E+00  0.00E+00  0.00E+00  0.00E+00
   4 2.34E-07  16223.9  1.84E-06  0.00E+00  0.00E+00  0.00E+00  0.00E+00
   5 3.12E-07  16223.9  2.07E-06  0.00E+00  0.00E+00  0.00E+00  0.00E+00
   6 4.14E-07  16223.9  2.39E-06  0.00E+00  0.00E+00  0.00E+00  0.00E+00
   7 5.44E-07  16223.9  2.84E-06  0.00E+00  0.00E+00  0.00E+00  0.00E+00
   8 7.09E-07  16223.9  3.46E-06  0.00E+00  0.00E+00  0.00E+00  0.00E+00
   9 9.14E-07  16223.9  4.31E-06  0.00E+00  0.00E+00  0.00E+00  0.00E+00
  10 1.17E-06  16224.0  5.48E-06  0.00E+00  0.00E+00  0.00E+00  0.00E+00
  11 1.48E-06  16224.0  7.08E-06  0.00E+00  0.00E+00  0.00E+00  0.00E+00
  12 1.85E-06  16224.0  9.28E-06  0.00E+00  0.00E+00  0.00E+00  0.00E+00
  13 2.31E-06  16224.0  1.23E-05  0.00E+00  0.00E+00  0.00E+00  0.00E+00
  14 2.85E-06  16224.1  1.64E-05  0.00E+00  0.00E+00  0.00E+00  0.00E+00
  15 3.49E-06  16224.1  2.20E-05  0.00E+00  0.00E+00  0.00E+00  0.00E+00
  16 4.26E-06  16224.2  2.96E-05  0.00E+00  0.00E+00  0.00E+00  0.00E+00
  17 5.16E-06  16224.3  3.99E-05  0.00E+00  0.00E+00  0.00E+00  0.00E+00
  18 6.22E-06  16224.5  5.39E-05  0.00E+00  0.00E+00  0.00E+00  0.00E+00
  19 7.47E-06  16224.7  7.27E-05  0.00E+00  0.00E+00  0.00E+00  0.00E+00
  20 8.93E-06  16224.9  9.81E-05  0.00E+00  0.00E+00  0.00E+00  0.00E+00
  21 1.06E-05  16225.3  1.32E-04  0.00E+00  0.00E+00  0.00E+00  0.00E+00
  22 1.27E-05  16225.8  1.78E-04  0.00E+00  0.00E+00  0.00E+00  0.00E+00
  23 1.50E-05  16226.4  2.39E-04  0.00E+00  0.00E+00  0.00E+00  0.00E+00
  24 1.78E-05  16227.3  3.21E-04  0.00E+00  0.00E+00  0.00E+00  0.00E+00
  25 2.10E-05  16228.4  4.30E-04  0.00E+00  0.00E+00  0.00E+00  0.00E+00
  26 2.47E-05  16229.9  5.76E-04  0.00E+00  0.00E+00  0.00E+00  0.00E+00
  27 2.91E-05  16231.9  7.69E-04  0.00E+00  0.00E+00  0.00E+00  0.00E+00
  28 3.42E-05  16234.5  1.03E-03  0.00E+00  0.00E+00  0.00E+00  0.00E+00
  29 4.02E-05  16238.1  1.36E-03  0.00E+00  0.00E+00  0.00E+00  0.00E+00
  30 4.72E-05  16242.7  1.81E-03  0.00E+00  0.00E+00  0.00E+00  0.00E+00
  31 5.54E-05  16248.9  2.40E-03  0.00E+00  0.00E+00  0.00E+00  0.00E+00
  32 6.49E-05  16257.0  3.17E-03  3.12E-01  0.00E+00  0.00E+00  0.00E+00
  33 7.61E-05  16267.8  4.18E-03  3.02E-01  0.00E+00  0.00E+00  0.00E+00
  34 8.92E-05  16281.9  5.50E-03  2.93E-01  0.00E+00  0.00E+00  0.00E+00
  35 1.05E-04  16300.5  7.21E-03  2.83E-01  0.00E+00  0.00E+00  0.00E+00
  36 1.23E-04  16324.8  9.41E-03  2.73E-01  0.00E+00  0.00E+00  0.00E+00
  37 1.44E-04  16356.6  1.22E-02  2.63E-01  0.00E+00  0.00E+00  0.00E+00
  38 1.69E-04  16398.0  1.58E-02  2.54E-01  0.00E+00  0.00E+00  0.00E+00
  39 1.99E-04  16451.9  2.03E-02  2.45E-01  0.00E+00  0.00E+00  0.00E+00
  40 2.34E-04  16521.6  2.60E-02  2.38E-01  0.00E+00  0.00E+00  0.00E+00
  41 2.76E-04  16611.4  3.30E-02  2.31E-01  0.00E+00  0.00E+00  0.00E+00
  42 3.26E-04  16726.8  4.15E-02  2.25E-01  0.00E+00  0.00E+00  0.00E+00
  43 3.86E-04  16874.1  5.17E-02  2.22E-01  0.00E+00  0.00E+00  0.00E+00
  44 4.59E-04  17061.3  6.37E-02  2.20E-01  0.00E+00  0.00E+00  0.00E+00
  45 5.49E-04  17297.4  7.75E-02  2.20E-01  0.00E+00  0.00E+00  0.00E+00
  46 6.59E-04  17593.5  9.30E-02  2.22E-01  0.00E+00  0.00E+00  0.00E+00
  47 7.95E-04  17961.7  1.10E-01  2.27E-01  0.00E+00  0.00E+00  0.00E+00
  48 9.67E-04  18416.0  1.28E-01  2.35E-01  0.00E+00  0.00E+00  0.00E+00
  49 1.19E-03  18971.5  1.46E-01  2.47E-01  0.00E+00  0.00E+00  0.00E+00
  50 1.46E-03  19644.3  1.65E-01  2.61E-01  0.00E+00  0.00E+00  0.00E+00
  51 1.83E-03  20451.0  1.82E-01  2.79E-01  0.00E+00  0.00E+00  0.00E+00
  52 2.30E-03  21407.9  1.98E-01  2.99E-01  0.00E+00  0.00E+00  0.00E+00
  53 2.93E-03  22530.6  2.13E-01  3.19E-01  0.00E+00  0.00E+00  0.00E+00
  54 3.75E-03  23833.3  2.27E-01  3.38E-01  0.00E+00  0.00E+00  0.00E+00
  55 4.82E-03  25327.8  2.40E-01  3.55E-01  0.00E+00  0.00E+00  0.00E+00
  56 6.24E-03  27024.2  2.52E-01  3.68E-01  0.00E+00  0.00E+00  0.00E+00
  57 8.08E-03  28930.5  2.63E-01  3.78E-01  0.00E+00  0.00E+00  0.00E+00
  58 1.05E-02  31054.6  2.73E-01  3.85E-01  0.00E+00  0.00E+00  0.00E+00
  59 1.36E-02  33404.6  2.80E-01  3.90E-01  0.00E+00  0.00E+00  0.00E+00
  60 1.77E-02  35990.5  2.83E-01  3.93E-01  0.00E+00  0.00E+00  0.00E+00
  61 2.32E-02  38823.7  2.81E-01  3.95E-01  0.00E+00  0.00E+00  0.00E+00
  62 3.08E-02  41918.3  2.71E-01  3.97E-01  0.00E+00  0.00E+00  0.00E+00
  63 4.17E-02  45290.3  2.54E-01  3.98E-01  0.00E+00  0.00E+00  0.00E+00
  64 5.83E-02  48958.2  2.33E-01  3.98E-01  0.00E+00  0.00E+00  0.00E+00
  65 8.42E-02  52942.7  2.13E-01  3.98E-01  0.00E+00  0.00E+00  0.00E+00
  66 1.25E-01  57267.0  1.98E-01  3.99E-01  0.00E+00  0.00E+00  0.00E+00
  67 1.90E-01  61956.9  1.89E-01  3.99E-01  0.00E+00  0.00E+00  0.00E+00
  68 2.90E-01  67040.6  1.85E-01  3.99E-01  0.00E+00  0.00E+00  0.00E+00
  69 4.44E-01  72549.2  1.85E-01  3.99E-01  0.00E+00  0.00E+00  0.00E+00
  70 6.77E-01  78516.5  1.88E-01  3.99E-01  0.00E+00  0.00E+00  0.00E+00

convective zone between depths (inclusive)   0   0

 conout imod,iprin           2           2


  ID    DM        TEMP      DELTA  DELTA(AD)  CON/TOT  RAD/TOT  (C+R)/TOT


   1 9.33E-08  16223.9  0.00E+00  0.00E+00  0.00E+00  0.00E+00  0.00E+00
   2 1.28E-07  16223.9  1.56E-06  0.00E+00  0.00E+00  0.00E+00  0.00E+00
   3 1.73E-07  16223.9  1.68E-06  0.00E+00  0.00E+00  0.00E+00  0.00E+00
   4 2.34E-07  16223.9  1.84E-06  0.00E+00  0.00E+00  0.00E+00  0.00E+00
   5 3.12E-07  16223.9  2.07E-06  0.00E+00  0.00E+00  0.00E+00  0.00E+00
   6 4.14E-07  16223.9  2.39E-06  0.00E+00  0.00E+00  0.00E+00  0.00E+00
   7 5.44E-07  16223.9  2.84E-06  0.00E+00  0.00E+00  0.00E+00  0.00E+00
   8 7.09E-07  16223.9  3.46E-06  0.00E+00  0.00E+00  0.00E+00  0.00E+00
   9 9.14E-07  16223.9  4.31E-06  0.00E+00  0.00E+00  0.00E+00  0.00E+00
  10 1.17E-06  16224.0  5.48E-06  0.00E+00  0.00E+00  0.00E+00  0.00E+00
  11 1.48E-06  16224.0  7.08E-06  0.00E+00  0.00E+00  0.00E+00  0.00E+00
  12 1.85E-06  16224.0  9.28E-06  0.00E+00  0.00E+00  0.00E+00  0.00E+00
  13 2.31E-06  16224.0  1.23E-05  0.00E+00  0.00E+00  0.00E+00  0.00E+00
  14 2.85E-06  16224.1  1.64E-05  0.00E+00  0.00E+00  0.00E+00  0.00E+00
  15 3.49E-06  16224.1  2.20E-05  0.00E+00  0.00E+00  0.00E+00  0.00E+00
  16 4.26E-06  16224.2  2.96E-05  0.00E+00  0.00E+00  0.00E+00  0.00E+00
  17 5.16E-06  16224.3  3.99E-05  0.00E+00  0.00E+00  0.00E+00  0.00E+00
  18 6.22E-06  16224.5  5.39E-05  0.00E+00  0.00E+00  0.00E+00  0.00E+00
  19 7.47E-06  16224.7  7.27E-05  0.00E+00  0.00E+00  0.00E+00  0.00E+00
  20 8.93E-06  16224.9  9.81E-05  0.00E+00  0.00E+00  0.00E+00  0.00E+00
  21 1.06E-05  16225.3  1.32E-04  0.00E+00  0.00E+00  0.00E+00  0.00E+00
  22 1.27E-05  16225.8  1.78E-04  0.00E+00  0.00E+00  0.00E+00  0.00E+00
  23 1.50E-05  16226.4  2.39E-04  0.00E+00  0.00E+00  0.00E+00  0.00E+00
  24 1.78E-05  16227.3  3.21E-04  0.00E+00  0.00E+00  0.00E+00  0.00E+00
  25 2.10E-05  16228.4  4.30E-04  0.00E+00  0.00E+00  0.00E+00  0.00E+00
  26 2.47E-05  16229.9  5.76E-04  0.00E+00  0.00E+00  0.00E+00  0.00E+00
  27 2.91E-05  16231.9  7.69E-04  0.00E+00  0.00E+00  0.00E+00  0.00E+00
  28 3.42E-05  16234.5  1.03E-03  0.00E+00  0.00E+00  0.00E+00  0.00E+00
  29 4.02E-05  16238.1  1.36E-03  0.00E+00  0.00E+00  0.00E+00  0.00E+00
  30 4.72E-05  16242.7  1.81E-03  0.00E+00  0.00E+00  0.00E+00  0.00E+00
  31 5.54E-05  16248.9  2.40E-03  0.00E+00  0.00E+00  0.00E+00  0.00E+00
  32 6.49E-05  16257.0  3.17E-03  3.12E-01  0.00E+00  0.00E+00  0.00E+00
  33 7.61E-05  16267.8  4.18E-03  3.02E-01  0.00E+00  0.00E+00  0.00E+00
  34 8.92E-05  16281.9  5.50E-03  2.93E-01  0.00E+00  0.00E+00  0.00E+00
  35 1.05E-04  16300.5  7.21E-03  2.83E-01  0.00E+00  0.00E+00  0.00E+00
  36 1.23E-04  16324.8  9.41E-03  2.73E-01  0.00E+00  0.00E+00  0.00E+00
  37 1.44E-04  16356.6  1.22E-02  2.63E-01  0.00E+00  0.00E+00  0.00E+00
  38 1.69E-04  16398.0  1.58E-02  2.54E-01  0.00E+00  0.00E+00  0.00E+00
  39 1.99E-04  16451.9  2.03E-02  2.45E-01  0.00E+00  0.00E+00  0.00E+00
  40 2.34E-04  16521.6  2.60E-02  2.38E-01  0.00E+00  0.00E+00  0.00E+00
  41 2.76E-04  16611.4  3.30E-02  2.31E-01  0.00E+00  0.00E+00  0.00E+00
  42 3.26E-04  16726.8  4.15E-02  2.25E-01  0.00E+00  0.00E+00  0.00E+00
  43 3.86E-04  16874.1  5.17E-02  2.22E-01  0.00E+00  0.00E+00  0.00E+00
  44 4.59E-04  17061.3  6.37E-02  2.20E-01  0.00E+00  0.00E+00  0.00E+00
  45 5.49E-04  17297.4  7.75E-02  2.20E-01  0.00E+00  0.00E+00  0.00E+00
  46 6.59E-04  17593.5  9.30E-02  2.22E-01  0.00E+00  0.00E+00  0.00E+00
  47 7.95E-04  17961.7  1.10E-01  2.27E-01  0.00E+00  0.00E+00  0.00E+00
  48 9.67E-04  18416.0  1.28E-01  2.35E-01  0.00E+00  0.00E+00  0.00E+00
  49 1.18E-03  18971.5  1.46E-01  2.47E-01  0.00E+00  0.00E+00  0.00E+00
  50 1.46E-03  19644.3  1.65E-01  2.61E-01  0.00E+00  0.00E+00  0.00E+00
  51 1.83E-03  20451.0  1.82E-01  2.79E-01  0.00E+00  0.00E+00  0.00E+00
  52 2.30E-03  21407.9  1.98E-01  2.99E-01  0.00E+00  0.00E+00  0.00E+00
  53 2.93E-03  22530.6  2.13E-01  3.19E-01  0.00E+00  0.00E+00  0.00E+00
  54 3.75E-03  23833.3  2.27E-01  3.38E-01  0.00E+00  0.00E+00  0.00E+00
  55 4.82E-03  25327.8  2.40E-01  3.55E-01  0.00E+00  0.00E+00  0.00E+00
  56 6.24E-03  27024.2  2.52E-01  3.68E-01  0.00E+00  0.00E+00  0.00E+00
  57 8.08E-03  28930.5  2.63E-01  3.78E-01  0.00E+00  0.00E+00  0.00E+00
  58 1.05E-02  31054.6  2.73E-01  3.85E-01  0.00E+00  0.00E+00  0.00E+00
  59 1.36E-02  33404.6  2.80E-01  3.90E-01  0.00E+00  0.00E+00  0.00E+00
  60 1.77E-02  35990.5  2.83E-01  3.93E-01  0.00E+00  0.00E+00  0.00E+00
  61 2.32E-02  38823.7  2.81E-01  3.95E-01  0.00E+00  0.00E+00  0.00E+00
  62 3.08E-02  41918.3  2.71E-01  3.97E-01  0.00E+00  0.00E+00  0.00E+00
  63 4.17E-02  45290.3  2.54E-01  3.98E-01  0.00E+00  0.00E+00  0.00E+00
  64 5.83E-02  48958.2  2.33E-01  3.98E-01  0.00E+00  0.00E+00  0.00E+00
  65 8.42E-02  52942.7  2.13E-01  3.98E-01  0.00E+00  0.00E+00  0.00E+00
  66 1.25E-01  57267.0  1.98E-01  3.99E-01  0.00E+00  0.00E+00  0.00E+00
  67 1.90E-01  61956.9  1.89E-01  3.99E-01  0.00E+00  0.00E+00  0.00E+00
  68 2.90E-01  67040.6  1.85E-01  3.99E-01  0.00E+00  0.00E+00  0.00E+00
  69 4.45E-01  72549.2  1.85E-01  3.99E-01  0.00E+00  0.00E+00  0.00E+00
  70 6.77E-01  78516.5  1.88E-01  3.99E-01  0.00E+00  0.00E+00  0.00E+00

convective zone between depths (inclusive)   0   0


**********
 ITERATION:  1
**********

 before inilam
 after tdpini
 before odfmer
 after odfmer
 end inilam
 after inilam
 Total number of lines :      95
 Number of weak lines  :       0
 Intermediate lines    :       0
 Number of strong lines:      95

 MAXIMUM NUMBER OF OVERLAPPING TRANSITIONS:   13

 after linsel
 NTRANS         136
 ilam           1
 after opaini in ilam           1
           warning: density too high for Lyman alpha expansion
 after ratsp1i in ilam           1
 after newpop in ilam           1

 SCHEME OF RADIATIVE EQUIL. SET IN RESOLV
 ONLY INTEGRAL EQUATION FOR ID          <=  37
 BOTH FOR                     38 <= ID <=  70

 after output

  ID   PTOT-SUM  PTOT-MG   PGAS-RHO  PGAS-P    PRAD       A

   1 4.153E+02 2.406E+02 2.042E+02 2.950E+01 2.111E+02 1.208E+00
   2 4.261E+02 2.514E+02 2.151E+02 4.035E+01 2.111E+02 1.208E+00
   3 4.406E+02 2.658E+02 2.295E+02 5.479E+01 2.111E+02 1.208E+00
   4 4.596E+02 2.849E+02 2.486E+02 7.385E+01 2.111E+02 1.208E+00
   5 4.845E+02 3.098E+02 2.735E+02 9.875E+01 2.111E+02 1.208E+00
   6 5.167E+02 3.420E+02 3.057E+02 1.310E+02 2.111E+02 1.208E+00
   7 5.579E+02 3.832E+02 3.468E+02 1.721E+02 2.111E+02 1.208E+00
   8 6.099E+02 4.352E+02 3.988E+02 2.241E+02 2.111E+02 1.208E+00
   9 6.748E+02 5.001E+02 4.637E+02 2.890E+02 2.111E+02 1.208E+00
  10 7.550E+02 5.803E+02 5.440E+02 3.692E+02 2.111E+02 1.208E+00
  11 8.531E+02 6.784E+02 6.421E+02 4.674E+02 2.111E+02 1.208E+00
  12 9.721E+02 7.974E+02 7.611E+02 5.863E+02 2.111E+02 1.208E+00
  13 1.115E+03 9.406E+02 9.043E+02 7.295E+02 2.111E+02 1.208E+00
  14 1.287E+03 1.112E+03 1.076E+03 9.008E+02 2.111E+02 1.208E+00
  15 1.490E+03 1.316E+03 1.279E+03 1.105E+03 2.111E+02 1.208E+00
  16 1.732E+03 1.557E+03 1.521E+03 1.346E+03 2.111E+02 1.208E+00
  17 2.017E+03 1.842E+03 1.806E+03 1.631E+03 2.111E+02 1.208E+00
  18 2.353E+03 2.178E+03 2.142E+03 1.967E+03 2.111E+02 1.208E+00
  19 2.747E+03 2.573E+03 2.536E+03 2.362E+03 2.111E+02 1.209E+00
  20 3.210E+03 3.036E+03 2.999E+03 2.825E+03 2.112E+02 1.209E+00
  21 3.753E+03 3.578E+03 3.542E+03 3.367E+03 2.112E+02 1.209E+00
  22 4.388E+03 4.213E+03 4.177E+03 4.002E+03 2.113E+02 1.209E+00
  23 5.131E+03 4.956E+03 4.920E+03 4.745E+03 2.113E+02 1.209E+00
  24 6.000E+03 5.825E+03 5.788E+03 5.613E+03 2.114E+02 1.209E+00
  25 7.015E+03 6.840E+03 6.804E+03 6.629E+03 2.115E+02 1.209E+00
  26 8.202E+03 8.026E+03 7.990E+03 7.815E+03 2.116E+02 1.210E+00
  27 9.588E+03 9.412E+03 9.376E+03 9.201E+03 2.118E+02 1.210E+00
  28 1.121E+04 1.103E+04 1.100E+04 1.082E+04 2.120E+02 1.211E+00
  29 1.310E+04 1.292E+04 1.289E+04 1.271E+04 2.123E+02 1.211E+00
  30 1.531E+04 1.514E+04 1.510E+04 1.492E+04 2.126E+02 1.212E+00
  31 1.790E+04 1.772E+04 1.768E+04 1.751E+04 2.130E+02 1.212E+00
  32 2.092E+04 2.074E+04 2.071E+04 2.053E+04 2.135E+02 1.212E+00
  33 2.446E+04 2.428E+04 2.425E+04 2.407E+04 2.141E+02 1.212E+00
  34 2.861E+04 2.843E+04 2.840E+04 2.822E+04 2.148E+02 1.212E+00
  35 3.347E+04 3.329E+04 3.326E+04 3.308E+04 2.157E+02 1.212E+00
  36 3.919E+04 3.901E+04 3.897E+04 3.879E+04 2.168E+02 1.211E+00
  37 4.591E+04 4.573E+04 4.569E+04 4.551E+04 2.183E+02 1.209E+00
  38 5.383E+04 5.365E+04 5.361E+04 5.343E+04 2.202E+02 1.208E+00
  39 6.321E+04 6.302E+04 6.298E+04 6.280E+04 2.228E+02 1.206E+00
  40 7.433E+04 7.414E+04 7.410E+04 7.391E+04 2.261E+02 1.204E+00
  41 8.758E+04 8.739E+04 8.735E+04 8.715E+04 2.305E+02 1.201E+00
  42 1.034E+05 1.032E+05 1.032E+05 1.030E+05 2.363E+02 1.197E+00
  43 1.225E+05 1.223E+05 1.223E+05 1.221E+05 2.438E+02 1.193E+00
  44 1.457E+05 1.455E+05 1.454E+05 1.452E+05 2.536E+02 1.187E+00
  45 1.739E+05 1.737E+05 1.737E+05 1.734E+05 2.662E+02 1.180E+00
  46 2.087E+05 2.085E+05 2.085E+05 2.082E+05 2.825E+02 1.170E+00
  47 2.520E+05 2.517E+05 2.517E+05 2.514E+05 3.036E+02 1.157E+00
  48 3.063E+05 3.060E+05 3.060E+05 3.057E+05 3.308E+02 1.141E+00
  49 3.753E+05 3.749E+05 3.749E+05 3.746E+05 3.662E+02 1.121E+00
  50 4.637E+05 4.633E+05 4.633E+05 4.629E+05 4.129E+02 1.100E+00
  51 5.785E+05 5.781E+05 5.781E+05 5.776E+05 4.752E+02 1.077E+00
  52 7.287E+05 7.282E+05 7.282E+05 7.276E+05 5.594E+02 1.056E+00
  53 9.259E+05 9.253E+05 9.253E+05 9.246E+05 6.745E+02 1.038E+00
  54 1.185E+06 1.185E+06 1.185E+06 1.184E+06 8.327E+02 1.024E+00
  55 1.527E+06 1.526E+06 1.526E+06 1.525E+06 1.051E+03 1.013E+00
  56 1.974E+06 1.973E+06 1.973E+06 1.972E+06 1.353E+03 1.006E+00
  57 2.558E+06 2.556E+06 2.556E+06 2.554E+06 1.770E+03 1.002E+00
  58 3.316E+06 3.314E+06 3.314E+06 3.312E+06 2.345E+03 1.000E+00
  59 4.303E+06 4.301E+06 4.300E+06 4.298E+06 3.137E+03 9.992E-01
  60 5.598E+06 5.595E+06 5.594E+06 5.591E+06 4.227E+03 9.992E-01
  61 7.332E+06 7.329E+06 7.326E+06 7.323E+06 5.725E+03 9.995E-01
  62 9.733E+06 9.729E+06 9.725E+06 9.721E+06 7.785E+03 1.000E+00
  63 1.321E+07 1.320E+07 1.320E+07 1.319E+07 1.061E+04 1.000E+00
  64 1.845E+07 1.845E+07 1.844E+07 1.843E+07 1.449E+04 1.000E+00
  65 2.663E+07 2.662E+07 2.661E+07 2.660E+07 1.981E+04 9.999E-01
  66 3.956E+07 3.956E+07 3.954E+07 3.953E+07 2.710E+04 9.994E-01
  67 5.997E+07 5.996E+07 5.993E+07 5.993E+07 3.709E+04 9.985E-01
  68 9.178E+07 9.177E+07 9.173E+07 9.172E+07 5.077E+04 9.968E-01
  69 1.406E+08 1.406E+08 1.405E+08 1.405E+08 6.941E+04 9.938E-01
  70 2.142E+08 2.142E+08 2.141E+08 2.141E+08 9.475E+04 9.888E-01

pzev:CONVECTIVE FLUX: RESOLV; GLOBAL ITERATION = 0


pzev:CONVECTIVE FLUX: RESOLV; GLOBAL ITERATION = 0

 conout imod,iprin           1           0
 ITER  ID    XGRD         FPRAD    log(g_rad)    XGR0        PG+PT      PRAD       d(Ptot)/dm d(PG+PT)/dm

   1   1  1.0000E-01  1.0000E+00  3.9971E+00  3.1623E+07  2.0420E+02  2.1106E+02  2.1893E+09  2.1893E+09
   1   2  3.0000E-01  1.0000E+00  3.9925E+00  9.4868E+07  2.1505E+02  2.1106E+02  3.1624E+08  3.1623E+08
   1   3  5.0000E-01  1.0000E+00  3.9840E+00  1.5811E+08  2.2950E+02  2.1106E+02  3.1624E+08  3.1623E+08
   1   4  7.0000E-01  1.0000E+00  3.9718E+00  2.2136E+08  2.4855E+02  2.1106E+02  3.1624E+08  3.1623E+08
   1   5  9.0000E-01  1.0000E+00  3.9561E+00  2.8461E+08  2.7346E+02  2.1106E+02  3.1624E+08  3.1623E+08
   1   6  9.2000E-01  1.0000E+00  3.9395E+00  2.9093E+08  3.0566E+02  2.1106E+02  3.1624E+08  3.1623E+08
   1   7  9.4000E-01  1.0000E+00  3.9245E+00  2.9725E+08  3.4682E+02  2.1106E+02  3.1624E+08  3.1623E+08
   1   8  9.6000E-01  1.0000E+00  3.9134E+00  3.0358E+08  3.9882E+02  2.1106E+02  3.1624E+08  3.1623E+08
   1   9  9.8000E-01  1.0000E+00  3.9001E+00  3.0990E+08  4.6374E+02  2.1107E+02  3.1624E+08  3.1623E+08
   1  10  9.9000E-01  1.0000E+00  3.8765E+00  3.1307E+08  5.4395E+02  2.1107E+02  3.1624E+08  3.1623E+08
   1  11  9.9000E-01  1.0000E+00  3.8689E+00  3.1307E+08  6.4207E+02  2.1107E+02  3.1624E+08  3.1623E+08
   1  12  9.9000E-01  1.0000E+00  3.8865E+00  3.1307E+08  7.6105E+02  2.1107E+02  3.1624E+08  3.1623E+08
   1  13  9.9000E-01  1.0000E+00  3.9146E+00  3.1307E+08  9.0426E+02  2.1108E+02  3.1624E+08  3.1623E+08
   1  14  9.9000E-01  1.0000E+00  3.9515E+00  3.1307E+08  1.0755E+03  2.1108E+02  3.1624E+08  3.1623E+08
   1  15  9.9000E-01  1.0000E+00  3.9961E+00  3.1307E+08  1.2793E+03  2.1109E+02  3.1624E+08  3.1623E+08
   1  16  9.9000E-01  1.0000E+00  4.0449E+00  3.1307E+08  1.5208E+03  2.1110E+02  3.1624E+08  3.1623E+08
   1  17  9.9000E-01  1.0000E+00  4.0995E+00  3.1307E+08  1.8059E+03  2.1111E+02  3.1624E+08  3.1623E+08
   1  18  9.9000E-01  1.0000E+00  4.1578E+00  3.1307E+08  2.1417E+03  2.1112E+02  3.1624E+08  3.1623E+08
   1  19  9.9000E-01  1.0000E+00  4.2146E+00  3.1307E+08  2.5363E+03  2.1114E+02  3.1624E+08  3.1623E+08
   1  20  9.9000E-01  1.0000E+00  4.2696E+00  3.1307E+08  2.9993E+03  2.1117E+02  3.1624E+08  3.1623E+08
   1  21  9.9000E-01  1.0000E+00  4.3238E+00  3.1307E+08  3.5418E+03  2.1121E+02  3.1625E+08  3.1623E+08
   1  22  9.9000E-01  1.0000E+00  4.3771E+00  3.1307E+08  4.1769E+03  2.1125E+02  3.1625E+08  3.1622E+08
   1  23  9.9000E-01  1.0000E+00  4.4296E+00  3.1307E+08  4.9198E+03  2.1132E+02  3.1625E+08  3.1622E+08
   1  24  9.9000E-01  1.0000E+00  4.4812E+00  3.1307E+08  5.7884E+03  2.1140E+02  3.1625E+08  3.1622E+08
   1  25  9.9000E-01  1.0000E+00  4.5288E+00  3.1307E+08  6.8036E+03  2.1151E+02  3.1626E+08  3.1622E+08
   1  26  9.9000E-01  1.0000E+00  4.5708E+00  3.1307E+08  7.9899E+03  2.1165E+02  3.1626E+08  3.1622E+08
   1  27  9.9000E-01  1.0000E+00  4.6069E+00  3.1307E+08  9.3760E+03  2.1183E+02  3.1626E+08  3.1622E+08
   1  28  9.9000E-01  1.0000E+00  4.6362E+00  3.1307E+08  1.0995E+04  2.1205E+02  3.1627E+08  3.1623E+08
   1  29  9.9000E-01  1.0000E+00  4.6582E+00  3.1307E+08  1.2887E+04  2.1232E+02  3.1627E+08  3.1623E+08
   1  30  9.9000E-01  1.0000E+00  4.6730E+00  3.1307E+08  1.5099E+04  2.1265E+02  3.1627E+08  3.1623E+08
   1  31  9.9000E-01  1.0000E+00  4.6825E+00  3.1307E+08  1.7684E+04  2.1304E+02  3.1628E+08  3.1623E+08
   1  32  9.9000E-01  1.0000E+00  4.6906E+00  3.1307E+08  2.0708E+04  2.1351E+02  3.1628E+08  3.1623E+08
   1  33  9.9000E-01  1.0000E+00  4.7028E+00  3.1307E+08  2.4248E+04  2.1408E+02  3.1628E+08  3.1623E+08
   1  34  9.9000E-01  1.0000E+00  4.7244E+00  3.1307E+08  2.8395E+04  2.1477E+02  3.1629E+08  3.1623E+08
   1  35  9.9000E-01  1.0000E+00  4.7568E+00  3.1307E+08  3.3258E+04  2.1565E+02  3.1629E+08  3.1624E+08
   1  36  9.9000E-01  1.0000E+00  4.7978E+00  3.1307E+08  3.8970E+04  2.1678E+02  3.1630E+08  3.1624E+08
   1  37  9.9000E-01  1.0000E+00  4.8435E+00  3.1307E+08  4.5690E+04  2.1827E+02  3.1631E+08  3.1624E+08
   1  38  9.9000E-01  1.0000E+00  4.8905E+00  3.1307E+08  5.3614E+04  2.2021E+02  3.1632E+08  3.1624E+08
   1  39  9.9000E-01  1.0000E+00  4.9366E+00  3.1307E+08  6.2985E+04  2.2277E+02  3.1633E+08  3.1625E+08
   1  40  9.9000E-01  1.0000E+00  4.9807E+00  3.1307E+08  7.4104E+04  2.2614E+02  3.1634E+08  3.1625E+08
   1  41  9.9000E-01  1.0000E+00  5.0224E+00  3.1307E+08  8.7352E+04  2.3055E+02  3.1636E+08  3.1625E+08
   1  42  9.9000E-01  1.0000E+00  5.0608E+00  3.1307E+08  1.0321E+05  2.3632E+02  3.1637E+08  3.1625E+08
   1  43  9.9000E-01  1.0000E+00  5.0953E+00  3.1307E+08  1.2230E+05  2.4383E+02  3.1638E+08  3.1625E+08
   1  44  9.9000E-01  1.0000E+00  5.1254E+00  3.1307E+08  1.4544E+05  2.5360E+02  3.1639E+08  3.1626E+08
   1  45  9.9000E-01  1.0000E+00  5.1506E+00  3.1307E+08  1.7368E+05  2.6623E+02  3.1640E+08  3.1626E+08
   1  46  9.9000E-01  1.0000E+00  5.1710E+00  3.1307E+08  2.0846E+05  2.8254E+02  3.1640E+08  3.1626E+08
   1  47  9.9000E-01  1.0000E+00  5.1871E+00  3.1307E+08  2.5170E+05  3.0357E+02  3.1641E+08  3.1625E+08
   1  48  9.9000E-01  1.0000E+00  5.2001E+00  3.1307E+08  3.0599E+05  3.3079E+02  3.1641E+08  3.1625E+08
   1  49  9.9000E-01  1.0000E+00  5.2113E+00  3.1307E+08  3.7491E+05  3.6624E+02  3.1641E+08  3.1625E+08
   1  50  9.9000E-01  1.0000E+00  5.2226E+00  3.1307E+08  4.6331E+05  4.1291E+02  3.1641E+08  3.1624E+08
   1  51  9.9000E-01  1.0000E+00  5.2347E+00  3.1307E+08  5.7805E+05  4.7520E+02  3.1641E+08  3.1623E+08
   1  52  9.9000E-01  1.0000E+00  5.2489E+00  3.1307E+08  7.2818E+05  5.5942E+02  3.1640E+08  3.1622E+08
   1  53  9.9000E-01  1.0000E+00  5.2661E+00  3.1307E+08  9.2526E+05  6.7445E+02  3.1640E+08  3.1621E+08
   1  54  9.9000E-01  1.0000E+00  5.2854E+00  3.1307E+08  1.1846E+06  8.3271E+02  3.1639E+08  3.1620E+08
   1  55  9.9000E-01  1.0000E+00  5.3065E+00  3.1307E+08  1.5257E+06  1.0512E+03  3.1638E+08  3.1618E+08
   1  56  9.9000E-01  1.0000E+00  5.3295E+00  3.1307E+08  1.9727E+06  1.3532E+03  3.1637E+08  3.1616E+08
   1  57  9.9000E-01  1.0000E+00  5.3542E+00  3.1307E+08  2.5558E+06  1.7701E+03  3.1636E+08  3.1614E+08
   1  58  9.9000E-01  1.0000E+00  5.3798E+00  3.1307E+08  3.3138E+06  2.3451E+03  3.1636E+08  3.1612E+08
   1  59  9.9000E-01  1.0000E+00  5.4046E+00  3.1307E+08  4.2999E+06  3.1370E+03  3.1635E+08  3.1610E+08
   1  60  9.9000E-01  1.0000E+00  5.4252E+00  3.1307E+08  5.5938E+06  4.2268E+03  3.1635E+08  3.1608E+08
   1  61  9.9000E-01  1.0000E+00  5.4368E+00  3.1307E+08  7.3263E+06  5.7255E+03  3.1634E+08  3.1607E+08
   1  62  9.9000E-01  1.0000E+00  5.4334E+00  3.1307E+08  9.7254E+06  7.7846E+03  3.1633E+08  3.1606E+08
   1  63  9.9000E-01  1.0000E+00  5.4106E+00  3.1307E+08  1.3195E+07  1.0611E+04  3.1631E+08  3.1605E+08
   1  64  9.9000E-01  1.0000E+00  5.3688E+00  3.1307E+08  1.8437E+07  1.4488E+04  3.1628E+08  3.1605E+08
   1  65  9.9000E-01  1.0000E+00  5.3131E+00  3.1307E+08  2.6611E+07  1.9806E+04  3.1626E+08  3.1605E+08
   1  66  9.9000E-01  1.0000E+00  5.2513E+00  3.1307E+08  3.9537E+07  2.7100E+04  3.1624E+08  3.1606E+08
   1  67  9.9000E-01  1.0000E+00  5.1900E+00  3.1307E+08  5.9933E+07  3.7095E+04  3.1623E+08  3.1607E+08
   1  68  9.9000E-01  1.0000E+00  5.1332E+00  3.1307E+08  9.1730E+07  5.0766E+04  3.1622E+08  3.1609E+08
   1  69  9.9000E-01  1.0000E+00  5.0822E+00  3.1307E+08  1.4051E+08  6.9414E+04  3.1623E+08  3.1611E+08
 after radpre
 HMIX0  0.59999999999999998     
dad -3.1037E-17 -3.1037E-17 -6.3718E-15

 SCHEME OF RADIATIVE EQUIL. SET IN RESOLV
 ONLY INTEGRAL EQUATION FOR ID          <=  37
 BOTH FOR                     38 <= ID <=  70


 RYBHEQ in iter   1
   id      dm          dens        pgs0          pra          pradfc      grad        log grad

   1   9.3272E-08   7.6896E-11   2.9494E+01   2.1106E+02   1.2083E+00   9.9339E+03   3.9971E+00
   2   1.2759E-07   8.0982E-11   4.0346E+01   2.1106E+02   1.2083E+00   9.8292E+03   3.9925E+00
   3   1.7326E-07   8.6421E-11   5.4787E+01   2.1106E+02   1.2083E+00   9.6393E+03   3.9840E+00
   4   2.3352E-07   9.3598E-11   7.3844E+01   2.1106E+02   1.2083E+00   9.3723E+03   3.9718E+00
   5   3.1229E-07   1.0298E-10   9.8751E+01   2.1106E+02   1.2083E+00   9.0393E+03   3.9561E+00
   6   4.1412E-07   1.1511E-10   1.3095E+02   2.1106E+02   1.2083E+00   8.7001E+03   3.9395E+00
   7   5.4428E-07   1.3061E-10   1.7211E+02   2.1106E+02   1.2083E+00   8.4050E+03   3.9245E+00
   8   7.0869E-07   1.5019E-10   2.2410E+02   2.1106E+02   1.2083E+00   8.1929E+03   3.9134E+00
   9   9.1401E-07   1.7465E-10   2.8903E+02   2.1107E+02   1.2083E+00   7.9454E+03   3.9001E+00
  10   1.1677E-06   2.0486E-10   3.6923E+02   2.1107E+02   1.2083E+00   7.5250E+03   3.8765E+00
  11   1.4779E-06   2.4182E-10   4.6735E+02   2.1107E+02   1.2083E+00   7.3948E+03   3.8689E+00
  12   1.8542E-06   2.8664E-10   5.8633E+02   2.1107E+02   1.2083E+00   7.6997E+03   3.8865E+00
  13   2.3071E-06   3.4060E-10   7.2954E+02   2.1108E+02   1.2083E+00   8.2145E+03   3.9146E+00
  14   2.8487E-06   4.0514E-10   9.0081E+02   2.1108E+02   1.2083E+00   8.9435E+03   3.9515E+00
  15   3.4931E-06   4.8194E-10   1.1046E+03   2.1109E+02   1.2083E+00   9.9115E+03   3.9961E+00
  16   4.2567E-06   5.7295E-10   1.3460E+03   2.1110E+02   1.2084E+00   1.1090E+04   4.0449E+00
  17   5.1583E-06   6.8043E-10   1.6311E+03   2.1111E+02   1.2084E+00   1.2576E+04   4.0995E+00
  18   6.2202E-06   8.0704E-10   1.9669E+03   2.1112E+02   1.2084E+00   1.4383E+04   4.1578E+00
  19   7.4681E-06   9.5588E-10   2.3615E+03   2.1114E+02   1.2085E+00   1.6391E+04   4.2146E+00
  20   8.9322E-06   1.1305E-09   2.8245E+03   2.1117E+02   1.2086E+00   1.8602E+04   4.2696E+00
  21   1.0648E-05   1.3353E-09   3.3670E+03   2.1121E+02   1.2087E+00   2.1079E+04   4.3238E+00
  22   1.2656E-05   1.5750E-09   4.0020E+03   2.1125E+02   1.2088E+00   2.3831E+04   4.3771E+00
  23   1.5005E-05   1.8556E-09   4.7448E+03   2.1132E+02   1.2090E+00   2.6894E+04   4.4296E+00
  24   1.7752E-05   2.1838E-09   5.6134E+03   2.1140E+02   1.2092E+00   3.0282E+04   4.4812E+00
  25   2.0963E-05   2.5676E-09   6.6285E+03   2.1151E+02   1.2095E+00   3.3790E+04   4.5288E+00
  26   2.4714E-05   3.0163E-09   7.8147E+03   2.1165E+02   1.2098E+00   3.7224E+04   4.5708E+00
  27   2.9097E-05   3.5409E-09   9.2006E+03   2.1183E+02   1.2103E+00   4.0445E+04   4.6069E+00
  28   3.4218E-05   4.1542E-09   1.0820E+04   2.1205E+02   1.2107E+00   4.3272E+04   4.6362E+00
  29   4.0202E-05   4.8713E-09   1.2712E+04   2.1232E+02   1.2112E+00   4.5516E+04   4.6582E+00
  30   4.7194E-05   5.7099E-09   1.4922E+04   2.1265E+02   1.2117E+00   4.7099E+04   4.6730E+00
  31   5.5369E-05   6.6911E-09   1.7507E+04   2.1304E+02   1.2121E+00   4.8137E+04   4.6825E+00
  32   6.4933E-05   7.8395E-09   2.0531E+04   2.1351E+02   1.2124E+00   4.9042E+04   4.6906E+00
  33   7.6127E-05   9.1843E-09   2.4070E+04   2.1408E+02   1.2124E+00   5.0446E+04   4.7028E+00
  34   8.9240E-05   1.0760E-08   2.8217E+04   2.1477E+02   1.2121E+00   5.3009E+04   4.7244E+00
  35   1.0462E-04   1.2607E-08   3.3079E+04   2.1565E+02   1.2115E+00   5.7119E+04   4.7568E+00
  36   1.2268E-04   1.4775E-08   3.8789E+04   2.1678E+02   1.2106E+00   6.2774E+04   4.7978E+00
  37   1.4393E-04   1.7321E-08   4.5507E+04   2.1827E+02   1.2095E+00   6.9743E+04   4.8435E+00
  38   1.6899E-04   2.0313E-08   5.3429E+04   2.2021E+02   1.2080E+00   7.7709E+04   4.8905E+00
  39   1.9862E-04   2.3835E-08   6.2797E+04   2.2277E+02   1.2061E+00   8.6411E+04   4.9366E+00
  40   2.3378E-04   2.7984E-08   7.3912E+04   2.2614E+02   1.2038E+00   9.5664E+04   4.9807E+00
  41   2.7567E-04   3.2877E-08   8.7155E+04   2.3055E+02   1.2009E+00   1.0528E+05   5.0224E+00
  42   3.2581E-04   3.8651E-08   1.0301E+05   2.3632E+02   1.1973E+00   1.1502E+05   5.0608E+00
  43   3.8618E-04   4.5473E-08   1.2209E+05   2.4383E+02   1.1928E+00   1.2453E+05   5.0953E+00
  44   4.5933E-04   5.3539E-08   1.4521E+05   2.5360E+02   1.1871E+00   1.3346E+05   5.1254E+00
  45   5.4864E-04   6.3092E-08   1.7344E+05   2.6623E+02   1.1795E+00   1.4147E+05   5.1506E+00
  46   6.5862E-04   7.4426E-08   2.0820E+05   2.8254E+02   1.1696E+00   1.4827E+05   5.1710E+00
  47   7.9533E-04   8.7915E-08   2.5141E+05   3.0357E+02   1.1568E+00   1.5387E+05   5.1871E+00
  48   9.6702E-04   1.0403E-07   3.0568E+05   3.3079E+02   1.1406E+00   1.5851E+05   5.2001E+00
  49   1.1849E-03   1.2340E-07   3.7455E+05   3.6624E+02   1.1213E+00   1.6268E+05   5.2113E+00
  50   1.4645E-03   1.4682E-07   4.6290E+05   4.1291E+02   1.0997E+00   1.6697E+05   5.2226E+00
  51   1.8273E-03   1.7539E-07   5.7758E+05   4.7520E+02   1.0775E+00   1.7168E+05   5.2347E+00
  52   2.3021E-03   2.1041E-07   7.2762E+05   5.5942E+02   1.0564E+00   1.7740E+05   5.2489E+00
  53   2.9253E-03   2.5334E-07   9.2460E+05   6.7445E+02   1.0381E+00   1.8456E+05   5.2661E+00
  54   3.7456E-03   3.0592E-07   1.1838E+06   8.3271E+02   1.0236E+00   1.9293E+05   5.2854E+00
  55   4.8244E-03   3.7006E-07   1.5248E+06   1.0512E+03   1.0132E+00   2.0256E+05   5.3065E+00
  56   6.2382E-03   4.4781E-07   1.9716E+06   1.3532E+03   1.0063E+00   2.1357E+05   5.3295E+00
  57   8.0826E-03   5.4136E-07   2.5544E+06   1.7701E+03   1.0022E+00   2.2606E+05   5.3542E+00
  58   1.0480E-02   6.5339E-07   3.3121E+06   2.3451E+03   1.0001E+00   2.3978E+05   5.3798E+00
  59   1.3600E-02   7.8774E-07   4.2978E+06   3.1370E+03   9.9921E-01   2.5384E+05   5.4046E+00
  60   1.7694E-02   9.5077E-07   5.5912E+06   4.2268E+03   9.9916E-01   2.6622E+05   5.4252E+00
  61   2.3175E-02   1.1540E-06   7.3230E+06   5.7255E+03   9.9953E-01   2.7342E+05   5.4368E+00
  62   3.0766E-02   1.4186E-06   9.7214E+06   7.7846E+03   9.9999E-01   2.7126E+05   5.4334E+00
  63   4.1745E-02   1.7812E-06   1.3191E+07   1.0611E+04   1.0002E+00   2.5742E+05   5.4106E+00
  64   5.8330E-02   2.3021E-06   1.8431E+07   1.4488E+04   1.0002E+00   2.3377E+05   5.3688E+00
  65   8.4194E-02   3.0725E-06   2.6605E+07   1.9806E+04   9.9989E-01   2.0563E+05   5.3131E+00
  66   1.2509E-01   4.2201E-06   3.9530E+07   2.7100E+04   9.9937E-01   1.7835E+05   5.2513E+00
  67   1.8962E-01   5.9129E-06   5.9926E+07   3.7095E+04   9.9846E-01   1.5489E+05   5.1900E+00
  68   2.9022E-01   8.3639E-06   9.1724E+07   5.0766E+04   9.9678E-01   1.3590E+05   5.1332E+00
  69   4.4453E-01   1.1839E-05   1.4050E+08   6.9414E+04   9.9379E-01   1.2085E+05   5.0822E+00
  70   6.7720E-01   1.6667E-05   2.1406E+08   9.4748E+04   9.8878E-01   1.0888E+05   5.0369E+00
 before if(lfin) F

before psy0 - nfreqe,in       0       2       0       1       0       0       1

 =========  LINEARIZATION, ITER =           1

reint1.1.1.1.1.1.1.1.1.1.1.1.1.1.1.1.1.1.1.1.1.1.1.1.1.1.1.1.1.1.1.1.1.1.1.
     1.1.1.1.1.1.1.1.1.1.1.1.1.1.1.1.1.1.1.1.1.1.1.1.1.1.1.1.1.1.1.1.1.1.1.
redif0.0.0.0.0.0.0.0.0.0.0.0.0.0.0.0.0.0.0.0.0.0.0.0.0.0.0.0.0.0.0.0.0.0.0.
     0.1.1.1.1.1.1.1.1.1.1.1.1.1.1.1.1.1.1.1.1.1.1.1.1.1.1.1.1.1.1.1.1.1.1.
u -5.28E+04 -1.83E-05  1.11E+00  2.00E+00 -4.77E+04 -4.77E+04  6.46E+07  1.72E-08  5.76E-04  9.64E-01
 ===== end of RYBCHN in ITER           1
 conout imod,iprin           1           1


  ID    DM        TEMP      DELTA  DELTA(AD)  CON/TOT  RAD/TOT  (C+R)/TOT


   1 9.33E-08  12979.1  0.00E+00  0.00E+00  0.00E+00  0.00E+00  0.00E+00
   2 1.28E-07  12979.1  1.83E-06  0.00E+00  0.00E+00  0.00E+00  0.00E+00
   3 1.73E-07  12979.1  1.95E-06  0.00E+00  0.00E+00  0.00E+00  0.00E+00
   4 2.34E-07  12979.1  2.12E-06  0.00E+00  0.00E+00  0.00E+00  0.00E+00
   5 3.12E-07  12979.1  2.36E-06  0.00E+00  0.00E+00  0.00E+00  0.00E+00
   6 4.14E-07  12979.1  2.69E-06  0.00E+00  0.00E+00  0.00E+00  0.00E+00
   7 5.44E-07  12979.1  3.16E-06  0.00E+00  0.00E+00  0.00E+00  0.00E+00
   8 7.09E-07  12979.1  3.79E-06  0.00E+00  0.00E+00  0.00E+00  0.00E+00
   9 9.14E-07  12979.1  4.67E-06  0.00E+00  0.00E+00  0.00E+00  0.00E+00
  10 1.17E-06  12979.2  5.87E-06  0.00E+00  0.00E+00  0.00E+00  0.00E+00
  11 1.48E-06  12979.2  7.52E-06  0.00E+00  0.00E+00  0.00E+00  0.00E+00
  12 1.85E-06  12979.2  9.77E-06  0.00E+00  0.00E+00  0.00E+00  0.00E+00
  13 2.31E-06  12979.2  1.28E-05  0.00E+00  0.00E+00  0.00E+00  0.00E+00
  14 2.85E-06  12979.3  1.70E-05  0.00E+00  0.00E+00  0.00E+00  0.00E+00
  15 3.49E-06  12979.3  2.27E-05  0.00E+00  0.00E+00  0.00E+00  0.00E+00
  16 4.26E-06  12979.4  3.04E-05  0.00E+00  0.00E+00  0.00E+00  0.00E+00
  17 5.16E-06  12979.5  4.08E-05  0.00E+00  0.00E+00  0.00E+00  0.00E+00
  18 6.22E-06  12979.6  5.49E-05  0.00E+00  0.00E+00  0.00E+00  0.00E+00
  19 7.47E-06  12979.7  7.38E-05  0.00E+00  0.00E+00  0.00E+00  0.00E+00
  20 8.93E-06  12980.0  9.93E-05  0.00E+00  0.00E+00  0.00E+00  0.00E+00
  21 1.06E-05  12980.2  1.34E-04  0.00E+00  0.00E+00  0.00E+00  0.00E+00
  22 1.27E-05  12980.6  1.80E-04  0.00E+00  0.00E+00  0.00E+00  0.00E+00
  23 1.50E-05  12981.1  2.41E-04  0.00E+00  0.00E+00  0.00E+00  0.00E+00
  24 1.78E-05  12981.8  3.23E-04  0.00E+00  0.00E+00  0.00E+00  0.00E+00
  25 2.10E-05  12982.7  4.33E-04  0.00E+00  0.00E+00  0.00E+00  0.00E+00
  26 2.47E-05  13203.5  1.05E-01  0.00E+00  0.00E+00  0.00E+00  0.00E+00
  27 2.91E-05  13424.7  1.04E-01  0.00E+00  0.00E+00  0.00E+00  0.00E+00
  28 3.42E-05  13611.3  8.69E-02  0.00E+00  0.00E+00  0.00E+00  0.00E+00
  29 4.02E-05  13754.6  6.62E-02  0.00E+00  0.00E+00  0.00E+00  0.00E+00
  30 4.72E-05  13848.2  4.30E-02  0.00E+00  0.00E+00  0.00E+00  0.00E+00
  31 5.54E-05  13888.2  1.83E-02  0.00E+00  0.00E+00  0.00E+00  0.00E+00
  32 6.49E-05  13876.8 -5.20E-03  1.52E-01  0.00E+00  0.00E+00  0.00E+00
  33 7.61E-05  13828.2 -2.23E-02  1.43E-01  0.00E+00  0.00E+00  0.00E+00
  34 8.92E-05  13770.7 -2.64E-02  1.35E-01  0.00E+00  0.00E+00  0.00E+00
  35 1.05E-04  13744.2 -1.22E-02  1.28E-01  0.00E+00  0.00E+00  0.00E+00
  36 1.23E-04  13788.7  2.04E-02  1.24E-01  0.00E+00  0.00E+00  0.00E+00
  37 1.44E-04  13933.5  6.58E-02  1.23E-01  0.00E+00  0.00E+00  0.00E+00
  38 1.69E-04  14169.6  1.05E-01  1.25E-01  0.00E+00  0.00E+00  0.00E+00
  39 1.99E-04  14477.7  1.34E-01  1.30E-01  1.08E-07  0.00E+00  1.08E-07
  40 2.34E-04  14831.6  1.49E-01  1.38E-01  1.44E-06  0.00E+00  1.44E-06
  41 2.76E-04  15211.9  1.54E-01  1.47E-01  1.51E-07  0.00E+00  1.51E-07
  42 3.26E-04  15609.8  1.55E-01  1.57E-01  0.00E+00  0.00E+00  0.00E+00
  43 3.86E-04  16024.7  1.55E-01  1.68E-01  0.00E+00  0.00E+00  0.00E+00
  44 4.59E-04  16462.4  1.56E-01  1.81E-01  0.00E+00  0.00E+00  0.00E+00
  45 5.49E-04  16931.8  1.58E-01  1.94E-01  0.00E+00  0.00E+00  0.00E+00
  46 6.59E-04  17443.9  1.63E-01  2.08E-01  0.00E+00  0.00E+00  0.00E+00
  47 7.95E-04  18010.5  1.70E-01  2.25E-01  0.00E+00  0.00E+00  0.00E+00
  48 9.67E-04  18644.3  1.77E-01  2.42E-01  0.00E+00  0.00E+00  0.00E+00
  49 1.18E-03  19356.1  1.85E-01  2.61E-01  0.00E+00  0.00E+00  0.00E+00
  50 1.46E-03  20155.4  1.91E-01  2.81E-01  0.00E+00  0.00E+00  0.00E+00
  51 1.83E-03  21052.6  1.97E-01  3.01E-01  0.00E+00  0.00E+00  0.00E+00
  52 2.30E-03  22060.0  2.02E-01  3.20E-01  0.00E+00  0.00E+00  0.00E+00
  53 2.93E-03  23194.3  2.09E-01  3.37E-01  0.00E+00  0.00E+00  0.00E+00
  54 3.75E-03  24478.2  2.18E-01  3.51E-01  0.00E+00  0.00E+00  0.00E+00
  55 4.82E-03  25935.3  2.28E-01  3.64E-01  0.00E+00  0.00E+00  0.00E+00
  56 6.24E-03  27586.4  2.40E-01  3.74E-01  0.00E+00  0.00E+00  0.00E+00
  57 8.08E-03  29447.3  2.52E-01  3.81E-01  0.00E+00  0.00E+00  0.00E+00
  58 1.05E-02  31528.7  2.63E-01  3.87E-01  0.00E+00  0.00E+00  0.00E+00
  59 1.36E-02  33837.3  2.71E-01  3.91E-01  0.00E+00  0.00E+00  0.00E+00
  60 1.77E-02  36377.4  2.75E-01  3.94E-01  0.00E+00  0.00E+00  0.00E+00
  61 2.32E-02  39156.4  2.73E-01  3.96E-01  0.00E+00  0.00E+00  0.00E+00
  62 3.08E-02  42190.9  2.63E-01  3.97E-01  0.00E+00  0.00E+00  0.00E+00
  63 4.17E-02  45504.9  2.48E-01  3.98E-01  0.00E+00  0.00E+00  0.00E+00
  64 5.83E-02  49120.4  2.29E-01  3.98E-01  0.00E+00  0.00E+00  0.00E+00
  65 8.42E-02  53056.8  2.10E-01  3.99E-01  0.00E+00  0.00E+00  0.00E+00
  66 1.25E-01  57339.6  1.96E-01  3.99E-01  0.00E+00  0.00E+00  0.00E+00
  67 1.90E-01  62001.2  1.88E-01  3.99E-01  0.00E+00  0.00E+00  0.00E+00
  68 2.90E-01  67076.8  1.85E-01  3.99E-01  0.00E+00  0.00E+00  0.00E+00
  69 4.45E-01  72605.0  1.86E-01  3.99E-01  0.00E+00  0.00E+00  0.00E+00
  70 6.77E-01  78632.3  1.89E-01  3.99E-01  0.00E+00  0.00E+00  0.00E+00

convective zone between depths (inclusive)  39  41

 end rybsol

**********
 ITERATION:  2
**********

 before inilam
 after inilam
 after linsel
 NTRANS         136
 ilam           1
 after opaini in ilam           1
 after ratsp1i in ilam           1
 after newpop in ilam           1
 after output
 after radpre
 HMIX0  0.59999999999999998     
dad -2.3682E-18 -2.3682E-18 -1.2621E-15

 RYBHEQ in iter   2
   id      dm          dens        pgs0          pra          pradfc      grad        log grad

   1   9.3272E-08   1.3885E-11   2.9495E+01   2.1832E+02   3.0514E+00   4.2116E+03   3.6245E+00
   2   1.2759E-07   1.8995E-11   4.0346E+01   2.1832E+02   3.0514E+00   4.3555E+03   3.6390E+00
   3   1.7326E-07   2.5797E-11   5.4788E+01   2.1832E+02   3.0514E+00   4.4929E+03   3.6525E+00
   4   2.3352E-07   3.4775E-11   7.3846E+01   2.1833E+02   3.0514E+00   4.1720E+03   3.6203E+00
   5   3.1229E-07   4.6513E-11   9.8752E+01   2.1833E+02   3.0514E+00   3.6859E+03   3.5665E+00
   6   4.1412E-07   6.1696E-11   1.3095E+02   2.1833E+02   3.0514E+00   3.4571E+03   3.5387E+00
   7   5.4428E-07   8.1111E-11   1.7211E+02   2.1833E+02   3.0514E+00   3.5603E+03   3.5515E+00
   8   7.0869E-07   1.0565E-10   2.2411E+02   2.1833E+02   3.0514E+00   3.8363E+03   3.5839E+00
   9   9.1401E-07   1.3633E-10   2.8903E+02   2.1833E+02   3.0514E+00   4.2178E+03   3.6251E+00
  10   1.1677E-06   1.7426E-10   3.6924E+02   2.1833E+02   3.0514E+00   4.8555E+03   3.6862E+00
  11   1.4779E-06   2.2073E-10   4.6736E+02   2.1833E+02   3.0514E+00   5.7489E+03   3.7596E+00
  12   1.8542E-06   2.7716E-10   5.8634E+02   2.1833E+02   3.0514E+00   6.7986E+03   3.8324E+00
  13   2.3071E-06   3.4521E-10   7.2954E+02   2.1834E+02   3.0515E+00   7.9724E+03   3.9016E+00
  14   2.8487E-06   4.2678E-10   9.0082E+02   2.1834E+02   3.0515E+00   9.2717E+03   3.9672E+00
  15   3.4931E-06   5.2410E-10   1.1046E+03   2.1835E+02   3.0515E+00   1.0684E+04   4.0287E+00
  16   4.2567E-06   6.3975E-10   1.3460E+03   2.1836E+02   3.0516E+00   1.2251E+04   4.0882E+00
  17   5.1583E-06   7.7680E-10   1.6311E+03   2.1837E+02   3.0517E+00   1.3987E+04   4.1457E+00
  18   6.2202E-06   9.3890E-10   1.9669E+03   2.1839E+02   3.0518E+00   1.5763E+04   4.1977E+00
  19   7.4681E-06   1.1303E-09   2.3615E+03   2.1841E+02   3.0520E+00   1.7496E+04   4.2429E+00
  20   8.9322E-06   1.3561E-09   2.8245E+03   2.1844E+02   3.0522E+00   1.9157E+04   4.2823E+00
  21   1.0648E-05   1.6224E-09   3.3670E+03   2.1847E+02   3.0524E+00   2.0697E+04   4.3159E+00
  22   1.2656E-05   1.9363E-09   4.0020E+03   2.1852E+02   3.0527E+00   2.2209E+04   4.3465E+00
  23   1.5005E-05   2.3064E-09   4.7448E+03   2.1857E+02   3.0530E+00   2.3989E+04   4.3800E+00
  24   1.7752E-05   2.7432E-09   5.6134E+03   2.1865E+02   3.0534E+00   2.6533E+04   4.4238E+00
  25   2.0963E-05   3.2587E-09   6.6285E+03   2.1875E+02   3.0539E+00   3.0901E+04   4.4900E+00
  26   2.4714E-05   3.7661E-09   7.8147E+03   2.1890E+02   2.8566E+00   3.9995E+04   4.6020E+00
  27   2.9097E-05   4.3492E-09   9.2006E+03   2.1909E+02   2.6753E+00   4.3515E+04   4.6386E+00
  28   3.4218E-05   5.0388E-09   1.0820E+04   2.1932E+02   2.5343E+00   4.5077E+04   4.6540E+00
  29   4.0202E-05   5.8609E-09   1.2712E+04   2.1959E+02   2.4334E+00   4.6157E+04   4.6642E+00
  30   4.7194E-05   6.8495E-09   1.4922E+04   2.1993E+02   2.3718E+00   4.7375E+04   4.6755E+00
  31   5.5369E-05   8.0491E-09   1.7507E+04   2.2033E+02   2.3489E+00   4.9345E+04   4.6932E+00
  32   6.4933E-05   9.5155E-09   2.0531E+04   2.2083E+02   2.3620E+00   5.2897E+04   4.7234E+00
  33   7.6127E-05   1.1309E-08   2.4070E+04   2.2149E+02   2.4026E+00   5.8842E+04   4.7697E+00
  34   8.9240E-05   1.3478E-08   2.8216E+04   2.2238E+02   2.4527E+00   6.7475E+04   4.8291E+00
  35   1.0462E-04   1.6023E-08   3.3078E+04   2.2358E+02   2.4850E+00   7.8374E+04   4.8942E+00
  36   1.2268E-04   1.8881E-08   3.8788E+04   2.2522E+02   2.4711E+00   9.0704E+04   4.9576E+00
  37   1.4393E-04   2.1944E-08   4.5505E+04   2.2742E+02   2.3931E+00   1.0367E+05   5.0157E+00
  38   1.6899E-04   2.5206E-08   5.3426E+04   2.3033E+02   2.2662E+00   1.1614E+05   5.0650E+00
  39   1.9862E-04   2.8739E-08   6.2793E+04   2.3412E+02   2.1135E+00   1.2773E+05   5.1063E+00
  40   2.3378E-04   3.2696E-08   7.3907E+04   2.3897E+02   1.9587E+00   1.3807E+05   5.1401E+00
  41   2.7567E-04   3.7244E-08   8.7147E+04   2.4514E+02   1.8157E+00   1.4721E+05   5.1679E+00
  42   3.2581E-04   4.2550E-08   1.0300E+05   2.5293E+02   1.6896E+00   1.5539E+05   5.1914E+00
  43   3.8618E-04   4.8785E-08   1.2208E+05   2.6276E+02   1.5804E+00   1.6281E+05   5.2117E+00
  44   4.5933E-04   5.6137E-08   1.4520E+05   2.7516E+02   1.4859E+00   1.6956E+05   5.2293E+00
  45   5.4864E-04   6.4835E-08   1.7342E+05   2.9084E+02   1.4035E+00   1.7555E+05   5.2444E+00
  46   6.5862E-04   7.5168E-08   2.0818E+05   3.1071E+02   1.3309E+00   1.8063E+05   5.2568E+00
  47   7.9533E-04   8.7510E-08   2.5139E+05   3.3598E+02   1.2664E+00   1.8483E+05   5.2668E+00
  48   9.6702E-04   1.0235E-07   3.0565E+05   3.6828E+02   1.2089E+00   1.8817E+05   5.2745E+00
  49   1.1849E-03   1.2034E-07   3.7451E+05   4.0985E+02   1.1580E+00   1.9074E+05   5.2804E+00
  50   1.4645E-03   1.4236E-07   4.6286E+05   4.6368E+02   1.1144E+00   1.9259E+05   5.2846E+00
  51   1.8273E-03   1.6958E-07   5.7753E+05   5.3418E+02   1.0785E+00   1.9428E+05   5.2884E+00
  52   2.3021E-03   2.0340E-07   7.2756E+05   6.2750E+02   1.0509E+00   1.9657E+05   5.2935E+00
  53   2.9253E-03   2.4534E-07   9.2453E+05   7.5220E+02   1.0308E+00   2.0008E+05   5.3012E+00
  54   3.7456E-03   2.9718E-07   1.1838E+06   9.2068E+02   1.0171E+00   2.0539E+05   5.3126E+00
  55   4.8244E-03   3.6078E-07   1.5247E+06   1.1503E+03   1.0083E+00   2.1281E+05   5.3280E+00
  56   6.2382E-03   4.3812E-07   1.9714E+06   1.4647E+03   1.0031E+00   2.2240E+05   5.3471E+00
  57   8.0826E-03   5.3132E-07   2.5543E+06   1.8963E+03   1.0002E+00   2.3402E+05   5.3692E+00
  58   1.0480E-02   6.4304E-07   3.3119E+06   2.4887E+03   9.9891E-01   2.4707E+05   5.3928E+00
  59   1.3600E-02   7.7713E-07   4.2976E+06   3.3005E+03   9.9856E-01   2.6022E+05   5.4153E+00
  60   1.7694E-02   9.4009E-07   5.5910E+06   4.4101E+03   9.9884E-01   2.7105E+05   5.4330E+00
  61   2.3175E-02   1.1436E-06   7.3228E+06   5.9236E+03   9.9942E-01   2.7612E+05   5.4411E+00
  62   3.0766E-02   1.4087E-06   9.7212E+06   7.9889E+03   9.9996E-01   2.7208E+05   5.4347E+00
  63   4.1745E-02   1.7720E-06   1.3190E+07   1.0813E+04   1.0002E+00   2.5725E+05   5.4103E+00
  64   5.8330E-02   2.2936E-06   1.8431E+07   1.4681E+04   1.0002E+00   2.3318E+05   5.3677E+00
  65   8.4194E-02   3.0650E-06   2.6605E+07   1.9977E+04   9.9988E-01   2.0479E+05   5.3113E+00
  66   1.2509E-01   4.2139E-06   3.9530E+07   2.7237E+04   9.9936E-01   1.7752E+05   5.2493E+00
  67   1.8962E-01   5.9079E-06   5.9926E+07   3.7201E+04   9.9845E-01   1.5440E+05   5.1886E+00
  68   2.9022E-01   8.3587E-06   9.1724E+07   5.0875E+04   9.9676E-01   1.3593E+05   5.1333E+00
  69   4.4453E-01   1.1829E-05   1.4050E+08   6.9626E+04   9.9375E-01   1.2151E+05   5.0846E+00
  70   6.7720E-01   1.6641E-05   2.1406E+08   9.5297E+04   9.8867E-01   1.1033E+05   5.0427E+00
 before if(lfin) F

before psy0 - nfreqe,in       0       2       0       1       0       0       1

 =========  LINEARIZATION, ITER =           2

reint1.1.1.1.1.1.1.1.1.1.1.1.1.1.1.1.1.1.1.1.1.1.1.1.1.1.1.1.1.1.1.1.1.1.1.
     1.1.1.1.1.1.1.1.1.1.1.1.1.1.1.1.1.1.1.1.1.1.1.1.1.1.1.1.1.1.1.1.1.1.1.
redif0.0.0.0.0.0.0.0.0.0.0.0.0.0.0.0.0.0.0.0.0.0.0.0.0.0.0.0.0.0.0.0.0.0.0.
     0.1.1.1.1.1.1.1.1.1.1.1.1.1.1.1.1.1.1.1.1.1.1.1.1.1.1.1.1.1.1.1.1.1.1.
u -3.72E+04 -7.87E-05  8.82E-01  2.00E+00 -4.21E+04 -4.21E+04  5.14E+07  1.72E-08  4.99E-04  2.93E+00
 ===== end of RYBCHN in ITER           2
 conout imod,iprin           1           1


  ID    DM        TEMP      DELTA  DELTA(AD)  CON/TOT  RAD/TOT  (C+R)/TOT


   1 9.33E-08  10383.3  0.00E+00  0.00E+00  0.00E+00  0.00E+00  0.00E+00
   2 1.28E-07  10383.3  1.83E-06  0.00E+00  0.00E+00  0.00E+00  0.00E+00
   3 1.73E-07  10956.7  9.62E-01  0.00E+00  0.00E+00  0.00E+00  0.00E+00
   4 2.34E-07  11239.6  3.68E-01  0.00E+00  0.00E+00  0.00E+00  0.00E+00
   5 3.12E-07  11286.4  4.96E-02  0.00E+00  0.00E+00  0.00E+00  0.00E+00
   6 4.14E-07  11288.8  2.13E-03  0.00E+00  0.00E+00  0.00E+00  0.00E+00
   7 5.44E-07  11303.4  1.14E-02  0.00E+00  0.00E+00  0.00E+00  0.00E+00
   8 7.09E-07  11322.6  1.33E-02  0.00E+00  0.00E+00  0.00E+00  0.00E+00
   9 9.14E-07  11313.3 -5.90E-03  0.00E+00  0.00E+00  0.00E+00  0.00E+00
  10 1.17E-06  11329.8  9.80E-03  0.00E+00  0.00E+00  0.00E+00  0.00E+00
  11 1.48E-06  11409.2  4.47E-02  0.00E+00  0.00E+00  0.00E+00  0.00E+00
  12 1.85E-06  11521.7  6.07E-02  0.00E+00  0.00E+00  0.00E+00  0.00E+00
  13 2.31E-06  11640.3  6.20E-02  0.00E+00  0.00E+00  0.00E+00  0.00E+00
  14 2.85E-06  11762.2  6.23E-02  0.00E+00  0.00E+00  0.00E+00  0.00E+00
  15 3.49E-06  11885.5  6.19E-02  0.00E+00  0.00E+00  0.00E+00  0.00E+00
  16 4.26E-06  12011.1  6.24E-02  0.00E+00  0.00E+00  0.00E+00  0.00E+00
  17 5.16E-06  12136.1  6.16E-02  0.00E+00  0.00E+00  0.00E+00  0.00E+00
  18 6.22E-06  12255.4  5.84E-02  0.00E+00  0.00E+00  0.00E+00  0.00E+00
  19 7.47E-06  12364.3  5.31E-02  0.00E+00  0.00E+00  0.00E+00  0.00E+00
  20 8.93E-06  12463.6  4.83E-02  0.00E+00  0.00E+00  0.00E+00  0.00E+00
  21 1.06E-05  12553.6  4.37E-02  0.00E+00  0.00E+00  0.00E+00  0.00E+00
  22 1.27E-05  12636.0  4.01E-02  0.00E+00  0.00E+00  0.00E+00  0.00E+00
  23 1.50E-05  12713.4  3.76E-02  0.00E+00  0.00E+00  0.00E+00  0.00E+00
  24 1.78E-05  12788.6  3.65E-02  0.00E+00  0.00E+00  0.00E+00  0.00E+00
  25 2.10E-05  12859.6  3.45E-02  0.00E+00  0.00E+00  0.00E+00  0.00E+00
  26 2.47E-05  12981.0  5.87E-02  0.00E+00  0.00E+00  0.00E+00  0.00E+00
  27 2.91E-05  13102.1  5.83E-02  0.00E+00  0.00E+00  0.00E+00  0.00E+00
  28 3.42E-05  13216.1  5.46E-02  0.00E+00  0.00E+00  0.00E+00  0.00E+00
  29 4.02E-05  13320.4  4.96E-02  0.00E+00  0.00E+00  0.00E+00  0.00E+00
  30 4.72E-05  13415.5  4.50E-02  0.00E+00  0.00E+00  0.00E+00  0.00E+00
  31 5.54E-05  13507.8  4.35E-02  0.00E+00  0.00E+00  0.00E+00  0.00E+00
  32 6.49E-05  13607.8  4.68E-02  1.35E-01  0.00E+00  0.00E+00  0.00E+00
  33 7.61E-05  13723.3  5.36E-02  1.34E-01  0.00E+00  0.00E+00  0.00E+00
  34 8.92E-05  13851.0  5.88E-02  1.34E-01  0.00E+00  0.00E+00  0.00E+00
  35 1.05E-04  13988.4  6.25E-02  1.35E-01  0.00E+00  0.00E+00  0.00E+00
  36 1.23E-04  14140.8  6.84E-02  1.35E-01  0.00E+00  0.00E+00  0.00E+00
  37 1.44E-04  14314.8  7.69E-02  1.37E-01  0.00E+00  0.00E+00  0.00E+00
  38 1.69E-04  14516.5  8.76E-02  1.39E-01  0.00E+00  0.00E+00  0.00E+00
  39 1.99E-04  14747.7  9.81E-02  1.43E-01  0.00E+00  0.00E+00  0.00E+00
  40 2.34E-04  15010.3  1.09E-01  1.47E-01  0.00E+00  0.00E+00  0.00E+00
  41 2.76E-04  15304.8  1.18E-01  1.53E-01  0.00E+00  0.00E+00  0.00E+00
  42 3.26E-04  15635.3  1.28E-01  1.60E-01  0.00E+00  0.00E+00  0.00E+00
  43 3.86E-04  16006.0  1.38E-01  1.69E-01  0.00E+00  0.00E+00  0.00E+00
  44 4.59E-04  16421.6  1.48E-01  1.79E-01  0.00E+00  0.00E+00  0.00E+00
  45 5.49E-04  16887.3  1.58E-01  1.92E-01  0.00E+00  0.00E+00  0.00E+00
  46 6.59E-04  17407.8  1.66E-01  2.06E-01  0.00E+00  0.00E+00  0.00E+00
  47 7.95E-04  17988.6  1.74E-01  2.23E-01  0.00E+00  0.00E+00  0.00E+00
  48 9.67E-04  18636.0  1.81E-01  2.42E-01  0.00E+00  0.00E+00  0.00E+00
  49 1.18E-03  19356.8  1.87E-01  2.61E-01  0.00E+00  0.00E+00  0.00E+00
  50 1.46E-03  20158.7  1.92E-01  2.81E-01  0.00E+00  0.00E+00  0.00E+00
  51 1.83E-03  21053.7  1.96E-01  3.01E-01  0.00E+00  0.00E+00  0.00E+00
  52 2.30E-03  22056.5  2.02E-01  3.20E-01  0.00E+00  0.00E+00  0.00E+00
  53 2.93E-03  23184.7  2.08E-01  3.36E-01  0.00E+00  0.00E+00  0.00E+00
  54 3.75E-03  24462.5  2.17E-01  3.51E-01  0.00E+00  0.00E+00  0.00E+00
  55 4.82E-03  25914.5  2.28E-01  3.64E-01  0.00E+00  0.00E+00  0.00E+00
  56 6.24E-03  27562.1  2.40E-01  3.73E-01  0.00E+00  0.00E+00  0.00E+00
  57 8.08E-03  29421.3  2.52E-01  3.81E-01  0.00E+00  0.00E+00  0.00E+00
  58 1.05E-02  31502.8  2.63E-01  3.87E-01  0.00E+00  0.00E+00  0.00E+00
  59 1.36E-02  33812.4  2.72E-01  3.91E-01  0.00E+00  0.00E+00  0.00E+00
  60 1.77E-02  36354.4  2.75E-01  3.94E-01  0.00E+00  0.00E+00  0.00E+00
  61 2.32E-02  39136.3  2.73E-01  3.96E-01  0.00E+00  0.00E+00  0.00E+00
  62 3.08E-02  42174.9  2.64E-01  3.97E-01  0.00E+00  0.00E+00  0.00E+00
  63 4.17E-02  45493.3  2.48E-01  3.98E-01  0.00E+00  0.00E+00  0.00E+00
  64 5.83E-02  49112.6  2.29E-01  3.98E-01  0.00E+00  0.00E+00  0.00E+00
  65 8.42E-02  53051.8  2.10E-01  3.99E-01  0.00E+00  0.00E+00  0.00E+00
  66 1.25E-01  57336.6  1.96E-01  3.99E-01  0.00E+00  0.00E+00  0.00E+00
  67 1.90E-01  61999.3  1.88E-01  3.99E-01  0.00E+00  0.00E+00  0.00E+00
  68 2.90E-01  67075.5  1.85E-01  3.99E-01  0.00E+00  0.00E+00  0.00E+00
  69 4.45E-01  72603.9  1.86E-01  3.99E-01  0.00E+00  0.00E+00  0.00E+00
  70 6.77E-01  78630.5  1.89E-01  3.99E-01  0.00E+00  0.00E+00  0.00E+00

convective zone between depths (inclusive)   0  41

 end rybsol

**********
 ITERATION:  3
**********

 before inilam
 after inilam
 after linsel
 NTRANS         136
 ilam           1
 after opaini in ilam           1
 after ratsp1i in ilam           1
 after newpop in ilam           1
 after output
 after radpre
 HMIX0  0.59999999999999998     
dad -5.0358E-18 -5.0358E-18 -8.2526E-15

 RYBHEQ in iter   3
   id      dm          dens        pgs0          pra          pradfc      grad        log grad

   1   9.3272E-08   1.7490E-11   2.9493E+01   2.1833E+02   7.4499E+00   2.2974E+04   4.3612E+00
   2   1.2759E-07   2.3992E-11   4.0345E+01   2.1833E+02   7.4499E+00   5.9078E+03   3.7714E+00
   3   1.7326E-07   3.0724E-11   5.4786E+01   2.1833E+02   6.0085E+00   7.1059E+03   3.8516E+00
   4   2.3352E-07   4.0341E-11   7.3844E+01   2.1833E+02   5.4261E+00   4.6432E+03   3.6668E+00
   5   3.1229E-07   5.3791E-11   9.8750E+01   2.1833E+02   5.3366E+00   3.5356E+03   3.5485E+00
   6   4.1412E-07   7.1460E-11   1.3095E+02   2.1833E+02   5.3321E+00   3.8588E+03   3.5865E+00
   7   5.4428E-07   9.4016E-11   1.7211E+02   2.1833E+02   5.3046E+00   4.7390E+03   3.6757E+00
   8   7.0869E-07   1.2255E-10   2.2410E+02   2.1833E+02   5.2688E+00   5.8124E+03   3.7644E+00
   9   9.1401E-07   1.5880E-10   2.8903E+02   2.1833E+02   5.2861E+00   7.1086E+03   3.8518E+00
  10   1.1677E-06   2.0340E-10   3.6923E+02   2.1834E+02   5.2554E+00   8.8940E+03   3.9491E+00
  11   1.4779E-06   2.5633E-10   4.6735E+02   2.1834E+02   5.1107E+00   1.0695E+04   4.0292E+00
  12   1.8542E-06   3.1894E-10   5.8633E+02   2.1834E+02   4.9141E+00   1.2130E+04   4.0839E+00
  13   2.3071E-06   3.9331E-10   7.2953E+02   2.1835E+02   4.7170E+00   1.3361E+04   4.1258E+00
  14   2.8487E-06   4.8117E-10   9.0080E+02   2.1836E+02   4.5247E+00   1.4577E+04   4.1637E+00
  15   3.4931E-06   5.8450E-10   1.1046E+03   2.1837E+02   4.3401E+00   1.5793E+04   4.1985E+00
  16   4.2567E-06   7.0544E-10   1.3460E+03   2.1838E+02   4.1616E+00   1.7042E+04   4.2315E+00
  17   5.1583E-06   8.4679E-10   1.6311E+03   2.1840E+02   3.9930E+00   1.8319E+04   4.2629E+00
  18   6.2202E-06   1.0122E-09   1.9669E+03   2.1842E+02   3.8403E+00   1.9573E+04   4.2916E+00
  19   7.4681E-06   1.2063E-09   2.3615E+03   2.1845E+02   3.7071E+00   2.0821E+04   4.3185E+00
  20   8.9322E-06   1.4339E-09   2.8245E+03   2.1848E+02   3.5909E+00   2.2132E+04   4.3450E+00
  21   1.0648E-05   1.7008E-09   3.3670E+03   2.1852E+02   3.4898E+00   2.3524E+04   4.3715E+00
  22   1.2656E-05   2.0136E-09   4.0020E+03   2.1857E+02   3.4004E+00   2.5082E+04   4.3994E+00
  23   1.5005E-05   2.3798E-09   4.7448E+03   2.1863E+02   3.3192E+00   2.6932E+04   4.4303E+00
  24   1.7752E-05   2.8078E-09   5.6133E+03   2.1871E+02   3.2431E+00   2.9205E+04   4.4655E+00
  25   2.0963E-05   3.3091E-09   6.6285E+03   2.1881E+02   3.1735E+00   3.2061E+04   4.5060E+00
  26   2.4714E-05   3.8693E-09   7.8147E+03   2.1895E+02   3.0584E+00   3.6340E+04   4.5604E+00
  27   2.9097E-05   4.5191E-09   9.2006E+03   2.1913E+02   2.9492E+00   3.9691E+04   4.5987E+00
  28   3.4218E-05   5.2774E-09   1.0820E+04   2.1935E+02   2.8516E+00   4.3011E+04   4.6336E+00
  29   4.0202E-05   6.1657E-09   1.2712E+04   2.1962E+02   2.7669E+00   4.6625E+04   4.6686E+00
  30   4.7194E-05   7.2077E-09   1.4922E+04   2.1998E+02   2.6936E+00   5.0799E+04   4.7059E+00
  31   5.5369E-05   8.4256E-09   1.7507E+04   2.2044E+02   2.6262E+00   5.5791E+04   4.7466E+00
  32   6.4933E-05   9.8373E-09   2.0531E+04   2.2103E+02   2.5566E+00   6.1732E+04   4.7905E+00
  33   7.6127E-05   1.1462E-08   2.4070E+04   2.2179E+02   2.4802E+00   6.8450E+04   4.8354E+00
  34   8.9240E-05   1.3335E-08   2.8216E+04   2.2278E+02   2.4007E+00   7.5582E+04   4.8784E+00
  35   1.0462E-04   1.5499E-08   3.3078E+04   2.2406E+02   2.3210E+00   8.3208E+04   4.9202E+00
  36   1.2268E-04   1.7990E-08   3.8787E+04   2.2572E+02   2.2390E+00   9.1592E+04   4.9619E+00
  37   1.4393E-04   2.0841E-08   4.5505E+04   2.2786E+02   2.1523E+00   1.0072E+05   5.0031E+00
  38   1.6899E-04   2.4090E-08   5.3425E+04   2.3062E+02   2.0598E+00   1.1041E+05   5.0430E+00
  39   1.9862E-04   2.7793E-08   6.2793E+04   2.3419E+02   1.9636E+00   1.2036E+05   5.0805E+00
  40   2.3378E-04   3.2020E-08   7.3907E+04   2.3878E+02   1.8656E+00   1.3046E+05   5.1155E+00
  41   2.7567E-04   3.6866E-08   8.7148E+04   2.4466E+02   1.7686E+00   1.4049E+05   5.1476E+00
  42   3.2581E-04   4.2436E-08   1.0300E+05   2.5220E+02   1.6738E+00   1.5033E+05   5.1770E+00
  43   3.8618E-04   4.8867E-08   1.2208E+05   2.6184E+02   1.5823E+00   1.5964E+05   5.2031E+00
  44   4.5933E-04   5.6334E-08   1.4520E+05   2.7414E+02   1.4951E+00   1.6812E+05   5.2256E+00
  45   5.4864E-04   6.5066E-08   1.7342E+05   2.8980E+02   1.4133E+00   1.7543E+05   5.2441E+00
  46   6.5862E-04   7.5367E-08   2.0818E+05   3.0975E+02   1.3378E+00   1.8133E+05   5.2585E+00
  47   7.9533E-04   8.7636E-08   2.5139E+05   3.3515E+02   1.2695E+00   1.8583E+05   5.2691E+00
  48   9.6702E-04   1.0239E-07   3.0565E+05   3.6761E+02   1.2088E+00   1.8904E+05   5.2765E+00
  49   1.1849E-03   1.2032E-07   3.7451E+05   4.0927E+02   1.1562E+00   1.9119E+05   5.2815E+00
  50   1.4645E-03   1.4232E-07   4.6286E+05   4.6308E+02   1.1122E+00   1.9251E+05   5.2845E+00
  51   1.8273E-03   1.6956E-07   5.7753E+05   5.3340E+02   1.0767E+00   1.9378E+05   5.2873E+00
  52   2.3021E-03   2.0342E-07   7.2756E+05   6.2634E+02   1.0496E+00   1.9579E+05   5.2918E+00
  53   2.9253E-03   2.4544E-07   9.2454E+05   7.5044E+02   1.0301E+00   1.9910E+05   5.2991E+00
  54   3.7456E-03   2.9737E-07   1.1838E+06   9.1806E+02   1.0168E+00   2.0434E+05   5.3104E+00
  55   4.8244E-03   3.6108E-07   1.5247E+06   1.1465E+03   1.0083E+00   2.1178E+05   5.3259E+00
  56   6.2382E-03   4.3851E-07   1.9715E+06   1.4596E+03   1.0032E+00   2.2147E+05   5.3453E+00
  57   8.0826E-03   5.3181E-07   2.5543E+06   1.8898E+03   1.0003E+00   2.3323E+05   5.3678E+00
  58   1.0480E-02   6.4359E-07   3.3119E+06   2.4807E+03   9.9897E-01   2.4644E+05   5.3917E+00
  59   1.3600E-02   7.7772E-07   4.2976E+06   3.2910E+03   9.9860E-01   2.5973E+05   5.4145E+00
  60   1.7694E-02   9.4070E-07   5.5910E+06   4.3990E+03   9.9886E-01   2.7069E+05   5.4325E+00
  61   2.3175E-02   1.1442E-06   7.3229E+06   5.9115E+03   9.9943E-01   2.7593E+05   5.4408E+00
  62   3.0766E-02   1.4093E-06   9.7212E+06   7.9767E+03   9.9997E-01   2.7207E+05   5.4347E+00
  63   4.1745E-02   1.7725E-06   1.3190E+07   1.0802E+04   1.0002E+00   2.5734E+05   5.4105E+00
  64   5.8330E-02   2.2940E-06   1.8431E+07   1.4671E+04   1.0002E+00   2.3329E+05   5.3679E+00
  65   8.4194E-02   3.0654E-06   2.6605E+07   1.9970E+04   9.9988E-01   2.0486E+05   5.3115E+00
  66   1.2509E-01   4.2142E-06   3.9530E+07   2.7232E+04   9.9936E-01   1.7757E+05   5.2494E+00
  67   1.8962E-01   5.9081E-06   5.9926E+07   3.7196E+04   9.9845E-01   1.5442E+05   5.1887E+00
  68   2.9022E-01   8.3589E-06   9.1724E+07   5.0871E+04   9.9676E-01   1.3594E+05   5.1333E+00
  69   4.4453E-01   1.1830E-05   1.4050E+08   6.9622E+04   9.9375E-01   1.2151E+05   5.0846E+00
  70   6.7720E-01   1.6642E-05   2.1406E+08   9.5288E+04   9.8867E-01   1.1031E+05   5.0426E+00
 before if(lfin) F

before psy0 - nfreqe,in       0       2       0       1       0       0       1

 =========  LINEARIZATION, ITER =           3

reint1.1.1.1.1.1.1.1.1.1.1.1.1.1.1.1.1.1.1.1.1.1.1.1.1.1.1.1.1.1.1.1.1.1.1.
     1.1.1.1.1.1.1.1.1.1.1.1.1.1.1.1.1.1.1.1.1.1.1.1.1.1.1.1.1.1.1.1.1.1.1.
redif0.0.0.0.0.0.0.0.0.0.0.0.0.0.0.0.0.0.0.0.0.0.0.0.0.0.0.0.0.0.0.0.0.0.0.
     0.1.1.1.1.1.1.1.1.1.1.1.1.1.1.1.1.1.1.1.1.1.1.1.1.1.1.1.1.1.1.1.1.1.1.
u -1.21E+04 -3.57E-04  5.04E-01  2.00E+00 -2.40E+04 -2.40E+04  2.94E+07  1.72E-08  2.90E-04  4.31E+00
 ===== end of RYBCHN in ITER           3
 conout imod,iprin           1           1


  ID    DM        TEMP      DELTA  DELTA(AD)  CON/TOT  RAD/TOT  (C+R)/TOT


   1 9.33E-08   9826.2  0.00E+00  0.00E+00  0.00E+00  0.00E+00  0.00E+00
   2 1.28E-07  10677.2  1.88E+00  0.00E+00  0.00E+00  0.00E+00  0.00E+00
   3 1.73E-07  10955.5  4.61E-01  0.00E+00  0.00E+00  0.00E+00  0.00E+00
   4 2.34E-07  11091.6  1.78E-01  0.00E+00  0.00E+00  0.00E+00  0.00E+00
   5 3.12E-07  11176.5  9.09E-02  0.00E+00  0.00E+00  0.00E+00  0.00E+00
   6 4.14E-07  11245.6  6.23E-02  0.00E+00  0.00E+00  0.00E+00  0.00E+00
   7 5.44E-07  11306.9  4.78E-02  0.00E+00  0.00E+00  0.00E+00  0.00E+00
   8 7.09E-07  11363.2  3.91E-02  0.00E+00  0.00E+00  0.00E+00  0.00E+00
   9 9.14E-07  11418.3  3.48E-02  0.00E+00  0.00E+00  0.00E+00  0.00E+00
  10 1.17E-06  11480.9  3.67E-02  0.00E+00  0.00E+00  0.00E+00  0.00E+00
  11 1.48E-06  11557.8  4.27E-02  0.00E+00  0.00E+00  0.00E+00  0.00E+00
  12 1.85E-06  11643.9  4.59E-02  0.00E+00  0.00E+00  0.00E+00  0.00E+00
  13 2.31E-06  11734.9  4.71E-02  0.00E+00  0.00E+00  0.00E+00  0.00E+00
  14 2.85E-06  11830.2  4.83E-02  0.00E+00  0.00E+00  0.00E+00  0.00E+00
  15 3.49E-06  11928.5  4.92E-02  0.00E+00  0.00E+00  0.00E+00  0.00E+00
  16 4.26E-06  12029.3  4.99E-02  0.00E+00  0.00E+00  0.00E+00  0.00E+00
  17 5.16E-06  12132.3  5.07E-02  0.00E+00  0.00E+00  0.00E+00  0.00E+00
  18 6.22E-06  12238.0  5.18E-02  0.00E+00  0.00E+00  0.00E+00  0.00E+00
  19 7.47E-06  12343.8  5.17E-02  0.00E+00  0.00E+00  0.00E+00  0.00E+00
  20 8.93E-06  12449.1  5.13E-02  0.00E+00  0.00E+00  0.00E+00  0.00E+00
  21 1.06E-05  12553.3  5.07E-02  0.00E+00  0.00E+00  0.00E+00  0.00E+00
  22 1.27E-05  12655.8  4.98E-02  0.00E+00  0.00E+00  0.00E+00  0.00E+00
  23 1.50E-05  12756.3  4.87E-02  0.00E+00  0.00E+00  0.00E+00  0.00E+00
  24 1.78E-05  12855.0  4.77E-02  0.00E+00  0.00E+00  0.00E+00  0.00E+00
  25 2.10E-05  12950.3  4.60E-02  0.00E+00  0.00E+00  0.00E+00  0.00E+00
  26 2.47E-05  13048.3  4.71E-02  0.00E+00  0.00E+00  0.00E+00  0.00E+00
  27 2.91E-05  13142.5  4.52E-02  0.00E+00  0.00E+00  0.00E+00  0.00E+00
  28 3.42E-05  13235.5  4.44E-02  0.00E+00  0.00E+00  0.00E+00  0.00E+00
  29 4.02E-05  13328.9  4.44E-02  0.00E+00  0.00E+00  0.00E+00  0.00E+00
  30 4.72E-05  13424.5  4.53E-02  0.00E+00  0.00E+00  0.00E+00  0.00E+00
  31 5.54E-05  13524.8  4.72E-02  0.00E+00  0.00E+00  0.00E+00  0.00E+00
  32 6.49E-05  13631.8  5.00E-02  1.36E-01  0.00E+00  0.00E+00  0.00E+00
  33 7.61E-05  13748.1  5.39E-02  1.35E-01  0.00E+00  0.00E+00  0.00E+00
  34 8.92E-05  13875.3  5.84E-02  1.35E-01  0.00E+00  0.00E+00  0.00E+00
  35 1.05E-04  14015.8  6.38E-02  1.36E-01  0.00E+00  0.00E+00  0.00E+00
  36 1.23E-04  14172.4  7.02E-02  1.37E-01  0.00E+00  0.00E+00  0.00E+00
  37 1.44E-04  14347.1  7.71E-02  1.38E-01  0.00E+00  0.00E+00  0.00E+00
  38 1.69E-04  14546.0  8.62E-02  1.41E-01  0.00E+00  0.00E+00  0.00E+00
  39 1.99E-04  14771.0  9.53E-02  1.44E-01  0.00E+00  0.00E+00  0.00E+00
  40 2.34E-04  15024.8  1.05E-01  1.48E-01  0.00E+00  0.00E+00  0.00E+00
  41 2.76E-04  15311.2  1.15E-01  1.53E-01  0.00E+00  0.00E+00  0.00E+00
  42 3.26E-04  15634.9  1.25E-01  1.60E-01  0.00E+00  0.00E+00  0.00E+00
  43 3.86E-04  16000.6  1.36E-01  1.69E-01  0.00E+00  0.00E+00  0.00E+00
  44 4.59E-04  16413.7  1.47E-01  1.79E-01  0.00E+00  0.00E+00  0.00E+00
  45 5.49E-04  16879.0  1.58E-01  1.91E-01  0.00E+00  0.00E+00  0.00E+00
  46 6.59E-04  17401.2  1.67E-01  2.06E-01  0.00E+00  0.00E+00  0.00E+00
  47 7.95E-04  17984.7  1.75E-01  2.23E-01  0.00E+00  0.00E+00  0.00E+00
  48 9.67E-04  18634.9  1.82E-01  2.41E-01  0.00E+00  0.00E+00  0.00E+00
  49 1.18E-03  19357.6  1.87E-01  2.61E-01  0.00E+00  0.00E+00  0.00E+00
  50 1.46E-03  20160.2  1.92E-01  2.81E-01  0.00E+00  0.00E+00  0.00E+00
  51 1.83E-03  21055.3  1.96E-01  3.01E-01  0.00E+00  0.00E+00  0.00E+00
  52 2.30E-03  22057.6  2.01E-01  3.20E-01  0.00E+00  0.00E+00  0.00E+00
  53 2.93E-03  23185.1  2.08E-01  3.36E-01  0.00E+00  0.00E+00  0.00E+00
  54 3.75E-03  24462.2  2.17E-01  3.51E-01  0.00E+00  0.00E+00  0.00E+00
  55 4.82E-03  25913.7  2.28E-01  3.64E-01  0.00E+00  0.00E+00  0.00E+00
  56 6.24E-03  27561.2  2.40E-01  3.73E-01  0.00E+00  0.00E+00  0.00E+00
  57 8.08E-03  29420.6  2.52E-01  3.81E-01  0.00E+00  0.00E+00  0.00E+00
  58 1.05E-02  31502.4  2.63E-01  3.87E-01  0.00E+00  0.00E+00  0.00E+00
  59 1.36E-02  33812.3  2.72E-01  3.91E-01  0.00E+00  0.00E+00  0.00E+00
  60 1.77E-02  36354.6  2.76E-01  3.94E-01  0.00E+00  0.00E+00  0.00E+00
  61 2.32E-02  39136.7  2.73E-01  3.96E-01  0.00E+00  0.00E+00  0.00E+00
  62 3.08E-02  42175.3  2.64E-01  3.97E-01  0.00E+00  0.00E+00  0.00E+00
  63 4.17E-02  45493.6  2.48E-01  3.98E-01  0.00E+00  0.00E+00  0.00E+00
  64 5.83E-02  49112.9  2.29E-01  3.98E-01  0.00E+00  0.00E+00  0.00E+00
  65 8.42E-02  53052.0  2.10E-01  3.99E-01  0.00E+00  0.00E+00  0.00E+00
  66 1.25E-01  57336.7  1.96E-01  3.99E-01  0.00E+00  0.00E+00  0.00E+00
  67 1.90E-01  61999.4  1.88E-01  3.99E-01  0.00E+00  0.00E+00  0.00E+00
  68 2.90E-01  67075.6  1.85E-01  3.99E-01  0.00E+00  0.00E+00  0.00E+00
  69 4.45E-01  72604.0  1.86E-01  3.99E-01  0.00E+00  0.00E+00  0.00E+00
  70 6.77E-01  78630.5  1.89E-01  3.99E-01  0.00E+00  0.00E+00  0.00E+00

convective zone between depths (inclusive)   0   0

 end rybsol

**********
 ITERATION:  4
**********

 before inilam
 after inilam
 after linsel
 NTRANS         136
 ilam           1
 after opaini in ilam           1
 after ratsp1i in ilam           1
 after newpop in ilam           1
 after output
 after radpre
 HMIX0  0.59999999999999998     
dad -4.6075E-18 -4.6075E-18 -6.4927E-15

 RYBHEQ in iter   4
   id      dm          dens        pgs0          pra          pradfc      grad        log grad

   1   9.3272E-08   1.8718E-11   2.9492E+01   2.1838E+02   9.2907E+00   3.7955E+04   4.5793E+00
   2   1.2759E-07   2.3236E-11   4.0343E+01   2.1838E+02   6.6644E+00   1.0793E+04   4.0332E+00
   3   1.7326E-07   3.0727E-11   5.4784E+01   2.1838E+02   6.0126E+00   4.9741E+03   3.6967E+00
   4   2.3352E-07   4.0929E-11   7.3842E+01   2.1839E+02   5.7229E+00   4.1488E+03   3.6179E+00
   5   3.1229E-07   5.4379E-11   9.8749E+01   2.1839E+02   5.5511E+00   4.1681E+03   3.6199E+00
   6   4.1412E-07   7.1772E-11   1.3095E+02   2.1839E+02   5.4159E+00   4.6001E+03   3.6628E+00
   7   5.4428E-07   9.3982E-11   1.7211E+02   2.1839E+02   5.2995E+00   5.2688E+03   3.7217E+00
   8   7.0869E-07   1.2202E-10   2.2410E+02   2.1839E+02   5.1952E+00   6.1493E+03   3.7888E+00
   9   9.1401E-07   1.5697E-10   2.8903E+02   2.1839E+02   5.0957E+00   7.2374E+03   3.8596E+00
  10   1.1677E-06   1.9993E-10   3.6923E+02   2.1839E+02   4.9855E+00   8.4987E+03   3.9294E+00
  11   1.4779E-06   2.5193E-10   4.6735E+02   2.1839E+02   4.8542E+00   9.8195E+03   3.9921E+00
  12   1.8542E-06   3.1440E-10   5.8633E+02   2.1840E+02   4.7123E+00   1.1127E+04   4.0464E+00
  13   2.3071E-06   3.8894E-10   7.2953E+02   2.1840E+02   4.5679E+00   1.2444E+04   4.0950E+00
  14   2.8487E-06   4.7730E-10   9.0080E+02   2.1841E+02   4.4227E+00   1.3784E+04   4.1394E+00
  15   3.4931E-06   5.8151E-10   1.1046E+03   2.1842E+02   4.2789E+00   1.5144E+04   4.1802E+00
  16   4.2567E-06   7.0390E-10   1.3460E+03   2.1843E+02   4.1375E+00   1.6560E+04   4.2191E+00
  17   5.1583E-06   8.4716E-10   1.6311E+03   2.1845E+02   3.9991E+00   1.8056E+04   4.2566E+00
  18   6.2202E-06   1.0143E-09   1.9669E+03   2.1847E+02   3.8630E+00   1.9577E+04   4.2917E+00
  19   7.4681E-06   1.2092E-09   2.3615E+03   2.1850E+02   3.7327E+00   2.1098E+04   4.3242E+00
  20   8.9322E-06   1.4364E-09   2.8245E+03   2.1853E+02   3.6085E+00   2.2664E+04   4.3553E+00
  21   1.0648E-05   1.7008E-09   3.3670E+03   2.1857E+02   3.4909E+00   2.4291E+04   4.3854E+00
  22   1.2656E-05   2.0087E-09   4.0020E+03   2.1862E+02   3.3800E+00   2.6026E+04   4.4154E+00
  23   1.5005E-05   2.3673E-09   4.7448E+03   2.1869E+02   3.2757E+00   2.7937E+04   4.4462E+00
  24   1.7752E-05   2.7848E-09   5.6133E+03   2.1877E+02   3.1774E+00   3.0091E+04   4.4784E+00
  25   2.0963E-05   3.2716E-09   6.6285E+03   2.1888E+02   3.0864E+00   3.2516E+04   4.5121E+00
  26   2.4714E-05   3.8367E-09   7.8147E+03   2.1901E+02   2.9966E+00   3.5371E+04   4.5487E+00
  27   2.9097E-05   4.4961E-09   9.2006E+03   2.1918E+02   2.9138E+00   3.8463E+04   4.5850E+00
  28   3.4218E-05   5.2645E-09   1.0820E+04   2.1939E+02   2.8356E+00   4.2047E+04   4.6237E+00
  29   4.0202E-05   6.1590E-09   1.2712E+04   2.1967E+02   2.7604E+00   4.6158E+04   4.6642E+00
  30   4.7194E-05   7.1993E-09   1.4922E+04   2.2003E+02   2.6869E+00   5.0821E+04   4.7060E+00
  31   5.5369E-05   8.4070E-09   1.7507E+04   2.2048E+02   2.6135E+00   5.6062E+04   4.7487E+00
  32   6.4933E-05   9.8066E-09   2.0531E+04   2.2108E+02   2.5392E+00   6.1892E+04   4.7916E+00
  33   7.6127E-05   1.1425E-08   2.4070E+04   2.2184E+02   2.4629E+00   6.8347E+04   4.8347E+00
  34   8.9240E-05   1.3293E-08   2.8216E+04   2.2283E+02   2.3844E+00   7.5410E+04   4.8774E+00
  35   1.0462E-04   1.5445E-08   3.3078E+04   2.2411E+02   2.3033E+00   8.3106E+04   4.9196E+00
  36   1.2268E-04   1.7918E-08   3.8788E+04   2.2576E+02   2.2195E+00   9.1426E+04   4.9611E+00
  37   1.4393E-04   2.0757E-08   4.5505E+04   2.2789E+02   2.1333E+00   1.0034E+05   5.0015E+00
  38   1.6899E-04   2.4003E-08   5.3426E+04   2.3064E+02   2.0433E+00   1.0984E+05   5.0408E+00
  39   1.9862E-04   2.7717E-08   6.2793E+04   2.3419E+02   1.9512E+00   1.1965E+05   5.0779E+00
  40   2.3378E-04   3.1968E-08   7.3907E+04   2.3875E+02   1.8582E+00   1.2971E+05   5.1130E+00
  41   2.7567E-04   3.6841E-08   8.7148E+04   2.4461E+02   1.7653E+00   1.3985E+05   5.1457E+00
  42   3.2581E-04   4.2438E-08   1.0300E+05   2.5212E+02   1.6734E+00   1.4984E+05   5.1756E+00
  43   3.8618E-04   4.8892E-08   1.2208E+05   2.6174E+02   1.5838E+00   1.5935E+05   5.2024E+00
  44   4.5933E-04   5.6374E-08   1.4520E+05   2.7403E+02   1.4975E+00   1.6802E+05   5.2254E+00
  45   5.4864E-04   6.5111E-08   1.7342E+05   2.8971E+02   1.4156E+00   1.7551E+05   5.2443E+00
  46   6.5862E-04   7.5406E-08   2.0818E+05   3.0967E+02   1.3396E+00   1.8154E+05   5.2590E+00
  47   7.9533E-04   8.7661E-08   2.5139E+05   3.3511E+02   1.2704E+00   1.8609E+05   5.2697E+00
  48   9.6702E-04   1.0240E-07   3.0565E+05   3.6761E+02   1.2091E+00   1.8929E+05   5.2771E+00
  49   1.1849E-03   1.2032E-07   3.7452E+05   4.0931E+02   1.1562E+00   1.9136E+05   5.2819E+00
  50   1.4645E-03   1.4231E-07   4.6286E+05   4.6315E+02   1.1120E+00   1.9259E+05   5.2846E+00
  51   1.8273E-03   1.6954E-07   5.7753E+05   5.3346E+02   1.0765E+00   1.9378E+05   5.2873E+00
  52   2.3021E-03   2.0341E-07   7.2756E+05   6.2639E+02   1.0495E+00   1.9574E+05   5.2917E+00
  53   2.9253E-03   2.4544E-07   9.2454E+05   7.5044E+02   1.0300E+00   1.9903E+05   5.2989E+00
  54   3.7456E-03   2.9737E-07   1.1838E+06   9.1800E+02   1.0168E+00   2.0426E+05   5.3102E+00
  55   4.8244E-03   3.6109E-07   1.5247E+06   1.1464E+03   1.0083E+00   2.1172E+05   5.3258E+00
  56   6.2382E-03   4.3853E-07   1.9715E+06   1.4595E+03   1.0032E+00   2.2144E+05   5.3452E+00
  57   8.0826E-03   5.3182E-07   2.5543E+06   1.8896E+03   1.0003E+00   2.3323E+05   5.3678E+00
  58   1.0480E-02   6.4359E-07   3.3119E+06   2.4806E+03   9.9898E-01   2.4646E+05   5.3917E+00
  59   1.3600E-02   7.7772E-07   4.2976E+06   3.2909E+03   9.9860E-01   2.5976E+05   5.4146E+00
  60   1.7694E-02   9.4069E-07   5.5910E+06   4.3991E+03   9.9886E-01   2.7071E+05   5.4325E+00
  61   2.3175E-02   1.1442E-06   7.3229E+06   5.9117E+03   9.9943E-01   2.7595E+05   5.4408E+00
  62   3.0766E-02   1.4093E-06   9.7212E+06   7.9771E+03   9.9997E-01   2.7209E+05   5.4347E+00
  63   4.1745E-02   1.7725E-06   1.3190E+07   1.0803E+04   1.0002E+00   2.5735E+05   5.4105E+00
  64   5.8330E-02   2.2940E-06   1.8431E+07   1.4672E+04   1.0002E+00   2.3329E+05   5.3679E+00
  65   8.4194E-02   3.0653E-06   2.6605E+07   1.9970E+04   9.9988E-01   2.0486E+05   5.3115E+00
  66   1.2509E-01   4.2142E-06   3.9530E+07   2.7232E+04   9.9936E-01   1.7756E+05   5.2494E+00
  67   1.8962E-01   5.9081E-06   5.9926E+07   3.7196E+04   9.9845E-01   1.5442E+05   5.1887E+00
  68   2.9022E-01   8.3589E-06   9.1724E+07   5.0871E+04   9.9676E-01   1.3594E+05   5.1333E+00
  69   4.4453E-01   1.1830E-05   1.4050E+08   6.9622E+04   9.9375E-01   1.2151E+05   5.0846E+00
  70   6.7720E-01   1.6642E-05   2.1406E+08   9.5288E+04   9.8867E-01   1.1031E+05   5.0426E+00
 before if(lfin) F

before psy0 - nfreqe,in       0       2       0       1       0       0       1

 =========  LINEARIZATION, ITER =           4

reint1.1.1.1.1.1.1.1.1.1.1.1.1.1.1.1.1.1.1.1.1.1.1.1.1.1.1.1.1.1.1.1.1.1.1.
     1.1.1.1.1.1.1.1.1.1.1.1.1.1.1.1.1.1.1.1.1.1.1.1.1.1.1.1.1.1.1.1.1.1.1.
redif0.0.0.0.0.0.0.0.0.0.0.0.0.0.0.0.0.0.0.0.0.0.0.0.0.0.0.0.0.0.0.0.0.0.0.
     0.1.1.1.1.1.1.1.1.1.1.1.1.1.1.1.1.1.1.1.1.1.1.1.1.1.1.1.1.1.1.1.1.1.1.
u -1.12E+04 -3.02E-04  4.84E-01  2.00E+00 -2.31E+04 -2.31E+04  2.82E+07  1.72E-08  2.38E-04  3.38E+00
 ===== end of RYBCHN in ITER           4
 conout imod,iprin           1           1


  ID    DM        TEMP      DELTA  DELTA(AD)  CON/TOT  RAD/TOT  (C+R)/TOT


   1 9.33E-08  10043.0  0.00E+00  0.00E+00  0.00E+00  0.00E+00  0.00E+00
   2 1.28E-07  10852.1  1.76E+00  0.00E+00  0.00E+00  0.00E+00  0.00E+00
   3 1.73E-07  11014.2  2.65E-01  0.00E+00  0.00E+00  0.00E+00  0.00E+00
   4 2.34E-07  11120.0  1.38E-01  0.00E+00  0.00E+00  0.00E+00  0.00E+00
   5 3.12E-07  11198.6  8.40E-02  0.00E+00  0.00E+00  0.00E+00  0.00E+00
   6 4.14E-07  11263.7  5.87E-02  0.00E+00  0.00E+00  0.00E+00  0.00E+00
   7 5.44E-07  11321.3  4.48E-02  0.00E+00  0.00E+00  0.00E+00  0.00E+00
   8 7.09E-07  11376.7  3.84E-02  0.00E+00  0.00E+00  0.00E+00  0.00E+00
   9 9.14E-07  11435.0  3.67E-02  0.00E+00  0.00E+00  0.00E+00  0.00E+00
  10 1.17E-06  11502.4  3.95E-02  0.00E+00  0.00E+00  0.00E+00  0.00E+00
  11 1.48E-06  11578.6  4.23E-02  0.00E+00  0.00E+00  0.00E+00  0.00E+00
  12 1.85E-06  11660.7  4.37E-02  0.00E+00  0.00E+00  0.00E+00  0.00E+00
  13 2.31E-06  11747.6  4.49E-02  0.00E+00  0.00E+00  0.00E+00  0.00E+00
  14 2.85E-06  11838.8  4.62E-02  0.00E+00  0.00E+00  0.00E+00  0.00E+00
  15 3.49E-06  11933.2  4.72E-02  0.00E+00  0.00E+00  0.00E+00  0.00E+00
  16 4.26E-06  12029.9  4.79E-02  0.00E+00  0.00E+00  0.00E+00  0.00E+00
  17 5.16E-06  12129.4  4.90E-02  0.00E+00  0.00E+00  0.00E+00  0.00E+00
  18 6.22E-06  12233.1  5.08E-02  0.00E+00  0.00E+00  0.00E+00  0.00E+00
  19 7.47E-06  12338.6  5.15E-02  0.00E+00  0.00E+00  0.00E+00  0.00E+00
  20 8.93E-06  12445.1  5.19E-02  0.00E+00  0.00E+00  0.00E+00  0.00E+00
  21 1.06E-05  12551.3  5.17E-02  0.00E+00  0.00E+00  0.00E+00  0.00E+00
  22 1.27E-05  12656.3  5.10E-02  0.00E+00  0.00E+00  0.00E+00  0.00E+00
  23 1.50E-05  12758.7  4.96E-02  0.00E+00  0.00E+00  0.00E+00  0.00E+00
  24 1.78E-05  12858.5  4.83E-02  0.00E+00  0.00E+00  0.00E+00  0.00E+00
  25 2.10E-05  12955.7  4.69E-02  0.00E+00  0.00E+00  0.00E+00  0.00E+00
  26 2.47E-05  13051.2  4.59E-02  0.00E+00  0.00E+00  0.00E+00  0.00E+00
  27 2.91E-05  13144.1  4.45E-02  0.00E+00  0.00E+00  0.00E+00  0.00E+00
  28 3.42E-05  13236.2  4.40E-02  0.00E+00  0.00E+00  0.00E+00  0.00E+00
  29 4.02E-05  13329.2  4.43E-02  0.00E+00  0.00E+00  0.00E+00  0.00E+00
  30 4.72E-05  13425.0  4.53E-02  0.00E+00  0.00E+00  0.00E+00  0.00E+00
  31 5.54E-05  13525.8  4.74E-02  0.00E+00  0.00E+00  0.00E+00  0.00E+00
  32 6.49E-05  13633.1  5.02E-02  1.36E-01  0.00E+00  0.00E+00  0.00E+00
  33 7.61E-05  13749.4  5.39E-02  1.35E-01  0.00E+00  0.00E+00  0.00E+00
  34 8.92E-05  13876.6  5.84E-02  1.35E-01  0.00E+00  0.00E+00  0.00E+00
  35 1.05E-04  14017.3  6.39E-02  1.36E-01  0.00E+00  0.00E+00  0.00E+00
  36 1.23E-04  14174.1  7.03E-02  1.37E-01  0.00E+00  0.00E+00  0.00E+00
  37 1.44E-04  14348.9  7.71E-02  1.38E-01  0.00E+00  0.00E+00  0.00E+00
  38 1.69E-04  14547.7  8.61E-02  1.41E-01  0.00E+00  0.00E+00  0.00E+00
  39 1.99E-04  14772.3  9.52E-02  1.44E-01  0.00E+00  0.00E+00  0.00E+00
  40 2.34E-04  15025.6  1.05E-01  1.48E-01  0.00E+00  0.00E+00  0.00E+00
  41 2.76E-04  15311.4  1.15E-01  1.53E-01  0.00E+00  0.00E+00  0.00E+00
  42 3.26E-04  15634.5  1.25E-01  1.60E-01  0.00E+00  0.00E+00  0.00E+00
  43 3.86E-04  15999.7  1.36E-01  1.68E-01  0.00E+00  0.00E+00  0.00E+00
  44 4.59E-04  16412.4  1.47E-01  1.79E-01  0.00E+00  0.00E+00  0.00E+00
  45 5.49E-04  16877.7  1.58E-01  1.91E-01  0.00E+00  0.00E+00  0.00E+00
  46 6.59E-04  17400.1  1.67E-01  2.06E-01  0.00E+00  0.00E+00  0.00E+00
  47 7.95E-04  17984.1  1.75E-01  2.23E-01  0.00E+00  0.00E+00  0.00E+00
  48 9.67E-04  18634.7  1.82E-01  2.41E-01  0.00E+00  0.00E+00  0.00E+00
  49 1.18E-03  19357.8  1.87E-01  2.61E-01  0.00E+00  0.00E+00  0.00E+00
  50 1.46E-03  20160.5  1.92E-01  2.81E-01  0.00E+00  0.00E+00  0.00E+00
  51 1.83E-03  21055.5  1.96E-01  3.01E-01  0.00E+00  0.00E+00  0.00E+00
  52 2.30E-03  22057.8  2.01E-01  3.20E-01  0.00E+00  0.00E+00  0.00E+00
  53 2.93E-03  23185.1  2.08E-01  3.36E-01  0.00E+00  0.00E+00  0.00E+00
  54 3.75E-03  24462.2  2.17E-01  3.51E-01  0.00E+00  0.00E+00  0.00E+00
  55 4.82E-03  25913.6  2.28E-01  3.64E-01  0.00E+00  0.00E+00  0.00E+00
  56 6.24E-03  27561.0  2.40E-01  3.73E-01  0.00E+00  0.00E+00  0.00E+00
  57 8.08E-03  29420.5  2.52E-01  3.81E-01  0.00E+00  0.00E+00  0.00E+00
  58 1.05E-02  31502.3  2.63E-01  3.87E-01  0.00E+00  0.00E+00  0.00E+00
  59 1.36E-02  33812.4  2.72E-01  3.91E-01  0.00E+00  0.00E+00  0.00E+00
  60 1.77E-02  36354.6  2.76E-01  3.94E-01  0.00E+00  0.00E+00  0.00E+00
  61 2.32E-02  39136.7  2.73E-01  3.96E-01  0.00E+00  0.00E+00  0.00E+00
  62 3.08E-02  42175.3  2.64E-01  3.97E-01  0.00E+00  0.00E+00  0.00E+00
  63 4.17E-02  45493.6  2.48E-01  3.98E-01  0.00E+00  0.00E+00  0.00E+00
  64 5.83E-02  49112.9  2.29E-01  3.98E-01  0.00E+00  0.00E+00  0.00E+00
  65 8.42E-02  53052.0  2.10E-01  3.99E-01  0.00E+00  0.00E+00  0.00E+00
  66 1.25E-01  57336.7  1.96E-01  3.99E-01  0.00E+00  0.00E+00  0.00E+00
  67 1.90E-01  61999.4  1.88E-01  3.99E-01  0.00E+00  0.00E+00  0.00E+00
  68 2.90E-01  67075.6  1.85E-01  3.99E-01  0.00E+00  0.00E+00  0.00E+00
  69 4.45E-01  72604.0  1.86E-01  3.99E-01  0.00E+00  0.00E+00  0.00E+00
  70 6.77E-01  78630.5  1.89E-01  3.99E-01  0.00E+00  0.00E+00  0.00E+00

convective zone between depths (inclusive)   0   0

 end rybsol

**********
 ITERATION:  5
**********

 before inilam
 after inilam
 after linsel
 NTRANS         136
 ilam           1
 after opaini in ilam           1
 after ratsp1i in ilam           1
 after newpop in ilam           1
 after output
 after radpre
 HMIX0  0.59999999999999998     
dad -4.3681E-18 -4.3681E-18 -5.6458E-15

 RYBHEQ in iter   5
   id      dm          dens        pgs0          pra          pradfc      grad        log grad

   1   9.3272E-08   1.8193E-11   2.9492E+01   2.1838E+02   8.5139E+00   3.1773E+04   4.5021E+00
   2   1.2759E-07   2.2824E-11   4.0344E+01   2.1838E+02   6.2449E+00   9.7209E+03   3.9877E+00
   3   1.7326E-07   3.0547E-11   5.4785E+01   2.1838E+02   5.8855E+00   4.1573E+03   3.6188E+00
   4   2.3352E-07   4.0813E-11   7.3843E+01   2.1838E+02   5.6645E+00   3.9124E+03   3.5924E+00
   5   3.1229E-07   5.4258E-11   9.8750E+01   2.1838E+02   5.5073E+00   4.0865E+03   3.6114E+00
   6   4.1412E-07   7.1639E-11   1.3095E+02   2.1838E+02   5.3810E+00   4.5376E+03   3.6568E+00
   7   5.4428E-07   9.3842E-11   1.7211E+02   2.1838E+02   5.2725E+00   5.2133E+03   3.7171E+00
   8   7.0869E-07   1.2184E-10   2.2410E+02   2.1838E+02   5.1704E+00   6.1086E+03   3.7859E+00
   9   9.1401E-07   1.5669E-10   2.8903E+02   2.1838E+02   5.0659E+00   7.1963E+03   3.8571E+00
  10   1.1677E-06   1.9945E-10   3.6923E+02   2.1839E+02   4.9483E+00   8.4220E+03   3.9254E+00
  11   1.4779E-06   2.5135E-10   4.6735E+02   2.1839E+02   4.8193E+00   9.6864E+03   3.9862E+00
  12   1.8542E-06   3.1380E-10   5.8633E+02   2.1839E+02   4.6851E+00   1.0975E+04   4.0404E+00
  13   2.3071E-06   3.8837E-10   7.2953E+02   2.1840E+02   4.5481E+00   1.2302E+04   4.0900E+00
  14   2.8487E-06   4.7682E-10   9.0081E+02   2.1841E+02   4.4097E+00   1.3657E+04   4.1354E+00
  15   3.4931E-06   5.8119E-10   1.1046E+03   2.1842E+02   4.2721E+00   1.5035E+04   4.1771E+00
  16   4.2567E-06   7.0385E-10   1.3460E+03   2.1843E+02   4.1365E+00   1.6475E+04   4.2168E+00
  17   5.1583E-06   8.4745E-10   1.6311E+03   2.1845E+02   4.0027E+00   1.8005E+04   4.2554E+00
  18   6.2202E-06   1.0149E-09   1.9669E+03   2.1847E+02   3.8691E+00   1.9565E+04   4.2915E+00
  19   7.4681E-06   1.2100E-09   2.3615E+03   2.1849E+02   3.7389E+00   2.1126E+04   4.3248E+00
  20   8.9322E-06   1.4371E-09   2.8245E+03   2.1853E+02   3.6132E+00   2.2726E+04   4.3565E+00
  21   1.0648E-05   1.7012E-09   3.3670E+03   2.1857E+02   3.4930E+00   2.4376E+04   4.3870E+00
  22   1.2656E-05   2.0086E-09   4.0020E+03   2.1862E+02   3.3794E+00   2.6117E+04   4.4169E+00
  23   1.5005E-05   2.3666E-09   4.7448E+03   2.1869E+02   3.2732E+00   2.8014E+04   4.4474E+00
  24   1.7752E-05   2.7836E-09   5.6133E+03   2.1877E+02   3.1739E+00   3.0144E+04   4.4792E+00
  25   2.0963E-05   3.2694E-09   6.6285E+03   2.1887E+02   3.0812E+00   3.2546E+04   4.5125E+00
  26   2.4714E-05   3.8353E-09   7.8147E+03   2.1901E+02   2.9938E+00   3.5285E+04   4.5476E+00
  27   2.9097E-05   4.4952E-09   9.2006E+03   2.1917E+02   2.9123E+00   3.8398E+04   4.5843E+00
  28   3.4218E-05   5.2640E-09   1.0820E+04   2.1939E+02   2.8349E+00   4.2005E+04   4.6233E+00
  29   4.0202E-05   6.1587E-09   1.2712E+04   2.1967E+02   2.7600E+00   4.6140E+04   4.6641E+00
  30   4.7194E-05   7.1988E-09   1.4922E+04   2.2002E+02   2.6864E+00   5.0826E+04   4.7061E+00
  31   5.5369E-05   8.4059E-09   1.7507E+04   2.2048E+02   2.6127E+00   5.6075E+04   4.7488E+00
  32   6.4933E-05   9.8049E-09   2.0531E+04   2.2107E+02   2.5382E+00   6.1896E+04   4.7917E+00
  33   7.6127E-05   1.1423E-08   2.4070E+04   2.2184E+02   2.4619E+00   6.8338E+04   4.8347E+00
  34   8.9240E-05   1.3291E-08   2.8216E+04   2.2282E+02   2.3835E+00   7.5398E+04   4.8774E+00
  35   1.0462E-04   1.5442E-08   3.3078E+04   2.2410E+02   2.3023E+00   8.3096E+04   4.9196E+00
  36   1.2268E-04   1.7914E-08   3.8788E+04   2.2575E+02   2.2183E+00   9.1412E+04   4.9610E+00
  37   1.4393E-04   2.0752E-08   4.5505E+04   2.2789E+02   2.1322E+00   1.0031E+05   5.0013E+00
  38   1.6899E-04   2.3999E-08   5.3426E+04   2.3064E+02   2.0423E+00   1.0980E+05   5.0406E+00
  39   1.9862E-04   2.7713E-08   6.2793E+04   2.3418E+02   1.9504E+00   1.1960E+05   5.0777E+00
  40   2.3378E-04   3.1965E-08   7.3907E+04   2.3874E+02   1.8577E+00   1.2965E+05   5.1128E+00
  41   2.7567E-04   3.6840E-08   8.7148E+04   2.4460E+02   1.7651E+00   1.3980E+05   5.1455E+00
  42   3.2581E-04   4.2440E-08   1.0300E+05   2.5211E+02   1.6735E+00   1.4980E+05   5.1755E+00
  43   3.8618E-04   4.8897E-08   1.2208E+05   2.6173E+02   1.5841E+00   1.5932E+05   5.2023E+00
  44   4.5933E-04   5.6381E-08   1.4520E+05   2.7402E+02   1.4978E+00   1.6802E+05   5.2254E+00
  45   5.4864E-04   6.5118E-08   1.7342E+05   2.8969E+02   1.4160E+00   1.7553E+05   5.2443E+00
  46   6.5862E-04   7.5412E-08   2.0818E+05   3.0966E+02   1.3398E+00   1.8158E+05   5.2591E+00
  47   7.9533E-04   8.7665E-08   2.5139E+05   3.3511E+02   1.2706E+00   1.8614E+05   5.2698E+00
  48   9.6702E-04   1.0240E-07   3.0565E+05   3.6761E+02   1.2091E+00   1.8933E+05   5.2772E+00
  49   1.1849E-03   1.2032E-07   3.7451E+05   4.0932E+02   1.1561E+00   1.9139E+05   5.2819E+00
  50   1.4645E-03   1.4230E-07   4.6286E+05   4.6316E+02   1.1120E+00   1.9260E+05   5.2847E+00
  51   1.8273E-03   1.6954E-07   5.7753E+05   5.3347E+02   1.0765E+00   1.9378E+05   5.2873E+00
  52   2.3021E-03   2.0341E-07   7.2756E+05   6.2639E+02   1.0495E+00   1.9573E+05   5.2917E+00
  53   2.9253E-03   2.4543E-07   9.2454E+05   7.5044E+02   1.0300E+00   1.9902E+05   5.2989E+00
  54   3.7456E-03   2.9737E-07   1.1838E+06   9.1799E+02   1.0168E+00   2.0425E+05   5.3102E+00
  55   4.8244E-03   3.6109E-07   1.5247E+06   1.1464E+03   1.0083E+00   2.1171E+05   5.3257E+00
  56   6.2382E-03   4.3853E-07   1.9715E+06   1.4594E+03   1.0032E+00   2.2143E+05   5.3452E+00
  57   8.0826E-03   5.3182E-07   2.5543E+06   1.8896E+03   1.0003E+00   2.3323E+05   5.3678E+00
  58   1.0480E-02   6.4359E-07   3.3119E+06   2.4806E+03   9.9898E-01   2.4646E+05   5.3918E+00
  59   1.3600E-02   7.7772E-07   4.2976E+06   3.2909E+03   9.9860E-01   2.5976E+05   5.4146E+00
  60   1.7694E-02   9.4069E-07   5.5910E+06   4.3991E+03   9.9886E-01   2.7072E+05   5.4325E+00
  61   2.3175E-02   1.1442E-06   7.3229E+06   5.9117E+03   9.9943E-01   2.7595E+05   5.4408E+00
  62   3.0766E-02   1.4093E-06   9.7212E+06   7.9771E+03   9.9997E-01   2.7209E+05   5.4347E+00
  63   4.1745E-02   1.7725E-06   1.3190E+07   1.0803E+04   1.0002E+00   2.5735E+05   5.4105E+00
  64   5.8330E-02   2.2940E-06   1.8431E+07   1.4672E+04   1.0002E+00   2.3329E+05   5.3679E+00
  65   8.4194E-02   3.0653E-06   2.6605E+07   1.9970E+04   9.9988E-01   2.0486E+05   5.3115E+00
  66   1.2509E-01   4.2142E-06   3.9530E+07   2.7232E+04   9.9936E-01   1.7756E+05   5.2494E+00
  67   1.8962E-01   5.9081E-06   5.9926E+07   3.7196E+04   9.9845E-01   1.5442E+05   5.1887E+00
  68   2.9022E-01   8.3589E-06   9.1724E+07   5.0871E+04   9.9676E-01   1.3594E+05   5.1333E+00
  69   4.4453E-01   1.1830E-05   1.4050E+08   6.9622E+04   9.9375E-01   1.2151E+05   5.0846E+00
  70   6.7720E-01   1.6642E-05   2.1406E+08   9.5288E+04   9.8867E-01   1.1031E+05   5.0426E+00
 before if(lfin) F

before psy0 - nfreqe,in       0       2       0       1       0       0       1

 =========  LINEARIZATION, ITER =           5

reint1.1.1.1.1.1.1.1.1.1.1.1.1.1.1.1.1.1.1.1.1.1.1.1.1.1.1.1.1.1.1.1.1.1.1.
     1.1.1.1.1.1.1.1.1.1.1.1.1.1.1.1.1.1.1.1.1.1.1.1.1.1.1.1.1.1.1.1.1.1.1.
redif0.0.0.0.0.0.0.0.0.0.0.0.0.0.0.0.0.0.0.0.0.0.0.0.0.0.0.0.0.0.0.0.0.0.0.
     0.1.1.1.1.1.1.1.1.1.1.1.1.1.1.1.1.1.1.1.1.1.1.1.1.1.1.1.1.1.1.1.1.1.1.
u -1.27E+04 -2.72E-04  5.16E-01  2.00E+00 -2.46E+04 -2.46E+04  3.01E+07  1.72E-08  2.58E-04  3.46E+00
 ===== end of RYBCHN in ITER           5
 conout imod,iprin           1           1


  ID    DM        TEMP      DELTA  DELTA(AD)  CON/TOT  RAD/TOT  (C+R)/TOT


   1 9.33E-08  10068.8  0.00E+00  0.00E+00  0.00E+00  0.00E+00  0.00E+00
   2 1.28E-07  10862.4  1.72E+00  0.00E+00  0.00E+00  0.00E+00  0.00E+00
   3 1.73E-07  11014.2  2.48E-01  0.00E+00  0.00E+00  0.00E+00  0.00E+00
   4 2.34E-07  11118.3  1.36E-01  0.00E+00  0.00E+00  0.00E+00  0.00E+00
   5 3.12E-07  11198.0  8.52E-02  0.00E+00  0.00E+00  0.00E+00  0.00E+00
   6 4.14E-07  11264.1  5.95E-02  0.00E+00  0.00E+00  0.00E+00  0.00E+00
   7 5.44E-07  11322.1  4.52E-02  0.00E+00  0.00E+00  0.00E+00  0.00E+00
   8 7.09E-07  11377.8  3.86E-02  0.00E+00  0.00E+00  0.00E+00  0.00E+00
   9 9.14E-07  11436.4  3.69E-02  0.00E+00  0.00E+00  0.00E+00  0.00E+00
  10 1.17E-06  11504.1  3.97E-02  0.00E+00  0.00E+00  0.00E+00  0.00E+00
  11 1.48E-06  11580.3  4.23E-02  0.00E+00  0.00E+00  0.00E+00  0.00E+00
  12 1.85E-06  11662.2  4.36E-02  0.00E+00  0.00E+00  0.00E+00  0.00E+00
  13 2.31E-06  11748.8  4.48E-02  0.00E+00  0.00E+00  0.00E+00  0.00E+00
  14 2.85E-06  11839.6  4.60E-02  0.00E+00  0.00E+00  0.00E+00  0.00E+00
  15 3.49E-06  11933.5  4.69E-02  0.00E+00  0.00E+00  0.00E+00  0.00E+00
  16 4.26E-06  12029.7  4.76E-02  0.00E+00  0.00E+00  0.00E+00  0.00E+00
  17 5.16E-06  12128.6  4.87E-02  0.00E+00  0.00E+00  0.00E+00  0.00E+00
  18 6.22E-06  12232.1  5.07E-02  0.00E+00  0.00E+00  0.00E+00  0.00E+00
  19 7.47E-06  12337.5  5.16E-02  0.00E+00  0.00E+00  0.00E+00  0.00E+00
  20 8.93E-06  12444.3  5.20E-02  0.00E+00  0.00E+00  0.00E+00  0.00E+00
  21 1.06E-05  12550.9  5.19E-02  0.00E+00  0.00E+00  0.00E+00  0.00E+00
  22 1.27E-05  12656.3  5.11E-02  0.00E+00  0.00E+00  0.00E+00  0.00E+00
  23 1.50E-05  12758.9  4.97E-02  0.00E+00  0.00E+00  0.00E+00  0.00E+00
  24 1.78E-05  12858.8  4.83E-02  0.00E+00  0.00E+00  0.00E+00  0.00E+00
  25 2.10E-05  12956.2  4.70E-02  0.00E+00  0.00E+00  0.00E+00  0.00E+00
  26 2.47E-05  13051.4  4.57E-02  0.00E+00  0.00E+00  0.00E+00  0.00E+00
  27 2.91E-05  13144.2  4.45E-02  0.00E+00  0.00E+00  0.00E+00  0.00E+00
  28 3.42E-05  13236.2  4.40E-02  0.00E+00  0.00E+00  0.00E+00  0.00E+00
  29 4.02E-05  13329.3  4.43E-02  0.00E+00  0.00E+00  0.00E+00  0.00E+00
  30 4.72E-05  13425.1  4.54E-02  0.00E+00  0.00E+00  0.00E+00  0.00E+00
  31 5.54E-05  13525.9  4.74E-02  0.00E+00  0.00E+00  0.00E+00  0.00E+00
  32 6.49E-05  13633.2  5.02E-02  1.36E-01  0.00E+00  0.00E+00  0.00E+00
  33 7.61E-05  13749.5  5.39E-02  1.35E-01  0.00E+00  0.00E+00  0.00E+00
  34 8.92E-05  13876.7  5.84E-02  1.35E-01  0.00E+00  0.00E+00  0.00E+00
  35 1.05E-04  14017.4  6.39E-02  1.36E-01  0.00E+00  0.00E+00  0.00E+00
  36 1.23E-04  14174.2  7.03E-02  1.37E-01  0.00E+00  0.00E+00  0.00E+00
  37 1.44E-04  14349.0  7.71E-02  1.38E-01  0.00E+00  0.00E+00  0.00E+00
  38 1.69E-04  14547.8  8.61E-02  1.41E-01  0.00E+00  0.00E+00  0.00E+00
  39 1.99E-04  14772.4  9.52E-02  1.44E-01  0.00E+00  0.00E+00  0.00E+00
  40 2.34E-04  15025.7  1.05E-01  1.48E-01  0.00E+00  0.00E+00  0.00E+00
  41 2.76E-04  15311.4  1.15E-01  1.53E-01  0.00E+00  0.00E+00  0.00E+00
  42 3.26E-04  15634.4  1.25E-01  1.60E-01  0.00E+00  0.00E+00  0.00E+00
  43 3.86E-04  15999.6  1.36E-01  1.68E-01  0.00E+00  0.00E+00  0.00E+00
  44 4.59E-04  16412.3  1.47E-01  1.79E-01  0.00E+00  0.00E+00  0.00E+00
  45 5.49E-04  16877.6  1.58E-01  1.91E-01  0.00E+00  0.00E+00  0.00E+00
  46 6.59E-04  17400.0  1.67E-01  2.06E-01  0.00E+00  0.00E+00  0.00E+00
  47 7.95E-04  17984.0  1.75E-01  2.23E-01  0.00E+00  0.00E+00  0.00E+00
  48 9.67E-04  18634.7  1.82E-01  2.41E-01  0.00E+00  0.00E+00  0.00E+00
  49 1.18E-03  19357.8  1.87E-01  2.61E-01  0.00E+00  0.00E+00  0.00E+00
  50 1.46E-03  20160.6  1.92E-01  2.81E-01  0.00E+00  0.00E+00  0.00E+00
  51 1.83E-03  21055.6  1.96E-01  3.01E-01  0.00E+00  0.00E+00  0.00E+00
  52 2.30E-03  22057.8  2.01E-01  3.20E-01  0.00E+00  0.00E+00  0.00E+00
  53 2.93E-03  23185.2  2.08E-01  3.36E-01  0.00E+00  0.00E+00  0.00E+00
  54 3.75E-03  24462.1  2.17E-01  3.51E-01  0.00E+00  0.00E+00  0.00E+00
  55 4.82E-03  25913.6  2.28E-01  3.64E-01  0.00E+00  0.00E+00  0.00E+00
  56 6.24E-03  27561.0  2.40E-01  3.73E-01  0.00E+00  0.00E+00  0.00E+00
  57 8.08E-03  29420.5  2.52E-01  3.81E-01  0.00E+00  0.00E+00  0.00E+00
  58 1.05E-02  31502.3  2.63E-01  3.87E-01  0.00E+00  0.00E+00  0.00E+00
  59 1.36E-02  33812.4  2.72E-01  3.91E-01  0.00E+00  0.00E+00  0.00E+00
  60 1.77E-02  36354.6  2.76E-01  3.94E-01  0.00E+00  0.00E+00  0.00E+00
  61 2.32E-02  39136.7  2.73E-01  3.96E-01  0.00E+00  0.00E+00  0.00E+00
  62 3.08E-02  42175.3  2.64E-01  3.97E-01  0.00E+00  0.00E+00  0.00E+00
  63 4.17E-02  45493.6  2.48E-01  3.98E-01  0.00E+00  0.00E+00  0.00E+00
  64 5.83E-02  49112.9  2.29E-01  3.98E-01  0.00E+00  0.00E+00  0.00E+00
  65 8.42E-02  53052.0  2.10E-01  3.99E-01  0.00E+00  0.00E+00  0.00E+00
  66 1.25E-01  57336.7  1.96E-01  3.99E-01  0.00E+00  0.00E+00  0.00E+00
  67 1.90E-01  61999.4  1.88E-01  3.99E-01  0.00E+00  0.00E+00  0.00E+00
  68 2.90E-01  67075.6  1.85E-01  3.99E-01  0.00E+00  0.00E+00  0.00E+00
  69 4.45E-01  72604.0  1.86E-01  3.99E-01  0.00E+00  0.00E+00  0.00E+00
  70 6.77E-01  78630.5  1.89E-01  3.99E-01  0.00E+00  0.00E+00  0.00E+00

convective zone between depths (inclusive)   0   0

 end rybsol

**********
 ITERATION:  6
**********

 before inilam
 after inilam
 after linsel
 NTRANS         136
 ilam           1
 after opaini in ilam           1
 after ratsp1i in ilam           1
 after newpop in ilam           1
 after output
 after radpre
 HMIX0  0.59999999999999998     
dad -4.3546E-18 -4.3546E-18 -5.6003E-15

 RYBHEQ in iter   6
   id      dm          dens        pgs0          pra          pradfc      grad        log grad

   1   9.3272E-08   1.8135E-11   2.9492E+01   2.1838E+02   8.4272E+00   3.1064E+04   4.4923E+00
   2   1.2759E-07   2.2801E-11   4.0344E+01   2.1838E+02   6.2214E+00   9.5544E+03   3.9802E+00
   3   1.7326E-07   3.0548E-11   5.4785E+01   2.1838E+02   5.8855E+00   4.1021E+03   3.6130E+00
   4   2.3352E-07   4.0820E-11   7.3843E+01   2.1838E+02   5.6680E+00   3.9085E+03   3.5920E+00
   5   3.1229E-07   5.4261E-11   9.8750E+01   2.1838E+02   5.5084E+00   4.0973E+03   3.6125E+00
   6   4.1412E-07   7.1637E-11   1.3095E+02   2.1838E+02   5.3803E+00   4.5443E+03   3.6575E+00
   7   5.4428E-07   9.3834E-11   1.7211E+02   2.1838E+02   5.2710E+00   5.2147E+03   3.7172E+00
   8   7.0869E-07   1.2183E-10   2.2410E+02   2.1838E+02   5.1684E+00   6.1067E+03   3.7858E+00
   9   9.1401E-07   1.5667E-10   2.8903E+02   2.1838E+02   5.0634E+00   7.1919E+03   3.8568E+00
  10   1.1677E-06   1.9941E-10   3.6923E+02   2.1839E+02   4.9452E+00   8.4139E+03   3.9250E+00
  11   1.4779E-06   2.5130E-10   4.6735E+02   2.1839E+02   4.8164E+00   9.6736E+03   3.9856E+00
  12   1.8542E-06   3.1374E-10   5.8633E+02   2.1839E+02   4.6827E+00   1.0960E+04   4.0398E+00
  13   2.3071E-06   3.8832E-10   7.2953E+02   2.1840E+02   4.5463E+00   1.2287E+04   4.0894E+00
  14   2.8487E-06   4.7677E-10   9.0081E+02   2.1841E+02   4.4085E+00   1.3642E+04   4.1349E+00
  15   3.4931E-06   5.8117E-10   1.1046E+03   2.1842E+02   4.2716E+00   1.5021E+04   4.1767E+00
  16   4.2567E-06   7.0387E-10   1.3460E+03   2.1843E+02   4.1369E+00   1.6463E+04   4.2165E+00
  17   5.1583E-06   8.4753E-10   1.6311E+03   2.1845E+02   4.0038E+00   1.7998E+04   4.2552E+00
  18   6.2202E-06   1.0150E-09   1.9669E+03   2.1847E+02   3.8704E+00   1.9564E+04   4.2915E+00
  19   7.4681E-06   1.2102E-09   2.3615E+03   2.1849E+02   3.7402E+00   2.1132E+04   4.3249E+00
  20   8.9322E-06   1.4372E-09   2.8245E+03   2.1853E+02   3.6141E+00   2.2737E+04   4.3567E+00
  21   1.0648E-05   1.7013E-09   3.3670E+03   2.1857E+02   3.4935E+00   2.4390E+04   4.3872E+00
  22   1.2656E-05   2.0086E-09   4.0020E+03   2.1862E+02   3.3794E+00   2.6130E+04   4.4171E+00
  23   1.5005E-05   2.3666E-09   4.7448E+03   2.1869E+02   3.2730E+00   2.8022E+04   4.4475E+00
  24   1.7752E-05   2.7835E-09   5.6133E+03   2.1877E+02   3.1737E+00   3.0149E+04   4.4793E+00
  25   2.0963E-05   3.2692E-09   6.6285E+03   2.1887E+02   3.0807E+00   3.2551E+04   4.5126E+00
  26   2.4714E-05   3.8353E-09   7.8147E+03   2.1901E+02   2.9937E+00   3.5274E+04   4.5475E+00
  27   2.9097E-05   4.4952E-09   9.2006E+03   2.1917E+02   2.9123E+00   3.8393E+04   4.5843E+00
  28   3.4218E-05   5.2640E-09   1.0820E+04   2.1939E+02   2.8349E+00   4.2003E+04   4.6233E+00
  29   4.0202E-05   6.1587E-09   1.2712E+04   2.1966E+02   2.7600E+00   4.6140E+04   4.6641E+00
  30   4.7194E-05   7.1988E-09   1.4922E+04   2.2002E+02   2.6864E+00   5.0827E+04   4.7061E+00
  31   5.5369E-05   8.4059E-09   1.7507E+04   2.2048E+02   2.6127E+00   5.6076E+04   4.7488E+00
  32   6.4933E-05   9.8048E-09   2.0531E+04   2.2107E+02   2.5381E+00   6.1896E+04   4.7917E+00
  33   7.6127E-05   1.1423E-08   2.4070E+04   2.2184E+02   2.4618E+00   6.8338E+04   4.8347E+00
  34   8.9240E-05   1.3290E-08   2.8216E+04   2.2282E+02   2.3834E+00   7.5397E+04   4.8774E+00
  35   1.0462E-04   1.5441E-08   3.3078E+04   2.2410E+02   2.3022E+00   8.3095E+04   4.9196E+00
  36   1.2268E-04   1.7914E-08   3.8788E+04   2.2575E+02   2.2183E+00   9.1411E+04   4.9610E+00
  37   1.4393E-04   2.0752E-08   4.5505E+04   2.2788E+02   2.1321E+00   1.0031E+05   5.0013E+00
  38   1.6899E-04   2.3998E-08   5.3426E+04   2.3064E+02   2.0423E+00   1.0980E+05   5.0406E+00
  39   1.9862E-04   2.7713E-08   6.2793E+04   2.3418E+02   1.9504E+00   1.1960E+05   5.0777E+00
  40   2.3378E-04   3.1965E-08   7.3907E+04   2.3874E+02   1.8577E+00   1.2965E+05   5.1128E+00
  41   2.7567E-04   3.6840E-08   8.7148E+04   2.4459E+02   1.7651E+00   1.3979E+05   5.1455E+00
  42   3.2581E-04   4.2440E-08   1.0300E+05   2.5211E+02   1.6735E+00   1.4980E+05   5.1755E+00
  43   3.8618E-04   4.8897E-08   1.2208E+05   2.6172E+02   1.5841E+00   1.5932E+05   5.2023E+00
  44   4.5933E-04   5.6381E-08   1.4520E+05   2.7401E+02   1.4979E+00   1.6802E+05   5.2254E+00
  45   5.4864E-04   6.5119E-08   1.7342E+05   2.8969E+02   1.4160E+00   1.7553E+05   5.2444E+00
  46   6.5862E-04   7.5413E-08   2.0818E+05   3.0966E+02   1.3399E+00   1.8158E+05   5.2591E+00
  47   7.9533E-04   8.7665E-08   2.5139E+05   3.3511E+02   1.2706E+00   1.8614E+05   5.2698E+00
  48   9.6702E-04   1.0240E-07   3.0565E+05   3.6761E+02   1.2091E+00   1.8933E+05   5.2772E+00
  49   1.1849E-03   1.2032E-07   3.7451E+05   4.0932E+02   1.1561E+00   1.9140E+05   5.2819E+00
  50   1.4645E-03   1.4230E-07   4.6286E+05   4.6316E+02   1.1120E+00   1.9261E+05   5.2847E+00
  51   1.8273E-03   1.6954E-07   5.7753E+05   5.3347E+02   1.0765E+00   1.9378E+05   5.2873E+00
  52   2.3021E-03   2.0341E-07   7.2756E+05   6.2640E+02   1.0495E+00   1.9573E+05   5.2917E+00
  53   2.9253E-03   2.4543E-07   9.2454E+05   7.5044E+02   1.0300E+00   1.9902E+05   5.2989E+00
  54   3.7456E-03   2.9737E-07   1.1838E+06   9.1799E+02   1.0168E+00   2.0425E+05   5.3102E+00
  55   4.8244E-03   3.6109E-07   1.5247E+06   1.1464E+03   1.0083E+00   2.1171E+05   5.3257E+00
  56   6.2382E-03   4.3853E-07   1.9715E+06   1.4594E+03   1.0032E+00   2.2143E+05   5.3452E+00
  57   8.0826E-03   5.3182E-07   2.5543E+06   1.8896E+03   1.0003E+00   2.3323E+05   5.3678E+00
  58   1.0480E-02   6.4359E-07   3.3119E+06   2.4806E+03   9.9898E-01   2.4646E+05   5.3918E+00
  59   1.3600E-02   7.7772E-07   4.2976E+06   3.2909E+03   9.9860E-01   2.5976E+05   5.4146E+00
  60   1.7694E-02   9.4069E-07   5.5910E+06   4.3991E+03   9.9886E-01   2.7072E+05   5.4325E+00
  61   2.3175E-02   1.1442E-06   7.3229E+06   5.9117E+03   9.9943E-01   2.7595E+05   5.4408E+00
  62   3.0766E-02   1.4093E-06   9.7212E+06   7.9771E+03   9.9997E-01   2.7209E+05   5.4347E+00
  63   4.1745E-02   1.7725E-06   1.3190E+07   1.0803E+04   1.0002E+00   2.5735E+05   5.4105E+00
  64   5.8330E-02   2.2940E-06   1.8431E+07   1.4672E+04   1.0002E+00   2.3329E+05   5.3679E+00
  65   8.4194E-02   3.0653E-06   2.6605E+07   1.9970E+04   9.9988E-01   2.0486E+05   5.3115E+00
  66   1.2509E-01   4.2142E-06   3.9530E+07   2.7232E+04   9.9936E-01   1.7756E+05   5.2494E+00
  67   1.8962E-01   5.9081E-06   5.9926E+07   3.7196E+04   9.9845E-01   1.5442E+05   5.1887E+00
  68   2.9022E-01   8.3589E-06   9.1724E+07   5.0871E+04   9.9676E-01   1.3594E+05   5.1333E+00
  69   4.4453E-01   1.1830E-05   1.4050E+08   6.9622E+04   9.9375E-01   1.2151E+05   5.0846E+00
  70   6.7720E-01   1.6642E-05   2.1406E+08   9.5288E+04   9.8867E-01   1.1031E+05   5.0426E+00
 before if(lfin) F

before psy0 - nfreqe,in       0       2       0       1       0       0       1

 =========  LINEARIZATION, ITER =           6

reint1.1.1.1.1.1.1.1.1.1.1.1.1.1.1.1.1.1.1.1.1.1.1.1.1.1.1.1.1.1.1.1.1.1.1.
     1.1.1.1.1.1.1.1.1.1.1.1.1.1.1.1.1.1.1.1.1.1.1.1.1.1.1.1.1.1.1.1.1.1.1.
redif0.0.0.0.0.0.0.0.0.0.0.0.0.0.0.0.0.0.0.0.0.0.0.0.0.0.0.0.0.0.0.0.0.0.0.
     0.1.1.1.1.1.1.1.1.1.1.1.1.1.1.1.1.1.1.1.1.1.1.1.1.1.1.1.1.1.1.1.1.1.1.
u -1.28E+04 -2.71E-04  5.19E-01  2.00E+00 -2.47E+04 -2.47E+04  3.03E+07  1.72E-08  2.60E-04  3.48E+00
 ===== end of RYBCHN in ITER           6
 conout imod,iprin           1           1


  ID    DM        TEMP      DELTA  DELTA(AD)  CON/TOT  RAD/TOT  (C+R)/TOT


   1 9.33E-08  10069.6  0.00E+00  0.00E+00  0.00E+00  0.00E+00  0.00E+00
   2 1.28E-07  10862.6  1.72E+00  0.00E+00  0.00E+00  0.00E+00  0.00E+00
   3 1.73E-07  11013.7  2.47E-01  0.00E+00  0.00E+00  0.00E+00  0.00E+00
   4 2.34E-07  11118.0  1.36E-01  0.00E+00  0.00E+00  0.00E+00  0.00E+00
   5 3.12E-07  11198.0  8.55E-02  0.00E+00  0.00E+00  0.00E+00  0.00E+00
   6 4.14E-07  11264.2  5.96E-02  0.00E+00  0.00E+00  0.00E+00  0.00E+00
   7 5.44E-07  11322.2  4.52E-02  0.00E+00  0.00E+00  0.00E+00  0.00E+00
   8 7.09E-07  11378.0  3.86E-02  0.00E+00  0.00E+00  0.00E+00  0.00E+00
   9 9.14E-07  11436.6  3.69E-02  0.00E+00  0.00E+00  0.00E+00  0.00E+00
  10 1.17E-06  11504.3  3.97E-02  0.00E+00  0.00E+00  0.00E+00  0.00E+00
  11 1.48E-06  11580.5  4.23E-02  0.00E+00  0.00E+00  0.00E+00  0.00E+00
  12 1.85E-06  11662.4  4.36E-02  0.00E+00  0.00E+00  0.00E+00  0.00E+00
  13 2.31E-06  11748.9  4.48E-02  0.00E+00  0.00E+00  0.00E+00  0.00E+00
  14 2.85E-06  11839.7  4.60E-02  0.00E+00  0.00E+00  0.00E+00  0.00E+00
  15 3.49E-06  11933.5  4.69E-02  0.00E+00  0.00E+00  0.00E+00  0.00E+00
  16 4.26E-06  12029.6  4.76E-02  0.00E+00  0.00E+00  0.00E+00  0.00E+00
  17 5.16E-06  12128.5  4.87E-02  0.00E+00  0.00E+00  0.00E+00  0.00E+00
  18 6.22E-06  12231.9  5.07E-02  0.00E+00  0.00E+00  0.00E+00  0.00E+00
  19 7.47E-06  12337.4  5.16E-02  0.00E+00  0.00E+00  0.00E+00  0.00E+00
  20 8.93E-06  12444.1  5.21E-02  0.00E+00  0.00E+00  0.00E+00  0.00E+00
  21 1.06E-05  12550.9  5.19E-02  0.00E+00  0.00E+00  0.00E+00  0.00E+00
  22 1.27E-05  12656.3  5.12E-02  0.00E+00  0.00E+00  0.00E+00  0.00E+00
  23 1.50E-05  12758.9  4.97E-02  0.00E+00  0.00E+00  0.00E+00  0.00E+00
  24 1.78E-05  12858.8  4.83E-02  0.00E+00  0.00E+00  0.00E+00  0.00E+00
  25 2.10E-05  12956.3  4.70E-02  0.00E+00  0.00E+00  0.00E+00  0.00E+00
  26 2.47E-05  13051.4  4.57E-02  0.00E+00  0.00E+00  0.00E+00  0.00E+00
  27 2.91E-05  13144.2  4.45E-02  0.00E+00  0.00E+00  0.00E+00  0.00E+00
  28 3.42E-05  13236.2  4.40E-02  0.00E+00  0.00E+00  0.00E+00  0.00E+00
  29 4.02E-05  13329.3  4.43E-02  0.00E+00  0.00E+00  0.00E+00  0.00E+00
  30 4.72E-05  13425.1  4.54E-02  0.00E+00  0.00E+00  0.00E+00  0.00E+00
  31 5.54E-05  13525.9  4.74E-02  0.00E+00  0.00E+00  0.00E+00  0.00E+00
  32 6.49E-05  13633.2  5.02E-02  1.36E-01  0.00E+00  0.00E+00  0.00E+00
  33 7.61E-05  13749.5  5.39E-02  1.35E-01  0.00E+00  0.00E+00  0.00E+00
  34 8.92E-05  13876.7  5.84E-02  1.35E-01  0.00E+00  0.00E+00  0.00E+00
  35 1.05E-04  14017.4  6.39E-02  1.36E-01  0.00E+00  0.00E+00  0.00E+00
  36 1.23E-04  14174.2  7.03E-02  1.37E-01  0.00E+00  0.00E+00  0.00E+00
  37 1.44E-04  14349.0  7.71E-02  1.38E-01  0.00E+00  0.00E+00  0.00E+00
  38 1.69E-04  14547.8  8.61E-02  1.41E-01  0.00E+00  0.00E+00  0.00E+00
  39 1.99E-04  14772.4  9.52E-02  1.44E-01  0.00E+00  0.00E+00  0.00E+00
  40 2.34E-04  15025.7  1.05E-01  1.48E-01  0.00E+00  0.00E+00  0.00E+00
  41 2.76E-04  15311.4  1.15E-01  1.53E-01  0.00E+00  0.00E+00  0.00E+00
  42 3.26E-04  15634.4  1.25E-01  1.60E-01  0.00E+00  0.00E+00  0.00E+00
  43 3.86E-04  15999.6  1.36E-01  1.68E-01  0.00E+00  0.00E+00  0.00E+00
  44 4.59E-04  16412.3  1.47E-01  1.79E-01  0.00E+00  0.00E+00  0.00E+00
  45 5.49E-04  16877.5  1.58E-01  1.91E-01  0.00E+00  0.00E+00  0.00E+00
  46 6.59E-04  17399.9  1.67E-01  2.06E-01  0.00E+00  0.00E+00  0.00E+00
  47 7.95E-04  17984.0  1.75E-01  2.23E-01  0.00E+00  0.00E+00  0.00E+00
  48 9.67E-04  18634.7  1.82E-01  2.41E-01  0.00E+00  0.00E+00  0.00E+00
  49 1.18E-03  19357.9  1.87E-01  2.61E-01  0.00E+00  0.00E+00  0.00E+00
  50 1.46E-03  20160.6  1.92E-01  2.81E-01  0.00E+00  0.00E+00  0.00E+00
  51 1.83E-03  21055.6  1.96E-01  3.01E-01  0.00E+00  0.00E+00  0.00E+00
  52 2.30E-03  22057.8  2.01E-01  3.20E-01  0.00E+00  0.00E+00  0.00E+00
  53 2.93E-03  23185.2  2.08E-01  3.36E-01  0.00E+00  0.00E+00  0.00E+00
  54 3.75E-03  24462.1  2.17E-01  3.51E-01  0.00E+00  0.00E+00  0.00E+00
  55 4.82E-03  25913.6  2.28E-01  3.64E-01  0.00E+00  0.00E+00  0.00E+00
  56 6.24E-03  27561.0  2.40E-01  3.73E-01  0.00E+00  0.00E+00  0.00E+00
  57 8.08E-03  29420.5  2.52E-01  3.81E-01  0.00E+00  0.00E+00  0.00E+00
  58 1.05E-02  31502.3  2.63E-01  3.87E-01  0.00E+00  0.00E+00  0.00E+00
  59 1.36E-02  33812.4  2.72E-01  3.91E-01  0.00E+00  0.00E+00  0.00E+00
  60 1.77E-02  36354.6  2.76E-01  3.94E-01  0.00E+00  0.00E+00  0.00E+00
  61 2.32E-02  39136.7  2.73E-01  3.96E-01  0.00E+00  0.00E+00  0.00E+00
  62 3.08E-02  42175.3  2.64E-01  3.97E-01  0.00E+00  0.00E+00  0.00E+00
  63 4.17E-02  45493.6  2.48E-01  3.98E-01  0.00E+00  0.00E+00  0.00E+00
  64 5.83E-02  49112.9  2.29E-01  3.98E-01  0.00E+00  0.00E+00  0.00E+00
  65 8.42E-02  53052.0  2.10E-01  3.99E-01  0.00E+00  0.00E+00  0.00E+00
  66 1.25E-01  57336.7  1.96E-01  3.99E-01  0.00E+00  0.00E+00  0.00E+00
  67 1.90E-01  61999.4  1.88E-01  3.99E-01  0.00E+00  0.00E+00  0.00E+00
  68 2.90E-01  67075.6  1.85E-01  3.99E-01  0.00E+00  0.00E+00  0.00E+00
  69 4.45E-01  72604.0  1.86E-01  3.99E-01  0.00E+00  0.00E+00  0.00E+00
  70 6.77E-01  78630.5  1.89E-01  3.99E-01  0.00E+00  0.00E+00  0.00E+00

convective zone between depths (inclusive)   0   0

 end rybsol

**********
 ITERATION:  7
**********

 before inilam
 after inilam
 after linsel
 NTRANS         136
 ilam           1
 after opaini in ilam           1
 after ratsp1i in ilam           1
 after newpop in ilam           1
 after output
 ITER  ID    XGRD         FPRAD    log(g_rad)    XGR0        PG+PT      PRAD       d(Ptot)/dm d(PG+PT)/dm

   7   1  1.0000E-01  1.0000E+00  4.4919E+00  3.1623E+07  2.9492E+01  2.1838E+02  3.1623E+08  3.1620E+08
   7   2  3.0000E-01  1.0000E+00  3.9799E+00  9.4868E+07  4.0344E+01  2.1838E+02  3.1623E+08  3.1622E+08
   7   3  5.0000E-01  1.0000E+00  3.6127E+00  1.5811E+08  5.4785E+01  2.1838E+02  3.1623E+08  3.1622E+08
   7   4  7.0000E-01  1.0000E+00  3.5922E+00  2.2136E+08  7.3843E+01  2.1838E+02  3.1623E+08  3.1622E+08
   7   5  9.0000E-01  1.0000E+00  3.6127E+00  2.8461E+08  9.8750E+01  2.1838E+02  3.1623E+08  3.1622E+08
   7   6  9.2000E-01  1.0000E+00  3.6575E+00  2.9093E+08  1.3095E+02  2.1838E+02  3.1623E+08  3.1622E+08
   7   7  9.4000E-01  1.0000E+00  3.7172E+00  2.9725E+08  1.7211E+02  2.1838E+02  3.1623E+08  3.1622E+08
   7   8  9.6000E-01  1.0000E+00  3.7858E+00  3.0358E+08  2.2410E+02  2.1838E+02  3.1623E+08  3.1622E+08
   7   9  9.8000E-01  1.0000E+00  3.8568E+00  3.0990E+08  2.8903E+02  2.1838E+02  3.1623E+08  3.1622E+08
   7  10  9.9000E-01  1.0000E+00  3.9249E+00  3.1307E+08  3.6923E+02  2.1839E+02  3.1623E+08  3.1622E+08
   7  11  9.9000E-01  1.0000E+00  3.9855E+00  3.1307E+08  4.6735E+02  2.1839E+02  3.1623E+08  3.1622E+08
   7  12  9.9000E-01  1.0000E+00  4.0397E+00  3.1307E+08  5.8633E+02  2.1839E+02  3.1623E+08  3.1622E+08
   7  13  9.9000E-01  1.0000E+00  4.0894E+00  3.1307E+08  7.2953E+02  2.1840E+02  3.1623E+08  3.1622E+08
   7  14  9.9000E-01  1.0000E+00  4.1348E+00  3.1307E+08  9.0081E+02  2.1841E+02  3.1623E+08  3.1621E+08
   7  15  9.9000E-01  1.0000E+00  4.1766E+00  3.1307E+08  1.1046E+03  2.1842E+02  3.1623E+08  3.1621E+08
   7  16  9.9000E-01  1.0000E+00  4.2165E+00  3.1307E+08  1.3460E+03  2.1843E+02  3.1623E+08  3.1621E+08
   7  17  9.9000E-01  1.0000E+00  4.2552E+00  3.1307E+08  1.6311E+03  2.1845E+02  3.1623E+08  3.1621E+08
   7  18  9.9000E-01  1.0000E+00  4.2915E+00  3.1307E+08  1.9669E+03  2.1847E+02  3.1623E+08  3.1621E+08
   7  19  9.9000E-01  1.0000E+00  4.3250E+00  3.1307E+08  2.3615E+03  2.1849E+02  3.1623E+08  3.1621E+08
   7  20  9.9000E-01  1.0000E+00  4.3568E+00  3.1307E+08  2.8245E+03  2.1853E+02  3.1623E+08  3.1621E+08
   7  21  9.9000E-01  1.0000E+00  4.3872E+00  3.1307E+08  3.3670E+03  2.1857E+02  3.1623E+08  3.1620E+08
   7  22  9.9000E-01  1.0000E+00  4.4172E+00  3.1307E+08  4.0020E+03  2.1862E+02  3.1623E+08  3.1620E+08
   7  23  9.9000E-01  1.0000E+00  4.4475E+00  3.1307E+08  4.7448E+03  2.1869E+02  3.1623E+08  3.1620E+08
   7  24  9.9000E-01  1.0000E+00  4.4793E+00  3.1307E+08  5.6133E+03  2.1877E+02  3.1623E+08  3.1620E+08
   7  25  9.9000E-01  1.0000E+00  4.5126E+00  3.1307E+08  6.6285E+03  2.1887E+02  3.1623E+08  3.1620E+08
   7  26  9.9000E-01  1.0000E+00  4.5474E+00  3.1307E+08  7.8147E+03  2.1901E+02  3.1623E+08  3.1619E+08
   7  27  9.9000E-01  1.0000E+00  4.5843E+00  3.1307E+08  9.2006E+03  2.1917E+02  3.1623E+08  3.1619E+08
   7  28  9.9000E-01  1.0000E+00  4.6233E+00  3.1307E+08  1.0820E+04  2.1939E+02  3.1623E+08  3.1619E+08
   7  29  9.9000E-01  1.0000E+00  4.6641E+00  3.1307E+08  1.2712E+04  2.1966E+02  3.1623E+08  3.1618E+08
   7  30  9.9000E-01  1.0000E+00  4.7061E+00  3.1307E+08  1.4922E+04  2.2002E+02  3.1623E+08  3.1618E+08
   7  31  9.9000E-01  1.0000E+00  4.7488E+00  3.1307E+08  1.7507E+04  2.2048E+02  3.1623E+08  3.1617E+08
   7  32  9.9000E-01  1.0000E+00  4.7917E+00  3.1307E+08  2.0531E+04  2.2107E+02  3.1623E+08  3.1617E+08
   7  33  9.9000E-01  1.0000E+00  4.8347E+00  3.1307E+08  2.4070E+04  2.2184E+02  3.1623E+08  3.1616E+08
   7  34  9.9000E-01  1.0000E+00  4.8774E+00  3.1307E+08  2.8216E+04  2.2282E+02  3.1623E+08  3.1615E+08
   7  35  9.9000E-01  1.0000E+00  4.9196E+00  3.1307E+08  3.3078E+04  2.2410E+02  3.1623E+08  3.1614E+08
   7  36  9.9000E-01  1.0000E+00  4.9610E+00  3.1307E+08  3.8788E+04  2.2575E+02  3.1623E+08  3.1614E+08
   7  37  9.9000E-01  1.0000E+00  5.0013E+00  3.1307E+08  4.5505E+04  2.2788E+02  3.1623E+08  3.1613E+08
   7  38  9.9000E-01  1.0000E+00  5.0406E+00  3.1307E+08  5.3426E+04  2.3064E+02  3.1623E+08  3.1612E+08
   7  39  9.9000E-01  1.0000E+00  5.0777E+00  3.1307E+08  6.2793E+04  2.3418E+02  3.1623E+08  3.1611E+08
   7  40  9.9000E-01  1.0000E+00  5.1128E+00  3.1307E+08  7.3907E+04  2.3874E+02  3.1623E+08  3.1610E+08
   7  41  9.9000E-01  1.0000E+00  5.1455E+00  3.1307E+08  8.7148E+04  2.4459E+02  3.1623E+08  3.1609E+08
   7  42  9.9000E-01  1.0000E+00  5.1755E+00  3.1307E+08  1.0300E+05  2.5211E+02  3.1623E+08  3.1608E+08
   7  43  9.9000E-01  1.0000E+00  5.2023E+00  3.1307E+08  1.2208E+05  2.6172E+02  3.1623E+08  3.1607E+08
   7  44  9.9000E-01  1.0000E+00  5.2254E+00  3.1307E+08  1.4520E+05  2.7401E+02  3.1623E+08  3.1606E+08
   7  45  9.9000E-01  1.0000E+00  5.2444E+00  3.1307E+08  1.7342E+05  2.8969E+02  3.1623E+08  3.1605E+08
   7  46  9.9000E-01  1.0000E+00  5.2591E+00  3.1307E+08  2.0818E+05  3.0966E+02  3.1623E+08  3.1605E+08
   7  47  9.9000E-01  1.0000E+00  5.2699E+00  3.1307E+08  2.5139E+05  3.3511E+02  3.1623E+08  3.1604E+08
   7  48  9.9000E-01  1.0000E+00  5.2772E+00  3.1307E+08  3.0565E+05  3.6762E+02  3.1623E+08  3.1604E+08
   7  49  9.9000E-01  1.0000E+00  5.2819E+00  3.1307E+08  3.7451E+05  4.0932E+02  3.1623E+08  3.1604E+08
   7  50  9.9000E-01  1.0000E+00  5.2847E+00  3.1307E+08  4.6286E+05  4.6316E+02  3.1623E+08  3.1604E+08
   7  51  9.9000E-01  1.0000E+00  5.2873E+00  3.1307E+08  5.7753E+05  5.3348E+02  3.1623E+08  3.1603E+08
   7  52  9.9000E-01  1.0000E+00  5.2917E+00  3.1307E+08  7.2756E+05  6.2640E+02  3.1623E+08  3.1603E+08
   7  53  9.9000E-01  1.0000E+00  5.2989E+00  3.1307E+08  9.2454E+05  7.5044E+02  3.1623E+08  3.1603E+08
   7  54  9.9000E-01  1.0000E+00  5.3102E+00  3.1307E+08  1.1838E+06  9.1799E+02  3.1623E+08  3.1602E+08
   7  55  9.9000E-01  1.0000E+00  5.3257E+00  3.1307E+08  1.5247E+06  1.1464E+03  3.1623E+08  3.1602E+08
   7  56  9.9000E-01  1.0000E+00  5.3452E+00  3.1307E+08  1.9715E+06  1.4594E+03  3.1623E+08  3.1601E+08
   7  57  9.9000E-01  1.0000E+00  5.3678E+00  3.1307E+08  2.5543E+06  1.8896E+03  3.1623E+08  3.1599E+08
   7  58  9.9000E-01  1.0000E+00  5.3918E+00  3.1307E+08  3.3119E+06  2.4806E+03  3.1623E+08  3.1598E+08
   7  59  9.9000E-01  1.0000E+00  5.4146E+00  3.1307E+08  4.2976E+06  3.2909E+03  3.1623E+08  3.1597E+08
   7  60  9.9000E-01  1.0000E+00  5.4325E+00  3.1307E+08  5.5910E+06  4.3991E+03  3.1623E+08  3.1596E+08
   7  61  9.9000E-01  1.0000E+00  5.4408E+00  3.1307E+08  7.3229E+06  5.9117E+03  3.1623E+08  3.1595E+08
   7  62  9.9000E-01  1.0000E+00  5.4347E+00  3.1307E+08  9.7212E+06  7.9771E+03  3.1623E+08  3.1596E+08
   7  63  9.9000E-01  1.0000E+00  5.4105E+00  3.1307E+08  1.3190E+07  1.0803E+04  3.1623E+08  3.1597E+08
   7  64  9.9000E-01  1.0000E+00  5.3679E+00  3.1307E+08  1.8431E+07  1.4672E+04  3.1623E+08  3.1599E+08
   7  65  9.9000E-01  1.0000E+00  5.3115E+00  3.1307E+08  2.6605E+07  1.9970E+04  3.1623E+08  3.1602E+08
   7  66  9.9000E-01  1.0000E+00  5.2494E+00  3.1307E+08  3.9530E+07  2.7232E+04  3.1623E+08  3.1605E+08
   7  67  9.9000E-01  1.0000E+00  5.1887E+00  3.1307E+08  5.9926E+07  3.7196E+04  3.1623E+08  3.1607E+08
   7  68  9.9000E-01  1.0000E+00  5.1333E+00  3.1307E+08  9.1724E+07  5.0871E+04  3.1623E+08  3.1609E+08
   7  69  9.9000E-01  1.0000E+00  5.0846E+00  3.1307E+08  1.4050E+08  6.9622E+04  3.1623E+08  3.1611E+08
 after radpre
 HMIX0  0.59999999999999998     

* CONVECTIVE FLUX: RESOLV; GLOBAL ITERATION =  6

 conout imod,iprin           1           1


  ID    DM        TEMP      DELTA  DELTA(AD)  CON/TOT  RAD/TOT  (C+R)/TOT


   1 9.33E-08  10069.6  0.00E+00  0.00E+00  0.00E+00  1.00E+00  1.00E+00
   2 1.28E-07  10862.6  1.72E+00  0.00E+00  0.00E+00  1.00E+00  1.00E+00
   3 1.73E-07  11013.7  2.47E-01  0.00E+00  0.00E+00  1.00E+00  1.00E+00
   4 2.34E-07  11118.0  1.36E-01  0.00E+00  0.00E+00  1.00E+00  1.00E+00
   5 3.12E-07  11198.0  8.55E-02  0.00E+00  0.00E+00  1.00E+00  1.00E+00
   6 4.14E-07  11264.2  5.96E-02  0.00E+00  0.00E+00  1.00E+00  1.00E+00
   7 5.44E-07  11322.2  4.52E-02  0.00E+00  0.00E+00  1.00E+00  1.00E+00
   8 7.09E-07  11378.0  3.86E-02  0.00E+00  0.00E+00  1.00E+00  1.00E+00
   9 9.14E-07  11436.6  3.69E-02  0.00E+00  0.00E+00  1.00E+00  1.00E+00
  10 1.17E-06  11504.3  3.97E-02  0.00E+00  0.00E+00  1.00E+00  1.00E+00
  11 1.48E-06  11580.5  4.23E-02  0.00E+00  0.00E+00  1.00E+00  1.00E+00
  12 1.85E-06  11662.4  4.36E-02  0.00E+00  0.00E+00  1.00E+00  1.00E+00
  13 2.31E-06  11748.9  4.48E-02  0.00E+00  0.00E+00  1.00E+00  1.00E+00
  14 2.85E-06  11839.7  4.60E-02  0.00E+00  0.00E+00  1.00E+00  1.00E+00
  15 3.49E-06  11933.5  4.69E-02  0.00E+00  0.00E+00  1.00E+00  1.00E+00
  16 4.26E-06  12029.6  4.76E-02  0.00E+00  0.00E+00  1.00E+00  1.00E+00
  17 5.16E-06  12128.5  4.87E-02  0.00E+00  0.00E+00  1.00E+00  1.00E+00
  18 6.22E-06  12231.9  5.07E-02  0.00E+00  0.00E+00  1.00E+00  1.00E+00
  19 7.47E-06  12337.4  5.16E-02  0.00E+00  0.00E+00  1.00E+00  1.00E+00
  20 8.93E-06  12444.1  5.21E-02  0.00E+00  0.00E+00  1.00E+00  1.00E+00
  21 1.06E-05  12550.9  5.19E-02  0.00E+00  0.00E+00  1.00E+00  1.00E+00
  22 1.27E-05  12656.3  5.12E-02  0.00E+00  0.00E+00  1.00E+00  1.00E+00
  23 1.50E-05  12758.9  4.97E-02  0.00E+00  0.00E+00  1.00E+00  1.00E+00
  24 1.78E-05  12858.8  4.83E-02  0.00E+00  0.00E+00  1.00E+00  1.00E+00
  25 2.10E-05  12956.3  4.70E-02  0.00E+00  0.00E+00  1.00E+00  1.00E+00
  26 2.47E-05  13051.4  4.57E-02  0.00E+00  0.00E+00  1.00E+00  1.00E+00
  27 2.91E-05  13144.2  4.45E-02  0.00E+00  0.00E+00  1.00E+00  1.00E+00
  28 3.42E-05  13236.2  4.40E-02  0.00E+00  0.00E+00  1.00E+00  1.00E+00
  29 4.02E-05  13329.3  4.43E-02  0.00E+00  0.00E+00  1.00E+00  1.00E+00
  30 4.72E-05  13425.1  4.54E-02  0.00E+00  0.00E+00  1.00E+00  1.00E+00
  31 5.54E-05  13525.9  4.74E-02  0.00E+00  0.00E+00  1.00E+00  1.00E+00
  32 6.49E-05  13633.2  5.02E-02  1.36E-01  0.00E+00  1.00E+00  1.00E+00
  33 7.61E-05  13749.5  5.39E-02  1.35E-01  0.00E+00  1.00E+00  1.00E+00
  34 8.92E-05  13876.7  5.84E-02  1.35E-01  0.00E+00  1.00E+00  1.00E+00
  35 1.05E-04  14017.4  6.39E-02  1.36E-01  0.00E+00  1.00E+00  1.00E+00
  36 1.23E-04  14174.2  7.03E-02  1.37E-01  0.00E+00  1.00E+00  1.00E+00
  37 1.44E-04  14349.0  7.71E-02  1.38E-01  0.00E+00  1.00E+00  1.00E+00
  38 1.69E-04  14547.8  8.61E-02  1.41E-01  0.00E+00  1.00E+00  1.00E+00
  39 1.99E-04  14772.4  9.52E-02  1.44E-01  0.00E+00  1.00E+00  1.00E+00
  40 2.34E-04  15025.7  1.05E-01  1.48E-01  0.00E+00  1.00E+00  1.00E+00
  41 2.76E-04  15311.4  1.15E-01  1.53E-01  0.00E+00  1.00E+00  1.00E+00
  42 3.26E-04  15634.4  1.25E-01  1.60E-01  0.00E+00  1.00E+00  1.00E+00
  43 3.86E-04  15999.6  1.36E-01  1.68E-01  0.00E+00  1.00E+00  1.00E+00
  44 4.59E-04  16412.3  1.47E-01  1.79E-01  0.00E+00  1.00E+00  1.00E+00
  45 5.49E-04  16877.5  1.58E-01  1.91E-01  0.00E+00  1.00E+00  1.00E+00
  46 6.59E-04  17399.9  1.67E-01  2.06E-01  0.00E+00  1.00E+00  1.00E+00
  47 7.95E-04  17984.0  1.75E-01  2.23E-01  0.00E+00  1.00E+00  1.00E+00
  48 9.67E-04  18634.7  1.82E-01  2.41E-01  0.00E+00  1.00E+00  1.00E+00
  49 1.18E-03  19357.9  1.87E-01  2.61E-01  0.00E+00  1.00E+00  1.00E+00
  50 1.46E-03  20160.6  1.92E-01  2.81E-01  0.00E+00  1.00E+00  1.00E+00
  51 1.83E-03  21055.6  1.96E-01  3.01E-01  0.00E+00  1.00E+00  1.00E+00
  52 2.30E-03  22057.8  2.01E-01  3.20E-01  0.00E+00  1.00E+00  1.00E+00
  53 2.93E-03  23185.2  2.08E-01  3.36E-01  0.00E+00  1.00E+00  1.00E+00
  54 3.75E-03  24462.1  2.17E-01  3.51E-01  0.00E+00  1.00E+00  1.00E+00
  55 4.82E-03  25913.6  2.28E-01  3.64E-01  0.00E+00  1.00E+00  1.00E+00
  56 6.24E-03  27561.0  2.40E-01  3.73E-01  0.00E+00  1.00E+00  1.00E+00
  57 8.08E-03  29420.5  2.52E-01  3.81E-01  0.00E+00  1.00E+00  1.00E+00
  58 1.05E-02  31502.3  2.63E-01  3.87E-01  0.00E+00  1.00E+00  1.00E+00
  59 1.36E-02  33812.4  2.72E-01  3.91E-01  0.00E+00  1.00E+00  1.00E+00
  60 1.77E-02  36354.6  2.76E-01  3.94E-01  0.00E+00  1.00E+00  1.00E+00
  61 2.32E-02  39136.7  2.73E-01  3.96E-01  0.00E+00  1.00E+00  1.00E+00
  62 3.08E-02  42175.3  2.64E-01  3.97E-01  0.00E+00  1.00E+00  1.00E+00
  63 4.17E-02  45493.6  2.48E-01  3.98E-01  0.00E+00  1.00E+00  1.00E+00
  64 5.83E-02  49112.9  2.29E-01  3.98E-01  0.00E+00  1.00E+00  1.00E+00
  65 8.42E-02  53052.0  2.10E-01  3.99E-01  0.00E+00  1.00E+00  1.00E+00
  66 1.25E-01  57336.7  1.96E-01  3.99E-01  0.00E+00  1.00E+00  1.00E+00
  67 1.90E-01  61999.4  1.88E-01  3.99E-01  0.00E+00  1.00E+00  1.00E+00
  68 2.90E-01  67075.6  1.85E-01  3.99E-01  0.00E+00  1.00E+00  1.00E+00
  69 4.45E-01  72604.0  1.86E-01  3.99E-01  0.00E+00  1.00E+00  1.00E+00
  70 6.77E-01  78630.5  1.89E-01  3.99E-01  0.00E+00  1.00E+00  1.00E+00

convective zone between depths (inclusive)   0   0


 RYBHEQ in iter   7
   id      dm          dens        pgs0          pra          pradfc      grad        log grad

   1   9.3272E-08   1.8134E-11   2.9492E+01   2.1838E+02   8.4245E+00   3.1041E+04   4.4919E+00
   2   1.2759E-07   2.2801E-11   4.0344E+01   2.1838E+02   6.2208E+00   9.5484E+03   3.9799E+00
   3   1.7326E-07   3.0549E-11   5.4785E+01   2.1838E+02   5.8864E+00   4.0994E+03   3.6127E+00
   4   2.3352E-07   4.0822E-11   7.3843E+01   2.1838E+02   5.6686E+00   3.9103E+03   3.5922E+00
   5   3.1229E-07   5.4262E-11   9.8750E+01   2.1838E+02   5.5085E+00   4.0993E+03   3.6127E+00
   6   4.1412E-07   7.1636E-11   1.3095E+02   2.1838E+02   5.3802E+00   4.5451E+03   3.6575E+00
   7   5.4428E-07   9.3833E-11   1.7211E+02   2.1838E+02   5.2707E+00   5.2146E+03   3.7172E+00
   8   7.0869E-07   1.2183E-10   2.2410E+02   2.1838E+02   5.1681E+00   6.1063E+03   3.7858E+00
   9   9.1401E-07   1.5666E-10   2.8903E+02   2.1838E+02   5.0631E+00   7.1911E+03   3.8568E+00
  10   1.1677E-06   1.9941E-10   3.6923E+02   2.1839E+02   4.9449E+00   8.4128E+03   3.9249E+00
  11   1.4779E-06   2.5129E-10   4.6735E+02   2.1839E+02   4.8161E+00   9.6721E+03   3.9855E+00
  12   1.8542E-06   3.1374E-10   5.8633E+02   2.1839E+02   4.6824E+00   1.0958E+04   4.0397E+00
  13   2.3071E-06   3.8831E-10   7.2953E+02   2.1840E+02   4.5461E+00   1.2285E+04   4.0894E+00
  14   2.8487E-06   4.7677E-10   9.0081E+02   2.1841E+02   4.4083E+00   1.3640E+04   4.1348E+00
  15   3.4931E-06   5.8117E-10   1.1046E+03   2.1842E+02   4.2716E+00   1.5019E+04   4.1766E+00
  16   4.2567E-06   7.0388E-10   1.3460E+03   2.1843E+02   4.1369E+00   1.6461E+04   4.2165E+00
  17   5.1583E-06   8.4754E-10   1.6311E+03   2.1845E+02   4.0039E+00   1.7996E+04   4.2552E+00
  18   6.2202E-06   1.0150E-09   1.9669E+03   2.1847E+02   3.8706E+00   1.9564E+04   4.2915E+00
  19   7.4681E-06   1.2102E-09   2.3615E+03   2.1849E+02   3.7404E+00   2.1133E+04   4.3250E+00
  20   8.9322E-06   1.4372E-09   2.8245E+03   2.1853E+02   3.6142E+00   2.2739E+04   4.3568E+00
  21   1.0648E-05   1.7013E-09   3.3670E+03   2.1857E+02   3.4935E+00   2.4392E+04   4.3872E+00
  22   1.2656E-05   2.0086E-09   4.0020E+03   2.1862E+02   3.3794E+00   2.6131E+04   4.4172E+00
  23   1.5005E-05   2.3666E-09   4.7448E+03   2.1869E+02   3.2730E+00   2.8023E+04   4.4475E+00
  24   1.7752E-05   2.7835E-09   5.6133E+03   2.1877E+02   3.1737E+00   3.0149E+04   4.4793E+00
  25   2.0963E-05   3.2692E-09   6.6285E+03   2.1887E+02   3.0807E+00   3.2551E+04   4.5126E+00
  26   2.4714E-05   3.8353E-09   7.8147E+03   2.1901E+02   2.9937E+00   3.5272E+04   4.5474E+00
  27   2.9097E-05   4.4952E-09   9.2006E+03   2.1917E+02   2.9123E+00   3.8393E+04   4.5843E+00
  28   3.4218E-05   5.2640E-09   1.0820E+04   2.1939E+02   2.8349E+00   4.2003E+04   4.6233E+00
  29   4.0202E-05   6.1587E-09   1.2712E+04   2.1966E+02   2.7600E+00   4.6140E+04   4.6641E+00
  30   4.7194E-05   7.1988E-09   1.4922E+04   2.2002E+02   2.6864E+00   5.0827E+04   4.7061E+00
  31   5.5369E-05   8.4059E-09   1.7507E+04   2.2048E+02   2.6127E+00   5.6076E+04   4.7488E+00
  32   6.4933E-05   9.8048E-09   2.0531E+04   2.2107E+02   2.5381E+00   6.1896E+04   4.7917E+00
  33   7.6127E-05   1.1423E-08   2.4070E+04   2.2184E+02   2.4618E+00   6.8337E+04   4.8347E+00
  34   8.9240E-05   1.3290E-08   2.8216E+04   2.2282E+02   2.3834E+00   7.5397E+04   4.8774E+00
  35   1.0462E-04   1.5441E-08   3.3078E+04   2.2410E+02   2.3022E+00   8.3095E+04   4.9196E+00
  36   1.2268E-04   1.7914E-08   3.8788E+04   2.2575E+02   2.2182E+00   9.1411E+04   4.9610E+00
  37   1.4393E-04   2.0752E-08   4.5505E+04   2.2788E+02   2.1321E+00   1.0031E+05   5.0013E+00
  38   1.6899E-04   2.3998E-08   5.3426E+04   2.3064E+02   2.0422E+00   1.0980E+05   5.0406E+00
  39   1.9862E-04   2.7713E-08   6.2793E+04   2.3418E+02   1.9504E+00   1.1960E+05   5.0777E+00
  40   2.3378E-04   3.1965E-08   7.3907E+04   2.3874E+02   1.8577E+00   1.2965E+05   5.1128E+00
  41   2.7567E-04   3.6840E-08   8.7148E+04   2.4459E+02   1.7651E+00   1.3979E+05   5.1455E+00
  42   3.2581E-04   4.2440E-08   1.0300E+05   2.5211E+02   1.6735E+00   1.4980E+05   5.1755E+00
  43   3.8618E-04   4.8897E-08   1.2208E+05   2.6172E+02   1.5841E+00   1.5932E+05   5.2023E+00
  44   4.5933E-04   5.6381E-08   1.4520E+05   2.7401E+02   1.4979E+00   1.6802E+05   5.2254E+00
  45   5.4864E-04   6.5119E-08   1.7342E+05   2.8969E+02   1.4160E+00   1.7553E+05   5.2444E+00
  46   6.5862E-04   7.5413E-08   2.0818E+05   3.0966E+02   1.3399E+00   1.8158E+05   5.2591E+00
  47   7.9533E-04   8.7665E-08   2.5139E+05   3.3511E+02   1.2706E+00   1.8615E+05   5.2699E+00
  48   9.6702E-04   1.0240E-07   3.0565E+05   3.6762E+02   1.2091E+00   1.8934E+05   5.2772E+00
  49   1.1849E-03   1.2032E-07   3.7451E+05   4.0932E+02   1.1561E+00   1.9140E+05   5.2819E+00
  50   1.4645E-03   1.4230E-07   4.6286E+05   4.6316E+02   1.1120E+00   1.9261E+05   5.2847E+00
  51   1.8273E-03   1.6954E-07   5.7753E+05   5.3348E+02   1.0765E+00   1.9378E+05   5.2873E+00
  52   2.3021E-03   2.0341E-07   7.2756E+05   6.2640E+02   1.0495E+00   1.9573E+05   5.2917E+00
  53   2.9253E-03   2.4543E-07   9.2454E+05   7.5044E+02   1.0300E+00   1.9902E+05   5.2989E+00
  54   3.7456E-03   2.9738E-07   1.1838E+06   9.1799E+02   1.0168E+00   2.0425E+05   5.3102E+00
  55   4.8244E-03   3.6109E-07   1.5247E+06   1.1464E+03   1.0083E+00   2.1171E+05   5.3257E+00
  56   6.2382E-03   4.3853E-07   1.9715E+06   1.4594E+03   1.0032E+00   2.2143E+05   5.3452E+00
  57   8.0826E-03   5.3182E-07   2.5543E+06   1.8896E+03   1.0003E+00   2.3323E+05   5.3678E+00
  58   1.0480E-02   6.4359E-07   3.3119E+06   2.4806E+03   9.9898E-01   2.4646E+05   5.3918E+00
  59   1.3600E-02   7.7772E-07   4.2976E+06   3.2909E+03   9.9860E-01   2.5976E+05   5.4146E+00
  60   1.7694E-02   9.4069E-07   5.5910E+06   4.3991E+03   9.9886E-01   2.7072E+05   5.4325E+00
  61   2.3175E-02   1.1442E-06   7.3229E+06   5.9117E+03   9.9943E-01   2.7595E+05   5.4408E+00
  62   3.0766E-02   1.4093E-06   9.7212E+06   7.9771E+03   9.9997E-01   2.7209E+05   5.4347E+00
  63   4.1745E-02   1.7725E-06   1.3190E+07   1.0803E+04   1.0002E+00   2.5735E+05   5.4105E+00
  64   5.8330E-02   2.2940E-06   1.8431E+07   1.4672E+04   1.0002E+00   2.3329E+05   5.3679E+00
  65   8.4194E-02   3.0653E-06   2.6605E+07   1.9970E+04   9.9988E-01   2.0486E+05   5.3115E+00
  66   1.2509E-01   4.2142E-06   3.9530E+07   2.7232E+04   9.9936E-01   1.7756E+05   5.2494E+00
  67   1.8962E-01   5.9081E-06   5.9926E+07   3.7196E+04   9.9845E-01   1.5442E+05   5.1887E+00
  68   2.9022E-01   8.3589E-06   9.1724E+07   5.0871E+04   9.9676E-01   1.3594E+05   5.1333E+00
  69   4.4453E-01   1.1830E-05   1.4050E+08   6.9622E+04   9.9375E-01   1.2151E+05   5.0846E+00
  70   6.7720E-01   1.6642E-05   2.1406E+08   9.5288E+04   9.8867E-01   1.1031E+05   5.0426E+00
 before if(lfin) T

 ************************************
 FINAL RESULTS:
 
 MODEL QUANTITIES IN  6. ITERATION
 ************************************

 TOTAL SURFACE FLUX 7.21844084D+11

 ----------------------
 FINAL MODEL ATMOSPHERE
 ----------------------
  ID    MASS      TAUROSS     TEMP       NE         DENS      P_gas    LOG(G_rad)   RAD/TOT   CON/TOT  (RAD+CON)/TOT

   1  9.327E-08  9.199E-08   10069.6  1.046E+13  1.813E-11  2.949E+01  5.856E+00  1.000E+00  0.000E+00  1.00003E+00
   2  1.276E-07  1.572E-07   10862.6  1.338E+13  2.280E-11  4.034E+01  2.067E+00  1.000E+00  0.000E+00  1.00003E+00
   3  1.733E-07  2.480E-07   11013.7  1.792E+13  3.055E-11  5.479E+01  1.575E+00  1.000E+00  0.000E+00  1.00003E+00
   4  2.335E-07  3.908E-07   11118.0  2.391E+13  4.082E-11  7.384E+01  1.435E+00  1.000E+00  0.000E+00  1.00003E+00
   5  3.123E-07  6.169E-07   11198.0  3.171E+13  5.426E-11  9.875E+01  1.339E+00  1.000E+00  0.000E+00  1.00003E+00
   6  4.141E-07  9.742E-07   11264.2  4.174E+13  7.164E-11  1.310E+02  1.272E+00  1.000E+00  0.000E+00  1.00003E+00
   7  5.443E-07  1.535E-06   11322.2  5.448E+13  9.383E-11  1.721E+02  1.225E+00  1.000E+00  0.000E+00  1.00003E+00
   8  7.087E-07  2.406E-06   11378.0  7.044E+13  1.218E-10  2.241E+02  1.192E+00  1.000E+00  0.000E+00  1.00003E+00
   9  9.140E-07  3.736E-06   11436.6  9.018E+13  1.567E-10  2.890E+02  1.167E+00  1.000E+00  0.000E+00  1.00003E+00
  10  1.168E-06  5.730E-06   11504.3  1.143E+14  1.994E-10  3.692E+02  1.143E+00  1.000E+00  0.000E+00  1.00003E+00
  11  1.478E-06  8.662E-06   11580.5  1.433E+14  2.513E-10  4.673E+02  1.116E+00  1.000E+00  0.000E+00  1.00003E+00
  12  1.854E-06  1.290E-05   11662.4  1.782E+14  3.137E-10  5.863E+02  1.087E+00  1.000E+00  0.000E+00  1.00003E+00
  13  2.307E-06  1.891E-05   11748.9  2.196E+14  3.883E-10  7.295E+02  1.056E+00  1.000E+00  0.000E+00  1.00003E+00
  14  2.849E-06  2.734E-05   11839.7  2.685E+14  4.768E-10  9.008E+02  1.023E+00  1.000E+00  0.000E+00  1.00003E+00
  15  3.493E-06  3.900E-05   11933.5  3.259E+14  5.812E-10  1.105E+03  9.898E-01  1.000E+00  0.000E+00  1.00003E+00
  16  4.257E-06  5.496E-05   12029.6  3.932E+14  7.039E-10  1.346E+03  9.560E-01  1.000E+00  0.000E+00  1.00003E+00
  17  5.158E-06  7.661E-05   12128.5  4.717E+14  8.475E-10  1.631E+03  9.225E-01  1.000E+00  0.000E+00  1.00003E+00
  18  6.220E-06  1.057E-04   12231.9  5.630E+14  1.015E-09  1.967E+03  8.878E-01  1.000E+00  0.000E+00  1.00003E+00
  19  7.468E-06  1.446E-04   12337.4  6.690E+14  1.210E-09  2.362E+03  8.511E-01  1.000E+00  0.000E+00  1.00003E+00
  20  8.932E-06  1.963E-04   12444.1  7.920E+14  1.437E-09  2.824E+03  8.136E-01  1.000E+00  0.000E+00  1.00003E+00
  21  1.065E-05  2.646E-04   12550.9  9.345E+14  1.701E-09  3.367E+03  7.752E-01  1.000E+00  0.000E+00  1.00003E+00
  22  1.266E-05  3.548E-04   12656.3  1.100E+15  2.009E-09  4.002E+03  7.367E-01  1.000E+00  0.000E+00  1.00003E+00
  23  1.501E-05  4.735E-04   12758.9  1.291E+15  2.367E-09  4.745E+03  6.990E-01  1.000E+00  0.000E+00  1.00003E+00
  24  1.775E-05  6.296E-04   12858.8  1.512E+15  2.784E-09  5.613E+03  6.628E-01  1.000E+00  0.000E+00  1.00003E+00
  25  2.096E-05  8.348E-04   12956.3  1.768E+15  3.269E-09  6.628E+03  6.284E-01  1.000E+00  0.000E+00  1.00003E+00
  26  2.471E-05  1.104E-03   13051.4  2.063E+15  3.835E-09  7.815E+03  5.956E-01  1.000E+00  0.000E+00  1.00002E+00
  27  2.910E-05  1.458E-03   13144.2  2.405E+15  4.495E-09  9.201E+03  5.649E-01  1.000E+00  0.000E+00  1.00002E+00
  28  3.422E-05  1.923E-03   13236.2  2.800E+15  5.264E-09  1.082E+04  5.363E-01  1.000E+00  0.000E+00  1.00002E+00
  29  4.020E-05  2.533E-03   13329.3  3.257E+15  6.159E-09  1.271E+04  5.095E-01  1.000E+00  0.000E+00  1.00002E+00
  30  4.719E-05  3.333E-03   13425.1  3.783E+15  7.199E-09  1.492E+04  4.839E-01  1.000E+00  0.000E+00  1.00002E+00
  31  5.537E-05  4.380E-03   13525.9  4.392E+15  8.406E-09  1.751E+04  4.587E-01  1.000E+00  0.000E+00  1.00002E+00
  32  6.493E-05  5.749E-03   13633.2  5.095E+15  9.805E-09  2.053E+04  4.334E-01  1.000E+00  0.000E+00  1.00002E+00
  33  7.613E-05  7.534E-03   13749.5  5.908E+15  1.142E-08  2.407E+04  4.081E-01  1.000E+00  0.000E+00  1.00002E+00
  34  8.924E-05  9.860E-03   13876.7  6.849E+15  1.329E-08  2.822E+04  3.820E-01  1.000E+00  0.000E+00  1.00001E+00
  35  1.046E-04  1.288E-02   14017.4  7.938E+15  1.544E-08  3.308E+04  3.550E-01  1.000E+00  0.000E+00  1.00001E+00
  36  1.227E-04  1.681E-02   14174.2  9.201E+15  1.791E-08  3.879E+04  3.266E-01  1.000E+00  0.000E+00  1.00001E+00
  37  1.439E-04  2.189E-02   14349.0  1.067E+16  2.075E-08  4.550E+04  2.964E-01  1.000E+00  0.000E+00  1.00000E+00
  38  1.690E-04  2.845E-02   14547.8  1.237E+16  2.400E-08  5.343E+04  2.641E-01  1.000E+00  0.000E+00  1.00000E+00
  39  1.986E-04  3.692E-02   14772.4  1.436E+16  2.771E-08  6.279E+04  2.284E-01  1.000E+00  0.000E+00  1.00000E+00
  40  2.338E-04  4.783E-02   15025.7  1.668E+16  3.197E-08  7.391E+04  1.891E-01  1.000E+00  0.000E+00  1.00000E+00
  41  2.757E-04  6.185E-02   15311.4  1.939E+16  3.684E-08  8.715E+04  1.458E-01  1.000E+00  0.000E+00  1.00000E+00
  42  3.258E-04  7.986E-02   15634.4  2.256E+16  4.244E-08  1.030E+05  9.766E-02  1.000E+00  0.000E+00  1.00000E+00
  43  3.862E-04  1.030E-01   15999.6  2.628E+16  4.890E-08  1.221E+05  4.386E-02  1.000E+00  0.000E+00  1.00000E+00
  44  4.593E-04  1.326E-01   16412.3  3.066E+16  5.638E-08  1.452E+05 -1.646E-02  1.000E+00  0.000E+00  1.00000E+00
  45  5.486E-04  1.707E-01   16877.5  3.582E+16  6.512E-08  1.734E+05 -8.415E-02  1.000E+00  0.000E+00  1.00000E+00
  46  6.586E-04  2.197E-01   17399.9  4.196E+16  7.541E-08  2.082E+05 -1.599E-01  1.000E+00  0.000E+00  1.00000E+00
  47  7.953E-04  2.831E-01   17984.0  4.928E+16  8.767E-08  2.514E+05 -2.436E-01  1.000E+00  0.000E+00  1.00000E+00
  48  9.670E-04  3.656E-01   18634.7  5.810E+16  1.024E-07  3.056E+05 -3.351E-01  1.000E+00  0.000E+00  1.00000E+00
  49  1.185E-03  4.741E-01   19357.9  6.881E+16  1.203E-07  3.745E+05 -4.340E-01  1.000E+00  0.000E+00  1.00000E+00
  50  1.464E-03  6.183E-01   20160.6  8.193E+16  1.423E-07  4.629E+05 -5.394E-01  1.000E+00  0.000E+00  1.00000E+00
  51  1.827E-03  8.128E-01   21055.6  9.817E+16  1.695E-07  5.775E+05 -6.500E-01  1.000E+00  0.000E+00  1.00000E+00
  52  2.302E-03  1.079E+00   22057.8  1.183E+17  2.034E-07  7.276E+05 -7.624E-01  1.000E+00  0.000E+00  1.00000E+00
  53  2.925E-03  1.447E+00   23185.2  1.433E+17  2.454E-07  9.245E+05 -8.734E-01  1.000E+00  0.000E+00  1.00000E+00
  54  3.746E-03  1.958E+00   24462.1  1.742E+17  2.974E-07  1.184E+06 -9.814E-01  1.000E+00  0.000E+00  1.00000E+00
  55  4.824E-03  2.671E+00   25913.6  2.121E+17  3.611E-07  1.525E+06 -1.085E+00  1.000E+00  0.000E+00  1.00000E+00
  56  6.238E-03  3.665E+00   27561.0  2.581E+17  4.385E-07  1.971E+06 -1.183E+00  1.000E+00  0.000E+00  1.00000E+00
  57  8.083E-03  5.046E+00   29420.5  3.136E+17  5.318E-07  2.554E+06 -1.276E+00  1.000E+00  0.000E+00  1.00000E+00
  58  1.048E-02  6.957E+00   31502.3  3.800E+17  6.436E-07  3.312E+06 -1.366E+00  1.000E+00  0.000E+00  1.00000E+00
  59  1.360E-02  9.594E+00   33812.4  4.596E+17  7.777E-07  4.298E+06 -1.457E+00  1.000E+00  0.000E+00  1.00000E+00
  60  1.769E-02  1.322E+01   36354.6  5.563E+17  9.407E-07  5.591E+06 -1.557E+00  1.000E+00  0.000E+00  1.00000E+00
  61  2.317E-02  1.818E+01   39136.7  6.770E+17  1.144E-06  7.323E+06 -1.676E+00  1.000E+00  0.000E+00  1.00000E+00
  62  3.077E-02  2.497E+01   42175.3  8.341E+17  1.409E-06  9.721E+06 -1.823E+00  1.000E+00  0.000E+00  1.00000E+00
  63  4.175E-02  3.427E+01   45493.6  1.049E+18  1.772E-06  1.319E+07 -2.008E+00  1.000E+00  0.000E+00  1.00000E+00
  64  5.833E-02  4.700E+01   49112.9  1.358E+18  2.294E-06  1.843E+07 -2.229E+00  1.000E+00  0.000E+00  1.00000E+00
  65  8.419E-02  6.449E+01   53052.0  1.815E+18  3.065E-06  2.660E+07 -2.479E+00  1.000E+00  0.000E+00  1.00000E+00
  66  1.251E-01  8.854E+01   57336.7  2.496E+18  4.214E-06  3.953E+07 -2.740E+00  1.000E+00  0.000E+00  1.00000E+00
  67  1.896E-01  1.216E+02   61999.4  3.499E+18  5.908E-06  5.993E+07 -2.999E+00  1.000E+00  0.000E+00  1.00000E+00
  68  2.902E-01  1.671E+02   67075.6  4.950E+18  8.359E-06  9.172E+07 -3.247E+00  1.000E+00  0.000E+00  1.00000E+00
  69  4.445E-01  2.295E+02   72604.0  7.004E+18  1.183E-05  1.405E+08 -3.481E+00  1.000E+00  0.000E+00  1.00000E+00
  70  6.772E-01  3.148E+02   78630.5  9.853E+18  1.664E-05  2.141E+08 -3.481E+00  1.000E+00  0.000E+00  1.00000E+00
 after outpri           0          30 T
