Lyman alpha broadened by H+ (protons)
Potentials and dipol moments from Santos & Kepler 2012
Calculated by Detlev Koester, July 29, 2018
New calculation with larger r-range Feb. 2, 2026
----------------------------------------------------------------------
     7
     15.00  738    5   6000.00  10000.00  15000.00  20000.00  25000.00
  700.1550    0.125742    0.027798   -0.032171   -0.079220   -0.114334
  703.5220    0.140225    0.051461   -0.016486   -0.064679   -0.097252
  707.6060    0.158393    0.065542    0.000955   -0.045347   -0.076150
  711.7370    0.177479    0.085076    0.018742   -0.025650   -0.055453
  715.9170    0.193625    0.104419    0.037148   -0.006868   -0.035076
  720.1460    0.212986    0.123394    0.056600    0.012077   -0.014735
  724.4260    0.229989    0.141575    0.074853    0.032377    0.006166
  728.7570    0.249565    0.161068    0.094750    0.053962    0.027554
  733.1390    0.269676    0.182072    0.112940    0.076604    0.048247
  736.8320    0.286209    0.198574    0.133890    0.095413    0.064833
  741.3130    0.306404    0.217826    0.153997    0.116840    0.085183
  745.8480    0.325413    0.237192    0.175048    0.137259    0.106157
  750.4400    0.345079    0.256621    0.197226    0.158091    0.127979
  754.3090    0.362312    0.274227    0.216271    0.175801    0.149188
  758.2190    0.379632    0.292433    0.235099    0.193653    0.169204
  762.1700    0.396217    0.311352    0.253241    0.211947    0.189771
  766.1610    0.413300    0.330414    0.270912    0.230423    0.214208
  771.0070    0.436941    0.352144    0.292610    0.253193    0.217247
  775.0920    0.455667    0.370143    0.310990    0.273880    0.242716
  778.3920    0.467830    0.384891    0.325741    0.291236    0.263872
  782.5560    0.489579    0.404423    0.344294    0.310757    0.284949
  786.7640    0.506938    0.427859    0.363630    0.329885    0.303045
  791.0190    0.526326    0.441805    0.384497    0.347545    0.321764
  795.3190    0.546320    0.463639    0.405875    0.367579    0.341316
  799.6670    0.566544    0.483544    0.426560    0.380446    0.361577
  803.1790    0.582915    0.499041    0.443122    0.406982    0.378489
  806.7230    0.598988    0.515344    0.460221    0.427519    0.395466
  811.1960    0.619166    0.536344    0.481142    0.442652    0.416208
  815.7200    0.638958    0.557579    0.500909    0.462278    0.436846
  820.2940    0.659393    0.579623    0.520928    0.485210    0.458592
  824.9200    0.681015    0.602266    0.542577    0.507613    0.481858
  829.5980    0.702896    0.623993    0.565577    0.529585    0.505922
  833.3790    0.720118    0.641058    0.586249    0.548045    0.525187
  838.1540    0.741672    0.663645    0.609477    0.572604    0.549310
  842.0130    0.758655    0.681982    0.628880    0.592632    0.569139
  845.9080    0.777050    0.699247    0.642108    0.612551    0.589525
  849.8400    0.797392    0.716887    0.663512    0.632508    0.610362
  853.8080    0.815438    0.736229    0.685706    0.652855    0.631657
  857.8130    0.832350    0.756400    0.706052    0.673868    0.653183
  861.8560    0.851111    0.776229    0.726246    0.695253    0.674934
  865.9380    0.870743    0.796797    0.747155    0.716921    0.696941
  870.0580    0.889453    0.817545    0.768482    0.738860    0.719157
  874.2180    0.909128    0.839038    0.789757    0.760838    0.741844
  878.4170    0.928247    0.858718    0.811327    0.783253    0.765042
  882.6570    0.947806    0.878619    0.833192    0.806085    0.788091
  886.9390    0.968254    0.901834    0.855628    0.829310    0.810461
  891.2620    0.988974    0.918733    0.878223    0.852492    0.832419
  895.6270    1.009706    0.945276    0.900782    0.874974    0.854427
  900.0350    1.030519    0.966583    0.923399    0.896973    0.876778
  904.4870    1.051924    0.987085    0.946182    0.919355    0.899525
  908.9830    1.073498    1.009918    0.969028    0.942197    0.923809
  913.5250    1.094610    1.032982    0.991333    0.964948    0.948433
  918.1110    1.115944    1.055607    1.013805    0.987921    0.971615
  922.7440    1.137575    1.078384    1.036469    1.011909    0.994080
  927.4240    1.159868    1.100716    1.059336    1.035429    1.016615
  932.1520    1.181587    1.123001    1.083252    1.059450    1.043873
  935.7300    1.198603    1.139910    1.101542    1.078747    1.071035
  940.5430    1.221048    1.162056    1.124374    1.100542    1.077440
  942.9680    1.231979    1.173389    1.136213    1.111128    1.107887
  945.4050    1.241846    1.185061    1.148880    1.125124    1.128431
  949.0860    1.259260    1.202244    1.167259    1.151001    1.141010
  952.4840    1.270748    1.216957    1.181215    1.170467    1.161339
  955.5950    1.284904    1.230654    1.195347    1.178776    1.181929
  957.4720    1.294268    1.239950    1.207096    1.199480    1.195789
  959.0410    1.301508    1.247972    1.219244    1.223106    1.209461
  961.0890    1.310183    1.258471    1.235983    1.248268    1.231239
  962.1950    1.314583    1.264109    1.245512    1.270538    1.245142
  962.5120    1.315781    1.265785    1.248047    1.234871    1.250420
  962.6700    1.316389    1.266562    1.249199    1.184692    1.252876
  962.8280    1.316977    1.267406    1.250566    1.131939    1.254789
  962.9870    1.317562    1.268297    1.252100    1.107616    1.256237
  963.1450    1.318148    1.269186    1.253605    1.131779    1.257751
  963.3040    1.318731    1.270002    1.254910    1.189575    1.259714
  963.4630    1.319336    1.270889    1.256092    1.248953    1.262260
  963.6210    1.319918    1.271795    1.257366    1.287935    1.265030
  964.2560    1.322365    1.275541    1.263304    1.264677    1.272770
  964.8920    1.325003    1.279621    1.269537    1.285196    1.282759
  965.8480    1.329397    1.286547    1.279530    1.306768    1.295788
  967.2850    1.337160    1.298832    1.296864    1.317562    1.317289
  968.7260    1.345922    1.313360    1.317457    1.330982    1.338835
  970.0110    1.354052    1.327543    1.337719    1.348032    1.359324
  971.2990    1.362408    1.342226    1.357553    1.369884    1.380392
  972.5910    1.371271    1.356752    1.375975    1.392380    1.401314
  973.8860    1.380808    1.370625    1.391922    1.410761    1.421455
  975.3470    1.392029    1.385267    1.407238    1.426300    1.442574
  976.9750    1.403910    1.400642    1.422804    1.446491    1.463968
  978.6090    1.414154    1.415241    1.440090    1.464371    1.484684
  980.4130    1.423426    1.429800    1.461304    1.482502    1.503424
  982.5530    1.432985    1.442636    1.481930    1.498766    1.521856
  986.5290    1.454006    1.455894    1.486387    1.518948    1.542265
  989.3640    1.474798    1.472157    1.493374    1.524824    1.548990
  990.3690    1.481628    1.480495    1.456350    1.526339    1.550669
  991.0400    1.485792    1.486557    1.489874    1.527191    1.551107
  991.3760    1.487774    1.489691    1.510344    1.528172    1.551901
  993.7330    1.500868    1.510237    1.525005    1.534939    1.554756
  996.6100    1.515358    1.531134    1.544279    1.547615    1.560623
  999.3330    1.526533    1.549677    1.565092    1.567627    1.572906
 1001.5570    1.539890    1.560564    1.581573    1.588888    1.589413
 1003.6180    1.557796    1.564938    1.595463    1.609295    1.608740
 1005.6880    1.576191    1.570274    1.607649    1.627037    1.628868
 1007.9400    1.589502    1.587048    1.615971    1.641911    1.649412
 1009.8540    1.596960    1.607176    1.619051    1.651346    1.664671
 1012.3000    1.611000    1.627550    1.626957    1.659689    1.679655
 1014.9330    1.631565    1.646492    1.643827    1.665131    1.690620
 1017.2270    1.651104    1.667135    1.663540    1.670738    1.697229
 1019.1760    1.667919    1.676355    1.684855    1.679510    1.701559
 1020.9540    1.680136    1.679928    1.705059    1.692142    1.706547
 1023.0960    1.689522    1.700756    1.725054    1.712507    1.714874
 1024.7090    1.696146    1.721695    1.736166    1.730145    1.724432
 1025.0680    1.698101    1.694965    1.738083    1.734007    1.726736
 1025.2480    1.699162    1.666105    1.739113    1.736053    1.727980
 1025.7870    1.702818    1.686600    1.741915    1.742144    1.732418
 1025.9670    1.704176    1.712902    1.742718    1.744034    1.733919
 1026.5070    1.708727    1.735271    1.745378    1.749937    1.738266
 1028.4910    1.728987    1.745848    1.753475    1.770004    1.758011
 1030.3020    1.744896    1.766308    1.760567    1.785778    1.777687
 1032.1200    1.754211    1.770329    1.769680    1.798222    1.798161
 1034.1260    1.762852    1.779978    1.784725    1.808636    1.818516
 1036.1400    1.773539    1.789968    1.804848    1.816818    1.835728
 1038.1620    1.785849    1.801733    1.826548    1.824640    1.848503
 1040.3770    1.805344    1.818510    1.847456    1.835855    1.858543
 1042.4160    1.825212    1.840012    1.862013    1.850561    1.865459
 1044.6490    1.838402    1.859600    1.873081    1.871439    1.873211
 1046.7050    1.846769    1.872314    1.880207    1.892567    1.883219
 1048.9570    1.864641    1.880756    1.887871    1.913761    1.898088
 1051.2180    1.885977    1.887600    1.899837    1.929893    1.917343
 1053.4890    1.903242    1.902819    1.918224    1.940212    1.939125
 1055.5800    1.914095    1.923384    1.938169    1.946266    1.958305
 1057.6780    1.921312    1.944408    1.956539    1.952356    1.975079
 1059.9780    1.943277    1.962450    1.971298    1.962673    1.989037
 1061.5160    1.963717    1.970142    1.978081    1.972689    1.995850
 1062.4800    1.942911    1.973829    1.981691    1.980272    1.999262
 1063.2520    1.972998    1.976643    1.984531    1.986959    2.001734
 1065.5750    1.986271    1.988800    1.994648    2.008472    2.009281
 1067.9091    1.992323    2.009153    2.010130    2.029303    2.018908
 1070.0570    2.011147    2.030600    2.029465    2.045010    2.031973
 1072.0179    2.031973    2.047548    2.048868    2.055761    2.047548
 1074.3800    2.052347    2.061075    2.070002    2.065655    2.069336
 1076.5540    2.065393    2.069223    2.084612    2.075035    2.089764
 1079.1350    2.080843    2.083252    2.096632    2.090822    2.110590
 1081.3290    2.100130    2.103291    2.106667    2.109646    2.124275
 1083.3311    2.118330    2.123526    2.119520    2.129400    2.134113
 1085.5410    2.132004    2.141167    2.138966    2.150848    2.143982
 1087.5590    2.139847    2.151983    2.159176    2.167612    2.154575
 1089.7870    2.157669    2.163042    2.179409    2.182072    2.169910
 1091.6169    2.178488    2.176121    2.192455    2.191534    2.186363
 1093.6570    2.196093    2.195955    2.203142    2.202188    2.207285
 1095.7050    2.205881    2.217537    2.213703    2.215664    2.228888
 1097.7610    2.220343    2.235756    2.228350    2.233959    2.249762
 1099.6169    2.240225    2.248440    2.246941    2.254452    2.266914
 1101.2729    2.258038    2.259617    2.267124    2.274643    2.280897
 1102.9330    2.273903    2.274458    2.288876    2.295193    2.294598
 1104.5990    2.289276    2.295017    2.310205    2.315151    2.309246
 1106.0610    2.304253    2.316830    2.327787    2.331751    2.323788
 1107.5260    2.322922    2.339869    2.344490    2.347818    2.340544
 1108.9950    2.346313    2.361671    2.361160    2.363932    2.359608
 1110.2581    2.368250    2.378616    2.376247    2.378307    2.377562
 1111.5229    2.388527    2.393995    2.392538    2.393576    2.396425
 1113.0031    2.406881    2.411064    2.413082    2.412695    2.418650
 1114.4871    2.420170    2.428265    2.434378    2.432810    2.440058
 1115.9750    2.432232    2.445698    2.454830    2.453043    2.459679
 1117.6801    2.447407    2.464207    2.475046    2.474785    2.479000
 1119.6050    2.463280    2.480179    2.491613    2.495502    2.496405
 1122.3970    2.481657    2.493694    2.505341    2.516178    2.515278
 1124.5540    2.504335    2.505341    2.514149    2.526314    2.527617
 1126.0690    2.525227    2.519394    2.523603    2.532907    2.536861
 1127.8051    2.545851    2.541605    2.539577    2.542601    2.549273
 1129.3290    2.556713    2.562780    2.557590    2.554586    2.562056
 1131.0750    2.565081    2.583527    2.580160    2.572884    2.578846
 1132.8270    2.579887    2.597826    2.601582    2.594934    2.597267
 1134.3640    2.601843    2.606791    2.617640    2.615402    2.614126
 1135.6851    2.623135    2.615129    2.629236    2.632366    2.628716
 1137.2300    2.643867    2.629389    2.641247    2.650249    2.645599
 1138.7800    2.657963    2.649763    2.653521    2.665581    2.662220
 1140.1110    2.668600    2.670330    2.665806    2.677040    2.676245
 1141.4449    2.682957    2.690744    2.680544    2.687832    2.690258
 1143.0060    2.706402    2.711166    2.700869    2.701153    2.706863
 1144.3470    2.728500    2.725225    2.720078    2.714531    2.721514
 1145.9160    2.750107    2.739872    2.742945    2.733461    2.739391
 1147.4890    2.765646    2.756979    2.764767    2.755981    2.758314
 1148.8409    2.778643    2.775887    2.782049    2.777245    2.775232
 1150.1960    2.796408    2.798292    2.798319    2.799044    2.794418
 1151.5540    2.819155    2.821501    2.814560    2.820156    2.813440
 1152.9150    2.841986    2.842579    2.832010    2.839748    2.833452
 1154.2800    2.860235    2.860235    2.851612    2.857700    2.853996
 1155.6479    2.874975    2.875755    2.873552    2.874649    2.874800
 1157.0190    2.892429    2.892418    2.897028    2.891893    2.895649
 1158.3929    2.916706    2.913198    2.920603    2.910917    2.916428
 1159.5410    2.939579    2.933851    2.939354    2.928928    2.933750
 1160.6910    2.960215    2.955841    2.956879    2.949049    2.951241
 1161.8430    2.976694    2.976891    2.973475    2.970919    2.969667
 1162.9980    2.991655    2.995512    2.990042    2.993696    2.989120
 1164.1550    3.009960    3.012077    3.007833    3.016323    3.009493
 1165.3140    3.033504    3.028694    3.027838    3.037825    3.031126
 1166.2430    3.053999    3.043873    3.045675    3.053961    3.049334
 1167.4060    3.077332    3.066587    3.069853    3.073095    3.072176
 1168.3390    3.092861    3.087355    3.089870    3.088066    3.090786
 1169.2729    3.107244    3.108904    3.109545    3.103291    3.109140
 1170.2080    3.123394    3.129658    3.128302    3.119751    3.127138
 1171.3790    3.148603    3.153051    3.150356    3.142609    3.149620
 1172.3180    3.171347    3.170086    3.167406    3.163012    3.167257
 1173.2581    3.193375    3.187155    3.184919    3.185230    3.185713
 1174.2000    3.213173    3.206043    3.203876    3.208549    3.204853
 1175.1429    3.231928    3.227758    3.225103    3.232107    3.225309
 1176.0880    3.252197    3.251905    3.248758    3.255465    3.247580
 1177.0341    3.275404    3.277014    3.274111    3.277929    3.271029
 1177.9821    3.300335    3.301399    3.300009    3.299660    3.296335
 1178.9310    3.324858    3.324406    3.325413    3.321329    3.321930
 1179.8820    3.348480    3.346823    3.349743    3.343428    3.348364
 1180.8350    3.372894    3.370291    3.373169    3.367188    3.374254
 1181.7889    3.399639    3.396181    3.396740    3.393206    3.399950
 1182.5050    3.420748    3.417206    3.415474    3.414053    3.419014
 1183.2230    3.441711    3.439064    3.435446    3.436243    3.438385
 1183.9410    3.462023    3.461153    3.457033    3.459030    3.457670
 1184.6600    3.482273    3.483046    3.480021    3.482431    3.478336
 1185.3800    3.503805    3.504850    3.503981    3.505814    3.499453
 1186.1010    3.527617    3.527153    3.528467    3.529276    3.522430
 1186.8220    3.553337    3.550594    3.552898    3.552668    3.546629
 1187.5450    3.579441    3.575615    3.577343    3.576284    3.572151
 1188.2679    3.604549    3.602049    3.601702    3.600571    3.599272
 1188.9930    3.628777    3.629175    3.626760    3.625744    3.626608
 1189.7180    3.653782    3.656281    3.652779    3.652430    3.655235
 1190.4440    3.681269    3.683128    3.680471    3.680344    3.683470
 1191.1710    3.711361    3.710194    3.709677    3.709898    3.712347
 1191.6560    3.732136    3.728897    3.730007    3.729918    3.731813
 1192.1420    3.752878    3.748507    3.750631    3.750593    3.751009
 1192.6281    3.773355    3.769238    3.771713    3.771580    3.770815
 1193.1140    3.793776    3.791052    3.792944    3.792490    3.791466
 1193.6010    3.814627    3.813808    3.814247    3.813868    3.812265
 1194.0880    3.836426    3.837109    3.835970    3.835665    3.833580
 1194.5760    3.859385    3.860674    3.857946    3.857531    3.856295
 1195.0640    3.883287    3.884230    3.880550    3.880138    3.879869
 1195.5520    3.907686    3.907793    3.904158    3.903736    3.903763
 1196.0410    3.932205    3.931585    3.928631    3.927895    3.928774
 1196.5300    3.956884    3.955986    3.954363    3.953184    3.955072
 1197.0190    3.982185    3.981434    3.981270    3.979908    3.981606
 1197.5090    4.008728    4.008175    4.008984    4.007364    4.008430
 1198.0000    4.036909    4.036230    4.037626    4.035789    4.036509
 1198.4900    4.066437    4.065430    4.066772    4.065430    4.065243
 1198.9821    4.096701    4.095448    4.096214    4.095518    4.093983
 1199.4730    4.127235    4.126001    4.126358    4.126034    4.123688
 1199.9650    4.157970    4.157124    4.156942    4.157639    4.155033
 1200.4570    4.189547    4.189041    4.188534    4.189714    4.187126
 1200.9500    4.222742    4.222248    4.221596    4.222404    4.220135
 1201.4430    4.257942    4.257151    4.256067    4.256765    4.255369
 1201.9370    4.294796    4.293848    4.292522    4.292566    4.292456
 1202.4310    4.332741    4.332296    4.330759    4.329662    4.330454
 1202.9250    4.371641    4.372028    4.370401    4.369141    4.370272
 1203.1730    4.391588    4.392328    4.390917    4.389732    4.391094
 1203.4200    4.412024    4.412914    4.411821    4.410709    4.412394
 1203.6680    4.433033    4.433769    4.433033    4.431974    4.433914
 1203.9150    4.454662    4.454967    4.454479    4.453655    4.455591
 1204.1630    4.476933    4.476601    4.476295    4.475918    4.477512
 1204.4110    4.499798    4.498766    4.498627    4.498821    4.499893
 1204.6591    4.523174    4.521517    4.521557    4.522274    4.522940
 1204.9070    4.546986    4.544924    4.545034    4.546110    4.546690
 1205.1550    4.571207    4.569057    4.569023    4.570240    4.571022
 1205.4030    4.595827    4.593983    4.593607    4.594790    4.595739
 1205.6520    4.620947    4.619646    4.618948    4.619989    4.620792
 1205.9000    4.646679    4.645992    4.645187    4.646011    4.646326
 1206.1490    4.673187    4.673012    4.672310    4.672855    4.672670
 1206.3970    4.700573    4.700722    4.700184    4.700375    4.700089
 1206.6460    4.728905    4.729116    4.728752    4.728516    4.728645
 1206.8950    4.758177    4.758184    4.758102    4.757420    4.758162
 1207.1440    4.788353    4.787964    4.788353    4.787348    4.788408
 1207.3929    4.819372    4.818615    4.819530    4.818523    4.819275
 1207.6420    4.851221    4.850304    4.851559    4.850922    4.850946
 1207.8920    4.883968    4.883133    4.884394    4.884354    4.883776
 1208.1410    4.917742    4.917137    4.918173    4.918650    4.918083
 1208.3910    4.952721    4.952394    4.953121    4.953876    4.953934
 1208.6400    4.989050    4.989014    4.989424    4.990343    4.991112
 1208.8900    5.026859    5.027023    5.027105    5.028368    5.029303
 1209.1400    5.066177    5.066437    5.066177    5.068037    5.068371
 1209.3900    5.107040    5.107277    5.106836    5.109173    5.108564
 1209.6400    5.149435    5.149590    5.149342    5.151585    5.150356
 1209.8900    5.193459    5.193653    5.193958    5.195318    5.194292
 1210.1400    5.239399    5.239624    5.240623    5.240824    5.240725
 1210.3900    5.287510    5.287758    5.289232    5.288763    5.289566
 1210.6410    5.338058    5.338396    5.339828    5.339590    5.340702
 1210.8910    5.391270    5.391764    5.392872    5.393383    5.394049
 1211.1420    5.447392    5.448009    5.448969    5.450003    5.449894
 1211.3929    5.506681    5.507330    5.508556    5.509432    5.508839
 1211.6429    5.569490    5.570158    5.571791    5.572023    5.571499
 1211.8940    5.636257    5.637138    5.638760    5.638500    5.638420
 1212.1450    5.707638    5.708855    5.709923    5.709618    5.710016
 1212.3970    5.784481    5.785721    5.786177    5.786161    5.786907
 1212.6479    5.867662    5.868410    5.868774    5.869068    5.870228
 1212.8990    5.958067    5.958229    5.959166    5.959795    5.961620
 1213.1510    6.056980    6.057247    6.059109    6.060282    6.062733
 1213.4020    6.166786    6.168085    6.170731    6.172312    6.174728
 1213.6541    6.291214    6.293650    6.296028    6.297081    6.298155
 1213.9060    6.434889    6.436831    6.437054    6.436115    6.434889
 1214.1580    7.245316    7.245142    7.244474    7.243757    7.243162
 1214.4091    8.523720    8.523682    8.523628    8.523590    8.523590
 1214.6620    9.494072    9.494085    9.494099    9.494114    9.494127
 1214.9139   10.185768   10.185768   10.185768   10.185768   10.185797
 1215.1660   10.651337   10.651337   10.651337   10.651337   10.651337
 1215.4180   10.920696   10.920696   10.920692   10.920692   10.920692
 1215.6710   11.008942   11.008942   11.008942   11.008942   11.008942
 1215.9240   10.920660   10.920660   10.920660   10.920654   10.920654
 1216.1760   10.651258   10.651268   10.651268   10.651268   10.651268
 1216.4290   10.185656   10.185656   10.185656   10.185684   10.185684
 1216.6820    9.493946    9.493959    9.493959    9.493973    9.494001
 1216.9351    8.523785    8.523773    8.523733    8.523708    8.523720
 1217.1880    7.250397    7.250225    7.249760    7.249271    7.248734
 1217.4420    6.463982    6.465012    6.465933    6.467800    6.465040
 1217.6949    6.324818    6.326214    6.328951    6.334232    6.331913
 1217.9480    6.203903    6.204906    6.207661    6.213253    6.211468
 1218.2020    6.097605    6.098055    6.100302    6.103188    6.102365
 1218.4561    6.002296    6.002296    6.004622    6.003418    6.004408
 1218.7090    5.914946    5.914772    5.917847    5.913120    5.916506
 1218.9630    5.833656    5.833847    5.837608    5.831467    5.836754
 1219.2170    5.758139    5.759153    5.762417    5.757540    5.762985
 1219.4709    5.688786    5.690683    5.691525    5.690224    5.693542
 1219.7250    5.625416    5.627867    5.624798    5.627991    5.627489
 1219.9800    5.566803    5.569281    5.562519    5.569187    5.564465
 1220.2340    5.511148    5.513231    5.504974    5.512390    5.504335
 1220.4890    5.457140    5.458548    5.451971    5.456867    5.447002
 1220.7430    5.404697    5.404953    5.402605    5.402605    5.392467
 1220.9980    5.354704    5.352934    5.355547    5.350035    5.340879
 1221.2531    5.308245    5.303305    5.309587    5.299551    5.292610
 1221.5081    5.265478    5.256863    5.264109    5.251444    5.248047
 1221.7629    5.225412    5.213968    5.219061    5.205772    5.207256
 1222.0179    5.186306    5.174322    5.174728    5.162863    5.169821
 1222.2729    5.146748    5.137070    5.131491    5.123035    5.134941
 1222.5291    5.106224    5.101128    5.089870    5.086716    5.101645
 1222.7841    5.065281    5.065506    5.050419    5.053846    5.069223
 1223.0400    5.025347    5.029667    5.013847    5.023869    5.037346
 1223.2950    4.987980    4.993286    4.980566    4.995829    5.006039
 1223.5510    4.954035    4.956701    4.950531    4.968819    4.975307
 1223.8070    4.923420    4.920713    4.923311    4.942207    4.945177
 1224.0630    4.895035    4.886440    4.898287    4.915668    4.915459
 1224.3190    4.867332    4.854925    4.874805    4.889050    4.885983
 1224.5750    4.838963    4.826859    4.852249    4.862204    4.856766
 1224.8320    4.809298    4.802452    4.829979    4.835024    4.828112
 1225.0880    4.778629    4.781439    4.807447    4.807562    4.800552
 1225.3450    4.748127    4.763090    4.784311    4.780172    4.774590
 1225.6010    4.719463    4.746323    4.760567    4.753452    4.750563
 1225.8580    4.694307    4.730000    4.736500    4.728062    4.728533
 1226.1150    4.673731    4.713205    4.712524    4.704502    4.708405
 1226.3719    4.657801    4.695358    4.689060    4.683056    4.690054
 1226.6290    4.645590    4.676228    4.666546    4.663815    4.673454
 1226.8860    4.635483    4.655916    4.645500    4.646873    4.658611
 1227.1440    4.625713    4.634911    4.626474    4.632296    4.645462
 1227.4010    4.614803    4.614021    4.609903    4.620010    4.633751
 1227.9160    4.586813    4.576284    4.584410    4.600809    4.612804
 1228.4320    4.553009    4.548782    4.567238    4.584772    4.592354
 1228.9480    4.522797    4.533390    4.554876    4.568144    4.570637
 1229.4640    4.505096    4.526003    4.542702    4.548647    4.546345
 1229.9810    4.500168    4.519670    4.526417    4.523876    4.517527
 1230.4980    4.499632    4.507963    4.503599    4.492802    4.483374
 1231.0160    4.493290    4.486799    4.472742    4.455971    4.444435
 1231.2750    4.485636    4.472172    4.454159    4.435478    4.423214
 1231.5341    4.474361    4.454769    4.433626    4.413586    4.400745
 1231.7939    4.459303    4.434713    4.411249    4.390369    4.377033
 1232.0530    4.440453    4.412209    4.387177    4.366030    4.352163
 1232.3120    4.417986    4.387461    4.361521    4.340801    4.326357
 1232.5720    4.392151    4.360706    4.334494    4.314816    4.299877
 1232.8320    4.363255    4.332216    4.306339    4.288160    4.272886
 1233.0909    4.331650    4.302244    4.277380    4.260834    4.245462
 1233.3510    4.297783    4.271097    4.247801    4.232868    4.217642
 1233.6110    4.262047    4.239075    4.217773    4.204473    4.189434
 1233.8710    4.225050    4.206367    4.187464    4.175831    4.161009
 1234.1320    4.187323    4.173273    4.157064    4.147182    4.132645
 1234.3920    4.149590    4.140131    4.126879    4.118528    4.104589
 1234.6530    4.112537    4.107210    4.096979    4.089941    4.077078
 1234.9130    4.076822    4.074780    4.067516    4.061340    4.050148
 1235.1740    4.043087    4.043127    4.038502    4.032942    4.023705
 1235.4351    4.011740    4.012501    4.009960    4.004923    3.997696
 1235.6949    3.982981    3.983221    3.982100    3.977541    3.972160
 1235.9561    3.956774    3.955414    3.955004    3.950911    3.947243
 1236.2180    3.932819    3.929138    3.928719    3.924992    3.923120
 1236.4790    3.910677    3.904408    3.903210    3.899727    3.899858
 1236.7400    3.889822    3.881203    3.878447    3.875177    3.877377
 1237.0020    3.869753    3.859354    3.854530    3.851528    3.855446
 1237.2629    3.850088    3.838615    3.831581    3.828970    3.833879
 1237.5250    3.830563    3.818695    3.809654    3.807541    3.812607
 1237.7870    3.811085    3.799368    3.788664    3.787113    3.791725
 1238.0480    3.791683    3.780447    3.768497    3.767445    3.771381
 1238.5730    3.753599    3.742929    3.730532    3.729982    3.732491
 1239.0970    3.717171    3.705290    3.695656    3.695297    3.694983
 1239.6219    3.682245    3.667883    3.662617    3.662483    3.658298
 1240.1479    3.647451    3.631413    3.630489    3.629757    3.623724
 1240.6730    3.611362    3.596937    3.598879    3.597322    3.591633
 1241.2000    3.573719    3.564524    3.566826    3.565304    3.560875
 1241.7271    3.535839    3.533785    3.534636    3.532766    3.531759
 1242.2540    3.499701    3.503504    3.502823    3.500717    3.505219
 1242.7820    3.466452    3.472801    3.471540    3.470469    3.479992
 1243.3101    3.435589    3.441319    3.441994    3.441475    3.454784
 1243.8380    3.405466    3.409561    3.414421    3.414406    3.430285
 1244.3669    3.374859    3.378962    3.388617    3.390265    3.406353
 1244.8970    3.343979    3.350674    3.364813    3.367746    3.381405
 1245.4270    3.314562    3.325783    3.341850    3.346119    3.355566
 1245.9570    3.288517    3.303780    3.319105    3.325804    3.330313
 1246.4880    3.266373    3.283752    3.296379    3.305265    3.305201
 1247.0190    3.246794    3.263920    3.272816    3.283596    3.279781
 1247.5510    3.227528    3.243162    3.249077    3.261810    3.255779
 1248.0830    3.206987    3.221075    3.225775    3.239550    3.234163
 1248.6160    3.185371    3.198217    3.203196    3.216536    3.213837
 1249.1490    3.164442    3.176062    3.182699    3.194626    3.194986
 1249.6820    3.146376    3.155943    3.164473    3.174379    3.178747
 1250.4840    3.125774    3.131554    3.141230    3.146778    3.156792
 1251.2860    3.108328    3.112673    3.121527    3.125221    3.135197
 1252.0890    3.087391    3.094576    3.102194    3.106531    3.114311
 1252.8929    3.063108    3.073498    3.080843    3.090082    3.090469
 1253.6990    3.041590    3.049450    3.057323    3.071625    3.066214
 1254.5050    3.026207    3.026043    3.032820    3.051075    3.040878
 1255.3120    3.012415    3.007578    3.010723    3.027309    3.017075
 1256.1210    2.994019    2.994537    2.992731    3.002857    2.997066
 1256.9301    2.971355    2.983433    2.979839    2.979425    2.980362
 1257.7410    2.951197    2.970022    2.969458    2.959694    2.969118
 1258.8230    2.935215    2.945354    2.955038    2.939989    2.956577
 1259.6360    2.925518    2.925018    2.940849    2.929440    2.948584
 1260.7220    2.904222    2.903166    2.916811    2.915325    2.933352
 1261.8090    2.878723    2.889790    2.891788    2.898407    2.913794
 1262.8990    2.863935    2.877579    2.871649    2.876080    2.888628
 1263.9900    2.855743    2.858189    2.857784    2.851686    2.863037
 1265.0830    2.838541    2.832285    2.846046    2.831179    2.840275
 1266.1780    2.814367    2.808994    2.830563    2.817314    2.823103
 1267.2750    2.798553    2.795506    2.808603    2.810730    2.811810
 1268.3740    2.790447    2.788649    2.783211    2.806662    2.801685
 1269.4740    2.774620    2.779322    2.761589    2.798754    2.790644
 1270.5770    2.750284    2.763098    2.749180    2.784681    2.774035
 1271.6810    2.734400    2.744387    2.744520    2.764072    2.753452
 1272.7880    2.731823    2.731001    2.740837    2.740553    2.730015
 1273.8960    2.725576    2.724840    2.731710    2.720160    2.708250
 1275.2841    2.700375    2.717312    2.710329    2.703058    2.689070
 1276.6760    2.682110    2.698326    2.686260    2.694035    2.679356
 1277.7910    2.681141    2.677151    2.673803    2.687555    2.676153
 1279.1870    2.670710    2.656654    2.669670    2.673859    2.671572
 1280.3070    2.648165    2.649782    2.669596    2.656559    2.663078
 1281.4290    2.629675    2.645618    2.665047    2.636097    2.650890
 1282.8330    2.624952    2.631809    2.647715    2.612921    2.631516
 1283.9590    2.619354    2.612106    2.627100    2.600603    2.616926
 1285.0870    2.601646    2.592676    2.606930    2.594999    2.607477
 1286.5000    2.581585    2.582483    2.591009    2.594349    2.603199
 1290.4720    2.568882    2.580046    2.569748    2.575743    2.605919
 1291.8960    2.546518    2.560230    2.548008    2.561935    2.594414
 1293.3240    2.544266    2.546654    2.525860    2.552254    2.574356
 1294.4690    2.545938    2.545307    2.516245    2.549580    2.554308
 1295.9020    2.529661    2.545839    2.518093    2.551462    2.530430
 1297.0510    2.507032    2.537945    2.525640    2.553532    2.515862
 1298.4900    2.492216    2.514879    2.531504    2.550766    2.504511
 1299.6440    2.494474    2.494057    2.527822    2.541767    2.500908
 1301.3781    2.491613    2.479029    2.509136    2.517763    2.497606
 1302.8270    2.475191    2.481142    2.492062    2.493124    2.490997
 1304.2791    2.467150    2.479446    2.484741    2.471687    2.478249
 1306.0260    2.476238    2.459770    2.490437    2.457443    2.456289
 1307.7770    2.472507    2.438559    2.496958    2.454861    2.433626
 1309.5330    2.450018    2.443138    2.487873    2.454067    2.419329
 1311.0000    2.441397    2.460882    2.466200    2.447189    2.417538
 1312.1760    2.444233    2.470013    2.444326    2.436003    2.422441
 1313.6490    2.441883    2.465055    2.420435    2.416824    2.432810
 1315.1250    2.420368    2.446102    2.408052    2.397541    2.442871
 1316.3080    2.398582    2.431654    2.406677    2.387177    2.448505
 1320.1689    2.408596    2.437147    2.405176    2.407339    2.445122
 1321.9590    2.401728    2.430237    2.389698    2.428944    2.439381
 1323.4540    2.384909    2.406796    2.375645    2.440878    2.437639
 1324.6520    2.383511    2.383402    2.369513    2.444077    2.439617
 1326.1530    2.401539    2.362011    2.372581    2.440342    2.445215
 1328.2600    2.417936    2.360310    2.393084    2.428394    2.454052
 1330.0720    2.397661    2.370569    2.412512    2.421753    2.456032
 1331.8879    2.376961    2.370771    2.422558    2.424343    2.448149
 1334.0140    2.382557    2.357458    2.420254    2.434967    2.425175
 1335.5360    2.380844    2.352434    2.414722    2.440248    2.402056
 1337.0620    2.358278    2.360594    2.411888    2.438179    2.377378
 1338.2850    2.334352    2.375628    2.413719    2.429575    2.359247
 1339.8180    2.319981    2.397001    2.420385    2.410152    2.342482
 1341.0460    2.327257    2.409662    2.426380    2.389574    2.334816
 1342.2760    2.341574    2.415056    2.429688    2.367710    2.331732
 1343.5090    2.350616    2.413349    2.427534    2.347546    2.332136
 1345.3621    2.346842    2.404320    2.410963    2.326664    2.333609
 1346.9110    2.342680    2.400038    2.385910    2.319981    2.331144
 1348.1520    2.351332    2.402348    2.361917    2.320210    2.324900
 1349.3960    2.371050    2.408426    2.338795    2.322281    2.313826
 1350.6420    2.393471    2.414053    2.320768    2.323315    2.298985
 1352.2020    2.411114    2.413115    2.309460    2.320002    2.277517
 1354.0800    2.408342    2.392784    2.311117    2.306854    2.254789
 1355.3340    2.397715    2.368418    2.316284    2.293760    2.246843
 1356.2770    2.390652    2.347427    2.319252    2.283188    2.246843
 1357.2200    2.387604    2.327297    2.319897    2.273533    2.252537
 1358.4810    2.390953    2.306896    2.315529    2.264463    2.268742
 1359.7440    2.398617    2.298067    2.305115    2.262783    2.293097
 1360.6920    2.402245    2.299028    2.294489    2.267265    2.314983
 1361.6420    2.400261    2.304405    2.283098    2.277151    2.338337
 1362.5930    2.390600    2.311287    2.273186    2.291525    2.361729
 1363.5460    2.373152    2.316956    2.266983    2.309757    2.384335
 1364.5000    2.349937    2.319273    2.266632    2.330292    2.404936
 1365.4550    2.325207    2.317331    2.273396    2.352144    2.423361
 1366.4120    2.304426    2.311415    2.287443    2.373941    2.439016
 1367.3700    2.292543    2.303001    2.307774    2.395012    2.452002
 1368.3290    2.291656    2.294577    2.332560    2.414555    2.462458
 1369.2889    2.299965    2.289188    2.359798    2.432312    2.470558
 1370.2510    2.312706    2.289700    2.387247    2.448042    2.477005
 1371.2150    2.324509    2.298023    2.413317    2.461874    2.482059
 1372.1790    2.331408    2.314499    2.436783    2.473969    2.486629
 1373.1450    2.331852    2.337879    2.457079    2.484642    2.491180
 1374.1130    2.326929    2.365788    2.473940    2.494308    2.496405
 1375.0811    2.320210    2.395624    2.487648    2.503313    2.502905
 1376.0520    2.316704    2.425013    2.498587    2.512177    2.510920
 1377.0229    2.321350    2.452263    2.507532    2.521191    2.520903
 1377.9960    2.337040    2.476397    2.515396    2.530802    2.532652
 1378.9700    2.363312    2.497040    2.523045    2.541130    2.546259
 1379.6200    2.385159    2.508934    2.528389    2.548597    2.556145
 1380.2710    2.408936    2.519474    2.534243    2.556459    2.566521
 1380.9230    2.433338    2.528866    2.540730    2.564737    2.577332
 1381.5750    2.457201    2.537329    2.548021    2.573486    2.588440
 1382.2280    2.479675    2.545122    2.556122    2.582586    2.599600
 1382.8810    2.500195    2.552498    2.565067    2.591988    2.610714
 1383.8621    2.526688    2.563339    2.579988    2.606607    2.627089
 1384.8450    2.548107    2.574587    2.596376    2.621456    2.642563
 1386.1570    2.570158    2.591221    2.619719    2.641197    2.661320
 1387.4720    2.587587    2.610468    2.643482    2.659983    2.677132
 1388.7889    2.603868    2.632406    2.666275    2.677086    2.689619
 1390.1080    2.621996    2.656347    2.686842    2.691683    2.698265
 1391.4310    2.643896    2.680979    2.704159    2.703024    2.702982
 1392.7550    2.669949    2.704580    2.717388    2.710548    2.703548
 1393.7510    2.691435    2.720449    2.724218    2.713331    2.701248
 1394.7469    2.713398    2.733871    2.728167    2.713507    2.696566
 1395.7450    2.734367    2.744104    2.729034    2.710785    2.689575
 1397.0780    2.758057    2.751678    2.725119    2.702602    2.676548
 1398.7480    2.775858    2.749636    2.711647    2.684692    2.654493
 1400.0870    2.777216    2.737734    2.693684    2.664001    2.632225
 1401.4280    2.765118    2.716171    2.669113    2.637650    2.605812
 1402.4360    2.746674    2.693552    2.646286    2.614159    2.583380
 1403.4449    2.720142    2.665468    2.619678    2.587543    2.558613
 1404.1190    2.698048    2.643787    2.599817    2.568085    2.540817
 1404.7930    2.672586    2.619814    2.578295    2.547295    2.522053
 1405.4680    2.643877    2.593641    2.555130    2.525148    2.502264
 1406.1429    2.612137    2.565351    2.530340    2.501743    2.481415
 1406.8190    2.577538    2.535078    2.503954    2.477179    2.459604
 1407.4960    2.540318    2.502945    2.476049    2.451403    2.436815
 1408.1730    2.500689    2.469086    2.446630    2.424490    2.412981
 1408.5120    2.480036    2.451557    2.431396    2.410643    2.400694
 1408.8521    2.458864    2.433641    2.415808    2.396530    2.388172
 1409.1910    2.437195    2.415358    2.399899    2.382179    2.375425
 1409.5300    2.415041    2.396740    2.383654    2.367580    2.362463
 1409.8700    2.392433    2.377798    2.367077    2.352722    2.349258
 1410.2100    2.369383    2.358562    2.350208    2.337658    2.335779
 1410.5500    2.345922    2.339033    2.333065    2.322384    2.322054
 1410.8900    2.322054    2.319210    2.315634    2.306917    2.308094
 1411.2300    2.297783    2.299137    2.297935    2.291235    2.293938
 1411.5699    2.273163    2.278822    2.279985    2.275358    2.279575
 1411.9110    2.248169    2.258278    2.261786    2.259283    2.265030
 1412.2520    2.222794    2.237518    2.243385    2.243013    2.250250
 1412.5930    2.197088    2.216536    2.224766    2.226574    2.235226
 1412.9340    2.171053    2.195374    2.205988    2.210051    2.219976
 1413.2750    2.144669    2.174030    2.186985    2.193348    2.204500
 1413.6169    2.117968    2.152502    2.167849    2.176525    2.188871
 1413.9580    2.091034    2.130783    2.148571    2.159536    2.173100
 1414.3000    2.063745    2.108936    2.129173    2.142420    2.157154
 1414.6420    2.036190    2.086893    2.109646    2.125189    2.141010
 1414.9840    2.008430    2.064720    2.090046    2.107922    2.124701
 1415.3260    1.980427    2.042379    2.070333    2.090576    2.108158
 1415.6689    1.952183    2.019905    2.050535    2.073168    2.091492
 1416.0110    1.923824    1.997286    2.030722    2.055645    2.074671
 1416.3540    1.895422    1.974539    2.010893    2.038023    2.057779
 1416.6970    1.866837    1.951633    1.990992    2.020319    2.040760
 1417.0400    1.838213    1.928596    1.971077    2.002642    2.023623
 1417.3831    1.809774    1.905424    1.951138    1.984941    2.006380
 1417.7271    1.781303    1.882160    1.931229    1.967197    1.988947
 1418.0699    1.752693    1.858759    1.911339    1.949375    1.971420
 1418.4139    1.724293    1.835247    1.891481    1.931494    1.953856
 1418.7581    1.695078    1.811623    1.871620    1.913565    1.936272
 1419.1021    1.663296    1.787949    1.851778    1.895649    1.918686
 1419.4460    1.630966    1.764191    1.831953    1.877747    1.901028
 1419.7910    1.604269    1.740370    1.812204    1.859846    1.883305
 1420.1350    1.584286    1.716488    1.792498    1.841885    1.865482
 1420.4800    1.563398    1.692610    1.772827    1.823858    1.847647
 1420.8250    1.536268    1.668739    1.753147    1.805773    1.829830
 1421.1700    1.508463    1.644911    1.733501    1.787708    1.812117
 1421.5150    1.488029    1.621094    1.713884    1.769665    1.794460
 1421.8610    1.473150    1.597378    1.694351    1.751648    1.776846
 1422.2061    1.455210    1.573776    1.674824    1.733574    1.759207
 1422.5520    1.429493    1.550350    1.655302    1.715427    1.741554
 1422.8979    1.397331    1.527037    1.635746    1.697186    1.723923
 1423.2440    1.363293    1.503941    1.616222    1.678946    1.706419
 1423.5900    1.333105    1.481085    1.596718    1.660742    1.689070
 1423.9370    1.311457    1.458532    1.577263    1.642584    1.671904
 1424.2830    1.298328    1.436226    1.557772    1.624374    1.654821
 1424.6300    1.290056    1.414238    1.538235    1.606091    1.637779
 1424.9771    1.282328    1.392538    1.518646    1.587677    1.620729
 1425.3240    1.271378    1.371290    1.499123    1.569244    1.603762
 1425.6710    1.254112    1.350365    1.479589    1.550840    1.586946
 1426.0190    1.229733    1.329784    1.460085    1.532537    1.570379
 1426.3660    1.199234    1.309525    1.440500    1.514202    1.554016
 1426.7140    1.164263    1.289722    1.420862    1.495808    1.537807
 1427.0620    1.126976    1.270283    1.401228    1.477251    1.521608
 1427.4100    1.090786    1.251200    1.381674    1.458683    1.505421
 1427.7581    1.058464    1.232336    1.362143    1.440138    1.489256
 1428.1071    1.031288    1.213837    1.342621    1.421753    1.473297
 1428.4561    1.009790    1.195623    1.323025    1.403412    1.457563
 1429.1530    0.980817    1.159838    1.283957    1.366573    1.426739
 1429.8521    0.956198    1.124668    1.245365    1.329580    1.395920
 1430.5510    0.923047    1.089905    1.206881    1.293274    1.365131
 1430.9010    0.900771    1.072470    1.187803    1.275288    1.350094
 1431.2510    0.874957    1.054920    1.168940    1.257198    1.335217
 1431.6010    0.845786    1.037466    1.150295    1.239100    1.320478
 1431.9510    0.813581    1.019823    1.131716    1.221075    1.305588
 1432.3020    0.780151    1.001949    1.113276    1.203360    1.290590
 1432.6520    0.746386    0.983802    1.094891    1.185938    1.275427
 1433.0031    0.713062    0.965597    1.076859    1.168762    1.260405
 1433.3540    0.681295    0.947124    1.059109    1.151524    1.245537
 1433.7050    0.652681    0.928406    1.041630    1.134304    1.230959
 1434.0570    0.626710    0.909219    1.024157    1.117138    1.216351
 1434.4080    0.603567    0.889884    1.006893    1.100370    1.201643
 1434.7600    0.583391    0.870257    0.989837    1.083969    1.186588
 1435.4640    0.548868    0.830011    0.956841    1.052002    1.156155
 1435.8160    0.532882    0.809412    0.940651    1.036070    1.141199
 1436.1689    0.517143    0.788571    0.924403    1.020071    1.126390
 1436.5210    0.500690    0.767719    0.908410    1.004450    1.111700
 1436.8740    0.482574    0.746386    0.892646    0.989303    1.096701
 1437.2271    0.463908    0.724849    0.877325    0.974672    1.081419
 1437.5800    0.443748    0.703068    0.862024    0.960100    1.065765
 1437.9330    0.421966    0.681458    0.846764    0.945518    1.050186
 1438.2870    0.398998    0.659536    0.831345    0.930750    1.034748
 1438.6400    0.376102    0.637480    0.816228    0.916281    1.019697
 1438.9940    0.352009    0.615150    0.801273    0.902193    1.004665
 1439.3480    0.327828    0.593220    0.786581    0.888713    0.989432
 1439.7020    0.304254    0.571278    0.771617    0.875322    0.973659
 1440.0570    0.281579    0.549458    0.756537    0.861869    0.957636
 1440.4110    0.258373    0.527385    0.741246    0.848022    0.941506
 1440.7660    0.236437    0.505909    0.726263    0.834281    0.925817
 1441.1210    0.215003    0.484727    0.711275    0.820780    0.910433
 1441.4760    0.193235    0.464012    0.696295    0.807907    0.895323
 1441.8311    0.170174    0.443012    0.680752    0.795135    0.879847
 1442.1860    0.147429    0.422541    0.665046    0.782279    0.863983
 1442.5420    0.122511    0.402451    0.649120    0.768801    0.847591
 1442.8970    0.095204    0.383133    0.633519    0.755188    0.831345
 1443.2531    0.065393    0.363481    0.617661    0.741577    0.815432
 1443.6090    0.034107    0.344137    0.601539    0.728598    0.800249
 1443.9659   -0.001728    0.324982    0.584670    0.715744    0.785223
 1444.3220   -0.039963    0.306832    0.567743    0.702844    0.770130
 1444.6790   -0.080195    0.288405    0.550705    0.689122    0.754311
 1445.0350   -0.121788    0.270143    0.533962    0.675008    0.738186
 1445.3920   -0.166566    0.251565    0.516642    0.660619    0.721943
 1445.7490   -0.208744    0.234061    0.498917    0.646835    0.706488
 1446.1071   -0.249098    0.216377    0.480424    0.633246    0.691673
 1446.4640   -0.286308    0.198794    0.462173    0.619720    0.677506
 1446.8220   -0.319728    0.180298    0.443889    0.605272    0.662966
 1447.1801   -0.342906    0.162654    0.425827    0.590184    0.647969
 1447.8960   -0.373495    0.127397    0.387532    0.559380    0.616654
 1448.6130   -0.378844    0.089834    0.348480    0.530046    0.587947
 1449.3300   -0.378699    0.052809    0.310120    0.498352    0.561376
 1449.6890   -0.378045    0.032860    0.289856    0.481155    0.547073
 1450.0490   -0.379427    0.012753    0.269513    0.464400    0.532257
 1450.4080   -0.387322   -0.007951    0.249052    0.448057    0.517157
 1451.1281   -0.409548   -0.048653    0.210212    0.416024    0.490183
 1451.4880   -0.428664   -0.070295    0.190584    0.398739    0.478264
 1451.8480   -0.453556   -0.093293    0.169733    0.380085    0.465829
 1452.2080   -0.478483   -0.114735    0.149527    0.361728    0.452691
 1452.5680   -0.511168   -0.137213    0.129658    0.343862    0.438210
 1452.9290   -0.546207   -0.160019    0.111262    0.327257    0.423852
 1453.2900   -0.583160   -0.185047    0.092089    0.310141    0.410086
 1453.6510   -0.618254   -0.208393    0.072691    0.292256    0.398062
 1454.0120   -0.659735   -0.232117    0.052309    0.272561    0.386642
 1454.3740   -0.695402   -0.255308    0.033545    0.252950    0.375298
 1454.7350   -0.729368   -0.281540    0.015402    0.233809    0.362312
 1455.0970   -0.760225   -0.306343   -0.001462    0.216588    0.348344
 1455.4590   -0.794011   -0.331037   -0.019874    0.199316    0.333569
 1455.8210   -0.815735   -0.353527   -0.038318    0.181615    0.320105
 1456.1830   -0.840222   -0.379323   -0.057258    0.161637    0.307817
 1456.5460   -0.863628   -0.404383   -0.073668    0.141418    0.297082
 1456.9080   -0.889040   -0.429714   -0.089760    0.121462    0.285580
 1457.2710   -0.905878   -0.450764   -0.105202    0.104112    0.272955
 1457.6340   -0.935392   -0.474424   -0.123009    0.087391    0.258062
 1457.9980   -0.963092   -0.497723   -0.140225    0.070813    0.242964
 1458.3610   -0.994005   -0.522763   -0.157235    0.051500    0.228247
 1458.7240   -1.023219   -0.541997   -0.171198    0.031489    0.215955
 1459.0880   -1.069846   -0.562392   -0.185946    0.011232    0.204446
 1459.4520   -1.104998   -0.581947   -0.200929   -0.005749    0.193209
 1459.8160   -1.144644   -0.605478   -0.218733   -0.021340    0.179465
 1460.1801   -1.182243   -0.622967   -0.234801   -0.035906    0.164055
 1460.5450   -1.228391   -0.640126   -0.250133   -0.053469    0.146996
 1461.2740   -1.272068   -0.675800   -0.277538   -0.092443    0.117569
 1462.0050   -1.291877   -0.707810   -0.311705   -0.123326    0.093596
 1462.3700   -1.271094   -0.718013   -0.326887   -0.135442    0.079616
 1463.1010   -1.247967   -0.751095   -0.354076   -0.167753    0.043834
 1463.4670   -1.227553   -0.767157   -0.371029   -0.187407    0.025797
 1463.8330   -1.201694   -0.774742   -0.388575   -0.203641    0.011316
 1464.5660   -1.172379   -0.803299   -0.422106   -0.227121   -0.013815
 1465.3000   -1.154722   -0.830149   -0.451279   -0.254980   -0.047804
 1465.6670   -1.159286   -0.842211   -0.471481   -0.274334   -0.069040
 1466.4010   -1.162045   -0.876214   -0.510252   -0.304720   -0.104776
 1467.1370   -1.185745   -0.899871   -0.540125   -0.323818   -0.130235
 1467.8730   -1.219086   -0.931999   -0.581120   -0.356370   -0.166012
 1468.2410   -1.233498   -0.948346   -0.601019   -0.374153   -0.188130
 1468.6100   -1.253008   -0.963770   -0.619806   -0.389574   -0.210314
 1469.3470   -1.299080   -0.991570   -0.651909   -0.407013   -0.239728
 1469.7159   -1.305834   -1.011414   -0.672682   -0.418266   -0.250588
 1470.0850   -1.326223   -1.033089   -0.698927   -0.437624   -0.266626
 1470.4550   -1.341111   -1.038670   -0.717038   -0.457088   -0.286711
 1470.8240   -1.363562   -1.056297   -0.733839   -0.475357   -0.312088
 1471.1940   -1.360783   -1.075850   -0.746250   -0.484682   -0.334269
 1471.5640   -1.383798   -1.104274   -0.768810   -0.493387   -0.352333
 1471.9340   -1.393082   -1.111595   -0.791693   -0.502835   -0.362260
 1472.3051   -1.406216   -1.124528   -0.817472   -0.522141   -0.372532
 1472.6750   -1.404107   -1.138777   -0.830678   -0.543482   -0.384987
 1473.0460   -1.431341   -1.172166   -0.845029   -0.565622   -0.406670
 1473.4170   -1.432573   -1.185034   -0.857986   -0.577147   -0.430989
 1473.7880   -1.445935   -1.195335   -0.884390   -0.585930   -0.456081
 1474.1591   -1.453272   -1.198980   -0.906754   -0.593102   -0.471070
 1474.5310   -1.482422   -1.230801   -0.928266   -0.611561   -0.480277
 1474.9030   -1.476943   -1.250488   -0.934383   -0.634306   -0.484272
 1475.2740   -1.496918   -1.264074   -0.947306   -0.660986   -0.495896
 1476.0190   -1.523994   -1.278206   -0.990421   -0.685501   -0.541045
 1476.3910   -1.510632   -1.300179   -1.007574   -0.689774   -0.564013
 1476.7640   -1.531652   -1.322630   -1.021249   -0.706107   -0.580805
 1477.1360   -1.525565   -1.307717   -1.020898   -0.728786   -0.583675
 1477.5090   -1.524998   -1.314787   -1.035336   -0.759825   -0.585963
 1478.2560   -1.519045   -1.364516   -1.079887   -0.790136   -0.609047
 1478.6300   -1.495625   -1.352676   -1.087555   -0.790727   -0.632235
 1479.0031   -1.490179   -1.345678   -1.093147   -0.803161   -0.658051
 1479.3770   -1.477268   -1.347057   -1.090177   -0.823532   -0.669140
 1479.7510   -1.483213   -1.387217   -1.109104   -0.857924   -0.671396
 1480.1260   -1.459070   -1.389712   -1.126783   -0.881371   -0.664864
 1480.5000   -1.464428   -1.377195   -1.149256   -0.895649   -0.668796
 1480.8750   -1.457661   -1.357189   -1.145967   -0.892247   -0.681540
 1481.2500   -1.460209   -1.391014   -1.147562   -0.898975   -0.708653
 1481.6250   -1.443565   -1.411549   -1.147734   -0.914210   -0.731235
 1482.0000   -1.459221   -1.409359   -1.173109   -0.950007   -0.746420
 1482.3750   -1.451807   -1.371008   -1.188948   -0.977736   -0.741817
 1483.1270   -1.444857   -1.418562   -1.191505   -0.989064   -0.731914
 1483.5031   -1.459795   -1.442097   -1.195330   -0.988302   -0.747147
 1483.8790   -1.444809   -1.396368   -1.202719   -0.994863   -0.769755
 1484.2560   -1.449661   -1.384386   -1.233490   -1.028599   -0.798139
 1484.6320   -1.445850   -1.409760   -1.243364   -1.059383   -0.808270
 1485.0090   -1.455399   -1.463783   -1.248682   -1.084226   -0.806653
 1485.3860   -1.438148   -1.431095   -1.233877   -1.075437   -0.792096
 1485.7629   -1.449001   -1.390373   -1.245277   -1.067536   -0.790030
 1486.5179   -1.448404   -1.462118   -1.291937   -1.091091   -0.827456
 1486.8960   -1.435867   -1.467399   -1.291860   -1.122196   -0.852478
 1487.2740   -1.451291   -1.409437   -1.291145   -1.153893   -0.870020
 1487.6520   -1.441208   -1.366663   -1.279725   -1.146971   -0.861981
 1490.6840   -1.451303   -1.724091   -1.348722   -1.167152   -0.906649
 1493.7280   -1.449944   -1.724091   -1.400620   -1.227986   -0.974653
 1496.7850   -1.449405   -1.724091   -1.439090   -1.278915   -1.044292
 1499.8540   -1.443155   -2.155784   -1.456367   -1.319601   -1.112518
     16.00  736    5   6000.00  10000.00  15000.00  20000.00  25000.00
  700.1550    0.125742    0.027798   -0.032171   -0.079220   -0.114334
  703.5220    0.140224    0.051460   -0.016486   -0.064679   -0.097246
  707.6060    0.158392    0.065542    0.000954   -0.045342   -0.076145
  711.7370    0.177479    0.085077    0.018742   -0.025650   -0.055453
  715.9170    0.193626    0.104420    0.037148   -0.006868   -0.035076
  720.1460    0.212986    0.123394    0.056601    0.012077   -0.014735
  724.4260    0.229988    0.141575    0.074854    0.032377    0.006166
  728.7570    0.249565    0.161068    0.094751    0.053961    0.027554
  733.1390    0.269676    0.182072    0.112940    0.076605    0.048248
  736.8320    0.286209    0.198574    0.133890    0.095413    0.064833
  741.3130    0.306404    0.217827    0.153997    0.116840    0.085184
  745.8480    0.325413    0.237192    0.175047    0.137259    0.106157
  750.4400    0.345079    0.256622    0.197226    0.158121    0.127979
  754.3090    0.362312    0.274227    0.216272    0.175802    0.149189
  758.2190    0.379631    0.292433    0.235100    0.193653    0.169205
  762.1700    0.396217    0.311352    0.253241    0.211948    0.189772
  766.1610    0.413300    0.330414    0.270912    0.230423    0.214209
  771.0070    0.436941    0.352144    0.292610    0.253193    0.217274
  775.0920    0.455667    0.370142    0.310991    0.273880    0.242741
  778.3920    0.467831    0.384909    0.325741    0.291235    0.263872
  782.5560    0.489578    0.404423    0.344294    0.310757    0.284950
  786.7640    0.506950    0.427858    0.363630    0.329885    0.303045
  791.0190    0.526327    0.441805    0.384497    0.347546    0.321764
  795.3190    0.546320    0.463638    0.405876    0.367580    0.341316
  799.6670    0.566555    0.483545    0.426559    0.380465    0.361576
  803.1790    0.582914    0.499041    0.443123    0.406982    0.378489
  806.7230    0.598988    0.515345    0.460220    0.427519    0.395466
  811.1960    0.619167    0.536345    0.481142    0.442652    0.416208
  815.7200    0.638958    0.557590    0.500908    0.462294    0.436846
  820.2940    0.659393    0.579624    0.520929    0.485210    0.458593
  824.9200    0.681015    0.602266    0.542576    0.507612    0.481857
  829.5980    0.702896    0.623993    0.565577    0.529585    0.505936
  833.3790    0.720118    0.641058    0.586250    0.548046    0.525187
  838.1540    0.741671    0.663645    0.609478    0.572605    0.549311
  842.0130    0.758656    0.681982    0.628880    0.592632    0.569139
  845.9080    0.777050    0.699247    0.642118    0.612551    0.589525
  849.8400    0.797392    0.716888    0.663513    0.632507    0.610363
  853.8080    0.815437    0.736229    0.685705    0.652855    0.631657
  857.8130    0.832350    0.756409    0.706051    0.673868    0.653183
  861.8560    0.851112    0.776230    0.726246    0.695253    0.674934
  865.9380    0.870743    0.796797    0.747156    0.716930    0.696941
  870.0580    0.889454    0.817545    0.768482    0.738859    0.719158
  874.2180    0.909128    0.839039    0.789757    0.760838    0.741852
  878.4170    0.928247    0.858717    0.811327    0.783253    0.765043
  882.6570    0.947805    0.878620    0.833191    0.806086    0.788090
  886.9390    0.968254    0.901834    0.855629    0.829309    0.810461
  891.2620    0.988977    0.918732    0.878223    0.852491    0.832426
  895.6270    1.009706    0.945276    0.900787    0.874981    0.854433
  900.0350    1.030560    0.966583    0.923399    0.896978    0.876783
  904.4870    1.051924    0.987085    0.946182    0.919355    0.899525
  908.9830    1.073498    1.009918    0.969028    0.942196    0.923809
  913.5250    1.094610    1.032982    0.991333    0.964947    0.948437
  918.1110    1.115944    1.055607    1.013805    0.987921    0.971615
  922.7440    1.137575    1.078384    1.036469    1.011909    0.994083
  927.4240    1.159868    1.100716    1.059336    1.035429    1.016615
  932.1520    1.181587    1.123001    1.083288    1.059450    1.043873
  935.7300    1.198603    1.139910    1.101542    1.078747    1.071035
  940.5430    1.221048    1.162056    1.124374    1.100576    1.077440
  942.9680    1.231979    1.173420    1.136213    1.111128    1.107887
  945.4050    1.241846    1.185061    1.148880    1.125156    1.128431
  949.0860    1.259260    1.202244    1.167259    1.151001    1.141010
  952.4840    1.270748    1.216957    1.181215    1.170467    1.161339
  955.5950    1.284904    1.230654    1.195347    1.178776    1.181957
  957.4720    1.294268    1.239950    1.207096    1.199480    1.195789
  959.0410    1.301508    1.247972    1.219244    1.223106    1.209461
  961.0890    1.310205    1.258471    1.235983    1.248243    1.231266
  962.1950    1.314604    1.264109    1.245512    1.270399    1.245142
  962.5120    1.315802    1.265785    1.248072    1.234745    1.250420
  962.6700    1.316389    1.266562    1.249224    1.184776    1.252878
  962.8280    1.316977    1.267406    1.250566    1.132292    1.254789
  962.9870    1.317562    1.268297    1.252100    1.108192    1.256237
  963.1450    1.318169    1.269186    1.253605    1.132259    1.257751
  963.3040    1.318731    1.270027    1.254910    1.189798    1.259714
  963.4630    1.319336    1.270889    1.256092    1.248930    1.262285
  963.6210    1.319918    1.271795    1.257366    1.287758    1.265055
  964.2560    1.322365    1.275541    1.263304    1.264723    1.272793
  964.8920    1.325003    1.279621    1.269560    1.285175    1.282759
  965.8480    1.329418    1.286570    1.279530    1.306747    1.295788
  967.2850    1.337179    1.298832    1.296885    1.317583    1.317289
  968.7260    1.345942    1.313360    1.317478    1.330982    1.338835
  970.0110    1.354052    1.327562    1.337719    1.348032    1.359343
  971.2990    1.362427    1.342226    1.357553    1.369883    1.380392
  972.5910    1.371271    1.356752    1.375975    1.392380    1.401314
  973.8860    1.380827    1.370625    1.391922    1.410761    1.421455
  975.3470    1.392029    1.385267    1.407238    1.426300    1.442558
  976.9750    1.403910    1.400642    1.422804    1.446491    1.463982
  978.6090    1.414154    1.415241    1.440090    1.464371    1.484684
  980.4130    1.423443    1.429800    1.461304    1.482502    1.503424
  982.5530    1.432985    1.442636    1.481915    1.498751    1.521856
  986.5290    1.454021    1.455894    1.486387    1.518934    1.542253
  989.3640    1.474798    1.472157    1.493374    1.524824    1.548990
  990.3690    1.481628    1.480511    1.456442    1.526339    1.550655
  991.0400    1.485792    1.486572    1.489874    1.527205    1.551107
  991.3760    1.487774    1.489691    1.510277    1.528172    1.551901
  993.7330    1.500868    1.510237    1.525005    1.534952    1.554756
  996.6100    1.515358    1.531134    1.544279    1.547615    1.560637
  999.3330    1.526533    1.549665    1.565092    1.567627    1.572906
 1001.5570    1.539890    1.560564    1.581573    1.588888    1.589424
 1003.6180    1.557796    1.564938    1.595463    1.609295    1.608740
 1005.6880    1.576191    1.570274    1.607649    1.627037    1.628868
 1007.9400    1.589502    1.587059    1.615971    1.641911    1.649412
 1009.8540    1.596960    1.607176    1.619051    1.651337    1.664671
 1012.3000    1.611000    1.627550    1.626955    1.659689    1.679646
 1014.9330    1.631565    1.646492    1.643837    1.665131    1.690613
 1017.2270    1.651104    1.667135    1.663549    1.670746    1.697229
 1019.1760    1.667919    1.676346    1.684864    1.679520    1.701559
 1020.9540    1.680136    1.679928    1.705059    1.692142    1.706547
 1023.0960    1.689522    1.700756    1.725054    1.712515    1.714882
 1024.7090    1.696146    1.721613    1.736166    1.730145    1.724440
 1025.0680    1.698101    1.694939    1.738083    1.734007    1.726744
 1025.2480    1.699169    1.666227    1.739113    1.736053    1.727989
 1025.7870    1.702818    1.686689    1.741915    1.742144    1.732426
 1025.9670    1.704185    1.712885    1.742718    1.744043    1.733927
 1026.5070    1.708735    1.735256    1.745371    1.749945    1.738274
 1028.4910    1.728987    1.745848    1.753475    1.770004    1.758018
 1030.3020    1.744886    1.766302    1.760565    1.785778    1.777687
 1032.1200    1.754211    1.770329    1.769688    1.798216    1.798161
 1034.1260    1.762852    1.779978    1.784725    1.808636    1.818516
 1036.1400    1.773539    1.789976    1.804855    1.816818    1.835728
 1038.1620    1.785856    1.801741    1.826548    1.824646    1.848503
 1040.3770    1.805344    1.818510    1.847448    1.835855    1.858543
 1042.4160    1.825205    1.840012    1.862005    1.850561    1.865459
 1044.6490    1.838402    1.859600    1.873083    1.871439    1.873217
 1046.7050    1.846777    1.872309    1.880207    1.892567    1.883224
 1048.9570    1.864647    1.880756    1.887877    1.913761    1.898094
 1051.2180    1.885977    1.887606    1.899843    1.929893    1.917349
 1053.4890    1.903242    1.902824    1.918224    1.940208    1.939125
 1055.5800    1.914095    1.923389    1.938169    1.946266    1.958305
 1057.6780    1.921322    1.944408    1.956533    1.952362    1.975073
 1059.9780    1.943281    1.962444    1.971294    1.962677    1.989031
 1061.5160    1.963694    1.970142    1.978081    1.972692    1.995850
 1062.4800    1.942955    1.973829    1.981697    1.980276    1.999262
 1063.2520    1.972980    1.976648    1.984531    1.986963    2.001734
 1065.5750    1.986275    1.988804    1.994652    2.008472    2.009281
 1067.9091    1.992332    2.009153    2.010172    2.029303    2.018908
 1070.0570    2.011147    2.030600    2.029465    2.045010    2.031973
 1072.0179    2.031973    2.047548    2.048868    2.055761    2.047548
 1074.3800    2.052347    2.061075    2.070002    2.065655    2.069336
 1076.5540    2.065393    2.069223    2.084612    2.075035    2.089764
 1079.1350    2.080879    2.083252    2.096632    2.090822    2.110590
 1081.3290    2.100130    2.103291    2.106701    2.109646    2.124275
 1083.3311    2.118330    2.123526    2.119520    2.129400    2.134113
 1085.5410    2.132004    2.141167    2.138966    2.150848    2.143982
 1087.5590    2.139847    2.151983    2.159176    2.167612    2.154575
 1089.7870    2.157669    2.163073    2.179409    2.182072    2.169909
 1091.6169    2.178488    2.176121    2.192455    2.191534    2.186363
 1093.6570    2.196093    2.195982    2.203142    2.202188    2.207285
 1095.7050    2.205908    2.217537    2.213703    2.215691    2.228888
 1097.7610    2.220343    2.235756    2.228350    2.233986    2.249762
 1099.6169    2.240250    2.248440    2.246965    2.254475    2.266914
 1101.2729    2.258038    2.259617    2.267124    2.274643    2.280920
 1102.9330    2.273903    2.274481    2.288876    2.295193    2.294598
 1104.5990    2.289276    2.295017    2.310205    2.315151    2.309246
 1106.0610    2.304276    2.316830    2.327787    2.331772    2.323809
 1107.5260    2.322922    2.339869    2.344490    2.347837    2.340544
 1108.9950    2.346313    2.361671    2.361160    2.363932    2.359608
 1110.2581    2.368250    2.378616    2.376249    2.378307    2.377562
 1111.5229    2.388510    2.393995    2.392557    2.393593    2.396425
 1113.0031    2.406864    2.411064    2.413082    2.412695    2.418650
 1114.4871    2.420155    2.428247    2.434378    2.432810    2.440058
 1115.9750    2.432232    2.445698    2.454830    2.453043    2.459679
 1117.6801    2.447407    2.464191    2.475046    2.474785    2.479000
 1119.6050    2.463280    2.480179    2.491613    2.495502    2.496405
 1122.3970    2.481672    2.493694    2.505327    2.516178    2.515278
 1124.5540    2.504335    2.505341    2.514149    2.526314    2.527617
 1126.0690    2.525213    2.519394    2.523617    2.532907    2.536875
 1127.8051    2.545839    2.541616    2.539591    2.542614    2.549286
 1129.3290    2.556713    2.562780    2.557590    2.554598    2.562056
 1131.0750    2.565092    2.583527    2.580172    2.572884    2.578846
 1132.8270    2.579899    2.597816    2.601582    2.594934    2.597267
 1134.3640    2.601854    2.606791    2.617640    2.615402    2.614126
 1135.6851    2.623135    2.615139    2.629236    2.632366    2.628716
 1137.2300    2.643858    2.629400    2.641247    2.650249    2.645599
 1138.7800    2.657963    2.649773    2.653530    2.665581    2.662220
 1140.1110    2.668610    2.670340    2.665806    2.677040    2.676245
 1141.4449    2.682966    2.690744    2.680553    2.687832    2.690258
 1143.0060    2.706402    2.711166    2.700869    2.701153    2.706871
 1144.3470    2.728500    2.725225    2.720078    2.714539    2.721521
 1145.9160    2.750107    2.739882    2.742952    2.733471    2.739391
 1147.4890    2.765646    2.756987    2.764767    2.755989    2.758314
 1148.8409    2.778650    2.775902    2.782049    2.777252    2.775238
 1150.1960    2.796415    2.798292    2.798326    2.799051    2.794418
 1151.5540    2.819155    2.821501    2.814568    2.820156    2.813440
 1152.9150    2.841986    2.842571    2.832016    2.839748    2.833460
 1154.2800    2.860237    2.860237    2.851620    2.857700    2.853996
 1155.6479    2.874981    2.875761    2.873558    2.874657    2.874805
 1157.0190    2.892439    2.892429    2.897034    2.891899    2.895649
 1158.3929    2.916712    2.913210    2.920609    2.910923    2.916433
 1159.5410    2.939579    2.933857    2.939354    2.928934    2.933750
 1160.6910    2.960209    2.955847    2.956879    2.949053    2.951250
 1161.8430    2.976694    2.976891    2.973475    2.970922    2.969671
 1162.9980    2.991665    2.995512    2.990046    2.993700    2.989124
 1164.1550    3.009960    3.012077    3.007833    3.016323    3.009493
 1165.3140    3.033504    3.028694    3.027840    3.037825    3.031126
 1166.2430    3.054001    3.043873    3.045713    3.053961    3.049334
 1167.4060    3.077332    3.066624    3.069889    3.073095    3.072212
 1168.3390    3.092861    3.087355    3.089870    3.088066    3.090786
 1169.2729    3.107244    3.108904    3.109545    3.103291    3.109140
 1170.2080    3.123394    3.129658    3.128302    3.119751    3.127136
 1171.3790    3.148603    3.153053    3.150356    3.142639    3.149620
 1172.3180    3.171347    3.170086    3.167406    3.163012    3.167259
 1173.2581    3.193375    3.187155    3.184917    3.185259    3.185713
 1174.2000    3.213173    3.206043    3.203876    3.208549    3.204880
 1175.1429    3.231928    3.227758    3.225101    3.232107    3.225334
 1176.0880    3.252222    3.251930    3.248758    3.255466    3.247581
 1177.0341    3.275404    3.277037    3.274136    3.277929    3.271029
 1177.9821    3.300335    3.301399    3.300030    3.299660    3.296335
 1178.9310    3.324858    3.324406    3.325413    3.321329    3.321951
 1179.8820    3.348480    3.346823    3.349743    3.343449    3.348383
 1180.8350    3.372911    3.370310    3.373188    3.367207    3.374271
 1181.7889    3.399656    3.396181    3.396757    3.393225    3.399967
 1182.5050    3.420765    3.417206    3.415474    3.414070    3.419029
 1183.2230    3.441727    3.439079    3.435463    3.436258    3.438400
 1183.9410    3.462038    3.461153    3.457048    3.459030    3.457685
 1184.6600    3.482288    3.483059    3.480036    3.482445    3.478350
 1185.3800    3.503832    3.504866    3.503994    3.505829    3.499481
 1186.1010    3.527630    3.527166    3.528481    3.529289    3.522457
 1186.8220    3.553349    3.550619    3.552912    3.552681    3.546654
 1187.5450    3.579453    3.575638    3.577354    3.576307    3.572174
 1188.2679    3.604572    3.602060    3.601713    3.600580    3.599283
 1188.9930    3.628798    3.629196    3.626781    3.625765    3.626627
 1189.7180    3.653811    3.656300    3.652798    3.652449    3.655254
 1190.4440    3.681295    3.683146    3.680490    3.680363    3.683479
 1191.1710    3.711386    3.710218    3.709702    3.709923    3.712372
 1191.6560    3.732161    3.728922    3.730030    3.729942    3.731831
 1192.1420    3.752901    3.748537    3.750654    3.750616    3.751032
 1192.6281    3.773376    3.769266    3.771734    3.771603    3.770838
 1193.1140    3.793797    3.791080    3.792965    3.792511    3.791487
 1193.6010    3.814653    3.813835    3.814274    3.813894    3.812284
 1194.0880    3.836456    3.837133    3.835995    3.835691    3.833612
 1194.5760    3.859409    3.860697    3.857971    3.857561    3.856323
 1195.0640    3.883314    3.884251    3.880579    3.880173    3.879898
 1195.5520    3.907713    3.907820    3.904190    3.903763    3.903790
 1196.0410    3.932230    3.931616    3.928661    3.927925    3.928806
 1196.5300    3.956913    3.956020    3.954397    3.953218    3.955105
 1197.0190    3.982222    3.981470    3.981306    3.979944    3.981638
 1197.5090    4.008770    4.008175    4.008984    4.007406    4.008472
 1198.0000    4.036949    4.036270    4.037666    4.035789    4.036549
 1198.4900    4.066475    4.065468    4.066772    4.065468    4.065281
 1198.9821    4.096737    4.095484    4.096249    4.095552    4.094017
 1199.4730    4.127266    4.126034    4.126390    4.126066    4.123755
 1199.9650    4.158001    4.157154    4.156973    4.157669    4.155092
 1200.4570    4.189602    4.189096    4.188591    4.189772    4.187155
 1200.9500    4.222794    4.222300    4.221649    4.222431    4.220186
 1201.4430    4.257990    4.257198    4.256117    4.256813    4.255417
 1201.9370    4.294842    4.293892    4.292566    4.292610    4.292500
 1202.4310    4.332783    4.332336    4.330799    4.329702    4.330515
 1202.9250    4.371696    4.372084    4.370457    4.369198    4.370327
 1203.1730    4.391640    4.392380    4.390970    4.389803    4.391148
 1203.4200    4.412073    4.412964    4.411888    4.410761    4.412443
 1203.6680    4.433081    4.433819    4.433081    4.432039    4.433977
 1203.9150    4.454723    4.455029    4.454540    4.453716    4.455652
 1204.1630    4.476992    4.476658    4.476353    4.475975    4.477570
 1204.4110    4.499851    4.498821    4.498682    4.498875    4.499949
 1204.6591    4.523239    4.521584    4.521622    4.522339    4.523005
 1204.9070    4.547049    4.544998    4.545097    4.546173    4.546764
 1205.1550    4.571266    4.569128    4.569094    4.570297    4.571091
 1205.4030    4.595894    4.594049    4.593674    4.594856    4.595804
 1205.6520    4.621010    4.619719    4.619020    4.620064    4.620853
 1205.9000    4.646757    4.646070    4.645266    4.646090    4.646404
 1206.1490    4.673260    4.673086    4.672384    4.672928    4.672745
 1206.3970    4.700651    4.700798    4.700262    4.700453    4.700167
 1206.6460    4.728987    4.729197    4.728832    4.728598    4.728727
 1206.8950    4.758261    4.758261    4.758184    4.757502    4.758245
 1207.1440    4.788437    4.788048    4.788437    4.787439    4.788486
 1207.3929    4.819458    4.818701    4.819616    4.818609    4.819359
 1207.6420    4.851307    4.850395    4.851643    4.851013    4.851038
 1207.8920    4.884058    4.883224    4.884478    4.884445    4.883871
 1208.1410    4.917835    4.917233    4.918261    4.918743    4.918177
 1208.3910    4.952812    4.952492    4.953218    4.953972    4.954029
 1208.6400    4.989147    4.989111    4.989521    4.990446    4.991209
 1208.8900    5.026941    5.027145    5.027187    5.028490    5.029385
 1209.1400    5.066288    5.066549    5.066288    5.068150    5.068483
 1209.3900    5.107141    5.107380    5.106937    5.109274    5.108665
 1209.6400    5.149527    5.149712    5.149466    5.151676    5.150450
 1209.8900    5.193569    5.193764    5.194071    5.195429    5.194403
 1210.1400    5.239525    5.239725    5.240749    5.240948    5.240824
 1210.3900    5.287622    5.287868    5.289343    5.288897    5.289700
 1210.6410    5.338177    5.338516    5.339949    5.339729    5.340820
 1210.8910    5.391394    5.391888    5.392996    5.393522    5.394171
 1211.1420    5.447514    5.448133    5.449093    5.450127    5.450018
 1211.3929    5.506802    5.507450    5.508692    5.509552    5.508961
 1211.6429    5.569620    5.570286    5.571918    5.572151    5.571640
 1211.8940    5.636387    5.637270    5.638889    5.638618    5.638550
 1212.1450    5.707766    5.708973    5.710041    5.709745    5.710142
 1212.3970    5.784603    5.785835    5.786297    5.786283    5.787035
 1212.6479    5.867773    5.868521    5.868891    5.869190    5.870352
 1212.8990    5.958162    5.958330    5.959274    5.959904    5.961729
 1213.1510    6.057056    6.057323    6.059223    6.060358    6.062807
 1213.4020    6.166815    6.168144    6.170790    6.172340    6.174757
 1213.6541    6.291214    6.293629    6.296007    6.297060    6.298111
 1213.9060    6.434792    6.436735    6.436958    6.436005    6.434776
 1214.1580    6.730015    6.729513    6.727282    6.724972    6.722996
 1214.4091    7.591921    7.591621    7.591143    7.590887    7.590809
 1214.6620    8.505962    8.506031    8.506113    8.506248    8.506397
 1214.9139    9.188366    9.188450    9.188507    9.188620    9.188675
 1215.1660    9.651375    9.651394    9.651413    9.651443    9.651453
 1215.4180    9.919746    9.919737    9.919722    9.919704    9.919695
 1215.6710   10.007620   10.007576   10.007576   10.007534   10.007492
 1215.9240    9.919403    9.919388    9.919371    9.919355    9.919346
 1216.1760    9.650667    9.650686    9.650705    9.650724    9.650745
 1216.4290    9.187294    9.187380    9.187464    9.187550    9.187634
 1216.6820    8.504662    8.504770    8.504879    8.505014    8.505203
 1216.9351    7.592476    7.592333    7.592010    7.591778    7.591909
 1217.1880    6.746166    6.745699    6.744167    6.742678    6.740938
 1217.4420    6.463610    6.464622    6.465546    6.467415    6.464668
 1217.6949    6.324570    6.325966    6.328705    6.333971    6.331650
 1217.9480    6.203739    6.204744    6.207474    6.213093    6.211281
 1218.2020    6.097466    6.097950    6.100199    6.103085    6.102262
 1218.4561    6.002253    6.002253    6.004580    6.003374    6.004322
 1218.7090    5.914898    5.914730    5.917805    5.913103    5.916481
 1218.9630    5.833637    5.833828    5.837589    5.831472    5.836742
 1219.2170    5.758146    5.759153    5.762409    5.757563    5.762985
 1219.4709    5.688803    5.690701    5.691532    5.690241    5.693542
 1219.7250    5.625446    5.627888    5.624828    5.628010    5.627510
 1219.9800    5.566826    5.569292    5.562567    5.569199    5.564487
 1220.2340    5.511162    5.513245    5.505028    5.512403    5.504375
 1220.4890    5.457170    5.458563    5.452017    5.456898    5.447050
 1220.7430    5.404732    5.404987    5.402639    5.402657    5.392521
 1220.9980    5.354761    5.352974    5.355566    5.350073    5.340939
 1221.2531    5.308287    5.303370    5.309608    5.299616    5.292700
 1221.5081    5.265526    5.256935    5.264133    5.251492    5.248121
 1221.7629    5.225439    5.214048    5.219086    5.205854    5.207338
 1222.0179    5.186335    5.174379    5.174757    5.162922    5.169910
 1222.2729    5.146778    5.137100    5.131554    5.123133    5.135006
 1222.5291    5.106224    5.101162    5.089941    5.086823    5.101679
 1222.7841    5.065319    5.065542    5.050495    5.053923    5.069262
 1223.0400    5.025429    5.029709    5.013931    5.023911    5.037386
 1223.2950    4.988054    4.993326    4.980654    4.995876    5.006039
 1223.5510    4.954113    4.956755    4.950613    4.968851    4.975336
 1223.8070    4.923487    4.920780    4.923384    4.942232    4.945202
 1224.0630    4.895090    4.886518    4.898346    4.915689    4.915483
 1224.3190    4.867373    4.855022    4.874853    4.889067    4.886011
 1224.5750    4.839001    4.826956    4.852280    4.862221    4.856802
 1224.8320    4.809338    4.802542    4.829998    4.835043    4.828163
 1225.0880    4.778687    4.781519    4.807461    4.807589    4.800600
 1225.3450    4.748203    4.763151    4.784325    4.780209    4.774649
 1225.6010    4.719555    4.746361    4.760580    4.753498    4.750624
 1225.8580    4.694412    4.730022    4.736525    4.728119    4.728598
 1226.1150    4.673832    4.713213    4.712557    4.704563    4.708464
 1226.3719    4.657896    4.695358    4.689096    4.683119    4.690117
 1226.6290    4.645658    4.676228    4.666594    4.663879    4.673510
 1226.8860    4.635525    4.655916    4.645550    4.646942    4.658661
 1227.1440    4.625725    4.634930    4.626535    4.632357    4.645500
 1227.4010    4.614803    4.614054    4.609968    4.620052    4.633772
 1227.9160    4.586813    4.576330    4.584455    4.600821    4.612804
 1228.4320    4.553020    4.548832    4.567261    4.584761    4.592333
 1228.9480    4.522835    4.533428    4.554865    4.568108    4.570601
 1229.4640    4.505136    4.525990    4.542664    4.548586    4.546295
 1229.9810    4.500168    4.519630    4.526352    4.523825    4.517473
 1230.4980    4.499577    4.507883    4.503532    4.492746    4.483330
 1231.0160    4.493193    4.486700    4.472668    4.455925    4.444389
 1231.2750    4.485537    4.472069    4.454098    4.435431    4.423180
 1231.5341    4.474245    4.454678    4.433561    4.413551    4.400728
 1231.7939    4.459181    4.434633    4.411198    4.390335    4.377014
 1232.0530    4.440342    4.412125    4.387123    4.366013    4.352144
 1232.3120    4.417887    4.387390    4.361483    4.340782    4.326357
 1232.5720    4.392063    4.360668    4.334475    4.314816    4.299877
 1232.8320    4.363180    4.332176    4.306339    4.288160    4.272909
 1233.0909    4.331610    4.302223    4.277380    4.260834    4.245487
 1233.3510    4.297739    4.271097    4.247826    4.232895    4.217669
 1233.6110    4.262047    4.239075    4.217800    4.204500    4.189491
 1233.8710    4.225077    4.206394    4.187521    4.175888    4.161068
 1234.1320    4.187380    4.173332    4.157124    4.147243    4.132708
 1234.3920    4.149681    4.140194    4.126942    4.118629    4.104692
 1234.6530    4.112638    4.107311    4.097084    4.090012    4.077187
 1234.9130    4.076967    4.074890    4.067629    4.061453    4.050224
 1235.1740    4.043243    4.043243    4.038620    4.033022    4.023787
 1235.4351    4.011909    4.012627    4.010088    4.005009    3.997801
 1235.6949    3.983149    3.983364    3.982222    3.977655    3.972273
 1235.9561    3.956942    3.955563    3.955130    3.951031    3.947361
 1236.2180    3.932985    3.929291    3.928852    3.925116    3.923239
 1236.4790    3.910831    3.904564    3.903339    3.899858    3.899984
 1236.7400    3.889969    3.881350    3.878586    3.875317    3.877499
 1237.0020    3.869894    3.859505    3.854670    3.851667    3.855568
 1237.2629    3.850218    3.838760    3.831722    3.829111    3.834002
 1237.5250    3.830692    3.818832    3.809795    3.807684    3.812727
 1237.7870    3.811207    3.799500    3.788805    3.787249    3.791845
 1238.0480    3.791803    3.780569    3.768639    3.767578    3.771507
 1238.5730    3.753721    3.743048    3.730669    3.730120    3.732611
 1239.0970    3.717287    3.705402    3.695787    3.695421    3.695105
 1239.6219    3.682352    3.667994    3.662729    3.662598    3.658413
 1240.1479    3.647558    3.631525    3.630600    3.629858    3.623838
 1240.6730    3.611458    3.597059    3.598988    3.597422    3.591743
 1241.2000    3.573822    3.564642    3.566933    3.565399    3.560982
 1241.7271    3.535952    3.533899    3.534750    3.532869    3.531876
 1242.2540    3.499811    3.503614    3.502932    3.500826    3.505327
 1242.7820    3.466572    3.472902    3.471643    3.470572    3.480093
 1243.3101    3.435701    3.441412    3.442104    3.441586    3.454876
 1243.8380    3.405586    3.409679    3.414522    3.414505    3.430365
 1244.3669    3.374968    3.379070    3.388723    3.390369    3.406439
 1244.8970    3.344097    3.350790    3.364925    3.367840    3.381475
 1245.4270    3.314690    3.325905    3.341949    3.346216    3.355642
 1245.9570    3.288652    3.303886    3.319189    3.325886    3.330374
 1246.4880    3.266491    3.283844    3.296446    3.305330    3.305286
 1247.0190    3.246893    3.263990    3.272909    3.283663    3.279873
 1247.5510    3.227604    3.243261    3.249174    3.261881    3.255852
 1248.0830    3.207069    3.221153    3.225851    3.239599    3.234240
 1248.6160    3.185457    3.198299    3.203278    3.216589    3.213917
 1249.1490    3.164560    3.176149    3.182785    3.194708    3.195068
 1249.6820    3.146469    3.156034    3.164560    3.174467    3.178833
 1250.4840    3.125872    3.131651    3.141325    3.146872    3.156853
 1251.2860    3.108362    3.112740    3.121559    3.125286    3.135260
 1252.0890    3.087427    3.094610    3.102228    3.106598    3.114344
 1252.8929    3.063145    3.073536    3.080879    3.090117    3.090506
 1253.6990    3.041670    3.049490    3.057362    3.071625    3.066252
 1254.5050    3.026247    3.026083    3.032860    3.051113    3.040918
 1255.3120    3.012415    3.007620    3.010809    3.027309    3.017117
 1256.1210    2.994040    2.994577    2.992779    3.002899    2.997116
 1256.9301    2.971392    2.983456    2.979876    2.979465    2.980412
 1257.7410    2.951241    2.970030    2.969481    2.959738    2.969151
 1258.8230    2.935246    2.945375    2.955048    2.940023    2.956600
 1259.6360    2.925529    2.925043    2.940861    2.929461    2.948593
 1260.7220    2.904240    2.903198    2.916828    2.915342    2.933355
 1261.8090    2.878752    2.889805    2.891811    2.898413    2.913797
 1262.8990    2.863958    2.877579    2.871677    2.876091    2.888634
 1263.9900    2.855743    2.858189    2.857803    2.851711    2.863054
 1265.0830    2.838541    2.832304    2.846052    2.831203    2.840294
 1266.1780    2.814388    2.809021    2.830557    2.817341    2.823128
 1267.2750    2.798574    2.795525    2.808609    2.810743    2.811831
 1268.3740    2.790447    2.788656    2.783232    2.806662    2.801691
 1269.4740    2.774620    2.779316    2.761620    2.798740    2.790644
 1270.5770    2.750299    2.763098    2.749203    2.784674    2.774027
 1271.6810    2.734425    2.744402    2.744535    2.764072    2.753452
 1272.7880    2.731823    2.731016    2.740828    2.740561    2.730030
 1273.8960    2.725561    2.724850    2.731701    2.720177    2.708267
 1275.2841    2.700384    2.717304    2.710329    2.703075    2.689096
 1276.6760    2.682127    2.698318    2.686279    2.694044    2.679373
 1277.7910    2.681133    2.677160    2.673822    2.687555    2.676163
 1279.1870    2.670700    2.656673    2.669680    2.673849    2.671562
 1280.3070    2.648174    2.649792    2.669586    2.656549    2.663069
 1281.4290    2.629696    2.645618    2.665028    2.636106    2.650881
 1282.8330    2.624952    2.631809    2.647696    2.612942    2.631525
 1283.9590    2.619345    2.612116    2.627100    2.600624    2.616947
 1285.0870    2.601646    2.592699    2.606939    2.595011    2.607487
 1286.5000    2.581608    2.582506    2.591032    2.594349    2.603209
 1290.4720    2.568882    2.580023    2.569736    2.575743    2.605898
 1291.8960    2.546543    2.560230    2.548021    2.561947    2.594393
 1293.3240    2.544266    2.546665    2.525873    2.552267    2.574345
 1294.4690    2.545914    2.545307    2.516272    2.549591    2.554308
 1295.9020    2.529648    2.545826    2.518106    2.551462    2.530443
 1297.0510    2.507046    2.537933    2.525640    2.553518    2.515873
 1298.4900    2.492243    2.514879    2.531492    2.550755    2.504539
 1299.6440    2.494474    2.494072    2.527798    2.541754    2.500908
 1301.3781    2.491613    2.479042    2.509136    2.517750    2.497593
 1302.8270    2.475191    2.481142    2.492075    2.493124    2.490997
 1304.2791    2.467163    2.479431    2.484755    2.471703    2.478235
 1306.0260    2.476223    2.459770    2.490437    2.457474    2.456289
 1307.7770    2.472492    2.438589    2.496944    2.454876    2.433641
 1309.5330    2.450033    2.443153    2.487844    2.454052    2.419361
 1311.0000    2.441412    2.460867    2.466185    2.447189    2.417555
 1312.1760    2.444233    2.469984    2.444326    2.435987    2.422459
 1313.6490    2.441853    2.465025    2.420450    2.416840    2.432825
 1315.1250    2.420368    2.446102    2.408087    2.397558    2.442871
 1316.3080    2.398600    2.431669    2.406693    2.387211    2.448490
 1320.1689    2.408579    2.437132    2.405159    2.407356    2.445122
 1321.9590    2.401711    2.430204    2.389715    2.428928    2.439381
 1323.4540    2.384926    2.406796    2.375664    2.440863    2.437639
 1324.6520    2.383547    2.383421    2.369532    2.444044    2.439617
 1326.1530    2.401539    2.362030    2.372618    2.440327    2.445215
 1328.2600    2.417904    2.360329    2.393084    2.428394    2.454037
 1330.0720    2.397661    2.370569    2.412512    2.421768    2.456001
 1331.8879    2.376978    2.370754    2.422541    2.424343    2.448118
 1334.0140    2.382557    2.357477    2.420254    2.434952    2.425159
 1335.5360    2.380808    2.352453    2.414722    2.440231    2.402039
 1337.0620    2.358259    2.360613    2.411888    2.438147    2.377378
 1338.2850    2.334373    2.375645    2.413719    2.429543    2.359266
 1339.8180    2.320021    2.397001    2.420368    2.410135    2.342522
 1341.0460    2.327276    2.409630    2.426365    2.389574    2.334835
 1342.2760    2.341574    2.415024    2.429672    2.367729    2.331751
 1343.5090    2.350616    2.413334    2.427502    2.347565    2.332136
 1345.3621    2.346842    2.404320    2.410946    2.326683    2.333609
 1346.9110    2.342718    2.400038    2.385910    2.320002    2.331144
 1348.1520    2.351372    2.402348    2.361935    2.320229    2.324900
 1349.3960    2.371067    2.408409    2.338816    2.322281    2.313826
 1350.6420    2.393452    2.414038    2.320810    2.323315    2.298985
 1352.2020    2.411081    2.413099    2.309502    2.319981    2.277540
 1354.0800    2.408308    2.392750    2.311117    2.306854    2.254837
 1355.3340    2.397697    2.368399    2.316284    2.293760    2.246893
 1356.2770    2.390671    2.347446    2.319252    2.283188    2.246893
 1357.2200    2.387604    2.327318    2.319897    2.273558    2.252586
 1358.4810    2.390953    2.306940    2.315508    2.264511    2.268789
 1359.7440    2.398600    2.298088    2.305115    2.262831    2.293142
 1360.6920    2.402210    2.299070    2.294510    2.267313    2.315004
 1361.6420    2.400227    2.304426    2.283121    2.277197    2.338356
 1362.5930    2.390564    2.311308    2.273211    2.291569    2.361746
 1363.5460    2.373114    2.316956    2.267031    2.309801    2.384335
 1364.5000    2.349937    2.319273    2.266703    2.330313    2.404936
 1365.4550    2.325228    2.317331    2.273441    2.352163    2.423361
 1366.4120    2.304468    2.311415    2.287489    2.373960    2.439001
 1367.3700    2.292589    2.303022    2.307838    2.395029    2.451986
 1368.3290    2.291702    2.294598    2.332600    2.414557    2.462442
 1369.2889    2.300009    2.289232    2.359816    2.432295    2.470543
 1370.2510    2.312727    2.289768    2.387266    2.448042    2.476992
 1371.2150    2.324509    2.298088    2.413317    2.461859    2.482059
 1372.1790    2.331408    2.314562    2.436768    2.473969    2.486629
 1373.1450    2.331852    2.337917    2.457064    2.484627    2.491180
 1374.1130    2.326950    2.365826    2.473925    2.494293    2.496405
 1375.0811    2.320250    2.395641    2.487633    2.503300    2.502918
 1376.0520    2.316767    2.425028    2.498573    2.512177    2.510920
 1377.0229    2.321432    2.452263    2.507532    2.521191    2.520916
 1377.9960    2.337099    2.476383    2.515383    2.530802    2.532665
 1378.9700    2.363367    2.497026    2.523031    2.541142    2.546259
 1379.6200    2.385212    2.508907    2.528389    2.548597    2.556158
 1380.2710    2.408968    2.519461    2.534243    2.556459    2.566521
 1380.9230    2.433353    2.528852    2.540743    2.564737    2.577332
 1381.5750    2.457216    2.537315    2.548021    2.573486    2.588440
 1382.2280    2.479675    2.545109    2.556122    2.582586    2.599600
 1382.8810    2.500181    2.552486    2.565067    2.591988    2.610703
 1383.8621    2.526676    2.563339    2.579988    2.606607    2.627079
 1384.8450    2.548082    2.574587    2.596376    2.621447    2.642544
 1386.1570    2.570147    2.591221    2.619709    2.641176    2.661291
 1387.4720    2.587576    2.610468    2.643473    2.659964    2.677105
 1388.7889    2.603859    2.632397    2.666256    2.677059    2.689585
 1390.1080    2.621996    2.656338    2.686815    2.691656    2.698231
 1391.4310    2.643896    2.680962    2.704124    2.702990    2.702948
 1392.7550    2.669939    2.704546    2.717346    2.710506    2.703514
 1393.7510    2.691425    2.720415    2.724178    2.713289    2.701214
 1394.7469    2.713373    2.733831    2.728127    2.713465    2.696531
 1395.7450    2.734327    2.744059    2.728987    2.710743    2.689539
 1397.0780    2.758003    2.751625    2.725079    2.702568    2.676510
 1398.7480    2.775793    2.749575    2.711596    2.684656    2.654455
 1400.0870    2.777143    2.737679    2.693640    2.663965    2.632195
 1401.4280    2.765043    2.716112    2.669075    2.637609    2.605789
 1402.4360    2.746603    2.693499    2.646246    2.614126    2.583357
 1403.4449    2.720078    2.665422    2.619637    2.587521    2.558588
 1404.1190    2.697987    2.643749    2.599796    2.568062    2.540792
 1404.7930    2.672531    2.619772    2.578272    2.547270    2.522039
 1405.4680    2.643837    2.593607    2.555119    2.525135    2.502249
 1406.1429    2.612095    2.565329    2.530315    2.501730    2.481400
 1406.8190    2.577515    2.535067    2.503941    2.477165    2.459589
 1407.4960    2.540304    2.502945    2.476034    2.451403    2.436815
 1408.1730    2.500689    2.469086    2.446630    2.424490    2.412981
 1408.5120    2.480049    2.451555    2.431396    2.410643    2.400694
 1408.8521    2.458879    2.433659    2.415825    2.396547    2.388172
 1409.1910    2.437212    2.415375    2.399899    2.382196    2.375444
 1409.5300    2.415073    2.396757    2.383654    2.367580    2.362482
 1409.8700    2.392450    2.377834    2.367094    2.352741    2.349258
 1410.2100    2.369419    2.358601    2.350229    2.337660    2.335798
 1410.5500    2.345982    2.339054    2.333084    2.322405    2.322075
 1410.8900    2.322115    2.319252    2.315655    2.306940    2.308117
 1411.2300    2.297848    2.299181    2.297956    2.291281    2.293959
 1411.5699    2.273233    2.278868    2.280008    2.275404    2.279598
 1411.9110    2.248243    2.258326    2.261833    2.259308    2.265055
 1412.2520    2.222872    2.237568    2.243435    2.243038    2.250273
 1412.5930    2.197170    2.216589    2.224817    2.226625    2.235250
 1412.9340    2.171171    2.195457    2.206043    2.210077    2.220003
 1413.2750    2.144793    2.174089    2.187040    2.193403    2.204554
 1413.6169    2.118099    2.152563    2.167908    2.176554    2.188929
 1413.9580    2.091139    2.130880    2.148634    2.159567    2.173128
 1414.3000    2.063896    2.109005    2.129238    2.142483    2.157185
 1414.6420    2.036310    2.087000    2.109713    2.125254    2.141073
 1414.9840    2.008558    2.064833    2.090117    2.107990    2.124733
 1415.3260    1.980589    2.042498    2.070408    2.090647    2.108227
 1415.6689    1.952356    2.020029    2.050611    2.073242    2.091526
 1416.0110    1.924006    1.997408    2.030802    2.055683    2.074743
 1416.3540    1.895617    1.974663    2.010979    2.038103    2.057817
 1416.6970    1.867043    1.951765    1.991093    2.020403    2.040840
 1417.0400    1.838434    1.928734    1.971188    2.002728    2.023705
 1417.3831    1.810003    1.905569    1.951256    1.985027    2.006424
 1417.7271    1.781548    1.882309    1.931347    1.967291    1.989023
 1418.0699    1.752947    1.858915    1.911461    1.949469    1.971502
 1418.4139    1.724554    1.835411    1.891609    1.931591    1.953943
 1418.7581    1.695351    1.811796    1.871748    1.913666    1.936363
 1419.1021    1.663597    1.788126    1.851906    1.895754    1.918774
 1419.4460    1.631311    1.764378    1.832094    1.877855    1.901121
 1419.7910    1.604637    1.740568    1.812346    1.859961    1.883400
 1420.1350    1.584625    1.716688    1.792645    1.841997    1.865583
 1420.4800    1.563707    1.692820    1.772974    1.823969    1.847752
 1420.8250    1.536596    1.668962    1.753300    1.805887    1.829941
 1421.1700    1.508839    1.645138    1.733654    1.787828    1.812225
 1421.5150    1.488396    1.621323    1.714052    1.769791    1.794571
 1421.8610    1.473473    1.597618    1.694517    1.751780    1.776970
 1422.2061    1.455500    1.574020    1.674999    1.733704    1.759327
 1422.5520    1.429800    1.550608    1.655474    1.715561    1.741680
 1422.8979    1.397697    1.527308    1.635925    1.697317    1.724047
 1423.2440    1.363726    1.504213    1.616402    1.679092    1.706547
 1423.5900    1.333588    1.481358    1.596905    1.660885    1.689201
 1423.9370    1.311945    1.458818    1.577457    1.642731    1.672043
 1424.2830    1.298788    1.436529    1.557953    1.624529    1.654955
 1424.6300    1.290480    1.414522    1.538435    1.606241    1.637920
 1424.9771    1.282690    1.392855    1.518856    1.587835    1.620874
 1425.3240    1.271679    1.371586    1.499315    1.569408    1.603912
 1425.6710    1.254402    1.350674    1.479805    1.551010    1.587093
 1426.0190    1.230040    1.330109    1.460297    1.532703    1.570532
 1426.3660    1.199564    1.309864    1.440704    1.514376    1.554174
 1426.7140    1.164650    1.290056    1.421093    1.495974    1.537970
 1427.0620    1.127428    1.270609    1.401453    1.477440    1.521765
 1427.4100    1.091314    1.251516    1.381908    1.458864    1.505571
 1427.7581    1.059032    1.232666    1.362370    1.440327    1.489424
 1428.1071    1.031893    1.214155    1.342857    1.421949    1.473457
 1428.4561    1.010386    1.195955    1.323252    1.403601    1.457731
 1429.1530    0.981365    1.160168    1.284204    1.366777    1.426901
 1429.8521    0.956676    1.124992    1.245611    1.329784    1.396078
 1430.5510    0.923492    1.090223    1.207150    1.293495    1.365320
 1430.9010    0.901224    1.072802    1.188084    1.275518    1.350248
 1431.2510    0.875425    1.055264    1.169205    1.257414    1.335398
 1431.6010    0.846287    1.037825    1.150572    1.239325    1.320644
 1431.9510    0.814127    1.020155    1.132004    1.221310    1.305759
 1432.3020    0.780748    1.002296    1.113543    1.203604    1.290770
 1432.6520    0.747030    0.984150    1.095169    1.186165    1.275610
 1433.0031    0.713751    0.965950    1.077150    1.168999    1.260572
 1433.3540    0.682028    0.947477    1.059412    1.151768    1.245735
 1433.7050    0.653454    0.928764    1.041945    1.134560    1.231138
 1434.0570    0.627499    0.909582    1.024487    1.117371    1.216536
 1434.4080    0.604366    0.890247    1.007193    1.100613    1.201807
 1434.7600    0.584185    0.870632    0.990143    1.084219    1.186758
 1435.4640    0.549629    0.830397    0.957151    1.052271    1.156338
 1435.8160    0.533632    0.809803    0.940964    1.036310    1.141388
 1436.1689    0.517881    0.788975    0.924713    1.020319    1.126585
 1436.5210    0.501415    0.768127    0.908726    1.004707    1.111900
 1436.8740    0.483301    0.746805    0.892962    0.989565    1.096910
 1437.2271    0.464638    0.725283    0.877642    0.974936    1.081600
 1437.5800    0.444483    0.703506    0.862333    0.960361    1.065952
 1437.9330    0.422722    0.681910    0.847078    0.945778    1.050381
 1438.2870    0.399778    0.660002    0.831665    0.931015    1.034948
 1438.6400    0.376886    0.637949    0.816545    0.916550    1.019905
 1438.9940    0.352819    0.615635    0.801588    0.902460    1.004881
 1439.3480    0.328686    0.593718    0.786900    0.888977    0.989632
 1439.7020    0.305115    0.571791    0.771933    0.875582    0.973866
 1440.0570    0.282463    0.549971    0.756857    0.862131    0.957848
 1440.4110    0.259283    0.527925    0.741570    0.848288    0.941725
 1440.7660    0.237343    0.506464    0.726589    0.834547    0.926039
 1441.1210    0.215929    0.485296    0.711596    0.821041    0.910656
 1441.4760    0.194181    0.464594    0.696619    0.808170    0.895544
 1441.8311    0.171141    0.443592    0.681078    0.795401    0.880070
 1442.1860    0.148418    0.423147    0.665375    0.782545    0.864208
 1442.5420    0.123526    0.403051    0.649462    0.769068    0.847826
 1442.8970    0.096249    0.383743    0.633862    0.755447    0.831589
 1443.2531    0.066475    0.364101    0.617996    0.741852    0.815678
 1443.6090    0.035269    0.344786    0.601887    0.728865    0.800497
 1443.9659   -0.000513    0.325619    0.585020    0.716021    0.785473
 1444.3220   -0.038651    0.307474    0.568108    0.703110    0.770380
 1444.6790   -0.078772    0.289076    0.551071    0.689388    0.754570
 1445.0350   -0.120239    0.270819    0.534330    0.675274    0.738447
 1445.3920   -0.164848    0.252247    0.517025    0.660904    0.722214
 1445.7490   -0.206873    0.234745    0.499302    0.647110    0.706760
 1446.1071   -0.247076    0.217089    0.480812    0.633518    0.691948
 1446.4640   -0.284147    0.199480    0.462578    0.620001    0.677780
 1446.8220   -0.317422    0.181044    0.444294    0.605553    0.663239
 1447.1801   -0.340549    0.163401    0.426250    0.590464    0.648243
 1447.8960   -0.371131    0.128141    0.387978    0.559679    0.616947
 1448.6130   -0.376647    0.090611    0.348948    0.530354    0.588249
 1449.3300   -0.376678    0.053616    0.310608    0.498669    0.561674
 1449.6890   -0.376110    0.033705    0.290346    0.481485    0.547369
 1450.0490   -0.377558    0.013638    0.270050    0.464743    0.532576
 1450.4080   -0.385462   -0.007062    0.249590    0.448397    0.517487
 1451.1281   -0.407712   -0.047721    0.210773    0.416374    0.490520
 1451.4880   -0.426792   -0.069336    0.191172    0.399086    0.478580
 1451.8480   -0.451586   -0.092288    0.170349    0.380465    0.466141
 1452.2080   -0.476436   -0.113701    0.150143    0.362123    0.452997
 1452.5680   -0.508961   -0.136142    0.130302    0.344275    0.438541
 1452.9290   -0.543831   -0.158916    0.111900    0.327665    0.424196
 1453.2900   -0.580573   -0.183885    0.092756    0.310545    0.410423
 1453.6510   -0.615503   -0.207188    0.073389    0.292654    0.398426
 1454.0120   -0.656690   -0.230866    0.053040    0.273001    0.386980
 1454.3740   -0.692141   -0.254020    0.034267    0.253387    0.375645
 1454.7350   -0.725888   -0.280171    0.016155    0.234289    0.362652
 1455.0970   -0.756565   -0.304921   -0.000704    0.217062    0.348694
 1455.4590   -0.790083   -0.329550   -0.019093    0.199810    0.333931
 1455.8210   -0.811718   -0.352001   -0.037518    0.182100    0.320478
 1456.1830   -0.836063   -0.377724   -0.056421    0.162146    0.308201
 1456.5460   -0.859335   -0.402711   -0.072820    0.141951    0.297455
 1456.9080   -0.884522   -0.427954   -0.088906    0.122019    0.285961
 1457.2710   -0.901321   -0.448977   -0.104340    0.104692    0.273325
 1457.6340   -0.930591   -0.472550   -0.122116    0.087994    0.258446
 1457.9980   -0.958015   -0.495788   -0.139309    0.071367    0.243361
 1458.3610   -0.988641   -0.520713   -0.156294    0.052116    0.228683
 1458.7240   -1.017593   -0.539900   -0.170253    0.032135    0.216351
 1459.0880   -1.063566   -0.560242   -0.184987    0.011909    0.204853
 1459.4520   -1.098286   -0.579747   -0.199964   -0.005068    0.193598
 1459.8160   -1.137367   -0.603156   -0.217721   -0.020652    0.179867
 1460.1801   -1.174405   -0.620585   -0.233766   -0.035227    0.164473
 1460.5450   -1.219661   -0.637706   -0.249075   -0.052767    0.147459
 1461.2740   -1.262712   -0.673254   -0.276470   -0.091665    0.118032
 1462.0050   -1.282288   -0.705137   -0.310567   -0.122519    0.094086
 1462.3700   -1.262211   -0.715343   -0.325718   -0.134653    0.080086
 1463.1010   -1.239758   -0.748289   -0.352901   -0.166929    0.044382
 1463.8330   -1.194628   -0.771882   -0.387322   -0.202732    0.011909
 1464.5660   -1.165967   -0.800327   -0.420776   -0.226229   -0.013277
 1465.3000   -1.148754   -0.827047   -0.449919   -0.254066   -0.047232
 1465.6670   -1.153261   -0.839051   -0.470057   -0.273355   -0.068415
 1466.4010   -1.156163   -0.872830   -0.508709   -0.303679   -0.104097
 1467.1370   -1.179608   -0.896436   -0.538547   -0.322813   -0.129579
 1467.8730   -1.212561   -0.928375   -0.579384   -0.355295   -0.165306
 1468.2410   -1.226828   -0.944584   -0.599220   -0.373024   -0.187374
 1468.6100   -1.246073   -0.959912   -0.617947   -0.388393   -0.209490
 1469.3470   -1.291426   -0.987585   -0.649984   -0.405872   -0.238892
 1469.7159   -1.298207   -1.007278   -0.670684   -0.417141   -0.249784
 1470.0850   -1.318279   -1.028728   -0.696782   -0.436436   -0.265808
 1470.4550   -1.332968   -1.034380   -0.714826   -0.455820   -0.285854
 1470.8240   -1.354980   -1.051870   -0.731563   -0.474023   -0.311144
 1471.1940   -1.352461   -1.071261   -0.743980   -0.483372   -0.333258
 1471.5640   -1.375027   -1.099316   -0.766420   -0.492090   -0.351279
 1471.9340   -1.384208   -1.106671   -0.789200   -0.501566   -0.361231
 1472.3051   -1.397116   -1.119524   -0.814798   -0.520784   -0.371519
 1472.6750   -1.395245   -1.133695   -0.827981   -0.542057   -0.383997
 1473.0460   -1.421854   -1.166597   -0.842301   -0.564092   -0.405607
 1473.4170   -1.423210   -1.179372   -0.855239   -0.575608   -0.429842
 1473.7880   -1.436341   -1.189613   -0.881437   -0.584393   -0.454817
 1474.1591   -1.443649   -1.193373   -0.903646   -0.591607   -0.469788
 1474.5310   -1.472061   -1.224695   -0.924964   -0.610020   -0.479006
 1474.9030   -1.466928   -1.244125   -0.931147   -0.632663   -0.483068
 1475.2740   -1.486449   -1.257542   -0.944049   -0.659180   -0.494700
 1476.0190   -1.512932   -1.271679   -0.986826   -0.683652   -0.539659
 1476.3910   -1.500148   -1.293325   -1.003860   -0.688013   -0.562519
 1476.7640   -1.520597   -1.315352   -1.017430   -0.704279   -0.579252
 1477.1360   -1.514775   -1.300926   -1.017227   -0.726860   -0.582196
 1477.5090   -1.514278   -1.307964   -1.031559   -0.757683   -0.584526
 1478.2560   -1.508596   -1.356765   -1.075664   -0.787866   -0.607584
 1478.6300   -1.485917   -1.345313   -1.083330   -0.788586   -0.630672
 1479.0031   -1.480644   -1.338585   -1.088917   -0.800985   -0.656316
 1479.3770   -1.468151   -1.340075   -1.086128   -0.821281   -0.667379
 1479.7510   -1.473919   -1.379364   -1.104849   -0.855394   -0.669667
 1480.1260   -1.450481   -1.381889   -1.122370   -0.878703   -0.663280
 1480.5000   -1.455733   -1.369735   -1.144529   -0.892892   -0.667259
 1481.2500   -1.451672   -1.383461   -1.143054   -0.896401   -0.706903
 1481.6250   -1.435535   -1.403568   -1.143350   -0.911580   -0.729344
 1482.0000   -1.450825   -1.401461   -1.168380   -0.947037   -0.744413
 1482.3750   -1.443649   -1.364144   -1.184051   -0.974571   -0.739929
 1483.1270   -1.436982   -1.410788   -1.186733   -0.985942   -0.730253
 1483.5031   -1.451574   -1.433740   -1.190568   -0.985270   -0.745428
 1483.8790   -1.437017   -1.389212   -1.197959   -0.991869   -0.767894
 1484.2560   -1.441795   -1.377621   -1.228244   -1.025272   -0.796016
 1484.6320   -1.438135   -1.402557   -1.238042   -1.055754   -0.806125
 1485.0090   -1.447466   -1.455250   -1.243319   -1.080295   -0.804571
 1485.3860   -1.430708   -1.423440   -1.228898   -1.071743   -0.790216
 1485.7629   -1.441339   -1.383756   -1.240173   -1.064030   -0.788239
 1486.5179   -1.440824   -1.454075   -1.286140   -1.087470   -0.825446
 1486.8960   -1.428664   -1.459257   -1.286165   -1.118238   -0.850258
 1487.2740   -1.443733   -1.402744   -1.285528   -1.149483   -0.867644
 1487.6520   -1.433940   -1.361101   -1.274447   -1.142770   -0.859775
 1490.6840   -1.444168   -1.708986   -1.342657   -1.163062   -0.904377
 1493.7280   -1.443143   -1.708986   -1.394124   -1.223532   -0.972120
 1496.7850   -1.442902   -1.708986   -1.432315   -1.274154   -1.041479
 1499.8540   -1.437029   -2.124228   -1.449650   -1.314608   -1.109372
     17.00  747    5   6000.00  10000.00  15000.00  20000.00  25000.00
  700.1550    0.125774    0.027838   -0.032162   -0.079205   -0.114317
  703.5220    0.140224    0.051460   -0.016478   -0.064669   -0.097237
  707.6060    0.158392    0.065542    0.000954   -0.045334   -0.076134
  711.7370    0.177479    0.085077    0.018742   -0.025640   -0.055443
  715.9170    0.193653    0.104420    0.037148   -0.006855   -0.035067
  720.1460    0.213013    0.123426    0.056639    0.012077   -0.014721
  724.4260    0.229988    0.141575    0.074890    0.032377    0.006166
  728.7570    0.249590    0.161068    0.094786    0.054001    0.027554
  733.1390    0.269676    0.182072    0.112940    0.076641    0.048248
  736.8320    0.286209    0.198603    0.133890    0.095448    0.064833
  741.3130    0.306404    0.217827    0.153997    0.116840    0.085184
  745.8480    0.325413    0.237192    0.175077    0.137259    0.106192
  750.4400    0.345098    0.256645    0.197226    0.158121    0.127979
  754.3090    0.362312    0.274227    0.216297    0.175831    0.149220
  759.0060    0.383024    0.296204    0.238798    0.197308    0.173420
  763.7610    0.402725    0.318960    0.260334    0.219322    0.192150
  766.1610    0.413317    0.330435    0.270935    0.230423    0.214209
  771.0070    0.436941    0.352163    0.292610    0.253193    0.217300
  775.0920    0.455683    0.370161    0.311012    0.273903    0.242741
  778.3920    0.467844    0.384926    0.325762    0.291235    0.263897
  782.5560    0.489578    0.404457    0.344315    0.310778    0.284950
  786.7640    0.506950    0.427858    0.363630    0.329885    0.303066
  791.0190    0.526339    0.441820    0.384514    0.347546    0.321785
  795.3190    0.546333    0.463654    0.405893    0.367598    0.341335
  799.6670    0.566555    0.483559    0.426577    0.380518    0.361595
  803.1790    0.582926    0.499054    0.443138    0.407000    0.378508
  806.7230    0.598999    0.515358    0.460236    0.427519    0.395483
  811.1960    0.619177    0.536356    0.481155    0.442684    0.416224
  815.7200    0.638979    0.557604    0.500923    0.462309    0.436863
  820.2940    0.659403    0.579647    0.520943    0.485224    0.458607
  824.9200    0.681032    0.602278    0.542589    0.507626    0.481873
  829.5980    0.702913    0.624004    0.565599    0.529610    0.505949
  833.3790    0.720127    0.641068    0.586250    0.548069    0.525200
  838.1540    0.741680    0.663664    0.609488    0.572617    0.549334
  842.0130    0.758669    0.681992    0.628889    0.592653    0.569162
  845.9080    0.777063    0.699265    0.642138    0.612572    0.589548
  849.8400    0.797400    0.716904    0.663532    0.632528    0.610384
  853.8080    0.815451    0.736244    0.685724    0.652874    0.631678
  857.8130    0.832361    0.756416    0.706068    0.673887    0.653202
  861.8560    0.851124    0.776243    0.726263    0.695280    0.674953
  865.9380    0.870754    0.796810    0.747171    0.716946    0.696959
  870.0580    0.889463    0.817558    0.768497    0.738876    0.719183
  874.2180    0.909138    0.839050    0.789770    0.760860    0.741869
  878.4170    0.928257    0.858736    0.811348    0.783274    0.765057
  882.6570    0.947817    0.878637    0.833210    0.806105    0.788113
  886.9390    0.968267    0.901840    0.855646    0.829330    0.810482
  891.2620    0.988987    0.918764    0.878241    0.852510    0.832445
  895.6270    1.009706    0.945286    0.900805    0.874998    0.854452
  900.0350    1.030560    0.966597    0.923420    0.896999    0.876806
  904.4870    1.051924    0.987103    0.946201    0.919376    0.899553
  908.9830    1.073498    1.009918    0.969048    0.942217    0.923834
  913.5250    1.094610    1.032982    0.991354    0.964972    0.948458
  918.1110    1.115944    1.055607    1.013847    0.987947    0.971642
  922.7440    1.137608    1.078421    1.036509    1.011951    0.994114
  927.4240    1.159899    1.100716    1.059374    1.035469    1.016657
  932.1520    1.181587    1.123035    1.083288    1.059488    1.043913
  935.7300    1.198603    1.139942    1.101542    1.078783    1.071035
  940.5430    1.221075    1.162086    1.124407    1.100613    1.077585
  942.9680    1.231979    1.173420    1.136246    1.111195    1.107922
  945.4050    1.241871    1.185089    1.148911    1.125189    1.128431
  949.0860    1.259260    1.202271    1.167288    1.151033    1.141073
  952.4840    1.270771    1.216984    1.181273    1.170437    1.161398
  955.5950    1.284904    1.230679    1.195402    1.178890    1.182072
  957.4720    1.294268    1.239975    1.207176    1.199509    1.195871
  959.0410    1.301529    1.248022    1.219296    1.223158    1.209568
  961.0890    1.310205    1.258518    1.236032    1.248121    1.231394
  962.1950    1.314604    1.264156    1.245562    1.268976    1.245266
  962.5120    1.315802    1.265831    1.248121    1.233631    1.250494
  962.6700    1.316410    1.266607    1.249271    1.185627    1.252901
  962.8280    1.316998    1.267454    1.250639    1.135927    1.254814
  962.9870    1.317583    1.268345    1.252150    1.113676    1.256310
  963.1450    1.318188    1.269232    1.253653    1.137037    1.257847
  963.3040    1.318752    1.270073    1.254959    1.192009    1.259832
  963.4630    1.319355    1.270935    1.256165    1.248634    1.262381
  963.6210    1.319960    1.271841    1.257439    1.286030    1.265100
  964.2560    1.322405    1.275610    1.263376    1.265266    1.272886
  965.3700    1.327175    1.283052    1.274111    1.287935    1.288406
  966.3270    1.331892    1.290413    1.284792    1.308287    1.302656
  967.7650    1.340048    1.303455    1.303541    1.324488    1.323603
  969.0470    1.347973    1.316851    1.322550    1.333488    1.343979
  970.3330    1.356159    1.331285    1.342798    1.351892    1.365150
  971.4600    1.363537    1.344116    1.359835    1.373041    1.383402
  972.7520    1.372452    1.358524    1.378307    1.395605    1.404184
  974.2100    1.383312    1.373905    1.395222    1.413618    1.426186
  975.6720    1.394505    1.388367    1.410288    1.430479    1.446552
  977.3010    1.406097    1.403652    1.426495    1.449617    1.468643
  979.1000    1.416857    1.419443    1.446398    1.470499    1.489664
  980.9060    1.425730    1.433193    1.467461    1.486912    1.508652
  983.7090    1.438194    1.447174    1.486204    1.505856    1.529303
  987.1940    1.458744    1.458698    1.490225    1.520720    1.544043
  990.0340    1.479431    1.477730    1.496279    1.525421    1.549934
  990.3690    1.481628    1.480553    1.457382    1.526352    1.550644
  991.0400    1.485792    1.486601    1.489861    1.527229    1.551121
  992.0480    1.491613    1.495808    1.512604    1.529520    1.552315
  994.5770    1.505449    1.516733    1.523396    1.537958    1.555735
  996.6100    1.515371    1.531147    1.544291    1.547676    1.560684
  999.3330    1.526571    1.549665    1.565126    1.567673    1.572975
 1001.5570    1.539942    1.560553    1.581562    1.588909    1.589481
 1003.6180    1.557819    1.564962    1.595451    1.609295    1.608761
 1005.6880    1.576180    1.570356    1.607649    1.627018    1.628880
 1007.9400    1.589502    1.587128    1.615961    1.641880    1.649412
 1009.8540    1.596992    1.607187    1.619083    1.651318    1.664642
 1012.3000    1.611044    1.627550    1.627018    1.659679    1.679619
 1014.9330    1.631596    1.646532    1.643887    1.665159    1.690603
 1017.2270    1.651123    1.667116    1.663607    1.670803    1.697229
 1019.1760    1.667910    1.676327    1.684898    1.679583    1.701586
 1020.9540    1.680119    1.679991    1.705051    1.692204    1.706581
 1023.0960    1.689539    1.700729    1.725037    1.712566    1.714941
 1024.7090    1.696199    1.720837    1.736141    1.730167    1.724489
 1025.0680    1.698162    1.694736    1.738068    1.734039    1.726809
 1025.2480    1.699230    1.667480    1.739098    1.736078    1.728062
 1025.7870    1.702879    1.687609    1.741899    1.742159    1.732483
 1025.9670    1.704245    1.712700    1.742710    1.744051    1.733974
 1026.5070    1.708786    1.735088    1.745363    1.749945    1.738344
 1028.4910    1.728994    1.745911    1.753483    1.769997    1.758057
 1030.3020    1.744864    1.766212    1.760595    1.785749    1.777718
 1032.1200    1.754211    1.770367    1.769739    1.798203    1.798161
 1034.1260    1.762873    1.779985    1.784781    1.808622    1.818502
 1036.1400    1.773567    1.790010    1.804890    1.816818    1.835691
 1038.1620    1.785898    1.801773    1.826548    1.824673    1.848478
 1040.3770    1.805372    1.818569    1.847425    1.835907    1.858524
 1042.4160    1.825186    1.840006    1.861982    1.850616    1.865465
 1044.6490    1.838396    1.859577    1.873058    1.871473    1.873251
 1046.7050    1.846825    1.872284    1.880213    1.892567    1.883259
 1048.9570    1.864683    1.880756    1.887909    1.913729    1.898144
 1051.2180    1.885971    1.887669    1.899891    1.929853    1.917385
 1053.4890    1.903225    1.902884    1.918266    1.940187    1.939129
 1055.5800    1.914089    1.923414    1.938179    1.946270    1.958296
 1057.6780    1.921391    1.944399    1.956518    1.952394    1.975046
 1059.9780    1.943336    1.962418    1.971275    1.962725    1.989004
 1061.5160    1.963463    1.970133    1.978075    1.972744    1.995829
 1062.4800    1.943396    1.973835    1.981701    1.980322    1.999252
 1063.2520    1.972773    1.976671    1.984545    1.987000    2.001734
 1065.5750    1.986315    1.988857    1.994692    2.008472    2.009323
 1067.9091    1.992439    2.009195    2.010216    2.029303    2.018950
 1070.0570    2.011190    2.030600    2.029465    2.044971    2.032015
 1072.0179    2.031973    2.047508    2.048868    2.055721    2.047586
 1074.3800    2.052347    2.061075    2.070002    2.065655    2.069336
 1076.5540    2.065393    2.069262    2.084612    2.075073    2.089729
 1079.1350    2.080915    2.083323    2.096666    2.090893    2.110590
 1081.3290    2.100164    2.103325    2.106735    2.109680    2.124243
 1083.3311    2.118330    2.123526    2.119585    2.129433    2.134113
 1085.5410    2.132004    2.141136    2.138996    2.150848    2.144014
 1087.5590    2.139910    2.151983    2.159176    2.167612    2.154636
 1089.7870    2.157728    2.163101    2.179379    2.182043    2.169968
 1091.6169    2.178488    2.176178    2.192455    2.191563    2.186420
 1093.6570    2.196066    2.196011    2.203142    2.202215    2.207312
 1095.7050    2.205935    2.217537    2.213757    2.215744    2.228914
 1097.7610    2.220423    2.235756    2.228426    2.234035    2.249784
 1099.6169    2.240274    2.248465    2.247040    2.254524    2.266937
 1101.2729    2.258062    2.259689    2.267172    2.274689    2.280920
 1102.9330    2.273928    2.274574    2.288897    2.295216    2.294643
 1104.5990    2.289343    2.295105    2.310226    2.315151    2.309290
 1106.0610    2.304340    2.316893    2.327808    2.331772    2.323872
 1107.5260    2.323004    2.339888    2.344511    2.347857    2.340622
 1108.9950    2.346354    2.361671    2.361198    2.363970    2.359665
 1110.2581    2.368250    2.378597    2.376286    2.378344    2.377598
 1111.5229    2.388474    2.393978    2.392574    2.393610    2.396461
 1113.0031    2.406813    2.411064    2.413099    2.412712    2.418633
 1114.4871    2.420120    2.428247    2.434361    2.432810    2.440027
 1115.9750    2.432215    2.445667    2.454800    2.453028    2.459633
 1117.6801    2.447392    2.464146    2.474974    2.474741    2.478941
 1119.6050    2.463266    2.480122    2.491543    2.495447    2.496349
 1122.3970    2.481730    2.493710    2.505312    2.516125    2.515251
 1124.5540    2.504389    2.505407    2.514202    2.526300    2.527617
 1126.0690    2.525213    2.519474    2.523682    2.532932    2.536886
 1127.8051    2.545790    2.541655    2.539654    2.542664    2.549311
 1129.3290    2.556688    2.562769    2.557640    2.554670    2.562090
 1131.0750    2.565151    2.583471    2.580172    2.572952    2.578880
 1132.8270    2.580000    2.597794    2.601561    2.594978    2.597300
 1134.3640    2.601919    2.606812    2.617619    2.615414    2.614147
 1135.6851    2.623125    2.615202    2.629215    2.632357    2.628727
 1137.2300    2.643818    2.629492    2.641256    2.650221    2.645599
 1138.7800    2.657963    2.649841    2.653570    2.665562    2.662230
 1140.1110    2.668665    2.670366    2.665873    2.677032    2.676264
 1141.4449    2.683056    2.690727    2.680616    2.687859    2.690275
 1143.0060    2.706453    2.711140    2.700928    2.701206    2.706898
 1144.3470    2.728493    2.725218    2.720118    2.714607    2.721556
 1145.9160    2.750069    2.739920    2.742970    2.733551    2.739429
 1147.4890    2.765661    2.757069    2.764774    2.756050    2.758360
 1148.8409    2.778723    2.775974    2.782049    2.777296    2.775297
 1150.1960    2.796497    2.798340    2.798347    2.799072    2.794447
 1151.5540    2.819195    2.821507    2.814608    2.820156    2.813480
 1152.9150    2.841967    2.842552    2.832075    2.839748    2.833498
 1154.2800    2.860218    2.860224    2.851686    2.857706    2.854033
 1155.6479    2.875032    2.875795    2.873617    2.874680    2.874842
 1157.0190    2.892551    2.892506    2.897066    2.891956    2.895676
 1158.3929    2.916790    2.913300    2.920624    2.910997    2.916460
 1159.5410    2.939594    2.933922    2.939360    2.929020    2.933790
 1160.6910    2.960190    2.955870    2.956894    2.949137    2.951303
 1161.8430    2.976704    2.976887    2.973507    2.970987    2.969732
 1162.9980    2.991745    2.995512    2.990103    2.993740    2.989183
 1164.1550    3.010088    3.012119    3.007919    3.016323    3.009537
 1165.3140    3.033585    3.028774    3.027962    3.037825    3.031206
 1166.2430    3.054039    3.043991    3.045792    3.053961    3.049412
 1167.4060    3.077332    3.066736    3.069927    3.073132    3.072250
 1168.3390    3.092896    3.087427    3.089905    3.088137    3.090822
 1169.2729    3.107346    3.108936    3.109579    3.103359    3.109173
 1170.2080    3.123526    3.129658    3.128334    3.119850    3.127171
 1171.3790    3.148726    3.153053    3.150389    3.142765    3.149651
 1172.3180    3.171404    3.170145    3.167465    3.163132    3.167347
 1173.2581    3.193403    3.187267    3.185032    3.185345    3.185797
 1174.2000    3.213226    3.206179    3.204012    3.208630    3.204988
 1175.1429    3.232029    3.227886    3.225258    3.232157    3.225439
 1176.0880    3.252342    3.252028    3.248905    3.255514    3.247704
 1177.0341    3.275518    3.277105    3.274227    3.277975    3.271168
 1177.9821    3.300421    3.301464    3.300095    3.299725    3.296446
 1178.9310    3.324940    3.324488    3.325474    3.321411    3.322054
 1179.8820    3.348577    3.346920    3.349802    3.343567    3.348442
 1180.8350    3.373041    3.370440    3.373260    3.367355    3.374346
 1181.7889    3.399776    3.396339    3.396879    3.393383    3.400055
 1182.5050    3.420862    3.417355    3.415625    3.414221    3.419113
 1183.2230    3.441820    3.439207    3.435638    3.436401    3.438496
 1183.9410    3.462143    3.461273    3.457232    3.459181    3.457821
 1184.6600    3.482445    3.483173    3.480194    3.482574    3.478508
 1185.3800    3.504023    3.505014    3.504145    3.505951    3.499660
 1186.1010    3.527822    3.527334    3.528622    3.529404    3.522654
 1186.8220    3.553507    3.550802    3.553045    3.552814    3.546850
 1187.5450    3.579578    3.575823    3.577492    3.576456    3.572384
 1188.2679    3.604691    3.602234    3.601875    3.600756    3.599468
 1188.9930    3.628971    3.629349    3.626966    3.625971    3.626823
 1189.7180    3.654032    3.656452    3.653009    3.652662    3.655416
 1190.4440    3.681540    3.683317    3.680716    3.680590    3.683659
 1191.1710    3.711605    3.710430    3.709923    3.710125    3.712549
 1191.6560    3.732361    3.729164    3.730249    3.730160    3.732008
 1192.1420    3.753084    3.748800    3.750870    3.750832    3.751232
 1192.6281    3.773575    3.769539    3.771948    3.771809    3.771065
 1193.1140    3.794022    3.791353    3.793182    3.792734    3.791719
 1193.6010    3.814913    3.814087    3.814501    3.814127    3.812538
 1194.0880    3.836729    3.837379    3.836235    3.835926    3.833899
 1194.5760    3.859692    3.860931    3.858236    3.857821    3.856613
 1195.0640    3.883587    3.884489    3.880871    3.880459    3.880184
 1195.5520    3.907976    3.908072    3.904499    3.904066    3.904104
 1196.0410    3.932505    3.931894    3.928995    3.928253    3.929132
 1196.5300    3.957214    3.956337    3.954739    3.953571    3.955408
 1197.0190    3.982555    3.981810    3.981642    3.980289    3.981941
 1197.5090    4.009153    4.008558    4.009323    4.007748    4.008812
 1198.0000    4.037308    4.036629    4.037983    4.036190    4.036869
 1198.4900    4.066811    4.065842    4.067108    4.065842    4.065617
 1198.9821    4.097084    4.095831    4.096598    4.095901    4.094366
 1199.4730    4.127623    4.126390    4.126747    4.126455    4.124146
 1199.9650    4.158392    4.157547    4.157366    4.158031    4.155487
 1200.4570    4.190023    4.189518    4.189013    4.190163    4.187605
 1200.9500    4.223263    4.222742    4.222118    4.222898    4.220657
 1201.4430    4.258469    4.257679    4.256598    4.257294    4.255924
 1201.9370    4.295303    4.294399    4.293076    4.293119    4.293009
 1202.4310    4.333265    4.332842    4.331326    4.330252    4.331043
 1202.9250    4.372211    4.372581    4.370995    4.369755    4.370884
 1203.1730    4.392187    4.392891    4.391518    4.390369    4.391712
 1203.4200    4.412645    4.413485    4.412426    4.411333    4.412998
 1203.6680    4.433674    4.434378    4.433641    4.432617    4.434521
 1203.9150    4.455317    4.455591    4.455105    4.454311    4.456215
 1204.1630    4.477598    4.477251    4.476948    4.476585    4.478163
 1204.4110    4.500469    4.499439    4.499302    4.499508    4.500566
 1204.6591    4.523849    4.522223    4.522249    4.522966    4.523643
 1204.9070    4.547676    4.545666    4.545752    4.546803    4.547405
 1205.1550    4.571907    4.569818    4.569771    4.570951    4.571743
 1205.4030    4.596554    4.594757    4.594381    4.595541    4.596466
 1205.6520    4.621696    4.620428    4.619761    4.620771    4.621550
 1205.9000    4.647470    4.646795    4.646021    4.646826    4.647139
 1206.1490    4.674007    4.673822    4.673149    4.673676    4.673527
 1206.3970    4.701422    4.701551    4.701033    4.701221    4.700981
 1206.6460    4.729773    4.729958    4.729618    4.729401    4.729546
 1206.8950    4.759064    4.759048    4.758995    4.758345    4.759071
 1207.1440    4.789257    4.788860    4.789263    4.788309    4.789320
 1207.3929    4.820286    4.819550    4.820457    4.819504    4.820221
 1207.6420    4.852163    4.851276    4.852499    4.851912    4.851944
 1207.8920    4.884937    4.884138    4.885366    4.885349    4.884819
 1208.1410    4.918749    4.918171    4.919182    4.919668    4.919157
 1208.3910    4.953764    4.953455    4.954180    4.954931    4.955009
 1208.6400    4.990129    4.990099    4.990513    4.991444    4.992178
 1208.8900    5.027962    5.028164    5.028206    5.029507    5.030357
 1209.1400    5.067295    5.067593    5.067331    5.069187    5.069483
 1209.3900    5.108158    5.108429    5.108025    5.110321    5.109715
 1209.6400    5.150602    5.150787    5.150602    5.152746    5.151585
 1209.8900    5.194681    5.194874    5.195208    5.196535    5.195595
 1210.1400    5.240650    5.240873    5.241896    5.242119    5.242044
 1210.3900    5.288786    5.289053    5.290503    5.290123    5.290901
 1210.6410    5.339373    5.339729    5.341158    5.340979    5.342028
 1210.8910    5.392609    5.393120    5.394241    5.394768    5.395397
 1211.1420    5.448738    5.449387    5.450357    5.451372    5.451279
 1211.3929    5.508045    5.508718    5.509954    5.510786    5.510250
 1211.6429    5.570869    5.571558    5.573174    5.573406    5.572952
 1211.8940    5.637640    5.638529    5.640123    5.639894    5.639875
 1212.1450    5.709007    5.710211    5.711275    5.711021    5.711445
 1212.3970    5.785799    5.787014    5.787518    5.787539    5.788309
 1212.6479    5.868879    5.869637    5.870064    5.870386    5.871578
 1212.8990    5.959137    5.959362    5.960339    5.960995    5.962824
 1213.1510    6.057856    6.058197    6.060055    6.061188    6.063633
 1213.4020    6.167316    6.168674    6.171259    6.172779    6.175076
 1213.6541    6.291191    6.293562    6.295830    6.296818    6.297804
 1213.9060    6.433867    6.435717    6.435892    6.434952    6.433786
 1214.1580    6.615551    6.614960    6.612211    6.609425    6.607069
 1214.4091    6.978445    6.977375    6.975643    6.974815    6.974663
 1214.6620    7.607712    7.608248    7.608932    7.610031    7.611172
 1214.9139    8.212799    8.213411    8.214102    8.214897    8.215557
 1215.1660    8.651510    8.651705    8.651928    8.652140    8.652275
 1215.4180    8.910255    8.910139    8.910011    8.909872    8.909721
 1215.6710    8.994493    8.994259    8.994013    8.993744    8.993507
 1215.9240    8.906906    8.906776    8.906626    8.906469    8.906330
 1216.1760    8.644745    8.644932    8.645119    8.645304    8.645491
 1216.4290    8.202787    8.203442    8.204147    8.204933    8.205692
 1216.6820    7.596817    7.597618    7.598473    7.599567    7.601082
 1216.9351    6.978285    6.977810    6.976671    6.975910    6.976580
 1217.1880    6.633064    6.632580    6.630795    6.629105    6.627089
 1217.4420    6.459770    6.460793    6.461708    6.463564    6.460972
 1217.6949    6.322075    6.323458    6.326111    6.331184    6.328970
 1217.9480    6.202106    6.203114    6.205826    6.211227    6.209541
 1218.2020    6.096388    6.096910    6.099163    6.101988    6.101231
 1218.4561    6.001518    6.001560    6.003891    6.002813    6.003805
 1218.7090    5.914444    5.914328    5.917374    5.912930    5.916212
 1218.9630    5.833447    5.833683    5.837349    5.831537    5.836622
 1219.2170    5.758192    5.759207    5.762348    5.757746    5.762957
 1219.4709    5.688997    5.690861    5.691656    5.690453    5.693623
 1219.7250    5.625683    5.628061    5.625128    5.628195    5.627693
 1219.9800    5.567038    5.569445    5.562994    5.569351    5.564796
 1220.2340    5.511362    5.513390    5.505516    5.512577    5.504797
 1220.4890    5.457413    5.458759    5.452492    5.457140    5.447592
 1220.7430    5.405073    5.405294    5.403051    5.403000    5.393171
 1220.9980    5.355221    5.353436    5.355892    5.350559    5.341692
 1221.2531    5.308800    5.303951    5.309906    5.300226    5.293495
 1221.5081    5.265972    5.257607    5.264463    5.252197    5.248955
 1221.7629    5.225775    5.214710    5.219479    5.206636    5.208118
 1222.0179    5.186588    5.174990    5.175280    5.163788    5.170555
 1222.2729    5.146996    5.137608    5.132164    5.124016    5.135546
 1222.5291    5.106565    5.101542    5.090645    5.087675    5.102125
 1222.7841    5.065804    5.065916    5.051346    5.054689    5.069593
 1223.0400    5.026083    5.030033    5.014856    5.024567    5.037704
 1223.2950    4.988813    4.993740    4.981546    4.996359    5.006338
 1223.5510    4.954893    4.957291    4.951435    4.969212    4.975624
 1223.8070    4.924187    4.921473    4.924099    4.942493    4.945488
 1224.0630    4.895649    4.887358    4.898933    4.915890    4.915779
 1224.3190    4.867809    4.855949    4.875305    4.889240    4.886339
 1224.5750    4.839378    4.827906    4.852602    4.862389    4.857187
 1224.8320    4.809755    4.803436    4.830223    4.835239    4.828621
 1225.0880    4.779243    4.782286    4.807610    4.807854    4.801144
 1225.3450    4.748955    4.763735    4.784452    4.780569    4.775238
 1225.6010    4.720490    4.746759    4.760738    4.753965    4.751240
 1225.8580    4.695465    4.730232    4.736738    4.728670    4.729214
 1226.1150    4.674870    4.713297    4.712852    4.705189    4.709049
 1226.3719    4.658794    4.695377    4.689478    4.683767    4.690666
 1226.6290    4.646326    4.676235    4.667061    4.664530    4.674007
 1226.8860    4.635925    4.655993    4.646099    4.647568    4.659088
 1227.1440    4.625877    4.635101    4.627131    4.632912    4.645844
 1227.4010    4.614771    4.614359    4.610565    4.620522    4.633993
 1227.9160    4.586723    4.576870    4.584930    4.601006    4.612795
 1228.4320    4.553190    4.549397    4.567474    4.584648    4.592121
 1228.9480    4.523266    4.533747    4.554756    4.567768    4.570251
 1229.4640    4.505529    4.525913    4.542240    4.548058    4.545815
 1229.9810    4.500154    4.519119    4.525719    4.523201    4.516945
 1230.4980    4.499027    4.507072    4.502783    4.492146    4.482830
 1231.0160    4.492216    4.485764    4.471922    4.455393    4.443966
 1231.2750    4.484428    4.471130    4.453379    4.434952    4.422804
 1231.5341    4.473078    4.453777    4.432905    4.413132    4.400400
 1231.7939    4.458004    4.433786    4.410643    4.390017    4.376778
 1232.0530    4.439207    4.411385    4.386660    4.365788    4.352009
 1232.3120    4.416857    4.386766    4.361141    4.340643    4.326336
 1232.5720    4.391165    4.360176    4.334253    4.314774    4.299942
 1232.8320    4.362463    4.331852    4.306253    4.288227    4.273071
 1233.0909    4.331104    4.302071    4.277449    4.261002    4.245760
 1233.3510    4.297476    4.271122    4.248022    4.233173    4.218037
 1233.6110    4.262072    4.239275    4.218168    4.204880    4.189968
 1233.8710    4.225361    4.206772    4.188000    4.176380    4.161667
 1234.1320    4.187943    4.173885    4.157759    4.147831    4.133411
 1234.3920    4.150511    4.140917    4.127687    4.119289    4.105476
 1234.6530    4.113743    4.108192    4.097916    4.090786    4.078058
 1234.9130    4.078276    4.075949    4.068594    4.062319    4.051191
 1235.1740    4.044735    4.044422    4.039652    4.033987    4.024815
 1235.4351    4.013512    4.013973    4.011232    4.006081    3.998861
 1235.6949    3.984833    3.984776    3.983423    3.978806    3.973387
 1235.9561    3.958622    3.957043    3.956394    3.952246    3.948521
 1236.2180    3.934620    3.930807    3.930164    3.926378    3.924435
 1236.4790    3.912392    3.906092    3.904694    3.901165    3.901192
 1236.7400    3.891438    3.882866    3.879972    3.876667    3.878706
 1237.0020    3.871275    3.860979    3.856089    3.853060    3.856771
 1237.2629    3.851528    3.840181    3.833153    3.830519    3.835201
 1237.5250    3.831947    3.820194    3.811226    3.809082    3.813934
 1237.7870    3.812431    3.800814    3.790222    3.788628    3.793064
 1238.0480    3.793007    3.781820    3.770042    3.768927    3.772732
 1238.5730    3.754898    3.744230    3.732023    3.731419    3.733814
 1239.0970    3.718428    3.706564    3.697046    3.696644    3.696287
 1239.6219    3.683416    3.669168    3.663908    3.663719    3.659622
 1240.1479    3.648556    3.632721    3.631697    3.630936    3.625046
 1240.6730    3.612444    3.598244    3.600025    3.598473    3.592909
 1241.2000    3.574875    3.565788    3.567944    3.566414    3.562115
 1241.7271    3.537088    3.534977    3.535774    3.533913    3.532984
 1242.2540    3.501019    3.504635    3.503967    3.501907    3.506355
 1242.7820    3.467772    3.473896    3.472727    3.471643    3.481026
 1243.3101    3.436846    3.442432    3.443184    3.442669    3.455772
 1243.8380    3.406677    3.410761    3.415590    3.415607    3.431219
 1244.3669    3.376066    3.380211    3.389751    3.391394    3.407221
 1244.8970    3.345257    3.351971    3.365881    3.368771    3.382233
 1245.4270    3.315929    3.327032    3.342836    3.347095    3.356428
 1245.9570    3.289879    3.304943    3.320042    3.326664    3.331163
 1246.4880    3.267641    3.284769    3.297235    3.306061    3.306061
 1247.0190    3.247925    3.264818    3.273695    3.284363    3.280693
 1247.5510    3.228529    3.244030    3.249981    3.262547    3.256718
 1248.0830    3.207932    3.221909    3.226677    3.240274    3.235048
 1248.6160    3.186335    3.199123    3.204121    3.217325    3.214712
 1249.1490    3.165482    3.177017    3.183640    3.195457    3.195845
 1249.6820    3.147398    3.156912    3.165392    3.175194    3.179552
 1250.4840    3.126617    3.132420    3.142014    3.147614    3.157427
 1251.2860    3.108936    3.113342    3.122150    3.125937    3.135736
 1252.0890    3.087923    3.095064    3.102674    3.107109    3.114712
 1252.8929    3.063671    3.073938    3.081276    3.090506    3.090857
 1253.6990    3.042221    3.049915    3.057743    3.071918    3.066624
 1254.5050    3.026655    3.026615    3.033302    3.051346    3.041353
 1255.3120    3.012711    3.008089    3.011274    3.027594    3.017618
 1256.1210    2.994268    2.994949    2.993256    3.003244    2.997578
 1256.9301    2.971735    2.983681    2.980253    2.979876    2.980875
 1257.7410    2.951677    2.970161    2.969738    2.960167    2.969500
 1258.8230    2.935522    2.945547    2.955164    2.940388    2.956837
 1259.6360    2.925636    2.925318    2.940935    2.929710    2.948687
 1260.7220    2.904358    2.903513    2.916964    2.915474    2.933395
 1261.8090    2.879061    2.889990    2.892044    2.898468    2.913803
 1262.8990    2.864202    2.877602    2.871929    2.876200    2.888741
 1263.9900    2.855749    2.858200    2.857965    2.851931    2.863234
 1265.0830    2.838541    2.832464    2.846090    2.831472    2.840538
 1266.1780    2.814587    2.809303    2.830538    2.817612    2.823364
 1267.2750    2.798782    2.795761    2.808636    2.810890    2.811964
 1268.3740    2.790432    2.788727    2.783411    2.806654    2.801746
 1269.4740    2.774576    2.779285    2.761913    2.798651    2.790594
 1270.5770    2.750500    2.763113    2.749458    2.784561    2.773998
 1271.6810    2.734703    2.744543    2.744644    2.764034    2.753460
 1272.7880    2.731855    2.731194    2.740797    2.740662    2.730145
 1273.8960    2.725422    2.724915    2.731606    2.720350    2.708481
 1275.2841    2.700480    2.717205    2.710337    2.703249    2.689327
 1276.6760    2.682344    2.698248    2.686449    2.694105    2.679556
 1277.7910    2.681105    2.677252    2.674034    2.687519    2.676228
 1279.1870    2.670525    2.656864    2.669764    2.673758    2.671515
 1280.3070    2.648243    2.649889    2.669521    2.656521    2.663013
 1281.4290    2.629940    2.645559    2.664858    2.636187    2.650831
 1282.8330    2.624973    2.631708    2.647570    2.613132    2.631586
 1283.9590    2.619207    2.612169    2.627100    2.600853    2.617094
 1285.0870    2.601681    2.592932    2.607090    2.595198    2.607658
 1286.7830    2.580696    2.582949    2.589525    2.594271    2.603653
 1290.7570    2.563646    2.576319    2.565859    2.572941    2.604322
 1292.1820    2.544601    2.556627    2.543224    2.559464    2.590731
 1293.6100    2.545233    2.545776    2.522783    2.551229    2.569351
 1295.0420    2.542028    2.546049    2.515648    2.550131    2.544638
 1296.4760    2.518276    2.542963    2.521856    2.552668    2.522509
 1297.9139    2.495502    2.525213    2.530226    2.552486    2.508221
 1299.0670    2.492746    2.504049    2.530495    2.546888    2.502563
 1300.5100    2.495752    2.483574    2.519644    2.531147    2.499191
 1301.9570    2.485607    2.479288    2.501675    2.508032    2.495419
 1303.4070    2.469969    2.481787    2.487703    2.483759    2.486799
 1305.1520    2.470881    2.471600    2.486275    2.462803    2.468052
 1306.6090    2.477758    2.451311    2.493361    2.455683    2.448288
 1308.3621    2.465532    2.437037    2.495836    2.454906    2.427519
 1310.1190    2.444607    2.450064    2.480207    2.452124    2.417654
 1311.5880    2.442432    2.466482    2.455271    2.442228    2.419807
 1312.7650    2.445044    2.470043    2.433897    2.428719    2.426235
 1314.2390    2.435207    2.458229    2.414154    2.408648    2.437069
 1315.4210    2.414639    2.442024    2.407408    2.394627    2.444576
 1316.9010    2.391800    2.427746    2.407816    2.385464    2.449787
 1320.1689    2.408426    2.436958    2.405090    2.407459    2.445059
 1321.9590    2.401625    2.429947    2.389751    2.428864    2.439396
 1323.4540    2.385141    2.406710    2.375847    2.440689    2.437687
 1324.6520    2.383816    2.383547    2.369791    2.443857    2.439632
 1326.1530    2.401522    2.362331    2.372856    2.440186    2.445183
 1328.2600    2.417555    2.360518    2.393154    2.428377    2.453899
 1330.3740    2.392962    2.371548    2.414873    2.421619    2.455317
 1333.4060    2.379559    2.361633    2.421900    2.431637    2.432953
 1334.9270    2.383654    2.353338    2.416824    2.438574    2.411737
 1336.4510    2.369253    2.355873    2.412411    2.439901    2.387104
 1337.6740    2.346020    2.367636    2.412327    2.434425    2.368046
 1338.8979    2.325865    2.384390    2.415974    2.422523    2.351931
 1340.4310    2.322323    2.403944    2.423443    2.400124    2.338139
 1341.6610    2.334555    2.413065    2.428362    2.378670    2.333023
 1342.8920    2.347214    2.414722    2.429123    2.357267    2.331751
 1344.4351    2.350655    2.408968    2.420979    2.335598    2.333004
 1346.2910    2.343191    2.400917    2.396687    2.321846    2.332762
 1347.5310    2.345688    2.400589    2.374033    2.319918    2.328522
 1348.7740    2.360422    2.405090    2.350132    2.321226    2.319794
 1350.0179    2.382557    2.411434    2.329174    2.323149    2.306896
 1351.5780    2.405842    2.414690    2.312706    2.322136    2.286255
 1353.1400    2.412376    2.405397    2.308949    2.314562    2.265312
 1354.7070    2.403103    2.381224    2.313763    2.300573    2.250395
 1355.9620    2.392696    2.354492    2.318502    2.286882    2.246744
 1356.9060    2.388172    2.333910    2.319960    2.276783    2.250639
 1358.1660    2.389484    2.311415    2.317123    2.266584    2.264322
 1359.4280    2.396601    2.299551    2.308224    2.262901    2.286905
 1360.3760    2.401245    2.298504    2.298285    2.265715    2.307774
 1361.3250    2.401331    2.302568    2.287062    2.273834    2.330778
 1362.2760    2.394346    2.309183    2.276554    2.286749    2.354109
 1363.2280    2.379450    2.315403    2.268976    2.303757    2.377033
 1364.1820    2.357992    2.318897    2.266632    2.323582    2.398270
 1365.1360    2.333467    2.318419    2.270958    2.345020    2.417389
 1366.0930    2.311012    2.313784    2.282644    2.366890    2.433977
 1367.0500    2.295897    2.306082    2.300964    2.388172    2.447779
 1368.0090    2.291391    2.297520    2.324385    2.408257    2.459106
 1368.9690    2.296928    2.290947    2.350887    2.426527    2.467903
 1369.9310    2.308607    2.289343    2.378361    2.442949    2.474901
 1370.8929    2.321060    2.295017    2.404919    2.457352    2.480381
 1371.8580    2.329784    2.308842    2.429235    2.470028    2.485067
 1372.8230    2.332357    2.330029    2.450573    2.481098    2.489620
 1373.7900    2.329073    2.356581    2.468525    2.491110    2.494558
 1374.7581    2.322653    2.385910    2.483246    2.500278    2.500662
 1375.7280    2.317730    2.415524    2.495031    2.509203    2.508125
 1376.6990    2.319397    2.443497    2.504606    2.518120    2.517460
 1377.6710    2.331347    2.468657    2.512737    2.527540    2.528633
 1378.6450    2.354261    2.490408    2.520432    2.537592    2.541616
 1379.2950    2.374529    2.503000    2.525654    2.544825    2.551193
 1379.9460    2.397366    2.514189    2.531261    2.552486    2.561316
 1380.5970    2.421455    2.524136    2.537428    2.560541    2.571884
 1381.2490    2.445557    2.533047    2.544329    2.569057    2.582859
 1381.9010    2.468702    2.541166    2.552023    2.577986    2.593983
 1382.5540    2.490141    2.548746    2.560541    2.587229    2.605089
 1383.5350    2.518265    2.559656    2.574877    2.601637    2.621582
 1384.5170    2.541267    2.570719    2.590786    2.616413    2.637350
 1385.8290    2.564997    2.586823    2.613747    2.636177    2.656626
 1387.1429    2.583324    2.605381    2.637459    2.655216    2.673187
 1388.4590    2.599644    2.626659    2.660534    2.672781    2.686512
 1389.7780    2.617136    2.650143    2.681694    2.688002    2.696095
 1391.1000    2.638010    2.674677    2.699846    2.700167    2.701809
 1392.4240    2.663033    2.698605    2.714104    2.708675    2.703386
 1393.4189    2.684029    2.715042    2.721819    2.712254    2.701880
 1394.4150    2.705881    2.729294    2.726727    2.713322    2.697969
 1395.4130    2.727232    2.740599    2.728613    2.711554    2.691771
 1396.7450    2.752249    2.749929    2.726156    2.704700    2.679800
 1398.4139    2.772915    2.750517    2.714622    2.688519    2.659069
 1399.7520    2.777304    2.740963    2.698292    2.669270    2.637819
 1401.0930    2.768646    2.721851    2.675411    2.644379    2.612497
 1402.1000    2.752916    2.701111    2.653887    2.621965    2.590830
 1403.1080    2.729116    2.674889    2.628572    2.596455    2.566885
 1403.7820    2.708828    2.654427    2.609594    2.577698    2.549616
 1404.4561    2.685106    2.631647    2.588943    2.557615    2.531364
 1405.1300    2.658077    2.606628    2.566650    2.536179    2.512123
 1405.8051    2.627930    2.579453    2.542713    2.513445    2.491823
 1406.4810    2.594833    2.550241    2.517170    2.489494    2.470528
 1407.1570    2.559021    2.519106    2.490086    2.464386    2.448273
 1407.8350    2.520693    2.486176    2.461468    2.438084    2.425013
 1408.1730    2.500662    2.469086    2.446615    2.424505    2.412981
 1408.5120    2.480080    2.451603    2.431412    2.410692    2.400711
 1408.8521    2.458969    2.433754    2.415874    2.396618    2.388226
 1409.1910    2.437370    2.415524    2.400002    2.382288    2.375500
 1409.5300    2.415308    2.396948    2.383780    2.367710    2.362558
 1409.8700    2.392750    2.378071    2.367262    2.352896    2.349356
 1410.2100    2.369791    2.358887    2.350441    2.337858    2.335918
 1410.5500    2.346411    2.339392    2.333326    2.322613    2.322220
 1410.8900    2.322613    2.319626    2.315948    2.307196    2.308287
 1411.2300    2.298439    2.299616    2.298285    2.291546    2.294157
 1411.5699    2.273880    2.279369    2.280373    2.275703    2.279827
 1411.9110    2.248978    2.258877    2.262238    2.259642    2.265289
 1412.2520    2.223679    2.238171    2.243881    2.243410    2.250542
 1412.5930    2.198080    2.217247    2.225334    2.227037    2.235529
 1412.9340    2.172136    2.196148    2.206583    2.210533    2.220318
 1413.2750    2.145849    2.174845    2.187634    2.193876    2.204906
 1413.6169    2.119255    2.153389    2.168556    2.177074    2.189293
 1413.9580    2.092369    2.131746    2.149311    2.160109    2.173536
 1414.3000    2.065207    2.109917    2.129948    2.143045    2.157639
 1414.6420    2.037745    2.087959    2.110489    2.125872    2.141544
 1414.9840    2.010088    2.065842    2.090927    2.108633    2.125221
 1415.3260    1.982222    2.043598    2.071257    2.091351    2.108734
 1415.6689    1.954098    2.021149    2.051538    2.073938    2.092089
 1416.0110    1.925863    1.998608    2.031773    2.056448    2.075329
 1416.3540    1.897577    1.975924    2.011951    2.038858    2.058464
 1416.6970    1.869120    1.953087    1.992134    2.021231    2.041512
 1417.0400    1.840633    1.930119    1.972273    2.003590    2.024403
 1417.3831    1.812298    1.907024    1.952385    1.985903    2.007151
 1417.7271    1.783947    1.883825    1.932520    1.968193    1.989788
 1418.0699    1.755470    1.860500    1.912674    1.950403    1.972305
 1418.4139    1.727167    1.837065    1.892862    1.932560    1.954779
 1418.7581    1.698067    1.813520    1.873047    1.914665    1.937231
 1419.1021    1.666603    1.789927    1.853249    1.896791    1.919674
 1419.4460    1.634779    1.766249    1.833473    1.878918    1.902058
 1419.7910    1.608269    1.742506    1.813768    1.861050    1.884371
 1420.1350    1.587957    1.718710    1.794098    1.843121    1.866589
 1420.4800    1.566792    1.694921    1.774473    1.825127    1.848793
 1420.8250    1.539942    1.671135    1.754829    1.807081    1.831024
 1421.1700    1.512617    1.647392    1.735231    1.789051    1.813341
 1421.5150    1.492132    1.623663    1.715660    1.771044    1.795721
 1421.8610    1.476730    1.600025    1.696163    1.753054    1.778137
 1422.2061    1.458426    1.576513    1.676676    1.735008    1.760529
 1422.5520    1.432858    1.553167    1.657190    1.716896    1.742914
 1422.8979    1.401262    1.529943    1.637671    1.698692    1.725315
 1423.2440    1.367971    1.506937    1.618195    1.680498    1.707851
 1423.5900    1.338377    1.484142    1.598736    1.662323    1.690542
 1423.9370    1.316851    1.461679    1.579315    1.644201    1.673399
 1424.2830    1.303370    1.439444    1.559858    1.626022    1.656338
 1424.6300    1.294510    1.417505    1.540367    1.607765    1.639317
 1424.9771    1.286165    1.395885    1.520824    1.589392    1.622297
 1425.3240    1.274734    1.374676    1.501333    1.571011    1.605370
 1425.6710    1.257294    1.353802    1.481857    1.552645    1.588585
 1426.0190    1.233047    1.333286    1.462399    1.534369    1.572046
 1426.3660    1.202951    1.313065    1.442841    1.516060    1.555698
 1426.7140    1.168587    1.293297    1.423262    1.497704    1.539490
 1427.0620    1.132036    1.273880    1.403669    1.479200    1.523304
 1427.4100    1.096563    1.254814    1.384174    1.460672    1.507141
 1427.7581    1.064758    1.235983    1.364683    1.442165    1.491011
 1428.1071    1.037865    1.217484    1.345198    1.423819    1.475075
 1428.4561    1.016407    1.199289    1.325659    1.405518    1.459362
 1429.1530    0.986790    1.163549    1.286703    1.368752    1.428539
 1429.8521    0.961432    1.128366    1.248194    1.331852    1.397749
 1430.5510    0.927919    1.093597    1.209810    1.295610    1.367020
 1430.9010    0.905725    1.076166    1.190781    1.277655    1.351971
 1431.2510    0.880110    1.058653    1.171961    1.259617    1.337099
 1431.6010    0.851271    1.041195    1.153357    1.241571    1.322344
 1431.9510    0.819557    1.023540    1.134815    1.223574    1.307474
 1432.3020    0.786652    1.005737    1.116409    1.205908    1.292477
 1432.6520    0.753414    0.987608    1.098089    1.188507    1.277357
 1433.0031    0.720623    0.969425    1.080086    1.171347    1.262356
 1433.3540    0.689344    0.950993    1.062357    1.154150    1.247507
 1433.7050    0.661045    0.932306    1.044893    1.136974    1.232920
 1434.0570    0.635292    0.913177    1.027472    1.119850    1.218300
 1434.4080    0.612265    0.893894    1.010258    1.103085    1.203577
 1434.7600    0.592066    0.874336    0.993206    1.086716    1.188562
 1435.4640    0.557266    0.834236    0.960238    1.054804    1.158182
 1435.8160    0.541117    0.813721    0.944054    1.038858    1.143265
 1436.1689    0.525213    0.792980    0.927832    1.022882    1.128464
 1436.5210    0.508623    0.772203    0.911860    1.007320    1.113777
 1436.8740    0.490534    0.750986    0.896118    0.992182    1.098782
 1437.2271    0.471863    0.729553    0.880785    0.977535    1.083502
 1437.5800    0.451771    0.707903    0.865482    0.962961    1.067888
 1437.9330    0.430155    0.686396    0.850224    0.948383    1.052347
 1438.2870    0.407425    0.664595    0.834841    0.933649    1.036987
 1438.6400    0.384712    0.642672    0.819729    0.919199    1.021933
 1438.9940    0.360897    0.620501    0.804779    0.905127    1.006893
 1439.3480    0.337000    0.598692    0.790073    0.891621    0.991661
 1439.7020    0.313677    0.576883    0.775122    0.878206    0.975933
 1440.0570    0.291147    0.555191    0.760061    0.864742    0.959961
 1440.4110    0.268204    0.533289    0.744801    0.850922    0.943905
 1440.7660    0.246426    0.511950    0.729828    0.837204    0.928247
 1441.1210    0.225077    0.490885    0.714849    0.823723    0.912886
 1441.4760    0.203442    0.470278    0.699873    0.810831    0.897764
 1441.8311    0.180613    0.449417    0.684361    0.798037    0.882309
 1442.1860    0.158001    0.429090    0.668694    0.785152    0.866476
 1442.5420    0.133316    0.409103    0.652836    0.771698    0.850168
 1442.8970    0.106396    0.389856    0.637249    0.758110    0.833994
 1443.2531    0.077150    0.370329    0.621405    0.744551    0.818140
 1443.6090    0.046377    0.351120    0.605326    0.731556    0.802965
 1443.9659    0.011444    0.332075    0.588530    0.718685    0.787949
 1444.3220   -0.025732    0.313972    0.571686    0.705753    0.772850
 1444.6790   -0.064760    0.295677    0.554720    0.692062    0.757092
 1445.0350   -0.105036    0.277494    0.538008    0.677990    0.741041
 1445.3920   -0.148027    0.259068    0.520758    0.663683    0.724897
 1445.7490   -0.188593    0.241621    0.503109    0.649899    0.709499
 1446.1071   -0.227348    0.224041    0.484741    0.636318    0.694702
 1446.4640   -0.263054    0.206503    0.466600    0.622763    0.680508
 1446.8220   -0.295010    0.188225    0.448412    0.608345    0.665976
 1447.1801   -0.317684    0.170671    0.430414    0.593319    0.651007
 1447.8960   -0.348112    0.135578    0.392380    0.562685    0.619896
 1448.6130   -0.355257    0.098402    0.353609    0.533365    0.591253
 1449.3300   -0.356884    0.061642    0.315487    0.501799    0.564619
 1449.6890   -0.357180    0.041985    0.295391    0.484741    0.550375
 1450.0490   -0.359369    0.022141    0.275265    0.468096    0.535648
 1450.4080   -0.367380    0.001734    0.255007    0.451832    0.520679
 1451.1281   -0.389797   -0.038504    0.216431    0.419840    0.493778
 1451.4880   -0.408413   -0.059828    0.196949    0.402639    0.481771
 1451.8480   -0.432257   -0.082348    0.176352    0.384174    0.469320
 1452.2080   -0.456404   -0.103512    0.156368    0.365993    0.456184
 1452.5680   -0.487463   -0.125605    0.136721    0.348267    0.441837
 1452.9290   -0.520670   -0.148039    0.118397    0.331671    0.427599
 1453.2900   -0.555517   -0.172424    0.099403    0.314604    0.413937
 1453.6510   -0.588818   -0.195330    0.080229    0.296797    0.401899
 1454.0120   -0.627382   -0.218546    0.060169    0.277334    0.390423
 1454.3740   -0.660828   -0.241344    0.041590    0.257942    0.378998
 1454.7350   -0.692589   -0.266787    0.023623    0.239023    0.366068
 1455.0970   -0.721567   -0.290968    0.006807    0.221857    0.352182
 1455.4590   -0.752617   -0.314983   -0.011370    0.204662    0.337599
 1455.8210   -0.773451   -0.337072   -0.029583    0.186985    0.324221
 1456.1830   -0.796423   -0.362040   -0.048172    0.167288    0.311987
 1456.5460   -0.818356   -0.386328   -0.064463    0.147305    0.301138
 1456.9080   -0.841759   -0.410744   -0.080425    0.127687    0.289589
 1457.2710   -0.858236   -0.431400   -0.095819    0.110422    0.276943
 1457.6340   -0.885056   -0.454273   -0.113312    0.093771    0.262238
 1457.9980   -0.910341   -0.476812   -0.130264    0.077150    0.247311
 1458.3610   -0.938284   -0.500711   -0.146954    0.058123    0.232819
 1458.7240   -0.965012   -0.519533   -0.160912    0.038422    0.220501
 1459.0880   -1.005318   -0.539268   -0.175535    0.018576    0.208952
 1459.4520   -1.036325   -0.558273   -0.190420    0.001734    0.197584
 1459.8160   -1.070597   -0.580557   -0.207783   -0.013815    0.183924
 1460.1801   -1.102928   -0.597549   -0.223589   -0.028465    0.168674
 1460.5450   -1.140862   -0.614143   -0.238659   -0.045811    0.151920
 1461.2740   -1.178782   -0.648455   -0.265936   -0.083973    0.122772
 1462.0050   -1.196529   -0.679232   -0.299305   -0.114576    0.098644
 1462.7360   -1.180779   -0.706219   -0.328596   -0.141920    0.067406
 1463.4670   -1.149587   -0.736221   -0.357853   -0.177845    0.031813
 1464.2000   -1.124372   -0.757708   -0.393446   -0.207237    0.004408
 1464.9330   -1.098689   -0.788773   -0.422279   -0.230083   -0.023508
 1465.6670   -1.097241   -0.808800   -0.456032   -0.263716   -0.062227
 1466.4010   -1.101313   -0.840584   -0.493467   -0.293436   -0.097340
 1467.1370   -1.122588   -0.863438   -0.522966   -0.312908   -0.123032
 1467.8730   -1.152181   -0.893604   -0.562439   -0.344669   -0.158335
 1468.2410   -1.165197   -0.908895   -0.581633   -0.361900   -0.179890
 1468.6100   -1.182223   -0.923214   -0.599686   -0.376833   -0.201378
 1469.3470   -1.221523   -0.949736   -0.631193   -0.394707   -0.230637
 1470.0850   -1.245919   -0.987373   -0.675779   -0.424673   -0.257708
 1470.8240   -1.277399   -1.009906   -0.709454   -0.460886   -0.301804
 1471.1940   -1.277004   -1.027834   -0.722002   -0.470404   -0.323298
 1471.5640   -1.295833   -1.052640   -0.743282   -0.479280   -0.340864
 1471.9340   -1.304220   -1.060281   -0.764927   -0.489027   -0.351112
 1472.3051   -1.315352   -1.072430   -0.788799   -0.507547   -0.361591
 1472.6750   -1.315388   -1.085905   -0.801838   -0.528004   -0.374226
 1473.0460   -1.336922   -1.114491   -0.815735   -0.548935   -0.395170
 1473.4170   -1.339249   -1.126465   -0.828625   -0.560431   -0.418573
 1473.7880   -1.350568   -1.136171   -0.852942   -0.569344   -0.442432
 1474.1591   -1.357594   -1.140922   -0.873772   -0.577066   -0.457163
 1474.5310   -1.380135   -1.167926   -0.893503   -0.594824   -0.466482
 1474.9030   -1.377693   -1.185127   -0.900249   -0.616526   -0.471264
 1475.2740   -1.393629   -1.197069   -0.912680   -0.641457   -0.482883
 1476.0190   -1.415477   -1.211323   -0.952375   -0.665607   -0.526075
 1476.3910   -1.407168   -1.230113   -0.968349   -0.670744   -0.547937
 1477.1360   -1.419474   -1.238268   -0.982132   -0.708143   -0.567543
 1477.5090   -1.419554   -1.245056   -0.995550   -0.736814   -0.570457
 1478.2560   -1.416031   -1.285973   -1.035514   -0.765888   -0.593340
 1478.6300   -1.399179   -1.277843   -1.043159   -0.767792   -0.615341
 1479.0031   -1.395364   -1.273355   -1.048740   -0.779970   -0.639294
 1479.7510   -1.390480   -1.307779   -1.064447   -0.830854   -0.652767
 1480.1260   -1.372808   -1.310495   -1.080478   -0.852695   -0.647818
 1480.8750   -1.372337   -1.287157   -1.098259   -0.864487   -0.664602
 1481.2500   -1.374461   -1.314375   -1.100376   -0.871471   -0.689732
 1481.6250   -1.362471   -1.330944   -1.101786   -0.886324   -0.710812
 1482.0000   -1.374708   -1.329522   -1.123730   -0.918617   -0.724873
 1482.3750   -1.369521   -1.300891   -1.137922   -0.943933   -0.721544
 1483.1270   -1.365251   -1.339884   -1.141667   -0.955774   -0.714128
 1483.8790   -1.365946   -1.323553   -1.152995   -0.963171   -0.749702
 1484.2560   -1.370111   -1.315218   -1.179030   -0.993362   -0.775518
 1484.6320   -1.367684   -1.336422   -1.188124   -1.021016   -0.785236
 1485.0090   -1.375213   -1.378086   -1.193013   -1.042819   -0.784178
 1485.3860   -1.362530   -1.353527   -1.182012   -1.036429   -0.771933
 1485.7629   -1.371274   -1.322612   -1.192188   -1.030421   -0.770676
 1486.5179   -1.371530   -1.380897   -1.232080   -1.052826   -0.805679
 1486.8960   -1.362450   -1.385198   -1.233030   -1.080509   -0.828712
 1487.2740   -1.374657   -1.340874   -1.233030   -1.107733   -0.844572
 1487.6520   -1.367279   -1.309114   -1.224987   -1.102846   -0.838154
 1490.6840   -1.378544   -1.581301   -1.286308   -1.124146   -0.882265
 1493.7280   -1.380458   -1.581301   -1.334035   -1.181319   -0.947691
 1496.7850   -1.382779   -1.581301   -1.369898   -1.229162   -1.014291
 1499.8540   -1.380031   -1.893538   -1.387576   -1.267598   -1.079146
 1502.9360   -1.378574   -1.532052   -1.395482   -1.301195   -1.142824
 1506.0300   -1.374884   -1.454594   -1.394846   -1.325231   -1.200583
 1509.1379   -1.374884   -1.442734   -1.396606   -1.343960   -1.253880
 1512.2581   -1.373557   -1.435617   -1.398375   -1.354195   -1.297708
 1515.3910   -1.375078   -1.428921   -1.405850   -1.363131   -1.335048
 1518.5370   -1.373434   -1.421934   -1.412660   -1.368080   -1.360922
 1524.8690   -1.369532   -1.424662   -1.427349   -1.378813   -1.388510
 1547.4520   -1.354067   -1.414291   -1.409281   -1.386835   -1.368009
 1557.3361   -1.341578   -1.391988   -1.397126   -1.381367   -1.362160
 1560.6591   -1.338377   -1.390747   -1.423544   -1.381544   -1.363332
 1563.9960   -1.332958   -1.381314   -1.531830   -1.378004   -1.361082
 1567.3470   -1.329679   -1.370743   -1.899767   -1.375296   -1.359638
 1577.4880   -1.313391   -1.355108   -2.091702   -1.357456   -1.350831
 1580.8979   -1.308901   -1.356874   -1.573863   -1.354067   -1.353881
 1584.3220   -1.302109   -1.354676   -1.415567   -1.349606   -1.351035
 1587.7610   -1.297319   -1.352128   -1.370937   -1.349158   -1.339144
 1591.2159   -1.290798   -1.344813   -1.357624   -1.348054   -1.316665
     18.50  681    5   6000.00  10000.00  15000.00  20000.00  25000.00
  700.1550    0.126083    0.028646   -0.031889   -0.078791   -0.113840
  703.5220    0.140511    0.051268   -0.016256   -0.064299   -0.096880
  707.6060    0.158613    0.066002    0.001251   -0.045002   -0.075821
  711.7370    0.177534    0.085360    0.019053   -0.025347   -0.055113
  715.9170    0.194035    0.104702    0.037455   -0.006514   -0.034737
  720.1460    0.213255    0.123693    0.057026    0.012484   -0.014364
  724.4260    0.230362    0.141920    0.075661    0.032766    0.006533
  728.7570    0.249914    0.161425    0.095209    0.054367    0.027874
  733.1390    0.269983    0.182352    0.113461    0.076963    0.048586
  736.8320    0.286568    0.198917    0.134165    0.095795    0.065258
  741.3130    0.306723    0.218195    0.154417    0.117210    0.085642
  745.8480    0.325777    0.237566    0.175495    0.137671    0.106640
  750.4400    0.345470    0.257076    0.197639    0.158537    0.128521
  754.3090    0.362656    0.274612    0.216637    0.176199    0.149559
  758.2190    0.379984    0.292854    0.235472    0.194105    0.169670
  762.1700    0.396576    0.311722    0.253592    0.212355    0.189743
  766.1610    0.413771    0.330793    0.271338    0.230886    0.213633
  771.0070    0.437212    0.352566    0.293036    0.253691    0.218742
  775.0920    0.455851    0.370567    0.311401    0.274334    0.243235
  778.3920    0.468460    0.385525    0.326159    0.291571    0.264154
  782.5560    0.489788    0.405224    0.344776    0.311172    0.285294
  786.7640    0.507364    0.427877    0.364113    0.330267    0.303497
  791.0190    0.526737    0.442490    0.384977    0.348047    0.322279
  795.3190    0.546690    0.463985    0.406286    0.368380    0.341816
  799.6670    0.566921    0.483955    0.427011    0.382338    0.362131
  803.1790    0.583288    0.499510    0.443598    0.407272    0.379021
  806.7230    0.599369    0.515821    0.460667    0.427580    0.395990
  811.1960    0.619520    0.536789    0.481543    0.443281    0.416744
  815.7200    0.639376    0.558046    0.501387    0.462936    0.437462
  820.2940    0.659807    0.580086    0.521437    0.485731    0.459227
  824.9200    0.681416    0.602674    0.543165    0.508175    0.482498
  829.5980    0.703251    0.624407    0.566177    0.530195    0.506552
  833.3790    0.720501    0.641512    0.586359    0.548676    0.525797
  838.1540    0.742069    0.664114    0.609949    0.573204    0.549994
  842.0130    0.759115    0.682386    0.629143    0.593246    0.569817
  845.9080    0.777517    0.699728    0.643015    0.613174    0.590223
  849.8400    0.797564    0.717457    0.664175    0.633156    0.611061
  853.8080    0.815760    0.736763    0.686193    0.653509    0.632357
  857.8130    0.832842    0.756886    0.706610    0.674524    0.653875
  861.8560    0.851545    0.776760    0.726831    0.695900    0.675629
  865.9380    0.871105    0.797300    0.747753    0.717588    0.697639
  870.0580    0.889893    0.818064    0.769070    0.739500    0.719873
  874.2180    0.909494    0.839432    0.790346    0.761524    0.742567
  878.4170    0.928669    0.859228    0.811924    0.783934    0.765738
  882.6570    0.948242    0.879160    0.833809    0.806768    0.788763
  886.9390    0.968672    0.901985    0.856236    0.829967    0.811161
  891.2620    0.989368    0.919708    0.878815    0.853127    0.833164
  895.6270    1.010090    0.945541    0.901402    0.875628    0.855221
  900.0350    1.030954    0.967045    0.924015    0.897697    0.877598
  904.4870    1.052315    0.987690    0.946817    0.920105    0.900434
  908.9830    1.073858    1.010437    0.969645    0.942949    0.924686
  913.5250    1.095011    1.033480    0.992006    0.965755    0.949263
  918.1110    1.116339    1.056145    1.014507    0.988804    0.972523
  922.7440    1.138010    1.078903    1.037201    1.012764    0.995100
  927.4240    1.160240    1.101267    1.060146    1.036356    1.017908
  932.1520    1.182028    1.123600    1.084093    1.060505    1.045282
  935.7300    1.199005    1.140501    1.102310    1.079659    1.070974
  940.5430    1.221432    1.162758    1.125353    1.101799    1.081802
  942.9680    1.232273    1.174116    1.137249    1.112804    1.108675
  946.6290    1.248009    1.191576    1.156223    1.135162    1.133518
  950.0100    1.263781    1.207161    1.172745    1.159222    1.145727
  952.9500    1.272680    1.219828    1.184692    1.171940    1.166508
  955.9080    1.287071    1.233278    1.199169    1.185034    1.187458
  957.7850    1.296200    1.242647    1.211647    1.205803    1.201317
  959.1980    1.302658    1.249937    1.222477    1.226042    1.214371
  961.0890    1.310717    1.259743    1.238028    1.244576    1.234896
  962.6700    1.317043    1.268135    1.251394    1.214891    1.254829
  963.4630    1.320143    1.272623    1.258345    1.247551    1.265079
  963.9390    1.322044    1.275473    1.262709    1.270071    1.271521
  965.3700    1.328266    1.285046    1.276789    1.292301    1.291023
  966.6460    1.334745    1.295191    1.291395    1.313715    1.309317
  968.0850    1.343040    1.308603    1.310413    1.326237    1.331076
  969.3680    1.350958    1.321978    1.329239    1.340357    1.351160
  970.6550    1.359161    1.336128    1.348614    1.360912    1.371597
  971.9440    1.367727    1.350414    1.367285    1.382553    1.391922
  973.4000    1.378016    1.366003    1.385988    1.403410    1.414137
  974.8590    1.388847    1.380774    1.402111    1.421370    1.435442
  976.3230    1.399542    1.394770    1.416843    1.438200    1.455462
  977.9550    1.410320    1.409534    1.433578    1.457109    1.475878
  979.7560    1.420380    1.424456    1.453606    1.475735    1.496078
  981.8930    1.430592    1.438725    1.474844    1.493488    1.515696
  985.2000    1.446880    1.452299    1.485821    1.512964    1.536030
  988.3610    1.468058    1.466728    1.493904    1.522840    1.546379
  991.0400    1.486006    1.487644    1.493132    1.528124    1.551346
  992.2160    1.492840    1.497902    1.515528    1.531086    1.553040
  994.7460    1.506680    1.518118    1.527880    1.540049    1.557247
  996.9500    1.517284    1.533705    1.547976    1.551500    1.563372
  999.6750    1.529627    1.551422    1.568037    1.572104    1.577187
 1001.9000    1.544147    1.561377    1.583790    1.593000    1.594051
 1004.1350    1.563183    1.566996    1.598539    1.613777    1.614445
 1006.3800    1.580843    1.576641    1.610556    1.631363    1.635578
 1008.8090    1.593317    1.597466    1.617735    1.645849    1.656277
 1011.0750    1.604420    1.618431    1.623688    1.655548    1.672018
 1013.8780    1.624178    1.639061    1.638239    1.663519    1.686222
 1016.3440    1.644169    1.659508    1.657185    1.669674    1.694763
 1018.4670    1.662117    1.673508    1.678171    1.677883    1.700550
 1020.4200    1.676525    1.679667    1.699398    1.690079    1.705990
 1022.5600    1.687717    1.695347    1.720030    1.708790    1.714128
 1024.5300    1.696756    1.709408    1.734341    1.729170    1.725180
 1026.5070    1.710453    1.730270    1.745018    1.750175    1.740376
 1028.6720    1.730831    1.749027    1.754499    1.771355    1.761238
 1030.6650    1.746449    1.765690    1.763351    1.787735    1.782532
 1032.6660    1.756645    1.773256    1.775059    1.800770    1.803801
 1034.8580    1.767429    1.784092    1.793163    1.811626    1.824551
 1036.8750    1.778891    1.795172    1.813446    1.820002    1.839869
 1038.9000    1.793076    1.807987    1.833689    1.829052    1.851564
 1041.1180    1.813255    1.827175    1.852375    1.842264    1.860952
 1043.3459    1.831224    1.848518    1.866329    1.860176    1.869068
 1045.5830    1.842541    1.865170    1.876247    1.881584    1.878580
 1047.8300    1.856121    1.876722    1.884443    1.903172    1.891535
 1050.2750    1.877798    1.885357    1.895676    1.922804    1.910204
 1052.5420    1.896147    1.897331    1.911400    1.935574    1.930542
 1054.8180    1.910625    1.916840    1.931459    1.944061    1.951403
 1056.9139    1.919394    1.937084    1.949957    1.950695    1.968702
 1059.4020    1.938114    1.957821    1.967445    1.961138    1.985054
 1061.5160    1.958532    1.969822    1.977901    1.974361    1.995226
 1063.8320    1.979906    1.980179    1.987520    1.993206    2.003777
 1066.1580    1.990112    1.994919    1.999495    2.014030    2.012283
 1068.4940    1.998627    2.015768    2.016575    2.033518    2.023617
 1070.6450    2.018303    2.035788    2.036053    2.048008    2.037920
 1072.8040    2.039566    2.052095    2.056253    2.058756    2.055771
 1075.1689    2.057255    2.064205    2.075279    2.069561    2.077297
 1077.5450    2.071417    2.074968    2.089413    2.081892    2.097992
 1080.3300    2.091999    2.095078    2.102755    2.102201    2.118048
 1082.5291    2.111288    2.116003    2.115519    2.122349    2.130337
 1084.7360    2.127581    2.135052    2.132923    2.143433    2.141037
 1086.9530    2.138510    2.149092    2.153782    2.162617    2.152575
 1089.1780    2.153801    2.161036    2.174053    2.178272    2.167284
 1091.2100    2.174383    2.174807    2.189539    2.189947    2.184467
 1093.4530    2.194193    2.195263    2.202688    2.202457    2.206385
 1095.5000    2.206205    2.215902    2.214262    2.216278    2.227549
 1097.5551    2.220894    2.234295    2.229189    2.234264    2.248142
 1099.6169    2.241655    2.249535    2.249481    2.256401    2.267244
 1101.4800    2.260973    2.263607    2.271654    2.278513    2.283333
 1103.1410    2.277021    2.279747    2.292700    2.298569    2.297642
 1104.8080    2.293259    2.300629    2.313427    2.318127    2.313021
 1106.2700    2.309277    2.321770    2.330769    2.334631    2.328138
 1107.7360    2.328575    2.343618    2.347597    2.350811    2.345234
 1109.2061    2.351252    2.364428    2.364641    2.367184    2.364315
 1110.4690    2.371468    2.380842    2.379995    2.381802    2.381927
 1111.9460    2.392635    2.398605    2.399147    2.399837    2.403280
 1113.4270    2.409327    2.415722    2.419365    2.418915    2.424574
 1114.9120    2.422787    2.432793    2.439690    2.438555    2.444838
 1116.6140    2.437557    2.451778    2.461212    2.460552    2.465710
 1118.3210    2.452564    2.468479    2.479057    2.480595    2.483500
 1120.4630    2.469028    2.483936    2.494999    2.501041    2.501431
 1123.0430    2.489277    2.497574    2.507790    2.518326    2.518492
 1124.9860    2.511316    2.511232    2.518076    2.528164    2.530478
 1126.7190    2.532860    2.529263    2.531166    2.537386    2.542143
 1128.4580    2.549839    2.551308    2.548868    2.549334    2.555683
 1130.2010    2.561415    2.572874    2.569706    2.565393    2.571365
 1131.9510    2.574158    2.590153    2.591034    2.585255    2.588881
 1133.7050    2.594402    2.603119    2.610388    2.607346    2.607550
 1135.2450    2.616707    2.613810    2.625025    2.626717    2.624342
 1136.7889    2.637575    2.627525    2.638081    2.644760    2.641136
 1138.5580    2.656034    2.649035    2.652962    2.662952    2.660198
 1140.1110    2.670496    2.671375    2.667820    2.677017    2.676727
 1141.6680    2.688591    2.693598    2.685429    2.690527    2.693319
 1143.2300    2.711361    2.713093    2.705746    2.705042    2.710211
 1144.5710    2.731522    2.727501    2.724506    2.719349    2.725128
 1146.1410    2.751760    2.743732    2.746672    2.738949    2.743361
 1147.7140    2.768532    2.762428    2.767946    2.761454    2.762617
 1149.0670    2.783686    2.781784    2.785175    2.782215    2.780054
 1150.4220    2.802418    2.803411    2.801876    2.803261    2.798809
 1151.7810    2.823994    2.825228    2.818876    2.823664    2.818127
 1153.1429    2.844942    2.845257    2.837139    2.842876    2.838177
 1154.5081    2.862934    2.863029    2.857248    2.860971    2.858677
 1155.8760    2.879723    2.879885    2.879143    2.878633    2.879396
 1157.2480    2.899363    2.898270    2.902090    2.896914    2.900158
 1158.6219    2.923328    2.919907    2.924963    2.916973    2.921028
 1159.7710    2.944326    2.940138    2.943310    2.935574    2.938669
 1160.9210    2.963564    2.960987    2.960882    2.955849    2.956730
 1162.0740    2.980667    2.980984    2.978062    2.977396    2.975496
 1163.2290    2.997869    2.999453    2.995628    2.999495    2.995253
 1164.3860    3.017830    3.017036    3.014481    3.021334    3.016033
 1165.5460    3.040831    3.035421    3.035244    3.042389    3.037756
 1166.7080    3.064335    3.056267    3.057917    3.062483    3.060230
 1167.8719    3.085867    3.079988    3.081825    3.082041    3.083097
 1168.8051    3.101864    3.100266    3.101135    3.097870    3.101376
 1169.7400    3.118372    3.120594    3.120094    3.114422    3.119637
 1170.9100    3.141811    3.144802    3.142969    3.136848    3.142305
 1171.8480    3.162777    3.163078    3.160847    3.156509    3.160505
 1172.7880    3.184254    3.181141    3.178928    3.177671    3.179119
 1173.7290    3.204973    3.200098    3.197969    3.199951    3.198362
 1174.6710    3.224972    3.220854    3.218594    3.222889    3.218710
 1175.6150    3.245434    3.243542    3.241056    3.245911    3.240269
 1176.5610    3.267542    3.267483    3.265102    3.268631    3.263226
 1177.5081    3.291256    3.291634    3.290081    3.291010    3.287411
 1178.4570    3.315592    3.315311    3.315207    3.313261    3.312538
 1179.4070    3.339849    3.338654    3.339930    3.335938    3.338270
 1180.3580    3.364475    3.362495    3.364220    3.359720    3.364143
 1181.3120    3.390388    3.387802    3.388611    3.385101    3.390097
 1182.0270    3.410742    3.407997    3.407486    3.405375    3.409496
 1182.7440    3.431519    3.429087    3.427263    3.426636    3.429127
 1183.4620    3.452366    3.450745    3.448183    3.448765    3.449024
 1184.1801    3.473326    3.472685    3.470253    3.471485    3.469542
 1184.9000    3.494919    3.494831    3.493347    3.494642    3.490911
 1185.6200    3.517742    3.517368    3.517159    3.517994    3.513302
 1186.3409    3.541985    3.540642    3.541393    3.541630    3.536949
 1187.0630    3.567183    3.565020    3.565878    3.565506    3.561716
 1187.7860    3.592581    3.590506    3.590645    3.589941    3.587746
 1188.5100    3.617867    3.616873    3.615877    3.615145    3.614645
 1189.2340    3.643482    3.643826    3.641951    3.641388    3.642326
 1189.9600    3.670349    3.671082    3.669115    3.668821    3.670584
 1190.6860    3.698959    3.698740    3.697611    3.697502    3.699234
 1191.4139    3.729015    3.727295    3.727373    3.727270    3.728477
 1191.8990    3.749516    3.747114    3.747801    3.747654    3.748268
 1192.3850    3.770212    3.767712    3.768648    3.768461    3.768391
 1192.8710    3.791147    3.789120    3.789879    3.789566    3.789076
 1193.3580    3.812473    3.811287    3.811415    3.811054    3.810268
 1193.8440    3.834454    3.834051    3.833366    3.832983    3.832035
 1194.3320    3.857191    3.857286    3.855778    3.855356    3.854568
 1194.8199    3.880682    3.880863    3.878780    3.878307    3.877943
 1195.3080    3.904816    3.904766    3.902536    3.902004    3.902004
 1195.7960    3.929445    3.929106    3.927128    3.926462    3.926853
 1196.2850    3.954601    3.954021    3.952660    3.951801    3.952568
 1196.7750    3.980410    3.979776    3.979156    3.978148    3.979000
 1197.2640    4.007126    4.006493    4.006519    4.005421    4.006044
 1197.7540    4.034939    4.034254    4.034698    4.033581    4.033875
 1198.2450    4.063826    4.063042    4.063612    4.062674    4.062471
 1198.7360    4.093630    4.092754    4.093185    4.092577    4.091766
 1199.2271    4.124180    4.123291    4.123487    4.123219    4.121902
 1199.7190    4.155445    4.154667    4.154591    4.154705    4.153145
 1200.2111    4.187626    4.187002    4.186672    4.187082    4.185518
 1200.7040    4.221052    4.220507    4.219978    4.220407    4.219067
 1201.1970    4.255936    4.255386    4.254654    4.254959    4.254074
 1201.6899    4.292309    4.291775    4.290876    4.290924    4.290665
 1202.1840    4.330069    4.329697    4.328718    4.328396    4.328724
 1202.6780    4.369196    4.369091    4.368126    4.367598    4.368340
 1202.9250    4.389318    4.389324    4.388437    4.387905    4.388792
 1203.1730    4.409872    4.409931    4.409155    4.408661    4.409679
 1203.4200    4.430878    4.430914    4.430283    4.429869    4.430975
 1203.6680    4.452385    4.452303    4.451818    4.451527    4.452667
 1203.9150    4.474411    4.474134    4.473778    4.473660    4.474756
 1204.1630    4.496964    4.496454    4.496214    4.496296    4.497290
 1204.4110    4.520029    4.519323    4.519157    4.519449    4.520321
 1204.6591    4.543636    4.542732    4.542654    4.543127    4.543873
 1204.9070    4.567741    4.566772    4.566698    4.567295    4.568001
 1205.1550    4.592369    4.591455    4.591351    4.591984    4.592651
 1205.4030    4.617603    4.616774    4.616642    4.617304    4.617901
 1205.6520    4.643421    4.642796    4.642639    4.643234    4.643734
 1205.9000    4.669910    4.669498    4.669380    4.669851    4.670261
 1206.1490    4.697144    4.696894    4.696867    4.697226    4.697556
 1206.3970    4.725155    4.724998    4.725077    4.725309    4.725645
 1206.6460    4.753992    4.753872    4.754089    4.754210    4.754597
 1206.8950    4.783663    4.783527    4.783913    4.783934    4.784386
 1207.1440    4.814226    4.814014    4.814583    4.814604    4.815046
 1207.3929    4.845669    4.845432    4.846157    4.846256    4.846588
 1207.6420    4.878035    4.877834    4.878633    4.878906    4.879124
 1207.8920    4.911417    4.911301    4.912090    4.912579    4.912746
 1208.1410    4.945885    4.945869    4.946615    4.947283    4.947483
 1208.3910    4.981501    4.981615    4.982288    4.983131    4.983416
 1208.6400    5.018370    5.018606    5.019197    5.020195    5.020523
 1208.8900    5.056568    5.056892    5.057423    5.058552    5.058842
 1209.1400    5.096146    5.096554    5.097069    5.098288    5.098461
 1209.3900    5.137209    5.137661    5.138229    5.139446    5.139517
 1209.6400    5.179819    5.180317    5.181034    5.182110    5.182173
 1209.8900    5.224112    5.224661    5.225569    5.226418    5.226612
 1210.1400    5.270233    5.270838    5.271925    5.272564    5.272953
 1210.3900    5.318338    5.319017    5.320215    5.320766    5.321297
 1210.6410    5.368597    5.369354    5.370590    5.371170    5.371748
 1210.8910    5.421192    5.422029    5.423269    5.423927    5.424456
 1211.1420    5.476309    5.477221    5.478481    5.479166    5.479645
 1211.3929    5.534187    5.535149    5.536469    5.537067    5.537586
 1211.6429    5.595030    5.596075    5.597397    5.597950    5.598576
 1211.8940    5.659176    5.660288    5.661549    5.662086    5.662893
 1212.1450    5.726986    5.728144    5.729324    5.729912    5.730907
 1212.3970    5.798853    5.799986    5.801117    5.801811    5.803001
 1212.6479    5.875206    5.876286    5.877453    5.878307    5.879669
 1212.8990    5.956549    5.957640    5.958941    5.959919    5.961363
 1213.1510    6.043522    6.044762    6.046124    6.047173    6.048561
 1213.4020    6.136969    6.138371    6.139626    6.140591    6.141703
 1213.6541    6.237852    6.239231    6.240110    6.240845    6.241608
 1213.9060    6.347240    6.348318    6.348724    6.349352    6.350002
 1214.1580    6.466770    6.467609    6.468029    6.469109    6.470222
 1214.4091    6.599474    6.600716    6.602022    6.604145    6.606054
 1214.6620    6.747162    6.749052    6.751249    6.753944    6.756044
 1214.9139    6.900520    6.901917    6.903515    6.905125    6.906046
 1215.1660    7.033924    7.033442    7.032970    7.032270    7.031223
 1215.4180    7.117493    7.115139    7.112709    7.110043    7.107475
 1215.9240    7.074286    7.072872    7.071301    7.069515    7.068085
 1216.1760    6.958366    6.959152    6.959799    6.960297    6.961048
 1216.4290    6.811924    6.814077    6.816158    6.818377    6.820976
 1216.6820    6.664501    6.666430    6.668350    6.670673    6.673710
 1216.9351    6.531328    6.532619    6.533665    6.535309    6.537546
 1217.1880    6.412674    6.413797    6.414618    6.416042    6.417179
 1217.4420    6.304779    6.306030    6.307238    6.309175    6.309620
 1217.6949    6.205444    6.206734    6.208395    6.210896    6.211073
 1217.9480    6.113556    6.114750    6.116653    6.119167    6.119406
 1218.2020    6.028221    6.029263    6.031275    6.033123    6.033695
 1218.4561    5.948551    5.949478    5.951572    5.952400    5.953487
 1218.7090    5.873775    5.874657    5.876833    5.876722    5.878344
 1218.9630    5.803347    5.804317    5.806360    5.805803    5.807732
 1219.2170    5.736940    5.738096    5.739651    5.739275    5.741024
 1219.4709    5.674379    5.675657    5.676323    5.676670    5.677681
 1219.7250    5.615311    5.616674    5.616241    5.617437    5.617271
 1219.9800    5.559374    5.560623    5.559223    5.561037    5.559563
 1220.2340    5.506039    5.506979    5.505222    5.506979    5.504322
 1220.4890    5.454960    5.455389    5.453957    5.454903    5.451479
 1220.7430    5.405994    5.405661    5.405115    5.404646    5.400995
 1220.9980    5.359161    5.357796    5.358278    5.356178    5.352888
 1221.2531    5.314461    5.311876    5.313066    5.309540    5.307198
 1221.5081    5.271749    5.267994    5.269230    5.264790    5.263937
 1221.7629    5.230694    5.226156    5.226646    5.222017    5.223045
 1222.0179    5.190868    5.186199    5.185312    5.181313    5.184341
 1222.2729    5.151928    5.147873    5.145325    5.142752    5.147549
 1222.5291    5.113735    5.110851    5.106844    5.106359    5.112370
 1222.7841    5.076422    5.074841    5.070053    5.072035    5.078548
 1223.0400    5.040241    5.039627    5.035116    5.039591    5.045851
 1223.2950    5.005516    5.005163    5.002140    5.008705    5.014149
 1223.5510    4.972376    4.971556    4.971071    4.979071    4.983345
 1223.8070    4.940735    4.939034    4.941820    4.950418    4.953350
 1224.0630    4.910372    4.907917    4.914137    4.922508    4.924097
 1224.3190    4.880898    4.878489    4.887764    4.895205    4.895588
 1224.5750    4.852047    4.850945    4.862427    4.868380    4.867840
 1224.8320    4.823748    4.825352    4.837839    4.842009    4.840979
 1225.0880    4.796095    4.801594    4.813805    4.816139    4.815130
 1225.3450    4.769466    4.779392    4.790192    4.790901    4.790459
 1225.6010    4.744328    4.758398    4.766914    4.766514    4.767078
 1225.8580    4.721075    4.738197    4.744080    4.743162    4.745018
 1226.1150    4.699974    4.718456    4.721806    4.721024    4.724325
 1226.3719    4.680927    4.698959    4.700249    4.700249    4.704987
 1226.6290    4.663698    4.679581    4.679638    4.680958    4.686928
 1227.1440    4.632547    4.641481    4.641983    4.646811    4.654453
 1227.6591    4.602707    4.605816    4.609983    4.618134    4.625807
 1228.1740    4.572802    4.574963    4.583574    4.593212    4.599266
 1228.6899    4.544697    4.550186    4.561264    4.569889    4.573278
 1229.2061    4.521273    4.530640    4.540800    4.546104    4.546455
 1229.7230    4.503633    4.513554    4.519615    4.520237    4.517576
 1230.2400    4.489491    4.495424    4.495481    4.491018    4.485701
 1230.7570    4.474388    4.473206    4.466967    4.457956    4.450487
 1231.2750    4.454010    4.444996    4.433285    4.420952    4.411839
 1231.5341    4.440905    4.428375    4.414471    4.401001    4.391232
 1231.7939    4.425585    4.410065    4.394394    4.380150    4.369795
 1232.0530    4.407991    4.390125    4.373123    4.358465    4.347597
 1232.3120    4.388151    4.368662    4.350750    4.336039    4.324724
 1232.5720    4.366158    4.345787    4.327394    4.312933    4.301266
 1232.8320    4.342184    4.321644    4.303190    4.289228    4.277311
 1233.0909    4.316427    4.296415    4.278275    4.264982    4.252932
 1233.3510    4.289158    4.270256    4.252785    4.240284    4.228216
 1233.6110    4.260649    4.243353    4.226849    4.215218    4.203239
 1233.8710    4.231243    4.215887    4.200600    4.189877    4.178118
 1234.1320    4.201292    4.188046    4.174164    4.164360    4.152943
 1234.3920    4.171154    4.160021    4.147667    4.138748    4.127848
 1234.6530    4.141197    4.132002    4.121218    4.113091    4.102905
 1234.9130    4.111767    4.104160    4.094900    4.087475    4.078192
 1235.1740    4.083130    4.076675    4.068800    4.061983    4.053738
 1235.4351    4.055517    4.049713    4.042988    4.036709    4.029585
 1235.6949    4.029058    4.023409    4.017540    4.011763    4.005787
 1235.9561    4.003763    3.997841    3.992523    3.987194    3.982388
 1236.2180    3.979605    3.973106    3.967993    3.963057    3.959423
 1236.4790    3.956457    3.949200    3.943966    3.939396    3.936909
 1236.7400    3.934170    3.926136    3.920485    3.916290    3.914841
 1237.0020    3.912561    3.903875    3.897593    3.893751    3.893188
 1237.2629    3.891518    3.882305    3.875334    3.871862    3.871918
 1237.5250    3.870901    3.861351    3.853704    3.850597    3.851042
 1237.7870    3.850655    3.840919    3.832722    3.829967    3.830536
 1238.0480    3.830759    3.820894    3.812347    3.809906    3.810417
 1238.5730    3.791924    3.781807    3.773373    3.771446    3.771378
 1239.0970    3.754330    3.743658    3.736538    3.734947    3.733732
 1239.6219    3.717747    3.706448    3.701344    3.699921    3.697474
 1240.1479    3.681587    3.670321    3.667377    3.665867    3.662773
 1240.6730    3.645414    3.635578    3.634209    3.632612    3.629755
 1241.2000    3.609207    3.602160    3.601576    3.599922    3.598194
 1241.7271    3.573462    3.569889    3.569408    3.567814    3.568150
 1242.2540    3.538780    3.538301    3.537905    3.536469    3.539612
 1242.7820    3.505566    3.507065    3.507236    3.506294    3.512203
 1243.3101    3.473677    3.476093    3.477764    3.477371    3.485512
 1243.8380    3.442682    3.445660    3.449614    3.449942    3.459461
 1244.3669    3.412291    3.416281    3.422798    3.424103    3.433775
 1244.8970    3.382679    3.388466    3.397177    3.399563    3.408110
 1245.4270    3.354433    3.362526    3.372400    3.376045    3.382496
 1245.9570    3.328125    3.338301    3.348146    3.353271    3.357151
 1246.4880    3.303846    3.315332    3.324179    3.330774    3.332132
 1247.0190    3.281101    3.292938    3.300346    3.308285    3.307623
 1247.5510    3.259123    3.270645    3.276796    3.285843    3.284082
 1248.0830    3.237400    3.248289    3.253798    3.263443    3.261808
 1248.6160    3.216028    3.226149    3.231701    3.241285    3.240765
 1249.1490    3.195604    3.204769    3.210903    3.219862    3.221069
 1249.6820    3.176777    3.184746    3.191593    3.199509    3.202784
 1250.4840    3.151743    3.157915    3.165365    3.171452    3.177206
 1251.2860    3.128746    3.134296    3.141544    3.146835    3.152874
 1252.0890    3.105446    3.111862    3.118666    3.124746    3.128992
 1252.8929    3.081915    3.088955    3.095507    3.104053    3.104626
 1253.6990    3.060253    3.065599    3.071884    3.083107    3.080137
 1254.5050    3.041317    3.043398    3.048586    3.061234    3.055904
 1255.3120    3.023252    3.024019    3.027075    3.038235    3.033150
 1256.1210    3.003872    3.007559    3.008394    3.015184    3.012857
 1256.9301    2.983559    2.992355    2.992676    2.993248    2.995502
 1258.0110    2.959469    2.970675    2.974289    2.967875    2.976847
 1259.0940    2.940405    2.946428    2.955393    2.947266    2.960928
 1260.1790    2.920961    2.923180    2.933882    2.929607    2.944778
 1261.2650    2.898756    2.904270    2.910761    2.911703    2.926071
 1262.3540    2.879215    2.888243    2.889149    2.891535    2.904182
 1263.4440    2.864700    2.870531    2.871161    2.869810    2.880772
 1264.5360    2.849434    2.849180    2.855892    2.849026    2.858107
 1265.6300    2.830090    2.827278    2.840126    2.832155    2.838776
 1267.0000    2.807903    2.806061    2.816097    2.817854    2.819773
 1268.0990    2.794643    2.794334    2.794422    2.809332    2.807003
 1269.4740    2.775036    2.779575    2.770283    2.796688    2.790213
 1270.8530    2.751955    2.760525    2.754524    2.777815    2.769163
 1272.2340    2.737267    2.741871    2.744648    2.753750    2.744204
 1273.3420    2.728888    2.731087    2.735731    2.734289    2.724171
 1274.7290    2.711681    2.720240    2.719086    2.714394    2.702978
 1276.1190    2.692707    2.705042    2.698822    2.700632    2.688732
 1277.5120    2.682272    2.684181    2.682243    2.689350    2.680069
 1279.1870    2.667110    2.661997    2.672165    2.671844    2.670614
 1280.5870    2.646221    2.650696    2.666342    2.651920    2.658995
 1281.9900    2.631138    2.639565    2.655003    2.630365    2.643482
 1283.6770    2.619585    2.618265    2.631844    2.609882    2.624243
 1285.0870    2.603256    2.599440    2.611061    2.600613    2.612572
 1287.3490    2.585434    2.588100    2.590223    2.593876    2.606157
 1290.4720    2.567295    2.576458    2.567480    2.575401    2.600302
 1292.1820    2.549723    2.558920    2.545832    2.561905    2.585648
 1293.8960    2.543716    2.547897    2.527594    2.553308    2.562695
 1295.3280    2.533785    2.543835    2.522552    2.551113    2.541668
 1297.0510    2.511147    2.532578    2.525715    2.549877    2.520569
 1298.7780    2.497770    2.510172    2.526369    2.543047    2.507450
 1300.5100    2.493881    2.489971    2.516239    2.526533    2.500130
 1302.2469    2.482670    2.482588    2.500130    2.502813    2.492350
 1303.9880    2.472471    2.477911    2.489738    2.479635    2.479366
 1306.0260    2.473419    2.460989    2.490036    2.462568    2.457623
 1308.0690    2.465178    2.446011    2.490049    2.456110    2.436216
 1310.7061    2.445257    2.456553    2.466835    2.446407    2.424477
 1312.1760    2.442455    2.462786    2.445454    2.434427    2.427509
 1313.9440    2.433573    2.455967    2.423321    2.415569    2.435991
 1315.7159    2.412216    2.439699    2.412579    2.399448    2.443979
 1321.3621    2.403008    2.427612    2.395672    2.421572    2.440796
 1323.4540    2.390812    2.404402    2.381260    2.435553    2.438705
 1324.9520    2.392162    2.383110    2.377077    2.438124    2.440691
 1328.5620    2.407207    2.366825    2.397551    2.426739    2.449780
 1330.9800    2.386778    2.370913    2.414450    2.423332    2.446232
 1333.7100    2.379601    2.362526    2.417490    2.430424    2.423922
 1335.5360    2.374058    2.359798    2.413872    2.433670    2.400324
 1337.0620    2.357243    2.367062    2.412457    2.430128    2.379158
 1338.8979    2.335836    2.384829    2.415363    2.415827    2.357000
 1340.7390    2.333675    2.401665    2.420771    2.392122    2.342484
 1342.2760    2.343002    2.408163    2.422382    2.369360    2.336754
 1343.8180    2.349180    2.407249    2.417269    2.348743    2.334822
 1345.9810    2.348417    2.401550    2.395891    2.330275    2.332285
 1347.5310    2.353241    2.400967    2.372820    2.325329    2.326580
 1349.0850    2.369020    2.404358    2.348627    2.324360    2.315870
 1350.9530    2.392239    2.407341    2.326340    2.322815    2.297358
 1353.1400    2.403324    2.396553    2.316545    2.314095    2.274466
 1354.7070    2.398390    2.376183    2.317644    2.302664    2.264034
 1355.9620    2.392328    2.355017    2.319347    2.292181    2.262852
 1357.2200    2.389246    2.334122    2.318859    2.282888    2.269657
 1359.1121    2.392128    2.313160    2.310991    2.276730    2.294363
 1360.3760    2.394045    2.309263    2.301582    2.280743    2.318081
 1361.6420    2.390007    2.311682    2.291466    2.292133    2.344782
 1362.5930    2.381100    2.315193    2.285564    2.305065    2.365229
 1363.8640    2.361755    2.318747    2.283031    2.326839    2.391380
 1365.1360    2.338188    2.318516    2.289307    2.351717    2.414856
 1366.4120    2.318014    2.314175    2.305405    2.377504    2.434767
 1367.6890    2.308178    2.308062    2.329922    2.402433    2.450895
 1368.6490    2.308825    2.304874    2.351980    2.419809    2.460642
 1369.6100    2.314554    2.305161    2.375465    2.435768    2.468716
 1370.5720    2.322298    2.310595    2.398878    2.450184    2.475500
 1371.5360    2.329027    2.321999    2.421051    2.463140    2.481474
 1372.5010    2.332834    2.339138    2.441198    2.474789    2.487179
 1373.4680    2.333454    2.360847    2.458883    2.485409    2.493101
 1374.4351    2.332350    2.385406    2.474033    2.495296    2.499748
 1375.4050    2.332260    2.410988    2.486835    2.504795    2.507492
 1376.3750    2.336393    2.436016    2.497723    2.514227    2.516573
 1377.3470    2.347277    2.459351    2.507278    2.523911    2.527187
 1378.3199    2.365786    2.480349    2.516239    2.534067    2.539255
 1379.2950    2.390835    2.498804    2.525225    2.544891    2.552616
 1380.2710    2.419987    2.514856    2.534788    2.556448    2.566996
 1380.9230    2.440273    2.524445    2.541748    2.564533    2.577003
 1381.5750    2.460327    2.533344    2.549295    2.572985    2.587177
 1382.5540    2.488680    2.545713    2.561792    2.586111    2.602468
 1383.5350    2.513847    2.557514    2.575621    2.599680    2.617537
 1384.5170    2.535469    2.569408    2.590647    2.613476    2.631907
 1385.8290    2.559185    2.586182    2.611868    2.631746    2.649435
 1387.1429    2.578892    2.604658    2.633474    2.649189    2.664473
 1388.4590    2.596979    2.624992    2.654333    2.665096    2.676525
 1389.7780    2.615744    2.646717    2.673361    2.678747    2.685173
 1391.1000    2.636658    2.668850    2.689547    2.689491    2.690163
 1392.4240    2.660168    2.689939    2.702106    2.696756    2.691311
 1393.7510    2.685371    2.708496    2.710400    2.700056    2.688591
 1395.0800    2.710184    2.722872    2.713943    2.698933    2.681929
 1396.4120    2.731903    2.731647    2.712267    2.693069    2.671288
 1398.4139    2.752295    2.731724    2.699316    2.674902    2.647985
 1399.7520    2.754137    2.721779    2.683355    2.656307    2.627525
 1401.0930    2.744549    2.703224    2.661308    2.632452    2.603222
 1402.1000    2.729273    2.683525    2.640759    2.611095    2.582426
 1403.1080    2.706961    2.658936    2.616707    2.586859    2.559488
 1404.1190    2.677710    2.629498    2.589199    2.559753    2.534388
 1404.7930    2.654455    2.607311    2.568964    2.540127    2.516449
 1405.4680    2.628399    2.583145    2.547197    2.519323    2.497570
 1406.1429    2.599646    2.557095    2.523993    2.497326    2.477747
 1406.8190    2.568335    2.529263    2.499348    2.474226    2.456999
 1407.4960    2.534708    2.499752    2.473316    2.450048    2.435326
 1408.1730    2.498926    2.468674    2.445951    2.424831    2.412731
 1408.8521    2.461145    2.436157    2.417316    2.398643    2.389235
 1409.5300    2.421547    2.402319    2.387482    2.371532    2.364866
 1409.8700    2.401121    2.384949    2.372133    2.357647    2.352352
 1410.2100    2.380293    2.367290    2.356518    2.343550    2.339622
 1410.5500    2.359097    2.349363    2.340639    2.329266    2.326677
 1410.8900    2.337532    2.331179    2.324516    2.314781    2.313528
 1411.2300    2.315624    2.312754    2.308157    2.300112    2.300175
 1411.5699    2.293385    2.294106    2.291565    2.285259    2.286623
 1411.9110    2.270838    2.275238    2.274765    2.270233    2.272871
 1412.2520    2.247978    2.256165    2.257761    2.255043    2.258934
 1412.5930    2.224840    2.236898    2.240576    2.239706    2.244793
 1412.9340    2.201429    2.217455    2.223217    2.224218    2.230467
 1413.2750    2.177761    2.197830    2.205692    2.208599    2.215969
 1413.6169    2.153849    2.178055    2.188019    2.192856    2.201292
 1413.9580    2.129715    2.158108    2.170208    2.176977    2.186457
 1414.3000    2.105370    2.138029    2.152275    2.160988    2.171459
 1414.6420    2.080833    2.117798    2.134245    2.144901    2.156300
 1414.9840    2.056145    2.097431    2.116108    2.128727    2.140978
 1415.3260    2.031300    2.076941    2.097881    2.112455    2.125519
 1415.6689    2.006329    2.056326    2.079590    2.096102    2.109915
 1416.0110    1.981285    2.035599    2.061234    2.079670    2.094194
 1416.3540    1.956169    2.014761    2.042826    2.063171    2.078352
 1416.6970    1.930994    1.993820    2.024384    2.046604    2.062401
 1417.0400    1.905825    1.972771    2.005909    2.029982    2.046333
 1417.3831    1.880663    1.951633    1.987408    2.013325    2.030161
 1417.7271    1.855509    1.930414    1.968880    1.996611    2.013897
 1418.0699    1.830374    1.909121    1.950357    1.979834    1.997551
 1418.4139    1.805244    1.887745    1.931847    1.963026    1.981142
 1418.7581    1.780031    1.866310    1.913317    1.946196    1.964668
 1419.1021    1.754910    1.844845    1.894802    1.929316    1.948151
 1419.4460    1.730347    1.823315    1.876303    1.912411    1.931572
 1419.7910    1.706799    1.801788    1.857821    1.895483    1.914957
 1420.1350    1.684124    1.780214    1.839352    1.878525    1.898304
 1420.4800    1.661638    1.758661    1.820915    1.861538    1.881638
 1420.8250    1.639154    1.737141    1.802483    1.844509    1.864983
 1421.1700    1.617172    1.715637    1.784046    1.827482    1.848324
 1421.5150    1.596041    1.694181    1.765667    1.810417    1.831671
 1421.8610    1.575365    1.672808    1.747286    1.793341    1.815046
 1422.2061    1.554153    1.651524    1.728912    1.776232    1.798439
 1422.5520    1.532055    1.630333    1.710587    1.759115    1.781851
 1422.8979    1.509281    1.609274    1.692232    1.741945    1.765312
 1423.2440    1.486740    1.588385    1.673914    1.724766    1.748806
 1423.5900    1.465319    1.567629    1.655579    1.707581    1.732386
 1423.9370    1.445572    1.547081    1.637259    1.690359    1.716034
 1424.2830    1.427406    1.526697    1.618959    1.673128    1.699755
 1424.6300    1.410181    1.506508    1.600647    1.655882    1.683525
 1425.3240    1.375015    1.466845    1.564045    1.621298    1.651278
 1426.0190    1.334389    1.428104    1.527431    1.586679    1.619421
 1426.3660    1.311695    1.409084    1.509153    1.569336    1.603632
 1426.7140    1.287920    1.390308    1.490841    1.552002    1.587959
 1427.0620    1.263727    1.371759    1.472555    1.534628    1.572323
 1427.4100    1.239834    1.353437    1.454290    1.517284    1.556791
 1427.7581    1.216854    1.335316    1.436047    1.499935    1.541353
 1428.1071    1.195141    1.317400    1.417820    1.482611    1.526001
 1428.4561    1.174824    1.299664    1.399624    1.465305    1.510767
 1429.1530    1.137539    1.264647    1.363346    1.430725    1.480536
 1429.8521    1.101767    1.230112    1.327305    1.396261    1.450569
 1430.5510    1.063885    1.195858    1.291523    1.362047    1.420864
 1430.9010    1.043459    1.178774    1.273764    1.345030    1.406136
 1431.2510    1.021988    1.161699    1.256119    1.328074    1.391476
 1431.6010    0.999537    1.144596    1.238583    1.311180    1.376858
 1431.9510    0.976368    1.127447    1.221151    1.294384    1.362263
 1432.3020    0.952768    1.110233    1.203850    1.277710    1.347677
 1432.6520    0.929090    1.092932    1.186672    1.261160    1.333115
 1433.0031    0.905619    1.075546    1.169651    1.244732    1.318596
 1433.3540    0.882666    1.058048    1.152788    1.228394    1.304119
 1433.7050    0.860479    1.040417    1.136076    1.212177    1.289679
 1434.0570    0.839134    1.022640    1.119501    1.196102    1.275246
 1434.4080    0.818668    1.004742    1.103090    1.180191    1.260792
 1435.1121    0.780191    0.968540    1.070765    1.148867    1.231791
 1435.8160    0.743881    0.931767    1.039089    1.118132    1.202810
 1436.5210    0.708281    0.894539    1.007977    1.088024    1.173859
 1437.2271    0.672194    0.856943    0.977468    1.058672    1.144724
 1437.9330    0.635101    0.819107    0.947407    1.029905    1.115435
 1438.6400    0.597153    0.781170    0.917704    1.001690    1.086193
 1439.3480    0.558882    0.743361    0.888332    0.974144    1.056870
 1440.0570    0.520899    0.705826    0.859076    0.947065    1.027321
 1440.7660    0.483356    0.668850    0.829885    0.920303    0.997801
 1441.4760    0.445921    0.632547    0.800661    0.893978    0.968422
 1442.1860    0.407831    0.597013    0.771191    0.867878    0.938938
 1442.8970    0.368210    0.562393    0.741547    0.841770    0.909426
 1443.2531    0.347672    0.545362    0.726601    0.828766    0.894785
 1443.6090    0.326632    0.528572    0.711548    0.815802    0.880247
 1443.9659    0.305107    0.511951    0.696369    0.802828    0.865768
 1444.3220    0.283253    0.495586    0.681129    0.789812    0.851313
 1444.6790    0.261274    0.479385    0.665779    0.776714    0.836821
 1445.0350    0.239344    0.463329    0.650356    0.763517    0.822344
 1445.3920    0.217730    0.447449    0.634815    0.750273    0.807966
 1445.7490    0.196775    0.431732    0.619123    0.737041    0.793737
 1446.1071    0.176739    0.416143    0.603359    0.723755    0.779667
 1446.8220    0.140263    0.385202    0.571587    0.696867    0.751808
 1447.5380    0.109594    0.354603    0.539454    0.669411    0.724041
 1448.2540    0.084389    0.324068    0.507023    0.641731    0.696756
 1448.9720    0.063019    0.293552    0.474594    0.613642    0.670261
 1449.6890    0.043211    0.262911    0.442034    0.584898    0.643982
 1450.4080    0.022562    0.232056    0.409534    0.555914    0.617933
 1451.1281   -0.000368    0.201067    0.377399    0.526615    0.592651
 1451.8480   -0.026264    0.169819    0.345482    0.496708    0.567926
 1452.5680   -0.054567    0.138590    0.314121    0.466654    0.543165
 1453.2900   -0.084126    0.107283    0.283461    0.436619    0.518742
 1454.0120   -0.113483    0.076284    0.253330    0.406120    0.495090
 1454.7350   -0.141285    0.045580    0.224169    0.375669    0.471420
 1455.4590   -0.167057    0.015543    0.195831    0.345675    0.447493
 1456.1830   -0.190710   -0.013697    0.168209    0.315512    0.424129
 1456.9080   -0.213049   -0.041983    0.141712    0.285585    0.401072
 1457.6340   -0.234686   -0.068991    0.115856    0.256575    0.377371
 1458.3610   -0.256069   -0.094841    0.090775    0.227753    0.353577
 1459.0880   -0.277153   -0.119120    0.066626    0.199291    0.330364
 1459.8160   -0.297157   -0.142199    0.042801    0.172125    0.306715
 1460.5450   -0.315336   -0.163721    0.019657    0.145472    0.282236
 1461.2740   -0.330738   -0.184114   -0.002932    0.119125    0.258118
 1462.0050   -0.343208   -0.203247   -0.025536    0.094250    0.234247
 1462.7360   -0.352974   -0.221384   -0.047539    0.070133    0.209312
 1463.4670   -0.360846   -0.238689   -0.069458    0.046085    0.184019
 1464.2000   -0.367996   -0.255154   -0.091455    0.023434    0.159536
 1464.9330   -0.375235   -0.271317   -0.112896    0.001661    0.134638
 1465.6670   -0.383492   -0.286774   -0.134567   -0.020367    0.108654
 1466.4010   -0.392891   -0.302223   -0.156099   -0.041317    0.083357
 1467.1370   -0.403368   -0.317129   -0.177099   -0.061300    0.058865
 1467.8730   -0.414673   -0.332062   -0.198427   -0.081898    0.033340
 1468.6100   -0.426208   -0.346643   -0.219172   -0.101852    0.007599
 1469.3470   -0.437719   -0.361097   -0.239452   -0.120695   -0.016455
 1470.0850   -0.448692   -0.375366   -0.259825   -0.140354   -0.040380
 1470.8240   -0.459160   -0.389141   -0.279108   -0.159874   -0.065367
 1471.5640   -0.469076   -0.402916   -0.298029   -0.178112   -0.088953
 1472.3051   -0.478521   -0.415854   -0.316559   -0.197149   -0.110657
 1473.0460   -0.487711   -0.428818   -0.333748   -0.216518   -0.133167
 1473.7880   -0.496582   -0.440815   -0.350750   -0.234356   -0.155647
 1474.9030   -0.509501   -0.458370   -0.374290   -0.262381   -0.184660
 1476.0190   -0.521303   -0.474161   -0.396368   -0.289146   -0.214510
 1477.1360   -0.531349   -0.488726   -0.416031   -0.315763   -0.240860
 1478.2560   -0.539553   -0.502508   -0.434868   -0.341396   -0.265078
 1479.3770   -0.546646   -0.514740   -0.451208   -0.365759   -0.289173
 1480.5000   -0.553593   -0.526291   -0.467300   -0.389679   -0.308325
 1481.6250   -0.560801   -0.537863   -0.481424   -0.411156   -0.330326
 1482.7510   -0.568258   -0.548420   -0.495592   -0.432743   -0.346979
 1484.2560   -0.578022   -0.562889   -0.513124   -0.457621   -0.372053
 1485.7629   -0.587561   -0.578636   -0.529356   -0.479555   -0.391165
 1487.2740   -0.596954   -0.598902   -0.545584   -0.501358   -0.414389
 1490.6840   -0.616198   -0.739321   -0.574137   -0.530142   -0.451519
 1493.7280   -0.633636   -0.771265   -0.601105   -0.562212   -0.490379
 1496.7850   -0.649807   -0.749491   -0.624353   -0.589935   -0.527075
 1499.8540   -0.664906   -0.715155   -0.644178   -0.614639   -0.561636
 1502.9360   -0.678991   -0.698219   -0.661018   -0.636696   -0.593649
 1506.0300   -0.692579   -0.699324   -0.676083   -0.656506   -0.622997
 1509.1379   -0.705666   -0.708681   -0.690144   -0.674080   -0.649366
 1512.2581   -0.718481   -0.719913   -0.704029   -0.689962   -0.672895
 1515.3910   -0.730652   -0.730719   -0.717756   -0.704384   -0.693426
 1521.6960   -0.752922   -0.752806   -0.744759   -0.730572   -0.726337
 1528.0551   -0.772696   -0.774864   -0.768726   -0.753483   -0.749893
 1537.6920   -0.799946   -0.804396   -0.796089   -0.781815   -0.775871
 1547.4520   -0.823233   -0.828253   -0.817856   -0.805790   -0.800406
 1557.3361   -0.843050   -0.844929   -0.840094   -0.831223   -0.828447
 1563.9960   -0.854313   -0.853979   -0.892662   -0.849022   -0.846874
 1567.3470   -0.859032   -0.856882   -0.953545   -0.857161   -0.854765
 1570.7130   -0.863201   -0.860653   -1.019619   -0.864697   -0.861731
 1577.4880   -0.869532   -0.872972   -0.999214   -0.877092   -0.872972
 1580.8979   -0.872225   -0.880676   -0.947161   -0.881826   -0.877165
 1584.3220   -0.875296   -0.888468   -0.916733   -0.885788   -0.878939
 1601.6689   -0.898962   -0.907812   -0.900892   -0.888596   -0.865936
 1622.9930   -0.901232   -0.887270   -0.881451   -0.881073   -0.882328
 1633.8690   -0.887047   -0.885040   -0.889734   -0.906525   -0.905254
 1637.5270   -0.885599   -0.889256   -0.897963   -0.935736   -0.916574
 1641.2010   -0.887661   -0.897202   -0.909693   -0.986370   -0.930439
 1644.8920   -0.893469   -0.908924   -0.924662   -1.047049   -0.946699
 1648.6000   -0.904062   -0.925043   -0.943312   -1.085512   -0.966038
 1652.3240   -0.919668   -0.945087   -0.964895   -1.083044   -0.987997
 1656.0649   -0.940800   -0.969135   -0.989401   -1.065176   -1.013018
 1659.8230   -0.965923   -0.995991   -1.015686   -1.059879   -1.040291
 1663.5980   -0.993887   -1.025099   -1.043558   -1.072304   -1.069763
 1667.3910   -1.022951   -1.054443   -1.071461   -1.093733   -1.099531
 1671.2010   -1.052608   -1.083059   -1.098875   -1.117874   -1.128286
 1675.0280   -1.080275   -1.108906   -1.124044   -1.140905   -1.153061
 1678.8719   -1.103731   -1.131750   -1.146893   -1.162142   -1.173111
 1686.6150   -1.128765   -1.165586   -1.182354   -1.195618   -1.201452
 1694.4301   -1.119499   -1.184471   -1.204697   -1.218058   -1.229973
 1698.3640   -1.099203   -1.188988   -1.211662   -1.225681   -1.243307
 1702.3170   -1.078445   -1.191628   -1.216948   -1.231983   -1.254215
 1710.2780   -1.083975   -1.191713   -1.221865   -1.239166   -1.300739
 1714.2860   -1.104395   -1.189732   -1.221750   -1.240334   -1.354151
 1718.3130   -1.119047   -1.187273   -1.220697   -1.241003   -1.399870
 1726.4250   -1.121675   -1.180061   -1.215118   -1.239882   -1.340855
 1730.5100   -1.118217   -1.175634   -1.211191   -1.238142   -1.290270
 1734.6140   -1.115074   -1.171213   -1.207323   -1.236530   -1.261953
 1747.0430   -1.105093   -1.155432   -1.193510   -1.229321   -1.237478
 1763.8960   -1.087658   -1.134830   -1.174772   -1.217037   -1.218967
 1785.4240   -1.063456   -1.113520   -1.157854   -1.197020   -1.197756
     18.00  710    5   6000.00  10000.00  15000.00  20000.00  25000.00
  700.1550    0.125904    0.028124   -0.032007   -0.079000   -0.114084
  703.5220    0.140257    0.051346   -0.016481   -0.064638   -0.097219
  707.6060    0.158422    0.065617    0.000954   -0.045313   -0.076124
  711.7370    0.177450    0.085112    0.018784   -0.025627   -0.055424
  715.9170    0.193708    0.104452    0.037188   -0.006828   -0.035044
  720.1460    0.213039    0.123459    0.056677    0.012161   -0.014690
  724.4260    0.230066    0.141638    0.075071    0.032417    0.006208
  728.7570    0.249638    0.161129    0.094854    0.054039    0.027594
  733.1390    0.269724    0.182100    0.113041    0.076677    0.048286
  736.8320    0.286345    0.198740    0.134018    0.095589    0.065020
  741.3130    0.306532    0.217983    0.154181    0.117006    0.085398
  745.8480    0.325556    0.237343    0.175251    0.137449    0.106361
  750.4400    0.345236    0.256813    0.197392    0.158302    0.128206
  754.3090    0.362389    0.274296    0.216351    0.175888    0.149250
  758.2190    0.379776    0.292589    0.235250    0.193848    0.169380
  762.1700    0.396303    0.311436    0.253313    0.212029    0.189714
  766.1610    0.413467    0.330576    0.271074    0.230602    0.214048
  771.0070    0.437052    0.352318    0.292765    0.253386    0.217773
  775.0920    0.455698    0.370255    0.311096    0.273996    0.242840
  778.3920    0.468008    0.385069    0.325844    0.291302    0.263920
  782.5560    0.489664    0.404715    0.344471    0.310926    0.285084
  786.7640    0.507059    0.427826    0.363743    0.329967    0.303152
  791.0190    0.526468    0.442057    0.384676    0.347721    0.321951
  795.3190    0.546419    0.463728    0.405977    0.367821    0.341434
  799.6670    0.566685    0.483702    0.426723    0.381115    0.361784
  803.1790    0.583052    0.499207    0.443295    0.407103    0.378689
  806.7230    0.599119    0.515516    0.460386    0.427567    0.395658
  811.1960    0.619261    0.536457    0.481241    0.442841    0.416357
  815.7200    0.639109    0.557747    0.501087    0.462519    0.437069
  820.2940    0.659508    0.579750    0.521072    0.485352    0.458775
  824.9200    0.681160    0.602407    0.542788    0.507801    0.482086
  829.5980    0.702999    0.624107    0.565754    0.529751    0.506100
  833.3790    0.720226    0.641186    0.586262    0.548229    0.525356
  838.1540    0.741806    0.663805    0.609636    0.572813    0.549543
  842.0130    0.758814    0.682127    0.628971    0.592842    0.569374
  845.9080    0.777210    0.699413    0.642414    0.612762    0.589760
  849.8400    0.797447    0.717079    0.663738    0.632721    0.610596
  853.8080    0.815552    0.736412    0.685877    0.653078    0.631889
  857.8130    0.832516    0.756567    0.706240    0.674089    0.653416
  861.8560    0.851259    0.776403    0.726450    0.695473    0.675163
  865.9380    0.870867    0.796963    0.747349    0.717146    0.697178
  870.0580    0.889599    0.817717    0.768675    0.739073    0.719398
  874.2180    0.909256    0.839170    0.789955    0.761063    0.742088
  878.4170    0.928385    0.858892    0.811527    0.783482    0.765274
  882.6570    0.947952    0.878798    0.833395    0.806309    0.788317
  886.9390    0.968393    0.901882    0.855827    0.829529    0.810690
  891.2620    0.989107    0.919058    0.878418    0.852699    0.832668
  895.6270    1.009832    0.945360    0.900984    0.875195    0.854689
  900.0350    1.030682    0.966738    0.923601    0.897209    0.877048
  904.4870    1.052040    0.987286    0.946388    0.919601    0.899820
  908.9830    1.073608    1.010088    0.969229    0.942444    0.924093
  913.5250    1.094751    1.033142    0.991549    0.965206    0.948702
  918.1110    1.116076    1.055799    1.014017    0.988207    0.971907
  922.7440    1.137733    1.078566    1.036709    1.012205    0.994410
  927.4240    1.159988    1.100887    1.059601    1.035709    1.017033
  932.1520    1.181728    1.123198    1.083538    1.059790    1.044344
  935.7300    1.198711    1.140099    1.101782    1.079037    1.070997
  940.5430    1.221180    1.162296    1.124701    1.100956    1.078892
  942.9680    1.232056    1.173624    1.136530    1.111666    1.108126
  945.4050    1.242020    1.185287    1.149189    1.125677    1.128399
  949.0860    1.259308    1.202461    1.167583    1.151339    1.141670
  952.4840    1.270958    1.217220    1.181728    1.170292    1.161938
  955.5950    1.285040    1.231010    1.195955    1.180040    1.183128
  957.6290    1.295149    1.241074    1.208979    1.201096    1.197666
  959.0410    1.301638    1.248341    1.219847    1.223392    1.210587
  960.9310    1.309694    1.258062    1.235327    1.242741    1.230679
  962.5120    1.315990    1.266232    1.248659    1.226831    1.251102
  962.6700    1.316599    1.267078    1.249931    1.194681    1.253363
  962.8280    1.317186    1.267921    1.251297    1.165422    1.255297
  963.3040    1.318981    1.270538    1.255514    1.209085    1.260881
  963.4630    1.319584    1.271446    1.256813    1.246868    1.263233
  963.6210    1.320189    1.272352    1.258183    1.273186    1.265715
  965.2110    1.326765    1.282509    1.273325    1.286345    1.287287
  966.1670    1.331408    1.289745    1.283731    1.307026    1.301182
  967.6050    1.339413    1.302504    1.302158    1.322220    1.322075
  969.0470    1.348267    1.317352    1.323128    1.334293    1.344667
  970.3330    1.356447    1.331671    1.343073    1.353146    1.365543
  971.4600    1.363800    1.344412    1.360044    1.373629    1.383690
  972.7520    1.372728    1.358715    1.378180    1.395239    1.404217
  974.2100    1.383528    1.374033    1.395256    1.413618    1.426136
  975.6720    1.394609    1.388439    1.410288    1.430592    1.446615
  977.3010    1.406115    1.403669    1.426512    1.449617    1.468422
  979.1000    1.416874    1.419378    1.446304    1.470072    1.489508
  980.9060    1.425795    1.433050    1.466942    1.486601    1.508192
  983.7090    1.438448    1.447159    1.485495    1.505733    1.529020
  987.1940    1.459030    1.459137    1.489986    1.520496    1.543844
  990.0340    1.479504    1.478134    1.491264    1.525654    1.549885
  990.3690    1.481686    1.480955    1.465635    1.526468    1.550510
  991.0400    1.485849    1.486927    1.490311    1.527554    1.551218
  992.0480    1.491697    1.496002    1.512777    1.529892    1.552498
  994.5770    1.505529    1.516760    1.524786    1.538361    1.556110
  996.7800    1.516205    1.532410    1.546480    1.549334    1.561602
  999.5040    1.527798    1.550619    1.566685    1.569515    1.574749
 1001.7280    1.541729    1.560959    1.582575    1.590775    1.591433
 1003.9630    1.561245    1.565742    1.597486    1.612274    1.612148
 1006.0340    1.578674    1.572918    1.609392    1.629227    1.632345
 1008.2880    1.590931    1.591265    1.616611    1.643442    1.652449
 1010.3770    1.599730    1.612223    1.620449    1.653154    1.667900
 1013.0010    1.616623    1.632397    1.631516    1.661310    1.682758
 1015.6380    1.637671    1.653116    1.649910    1.667070    1.692829
 1017.9350    1.657476    1.671572    1.671543    1.674107    1.698849
 1019.8870    1.673187    1.677296    1.693323    1.684782    1.703722
 1021.8460    1.684523    1.687262    1.714020    1.700609    1.709982
 1023.8120    1.692513    1.707458    1.730152    1.720589    1.719282
 1025.2480    1.699768    1.678173    1.738932    1.736317    1.728720
 1025.9670    1.704811    1.712093    1.742607    1.744183    1.734520
 1026.5070    1.709312    1.733398    1.745239    1.750015    1.738979
 1028.6720    1.730839    1.748196    1.754234    1.771616    1.760302
 1030.6650    1.746937    1.766851    1.762529    1.788189    1.782070
 1032.6660    1.756491    1.772945    1.773846    1.801226    1.803881
 1034.8580    1.766859    1.783669    1.792110    1.811789    1.825102
 1036.8750    1.778072    1.794474    1.813000    1.819675    1.840445
 1038.9000    1.792034    1.806932    1.833887    1.828222    1.852119
 1041.1180    1.813040    1.826437    1.852938    1.841160    1.861097
 1043.1600    1.830467    1.847153    1.865873    1.857592    1.868027
 1045.3960    1.841297    1.864458    1.875744    1.879349    1.876940
 1047.4540    1.852114    1.875547    1.882706    1.899925    1.888016
 1049.7090    1.872284    1.882889    1.891687    1.919428    1.904575
 1051.9740    1.891994    1.892200    1.905876    1.933517    1.924837
 1054.2480    1.907944    1.910433    1.925657    1.942450    1.946241
 1056.3420    1.916386    1.931332    1.945202    1.948481    1.964632
 1058.6350    1.929321    1.952555    1.963173    1.956490    1.981184
 1060.5540    1.951929    1.965427    1.973862    1.966686    1.991434
 1063.2520    1.971369    1.976910    1.984694    1.987354    2.001734
 1065.5750    1.986647    1.989391    1.995108    2.008600    2.009493
 1067.9091    1.993418    2.009493    2.010681    2.029181    2.019407
 1070.0570    2.011612    2.030600    2.029789    2.044775    2.032497
 1072.0179    2.032015    2.047276    2.048908    2.055569    2.048014
 1074.3800    2.052193    2.060925    2.069817    2.065765    2.069557
 1076.5540    2.065468    2.069519    2.084433    2.075474    2.089693
 1079.1350    2.081310    2.083897    2.096771    2.091385    2.110422
 1081.5280    2.102160    2.105680    2.108261    2.112001    2.125221
 1083.7321    2.121330    2.127171    2.123264    2.133539    2.136023
 1085.9440    2.133602    2.143515    2.143358    2.154394    2.146252
 1088.1660    2.144138    2.155003    2.165184    2.171873    2.158966
 1090.3960    2.164948    2.167494    2.183952    2.185371    2.175919
 1092.4320    2.186533    2.184124    2.196978    2.195955    2.195042
 1094.4750    2.200386    2.204988    2.207474    2.207687    2.216192
 1096.5260    2.211227    2.225439    2.219610    2.223133    2.237669
 1098.5850    2.229425    2.241821    2.236839    2.243410    2.257631
 1100.4440    2.249687    2.254330    2.257462    2.264936    2.274065
 1102.1030    2.266420    2.267288    2.278433    2.285288    2.288004
 1103.7660    2.281986    2.285017    2.299965    2.305523    2.302265
 1105.4340    2.298264    2.307945    2.320541    2.324900    2.318043
 1106.8979    2.315256    2.330374    2.337559    2.341158    2.333870
 1108.3650    2.336519    2.352627    2.354242    2.357210    2.351912
 1109.6260    2.357534    2.370255    2.368938    2.371326    2.369011
 1110.8900    2.378489    2.386303    2.384623    2.386143    2.387230
 1112.3690    2.399120    2.403704    2.404371    2.404612    2.409189
 1113.8510    2.414354    2.420765    2.425241    2.424229    2.430817
 1115.3370    2.426804    2.438068    2.445978    2.444342    2.451080
 1117.0400    2.441523    2.457155    2.467356    2.466557    2.471600
 1118.9630    2.458229    2.474974    2.486105    2.488550    2.490576
 1121.3220    2.474537    2.489044    2.500593    2.508865    2.508287
 1123.6899    2.494545    2.500332    2.510464    2.522301    2.522627
 1125.4189    2.516390    2.513523    2.519684    2.530098    2.532921
 1127.1541    2.538548    2.533340    2.533695    2.539038    2.544638
 1128.6750    2.552340    2.553919    2.550142    2.549702    2.556688
 1130.4200    2.562103    2.576054    2.571907    2.566214    2.572617
 1132.1700    2.574100    2.592754    2.593773    2.586880    2.590452
 1133.9250    2.595804    2.604378    2.613081    2.609755    2.609455
 1135.2450    2.616329    2.612658    2.625353    2.626793    2.623932
 1136.7889    2.638250    2.625631    2.637930    2.645166    2.640829
 1138.5580    2.656116    2.647383    2.652092    2.663324    2.659916
 1140.1110    2.669243    2.670673    2.666471    2.677013    2.676401
 1141.6680    2.686842    2.693779    2.683983    2.689920    2.692873
 1143.0060    2.706932    2.710903    2.701473    2.701698    2.707161
 1144.3470    2.728394    2.725176    2.720482    2.715284    2.721869
 1145.9160    2.749729    2.740347    2.743126    2.734287    2.739809
 1147.4890    2.765795    2.757835    2.764811    2.756681    2.758799
 1148.8409    2.779430    2.776730    2.782122    2.777723    2.775850
 1150.1960    2.797323    2.798767    2.798553    2.799271    2.794773
 1151.5540    2.819544    2.821526    2.815014    2.820189    2.813881
 1152.9150    2.841805    2.842365    2.832649    2.839724    2.833885
 1154.2800    2.860123    2.860170    2.852322    2.857773    2.854403
 1155.6479    2.875570    2.876154    2.874157    2.874958    2.875166
 1157.0190    2.893585    2.893290    2.897419    2.892496    2.895975
 1158.3929    2.917538    2.914169    2.920776    2.911749    2.916765
 1159.5410    2.939739    2.934565    2.939434    2.929842    2.934170
 1160.6910    2.960018    2.956144    2.957012    2.949921    2.951838
 1161.8430    2.976831    2.976900    2.973812    2.971609    2.970314
 1162.9980    2.992527    2.995560    2.990671    2.994133    2.989784
 1164.1550    3.011190    3.012501    3.008728    3.016491    3.010216
 1165.3140    3.034388    3.029627    3.028856    3.037905    3.031853
 1166.4750    3.059185    3.049374    3.051346    3.058046    3.054461
 1167.6390    3.081455    3.072802    3.075546    3.077223    3.077404
 1168.5720    3.096874    3.093527    3.095274    3.092476    3.095762
 1169.5060    3.112036    3.114611    3.114645    3.108227    3.114143
 1170.4420    3.129368    3.134720    3.133156    3.125189    3.132067
 1171.3790    3.149803    3.153267    3.150818    3.143888    3.150143
 1172.3180    3.172018    3.170673    3.168144    3.164293    3.168055
 1173.2581    3.193708    3.188225    3.185995    3.186363    3.186617
 1174.2000    3.213676    3.207445    3.205259    3.209461    3.206017
 1175.1429    3.232920    3.229170    3.226601    3.232819    3.226625
 1176.0880    3.253555    3.253071    3.250128    3.255997    3.248880
 1177.0341    3.276669    3.277815    3.275219    3.278502    3.272398
 1177.9821    3.301291    3.302006    3.300835    3.300400    3.297455
 1178.9310    3.325701    3.325167    3.326069    3.322302    3.323046
 1179.8820    3.349588    3.347954    3.350422    3.344786    3.349220
 1180.8350    3.374327    3.371807    3.374144    3.368807    3.375151
 1181.7889    3.401022    3.397818    3.398130    3.394924    3.400883
 1182.5050    3.421949    3.418749    3.417107    3.415808    3.420120
 1183.2230    3.442825    3.440453    3.437290    3.437878    3.439585
 1183.9410    3.463326    3.462442    3.458910    3.460567    3.459257
 1184.6600    3.483986    3.484385    3.481815    3.483829    3.480021
 1185.3800    3.505856    3.506411    3.505638    3.507181    3.501484
 1186.1010    3.529661    3.528955    3.529968    3.530647    3.524540
 1186.8220    3.555058    3.552607    3.554380    3.554161    3.548807
 1187.5450    3.580856    3.577663    3.578880    3.578009    3.574379
 1188.2679    3.606005    3.603956    3.603491    3.602493    3.601267
 1188.9930    3.630682    3.630936    3.628788    3.627939    3.628685
 1189.7180    3.656223    3.658020    3.655090    3.654716    3.657055
 1190.4440    3.683910    3.685078    3.682894    3.682768    3.685402
 1191.1710    3.713793    3.712557    3.712145    3.712229    3.714321
 1191.6560    3.734367    3.731548    3.732410    3.732321    3.733814
 1192.1420    3.755020    3.751379    3.753038    3.752947    3.753307
 1192.6281    3.775602    3.772211    3.774078    3.773882    3.773333
 1193.1140    3.796289    3.794014    3.795338    3.794941    3.794022
 1193.6010    3.817446    3.816647    3.816797    3.816427    3.815052
 1194.0880    3.839453    3.839817    3.838654    3.838301    3.836716
 1194.5760    3.862453    3.863287    3.860882    3.860464    3.859486
 1195.0640    3.886288    3.886885    3.883776    3.883331    3.883059
 1195.5520    3.910641    3.910629    3.907568    3.907057    3.907185
 1196.0410    3.935261    3.934715    3.932261    3.931494    3.932312
 1196.5300    3.960224    3.959461    3.958090    3.956999    3.958458
 1197.0190    3.985893    3.985188    3.984978    3.983707    3.985035
 1197.5090    4.012711    4.012119    4.012711    4.011232    4.012119
 1198.0000    4.040918    4.040245    4.041275    4.039772    4.040207
 1198.4900    4.070370    4.069408    4.070408    4.069298    4.068928
 1198.9821    4.100544    4.099440    4.100025    4.099403    4.098055
 1199.4730    4.131168    4.130077    4.130333    4.130140    4.128139
 1199.9650    4.162235    4.161457    4.161278    4.161818    4.159567
 1200.4570    4.194292    4.193737    4.193264    4.194126    4.191925
 1200.9500    4.227861    4.227295    4.226652    4.227295    4.225464
 1201.4430    4.263186    4.262474    4.261477    4.261951    4.260881
 1201.9370    4.300053    4.299311    4.298111    4.298044    4.297979
 1202.4310    4.338139    4.337799    4.336439    4.335619    4.336300
 1202.9250    4.377378    4.377634    4.376303    4.375317    4.376377
 1203.1730    4.397575    4.398010    4.396862    4.395937    4.397192
 1203.4200    4.418236    4.418732    4.417820    4.416956    4.418434
 1203.6680    4.439426    4.439774    4.439112    4.438368    4.439980
 1203.9150    4.461199    4.461212    4.460762    4.460236    4.461800
 1204.1630    4.483559    4.483103    4.482801    4.482645    4.483973
 1204.4110    4.506477    4.505529    4.505367    4.505625    4.506626
 1204.6591    4.529905    4.528543    4.528492    4.529110    4.529867
 1204.9070    4.553810    4.552193    4.552181    4.553032    4.553726
 1205.1550    4.578157    4.576538    4.576422    4.577377    4.578123
 1205.4030    4.603004    4.601604    4.601288    4.602234    4.603004
 1205.6520    4.628399    4.627386    4.626904    4.627735    4.628359
 1205.9000    4.654446    4.653858    4.653337    4.653994    4.654312
 1206.1490    4.681240    4.681005    4.680571    4.680996    4.681068
 1206.3970    4.708889    4.708862    4.708565    4.708717    4.708769
 1206.6460    4.737415    4.737423    4.737305    4.737169    4.737455
 1206.8950    4.766836    4.766718    4.766851    4.766436    4.767036
 1207.1440    4.797150    4.796797    4.797281    4.796707    4.797413
 1207.3929    4.828331    4.827776    4.828596    4.828087    4.828569
 1207.6420    4.860405    4.859781    4.860798    4.860571    4.860649
 1207.8920    4.893429    4.892885    4.893906    4.894083    4.893873
 1208.1410    4.927525    4.927155    4.928028    4.928570    4.928411
 1208.3910    4.962814    4.962658    4.963329    4.964113    4.964302
 1208.6400    4.999432    4.999477    4.999926    5.000912    5.001431
 1208.8900    5.037466    5.037666    5.037905    5.039177    5.039692
 1209.1400    5.076967    5.077259    5.077295    5.078928    5.079037
 1209.3900    5.117968    5.118265    5.118298    5.120113    5.119751
 1209.6400    5.160589    5.160858    5.161068    5.162683    5.162086
 1209.8900    5.204880    5.205204    5.205799    5.206852    5.206448
 1210.1400    5.251102    5.251469    5.252489    5.252901    5.253023
 1210.3900    5.299463    5.299877    5.301182    5.301247    5.301876
 1210.6410    5.350189    5.350693    5.352009    5.352201    5.352955
 1210.8910    5.403498    5.404133    5.405294    5.405876    5.406370
 1211.1420    5.459618    5.460358    5.461498    5.462294    5.462399
 1211.3929    5.518843    5.519619    5.520929    5.521595    5.521492
 1211.6429    5.581484    5.582336    5.583811    5.584127    5.584139
 1211.8940    5.647968    5.648964    5.650366    5.650454    5.650784
 1212.1450    5.718842    5.720011    5.721085    5.721201    5.721869
 1212.3970    5.794802    5.795937    5.796726    5.797031    5.798021
 1212.6479    5.876558    5.877419    5.878252    5.878803    5.880150
 1212.8990    5.964933    5.965572    5.966793    5.967628    5.969387
 1213.1510    6.061075    6.061905    6.063671    6.064795    6.066811
 1213.4020    6.166815    6.168291    6.170292    6.171522    6.173187
 1213.6541    6.284702    6.286636    6.288115    6.288763    6.289433
 1213.9060    6.417805    6.419146    6.419128    6.418600    6.418070
 1214.1580    6.571686    6.571627    6.570169    6.569128    6.568495
 1214.4091    6.765520    6.765526    6.765162    6.766048    6.767424
 1214.6620    7.032215    7.034307    7.036907    7.040443    7.043755
 1214.9139    7.350849    7.353397    7.356312    7.359436    7.361898
 1215.1660    7.634789    7.635525    7.636368    7.637089    7.637400
 1215.4180    7.817261    7.816162    7.815006    7.813702    7.812386
 1215.6710    7.871346    7.869583    7.867710    7.865713    7.863930
 1215.9240    7.791466    7.790524    7.789482    7.788330    7.787354
 1216.1760    7.586597    7.587666    7.588730    7.589725    7.590731
 1216.4290    7.290970    7.293892    7.296972    7.300226    7.303627
 1216.6820    6.981190    6.983578    6.986046    6.989143    6.993242
 1216.9351    6.737383    6.737844    6.737717    6.738234    6.740150
 1217.1880    6.561184    6.561531    6.561007    6.560923    6.560505
 1217.4420    6.418070    6.419163    6.420155    6.422031    6.420765
 1217.6949    6.292898    6.294247    6.296379    6.300226    6.298962
 1217.9480    6.181614    6.182699    6.185061    6.189125    6.188198
 1218.2020    6.081707    6.082462    6.084682    6.087107    6.086893
 1218.4561    5.990837    5.991266    5.993622    5.993427    5.994471
 1218.7090    5.906965    5.907303    5.910042    5.907574    5.910122
 1218.9630    5.828827    5.829407    5.832363    5.828918    5.832560
 1219.2170    5.756020    5.757107    5.759472    5.756750    5.760363
 1219.4709    5.688509    5.690134    5.690746    5.690197    5.692345
 1219.7250    5.625992    5.627930    5.625980    5.628164    5.627754
 1219.9800    5.567568    5.569490    5.565222    5.569456    5.566189
 1220.2340    5.512110    5.513683    5.508516    5.513098    5.507450
 1220.4890    5.458790    5.459724    5.455591    5.458487    5.451418
 1220.7430    5.407459    5.407356    5.405807    5.405483    5.398096
 1220.9980    5.358562    5.356771    5.358295    5.354263    5.347584
 1221.2531    5.312557    5.308458    5.312199    5.305050    5.300074
 1221.5081    5.269444    5.262856    5.267101    5.258015    5.255754
 1221.7629    5.228504    5.220081    5.222820    5.213280    5.214605
 1222.0179    5.188675    5.179983    5.179552    5.171082    5.176323
 1222.2729    5.149096    5.141920    5.137512    5.131618    5.140350
 1222.5291    5.109375    5.105204    5.097050    5.095100    5.106054
 1222.7841    5.069963    5.069187    5.058617    5.061415    5.072910
 1223.0400    5.031651    5.033382    5.022635    5.030195    5.040642
 1223.2950    4.995359    4.997684    4.989357    5.000824    5.009153
 1223.5510    4.961624    4.962294    4.958755    4.972605    4.978340
 1223.8070    4.930338    4.927765    4.930552    4.945089    4.948193
 1224.0630    4.900805    4.894848    4.904316    4.917961    4.918587
 1224.3190    4.872057    4.864227    4.879555    4.891029    4.889437
 1224.5750    4.843264    4.836369    4.855780    4.864155    4.860798
 1224.8320    4.814060    4.811420    4.832502    4.837278    4.832891
 1225.0880    4.784695    4.789192    4.809324    4.810474    4.806051
 1225.3450    4.755951    4.769140    4.785984    4.784004    4.780626
 1225.6010    4.728954    4.750525    4.762468    4.758276    4.756849
 1225.8580    4.704760    4.732538    4.738947    4.733751    4.734783
 1226.1150    4.684036    4.714497    4.715712    4.710794    4.714413
 1226.3719    4.666790    4.695972    4.693068    4.689636    4.695692
 1226.6290    4.652391    4.676777    4.671387    4.670403    4.678564
 1226.8860    4.639736    4.656979    4.651054    4.653173    4.663013
 1227.1440    4.627621    4.636959    4.632477    4.637960    4.648916
 1227.6591    4.601299    4.598604    4.601505    4.613016    4.624096
 1228.1740    4.570637    4.566673    4.578480    4.592953    4.601452
 1228.6899    4.539953    4.544230    4.561184    4.574240    4.578720
 1229.2061    4.516363    4.530186    4.546196    4.554295    4.554489
 1229.7230    4.503164    4.519907    4.529636    4.530968    4.527218
 1230.2400    4.496750    4.507843    4.508583    4.502645    4.495642
 1230.7570    4.489424    4.489466    4.481241    4.469055    4.459589
 1231.2750    4.474157    4.462368    4.446739    4.430414    4.419245
 1231.5341    4.462204    4.445293    4.426853    4.409222    4.397436
 1231.7939    4.447065    4.425926    4.405329    4.386890    4.374546
 1232.0530    4.428719    4.404388    4.382288    4.363518    4.350655
 1232.3120    4.407238    4.380863    4.357840    4.339312    4.325926
 1232.5720    4.382845    4.355547    4.332155    4.314352    4.300529
 1232.8320    4.355797    4.328665    4.305458    4.288719    4.274597
 1233.0909    4.326357    4.300423    4.277952    4.262451    4.248243
 1233.3510    4.294930    4.271097    4.249834    4.235655    4.221493
 1233.6110    4.261906    4.240898    4.221258    4.208441    4.194431
 1233.8710    4.227707    4.210077    4.192400    4.180958    4.167198
 1234.1320    4.192902    4.178890    4.163429    4.153389    4.139973
 1234.3920    4.158001    4.147583    4.134527    4.125774    4.112974
 1234.6530    4.123590    4.116409    4.105816    4.098160    4.086325
 1234.9130    4.090223    4.085648    4.077404    4.070629    4.060131
 1235.1740    4.058311    4.055454    4.049374    4.043243    4.034307
 1235.4351    4.028246    4.026125    4.021769    4.016197    4.008898
 1235.6949    4.000174    3.997868    3.994713    3.989641    3.983942
 1235.9561    3.974087    3.970783    3.968292    3.963684    3.959538
 1236.2180    3.949800    3.944962    3.942549    3.938330    3.935783
 1236.4790    3.927011    3.920416    3.917490    3.913586    3.912710
 1236.7400    3.905369    3.897116    3.893135    3.889521    3.890270
 1237.0020    3.884529    3.874958    3.869543    3.866253    3.868332
 1237.2629    3.864191    3.853760    3.846783    3.843880    3.846794
 1237.5250    3.844166    3.833319    3.824886    3.822430    3.825626
 1237.7870    3.824354    3.813461    3.803820    3.801823    3.804869
 1238.0480    3.804760    3.794027    3.783503    3.781927    3.784588
 1238.5730    3.766413    3.755791    3.745075    3.744011    3.745520
 1239.0970    3.729538    3.717945    3.709347    3.708557    3.707869
 1239.6219    3.693886    3.680626    3.675421    3.674778    3.671377
 1240.1479    3.658478    3.644350    3.642563    3.641544    3.636778
 1240.6730    3.622307    3.609787    3.610331    3.608814    3.604248
 1241.2000    3.585258    3.576975    3.578066    3.576502    3.573208
 1241.7271    3.548279    3.545580    3.545938    3.544180    3.543833
 1242.2540    3.512751    3.514748    3.514256    3.512497    3.516510
 1242.7820    3.479475    3.483816    3.483288    3.482244    3.490408
 1243.3101    3.448103    3.452553    3.453808    3.453333    3.464727
 1243.8380    3.417555    3.421373    3.426023    3.426218    3.439680
 1244.3669    3.386997    3.391323    3.399881    3.401402    3.415041
 1244.8970    3.356714    3.363312    3.375370    3.378107    3.389839
 1245.4270    3.327869    3.338018    3.351700    3.355835    3.364214
 1245.9570    3.301788    3.315172    3.328421    3.334574    3.338915
 1246.4880    3.278799    3.293959    3.305201    3.313276    3.313805
 1247.0190    3.257942    3.273117    3.281578    3.291391    3.288830
 1247.5510    3.237568    3.251808    3.257990    3.269373    3.265078
 1248.0830    3.216614    3.229656    3.234821    3.247065    3.243187
 1248.6160    3.195236    3.207203    3.212507    3.224482    3.222612
 1249.1490    3.174700    3.185457    3.191982    3.202816    3.203550
 1249.6820    3.156458    3.165482    3.173361    3.182529    3.186562
 1250.4840    3.134209    3.140224    3.149065    3.154911    3.163221
 1251.2860    3.114544    3.119520    3.127817    3.132196    3.140728
 1252.0890    3.092791    3.099785    3.107176    3.112337    3.118694
 1252.8929    3.069038    3.078094    3.085218    3.094296    3.094786
 1253.6990    3.047703    3.054461    3.061754    3.074999    3.070444
 1254.5050    3.030964    3.031691    3.037825    3.053961    3.045597
 1255.3120    3.015486    3.012964    3.016029    3.030560    3.022305
 1256.1210    2.996761    2.998686    2.997902    3.006723    3.002167
 1256.9301    2.975197    2.986042    2.983969    2.983910    2.985395
 1258.0110    2.950619    2.966091    2.968632    2.958740    2.969299
 1259.0940    2.934715    2.940855    2.951857    2.939743    2.956091
 1260.1790    2.917316    2.916365    2.930521    2.924744    2.942356
 1261.2650    2.893379    2.898561    2.906206    2.908651    2.924631
 1262.3540    2.872978    2.885326    2.883627    2.888573    2.902102
 1263.4440    2.861498    2.869167    2.866364    2.865780    2.877441
 1264.5360    2.848515    2.846560    2.853218    2.843426    2.853193
 1265.6300    2.827427    2.822247    2.839226    2.826180    2.833740
 1266.7260    2.807325    2.803963    2.820339    2.815849    2.818899
 1267.8240    2.795582    2.793505    2.797031    2.809479    2.807859
 1268.9240    2.783625    2.784903    2.774137    2.802856    2.796707
 1270.0250    2.763397    2.771830    2.757267    2.791620    2.782486
 1271.1290    2.743212    2.754448    2.748259    2.774115    2.764252
 1272.2340    2.734087    2.738558    2.743423    2.752792    2.742340
 1273.3420    2.729496    2.728678    2.736532    2.731346    2.720663
 1274.7290    2.711487    2.720779    2.719488    2.710506    2.697969
 1276.1190    2.688944    2.706409    2.696522    2.698240    2.684280
 1277.5120    2.681522    2.682993    2.678291    2.689371    2.677980
 1278.9080    2.672956    2.661633    2.671005    2.676464    2.672531
 1280.3070    2.648907    2.650822    2.668898    2.656300    2.662483
 1281.7090    2.629715    2.643156    2.660837    2.632164    2.646845
 1283.1140    2.624189    2.626781    2.641861    2.611351    2.628593
 1284.5229    2.610958    2.603306    2.617346    2.599369    2.613197
 1285.9340    2.589548    2.587128    2.597805    2.595497    2.605434
 1289.6190    2.579807    2.586069    2.577332    2.583086    2.606768
 1291.0410    2.559189    2.571779    2.561279    2.570345    2.600559
 1292.4670    2.545208    2.554428    2.539627    2.558168    2.585495
 1293.8960    2.545158    2.546246    2.522549    2.551376    2.563801
 1295.3280    2.536837    2.545443    2.518211    2.550755    2.540442
 1296.7640    2.513325    2.538799    2.524149    2.552254    2.520575
 1298.4900    2.494766    2.514574    2.529816    2.548683    2.506153
 1299.9330    2.495295    2.491880    2.523785    2.536684    2.500923
 1301.6680    2.488085    2.480711    2.505367    2.512297    2.496155
 1303.1169    2.473692    2.481327    2.491068    2.489086    2.488184
 1304.8610    2.470293    2.473692    2.486586    2.467150    2.471203
 1306.6090    2.476078    2.452522    2.492634    2.457094    2.449123
 1308.6541    2.461033    2.440311    2.492271    2.454784    2.427080
 1310.7061    2.443184    2.457109    2.469704    2.448103    2.419609
 1312.1760    2.443623    2.467371    2.444715    2.435335    2.424162
 1313.6490    2.439617    2.462532    2.422541    2.417389    2.433338
 1315.4210    2.414989    2.442183    2.409443    2.396791    2.443998
 1316.9010    2.394890    2.429300    2.408731    2.388403    2.448814
 1320.1689    2.407120    2.435270    2.404406    2.408512    2.444592
 1322.2570    2.397871    2.424162    2.387390    2.430882    2.438969
 1323.7531    2.385660    2.400572    2.375683    2.440248    2.438320
 1324.9520    2.388315    2.379831    2.371918    2.441898    2.440594
 1327.0551    2.411013    2.360687    2.381746    2.434536    2.448366
 1329.1660    2.408035    2.366573    2.403172    2.424408    2.454052
 1330.9800    2.385517    2.371788    2.417404    2.422459    2.451096
 1333.7100    2.380646    2.360441    2.419956    2.432457    2.427469
 1335.2321    2.380266    2.354954    2.415375    2.437609    2.406181
 1336.7570    2.362896    2.360367    2.412292    2.436672    2.382593
 1337.9790    2.341732    2.372839    2.413149    2.429640    2.364796
 1339.8180    2.324364    2.396008    2.419724    2.408342    2.344608
 1341.3530    2.332924    2.409460    2.425762    2.383780    2.335718
 1342.5840    2.344530    2.412863    2.427130    2.363235    2.333124
 1344.1260    2.350384    2.409256    2.420897    2.341236    2.333305
 1345.9810    2.345491    2.401831    2.399847    2.325474    2.332882
 1347.2209    2.346489    2.400486    2.379251    2.321827    2.329256
 1348.4630    2.357801    2.403498    2.356657    2.321909    2.321806
 1349.7070    2.377050    2.408783    2.335878    2.323170    2.310268
 1351.2650    2.400002    2.412376    2.317833    2.322447    2.291479
 1353.1400    2.409409    2.402519    2.311373    2.314268    2.268085
 1354.7070    2.401625    2.379541    2.314941    2.301096    2.254597
 1355.9620    2.392733    2.354628    2.318647    2.288406    2.251783
 1357.2200    2.388420    2.329662    2.319355    2.276577    2.258303
 1358.7960    2.392450    2.307711    2.313044    2.267782    2.279257
 1360.0601    2.398130    2.301855    2.302330    2.268858    2.304016
 1361.0090    2.399086    2.303715    2.292412    2.275242    2.325558
 1361.9590    2.394241    2.308693    2.282667    2.286388    2.347954
 1362.9110    2.382431    2.314247    2.275127    2.301552    2.370235
 1363.8640    2.364269    2.318106    2.271841    2.319897    2.391376
 1364.8180    2.342363    2.318773    2.274435    2.340088    2.410608
 1365.7740    2.320915    2.315781    2.283731    2.361141    2.427649
 1366.7310    2.304663    2.309822    2.299486    2.381964    2.442087
 1367.6890    2.297148    2.302547    2.320499    2.401917    2.454113
 1368.6490    2.298962    2.296446    2.345020    2.420336    2.463758
 1369.6100    2.307581    2.294180    2.371161    2.437069    2.471468
 1370.5720    2.318584    2.298067    2.397018    2.451908    2.477686
 1371.5360    2.327644    2.309311    2.421259    2.465086    2.482887
 1372.5010    2.332014    2.327644    2.442934    2.476673    2.487816
 1373.4680    2.331184    2.351622    2.461588    2.487110    2.492914
 1374.4351    2.326950    2.378962    2.477179    2.496666    2.498903
 1375.4050    2.322964    2.407356    2.489916    2.505800    2.506126
 1376.3750    2.323748    2.434889    2.500374    2.514866    2.514959
 1377.3470    2.332983    2.460161    2.509230    2.524240    2.525551
 1378.3199    2.352125    2.482473    2.517380    2.534178    2.537832
 1379.2950    2.379831    2.501635    2.525551    2.544899    2.551718
 1379.9460    2.401453    2.512764    2.531376    2.552559    2.561638
 1380.5970    2.424229    2.522743    2.537743    2.560589    2.572001
 1381.2490    2.447065    2.531759    2.544762    2.569035    2.582687
 1381.9010    2.469070    2.540041    2.552509    2.577848    2.593529
 1382.5540    2.489607    2.547812    2.561029    2.586969    2.604366
 1383.5350    2.516800    2.559032    2.575211    2.601126    2.620417
 1384.5170    2.539377    2.570379    2.590853    2.615614    2.635756
 1385.8290    2.563148    2.586723    2.613270    2.634911    2.654503
 1387.1429    2.581961    2.605293    2.636347    2.653463    2.670609
 1388.4590    2.598900    2.626299    2.658745    2.670515    2.683533
 1389.7780    2.616854    2.649258    2.679247    2.685266    2.692839
 1391.1000    2.637800    2.673038    2.696793    2.697002    2.698336
 1392.4240    2.662390    2.696102    2.710531    2.705128    2.699785
 1393.4189    2.682722    2.711857    2.717928    2.708488    2.698231
 1394.4150    2.703686    2.725447    2.722569    2.709364    2.694332
 1395.4130    2.724005    2.736149    2.724251    2.707485    2.688152
 1396.7450    2.747591    2.744808    2.721621    2.700556    2.676291
 1398.4139    2.766710    2.744864    2.710041    2.684441    2.655762
 1399.7520    2.770292    2.735176    2.693815    2.665394    2.634769
 1401.0930    2.761333    2.716236    2.671192    2.640810    2.609743
 1402.1000    2.745747    2.695814    2.649958    2.618729    2.588339
 1403.1080    2.722404    2.670088    2.625025    2.593586    2.564690
 1403.7820    2.702595    2.650045    2.606359    2.575142    2.547651
 1404.4561    2.679474    2.627766    2.586058    2.555386    2.529648
 1405.1300    2.653183    2.603306    2.564157    2.534319    2.510653
 1405.8051    2.623880    2.576767    2.540667    2.511990    2.490646
 1406.4810    2.591743    2.548254    2.515610    2.488466    2.469660
 1407.1570    2.556965    2.517868    2.489058    2.463804    2.447716
 1407.8350    2.519762    2.485750    2.461033    2.437988    2.424784
 1408.5120    2.480337    2.452032    2.431604    2.411114    2.400883
 1408.8521    2.459845    2.434616    2.416391    2.397297    2.388580
 1409.1910    2.438875    2.416840    2.400848    2.383240    2.376047
 1409.5300    2.417439    2.398739    2.384998    2.368938    2.363293
 1409.8700    2.395554    2.380320    2.368845    2.354416    2.350306
 1410.2100    2.373260    2.361614    2.352375    2.339670    2.337080
 1410.5500    2.350557    2.342600    2.335659    2.324736    2.323624
 1410.8900    2.327461    2.323334    2.318668    2.309587    2.309929
 1411.2300    2.303974    2.303822    2.301399    2.294247    2.296028
 1411.5699    2.280146    2.284046    2.283911    2.278685    2.281942
 1411.9110    2.255972    2.264061    2.266184    2.262949    2.267641
 1412.2520    2.231443    2.243856    2.248243    2.247065    2.253120
 1412.5930    2.206610    2.223471    2.230116    2.230986    2.238398
 1412.9340    2.181473    2.202869    2.211788    2.214790    2.223471
 1413.2750    2.156004    2.182100    2.193291    2.198465    2.208334
 1413.6169    2.130270    2.161158    2.174641    2.181986    2.193012
 1413.9580    2.104282    2.140036    2.155851    2.165363    2.177536
 1414.3000    2.077986    2.118761    2.136942    2.148634    2.161907
 1414.6420    2.051500    2.097361    2.117933    2.131811    2.146097
 1414.9840    2.024773    2.075766    2.098816    2.114878    2.130077
 1415.3260    1.997875    2.054077    2.079578    2.097881    2.113911
 1415.6689    1.970789    2.032215    2.060320    2.080807    2.097605
 1416.0110    1.943594    2.010216    2.040998    2.063633    2.081167
 1416.3540    1.916328    1.988127    2.021603    2.046417    2.064608
 1416.6970    1.888960    1.965889    2.002209    2.029099    2.047935
 1417.0400    1.861576    1.943523    1.982782    2.011782    2.031166
 1417.3831    1.834255    1.921057    1.963335    1.994406    2.014269
 1417.7271    1.806919    1.898483    1.943890    1.976992    1.997229
 1418.0699    1.779547    1.875801    1.924456    1.959522    1.980108
 1418.4139    1.752163    1.853029    1.905041    1.941998    1.962933
 1418.7581    1.724243    1.830172    1.885628    1.924440    1.945724
 1419.1021    1.695307    1.807251    1.866228    1.906868    1.928473
 1419.4460    1.666817    1.784267    1.846857    1.889296    1.911173
 1419.7910    1.641504    1.761244    1.827524    1.871708    1.893812
 1420.1350    1.619385    1.738178    1.808231    1.854069    1.876396
 1420.4800    1.596872    1.715117    1.788960    1.836388    1.858965
 1420.8250    1.572023    1.692072    1.769703    1.818668    1.841547
 1421.1700    1.547541    1.669056    1.750469    1.800951    1.824179
 1421.5150    1.526663    1.646080    1.731274    1.783232    1.806850
 1421.8610    1.508125    1.623188    1.712111    1.765512    1.789545
 1422.2061    1.487803    1.600418    1.692970    1.747753    1.772249
 1422.5520    1.463430    1.577780    1.673841    1.729935    1.754959
 1422.8979    1.435797    1.555275    1.654696    1.712076    1.737709
 1423.2440    1.407543    1.532959    1.635574    1.694202    1.720556
 1423.5900    1.381927    1.510853    1.616476    1.676336    1.703514
 1423.9370    1.361237    1.489002    1.597387    1.658480    1.686600
 1424.2830    1.345432    1.467386    1.578295    1.640591    1.669764
 1424.6300    1.332479    1.446024    1.559175    1.622629    1.652981
 1424.9771    1.319897    1.424963    1.540041    1.604614    1.636238
 1425.3240    1.305201    1.404217    1.520916    1.586576    1.619583
 1425.6710    1.286613    1.383797    1.501812    1.568565    1.603069
 1426.0190    1.263517    1.363668    1.482702    1.550558    1.586712
 1426.3660    1.236486    1.343861    1.463564    1.532564    1.570532
 1426.7140    1.206583    1.324385    1.444389    1.514494    1.554453
 1427.0620    1.175425    1.305244    1.425241    1.496376    1.538435
 1427.4100    1.145010    1.286367    1.406115    1.478235    1.522457
 1427.7581    1.116972    1.267757    1.387033    1.460115    1.506573
 1428.1071    1.092159    1.249418    1.367933    1.442072    1.490814
 1428.4561    1.070997    1.231342    1.348831    1.424065    1.475250
 1429.1530    1.037308    1.195761    1.310778    1.387995    1.444544
 1429.8521    1.006851    1.160738    1.273048    1.351912    1.413986
 1430.5510    0.970964    1.126066    1.235529    1.316305    1.383617
 1430.9010    0.949360    1.108700    1.216904    1.298613    1.368658
 1431.2510    0.925354    1.091314    1.198465    1.280920    1.353821
 1431.6010    0.899054    1.073938    1.180183    1.263258    1.339054
 1431.9510    0.870941    1.056448    1.162025    1.245686    1.324263
 1432.3020    0.841898    1.038778    1.143951    1.228350    1.309397
 1432.6520    0.812647    1.020941    1.126034    1.211201    1.294489
 1433.0031    0.783754    1.002987    1.108362    1.194208    1.279644
 1433.3540    0.756042    0.984865    1.090893    1.177277    1.264936
 1433.7050    0.730145    0.966494    1.073645    1.160408    1.250322
 1434.0570    0.706112    0.947870    1.056486    1.143702    1.235731
 1434.4080    0.683973    0.929035    1.039534    1.127201    1.221048
 1434.7600    0.663805    0.910011    1.022799    1.111061    1.206205
 1435.4640    0.627356    0.871153    0.990063    1.079290    1.176352
 1436.1689    0.593197    0.831409    0.957966    1.047937    1.146841
 1436.5210    0.575823    0.811314    0.942137    1.032578    1.132132
 1436.8740    0.557772    0.790989    0.926554    1.017534    1.117271
 1437.2271    0.539125    0.770462    0.911190    1.002813    1.102194
 1437.5800    0.519670    0.749853    0.895941    0.988264    1.086964
 1437.9330    0.499220    0.729197    0.880728    0.973724    1.071772
 1438.2870    0.478205    0.708439    0.865555    0.959236    1.056639
 1438.6400    0.456882    0.687548    0.850517    0.944941    1.041670
 1438.9940    0.435127    0.666630    0.835653    0.930969    1.026737
 1439.3480    0.413250    0.645824    0.820864    0.917305    1.011612
 1439.7020    0.391747    0.625137    0.806017    0.903790    0.996218
 1440.0570    0.370531    0.604464    0.791073    0.890236    0.980671
 1440.4110    0.349413    0.583889    0.776106    0.876610    0.965132
 1440.7660    0.328726    0.563576    0.761213    0.863043    0.949766
 1441.1210    0.308352    0.543583    0.746353    0.849709    0.934605
 1441.4760    0.287645    0.523798    0.731396    0.836653    0.919506
 1441.8311    0.266514    0.504145    0.716211    0.823715    0.904261
 1442.1860    0.244970    0.484770    0.700842    0.810677    0.888752
 1442.5420    0.222353    0.465784    0.685419    0.797413    0.873064
 1442.8970    0.198244    0.447142    0.669994    0.784039    0.857424
 1443.2531    0.172836    0.428621    0.654465    0.770763    0.842047
 1443.6090    0.146034    0.410254    0.638649    0.757708    0.826988
 1443.9659    0.117338    0.392258    0.622515    0.744755    0.812077
 1444.3220    0.087177    0.374638    0.606209    0.731653    0.797060
 1444.6790    0.056334    0.357153    0.589882    0.718203    0.781769
 1445.0350    0.024691    0.339689    0.573498    0.704451    0.766294
 1445.3920   -0.007275    0.322405    0.556856    0.690647    0.750910
 1445.7490   -0.038048    0.305458    0.539829    0.677013    0.735903
 1446.1071   -0.066999    0.288673    0.522535    0.663494    0.721340
 1446.4640   -0.094004    0.271772    0.505163    0.649832    0.707033
 1446.8220   -0.117805    0.254814    0.487831    0.635735    0.692654
 1447.5380   -0.153744    0.221336    0.452583    0.606413    0.663088
 1448.2540   -0.176331    0.187380    0.416174    0.577286    0.634003
 1448.9720   -0.189747    0.152960    0.380013    0.547762    0.606886
 1449.6890   -0.200804    0.117933    0.343250    0.516285    0.579613
 1450.4080   -0.216633    0.081707    0.305975    0.484812    0.551474
 1451.1281   -0.239752    0.045128    0.269606    0.453472    0.525148
 1451.8480   -0.273241    0.006851    0.232691    0.419989    0.500210
 1452.5680   -0.314222   -0.031443    0.196369    0.386356    0.473780
 1452.9290   -0.337440   -0.051182    0.178862    0.370050    0.460342
 1453.2900   -0.360683   -0.071276    0.161339    0.353628    0.447437
 1453.6510   -0.384176   -0.091145    0.143608    0.336559    0.435270
 1454.0120   -0.408035   -0.110737    0.125904    0.318876    0.423557
 1454.3740   -0.430544   -0.130604    0.108700    0.301073    0.411688
 1454.7350   -0.451267   -0.150930    0.092230    0.283752    0.399155
 1455.0970   -0.471354   -0.171082    0.076057    0.267078    0.386000
 1455.8210   -0.506653   -0.209757    0.043087    0.233580    0.359949
 1456.5460   -0.538172   -0.248943    0.011528    0.197803    0.336519
 1457.2710   -0.567287   -0.285612   -0.018105    0.163816    0.312262
 1457.9980   -0.599255   -0.321518   -0.048561    0.131651    0.285175
 1458.7240   -0.632179   -0.355089   -0.076761    0.097050    0.259689
 1459.4520   -0.667784   -0.386295   -0.104273    0.064121    0.235983
 1460.1801   -0.700514   -0.416178   -0.132893    0.034508    0.208872
 1460.9100   -0.726906   -0.442385   -0.158804    0.002426    0.180212
 1461.6390   -0.745403   -0.468801   -0.185879   -0.028780    0.154942
 1462.3700   -0.752100   -0.491013   -0.213617   -0.055271    0.128658
 1463.1010   -0.753551   -0.514378   -0.238983   -0.084089    0.097778
 1463.8330   -0.749750   -0.534290   -0.267179   -0.113499    0.068743
 1464.5660   -0.747633   -0.555315   -0.294659   -0.137230    0.042772
 1465.3000   -0.748995   -0.575087   -0.320845   -0.162861    0.012205
 1466.0341   -0.754513   -0.594500   -0.350685   -0.191053   -0.020981
 1466.7690   -0.766546   -0.615431   -0.377911   -0.213127   -0.048735
 1467.5050   -0.780390   -0.633745   -0.405674   -0.236206   -0.076698
 1468.2410   -0.798603   -0.655981   -0.436413   -0.264137   -0.111265
 1468.9780   -0.816048   -0.674074   -0.462925   -0.286057   -0.143047
 1469.7159   -0.833126   -0.696609   -0.492239   -0.307285   -0.168604
 1470.4550   -0.849182   -0.715389   -0.521982   -0.335527   -0.199860
 1471.1940   -0.861919   -0.736576   -0.546728   -0.358665   -0.235174
 1471.9340   -0.875593   -0.756218   -0.576099   -0.378813   -0.261274
 1472.6750   -0.886156   -0.774458   -0.602165   -0.407646   -0.285553
 1473.4170   -0.898390   -0.794985   -0.624775   -0.432833   -0.319265
 1474.1591   -0.909988   -0.809361   -0.652435   -0.452003   -0.348848
 1474.9030   -0.921181   -0.829473   -0.672928   -0.480829   -0.367229
 1475.6460   -0.932558   -0.840704   -0.693361   -0.508429   -0.392653
 1476.3910   -0.939945   -0.858173   -0.717037   -0.526543   -0.424915
 1477.1360   -0.946960   -0.867868   -0.731609   -0.553991   -0.443710
 1477.8831   -0.948963   -0.880711   -0.750557   -0.583542   -0.457933
 1478.6300   -0.950356   -0.891165   -0.768761   -0.600187   -0.485399
 1479.3770   -0.950821   -0.898355   -0.779030   -0.624500   -0.508793
 1480.1260   -0.950975   -0.911190   -0.796967   -0.655018   -0.516470
 1481.2500   -0.954287   -0.920458   -0.812704   -0.677387   -0.547033
 1482.0000   -0.957897   -0.928192   -0.827047   -0.705114   -0.568781
 1482.7510   -0.960785   -0.931889   -0.840824   -0.728739   -0.572855
 1483.8790   -0.966255   -0.942562   -0.853966   -0.745863   -0.599445
 1484.6320   -0.970089   -0.952452   -0.869698   -0.774044   -0.620024
 1486.5179   -0.977613   -0.975719   -0.896402   -0.803907   -0.645182
 1487.2740   -0.981632   -0.973957   -0.902847   -0.827602   -0.666231
 1490.6840   -0.997013   -1.525551   -0.939718   -0.854618   -0.706659
 1493.7280   -1.010973   -1.638821   -0.974203   -0.896915   -0.758478
 1496.7850   -1.021587   -1.381493   -1.000051   -0.930851   -0.807768
 1499.8540   -1.032358   -1.184654   -1.020424   -0.961420   -0.856142
 1502.9360   -1.040091   -1.098917   -1.033201   -0.986237   -0.900286
 1506.0300   -1.049334   -1.079277   -1.044693   -1.008659   -0.941877
 1509.1379   -1.056604   -1.080545   -1.053431   -1.025314   -0.977365
 1512.2581   -1.065966   -1.087496   -1.064764   -1.040586   -1.009581
 1515.3910   -1.072937   -1.091183   -1.074951   -1.051733   -1.034813
 1518.5370   -1.081263   -1.097742   -1.087852   -1.063702   -1.056828
 1524.8690   -1.093025   -1.113493   -1.109976   -1.083393   -1.084595
 1534.4659   -1.106731   -1.132402   -1.127197   -1.104715   -1.101055
 1550.7321   -1.125641   -1.149408   -1.143156   -1.129637   -1.119101
 1560.6591   -1.129730   -1.152477   -1.169905   -1.142860   -1.134163
 1563.9960   -1.132143   -1.152618   -1.235062   -1.148455   -1.140232
 1567.3470   -1.131578   -1.148045   -1.379313   -1.150330   -1.142445
 1570.7130   -1.132933   -1.147343   -1.597944   -1.153755   -1.146070
 1574.0930   -1.131126   -1.147118   -1.647161   -1.153730   -1.146746
 1577.4880   -1.131449   -1.152174   -1.455263   -1.155945   -1.150770
 1580.8979   -1.129023   -1.155474   -1.283104   -1.155281   -1.152599
 1584.3220   -1.129122   -1.160704   -1.204189   -1.157284   -1.154034
 1587.7610   -1.126883   -1.161497   -1.176487   -1.156755   -1.145306
 1594.6851   -1.126766   -1.160421   -1.167280   -1.158508   -1.122578
 1612.2600   -1.132015   -1.141895   -1.145531   -1.141493   -1.140285
 1630.2280   -1.111034   -1.120359   -1.129427   -1.141253   -1.148125
 1637.5270   -1.102362   -1.118656   -1.132256   -1.187515   -1.152439
 1641.2010   -1.101698   -1.121845   -1.137558   -1.267784   -1.156874
 1644.8920   -1.100487   -1.124557   -1.141867   -1.371069   -1.159931
 1648.6000   -1.103815   -1.131886   -1.150471   -1.420559   -1.167753
 1652.3240   -1.107332   -1.138351   -1.157616   -1.358139   -1.174976
 1656.0649   -1.116100   -1.148993   -1.168468   -1.276709   -1.187574
 1659.8230   -1.123627   -1.157928   -1.177067   -1.229193   -1.199598
     19.00  611    5   6000.00  10000.00  15000.00  20000.00  25000.00
  700.1550    0.126747    0.030113   -0.031353   -0.077955   -0.112867
  703.5220    0.141199    0.051113   -0.015657   -0.063391   -0.095972
  707.6060    0.159206    0.066996    0.001993   -0.044182   -0.074993
  711.7370    0.177855    0.086075    0.019823   -0.024582   -0.054304
  715.9170    0.194902    0.105408    0.038223   -0.005688   -0.033905
  720.1460    0.213890    0.124374    0.057856    0.013386   -0.013506
  724.4260    0.231215    0.142733    0.077114    0.033705    0.007406
  728.7570    0.250689    0.162266    0.096146    0.055302    0.028694
  733.1390    0.270702    0.183043    0.114645    0.077805    0.049374
  736.8320    0.287310    0.199617    0.134750    0.096527    0.066139
  741.3130    0.307388    0.218956    0.155275    0.117968    0.086573
  745.8480    0.326540    0.238348    0.176380    0.138523    0.107616
  750.4400    0.346275    0.257990    0.198519    0.159416    0.129625
  754.3090    0.363443    0.275496    0.217457    0.177103    0.150419
  758.2190    0.380699    0.293737    0.236235    0.195013    0.170614
  762.9650    0.400711    0.316347    0.257967    0.216984    0.192678
  766.1610    0.414722    0.331570    0.272190    0.231852    0.212774
  771.0070    0.437845    0.353416    0.293938    0.254742    0.221544
  775.0920    0.456381    0.371511    0.312304    0.275333    0.244450
  778.3920    0.469704    0.386730    0.327093    0.292366    0.264818
  782.5560    0.490311    0.406609    0.345766    0.312029    0.286007
  786.7640    0.508301    0.428102    0.365189    0.331144    0.304512
  791.0190    0.527592    0.443827    0.385981    0.349121    0.323376
  795.3190    0.547541    0.464787    0.407204    0.369680    0.342955
  799.6670    0.567743    0.484827    0.427973    0.385464    0.363293
  803.1790    0.584061    0.500484    0.444592    0.408003    0.380138
  807.6140    0.604193    0.520943    0.465858    0.431572    0.401297
  812.0970    0.624292    0.541965    0.486486    0.448118    0.422049
  816.6300    0.644272    0.563374    0.506464    0.468731    0.443027
  821.2150    0.664934    0.585529    0.526728    0.491446    0.465160
  825.8510    0.686689    0.607990    0.549114    0.513750    0.488636
  830.5400    0.708361    0.629602    0.572233    0.536066    0.512697
  835.2820    0.729975    0.651423    0.594879    0.559715    0.536798
  839.1150    0.747187    0.669689    0.617031    0.579533    0.556326
  842.9830    0.764565    0.687716    0.632973    0.599512    0.576342
  846.8880    0.783403    0.705145    0.649685    0.619469    0.596861
  850.8280    0.802513    0.723324    0.671034    0.639566    0.617828
  854.8060    0.821199    0.742907    0.692493    0.660126    0.639198
  858.8200    0.838144    0.762903    0.712826    0.681250    0.660789
  862.8730    0.857447    0.782925    0.733286    0.702705    0.682623
  866.9640    0.876558    0.803545    0.754333    0.724457    0.704700
  871.0940    0.895672    0.824419    0.775625    0.746416    0.727060
  875.2640    0.915142    0.845440    0.797005    0.768534    0.749891
  879.4730    0.934397    0.865316    0.818668    0.791073    0.773026
  883.7240    0.954233    0.885469    0.840702    0.813995    0.795895
  888.0150    0.974705    0.907766    0.863180    0.837196    0.818207
  892.3490    0.995411    0.927130    0.885752    0.860201    0.840294
  896.7250    1.016155    0.952265    0.908352    0.882599    0.862495
  901.1440    1.037148    0.973118    0.931036    0.904814    0.885050
  905.6070    1.058540    0.994511    0.953886    0.927412    0.908302
  910.1140    1.079977    1.017368    0.976606    0.950325    0.932743
  914.6670    1.101162    1.040247    0.999062    0.973215    0.957012
  919.2650    1.122608    1.062996    1.021685    0.996613    0.980194
  923.9100    1.144449    1.085682    1.044540    1.020611    1.003029
  928.6020    1.166489    1.108057    1.067778    1.044304    1.026941
  932.1520    1.182957    1.124895    1.085861    1.062733    1.048170
  935.7300    1.199865    1.141794    1.104010    1.081671    1.071514
  940.5430    1.222221    1.164234    1.127428    1.104521    1.089022
  942.9680    1.233021    1.175657    1.139502    1.116276    1.110926
  946.6290    1.249052    1.193096    1.158333    1.138430    1.135546
  950.0100    1.264322    1.208763    1.174961    1.161158    1.150818
  953.1050    1.275196    1.222534    1.188732    1.176294    1.171873
  955.9080    1.288250    1.235655    1.203577    1.192513    1.192205
  957.9420    1.298000    1.245932    1.217247    1.213305    1.208656
  959.8280    1.306490    1.255802    1.231827    1.233833    1.226934
  961.7210    1.314604    1.266068    1.247581    1.245092    1.248463
  963.4630    1.321909    1.276255    1.263044    1.259331    1.270376
  964.5740    1.326807    1.283504    1.273766    1.280943    1.285107
  965.8480    1.332943    1.292898    1.287287    1.302029    1.302633
  967.2850    1.340662    1.305050    1.304512    1.320728    1.323231
  968.7260    1.349121    1.318794    1.323664    1.337318    1.344687
  970.1720    1.358107    1.333609    1.343842    1.356905    1.366684
  971.6220    1.367523    1.348869    1.363724    1.378561    1.388741
  973.0760    1.377453    1.363932    1.382126    1.399050    1.410322
  974.5340    1.387745    1.378433    1.398705    1.417389    1.431026
  976.1600    1.399086    1.393751    1.415657    1.436337    1.452705
  977.9550    1.410643    1.409578    1.434074    1.456184    1.474594
  979.9200    1.421719    1.425142    1.454281    1.475555    1.495628
  982.2230    1.433338    1.439854    1.473749    1.493931    1.515661
  985.6980    1.452017    1.455788    1.486473    1.513432    1.536053
  988.8630    1.472771    1.473253    1.494572    1.523825    1.546629
  991.5440    1.489677    1.493807    1.507423    1.531044    1.552523
  994.0700    1.503899    1.513670    1.527437    1.539991    1.557783
  996.9500    1.518566    1.534065    1.548660    1.554901    1.566673
  999.6750    1.532448    1.551048    1.568670    1.574911    1.580868
 1002.0720    1.548267    1.562103    1.585178    1.595816    1.598495
 1004.4800    1.567085    1.571011    1.600222    1.616360    1.619249
 1006.9000    1.583946    1.584579    1.612074    1.633802    1.640362
 1009.3310    1.597168    1.604582    1.620428    1.647411    1.659374
 1011.7750    1.611458    1.624695    1.629980    1.657591    1.674944
 1014.5810    1.631769    1.645864    1.646923    1.666584    1.688339
 1017.0500    1.651337    1.664463    1.667116    1.675201    1.697186
 1019.1760    1.667732    1.676401    1.687618    1.686010    1.704039
 1021.3110    1.681612    1.687958    1.708250    1.701378    1.711918
 1023.6330    1.694220    1.704279    1.727200    1.722445    1.723545
 1025.7870    1.707758    1.718544    1.740789    1.743729    1.738369
 1027.5880    1.722115    1.739826    1.750200    1.761032    1.753736
 1029.7581    1.739540    1.757708    1.760935    1.779705    1.774750
 1031.7560    1.752226    1.769341    1.772242    1.794064    1.794802
 1033.9430    1.764065    1.780561    1.788162    1.806797    1.815437
 1036.3240    1.777840    1.793909    1.809444    1.818438    1.834433
 1038.5310    1.792910    1.808144    1.829966    1.829355    1.848244
 1041.1180    1.813974    1.828918    1.850952    1.845234    1.860703
 1043.5320    1.831882    1.849474    1.866016    1.864256    1.871054
 1045.7700    1.845123    1.865192    1.876818    1.884274    1.881908
 1048.2050    1.861708    1.878078    1.887583    1.905590    1.896912
 1050.8400    1.883064    1.890432    1.902014    1.924646    1.917196
 1053.2990    1.901127    1.906490    1.920019    1.937578    1.938265
 1055.7700    1.915665    1.927427    1.940432    1.947586    1.958864
 1058.2520    1.931112    1.948383    1.959150    1.958067    1.976681
 1060.7460    1.951712    1.965302    1.973946    1.972120    1.990734
 1063.4449    1.972309    1.980066    1.987251    1.992088    2.002684
 1065.9640    1.988914    1.996336    2.001171    2.012964    2.013386
 1068.4940    2.002987    2.017159    2.019365    2.032860    2.026573
 1071.0370    2.023993    2.038462    2.041037    2.049528    2.043873
 1073.3940    2.044188    2.054728    2.061075    2.062056    2.062958
 1075.7620    2.061226    2.067703    2.078384    2.074341    2.083179
 1078.3400    2.078529    2.082785    2.093632    2.090117    2.103735
 1080.9290    2.098610    2.102982    2.108158    2.110220    2.121199
 1083.3311    2.117636    2.123655    2.124439    2.131491    2.134911
 1085.7430    2.133602    2.141794    2.144419    2.152594    2.148201
 1088.1660    2.149342    2.157154    2.165749    2.171316    2.163549
 1090.5990    2.170027    2.173653    2.185146    2.187351    2.182613
 1092.8400    2.189547    2.192400    2.200302    2.201344    2.203114
 1094.8850    2.204445    2.211494    2.213518    2.215611    2.223185
 1096.9370    2.219793    2.230091    2.228733    2.232868    2.243336
 1098.9980    2.238548    2.247114    2.247728    2.253460    2.262760
 1100.8580    2.257103    2.262569    2.268017    2.274113    2.279598
 1102.7260    2.275726    2.280624    2.290123    2.295654    2.296467
 1104.5990    2.294950    2.302633    2.312601    2.317165    2.314373
 1106.2700    2.313889    2.324839    2.332237    2.335979    2.331974
 1107.7360    2.332701    2.344902    2.349258    2.352356    2.349005
 1109.2061    2.353243    2.364456    2.366535    2.368956    2.367487
 1110.6790    2.373867    2.382954    2.384460    2.386124    2.387051
 1112.1570    2.392715    2.400520    2.403137    2.403961    2.407085
 1113.8510    2.411081    2.419857    2.424881    2.425013    2.429607
 1115.5500    2.427210    2.438526    2.445930    2.446056    2.450726
 1117.2540    2.442574    2.455879    2.464863    2.466082    2.469690
 1119.1770    2.459091    2.472668    2.482445    2.486118    2.488071
 1121.7510    2.480410    2.490759    2.500237    2.507572    2.508394
 1123.9060    2.501156    2.505951    2.513432    2.521751    2.523422
 1125.8521    2.522535    2.523434    2.527489    2.533823    2.537189
 1127.8051    2.542614    2.544786    2.545345    2.547640    2.552376
 1129.7650    2.559441    2.567015    2.566462    2.564878    2.569572
 1131.7321    2.576641    2.586802    2.588654    2.585709    2.588675
 1133.4850    2.595871    2.601963    2.607454    2.606144    2.606823
 1135.2450    2.618059    2.617001    2.624695    2.626823    2.625549
 1137.0090    2.639635    2.634638    2.640968    2.646492    2.644518
 1138.7800    2.659117    2.655926    2.657696    2.664652    2.663549
 1140.3330    2.676208    2.676382    2.673878    2.679665    2.680290
 1141.8910    2.695395    2.696680    2.692026    2.694746    2.697247
 1143.4530    2.716503    2.715687    2.711960    2.710930    2.714622
 1145.0190    2.737543    2.733727    2.732933    2.729052    2.732643
 1146.5900    2.757099    2.752279    2.754080    2.749413    2.751518
 1148.1650    2.776075    2.772827    2.774837    2.771624    2.771412
 1149.7440    2.796602    2.795582    2.795240    2.794823    2.792469
 1151.1010    2.815956    2.815916    2.812901    2.814734    2.811354
 1152.6880    2.839165    2.839157    2.834459    2.837412    2.834217
 1154.0520    2.858351    2.858128    2.854221    2.856300    2.854366
 1155.4200    2.877222    2.876732    2.875223    2.875044    2.874887
 1156.7900    2.897247    2.896074    2.897104    2.894283    2.895676
 1158.1639    2.919245    2.917095    2.919298    2.914703    2.916754
 1159.5410    2.942356    2.939798    2.941313    2.936754    2.938269
 1160.9210    2.965126    2.963301    2.963055    2.960461    2.960457
 1162.0740    2.983730    2.982746    2.981266    2.981167    2.979662
 1163.2290    3.002857    3.001863    3.000000    3.002296    2.999643
 1164.3860    3.023252    3.021065    3.019781    3.023458    3.020445
 1165.5460    3.044931    3.041117    3.040760    3.044344    3.041985
 1166.7080    3.066998    3.062620    3.062958    3.065020    3.064083
 1167.8719    3.088810    3.085611    3.085968    3.085789    3.086645
 1169.0389    3.110758    3.109545    3.109343    3.107141    3.109444
 1170.2080    3.133730    3.133698    3.132740    3.129625    3.132515
 1171.3790    3.158211    3.157700    3.156185    3.153664    3.155912
 1172.3180    3.178602    3.177017    3.175308    3.174030    3.175106
 1173.2581    3.199289    3.196867    3.195068    3.195318    3.194874
 1174.2000    3.220161    3.217615    3.215796    3.217300    3.215452
 1175.1429    3.241472    3.239475    3.237669    3.239674    3.236965
 1176.0880    3.263542    3.262260    3.260643    3.262308    3.259474
 1177.0341    3.286524    3.285669    3.284454    3.285107    3.282963
 1177.9821    3.310333    3.309460    3.308842    3.308180    3.307325
 1178.9310    3.334736    3.333569    3.333548    3.331791    3.332378
 1179.8820    3.359798    3.358278    3.358505    3.356236    3.357954
 1180.8350    3.385677    3.383888    3.383942    3.381819    3.383976
 1181.5500    3.405704    3.403858    3.403498    3.401848    3.403807
 1182.2660    3.426235    3.424473    3.423672    3.422638    3.423933
 1182.9830    3.447235    3.445713    3.444592    3.444138    3.444513
 1183.7010    3.468731    3.467489    3.466290    3.466290    3.465620
 1184.4200    3.490829    3.489803    3.488777    3.489002    3.487434
 1185.1400    3.513643    3.512684    3.511990    3.512218    3.510048
 1185.8600    3.537291    3.536217    3.535839    3.535927    3.533569
 1186.5820    3.561710    3.560516    3.560278    3.560169    3.558025
 1187.3040    3.586813    3.585619    3.585291    3.585020    3.583414
 1188.0270    3.612530    3.611542    3.610970    3.610607    3.609701
 1188.7510    3.638939    3.638229    3.637421    3.637049    3.636818
 1189.4760    3.666210    3.665657    3.664764    3.664434    3.664707
 1190.2020    3.694527    3.693876    3.693119    3.692839    3.693340
 1190.9290    3.723932    3.723011    3.722527    3.722281    3.722740
 1191.4139    3.744129    3.743048    3.742733    3.742474    3.742819
 1191.8990    3.764782    3.763622    3.763405    3.763136    3.763308
 1192.3850    3.785892    3.784775    3.784554    3.784254    3.784267
 1192.8710    3.807487    3.806505    3.806179    3.805855    3.805738
 1193.3580    3.829613    3.828815    3.828318    3.827957    3.827770
 1193.8440    3.852310    3.851692    3.850994    3.850609    3.850407
 1194.3320    3.875622    3.875130    3.874268    3.873850    3.873699
 1194.8199    3.899569    3.899124    3.898188    3.897732    3.897665
 1195.3080    3.924160    3.923721    3.922804    3.922310    3.922340
 1195.7960    3.949429    3.948956    3.948164    3.947630    3.947739
 1196.2850    3.975414    3.974903    3.974295    3.973742    3.973875
 1196.7750    4.002167    4.001648    4.001215    4.000650    4.000782
 1197.2640    4.029749    4.029181    4.028978    4.028450    4.028450
 1197.7540    4.058197    4.057629    4.057514    4.057056    4.056942
 1198.2450    4.087532    4.086964    4.086893    4.086538    4.086254
 1198.7360    4.117802    4.117237    4.117172    4.116940    4.116541
 1199.2271    4.149035    4.148479    4.148355    4.148264    4.147770
 1199.7190    4.181244    4.180756    4.180555    4.180584    4.180069
 1200.2111    4.214579    4.214128    4.213863    4.213943    4.213545
 1200.7040    4.249077    4.248684    4.248365    4.248463    4.248219
 1201.1970    4.284836    4.284521    4.284161    4.284250    4.284184
 1201.6899    4.321951    4.321682    4.321308    4.321392    4.321537
 1202.1840    4.360479    4.360252    4.359930    4.359987    4.360329
 1202.6780    4.400503    4.400314    4.400055    4.400141    4.400642
 1202.9250    4.421110    4.420944    4.420731    4.420830    4.421391
 1203.1730    4.442135    4.441963    4.441805    4.441946    4.442543
 1203.4200    4.463594    4.463415    4.463310    4.463490    4.464117
 1203.6680    4.485495    4.485310    4.485252    4.485495    4.486134
 1203.9150    4.507856    4.507654    4.507668    4.507950    4.508596
 1204.1630    4.530685    4.530495    4.530558    4.530891    4.531517
 1204.4110    4.554016    4.553822    4.553932    4.554319    4.554937
 1204.6591    4.577848    4.577663    4.577837    4.578260    4.578857
 1204.9070    4.602211    4.602049    4.602266    4.602722    4.603306
 1205.1550    4.627110    4.626987    4.627264    4.627745    4.628296
 1205.4030    4.652584    4.652508    4.652826    4.653328    4.653868
 1205.6520    4.678646    4.678619    4.678991    4.679501    4.680027
 1205.9000    4.705324    4.705351    4.705778    4.706299    4.706802
 1206.1490    4.732635    4.732716    4.733206    4.733734    4.734232
 1206.3970    4.760611    4.760746    4.761295    4.761837    4.762325
 1206.6460    4.789278    4.789461    4.790066    4.790630    4.791107
 1206.8950    4.818661    4.818886    4.819550    4.820135    4.820608
 1207.1440    4.848780    4.849056    4.849770    4.850389    4.850861
 1207.3929    4.879663    4.879995    4.880751    4.881413    4.881874
 1207.6420    4.911350    4.911732    4.912525    4.913231    4.913696
 1207.8920    4.943861    4.944300    4.945124    4.945873    4.946339
 1208.1410    4.977230    4.977728    4.978577    4.979362    4.979839
 1208.3910    5.011486    5.012035    5.012920    5.013721    5.014227
 1208.6400    5.046690    5.047276    5.048208    5.049025    5.049528
 1208.8900    5.082821    5.083467    5.084396    5.085255    5.085754
 1209.1400    5.119949    5.120672    5.121626    5.122444    5.123001
 1209.3900    5.158091    5.158844    5.159838    5.160679    5.161219
 1209.6400    5.197281    5.198107    5.199123    5.199921    5.200523
 1209.8900    5.237568    5.238422    5.239475    5.240274    5.240873
 1210.1400    5.278982    5.279873    5.280943    5.281715    5.282351
 1210.3900    5.321537    5.322447    5.323521    5.324284    5.324961
 1210.6410    5.365244    5.366180    5.367264    5.368008    5.368713
 1210.8910    5.410135    5.411098    5.412159    5.412897    5.413618
 1211.1420    5.456215    5.457186    5.458229    5.458954    5.459709
 1211.3929    5.503477    5.504457    5.505476    5.506193    5.506966
 1211.6429    5.551926    5.552898    5.553871    5.554586    5.555361
 1211.8940    5.601517    5.602472    5.603382    5.604095    5.604874
 1212.1450    5.652180    5.653107    5.653965    5.654667    5.655436
 1212.3970    5.703842    5.704725    5.705521    5.706196    5.706940
 1212.6479    5.756371    5.757191    5.757904    5.758556    5.759237
 1212.8990    5.809559    5.810314    5.810932    5.811535    5.812138
 1213.1510    5.863163    5.863815    5.864315    5.864861    5.865358
 1213.4020    5.916790    5.917328    5.917690    5.918156    5.918533
 1213.6541    5.969933    5.970314    5.970537    5.970900    5.971142
 1213.9060    6.021851    6.022057    6.022141    6.022387    6.022429
 1214.1580    6.071587    6.071587    6.071476    6.071476    6.071329
 1214.4091    6.117702    6.117405    6.117039    6.116741    6.116276
 1214.6620    6.158211    6.157547    6.156822    6.156124    6.155245
 1214.9139    6.190613    6.189547    6.188395    6.187181    6.185938
 1215.1660    6.212189    6.210747    6.209221    6.207634    6.206123
 1216.1760    6.168381    6.167820    6.167080    6.166311    6.165897
 1216.4290    6.131554    6.131363    6.131041    6.130783    6.130783
 1216.6820    6.089304    6.089411    6.089411    6.089516    6.089870
 1216.9351    6.043520    6.043873    6.044109    6.044540    6.045050
 1217.1880    5.995605    5.996109    5.996548    5.997215    5.997849
 1217.4420    5.946472    5.947100    5.947733    5.948584    5.949268
 1217.6949    5.896807    5.897528    5.898331    5.899305    5.900028
 1217.9480    5.847092    5.847881    5.848824    5.849855    5.850616
 1218.2020    5.797689    5.798527    5.799568    5.800600    5.801397
 1218.4561    5.748846    5.749714    5.750816    5.751802    5.752625
 1218.7090    5.700747    5.701637    5.702740    5.703678    5.704502
 1218.9630    5.653530    5.654417    5.655483    5.656376    5.657152
 1219.2170    5.607285    5.608162    5.609135    5.609989    5.610672
 1219.4709    5.562067    5.562899    5.563766    5.564583    5.565128
 1219.7250    5.517921    5.518673    5.519407    5.520182    5.520561
 1219.9800    5.474842    5.475483    5.476093    5.476803    5.477020
 1220.2340    5.432842    5.433338    5.433849    5.434441    5.434521
 1220.4890    5.391905    5.392204    5.392662    5.393101    5.393101
 1220.7430    5.352009    5.352085    5.352510    5.352779    5.352760
 1220.9980    5.313150    5.312981    5.313381    5.313467    5.313551
 1221.2531    5.275288    5.274874    5.275242    5.275196    5.275473
 1221.5081    5.238373    5.237770    5.238071    5.237995    5.238523
 1221.7629    5.202406    5.201643    5.201862    5.201862    5.202705
 1222.0179    5.167288    5.166489    5.166607    5.166786    5.167967
 1222.2729    5.133060    5.132259    5.132355    5.132805    5.134304
 1222.5291    5.099680    5.098955    5.099058    5.099922    5.101679
 1222.7841    5.067108    5.066513    5.066772    5.068037    5.070038
 1223.0400    5.035389    5.034950    5.035509    5.037228    5.039295
 1223.2950    5.004494    5.004278    5.005222    5.007364    5.009493
 1223.5510    4.974438    4.974461    4.975950    4.978436    4.980516
 1223.8070    4.945217    4.945562    4.947649    4.950378    4.952385
 1224.0630    4.916822    4.917583    4.920290    4.923161    4.925064
 1224.3190    4.889240    4.890554    4.893829    4.896730    4.898550
 1224.5750    4.862476    4.864470    4.868216    4.871059    4.872826
 1224.8320    4.836546    4.839333    4.843407    4.846138    4.847906
 1225.0880    4.811460    4.815113    4.819359    4.821959    4.823788
 1225.3450    4.787270    4.791767    4.796047    4.798527    4.800484
 1225.6010    4.763988    4.769258    4.773443    4.775843    4.777992
 1225.8580    4.741640    4.747520    4.751549    4.753942    4.756317
 1226.1150    4.720234    4.726515    4.730354    4.732821    4.735439
 1226.3719    4.699726    4.706196    4.709881    4.712482    4.715343
 1226.8860    4.661274    4.667509    4.671099    4.674135    4.677341
 1227.4010    4.625795    4.631413    4.635212    4.638689    4.641911
 1227.9160    4.592876    4.597916    4.602039    4.605659    4.608482
 1228.4320    4.562258    4.566944    4.571127    4.574368    4.576376
 1228.9480    4.533798    4.538109    4.541767    4.543993    4.544874
 1229.4640    4.507195    4.510693    4.513071    4.513763    4.513311
 1229.9810    4.481714    4.483673    4.484116    4.482960    4.481127
 1230.4980    4.456276    4.456001    4.454128    4.451019    4.447855
 1231.0160    4.429655    4.426739    4.422474    4.417604    4.413233
 1231.5341    4.400728    4.395205    4.388828    4.382504    4.377087
 1232.0530    4.368790    4.361105    4.353012    4.345707    4.339432
 1232.5720    4.333508    4.324364    4.315151    4.307304    4.300400
 1233.0909    4.295040    4.285219    4.275450    4.267477    4.260191
 1233.3510    4.274757    4.264866    4.255032    4.247089    4.239700
 1233.6110    4.253895    4.244080    4.234289    4.226471    4.219061
 1233.8710    4.232538    4.222923    4.213280    4.205610    4.198244
 1234.1320    4.210800    4.201479    4.192066    4.184607    4.177334
 1234.3920    4.188816    4.179781    4.170673    4.163460    4.156338
 1234.6530    4.166637    4.157940    4.149158    4.142202    4.135323
 1234.9130    4.144419    4.136055    4.127590    4.120903    4.114311
 1235.1740    4.122215    4.114111    4.106022    4.099611    4.093351
 1235.4351    4.100163    4.092264    4.084469    4.078312    4.072472
 1235.6949    4.078239    4.070480    4.063034    4.057133    4.051655
 1235.9561    4.056562    4.048908    4.041668    4.036030    4.031004
 1236.2180    4.035110    4.027512    4.020445    4.015108    4.010511
 1236.4790    4.013973    4.006338    3.999432    3.994352    3.990149
 1236.7400    3.993092    3.985405    3.978619    3.973797    3.969990
 1237.0020    3.972500    3.964750    3.958042    3.953474    3.950029
 1237.2629    3.952183    3.944370    3.937723    3.933401    3.930277
 1237.5250    3.932133    3.924253    3.917679    3.913597    3.910748
 1238.0480    3.892818    3.884830    3.878447    3.874817    3.872372
 1238.5730    3.854464    3.846424    3.840401    3.837166    3.834967
 1239.0970    3.816982    3.808987    3.803518    3.800621    3.798561
 1239.6219    3.780281    3.772497    3.767727    3.765118    3.763187
 1240.1479    3.744263    3.736938    3.732948    3.730579    3.728882
 1240.6730    3.708862    3.702311    3.699074    3.696924    3.695648
 1241.2000    3.674080    3.668581    3.666050    3.664124    3.663475
 1241.7271    3.639975    3.635695    3.633831    3.632164    3.632336
 1242.2540    3.606628    3.603588    3.602428    3.601059    3.602169
 1242.7820    3.574078    3.572231    3.571848    3.570858    3.572872
 1243.3101    3.542364    3.541616    3.542128    3.541580    3.544365
 1243.8380    3.511496    3.511776    3.513271    3.513231    3.516535
 1244.3669    3.481472    3.482817    3.485252    3.485806    3.489298
 1244.8970    3.452354    3.454769    3.458033    3.459257    3.462593
 1245.4270    3.424229    3.427666    3.431524    3.433466    3.436386
 1245.9570    3.397123    3.401470    3.405687    3.408360    3.410675
 1246.4880    3.371050    3.376102    3.380428    3.383850    3.385534
 1247.0190    3.345922    3.351448    3.355778    3.359837    3.361010
 1247.5510    3.321661    3.327461    3.331711    3.336319    3.337160
 1248.0830    3.298199    3.304060    3.308308    3.313297    3.314098
 1248.6160    3.275541    3.281328    3.285625    3.290857    3.291836
 1249.1490    3.253750    3.259331    3.263754    3.269047    3.270422
 1249.6820    3.232819    3.238146    3.242741    3.247997    3.249784
 1250.2159    3.212746    3.217800    3.222561    3.227734    3.229860
 1251.0179    3.184038    3.188816    3.193682    3.198877    3.201206
 1251.8210    3.156700    3.161367    3.166224    3.171757    3.173681
 1252.6250    3.130558    3.135132    3.139879    3.146004    3.147057
 1253.4301    3.105782    3.109949    3.114477    3.121199    3.121265
 1254.2360    3.082317    3.086040    3.090117    3.097015    3.096458
 1255.0430    3.059942    3.063559    3.067108    3.073315    3.072910
 1255.8510    3.038301    3.042536    3.045635    3.050224    3.050882
 1256.6600    3.017408    3.022635    3.025715    3.028124    3.030600
 1257.4709    2.997482    3.003460    3.007065    3.007278    3.011993
 1258.5520    2.972717    2.978464    2.983482    2.981777    2.989307
 1259.6360    2.949497    2.954397    2.960394    2.958530    2.967993
 1260.7220    2.927109    2.931915    2.937569    2.936680    2.946899
 1261.8090    2.905867    2.911009    2.915489    2.915367    2.925379
 1262.8990    2.886276    2.890823    2.894793    2.894365    2.903534
 1263.9900    2.867733    2.870604    2.875502    2.874208    2.882057
 1265.0830    2.849316    2.850634    2.856928    2.855761    2.861828
 1266.4520    2.826851    2.827602    2.833498    2.835831    2.838968
 1267.8240    2.805969    2.807541    2.809822    2.818497    2.818312
 1269.1990    2.785650    2.789030    2.787745    2.801437    2.798237
 1270.5770    2.765728    2.770624    2.769022    2.782681    2.777296
 1271.9580    2.748034    2.752901    2.753185    2.762161    2.755409
 1273.3420    2.731951    2.736858    2.737925    2.741592    2.733984
 1275.0060    2.712103    2.718502    2.718262    2.719481    2.711529
 1276.6760    2.693445    2.698483    2.698753    2.700514    2.693903
 1278.3490    2.676264    2.677908    2.682570    2.682074    2.679356
 1280.0270    2.657429    2.659744    2.669037    2.661888    2.664774
 1281.7090    2.639338    2.642988    2.654032    2.640928    2.648760
 1283.6770    2.620792    2.622089    2.632214    2.619896    2.630325
 1285.6520    2.602352    2.603426    2.610128    2.605198    2.616192
 1287.9160    2.586046    2.589725    2.589760    2.592287    2.605768
 1290.4720    2.567062    2.573927    2.567486    2.576088    2.592709
 1292.7531    2.549641    2.556929    2.546173    2.561947    2.572849
 1294.7550    2.535547    2.544403    2.533136    2.553082    2.550619
 1296.7640    2.518211    2.530315    2.527115    2.545715    2.529404
 1299.0670    2.501989    2.509136    2.520222    2.532717    2.511013
 1301.3781    2.489662    2.491333    2.507370    2.511629    2.496708
 1303.4070    2.479244    2.480453    2.496181    2.490604    2.482845
 1306.0260    2.470587    2.464922    2.488142    2.469322    2.461227
 1308.9470    2.456396    2.454693    2.475990    2.454250    2.440878
 1311.2939    2.444248    2.455423    2.455698    2.440752    2.435112
 1313.6490    2.431782    2.450388    2.433546    2.423754    2.437735
 1316.9010    2.410473    2.434761    2.415642    2.408461    2.442856
 1321.9590    2.399847    2.414806    2.395624    2.423508    2.439255
 1324.3521    2.396320    2.394680    2.388493    2.429720    2.438858
 1328.2600    2.397923    2.374620    2.397610    2.425713    2.440737
 1333.1021    2.378870    2.369123    2.411602    2.423868    2.420418
 1335.5360    2.368584    2.369513    2.411098    2.422558    2.397331
 1337.6740    2.354704    2.377834    2.411030    2.413986    2.375517
 1340.1240    2.345551    2.391430    2.412342    2.393909    2.355413
 1342.2760    2.347857    2.398617    2.410254    2.371511    2.344471
 1344.4351    2.351912    2.399431    2.400072    2.351332    2.337580
 1346.9110    2.358429    2.398079    2.377762    2.336580    2.328970
 1349.0850    2.371252    2.397888    2.354780    2.329845    2.317331
 1351.8900    2.387888    2.391817    2.333286    2.321930    2.298897
 1354.7070    2.390245    2.369884    2.325331    2.309757    2.288450
 1356.9060    2.387318    2.346861    2.322054    2.301182    2.295324
 1359.1121    2.385464    2.329967    2.316032    2.300726    2.317688
 1360.6920    2.381872    2.324900    2.310736    2.308521    2.340782
 1361.9590    2.375317    2.324160    2.307987    2.320042    2.361406
 1363.2280    2.365095    2.324654    2.308565    2.335598    2.382305
 1364.8180    2.349569    2.325003    2.316389    2.359039    2.407051
 1366.0930    2.338516    2.324694    2.329153    2.379396    2.424751
 1367.3700    2.331711    2.324900    2.347193    2.399864    2.440248
 1368.6490    2.330170    2.327461    2.368975    2.419575    2.453564
 1369.9310    2.332842    2.334414    2.392591    2.437988    2.465099
 1371.2150    2.337500    2.347076    2.416208    2.454891    2.475452
 1372.5010    2.342382    2.365488    2.438400    2.470381    2.485352
 1373.7900    2.347446    2.388439    2.458412    2.484755    2.495544
 1375.0811    2.354416    2.413919    2.476049    2.498434    2.506681
 1376.3750    2.365862    2.439901    2.491671    2.511883    2.519197
 1377.6710    2.383636    2.464743    2.505964    2.525497    2.533264
 1378.9700    2.407663    2.487534    2.519802    2.539616    2.548771
 1379.9460    2.428686    2.503151    2.530367    2.550619    2.561125
 1380.9230    2.450956    2.517591    2.541391    2.561983    2.573870
 1381.9010    2.473282    2.531120    2.553034    2.573660    2.586733
 1382.8810    2.494724    2.544031    2.565340    2.585539    2.599424
 1384.1890    2.521008    2.560827    2.582676    2.601440    2.615593
 1385.5000    2.544378    2.577744    2.600636    2.616980    2.630337
 1386.8140    2.565351    2.595188    2.618570    2.631647    2.643078
 1388.4590    2.589725    2.617765    2.639786    2.647921    2.655514
 1390.1080    2.613821    2.640511    2.658211    2.660894    2.663437
 1391.7620    2.638559    2.661917    2.672466    2.669586    2.666405
 1393.4189    2.663286    2.680008    2.681385    2.673159    2.664125
 1395.0800    2.685760    2.692644    2.684036    2.670885    2.656433
 1397.4120    2.707161    2.697412    2.675888    2.656912    2.636478
 1399.0830    2.710642    2.689495    2.660923    2.638760    2.615644
 1400.4220    2.704227    2.675587    2.643206    2.619207    2.595055
 1401.7640    2.688696    2.654657    2.620302    2.595177    2.570997
 1402.7720    2.670830    2.634356    2.599709    2.574240    2.550716
 1403.7820    2.647636    2.610159    2.576202    2.550877    2.528519
 1404.7930    2.619249    2.582199    2.549849    2.525135    2.504431
 1405.4680    2.597574    2.561565    2.530737    2.506708    2.487337
 1406.1429    2.573788    2.539402    2.510410    2.487293    2.469425
 1406.8190    2.548021    2.515795    2.488903    2.466927    2.450695
 1407.4960    2.520378    2.490801    2.466274    2.445635    2.431187
 1408.1730    2.490984    2.464535    2.442543    2.423475    2.410879
 1408.8521    2.459980    2.437054    2.417788    2.400486    2.389805
 1409.5300    2.427469    2.408461    2.392046    2.376705    2.367989
 1410.2100    2.393610    2.378853    2.365395    2.352182    2.345432
 1410.8900    2.358505    2.348324    2.337879    2.326971    2.322178
 1411.5699    2.322281    2.316935    2.309566    2.301096    2.298220
 1412.2520    2.285063    2.284769    2.280556    2.274620    2.273626
 1412.9340    2.246965    2.251930    2.250883    2.247604    2.248390
 1413.6169    2.208118    2.218483    2.220657    2.220081    2.222561
 1414.3000    2.168615    2.184464    2.189911    2.192093    2.196148
 1414.9840    2.128626    2.149958    2.158754    2.163698    2.169233
 1415.3260    2.108498    2.132547    2.143045    2.149372    2.155609
 1415.6689    2.088278    2.115044    2.127235    2.134974    2.141827
 1416.0110    2.068001    2.097431    2.111362    2.120476    2.127979
 1416.3540    2.047665    2.079760    2.095448    2.105885    2.114010
 1416.6970    2.027309    2.061979    2.079433    2.091244    2.099922
 1417.0400    2.006937    2.044109    2.063372    2.076530    2.085754
 1417.3831    1.986597    2.026207    2.047276    2.061754    2.071514
 1417.7271    1.966278    2.008217    2.031126    2.046925    2.057171
 1418.0699    1.945999    1.990206    2.014982    2.032055    2.042772
 1418.4139    1.925791    1.972130    1.998774    2.017117    2.028328
 1418.7581    1.905678    1.954021    1.982542    2.002123    2.013763
 1419.1021    1.885672    1.935875    1.966297    1.987112    1.999178
 1419.7910    1.846096    1.899530    1.933750    1.956932    1.969849
 1420.4800    1.807137    1.863150    1.901165    1.926605    1.940372
 1421.1700    1.768772    1.826813    1.868549    1.896141    1.910795
 1421.8610    1.730951    1.790581    1.835918    1.865561    1.881163
 1422.5520    1.693586    1.754517    1.803286    1.834879    1.851521
 1423.2440    1.656712    1.718693    1.770653    1.804098    1.821918
 1423.9370    1.620417    1.683165    1.738028    1.773237    1.792385
 1424.6300    1.584568    1.647980    1.705410    1.742310    1.762949
 1425.3240    1.548807    1.613186    1.672810    1.711317    1.733654
 1426.0190    1.512817    1.578800    1.640244    1.680290    1.704512
 1426.7140    1.476585    1.544825    1.607712    1.649246    1.675549
 1427.4100    1.440342    1.511269    1.575233    1.618195    1.646767
 1428.1071    1.404388    1.478090    1.542837    1.587172    1.618174
 1428.8040    1.368845    1.445278    1.510546    1.556206    1.589771
 1429.5020    1.333569    1.412746    1.478394    1.525316    1.561554
 1430.2010    1.298307    1.380465    1.446413    1.494558    1.533518
 1430.9010    1.262854    1.348383    1.414623    1.463953    1.505638
 1431.6010    1.227140    1.316410    1.383080    1.433529    1.477917
 1432.3020    1.191284    1.284498    1.351816    1.403343    1.450327
 1433.0031    1.155548    1.252586    1.320852    1.373426    1.422852
 1433.7050    1.120146    1.220684    1.290213    1.343801    1.395483
 1434.4080    1.085255    1.188704    1.259953    1.314520    1.368195
 1435.1121    1.050959    1.156700    1.230040    1.285603    1.340960
 1435.8160    1.017242    1.124634    1.200495    1.257078    1.313784
 1436.5210    0.983923    1.092581    1.171316    1.228939    1.286659
 1437.2271    0.950964    1.060509    1.142483    1.201206    1.259569
 1437.9330    0.918266    1.028572    1.113977    1.173857    1.232538
 1438.6400    0.885813    0.996744    1.085791    1.146935    1.205528
 1439.3480    0.853624    0.965141    1.057856    1.120377    1.178574
 1440.0570    0.821711    0.933826    1.030155    1.094156    1.151676
 1440.7660    0.790081    0.902866    1.002642    1.068296    1.124863
 1441.4760    0.758707    0.872326    0.975288    1.042694    1.098160
 1442.1860    0.727566    0.842253    0.948055    1.017368    1.071587
 1442.8970    0.696653    0.812679    0.920910    0.992231    1.045166
 1443.6090    0.666012    0.783632    0.893833    0.967272    1.018909
 1444.3220    0.635775    0.755112    0.866806    0.942444    0.992849
 1445.0350    0.606155    0.727118    0.839830    0.917706    0.967033
 1445.7490    0.577389    0.699638    0.812906    0.893028    0.941486
 1446.4640    0.549702    0.672651    0.786041    0.868385    0.916233
 1447.1801    0.523252    0.646120    0.759275    0.843744    0.891287
 1447.8960    0.498049    0.620010    0.732628    0.819103    0.866676
 1448.6130    0.473984    0.594303    0.706137    0.794447    0.842415
 1449.3300    0.450880    0.568964    0.679863    0.769775    0.818510
 1450.0490    0.428474    0.543993    0.653858    0.745098    0.794962
 1450.7679    0.406574    0.519382    0.628164    0.720432    0.771786
 1451.4880    0.385015    0.495129    0.602831    0.695805    0.748962
 1452.2080    0.363762    0.471262    0.577929    0.671247    0.726490
 1452.9290    0.342857    0.447809    0.553495    0.646786    0.704340
 1453.6510    0.322405    0.424801    0.529572    0.622473    0.682514
 1454.3740    0.302483    0.402279    0.506180    0.598352    0.660980
 1455.0970    0.283188    0.380302    0.483374    0.574482    0.639706
 1455.8210    0.264582    0.358887    0.461138    0.550888    0.618687
 1456.5460    0.246622    0.338118    0.439491    0.527630    0.597881
 1457.2710    0.229324    0.318001    0.418434    0.504757    0.577274
 1457.9980    0.212667    0.298569    0.397940    0.482315    0.556833
 1458.7240    0.196674    0.279850    0.377998    0.460327    0.536558
 1459.4520    0.181330    0.261810    0.358582    0.438843    0.516417
 1460.1801    0.166697    0.244474    0.339649    0.417870    0.496403
 1460.9100    0.152807    0.227810    0.321205    0.397436    0.476498
 1462.0050    0.133379    0.204012    0.294334    0.367804    0.446878
 1463.1010    0.115477    0.181530    0.268368    0.339392    0.417522
 1464.2000    0.098747    0.160229    0.243212    0.312178    0.388493
 1465.3000    0.082821    0.140005    0.218824    0.286053    0.359798
 1466.4010    0.067368    0.120640    0.195179    0.261002    0.331570
 1467.5050    0.052271    0.102125    0.172312    0.236889    0.303886
 1468.6100    0.037586    0.084362    0.150204    0.213623    0.276806
 1469.7159    0.023335    0.067257    0.128916    0.191143    0.250494
 1470.8240    0.009621    0.050844    0.108463    0.169352    0.225025
 1471.9340   -0.003519    0.035069    0.088915    0.148201    0.200495
 1473.0460   -0.016144    0.019989    0.070297    0.127687    0.176958
 1474.1591   -0.028242    0.005524    0.052616    0.107786    0.154486
 1475.2740   -0.039810   -0.008318    0.035830    0.088455    0.133123
 1476.3910   -0.050819   -0.021536    0.019947    0.069778    0.112839
 1477.8831   -0.064638   -0.038294    0.000130    0.045910    0.087498
 1479.3770   -0.077621   -0.054222   -0.018332    0.023252    0.063971
 1480.8750   -0.090012   -0.069525   -0.035580    0.001863    0.042103
 1482.3750   -0.101955   -0.084511   -0.051807   -0.018227    0.021685
 1484.2560   -0.116356   -0.103479   -0.070889   -0.041504   -0.002068
 1486.1400   -0.130239   -0.124146   -0.088881   -0.062853   -0.024210
 1490.6840   -0.159468   -0.177336   -0.124342   -0.101818   -0.067492
 1493.7280   -0.179306   -0.200590   -0.148485   -0.128841   -0.097845
 1496.7850   -0.198082   -0.213987   -0.170547   -0.153242   -0.126059
 1499.8540   -0.215904   -0.222675   -0.190737   -0.175556   -0.152367
 1502.9360   -0.232910   -0.232096   -0.209335   -0.196148   -0.176872
 1506.0300   -0.249237   -0.243996   -0.226681   -0.215269   -0.199614
 1509.1379   -0.264961   -0.257549   -0.243097   -0.233097   -0.220627
 1515.3910   -0.294649   -0.285452   -0.274088   -0.265568   -0.257746
 1521.6960   -0.321865   -0.312365   -0.303137   -0.294556   -0.288801
 1528.0551   -0.346952   -0.337933   -0.329847   -0.320381   -0.314831
 1534.4659   -0.370499   -0.361950   -0.353596   -0.343327   -0.337667
 1540.9310   -0.392546   -0.384491   -0.374666   -0.364235   -0.359518
 1547.4520   -0.412973   -0.404747   -0.393759   -0.384502   -0.381920
 1554.0270   -0.432034   -0.422279   -0.412670   -0.405575   -0.405254
 1560.6591   -0.449759   -0.437969   -0.437944   -0.427837   -0.428699
 1567.3470   -0.465580   -0.452238   -0.480265   -0.450016   -0.450348
 1570.7130   -0.472563   -0.459696   -0.502075   -0.460461   -0.459808
 1580.8979   -0.491013   -0.486649   -0.512733   -0.486197   -0.480343
 1591.2159   -0.511703   -0.514662   -0.514576   -0.499571   -0.484417
 1601.6689   -0.536526   -0.531313   -0.516897   -0.500202   -0.483479
 1626.6021   -0.545170   -0.521751   -0.511971   -0.511759   -0.511547
 1633.8690   -0.541151   -0.528063   -0.527374   -0.538967   -0.538202
 1637.5270   -0.543301   -0.536600   -0.540668   -0.562630   -0.556362
 1641.2010   -0.549767   -0.549706   -0.558321   -0.594227   -0.578083
 1644.8920   -0.561600   -0.568058   -0.580706   -0.630264   -0.603592
 1648.6000   -0.579731   -0.592150   -0.608025   -0.664322   -0.632942
 1652.3240   -0.604988   -0.622257   -0.640259   -0.693039   -0.666149
 1656.0649   -0.637726   -0.658348   -0.677160   -0.719877   -0.703051
 1659.8230   -0.677635   -0.699947   -0.718239   -0.750484   -0.743282
 1663.5980   -0.723791   -0.746153   -0.762783   -0.787201   -0.786297
 1667.3910   -0.774691   -0.795664   -0.809725   -0.828712   -0.831148
 1671.2010   -0.828302   -0.846766   -0.857830   -0.872702   -0.876541
 1675.0280   -0.881901   -0.897566   -0.905739   -0.917179   -0.921000
 1678.8719   -0.932222   -0.946268   -0.952024   -0.960546   -0.963251
 1682.7350   -0.976089   -0.991186   -0.995420   -1.001558   -1.002626
 1686.6150   -1.011076   -1.031166   -1.034939   -1.039368   -1.039476
 1690.5129   -1.035509   -1.065365   -1.069826   -1.073395   -1.074389
 1694.4301   -1.048395   -1.093536   -1.099808   -1.103357   -1.107466
 1698.3640   -1.051416   -1.115885   -1.124910   -1.129175   -1.138065
 1702.3170   -1.051186   -1.133017   -1.145384   -1.150974   -1.166586
 1706.2880   -1.056139   -1.145651   -1.161604   -1.168917   -1.196775
 1710.2780   -1.069361   -1.154530   -1.173983   -1.183281   -1.233915
 1714.2860   -1.086107   -1.160276   -1.182930   -1.194479   -1.276266
 1718.3130   -1.099365   -1.163506   -1.188921   -1.203030   -1.308317
 1730.5100   -1.107838   -1.162891   -1.194098   -1.216776   -1.266106
 1738.7371   -1.104246   -1.157066   -1.191027   -1.219179   -1.237516
 1759.6520   -1.087730   -1.135519   -1.173925   -1.212851   -1.216375
 1781.0770   -1.064835   -1.114458   -1.157578   -1.196680   -1.197664
     20.00  425    5   6000.00  10000.00  15000.00  20000.00  25000.00
  700.1550    0.135197    0.041668   -0.023008   -0.067272   -0.100672
  704.8780    0.156004    0.064159   -0.000965   -0.046085   -0.077654
  708.9780    0.174061    0.082930    0.017534   -0.027084   -0.057259
  713.1250    0.192205    0.101885    0.036070   -0.007748   -0.036732
  717.3210    0.210533    0.120968    0.055073    0.011782   -0.016161
  721.5670    0.228964    0.140036    0.074560    0.031813    0.004536
  725.8640    0.247728    0.159357    0.094261    0.052616    0.025471
  730.2120    0.267101    0.179121    0.113810    0.074121    0.046417
  734.6120    0.286839    0.199152    0.134369    0.095970    0.067257
  739.0660    0.306704    0.219061    0.155640    0.117702    0.088171
  743.5740    0.326521    0.238949    0.177017    0.139061    0.109478
  748.1370    0.346432    0.259092    0.198767    0.160318    0.131523
  752.7570    0.366703    0.279850    0.220892    0.181759    0.154514
  757.4340    0.387300    0.301399    0.243137    0.203522    0.177969
  762.1700    0.408155    0.323521    0.265219    0.225723    0.201015
  766.9650    0.429607    0.345844    0.287241    0.248463    0.223055
  771.8210    0.451618    0.368212    0.309397    0.271935    0.244574
  775.9140    0.470116    0.387123    0.328114    0.291946    0.264370
  780.0520    0.488861    0.406437    0.347136    0.311987    0.285175
  784.2340    0.507830    0.425941    0.366610    0.331730    0.305588
  788.4610    0.526999    0.445246    0.386677    0.351313    0.325537
  792.7330    0.546505    0.464653    0.407238    0.371086    0.345531
  797.0530    0.566355    0.484528    0.428070    0.391394    0.365900
  801.4190    0.586418    0.504688    0.448999    0.412579    0.386730
  805.8340    0.606596    0.525175    0.470013    0.434233    0.407951
  810.2980    0.626842    0.546061    0.491026    0.455347    0.429430
  814.8110    0.647236    0.567402    0.512030    0.476456    0.451263
  819.3750    0.667957    0.589134    0.533314    0.498297    0.473705
  823.9900    0.689096    0.611139    0.555288    0.520784    0.496887
  828.6580    0.710566    0.633226    0.578032    0.543795    0.520746
  833.3790    0.732241    0.655455    0.601332    0.567450    0.545097
  838.1540    0.754143    0.677925    0.624952    0.591799    0.569923
  842.0130    0.771955    0.696085    0.643827    0.611681    0.590172
  845.9080    0.790089    0.714447    0.662928    0.631859    0.610809
  849.8400    0.808447    0.733149    0.682669    0.652304    0.631809
  853.8080    0.826859    0.752340    0.702990    0.673077    0.653164
  857.8130    0.845333    0.771976    0.723612    0.694193    0.674833
  861.8560    0.864017    0.791985    0.744434    0.715652    0.696775
  865.9380    0.882957    0.812298    0.765490    0.737408    0.719000
  870.0580    0.902111    0.832834    0.786787    0.759441    0.741474
  874.2180    0.921469    0.853474    0.808340    0.781748    0.764206
  878.4170    0.941044    0.874186    0.830147    0.804317    0.787092
  882.6570    0.960903    0.895081    0.852236    0.827137    0.810043
  886.9390    0.981075    0.916275    0.874586    0.850119    0.832987
  891.2620    1.001518    0.937849    0.897165    0.873169    0.855972
  895.6270    1.022223    0.959808    0.919914    0.896240    0.879147
  900.0350    1.043127    0.981922    0.942825    0.919382    0.902660
  904.4870    1.064270    1.004192    0.965879    0.942707    0.926636
  908.9830    1.085541    1.026655    0.989050    0.966311    0.951071
  913.5250    1.106937    1.049412    1.012373    0.990253    0.975836
  918.1110    1.128529    1.072323    1.035910    1.014605    1.000912
  922.7440    1.150356    1.095345    1.059753    1.039454    1.026451
  927.4240    1.172369    1.118464    1.084112    1.064869    1.053001
  930.9660    1.188984    1.135960    1.102709    1.084326    1.073719
  934.5340    1.205692    1.153570    1.121658    1.104282    1.095135
  938.1300    1.222483    1.171404    1.140980    1.124895    1.117405
  941.7540    1.239275    1.189518    1.160858    1.146500    1.140854
  945.4050    1.256092    1.208065    1.181501    1.169527    1.165659
  949.0860    1.273071    1.227167    1.203304    1.194376    1.192150
  951.8650    1.285828    1.241795    1.220318    1.213917    1.212906
  954.3490    1.297499    1.255537    1.236864    1.233021    1.233276
  956.6890    1.308670    1.269022    1.253532    1.252247    1.253798
  958.8840    1.319376    1.282305    1.270189    1.271378    1.274250
  960.9310    1.329580    1.295280    1.286680    1.290190    1.294355
  962.9870    1.340107    1.308969    1.304102    1.309906    1.315382
  964.8920    1.350151    1.322220    1.320894    1.328747    1.335478
  966.8060    1.360479    1.336020    1.338217    1.347954    1.355968
  968.7260    1.371141    1.350267    1.355873    1.367336    1.376614
  970.6550    1.382071    1.364813    1.373592    1.386589    1.397123
  972.5910    1.393225    1.379505    1.391148    1.405466    1.417223
  974.6970    1.405500    1.395361    1.409662    1.425224    1.438194
  976.9750    1.418848    1.412174    1.428783    1.445417    1.459543
  979.4280    1.433241    1.429752    1.448103    1.465591    1.480682
  982.0580    1.448690    1.447979    1.467297    1.485352    1.501101
  985.0340    1.466215    1.467993    1.487434    1.505598    1.521544
  988.1950    1.484911    1.488846    1.507681    1.525278    1.540779
  991.3760    1.503819    1.509632    1.527630    1.544106    1.558565
  994.5770    1.522966    1.530327    1.547714    1.562946    1.575985
  997.8000    1.542515    1.550877    1.567921    1.582336    1.593950
 1001.0430    1.562567    1.571417    1.588093    1.602266    1.612900
 1004.3070    1.583141    1.592243    1.608162    1.622391    1.632669
 1007.4200    1.603079    1.612476    1.627264    1.641306    1.651724
 1010.5510    1.623415    1.633257    1.646805    1.660040    1.670654
 1013.5270    1.642979    1.653261    1.665985    1.677853    1.688322
 1016.5200    1.662825    1.673527    1.685904    1.696207    1.705950
 1019.5310    1.682867    1.694035    1.706385    1.715418    1.723957
 1022.5600    1.703041    1.714790    1.727127    1.735527    1.742733
 1025.6071    1.723349    1.735735    1.747940    1.756264    1.762491
 1028.6720    1.743799    1.756765    1.768824    1.777252    1.783089
 1031.7560    1.764408    1.777767    1.789877    1.798187    1.804127
 1034.8580    1.785223    1.798775    1.811092    1.819017    1.825148
 1037.9780    1.806322    1.819866    1.832323    1.839855    1.845892
 1040.9330    1.826464    1.839811    1.852158    1.859600    1.865181
 1043.9041    1.846863    1.859829    1.871807    1.879457    1.884434
 1046.8920    1.867485    1.879938    1.891365    1.899290    1.903849
 1049.8979    1.888330    1.900230    1.911018    1.918957    1.923519
 1052.9200    1.909386    1.920792    1.930883    1.938469    1.943361
 1055.9611    1.930674    1.941666    1.950983    1.957985    1.963226
 1058.8270    1.950871    1.961493    1.970055    1.976505    1.981806
 1061.7090    1.971333    1.981565    1.989397    1.995390    2.000391
 1064.6060    1.992085    2.001907    2.009111    2.014688    2.019199
 1067.5190    2.013174    2.022511    2.029263    2.034348    2.038382
 1070.4490    2.034588    2.043402    2.049839    2.054420    2.058161
 1073.1970    2.054920    2.063221    2.069447    2.073572    2.077150
 1075.9600    2.075584    2.083359    2.089447    2.093212    2.096666
 1078.7371    2.096598    2.103941    2.109848    2.113441    2.116674
 1081.5280    2.118067    2.125057    2.130816    2.134336    2.137196
 1084.1331    2.138430    2.145258    2.150818    2.154364    2.156883
 1086.7510    2.159357    2.166046    2.171494    2.175018    2.177305
 1089.3810    2.180927    2.187576    2.192846    2.196369    2.198547
 1091.8199    2.201479    2.208145    2.213305    2.216772    2.218956
 1094.2710    2.222742    2.229477    2.234491    2.237921    2.240150
 1096.5260    2.242914    2.249737    2.254669    2.258062    2.260239
 1098.7910    2.263706    2.270657    2.275541    2.278845    2.280966
 1101.0660    2.285175    2.292212    2.297060    2.300270    2.302265
 1103.1410    2.305157    2.312283    2.317123    2.320229    2.322096
 1105.2250    2.325558    2.332741    2.337559    2.340523    2.342304
 1107.3170    2.346275    2.353455    2.358240    2.361086    2.362822
 1109.4160    2.367188    2.374308    2.379070    2.381819    2.383545
 1111.5229    2.388243    2.395222    2.399950    2.402605    2.404354
 1113.6390    2.409374    2.416124    2.420780    2.423393    2.425142
 1115.7620    2.430574    2.437004    2.441553    2.444122    2.445885
 1117.8940    2.451878    2.457882    2.462248    2.464773    2.466526
 1120.0341    2.473370    2.478840    2.482973    2.485424    2.487139
 1122.1820    2.495100    2.500004    2.503803    2.506126    2.507801
 1124.3380    2.517183    2.521452    2.524889    2.527050    2.528633
 1126.2860    2.537430    2.541092    2.544180    2.546173    2.547665
 1128.2400    2.558084    2.561150    2.563873    2.565681    2.567038
 1130.2010    2.579212    2.581676    2.584026    2.585651    2.586868
 1132.1700    2.600885    2.602755    2.604733    2.606176    2.607241
 1134.1450    2.623135    2.624447    2.626053    2.627304    2.628225
 1135.9060    2.643442    2.644291    2.645569    2.646648    2.647442
 1137.6730    2.664284    2.664707    2.665674    2.666574    2.667238
 1139.4449    2.685688    2.685741    2.686403    2.687119    2.687672
 1141.2230    2.707689    2.707426    2.707817    2.708344    2.708778
 1143.0060    2.730314    2.729788    2.729942    2.730289    2.730614
 1144.5710    2.750664    2.749945    2.749922    2.750122    2.750355
 1146.1410    2.771551    2.770676    2.770498    2.770580    2.770712
 1147.7140    2.793015    2.792013    2.791712    2.791683    2.791733
 1149.2920    2.815092    2.813980    2.813581    2.813467    2.813435
 1150.8750    2.837822    2.836622    2.836140    2.835957    2.835869
 1152.2340    2.857851    2.856590    2.856058    2.855822    2.855688
 1153.5970    2.878418    2.877100    2.876535    2.876259    2.876091
 1154.9630    2.899559    2.898193    2.897594    2.897291    2.897099
 1156.3330    2.921295    2.919893    2.919271    2.918953    2.918737
 1157.7061    2.943663    2.942236    2.941597    2.941263    2.941040
 1159.0811    2.966705    2.965254    2.964600    2.964264    2.964027
 1160.4611    2.990454    2.988991    2.988323    2.987984    2.987751
 1161.6130    3.010809    3.009365    3.008686    3.008345    3.008089
 1162.7670    3.031731    3.030235    3.029587    3.029221    3.029018
 1163.9230    3.053194    3.051731    3.051037    3.050728    3.050495
 1165.0820    3.075254    3.073828    3.073132    3.072802    3.072580
 1166.2430    3.097950    3.096527    3.095831    3.095518    3.095274
 1167.4060    3.121298    3.119915    3.119223    3.118893    3.118662
 1168.5720    3.145321    3.143982    3.143295    3.142952    3.142735
 1169.7400    3.170055    3.168762    3.168085    3.167761    3.167553
 1170.6760    3.190416    3.189125    3.188450    3.188141    3.187943
 1171.6140    3.211227    3.209997    3.209354    3.209005    3.208817
 1172.5530    3.232590    3.231394    3.230730    3.230423    3.230219
 1173.4930    3.254452    3.253290    3.252659    3.252342    3.252148
 1174.4360    3.276875    3.275772    3.275150    3.274828    3.274643
 1175.3790    3.299856    3.298788    3.298199    3.297892    3.297695
 1176.3240    3.323418    3.322405    3.321827    3.321537    3.321350
 1177.2710    3.347584    3.346607    3.346060    3.345785    3.345610
 1178.2190    3.372360    3.371437    3.370901    3.370644    3.370457
 1179.1689    3.397766    3.396879    3.396391    3.396130    3.395954
 1180.1200    3.423803    3.422983    3.422508    3.422245    3.422096
 1180.8350    3.443764    3.442966    3.442511    3.442276    3.442135
 1181.5500    3.464087    3.463341    3.462906    3.462667    3.462547
 1182.2660    3.484783    3.484072    3.483658    3.483444    3.483316
 1182.9830    3.505856    3.505177    3.504797    3.504593    3.504471
 1183.7010    3.527308    3.526663    3.526300    3.526106    3.526003
 1184.4200    3.549126    3.548525    3.548180    3.548008    3.547911
 1185.1400    3.571312    3.570753    3.570438    3.570274    3.570192
 1185.8600    3.593872    3.593353    3.593054    3.592909    3.592842
 1186.5820    3.616800    3.616318    3.616045    3.615908    3.615856
 1187.3040    3.640083    3.639647    3.639387    3.639267    3.639217
 1188.0270    3.663710    3.663305    3.663078    3.662966    3.662928
 1188.7510    3.687681    3.687305    3.687092    3.687002    3.686975
 1189.4760    3.711960    3.711622    3.711435    3.711351    3.711334
 1190.2020    3.736540    3.736244    3.736078    3.736006    3.735998
 1190.9290    3.761410    3.761147    3.760994    3.760935    3.760935
 1191.6560    3.786531    3.786297    3.786169    3.786119    3.786127
 1192.3850    3.811882    3.811682    3.811569    3.811527    3.811543
 1193.1140    3.837431    3.837261    3.837158    3.837133    3.837147
 1193.8440    3.863138    3.862995    3.862911    3.862888    3.862906
 1194.5760    3.888971    3.888847    3.888781    3.888763    3.888781
 1195.3080    3.914877    3.914776    3.914719    3.914703    3.914724
 1196.0410    3.940805    3.940731    3.940681    3.940666    3.940681
 1196.7750    3.966709    3.966654    3.966606    3.966593    3.966606
 1197.5090    3.992523    3.992487    3.992443    3.992426    3.992430
 1198.2450    4.018200    4.018160    4.018118    4.018118    4.018076
 1198.9821    4.043636    4.043598    4.043558    4.043558    4.043520
 1199.7190    4.068779    4.068779    4.068743    4.068668    4.068668
 1200.4570    4.093561    4.093561    4.093491    4.093456    4.093422
 1201.1970    4.117867    4.117867    4.117802    4.117735    4.117702
 1201.9370    4.141670    4.141670    4.141575    4.141512    4.141449
 1202.6780    4.164799    4.164799    4.164709    4.164619    4.164532
 1203.4200    4.187239    4.187239    4.187126    4.187012    4.186928
 1204.1630    4.208872    4.208843    4.208736    4.208603    4.208469
 1204.9070    4.229553    4.229553    4.229401    4.229246    4.229118
 1205.9000    4.255610    4.255562    4.255394    4.255224    4.255054
 1206.8950    4.279621    4.279598    4.279392    4.279188    4.279005
 1207.8920    4.301441    4.301399    4.301182    4.300964    4.300770
 1209.1400    4.325331    4.325249    4.325024    4.324776    4.324570
 1210.6410    4.348537    4.348461    4.348207    4.347954    4.347740
 1212.6479    4.369568    4.369476    4.369234    4.368994    4.368790
 1219.9800    4.347778    4.347857    4.347857    4.347857    4.347857
 1221.5081    4.325886    4.326008    4.326069    4.326130    4.326172
 1222.7841    4.303930    4.304081    4.304188    4.304276    4.304361
 1224.0630    4.278936    4.279119    4.279234    4.279346    4.279461
 1225.0880    4.256983    4.257175    4.257294    4.257414    4.257534
 1226.1150    4.233479    4.233631    4.233757    4.233885    4.233986
 1227.1440    4.208523    4.208656    4.208763    4.208872    4.208952
 1228.1740    4.182272    4.182386    4.182472    4.182529    4.182587
 1228.9480    4.161818    4.161877    4.161938    4.161966    4.161997
 1229.7230    4.140728    4.140759    4.140759    4.140759    4.140759
 1230.4980    4.119091    4.119057    4.118992    4.118959    4.118925
 1231.2750    4.096874    4.096806    4.096666    4.096598    4.096527
 1232.0530    4.074194    4.074011    4.073864    4.073719    4.073608
 1232.8320    4.050999    4.050766    4.050533    4.050341    4.050186
 1233.6110    4.027349    4.027063    4.026779    4.026533    4.026329
 1234.3920    4.003330    4.002943    4.002598    4.002296    4.002037
 1235.1740    3.978888    3.978422    3.977993    3.977650    3.977358
 1235.9561    3.954082    3.953543    3.953045    3.952648    3.952312
 1236.7400    3.928938    3.928324    3.927761    3.927315    3.926929
 1237.5250    3.903481    3.902786    3.902161    3.901670    3.901245
 1238.3101    3.877728    3.876968    3.876282    3.875744    3.875286
 1239.0970    3.851717    3.850891    3.850149    3.849573    3.849075
 1239.8850    3.825466    3.824575    3.823788    3.823174    3.822645
 1240.6730    3.799004    3.798058    3.797226    3.796581    3.796026
 1241.4630    3.772350    3.771358    3.770491    3.769821    3.769245
 1242.2540    3.745543    3.744503    3.743612    3.742922    3.742332
 1243.0460    3.718601    3.717529    3.716614    3.715912    3.715302
 1243.8380    3.691551    3.690462    3.689531    3.688812    3.688198
 1244.6320    3.664425    3.663324    3.662380    3.661661    3.661045
 1245.4270    3.637260    3.636137    3.635202    3.634478    3.633862
 1246.2220    3.610064    3.608944    3.608013    3.607294    3.606693
 1247.0190    3.582870    3.581757    3.580833    3.580137    3.579544
 1247.8170    3.555723    3.554623    3.553713    3.553032    3.552462
 1248.6160    3.528622    3.527540    3.526663    3.526003    3.525446
 1249.4160    3.501606    3.500566    3.499714    3.499083    3.498558
 1250.2159    3.474712    3.473705    3.472902    3.472303    3.471790
 1251.0179    3.447948    3.446987    3.446226    3.445667    3.445200
 1251.8210    3.421356    3.420435    3.419724    3.419212    3.418781
 1252.6250    3.394941    3.394085    3.393435    3.392960    3.392574
 1253.4301    3.368752    3.367970    3.367374    3.366945    3.366610
 1254.2360    3.342798    3.342068    3.341553    3.341177    3.340900
 1255.0430    3.317102    3.316452    3.315990    3.315678    3.315445
 1255.8510    3.291702    3.291124    3.290747    3.290480    3.290302
 1256.6600    3.266584    3.266090    3.265808    3.265596    3.265478
 1257.4709    3.241795    3.241398    3.241198    3.241049    3.240997
 1258.2820    3.217352    3.217062    3.216930    3.216852    3.216877
 1259.0940    3.193291    3.193096    3.193041    3.193041    3.193125
 1259.9070    3.169586    3.169498    3.169558    3.169617    3.169733
 1260.7220    3.146282    3.146315    3.146439    3.146593    3.146778
 1261.5370    3.123394    3.123526    3.123753    3.123981    3.124210
 1262.3540    3.100922    3.101196    3.101507    3.101782    3.102091
 1263.1710    3.078928    3.079290    3.079687    3.080050    3.080410
 1263.9900    3.057323    3.057819    3.058350    3.058767    3.059147
 1264.8090    3.036230    3.036829    3.037426    3.037945    3.038382
 1265.6300    3.015570    3.016281    3.016991    3.017576    3.018034
 1266.4520    2.995367    2.996214    2.997019    2.997662    2.998180
 1267.5490    2.969193    2.970203    2.971132    2.971865    2.972425
 1268.6490    2.943865    2.945045    2.946098    2.946903    2.947512
 1269.7500    2.919397    2.920738    2.921909    2.922787    2.923441
 1270.8530    2.895775    2.897282    2.898567    2.899513    2.900204
 1271.9580    2.873001    2.874668    2.876068    2.877066    2.877804
 1273.0649    2.851057    2.852888    2.854397    2.855440    2.856228
 1274.1740    2.829941    2.831921    2.833542    2.834618    2.835468
 1275.2841    2.809628    2.811764    2.813480    2.814587    2.815498
 1276.6760    2.785330    2.787659    2.789495    2.790644    2.791634
 1278.0699    2.762228    2.764736    2.766682    2.767860    2.768948
 1279.4670    2.740261    2.742952    2.744989    2.746214    2.747396
 1280.8680    2.719381    2.722256    2.724375    2.725658    2.726913
 1282.5520    2.695702    2.698788    2.700989    2.702353    2.703695
 1284.2410    2.673428    2.676722    2.679001    2.680462    2.681847
 1285.9340    2.652477    2.655983    2.658318    2.659897    2.661282
 1287.9160    2.629593    2.633327    2.635756    2.637470    2.638788
 1289.9030    2.608259    2.612223    2.614738    2.616570    2.617765
 1292.1820    2.585608    2.589827    2.592487    2.594393    2.595387
 1294.4690    2.564667    2.569117    2.571953    2.573856    2.574610
 1297.0510    2.542938    2.547640    2.550694    2.552486    2.553009
 1299.9330    2.520889    2.525873    2.529121    2.530685    2.531096
 1302.8270    2.500799    2.506084    2.509445    2.510773    2.511282
 1306.0260    2.480740    2.486403    2.489735    2.490913    2.491823
 1309.8260    2.459543    2.465651    2.468790    2.470161    2.471806
 1313.9440    2.439474    2.445961    2.448999    2.451035    2.453487
 1318.9790    2.418667    2.425339    2.428814    2.431959    2.434792
 1325.2520    2.397783    2.404732    2.409561    2.413216    2.415039
 1332.4950    2.379940    2.387995    2.393559    2.395536    2.394819
 1341.9680    2.366629    2.375536    2.378399    2.377069    2.374693
 1361.3250    2.370846    2.377979    2.383617    2.389450    2.395641
 1366.7310    2.380970    2.391201    2.400677    2.409103    2.416706
 1371.8580    2.395746    2.409256    2.421078    2.430332    2.437798
 1377.0229    2.414421    2.429832    2.441883    2.450279    2.456411
 1382.8810    2.435431    2.450203    2.460041    2.465904    2.469631
 1395.0800    2.444233    2.451233    2.452721    2.451664    2.449602
 1398.7480    2.429785    2.434313    2.433609    2.430929    2.427567
 1401.4280    2.412981    2.416023    2.414070    2.410490    2.406437
 1403.7820    2.393751    2.395798    2.393032    2.388882    2.384426
 1405.8051    2.373886    2.375317    2.372084    2.367636    2.362972
 1407.8350    2.350945    2.352009    2.348499    2.343901    2.339193
 1409.5300    2.329580    2.330475    2.326908    2.322302    2.317625
 1411.2300    2.306210    2.307110    2.303606    2.299114    2.294554
 1412.5930    2.286142    2.287151    2.283798    2.279438    2.275036
 1413.9580    2.264912    2.266090    2.262974    2.258804    2.254597
 1415.3260    2.242592    2.244005    2.241173    2.237267    2.233301
 1416.6970    2.219217    2.220943    2.218456    2.214870    2.211174
 1418.0699    2.194847    2.196949    2.194847    2.191618    2.188253
 1419.4460    2.169527    2.172077    2.170437    2.167583    2.164560
 1420.8250    2.143358    2.146376    2.145227    2.142796    2.140163
 1421.8610    2.123198    2.126587    2.125839    2.123753    2.121395
 1422.8979    2.102606    2.106396    2.106054    2.104317    2.102297
 1423.9370    2.081600    2.085825    2.085897    2.084541    2.082857
 1424.9771    2.060246    2.064869    2.065393    2.064421    2.063070
 1426.0190    2.038502    2.043558    2.044579    2.043991    2.043009
 1427.0620    2.016449    2.021933    2.023417    2.023252    2.022635
 1428.1071    1.994057    2.000044    2.001993    2.002253    2.001993
 1429.1530    1.971397    1.977833    1.980293    1.980980    1.981089
 1430.2010    1.948471    1.955385    1.958349    1.959471    1.959967
 1431.2510    1.925306    1.932707    1.936182    1.937744    1.938625
 1432.3020    1.901932    1.909813    1.913809    1.915817    1.917095
 1433.3540    1.878361    1.886734    1.891247    1.893711    1.895384
 1434.4080    1.854616    1.863489    1.868526    1.871445    1.873518
 1435.4640    1.830730    1.840099    1.845669    1.849031    1.851515
 1436.5210    1.806723    1.816586    1.822685    1.826509    1.829388
 1437.5800    1.782616    1.792973    1.799595    1.803881    1.807163
 1438.6400    1.758427    1.769274    1.776432    1.781174    1.784853
 1439.7020    1.734192    1.745527    1.753208    1.758404    1.762476
 1440.7660    1.709923    1.721745    1.729942    1.735592    1.740063
 1441.8311    1.685652    1.697945    1.706657    1.712751    1.717613
 1442.8970    1.661406    1.674164    1.683380    1.689913    1.695158
 1443.9659    1.637190    1.650404    1.660126    1.667097    1.672707
 1445.0350    1.613037    1.626699    1.636909    1.644310    1.650288
 1446.1071    1.588978    1.603079    1.613758    1.621571    1.627918
 1447.1801    1.565033    1.579544    1.590696    1.598911    1.605606
 1448.2540    1.541218    1.556133    1.567720    1.576342    1.583380
 1449.3300    1.517551    1.532856    1.544886    1.553883    1.561245
 1450.4080    1.494072    1.509741    1.522182    1.531544    1.539227
 1451.4880    1.470778    1.486799    1.499632    1.509350    1.517355
 1452.5680    1.447716    1.464058    1.477266    1.487322    1.495613
 1453.6510    1.424881    1.441538    1.455090    1.465471    1.474041
 1454.7350    1.402313    1.419245    1.433130    1.443810    1.452644
 1455.8210    1.380013    1.397209    1.411400    1.422359    1.431444
 1456.9080    1.357992    1.375444    1.389927    1.401125    1.410458
 1457.9980    1.336300    1.353954    1.368696    1.380138    1.389679
 1459.0880    1.314920    1.332762    1.347740    1.359400    1.369160
 1460.1801    1.293871    1.311901    1.327072    1.338934    1.348869
 1461.2740    1.273186    1.291348    1.306725    1.318731    1.328848
 1462.3700    1.252853    1.271145    1.286659    1.298832    1.309097
 1463.8330    1.226316    1.244722    1.260429    1.272770    1.283188
 1465.3000    1.200468    1.218956    1.234795    1.247261    1.257799
 1466.7690    1.175339    1.193848    1.209784    1.222326    1.232971
 1468.2410    1.150879    1.169411    1.185400    1.197969    1.208683
 1469.7159    1.127171    1.145662    1.161667    1.174234    1.184975
 1471.1940    1.104145    1.122576    1.138556    1.151094    1.161846
 1472.6750    1.081852    1.100199    1.116142    1.128593    1.139313
 1474.1591    1.060282    1.078529    1.094366    1.106735    1.117405
 1475.6460    1.039454    1.057514    1.073242    1.085505    1.096075
 1477.1360    1.019283    1.037188    1.052809    1.064907    1.075365
 1478.6300    0.999817    1.017534    1.032982    1.044891    1.055225
 1480.5000    0.976429    0.993895    1.009153    1.020775    1.030924
 1482.3750    0.954050    0.971249    0.986256    0.997635    1.007578
 1484.2560    0.932646    0.949570    0.964325    0.975409    0.985085
 1486.1400    0.912180    0.928831    0.943321    0.954082    0.963499
 1490.6840    0.871147    0.887274    0.901142    0.911200    0.920004
 1493.7280    0.842796    0.858566    0.871975    0.881510    0.889862
 1496.7850    0.816320    0.831774    0.844713    0.853746    0.861649
 1499.8540    0.791529    0.806728    0.819202    0.827763    0.835215
 1502.9360    0.768253    0.783260    0.795282    0.803410    0.810427
 1506.0300    0.746346    0.761206    0.772806    0.780533    0.787155
 1509.1379    0.725666    0.740425    0.751633    0.759018    0.765266
 1512.2581    0.706085    0.720797    0.731636    0.738726    0.744629
 1518.5370    0.669781    0.684477    0.694729    0.701370    0.706675
 1524.8690    0.636709    0.651482    0.661301    0.667648    0.672430
 1531.2540    0.606285    0.621208    0.630722    0.636869    0.641127
 1537.6920    0.578077    0.593208    0.602493    0.608440    0.612148
 1544.1851    0.551779    0.567156    0.576157    0.581848    0.585009
 1550.7321    0.527115    0.542751    0.551315    0.556713    0.559441
 1557.3361    0.503914    0.519722    0.527681    0.532856    0.535383
 1563.9960    0.481987    0.497814    0.505110    0.510263    0.512951
 1570.7130    0.461138    0.476818    0.483644    0.489115    0.492342
 1577.4880    0.441177    0.456638    0.463520    0.469601    0.473692
 1587.7610    0.412527    0.428102    0.436211    0.443577    0.449062
 1598.1689    0.385321    0.402004    0.412159    0.420418    0.426609
 1608.7140    0.359400    0.377651    0.389095    0.396931    0.402605
 1619.3990    0.333065    0.351719    0.362389    0.368120    0.372139
 1626.6021    0.313023    0.330616    0.339571    0.343132    0.345726
 1633.8690    0.288473    0.303974    0.310545    0.311712    0.312813
 1641.2010    0.256983    0.269722    0.273743    0.272560    0.272375
 1644.8920    0.237896    0.249199    0.252003    0.249834    0.249100
 1648.6000    0.216297    0.226187    0.227913    0.224869    0.223679
 1652.3240    0.191982    0.200603    0.201397    0.197666    0.196148
 1656.0649    0.164829    0.172340    0.172428    0.168232    0.166460
 1659.8230    0.134846    0.141449    0.141043    0.136562    0.134687
 1663.5980    0.101988    0.107922    0.107244    0.102709    0.100853
 1667.3910    0.066401    0.071846    0.071182    0.066811    0.065094
 1671.2010    0.028206    0.033424    0.032982    0.028978    0.027472
 1675.0280   -0.012383   -0.007195   -0.007181   -0.010683   -0.011829
 1678.8719   -0.055059   -0.049772   -0.049129   -0.051949   -0.052673
 1682.7350   -0.099512   -0.094027   -0.092615   -0.094620   -0.094862
 1686.6150   -0.145378   -0.139662   -0.137367   -0.138472   -0.138203
 1690.5129   -0.192263   -0.186333   -0.183096   -0.183235   -0.182468
 1694.4301   -0.239758   -0.233677   -0.229494   -0.228655   -0.227400
 1698.3640   -0.287443   -0.281324   -0.276232   -0.274431   -0.272760
 1702.3170   -0.334888   -0.328873   -0.322977   -0.320263   -0.318243
 1706.2880   -0.381659   -0.375935   -0.369358   -0.365845   -0.363573
 1710.2780   -0.427338   -0.422106   -0.415047   -0.410877   -0.408434
 1714.2860   -0.471546   -0.467016   -0.459707   -0.455040   -0.452509
 1718.3130   -0.513895   -0.510294   -0.503002   -0.498051   -0.495502
 1722.3600   -0.554085   -0.551649   -0.544638   -0.539644   -0.537094
 1726.4250   -0.591845   -0.590794   -0.584358   -0.579565   -0.577032
 1730.5100   -0.626959   -0.627512   -0.621929   -0.617605   -0.615108
 1734.6140   -0.659317   -0.661644   -0.657202   -0.653589   -0.651112
 1738.7371   -0.688862   -0.693104   -0.690071   -0.687378   -0.684933
 1742.8800   -0.715591   -0.721865   -0.720448   -0.718899   -0.716473
 1747.0430   -0.739595   -0.747997   -0.748337   -0.748095   -0.745743
 1751.2260   -0.760950   -0.771549   -0.773787   -0.774975   -0.772705
 1755.4290   -0.779865   -0.792635   -0.796913   -0.799561   -0.797430
 1759.6520   -0.796505   -0.811466   -0.817757   -0.821945   -0.820017
 1763.8960   -0.811071   -0.828186   -0.836540   -0.842241   -0.840553
 1772.4449   -0.834726   -0.856112   -0.868477   -0.876965   -0.876019
 1781.0770   -0.852417   -0.877882   -0.893980   -0.904831   -0.904900
 1789.7930   -0.865440   -0.894831   -0.914316   -0.926979   -0.928375
     20.00  209    5   6000.00  10000.00  15000.00  20000.00  25000.00
  700.1550    1.218929    1.131746    1.071146    1.032940    1.006294
  704.2000    1.237669    1.151094    1.090963    1.053194    1.026901
  708.2910    1.256573    1.170643    1.111061    1.073681    1.047741
  712.4310    1.275635    1.190388    1.131330    1.094437    1.068890
  716.6190    1.294863    1.210320    1.151890    1.115477    1.090294
  720.8560    1.314289    1.230474    1.172691    1.136784    1.112001
  725.1440    1.333910    1.250835    1.193737    1.158363    1.133986
  729.4830    1.353743    1.271446    1.215055    1.180241    1.156277
  733.8750    1.373795    1.292301    1.236664    1.202406    1.178833
  738.3200    1.394066    1.313425    1.258566    1.224869    1.201725
  742.8190    1.414572    1.334795    1.280737    1.247629    1.224922
  747.3730    1.435335    1.356466    1.303217    1.270702    1.248440
  751.9830    1.456350    1.378399    1.325987    1.294069    1.272306
  755.8680    1.474072    1.396914    1.345217    1.313826    1.292433
  759.7940    1.491964    1.415642    1.364664    1.333790    1.312834
  763.7610    1.510063    1.434586    1.384335    1.354012    1.333467
  767.7700    1.528337    1.453732    1.404236    1.374493    1.354378
  771.8210    1.546825    1.473106    1.424376    1.395222    1.375572
  775.9140    1.565517    1.492718    1.444778    1.416224    1.397036
  780.0520    1.584398    1.512550    1.465443    1.437496    1.418798
  784.2340    1.603491    1.532614    1.486359    1.459061    1.440863
  788.4610    1.622795    1.552937    1.507572    1.480927    1.463236
  792.7330    1.642317    1.573498    1.529058    1.503096    1.485949
  797.0530    1.662041    1.594326    1.550840    1.525576    1.509001
  801.4190    1.681992    1.615402    1.572918    1.548389    1.532398
  805.8340    1.702164    1.636759    1.595308    1.571547    1.556158
  810.2980    1.722569    1.658394    1.618017    1.595043    1.580275
  814.8110    1.743204    1.680317    1.641058    1.618895    1.604776
  819.3750    1.764078    1.702534    1.664425    1.643116    1.629654
  823.0630    1.780951    1.720514    1.683371    1.662758    1.649841
  826.7840    1.797987    1.738701    1.702551    1.682642    1.670273
  830.5400    1.815186    1.757084    1.721951    1.702774    1.690958
  834.3290    1.832554    1.775677    1.741585    1.723160    1.711901
  838.1540    1.850088    1.794474    1.761461    1.743792    1.733101
  842.0130    1.867798    1.813488    1.781584    1.764685    1.754562
  845.9080    1.885683    1.832726    1.801945    1.785828    1.776279
  849.8400    1.903757    1.852180    1.822554    1.807238    1.798264
  853.8080    1.922014    1.871870    1.843420    1.828911    1.820517
  857.8130    1.940466    1.891794    1.864548    1.850855    1.843040
  861.8560    1.959118    1.911957    1.885933    1.873064    1.865845
  865.9380    1.977970    1.932362    1.907589    1.895561    1.888931
  870.0580    1.997036    1.953026    1.929516    1.918335    1.912308
  874.2180    2.016323    1.973946    1.951731    1.941402    1.935976
  878.4170    2.035830    1.995131    1.974232    1.964769    1.959957
  882.6570    2.055569    2.016575    1.997028    1.988443    1.984243
  886.9390    2.075546    2.038342    2.020113    2.012415    2.008856
  891.2620    2.095762    2.060358    2.043558    2.036749    2.033785
  895.6270    2.116276    2.082714    2.067295    2.061377    2.059071
  900.0350    2.137037    2.105373    2.091351    2.086395    2.084719
  904.4870    2.158091    2.128366    2.115776    2.111732    2.110691
  908.9830    2.179466    2.151676    2.140572    2.137417    2.137037
  913.5250    2.201124    2.175339    2.165689    2.163490    2.163727
  916.9600    2.217590    2.193348    2.184805    2.183270    2.183981
  920.4220    2.234264    2.211548    2.204094    2.203251    2.204418
  923.9100    2.251127    2.229963    2.223600    2.223419    2.225025
  927.4240    2.268181    2.248587    2.243311    2.243782    2.245834
  930.9660    2.285467    2.267429    2.263233    2.264322    2.266796
  934.5340    2.302980    2.286480    2.283346    2.285061    2.287937
  938.1300    2.320707    2.305759    2.303650    2.305954    2.309204
  941.7540    2.338676    2.325270    2.324160    2.327011    2.330597
  945.4050    2.356886    2.345001    2.344824    2.348207    2.352125
  949.0860    2.375334    2.364944    2.365675    2.369549    2.373758
  952.6400    2.393120    2.384102    2.385660    2.389963    2.394400
  956.2200    2.411283    2.403601    2.405926    2.410608    2.415274
  959.6700    2.428864    2.422441    2.425453    2.430462    2.435303
  963.1450    2.446676    2.441444    2.445091    2.450373    2.455362
  966.6460    2.464699    2.460627    2.464832    2.470352    2.475468
  970.1720    2.482960    2.479963    2.484669    2.490408    2.495586
  973.7240    2.501429    2.499466    2.504620    2.510506    2.515755
  977.3010    2.520142    2.519119    2.524670    2.530661    2.535938
  980.9060    2.539076    2.538939    2.544811    2.550877    2.556145
  984.5370    2.558228    2.558912    2.565044    2.571150    2.576387
  988.1950    2.577618    2.579041    2.585382    2.591488    2.596663
  991.8800    2.597244    2.599316    2.605822    2.611893    2.616989
  995.5930    2.617094    2.619761    2.626362    2.632366    2.637369
  999.3330    2.637169    2.640362    2.647011    2.652924    2.657801
 1003.1020    2.657486    2.661121    2.667780    2.673574    2.678318
 1006.9000    2.678026    2.682045    2.688679    2.694332    2.698927
 1010.5510    2.697857    2.702171    2.708744    2.714245    2.718693
 1014.2300    2.717903    2.722469    2.728937    2.734272    2.738560
 1017.9350    2.738163    2.742922    2.749271    2.754425    2.758541
 1021.6670    2.758640    2.763540    2.769747    2.774714    2.778650
 1025.4270    2.779345    2.784340    2.790377    2.795151    2.798906
 1029.2150    2.800262    2.805317    2.811165    2.815731    2.819313
 1032.8480    2.820404    2.825466    2.831121    2.835487    2.838900
 1036.5070    2.840746    2.845779    2.851234    2.855404    2.858639
 1040.1930    2.861301    2.866282    2.871521    2.875484    2.878540
 1043.9041    2.882057    2.886959    2.891972    2.895733    2.898615
 1047.6420    2.903030    2.907820    2.912605    2.916159    2.918869
 1051.2180    2.923145    2.927811    2.932373    2.935730    2.938280
 1054.8180    2.943451    2.947973    2.952303    2.955467    2.957861
 1058.4440    2.963943    2.968306    2.972406    2.975376    2.977613
 1062.0940    2.984623    2.988813    2.992678    2.995455    2.997540
 1065.7690    3.005482    3.009493    3.013132    3.015696    3.017618
 1069.4709    3.026533    3.030315    3.033705    3.036110    3.037905
 1073.0010    3.046612    3.050224    3.053387    3.055607    3.057247
 1076.5540    3.066847    3.070259    3.073204    3.075254    3.076750
 1080.1310    3.087214    3.090399    3.093142    3.095030    3.096424
 1083.7321    3.107685    3.110691    3.113209    3.114944    3.116177
 1087.3571    3.128302    3.131073    3.133379    3.134941    3.136086
 1091.0060    3.149004    3.151585    3.153664    3.155064    3.156094
 1094.6801    3.169762    3.172136    3.174030    3.175280    3.176178
 1098.3790    3.190613    3.192762    3.194458    3.195568    3.196342
 1102.1030    3.211468    3.213411    3.214924    3.215876    3.216536
 1105.8521    3.232334    3.234087    3.235401    3.236210    3.236790
 1109.6260    3.253168    3.254717    3.255852    3.256550    3.257006
 1113.4270    3.273926    3.275311    3.276255    3.276806    3.277174
 1117.2540    3.294554    3.295765    3.296555    3.296993    3.297279
 1121.1071    3.315046    3.316097    3.316725    3.317060    3.317249
 1124.9860    3.335339    3.336220    3.336700    3.336920    3.337021
 1128.8929    3.355356    3.356083    3.356428    3.356543    3.356581
 1133.0460    3.376122    3.376722    3.376923    3.376942    3.376886
 1137.2300    3.396461    3.396914    3.396984    3.396914    3.396809
 1141.6680    3.417290    3.417637    3.417572    3.417404    3.417240
 1146.1410    3.437433    3.437672    3.437513    3.437260    3.437021
 1150.8750    3.457745    3.457882    3.457609    3.457275    3.456974
 1155.8760    3.477932    3.477989    3.477613    3.477222    3.476860
 1161.3820    3.498531    3.498505    3.498049    3.497580    3.497150
 1167.4060    3.518921    3.518829    3.518290    3.517750    3.517288
 1174.2000    3.539013    3.538876    3.538273    3.537668    3.537151
 1182.5050    3.559069    3.558912    3.558241    3.557590    3.557026
 1194.8199    3.579075    3.578938    3.578215    3.577515    3.576904
 1236.2180    3.558636    3.558949    3.558395    3.557724    3.557121
 1245.1620    3.538147    3.538637    3.538185    3.537567    3.537001
 1252.6250    3.517578    3.518250    3.517895    3.517342    3.516800
 1259.0940    3.497551    3.498407    3.498159    3.497662    3.497150
 1265.0830    3.477468    3.478508    3.478378    3.477932    3.477455
 1270.8530    3.456959    3.458199    3.458183    3.457790    3.457367
 1276.3970    3.436386    3.437845    3.437941    3.437624    3.437227
 1281.7090    3.416075    3.417738    3.417953    3.417704    3.417355
 1287.0660    3.395134    3.397036    3.397385    3.397209    3.396914
 1292.1820    3.374895    3.377033    3.377506    3.377398    3.377142
 1297.3390    3.354359    3.356733    3.357344    3.357325    3.357115
 1302.5370    3.333649    3.336279    3.337040    3.337099    3.336941
 1307.7770    3.312876    3.315762    3.316683    3.316809    3.316704
 1313.0590    3.292124    3.295303    3.296358    3.296577    3.296513
 1318.3840    3.271469    3.274920    3.276140    3.276440    3.276440
 1323.7531    3.250957    3.254717    3.256092    3.256453    3.256525
 1329.1660    3.230679    3.234695    3.236235    3.236689    3.236790
 1334.6219    3.210613    3.214924    3.216587    3.217115    3.217274
 1340.4310    3.189659    3.194263    3.196093    3.196701    3.196922
 1346.2910    3.168940    3.173828    3.175831    3.176525    3.176758
 1352.2020    3.148418    3.153603    3.155731    3.156488    3.156761
 1358.1660    3.128044    3.133474    3.135736    3.136562    3.136879
 1364.1820    3.107685    3.113409    3.115776    3.116674    3.117039
 1370.2510    3.087320    3.093281    3.095797    3.096737    3.097153
 1376.3750    3.066847    3.073059    3.075657    3.076677    3.077076
 1382.5540    3.046183    3.052578    3.055302    3.056372    3.056789
 1388.7889    3.025183    3.031813    3.034628    3.035709    3.036190
 1394.7469    3.004967    3.011740    3.014688    3.015820    3.016281
 1400.7570    2.984283    2.991270    2.994274    2.995438    2.995947
 1406.8190    2.963127    2.970287    2.973373    2.974575    2.975101
 1412.5930    2.942648    2.949970    2.953131    2.954363    2.954903
 1418.4139    2.921644    2.929123    2.932358    2.933624    2.934185
 1423.9370    2.901371    2.908995    2.912302    2.913601    2.914173
 1429.5020    2.880585    2.888353    2.891739    2.893068    2.893661
 1435.1121    2.859283    2.867197    2.870649    2.872023    2.872635
 1440.4110    2.838837    2.846888    2.850414    2.851822    2.852449
 1445.7490    2.817928    2.826126    2.829721    2.831165    2.831818
 1451.1281    2.796574    2.804916    2.808590    2.810070    2.810749
 1456.1830    2.776251    2.784731    2.788479    2.790003    2.790707
 1461.2740    2.755554    2.764183    2.768017    2.769577    2.770308
 1466.4010    2.734520    2.743290    2.747210    2.748816    2.749575
 1471.5640    2.713154    2.722082    2.726082    2.727737    2.728533
 1476.3910    2.693050    2.702120    2.706205    2.707911    2.708736
 1481.2500    2.672699    2.681919    2.686090    2.687851    2.688705
 1486.1400    2.652140    2.661510    2.665779    2.667583    2.668480
 1493.7280    2.620501    2.630123    2.634527    2.636417    2.637360
 1499.8540    2.594646    2.604475    2.608997    2.610958    2.611958
 1506.0300    2.568600    2.578640    2.583290    2.585314    2.586363
 1512.2581    2.542402    2.552656    2.557447    2.559547    2.560648
 1518.5370    2.516113    2.526585    2.531506    2.533684    2.534838
 1524.8690    2.489748    2.500456    2.505503    2.507761    2.508974
 1531.2540    2.463371    2.474304    2.479488    2.481831    2.483088
 1537.6920    2.436989    2.448181    2.453487    2.455894    2.457216
 1544.1851    2.410660    2.422081    2.427519    2.430010    2.431364
 1550.7321    2.384390    2.396042    2.401608    2.404182    2.405586
 1557.3361    2.358202    2.370087    2.375792    2.378416    2.379885
 1563.9960    2.332096    2.344196    2.350035    2.352741    2.354242
 1570.7130    2.306082    2.318419    2.324385    2.327154    2.328705
 1577.4880    2.280169    2.292721    2.298788    2.301638    2.303219
 1584.3220    2.254330    2.267101    2.273279    2.276186    2.277815
 1591.2159    2.228580    2.241547    2.247850    2.250786    2.252441
 1598.1689    2.202869    2.216034    2.222431    2.225439    2.227116
 1605.1840    2.177191    2.190556    2.197033    2.200085    2.201807
 1612.2600    2.151524    2.165066    2.171638    2.174728    2.176468
 1619.3990    2.125807    2.139532    2.146221    2.149342    2.151094
 1626.6021    2.100060    2.113977    2.120705    2.123852    2.125645
 1633.8690    2.074268    2.088314    2.095100    2.098297    2.100094
 1641.2010    2.048325    2.062508    2.069372    2.072617    2.074451
 1648.6000    2.022263    2.036589    2.043520    2.046768    2.048597
 1656.0649    1.996021    2.010469    2.017450    2.020735    2.022594
 1663.5980    1.969597    1.984158    1.991209    1.994497    1.996359
 1671.2010    1.942965    1.957630    1.964725    1.968039    1.969910
 1678.8719    1.916101    1.930868    1.938009    1.941338    1.943222
 1686.6150    1.889000    1.903854    1.911036    1.914381    1.916275
 1694.4301    1.861641    1.876581    1.883804    1.887167    1.889067
 1702.3170    1.834032    1.849045    1.856306    1.859678    1.861595
 1710.2780    1.806166    1.821245    1.828537    1.831928    1.833855
 1718.3130    1.778049    1.793190    1.800505    1.803915    1.805847
 1726.4250    1.749691    1.764877    1.772226    1.775646    1.777594
 1734.6140    1.721102    1.736332    1.743698    1.747131    1.749094
 1742.8800    1.692308    1.707569    1.714958    1.718403    1.720375
 1751.2260    1.663324    1.678600    1.686001    1.689468    1.691444
 1759.6520    1.634174    1.649462    1.656874    1.660343    1.662342
 1768.1600    1.604895    1.620178    1.627590    1.631069    1.633074
 1776.7500    1.575512    1.590775    1.598188    1.601669    1.603685
 1785.4240    1.546061    1.561293    1.568684    1.572174    1.574194
 1794.1830    1.516575    1.531748    1.539114    1.542601    1.544626
