Lyman alpha broadened by H atoms
Potentials and dipol moments from Spielfidel 2003
priv. comm. Nicole Allard 2012
Calculated by Detlev Koester, July 11, 2018
---------------------------------------------------------------------------------------------
    5
     15.00  474    7   4000.00   6000.00   8000.00  12000.00  16000.00  20000.00  25000.00
  751.2110   -2.145700   -2.190701   -2.286900   -2.336300   -2.407600   -2.417801   -2.473900
  754.3090   -2.100201   -2.138599   -2.230700   -2.253700   -2.354500   -2.353199   -2.437300
  757.4340   -2.056499   -2.087299   -2.176100   -2.172100   -2.294100   -2.297600   -2.392799
  760.5840   -2.013100   -2.031401   -2.120300   -2.108900   -2.235199   -2.250200   -2.340700
  763.7610   -1.969700   -1.971300   -2.064600   -2.069901   -2.184700   -2.206699   -2.283600
  766.9650   -1.924200   -1.913900   -2.013000   -2.047199   -2.137699   -2.163500   -2.224701
  770.1950   -1.873100   -1.865900   -1.968201   -2.024601   -2.088501   -2.119600   -2.166599
  773.4530   -1.814499   -1.830299   -1.929100   -1.988600   -2.040199   -2.074100   -2.110701
  776.7380   -1.751600   -1.805300   -1.892099   -1.939899   -1.998800   -2.026899   -2.058100
  780.0520   -1.691700   -1.785900   -1.853701   -1.888800   -1.961901   -1.979801   -2.008900
  783.3940   -1.642900   -1.766500   -1.813900   -1.843700   -1.922600   -1.936199   -1.962999
  786.7640   -1.608101   -1.742199   -1.773500   -1.806700   -1.879700   -1.897999   -1.919800
  790.1640   -1.583700   -1.710199   -1.732700   -1.774799   -1.837601   -1.864100   -1.879101
  793.5930   -1.561001   -1.669800   -1.690500   -1.742901   -1.799000   -1.830900   -1.840599
  797.0530   -1.531401   -1.622200   -1.646700   -1.709801   -1.763300   -1.794800   -1.804199
  800.5420   -1.491301   -1.569201   -1.602301   -1.675800   -1.728701   -1.754601   -1.769400
  804.0620   -1.443199   -1.512899   -1.556601   -1.639801   -1.693300   -1.711300   -1.735500
  807.6140   -1.392601   -1.455601   -1.508101   -1.600700   -1.653299   -1.666800   -1.701401
  811.1960   -1.344700   -1.400400   -1.459200   -1.558800   -1.605900   -1.622400   -1.666201
  814.8110   -1.301001   -1.350399   -1.414000   -1.513199   -1.553801   -1.577999   -1.629000
  818.4580   -1.258900   -1.306700   -1.370300   -1.462400   -1.503201   -1.533300   -1.589001
  822.1380   -1.213100   -1.266800   -1.322500   -1.407400   -1.457600   -1.487700   -1.546200
  825.8510   -1.159500   -1.224899   -1.271299   -1.351299   -1.414900   -1.441299   -1.500801
  829.5980   -1.098499   -1.176701   -1.221901   -1.295601   -1.369699   -1.394400   -1.453400
  833.3790   -1.035299   -1.122601   -1.175900   -1.240799   -1.319300   -1.347200   -1.404600
  837.1940   -0.975201   -1.066299   -1.130501   -1.187799   -1.265400   -1.300100   -1.355301
  841.0450   -0.921101   -1.011200   -1.083500   -1.137899   -1.211700   -1.253601   -1.306200
  844.9310   -0.872200   -0.958700   -1.035601   -1.092600   -1.160700   -1.207901   -1.257700
  848.8530   -0.826799   -0.909201   -0.988600   -1.052401   -1.112999   -1.163500   -1.210300
  852.8120   -0.783800   -0.863701   -0.943001   -1.015699   -1.068001   -1.120399   -1.164101
  856.8080   -0.743500   -0.822599   -0.898800   -0.980600   -1.025600   -1.078899   -1.119400
  860.8420   -0.707001   -0.786200   -0.855999   -0.945700   -0.985701   -1.038799   -1.076200
  864.9140   -0.674299   -0.754400   -0.815201   -0.910400   -0.948299   -1.000200   -1.034700
  869.0240   -0.644100   -0.726000   -0.777500   -0.874001   -0.913000   -0.962900   -0.994900
  873.1740   -0.614201   -0.698200   -0.743700   -0.836599   -0.879299   -0.926701   -0.957001
  877.3630   -0.582399   -0.668400   -0.714199   -0.799400   -0.846901   -0.891701   -0.921101
  881.5930   -0.547300   -0.635099   -0.688000   -0.763500   -0.815399   -0.858000   -0.887501
  885.8640   -0.509399   -0.599300   -0.663401   -0.729599   -0.784901   -0.825701   -0.856100
  890.1770   -0.470900   -0.563299   -0.638201   -0.697800   -0.755501   -0.795099   -0.826900
  894.5320   -0.435200   -0.529400   -0.610701   -0.668100   -0.727600   -0.766300   -0.799801
  898.9290   -0.404900   -0.499300   -0.580299   -0.640301   -0.701799   -0.739100   -0.774401
  903.3700   -0.380400   -0.473101   -0.547199   -0.613600   -0.677999   -0.713301   -0.750401
  907.8550   -0.359200   -0.449501   -0.513000   -0.587101   -0.655899   -0.688400   -0.727301
  912.3850   -0.337000   -0.426100   -0.480000   -0.560600   -0.634600   -0.663900   -0.704800
  916.9600   -0.310900   -0.400101   -0.450100   -0.534599   -0.612700   -0.639200   -0.682400
  921.5820   -0.282499   -0.370800   -0.423599   -0.510000   -0.588800   -0.613899   -0.659800
  926.2500   -0.256001   -0.340401   -0.400299   -0.487400   -0.561800   -0.587999   -0.637100
  930.9660   -0.234301   -0.312599   -0.379200   -0.466301   -0.531601   -0.561701   -0.614000
  935.7300   -0.217501   -0.290199   -0.358799   -0.445499   -0.499201   -0.535801   -0.590700
  940.5430   -0.204000   -0.273701   -0.337601   -0.423700   -0.466301   -0.510700   -0.566999
  945.4050   -0.190800   -0.260799   -0.315500   -0.400200   -0.434999   -0.487101   -0.542900
  950.3190   -0.175301   -0.247801   -0.293499   -0.375299   -0.407200   -0.465099   -0.518200
  955.2830   -0.157400   -0.232300   -0.273201   -0.350100   -0.384100   -0.444599   -0.492800
  960.3000   -0.139400   -0.214399   -0.255501   -0.326200   -0.365799   -0.424999   -0.466499
  965.3700   -0.123501   -0.195900   -0.240200   -0.304899   -0.351500   -0.405300   -0.439699
  970.4940   -0.109900   -0.178699   -0.226000   -0.286499   -0.339701   -0.384701   -0.412701
  975.6720   -0.096500   -0.163500   -0.211201   -0.270700   -0.328300   -0.362801   -0.386400
  986.1960   -0.064501   -0.135900   -0.178900   -0.242901   -0.299099   -0.316099   -0.338400
  996.9500   -0.025700   -0.102699   -0.147400   -0.213301   -0.256800   -0.271299   -0.300200
 1008.1140    0.013901   -0.063000   -0.118599   -0.180201   -0.207001   -0.232100   -0.270300
 1020.9540    0.063499   -0.024900   -0.078600   -0.137800   -0.164000   -0.204700   -0.242300
 1031.3010    0.113400    0.023800   -0.041500   -0.109200   -0.147600   -0.184700   -0.212799
 1042.9740    0.148800    0.062599    0.008200   -0.075300   -0.124201   -0.153099   -0.171101
 1055.1990    0.198700    0.110701    0.051399   -0.030500   -0.079599   -0.109400   -0.124701
 1067.4220    0.238701    0.160500    0.091999    0.014299   -0.032499   -0.063801   -0.083401
 1078.9360    0.269001    0.197901    0.141701    0.056601    0.005100   -0.024799   -0.047600
 1090.1930    0.313200    0.234301    0.188801    0.106600    0.045401    0.014601   -0.018200
 1101.0660    0.346100    0.271601    0.214800    0.149200    0.094900    0.061001    0.028700
 1110.1530    0.375900    0.299700    0.244499    0.179501    0.139299    0.106501    0.078400
 1116.5070    0.397400    0.317801    0.272100    0.205400    0.172300    0.147200    0.128300
 1121.4290    0.414101    0.332199    0.294399    0.232300    0.203501    0.186100    0.178299
 1125.3110    0.426300    0.346701    0.310900    0.258499    0.234301    0.222900    0.227100
 1128.6750    0.437799    0.360001    0.326300    0.285099    0.267099    0.261200    0.276300
 1131.6219    0.448200    0.375500    0.339600    0.312201    0.301399    0.301300    0.324699
 1134.3640    0.457399    0.392401    0.354700    0.341700    0.339199    0.345200    0.374001
 1136.8990    0.467400    0.409901    0.372400    0.373400    0.379700    0.390800    0.423401
 1139.2230    0.478600    0.427200    0.393801    0.407000    0.421000    0.437599    0.471600
 1141.4449    0.490299    0.446800    0.420300    0.443001    0.465200    0.486000    0.520300
 1143.5649    0.502701    0.466400    0.450800    0.481100    0.511200    0.535500    0.569599
 1145.5800    0.516899    0.488600    0.483601    0.522200    0.558201    0.585199    0.617800
 1147.3770    0.532000    0.512300    0.517401    0.561899    0.602699    0.631901    0.666300
 1149.1790    0.557100    0.542299    0.558201    0.605900    0.649500    0.680201    0.714199
 1150.8750    0.575199    0.576700    0.598499    0.650299    0.695601    0.728001    0.756300
 1152.5750    0.601900    0.615299    0.643900    0.698101    0.743900    0.777401    0.804300
 1154.1660    0.631500    0.655399    0.691299    0.745300    0.790899    0.825901    0.854000
 1155.6479    0.663601    0.698299    0.736200    0.791800    0.837000    0.873301    0.900499
 1157.0190    0.699100    0.739901    0.782801    0.836399    0.881599    0.918699    0.945400
 1158.3929    0.738899    0.785801    0.829000    0.884001    0.928801    0.966700    0.993900
 1159.6560    0.778099    0.831200    0.875700    0.929300    0.974701    1.013201    1.040400
 1160.9210    0.823400    0.879299    0.922600    0.977600    1.023300    1.061701    1.088699
 1162.0740    0.868200    0.926201    0.968700    1.024500    1.070101    1.108101    1.134899
 1163.2290    0.915600    0.975700    1.016899    1.073900    1.119699    1.157101    1.183800
 1164.2710    0.962799    1.022499    1.062500    1.121599    1.166700    1.203100    1.229500
 1165.1980    1.005301    1.066099    1.106701    1.166500    1.210501    1.245399    1.271200
 1166.1270    1.051701    1.111900    1.152500    1.213400    1.256001    1.289200    1.314199
 1167.0570    1.099300    1.161600    1.201300    1.262600    1.303301    1.334600    1.358700
 1167.8719    1.144300    1.206699    1.247400    1.307800    1.346001    1.375500    1.398800
 1168.6890    1.191799    1.254499    1.295401    1.354500    1.389900    1.417400    1.439600
 1169.3890    1.234800    1.298500    1.337999    1.395599    1.428400    1.453899    1.475100
 1170.0909    1.281401    1.344101    1.382900    1.437500    1.467600    1.490999    1.511101
 1170.7930    1.330200    1.391600    1.429701    1.480400    1.507401    1.528700    1.547400
 1171.3790    1.373199    1.433201    1.469400    1.516800    1.541000    1.560499    1.577999
 1171.9659    1.418900    1.476200    1.509701    1.553499    1.574900    1.592701    1.608801
 1172.5530    1.466200    1.520100    1.550900    1.590401    1.609100    1.625099    1.639900
 1173.1410    1.514999    1.564800    1.593000    1.627501    1.643499    1.657700    1.671000
 1173.6110    1.555500    1.601299    1.627001    1.657299    1.671200    1.683800    1.695999
 1174.0820    1.597000    1.638399    1.661100    1.687201    1.698799    1.709900    1.720900
 1174.5530    1.638800    1.675600    1.695000    1.717100    1.726500    1.736000    1.745800
 1175.0250    1.680799    1.712799    1.729000    1.747000    1.754299    1.762199    1.770599
 1175.4969    1.723301    1.749901    1.763000    1.776800    1.782000    1.788401    1.795300
 1175.9700    1.766001    1.787100    1.797100    1.806400    1.809601    1.814501    1.820000
 1176.4430    1.808300    1.824100    1.830900    1.835800    1.837101    1.840500    1.844500
 1176.9160    1.850000    1.860800    1.864300    1.865000    1.864500    1.866400    1.868900
 1177.3900    1.891199    1.896801    1.897100    1.894001    1.891701    1.892200    1.893200
 1177.8640    1.931900    1.932199    1.929600    1.922800    1.918699    1.917700    1.917299
 1178.4570    1.981199    1.975700    1.969601    1.958401    1.952000    1.949200    1.947001
 1179.0500    2.028690    2.018030    2.008770    1.993401    1.985001    1.980301    1.976299
 1179.6440    2.074380    2.059000    2.046890    2.027680    2.017450    2.010940    2.005140
 1180.2390    2.117930    2.098330    2.083720    2.061260    2.049330    2.041120    2.033460
 1180.9540    2.166810    2.143510    2.126330    2.100610    2.086750    2.076640    2.066810
 1181.6689    2.212210    2.186390    2.167290    2.138840    2.123170    2.111230    2.099370
 1182.5050    2.260380    2.232950    2.212530    2.181820    2.164170    2.150270    2.136310
 1183.4620    2.308670    2.281600    2.260480    2.228400    2.209090    2.193040    2.177050
 1184.5400    2.354820    2.330620    2.309930    2.277590    2.256840    2.238850    2.220740
 1185.6200    2.392220    2.373040    2.354260    2.323170    2.301440    2.282060    2.262190
 1186.8220    2.424910    2.413150    2.397230    2.369140    2.347120    2.326810    2.305700
 1188.2679    2.454400    2.451600    2.440960    2.417820    2.396580    2.375860    2.354450
 1189.8390    2.479660    2.484040    2.478940    2.462940    2.443790    2.423880    2.403020
 1191.5350    2.507090    2.512020    2.512270    2.503410    2.487920    2.470290    2.451230
 1193.3580    2.542760    2.541080    2.543500    2.540520    2.529660    2.515220    2.499780
 1195.1860    2.582050    2.575890    2.576150    2.574830    2.568400    2.558370    2.546790
 1197.0190    2.614530    2.617260    2.614980    2.611900    2.608540    2.602460    2.595400
 1198.6130    2.632140    2.653920    2.653140    2.649110    2.647490    2.644690    2.641650
 1200.0880    2.644710    2.685220    2.691510    2.690110    2.689230    2.689740    2.689450
 1201.3199    2.662910    2.708590    2.723620    2.728820    2.730010    2.732610    2.734690
 1202.4310    2.693670    2.730500    2.754240    2.767850    2.771770    2.776500    2.781000
 1203.4200    2.734990    2.753180    2.782970    2.806590    2.813420    2.820990    2.827360
 1204.2870    2.781740    2.780190    2.810740    2.843410    2.854280    2.864730    2.872410
 1205.0310    2.827930    2.810080    2.839100    2.877540    2.893200    2.906012    2.914930
 1205.7760    2.877540    2.847540    2.872910    2.915242    2.936061    2.951211    2.961872
 1206.3970    2.921827    2.886630    2.905710    2.950345    2.975092    2.992514    3.005095
 1207.0200    2.967974    2.933386    2.944107    2.989356    3.017743    3.037944    3.052809
 1207.5179    3.005910    2.975707    2.980281    3.023746    3.055149    3.077949    3.094611
 1208.0160    3.045870    3.022346    3.022140    3.061452    3.096215    3.121660    3.140130
 1208.3910    3.077840    3.060585    3.057438    3.092510    3.129850    3.157210    3.176990
 1208.7650    3.111630    3.102090    3.095971    3.126490    3.166310    3.195370    3.216460
 1209.1400    3.147310    3.147000    3.137830    3.164060    3.205880    3.236440    3.258900
 1209.5150    3.185260    3.195210    3.183380    3.205750    3.248980    3.280810    3.304790
 1209.7650    3.212400    3.229120    3.216090    3.236130    3.279870    3.312450    3.337560
 1210.0150    3.241400    3.264440    3.250980    3.268790    3.312690    3.345980    3.372290
 1210.2650    3.272630    3.301330    3.288290    3.303870    3.347620    3.381620    3.409220
 1210.5150    3.306300    3.340050    3.328240    3.341530    3.384960    3.419660    3.448630
 1210.7660    3.342520    3.380930    3.370980    3.382050    3.425010    3.460420    3.490760
 1211.0160    3.381510    3.424420    3.416710    3.425710    3.468170    3.504270    3.535940
 1211.2670    3.423540    3.470900    3.465560    3.472900    3.514890    3.551610    3.584500
 1211.3929    3.445870    3.495360    3.491240    3.497970    3.539740    3.576720    3.610170
 1211.5179    3.469190    3.520730    3.517790    3.524110    3.565690    3.602880    3.636820
 1211.6429    3.493580    3.547010    3.545260    3.551430    3.592800    3.630150    3.664500
 1211.7690    3.519170    3.574290    3.573730    3.579990    3.621150    3.658600    3.693290
 1211.8940    3.546060    3.602570    3.603260    3.609890    3.650820    3.688290    3.723220
 1212.0200    3.574360    3.631950    3.633960    3.641240    3.681890    3.719270    3.754360
 1212.1450    3.604170    3.662500    3.665940    3.674140    3.714460    3.751650    3.786780
 1212.2710    3.635590    3.694320    3.699310    3.708720    3.748610    3.785490    3.820550
 1212.3970    3.668730    3.727520    3.734240    3.745070    3.784450    3.820880    3.855760
 1212.5220    3.703680    3.762260    3.770880    3.783340    3.822050    3.857910    3.892480
 1212.6479    3.740540    3.798710    3.809430    3.823640    3.861540    3.896670    3.930830
 1212.7729    3.779480    3.837100    3.850080    3.866110    3.903030    3.937300    3.970920
 1212.8990    3.820660    3.877660    3.893050    3.910890    3.946640    3.979900    4.012900
 1213.0250    3.864300    3.920690    3.938550    3.958120    3.992530    4.024600    4.056800
 1213.1510    3.910680    3.966500    3.986860    4.008000    4.040800    4.071700    4.103000
 1213.2760    3.960140    4.015400    4.038200    4.060700    4.091800    4.121200    4.151500
 1213.4020    4.013100    4.067900    4.092900    4.116400    4.145500    4.173400    4.202700
 1213.5280    4.070000    4.124200    4.151200    4.175400    4.202400    4.228600    4.256800
 1213.6541    4.131400    4.184900    4.213400    4.238000    4.262800    4.287200    4.314100
 1213.7800    4.198000    4.250400    4.280100    4.304500    4.326900    4.349500    4.375200
 1213.9060    4.270300    4.321301    4.351600    4.375600    4.395500    4.416200    4.440500
 1214.0320    4.349200    4.398300    4.428699    4.451700    4.469100    4.487800    4.510800
 1214.1580    4.435500    4.482100    4.512000    4.533800    4.548500    4.565300    4.587000
 1214.2830    4.530500    4.573900    4.602700    4.623000    4.635100    4.649900    4.670100
 1214.4091    4.635500    4.675100    4.702400    4.720900    4.730300    4.743100    4.762000
 1214.5360    4.752800    4.788100    4.813300    4.829800    4.836700    4.847500    4.865100
 1214.6620    4.886000    4.916400    4.939300    4.953600    4.957900    4.966800    4.983100
 1214.7880    5.046000    5.071000    5.091000    5.102900    5.104800    5.111700    5.126500
 1214.9139    7.435400    7.435600    7.435699    7.435699    7.435699    7.435801    7.435900
 1215.0400    8.816000    8.816000    8.816000    8.816000    8.816000    8.816000    8.816000
 1215.1660    9.793500    9.793500    9.793500    9.793500    9.793500    9.793500    9.793500
 1215.2920   10.486300   10.486300   10.486300   10.486300   10.486300   10.486300   10.486300
 1215.4180   10.952300   10.952300   10.952300   10.952300   10.952300   10.952300   10.952300
 1215.5450   11.221900   11.221900   11.221900   11.221900   11.221900   11.221900   11.221900
 1215.7970   11.221900   11.221900   11.221900   11.221900   11.221900   11.221900   11.221900
 1215.9240   10.952300   10.952300   10.952300   10.952300   10.952300   10.952300   10.952300
 1216.0500   10.486300   10.486300   10.486300   10.486300   10.486300   10.486300   10.486300
 1216.1760    9.793400    9.793400    9.793500    9.793500    9.793500    9.793500    9.793500
 1216.3030    8.816000    8.816000    8.816000    8.816000    8.816000    8.816000    8.816000
 1216.4290    7.435900    7.435900    7.435900    7.435900    7.435900    7.435801    7.435900
 1216.5560    5.128300    5.129100    5.133300    5.137300    5.129900    5.125900    5.133101
 1216.6820    4.981000    4.983400    4.988500    4.993999    4.987500    4.983500    4.990700
 1216.8090    4.857900    4.861900    4.868100    4.875400    4.870000    4.866100    4.873500
 1216.9351    4.748600    4.754500    4.761900    4.771100    4.767000    4.763500    4.771000
 1217.0620    4.649900    4.657300    4.666100    4.677400    4.674700    4.671700    4.679600
 1217.1880    4.559299    4.568200    4.578500    4.591900    4.590900    4.588400    4.596600
 1217.3149    4.475600    4.485700    4.497400    4.513000    4.513700    4.511900    4.520500
 1217.4420    4.397700    4.408700    4.421700    4.439600    4.442000    4.441000    4.450100
 1217.5680    4.324800    4.336300    4.350600    4.370700    4.375000    4.374700    4.384501
 1217.6949    4.256300    4.268200    4.283500    4.305700    4.311900    4.312500    4.322800
 1217.8220    4.191800    4.203700    4.220000    4.244200    4.252200    4.253800    4.264700
 1217.9480    4.130800    4.142600    4.159600    4.185700    4.195601    4.198100    4.209600
 1218.0750    4.072900    4.084500    4.102100    4.129900    4.141600    4.145000    4.157200
 1218.2020    4.017800    4.029300    4.047300    4.076500    4.090000    4.094400    4.107200
 1218.3290    3.965250    3.976730    3.994880    4.025400    4.040500    4.045900    4.059299
 1218.4561    3.914910    3.926520    3.944790    3.976380    3.993070    3.999320    4.013400
 1218.5820    3.866580    3.878531    3.896820    3.929310    3.947430    3.954590    3.969270
 1218.7090    3.820040    3.832570    3.850850    3.884060    3.903480    3.911510    3.926740
 1218.8361    3.775150    3.788470    3.806750    3.840530    3.861120    3.869960    3.885710
 1218.9630    3.731770    3.746070    3.764380    3.798620    3.820230    3.829860    3.846060
 1219.0900    3.689810    3.705220    3.723620    3.758260    3.780760    3.791110    3.807720
 1219.2170    3.649180    3.665790    3.684350    3.719360    3.742620    3.753620    3.770590
 1219.3440    3.609830    3.627640    3.646470    3.681840    3.705740    3.717350    3.734610
 1219.4709    3.571710    3.590690    3.609870    3.645630    3.670050    3.682220    3.699710
 1219.5980    3.534770    3.554840    3.574450    3.610660    3.635500    3.648170    3.665840
 1219.7250    3.498990    3.520020    3.540120    3.576860    3.602050    3.615180    3.632950
 1219.8530    3.464300    3.486180    3.506790    3.544170    3.569630    3.583180    3.601010
 1219.9800    3.430670    3.453260    3.474410    3.512510    3.538200    3.552130    3.569960
 1220.1071    3.398040    3.421260    3.442890    3.481820    3.507690    3.521990    3.539780
 1220.2340    3.366370    3.390100    3.412190    3.452050    3.478080    3.492720    3.510420
 1220.3610    3.335580    3.359840    3.382290    3.423150    3.449310    3.464280    3.481870
 1220.4890    3.305670    3.330370    3.353130    3.395050    3.421320    3.436660    3.454080
 1220.6160    3.276550    3.301750    3.324710    3.367690    3.394100    3.409780    3.427050
 1220.7430    3.248220    3.273900    3.296990    3.341060    3.367580    3.383620    3.400710
 1220.8710    3.220660    3.246840    3.270000    3.315090    3.341730    3.358160    3.375080
 1220.9980    3.193820    3.220530    3.243680    3.289770    3.316490    3.333370    3.350090
 1221.1250    3.167700    3.194930    3.218090    3.265050    3.291880    3.309180    3.325740
 1221.2531    3.142330    3.170000    3.193150    3.240920    3.267810    3.285600    3.302010
 1221.5081    3.093737    3.122020    3.145350    3.194320    3.221260    3.240070    3.256280
 1221.7629    3.047937    3.076349    3.100160    3.149830    3.176610    3.196590    3.212750
 1222.0179    3.004794    3.032659    3.057514    3.107350    3.133730    3.154910    3.171200
 1222.2729    2.964024    2.990871    3.017200    3.066847    3.092545    3.114910    3.131460
 1222.5291    2.925266    2.950851    2.978979    3.028205    3.052886    3.076386    3.093422
 1222.7841    2.888270    2.912615    2.942638    2.991355    3.014772    3.039216    3.056943
 1223.0400    2.852910    2.876200    2.907975    2.956197    2.978199    3.003374    3.021892
 1223.2950    2.819180    2.841630    2.874830    2.922596    2.943104    2.968763    2.988131
 1223.6790    2.771740    2.793160    2.827770    2.874790    2.893220    2.919057    2.939829
 1224.0630    2.728180    2.748440    2.783770    2.829680    2.846540    2.871920    2.894110
 1224.4470    2.688050    2.706970    2.742800    2.786810    2.802860    2.827300    2.850800
 1224.8320    2.650660    2.668290    2.704720    2.745890    2.761870    2.785090    2.809800
 1225.2159    2.615460    2.632200    2.669190    2.706800    2.723270    2.745220    2.770990
 1225.7300    2.571760    2.588140    2.624980    2.657530    2.674960    2.695390    2.722480
 1226.2440    2.531630    2.548660    2.583440    2.611660    2.629760    2.649000    2.677360
 1226.7581    2.494140    2.513110    2.544040    2.569190    2.587360    2.605640    2.635250
 1227.2720    2.458290    2.480380    2.506990    2.529830    2.547710    2.564970    2.595730
 1227.9160    2.416260    2.442230    2.464590    2.484290    2.501990    2.517670    2.549360
 1228.5610    2.378740    2.406950    2.426640    2.442070    2.460270    2.474190    2.505760
 1229.3350    2.339550    2.368730    2.385620    2.395570    2.414470    2.427060    2.456680
 1230.1100    2.307050    2.334490    2.348250    2.353970    2.371880    2.385160    2.411050
 1231.0160    2.277660    2.299220    2.309350    2.311350    2.325210    2.341690    2.362330
 1232.0530    2.249370    2.265900    2.270260    2.267990    2.276600    2.297020    2.312520
 1233.2209    2.221780    2.234670    2.228940    2.223630    2.229810    2.251270    2.262900
 1234.5220    2.194070    2.202950    2.186620    2.180810    2.186760    2.205910    2.214130
 1236.0870    2.168820    2.164890    2.143420    2.138240    2.144790    2.158840    2.164170
 1237.9180    2.142800    2.121920    2.105580    2.100370    2.109410    2.111600    2.117540
 1240.2791    2.101710    2.079620    2.074190    2.070070    2.074160    2.063900    2.068110
 1242.9139    2.063710    2.047510    2.048050    2.045910    2.039260    2.024810    2.019820
 1245.8240    2.030110    2.023870    2.026330    2.016620    2.001600    1.987900    1.970400
 1248.8820    2.015740    2.015150    2.010050    1.983101    1.965500    1.946501    1.921400
 1252.2230    2.013300    1.997299    1.980499    1.946100    1.923599    1.896999    1.872400
 1255.3120    2.008940    1.969799    1.942101    1.904301    1.875299    1.850500    1.828600
 1258.0110    1.988701    1.936899    1.903801    1.858801    1.826799    1.810699    1.787500
 1260.5861    1.950899    1.891001    1.856501    1.812901    1.779200    1.771099    1.744801
 1262.7620    1.910299    1.846800    1.809299    1.775200    1.740801    1.734699    1.706200
 1264.6730    1.862600    1.806900    1.768200    1.741501    1.708000    1.699699    1.671499
 1266.3149    1.813999    1.769400    1.734400    1.710300    1.679701    1.668301    1.642601
 1267.9611    1.764299    1.727301    1.701000    1.675800    1.649700    1.636299    1.614901
 1269.6121    1.714600    1.682899    1.664499    1.638901    1.618601    1.604599    1.588600
 1271.1290    1.666300    1.643200    1.628500    1.604799    1.589500    1.577101    1.566299
 1272.6490    1.617201    1.605700    1.591000    1.571899    1.560600    1.551201    1.545401
 1274.3120    1.569401    1.565001    1.552299    1.539101    1.531700    1.524300    1.523201
 1276.1190    1.526699    1.518299    1.514000    1.506500    1.503799    1.496401    1.499100
 1277.9301    1.485600    1.470800    1.478300    1.475000    1.478701    1.468599    1.474800
 1279.8870    1.438299    1.426901    1.438601    1.440500    1.453600    1.437799    1.447800
 1282.2710    1.390499    1.390100    1.390600    1.398300    1.420900    1.400101    1.414299
 1285.5110    1.341801    1.350500    1.343599    1.350599    1.371700    1.353701    1.373100
 1288.4830    1.293200    1.316299    1.321600    1.322901    1.327400    1.322500    1.341900
 1293.1810    1.259800    1.283501    1.278500    1.287600    1.277599    1.291300    1.302401
 1297.3390    1.234900    1.234699    1.249201    1.251400    1.245800    1.264700    1.265699
 1301.9570    1.211300    1.199400    1.224899    1.226799    1.207800    1.230101    1.216499
 1306.4630    1.162300    1.164700    1.175699    1.204300    1.183599    1.204201    1.175200
 1311.4410    1.138700    1.154301    1.145800    1.155300    1.179501    1.185101    1.151001
 1318.5330    1.135900    1.138901    1.115801    1.115101    1.153999    1.136400    1.126101
 1324.5020    1.113300    1.112200    1.129200    1.100500    1.120701    1.086800    1.096100
 1330.3740    1.064400    1.062401    1.101799    1.088699    1.103399    1.070499    1.084499
 1337.8260    1.068001    1.061800    1.072399    1.096500    1.054300    1.065100    1.099100
 1344.8990    1.072100    1.062099    1.022400    1.064800    1.015200    1.050301    1.089500
 1355.3340    1.023399    1.030500    1.026501    1.027700    1.023899    1.063200    1.039801
 1362.1180    0.990601    1.003099    1.038200    0.977699    1.022900    1.051300    1.021601
 1372.5010    1.032600    0.997000    1.027000    0.995199    1.046499    1.004200    0.972500
 1383.5350    0.996799    1.024000    0.977301    1.009800    1.003000    0.974199    0.936199
 1391.9270    0.972599    1.016001    0.938299    1.026699    0.971701    0.924999    0.961500
 1397.2450    0.984301    0.966200    0.952400    1.021500    0.961000    0.909599    0.974199
 1402.7720    1.028099    0.956501    1.002001    0.987999    0.935900    0.931299    0.977600
 1411.7410    1.028801    0.947901    1.017500    0.947201    0.902401    0.980900    0.989500
 1419.1021    1.002300    0.997200    1.025101    0.929899    0.941000    0.992001    1.019501
 1423.9370    0.952700    1.031601    1.012899    0.910700    0.976500    0.994900    1.037399
 1430.0260    0.971399    1.034000    0.964199    0.911301    1.001101    1.010599    1.042801
 1436.5210    0.990601    1.034201    0.933500    0.960100    1.007700    1.036301    1.022600
 1442.8970    1.040600    1.002300    0.930401    1.005501    1.020700    1.046900    0.986500
 1448.2540    1.081900    0.952700    0.924500    1.019400    1.040300    1.033699    0.957600
 1456.5460    1.059900    0.944500    0.968100    1.032801    1.051500    0.984100    0.933500
 1461.2740    1.048401    0.950100    1.017401    1.051500    1.034901    0.955900    0.927799
 1467.1370    1.000200    0.963600    1.056200    1.070900    0.996201    0.934200    0.917900
 1472.1200    0.963400    1.011801    1.066200    1.066700    0.962000    0.925699    0.901001
 1476.2050    0.972500    1.060900    1.072300    1.045200    0.942200    0.919800    0.881001
 1482.1880    1.008801    1.102100    1.090599    0.995899    0.928499    0.903900    0.848999
 1488.7870    1.058201    1.108900    1.100500    0.949900    0.919100    0.874901    0.830999
 1492.9659    1.106100    1.115400    1.083900    0.937700    0.907499    0.857500    0.839701
 1498.1260    1.156000    1.127300    1.038900    0.934601    0.887100    0.849400    0.874001
 1502.9360    1.173401    1.121000    0.990999    0.929399    0.870501    0.864201    0.922199
 1507.3879    1.174299    1.088400    0.962799    0.915001    0.868599    0.897600    0.971500
 1511.6720    1.175600    1.040001    0.955500    0.895599    0.886400    0.941700    1.016500
 1515.9800    1.173901    0.996500    0.956400    0.882700    0.923100    0.990299    1.055500
 1520.3130    1.152401    0.977400    0.951500    0.891899    0.972200    1.037100    1.087000
 1524.2729    1.109900    0.979000    0.939301    0.926201    1.020300    1.075001    1.109501
 1527.8550    1.063900    0.983000    0.929800    0.974300    1.061800    1.104300    1.125999
 1531.0530    1.032600    0.981199    0.933001    1.023500    1.095200    1.126600    1.138599
 1534.2650    1.019899    0.975100    0.953100    1.072500    1.124500    1.145901    1.150600
 1537.8940    1.024200    0.972799    0.999901    1.122000    1.152700    1.165100    1.164700
 1540.9310    1.032801    0.985500    1.049299    1.156200    1.172899    1.180099    1.177999
 1543.7770    1.039600    1.014601    1.098600    1.182199    1.189899    1.194099    1.191999
 1546.8380    1.046900    1.062599    1.148399    1.204201    1.206900    1.209700    1.209000
 1549.5000    1.058300    1.112000    1.186100    1.219700    1.221399    1.224100    1.225300
 1551.9659    1.077499    1.158400    1.215700    1.232300    1.235100    1.238400    1.241400
 1554.6460    1.109900    1.205200    1.242300    1.245300    1.250601    1.254801    1.259501
 1557.5430    1.157000    1.248699    1.266001    1.260401    1.268600    1.273600    1.279400
 1560.0350    1.203501    1.279499    1.283600    1.274900    1.284901    1.290100    1.296200
 1562.5341    1.251699    1.305201    1.300301    1.291599    1.301901    1.306801    1.312401
 1565.0420    1.298100    1.326900    1.317200    1.310301    1.319500    1.323299    1.327499
 1567.9771    1.347099    1.349701    1.338699    1.334200    1.340000    1.341700    1.343399
 1571.5570    1.396601    1.377100    1.367701    1.364700    1.364100    1.361900    1.359501
 1576.2140    1.445101    1.416000    1.408899    1.402700    1.391701    1.383101    1.374201
 1581.5389    1.488501    1.465000    1.454901    1.437901    1.415199    1.398399    1.381300
 1587.1150    1.536100    1.513700    1.493601    1.460100    1.427299    1.402300    1.377100
 1592.2980    1.585600    1.547899    1.515100    1.465000    1.425501    1.394199    1.362801
 1599.2610    1.635599    1.566000    1.516701    1.447001    1.402000    1.365101    1.328300
 1606.0649    1.634001    1.544201    1.484400    1.403601    1.355900    1.317499    1.279301
 1611.1510    1.591999    1.499300    1.437401    1.355600    1.307400    1.270401    1.233900
 1614.7070    1.542801    1.452900    1.392900    1.314501    1.267000    1.232100    1.198099
 1617.3850    1.496099    1.410099    1.353100    1.279600    1.233400    1.200701    1.169201
 1619.8480    1.446400    1.365000    1.312099    1.244600    1.200100    1.170000    1.141199
 1621.8680    1.401199    1.324200    1.275400    1.213800    1.171301    1.143499    1.117300
 1623.8940    1.351999    1.280100    1.235901    1.181200    1.141199    1.115999    1.092501
 1625.6980    1.305099    1.238400    1.198799    1.150600    1.113300    1.090700    1.069799
 1627.5070    1.255199    1.194599    1.159700    1.118601    1.084499    1.064600    1.046400
 1629.0930    1.209101    1.154600    1.124100    1.089500    1.058599    1.041100    1.025400
 1630.6820    1.160801    1.113300    1.087400    1.059299    1.032101    1.017000    1.004101
 1632.0460    1.117800    1.077000    1.055000    1.032499    1.008900    0.996000    0.985399
 1633.4130    1.073200    1.040001    1.021999    1.005100    0.985199    0.974701    0.966400
 1634.7820    1.027300    1.002300    0.988300    0.976999    0.961201    0.953100    0.947100
 1636.1530    0.980200    0.964001    0.954100    0.948299    0.936800    0.931299    0.927500
 1637.5270    0.932100    0.925200    0.919399    0.919001    0.912001    0.909100    0.907600
 1638.9030    0.883101    0.886000    0.884399    0.889200    0.887001    0.886499    0.887501
 1640.2810    0.833599    0.846399    0.848999    0.858900    0.861700    0.863701    0.867100
 1641.6620    0.783800    0.806499    0.813499    0.828199    0.836100    0.840700    0.846500
 1643.0450    0.734100    0.766300    0.777800    0.797100    0.810301    0.817400    0.825600
 1644.4301    0.684799    0.725800    0.742001    0.765699    0.784201    0.794100    0.804501
 1645.8180    0.636101    0.685200    0.706100    0.734100    0.757999    0.770599    0.783199
 1647.2080    0.588301    0.644300    0.670200    0.702499    0.731600    0.746901    0.761700
 1648.6000    0.541599    0.603300    0.634399    0.670799    0.705101    0.723000    0.740000
 1650.4600    0.492800    0.556400    0.592800    0.633699    0.672699    0.693600    0.712799
 1652.3240    0.433599    0.501900    0.545300    0.592100    0.637001    0.661499    0.683500
 1654.1920    0.376200    0.447599    0.497999    0.550900    0.601400    0.629400    0.653999
 1656.0649    0.320000    0.393700    0.451000    0.510401    0.565701    0.597200    0.624300
 1657.9420    0.264801    0.340599    0.404301    0.470699    0.530100    0.565100    0.594601
 1659.8230    0.209999    0.288500    0.358000    0.431999    0.494600    0.533001    0.564800
 1661.7090    0.155300    0.237801    0.312300    0.394300    0.459400    0.500999    0.535099
 1663.5980    0.100500    0.188801    0.267200    0.357700    0.424601    0.469299    0.505400
 1665.4919    0.045601    0.141701    0.223000    0.322300    0.390200    0.437799    0.476000
 1667.3910   -0.009300    0.096500    0.179800    0.287899    0.356300    0.406700    0.446899
 1669.2939   -0.063801    0.053299    0.137699    0.254601    0.323000    0.375999    0.418100
 1671.2010   -0.117399    0.011900    0.097000    0.222200    0.290501    0.345900    0.389801
 1673.1121   -0.169600   -0.027800    0.057800    0.190701    0.258900    0.316299    0.362000
 1675.0280   -0.219999   -0.066299    0.020201    0.160000    0.228300    0.287500    0.334900
 1676.9480   -0.268499   -0.103901   -0.015800    0.130001    0.198799    0.259399    0.308399
 1678.8719   -0.315201   -0.140800   -0.050200    0.100500    0.170401    0.232201    0.282801
 1680.8010   -0.360300   -0.177601   -0.082901    0.071600    0.143200    0.205799    0.257900
 1682.7350   -0.404600   -0.214300   -0.114300    0.043200    0.117100    0.180401    0.233999
 1684.6730   -0.448500   -0.251200   -0.144400    0.015301    0.092199    0.156000    0.211100
 1686.6150   -0.492701   -0.288200   -0.173401   -0.012100    0.068501    0.132601    0.189100
 1688.5620   -0.537800   -0.325300   -0.201500   -0.039101    0.045799    0.110300    0.168100
 1690.5129   -0.583799   -0.362301   -0.228901   -0.065399    0.024200    0.088900    0.148001
 1692.4690   -0.630699   -0.398899   -0.255800   -0.091101    0.003599    0.068600    0.129000
 1694.4301   -0.678299   -0.434799   -0.282299   -0.115999   -0.016100    0.049299    0.110901
 1696.3950   -0.725800   -0.469700   -0.308500   -0.140100   -0.035000    0.030800    0.093700
 1698.3640   -0.772600   -0.503201   -0.334400   -0.163300   -0.053101    0.013300    0.077400
 1700.3380   -0.817600   -0.535099   -0.360001   -0.185600   -0.070499   -0.003401    0.061800
 1702.3170   -0.860199   -0.565201   -0.385500   -0.206800   -0.087299   -0.019501    0.046900
 1704.3000   -0.899500   -0.593599   -0.411200   -0.226999   -0.103701   -0.034800    0.032700
 1706.2880   -0.935499   -0.620199   -0.436899   -0.246099   -0.119600   -0.049500    0.019001
 1708.2810   -0.968201   -0.645300   -0.461901   -0.264200   -0.135201   -0.063700    0.005899
 1710.2780   -0.997999   -0.669001   -0.484600   -0.281300   -0.150400   -0.077400   -0.006800
 1712.2800   -1.025600   -0.691700   -0.504601   -0.297501   -0.165400   -0.090700   -0.019199
 1714.2860   -1.052000   -0.713501   -0.523300   -0.312901   -0.180700   -0.103600   -0.031200
 1716.2970   -1.080000   -0.734600   -0.542000   -0.327600   -0.196199   -0.116301   -0.042900
 1718.3130   -1.112301   -0.755301   -0.560900   -0.341600   -0.211399   -0.128700   -0.054501
 1720.3340   -1.148399   -0.775499   -0.579300   -0.355000   -0.225399   -0.140800   -0.065901
 1722.3600   -1.180500   -0.795200   -0.596199   -0.368000   -0.238100   -0.152700   -0.077101
 1726.4250   -1.218100   -0.832901   -0.626499   -0.392700   -0.262199   -0.175900   -0.099100
 1730.5100   -1.260201   -0.867500   -0.653801   -0.416100   -0.287001   -0.198200   -0.120701
 1734.6140   -1.305099   -0.897699   -0.678900   -0.438499   -0.310400   -0.219700   -0.141701
 1740.8060   -1.353800   -0.934900   -0.713501   -0.469900   -0.341801   -0.249800   -0.171801
 1747.0430   -1.393799   -0.964901   -0.744499   -0.497999   -0.369101   -0.277000   -0.199699
 1757.5380   -1.438200   -1.011200   -0.786800   -0.536699   -0.406200   -0.315500   -0.240200
 1768.1600   -1.454100   -1.056801   -0.817200   -0.567101   -0.434700   -0.345900   -0.271801
 1778.9110   -1.483500   -1.091400   -0.843599   -0.593399   -0.457800   -0.369801   -0.295601
 1785.4240   -1.504299   -1.079399   -0.847401   -0.593300   -0.456100   -0.367100   -0.290800
 1803.0291   -1.566000   -1.126200   -0.891600   -0.631800   -0.490700   -0.401699   -0.324400
 1820.9850   -1.619600   -1.166500   -0.927900   -0.663099   -0.518600   -0.429199   -0.350700
 1839.3010   -1.667900   -1.205799   -0.959900   -0.691099   -0.542999   -0.452900   -0.373400
 1857.9900   -1.715900   -1.246000   -0.990400   -0.718300   -0.565399   -0.474501   -0.394699
 1877.0630   -1.769899   -1.286900   -1.020700   -0.745100   -0.586599   -0.494699   -0.415199
 1896.5310   -1.832500   -1.327999   -1.051100   -0.770500   -0.607000   -0.513401   -0.435101
 1916.4070   -1.899601   -1.368801   -1.082001   -0.793699   -0.627399   -0.530899   -0.454100
 1936.7050   -1.962200   -1.409500   -1.114700   -0.815100   -0.648399   -0.547699   -0.471701
 1957.4370   -2.015400   -1.450600   -1.149500   -0.836700   -0.669800   -0.565201   -0.487600
 1978.6169   -2.063000   -1.492001   -1.184500   -0.859699   -0.691299   -0.583799   -0.502001
 2000.2610   -2.110199   -1.533199   -1.218100   -0.884001   -0.712400   -0.603399   -0.515400
 2022.3840   -2.157900   -1.573900   -1.250599   -0.908699   -0.733200   -0.622900   -0.528601
 2045.0010   -2.209000   -1.613800   -1.282900   -0.933201   -0.754000   -0.641201   -0.542299
 2068.1311   -2.271900   -1.651899   -1.315300   -0.957701   -0.775299   -0.658001   -0.556900
 2091.7891   -2.351101   -1.689100   -1.347599   -0.983101   -0.796900   -0.674000   -0.572599
 2115.9951   -2.436300   -1.726601   -1.380301   -1.009300   -0.818199   -0.690201   -0.589001
 2140.7671   -2.508499   -1.764099   -1.414801   -1.035500   -0.838501   -0.707199   -0.605301
 2166.1270   -2.559000   -1.802000   -1.450600   -1.060600   -0.857300   -0.725000   -0.620600
 2192.0940   -2.597401   -1.843901   -1.486000   -1.084600   -0.875200   -0.742701   -0.634001
 2218.6919   -2.638199   -1.892200   -1.519699   -1.108299   -0.893200   -0.759399   -0.645599
 2245.9431   -2.690500   -1.944201   -1.552601   -1.132500   -0.912100   -0.775000   -0.656000
 2273.8721   -2.756199   -1.994900   -1.585899   -1.157499   -0.932301   -0.790300   -0.666201
 2302.5039   -2.833300   -2.041901   -1.619699   -1.182899   -0.952999   -0.806400   -0.677401
 2331.8669   -2.915400   -2.086201   -1.653500   -1.207800   -0.973400   -0.824100   -0.690300
 2361.9880   -2.991400   -2.128500   -1.688301   -1.232500   -0.993000   -0.843100   -0.705000
 2392.8970   -3.052500   -2.168800   -1.724501   -1.257500   -1.011799   -0.861900   -0.721001
 2424.6260   -3.122601   -2.207901   -1.761101   -1.283501   -1.030600   -0.879299   -0.737600
 2457.2080   -3.200001   -2.247799   -1.796700   -1.310600   -1.050200   -0.894300   -0.754299
 2490.6770   -3.279600   -2.292099   -1.830400   -1.338400   -1.070801   -0.907299   -0.771000
 2525.0710   -3.361300   -2.344101   -1.861500   -1.365299   -1.091999   -0.920200   -0.787899
 2560.4280   -3.445301   -2.404800   -1.892200   -1.389900   -1.113400   -0.934799   -0.805500
 2596.7891   -3.531700   -2.471300   -1.927101   -1.412201   -1.134399   -0.952499   -0.823999
 2634.1980   -3.620600   -2.537600   -1.968100   -1.433899   -1.155100   -0.973499   -0.843100
 2672.7000   -3.712101   -2.597700   -2.011700   -1.457800   -1.175900   -0.996500   -0.861700
 2712.3440   -3.806301   -2.650299   -2.053900   -1.485199   -1.197201   -1.019699   -0.878700
 2753.1831   -3.903400   -2.698601   -2.093201   -1.515400   -1.219299   -1.041100   -0.893000
 2795.2700   -4.003399   -2.745701   -2.131100   -1.546101   -1.242199   -1.060101   -0.904699
 2838.6631   -4.106501   -2.790699   -2.169800   -1.574699   -1.265600   -1.076900   -0.914700
 2883.4250   -4.212799   -2.831400   -2.210600   -1.600500   -1.289000   -1.093000   -0.924999
 2929.6221   -4.322599   -2.866301   -2.251499   -1.624800   -1.311699   -1.109900   -0.937300
 2977.3230   -4.436001   -2.897800   -2.289200   -1.650101   -1.333700   -1.128601   -0.953400
 3026.6021   -4.553101   -2.932400   -2.322100   -1.679800   -1.355101   -1.149000   -0.973499
 3077.5410   -4.674099   -2.979000   -2.352699   -1.714199   -1.376400   -1.170401   -0.996901
 3130.2241   -4.799301   -3.039600   -2.385700   -1.747700   -1.398100   -1.191299   -1.021299
 3184.7410   -4.928801   -3.111700   -2.423800   -1.772800   -1.420900   -1.210701   -1.043800
 3241.1919   -5.063000   -3.187201   -2.464300   -1.790600   -1.444599   -1.228300   -1.061800
 3299.6799   -5.202000   -3.250700   -2.502300   -1.809700   -1.469000   -1.244699   -1.073900
 3360.3169   -5.346100   -3.285200   -2.536499   -1.836300   -1.493599   -1.260900   -1.080500
 3423.2251   -5.495600   -3.299000   -2.572201   -1.872000   -1.517700   -1.278000   -1.084099
 3488.5330   -5.650700   -3.317200   -2.617800   -1.913799   -1.540699   -1.296600   -1.087799
 3556.3811   -5.812000   -3.360500   -2.678900   -1.955900   -1.562000   -1.316500   -1.094900
 3626.9209   -5.979599   -3.434799   -2.753300   -1.991199   -1.581400   -1.336599   -1.107399
 3700.3149   -6.153999   -3.539501   -2.830700   -2.016399   -1.599701   -1.355499   -1.125999
 3776.7419   -6.335600   -3.656099   -2.894800   -2.033899   -1.618500   -1.372200   -1.150101
 3856.3921   -6.524900   -3.748600   -2.929300   -2.050701   -1.638901   -1.386799   -1.177601
 3939.4741   -6.722300   -3.784201   -2.934700   -2.073700   -1.660700   -1.400101   -1.205101
 4026.2151   -6.928400   -3.790901   -2.941299   -2.105499   -1.682899   -1.413200   -1.228701
 4116.8618   -7.144001   -3.821400   -2.979700   -2.144300   -1.705000   -1.427500   -1.245399
 4211.6841   -7.368999   -3.912100   -3.056601   -2.184299   -1.728300   -1.444201   -1.253799
 4310.9771   -7.605000   -4.041599   -3.158800   -2.219400   -1.753700   -1.463800   -1.255301
 4415.0649   -7.852001   -4.135000   -3.265301   -2.247200   -1.780600   -1.486200   -1.253300
     18.00  473    7   4000.00   6000.00   8000.00  12000.00  16000.00  20000.00  25000.00
  751.2110   -2.145700   -2.190599   -2.286900   -2.336300   -2.407600   -2.417801   -2.473900
  754.3090   -2.100201   -2.138599   -2.230700   -2.253700   -2.354500   -2.353199   -2.437300
  757.4340   -2.056499   -2.087299   -2.176100   -2.172100   -2.294100   -2.297600   -2.392799
  760.5840   -2.013100   -2.031401   -2.120300   -2.108900   -2.235199   -2.250200   -2.340599
  763.7610   -1.969700   -1.971300   -2.064600   -2.069901   -2.184700   -2.206699   -2.283600
  766.9650   -1.924200   -1.913900   -2.013000   -2.047199   -2.137699   -2.163500   -2.224701
  770.1950   -1.873100   -1.865900   -1.968201   -2.024601   -2.088400   -2.119600   -2.166500
  773.4530   -1.814501   -1.830299   -1.929100   -1.988600   -2.040199   -2.074100   -2.110701
  776.7380   -1.751499   -1.805300   -1.892099   -1.939899   -1.998800   -2.026899   -2.058100
  780.0520   -1.691700   -1.785900   -1.853701   -1.888800   -1.961800   -1.979799   -2.008900
  783.3940   -1.642900   -1.766500   -1.813900   -1.843700   -1.922600   -1.936199   -1.962999
  786.7640   -1.608101   -1.742201   -1.773500   -1.806700   -1.879700   -1.898001   -1.919800
  790.1640   -1.583700   -1.710199   -1.732700   -1.774799   -1.837601   -1.864100   -1.879101
  793.5930   -1.561001   -1.669800   -1.690500   -1.742901   -1.799000   -1.830900   -1.840599
  797.0530   -1.531401   -1.622200   -1.646700   -1.709801   -1.763300   -1.794800   -1.804199
  800.5420   -1.491301   -1.569201   -1.602301   -1.675800   -1.728701   -1.754601   -1.769400
  804.0620   -1.443199   -1.512899   -1.556601   -1.639799   -1.693300   -1.711300   -1.735500
  807.6140   -1.392601   -1.455601   -1.508101   -1.600700   -1.653200   -1.666800   -1.701401
  811.1960   -1.344700   -1.400400   -1.459200   -1.558701   -1.605900   -1.622400   -1.666201
  814.8110   -1.301001   -1.350399   -1.414000   -1.513201   -1.553801   -1.577999   -1.629000
  818.4580   -1.258900   -1.306700   -1.370300   -1.462400   -1.503201   -1.533300   -1.589001
  822.1380   -1.213100   -1.266800   -1.322500   -1.407400   -1.457600   -1.487700   -1.546200
  825.8510   -1.159500   -1.224899   -1.271299   -1.351200   -1.414900   -1.441299   -1.500799
  829.5980   -1.098499   -1.176701   -1.221901   -1.295601   -1.369699   -1.394400   -1.453400
  833.3790   -1.035299   -1.122601   -1.175900   -1.240801   -1.319300   -1.347200   -1.404600
  837.1940   -0.975229   -1.066299   -1.130501   -1.187799   -1.265400   -1.300100   -1.355301
  841.0450   -0.921070   -1.011200   -1.083500   -1.137899   -1.211700   -1.253599   -1.306200
  844.9310   -0.872219   -0.958691   -1.035601   -1.092600   -1.160700   -1.207901   -1.257700
  848.8530   -0.826811   -0.909250   -0.988560   -1.052401   -1.113001   -1.163500   -1.210300
  852.8120   -0.783751   -0.863661   -0.942980   -1.015699   -1.068001   -1.120399   -1.164101
  856.8080   -0.743500   -0.822550   -0.898800   -0.980591   -1.025600   -1.078899   -1.119400
  860.8420   -0.706989   -0.786221   -0.855989   -0.945730   -0.985729   -1.038799   -1.076200
  864.9140   -0.674280   -0.754459   -0.815220   -0.910410   -0.948311   -1.000200   -1.034700
  869.0240   -0.644091   -0.725960   -0.777519   -0.874001   -0.913000   -0.962851   -0.994909
  873.1740   -0.614201   -0.698191   -0.743759   -0.836630   -0.879330   -0.926720   -0.956989
  877.3630   -0.582359   -0.668390   -0.714199   -0.799400   -0.846889   -0.891741   -0.921141
  881.5930   -0.547319   -0.635151   -0.688061   -0.763540   -0.815420   -0.857990   -0.887501
  885.8640   -0.509399   -0.599319   -0.663441   -0.729620   -0.784861   -0.825741   -0.856110
  890.1770   -0.470900   -0.563280   -0.638180   -0.697840   -0.755480   -0.795151   -0.826929
  894.5320   -0.435200   -0.529430   -0.610750   -0.668131   -0.727650   -0.766319   -0.799810
  898.9290   -0.404961   -0.499260   -0.580339   -0.640280   -0.701799   -0.739120   -0.774429
  903.3700   -0.380461   -0.473070   -0.547220   -0.613569   -0.678009   -0.713320   -0.750410
  907.8550   -0.359240   -0.449551   -0.512989   -0.587120   -0.655939   -0.688440   -0.727350
  912.3850   -0.336981   -0.426100   -0.480009   -0.560600   -0.634621   -0.663900   -0.704809
  916.9600   -0.310869   -0.400070   -0.450069   -0.534599   -0.612720   -0.639179   -0.682381
  921.5820   -0.282499   -0.370819   -0.423639   -0.510031   -0.588770   -0.613880   -0.659830
  926.2500   -0.256010   -0.340450   -0.400360   -0.487410   -0.561760   -0.587959   -0.637070
  930.9660   -0.234261   -0.312611   -0.379250   -0.466301   -0.531590   -0.561741   -0.614019
  935.7300   -0.217541   -0.290220   -0.358789   -0.445539   -0.499210   -0.535780   -0.590691
  940.5430   -0.204060   -0.273720   -0.337610   -0.423740   -0.466360   -0.510719   -0.567030
  945.4050   -0.190809   -0.260780   -0.315510   -0.400200   -0.435051   -0.487101   -0.542940
  950.3190   -0.175280   -0.247810   -0.293560   -0.375250   -0.407221   -0.465139   -0.518230
  955.2830   -0.157400   -0.232340   -0.273239   -0.350090   -0.384069   -0.444639   -0.492769
  960.3000   -0.139429   -0.214460   -0.255529   -0.326220   -0.365780   -0.424971   -0.466530
  965.3700   -0.123560   -0.195959   -0.240250   -0.304859   -0.351521   -0.405279   -0.439711
  970.4940   -0.109859   -0.178699   -0.225981   -0.286480   -0.339680   -0.384701   -0.412750
  975.6720   -0.096531   -0.163509   -0.211170   -0.270710   -0.328260   -0.362820   -0.386360
  986.1960   -0.064543   -0.135950   -0.178949   -0.242929   -0.299160   -0.316120   -0.338400
  996.9500   -0.025705   -0.102720   -0.147430   -0.213329   -0.256840   -0.271271   -0.300249
 1008.1140    0.013889   -0.063040   -0.118580   -0.180241   -0.206961   -0.232149   -0.270330
 1020.9540    0.063482   -0.024904   -0.078594   -0.137850   -0.164009   -0.204679   -0.242300
 1031.3010    0.113411    0.023787   -0.041527   -0.109180   -0.147570   -0.184719   -0.212770
 1042.9740    0.148729    0.062620    0.008217   -0.075287   -0.124241   -0.153080   -0.171061
 1055.1990    0.198709    0.110661    0.051422   -0.030537   -0.079626   -0.109440   -0.124689
 1067.4220    0.238750    0.160440    0.092018    0.014269   -0.032475   -0.063763   -0.083399
 1078.9360    0.268930    0.197889    0.141729    0.056601    0.005138   -0.024767   -0.047594
 1090.1930    0.313169    0.234289    0.188841    0.106600    0.045401    0.014605   -0.018230
 1101.0660    0.346121    0.271561    0.214821    0.149160    0.094925    0.060963    0.028692
 1110.1530    0.375919    0.299660    0.244480    0.179520    0.139339    0.106529    0.078457
 1116.5070    0.397381    0.317829    0.272051    0.205420    0.172340    0.147209    0.128300
 1121.3220    0.413950    0.332010    0.293831    0.231600    0.202761    0.185150    0.177160
 1125.3110    0.426300    0.346741    0.310930    0.258520    0.234310    0.222980    0.227119
 1128.6750    0.437830    0.360029    0.326380    0.285130    0.267120    0.261311    0.276390
 1131.6219    0.448210    0.375540    0.339670    0.312300    0.301510    0.301399    0.324780
 1134.3640    0.457380    0.392420    0.354740    0.341789    0.339310    0.345301    0.374069
 1136.8990    0.467390    0.409969    0.372511    0.373501    0.379789    0.390940    0.423540
 1139.2230    0.478680    0.427280    0.393909    0.407101    0.421080    0.437771    0.471720
 1141.4449    0.490351    0.446911    0.420401    0.443119    0.465340    0.486160    0.520460
 1143.5649    0.502810    0.466560    0.451000    0.481260    0.511400    0.535700    0.569750
 1145.5800    0.517010    0.488800    0.483789    0.522350    0.558340    0.585360    0.618019
 1147.3770    0.532181    0.512510    0.517660    0.562130    0.602930    0.632040    0.666500
 1149.1790    0.557360    0.542530    0.558491    0.606131    0.649740    0.680370    0.714331
 1150.8750    0.575550    0.577030    0.598780    0.650551    0.695801    0.728251    0.756510
 1152.5750    0.602261    0.615681    0.644190    0.698400    0.744141    0.777660    0.804501
 1154.1660    0.631849    0.655769    0.691660    0.745640    0.791140    0.826170    0.854191
 1155.6479    0.664061    0.698669    0.736549    0.792150    0.837271    0.873541    0.900709
 1157.0190    0.699600    0.740351    0.783150    0.836740    0.881889    0.918930    0.945641
 1158.3929    0.739420    0.786230    0.829350    0.884260    0.929041    0.966930    0.994110
 1159.6560    0.778641    0.831671    0.876089    0.929600    0.974939    1.013399    1.040600
 1160.9210    0.823931    0.879721    0.922939    0.977949    1.023500    1.061899    1.088900
 1162.0740    0.868690    0.926640    0.969110    1.024799    1.070299    1.108400    1.135201
 1163.2290    0.916080    0.976089    1.017300    1.074200    1.119900    1.157299    1.184000
 1164.2710    0.963240    1.022900    1.062799    1.121901    1.167000    1.203300    1.229700
 1165.1980    1.005699    1.066500    1.107100    1.166800    1.210701    1.245600    1.271400
 1166.1270    1.052099    1.112301    1.152800    1.213699    1.256201    1.289400    1.314400
 1167.0570    1.099701    1.162001    1.201599    1.262899    1.303499    1.334801    1.358900
 1167.8719    1.144699    1.207001    1.247801    1.308100    1.346199    1.375700    1.398899
 1168.6890    1.192200    1.254900    1.295700    1.354799    1.390100    1.417500    1.439800
 1169.3890    1.235100    1.298800    1.338301    1.395800    1.428600    1.454100    1.475300
 1170.0909    1.281799    1.344400    1.383200    1.437700    1.467800    1.491100    1.511200
 1170.7930    1.330500    1.391899    1.430000    1.480600    1.507601    1.528801    1.547600
 1171.3790    1.373501    1.433500    1.469601    1.517000    1.541201    1.560699    1.578100
 1171.9659    1.419201    1.476500    1.509899    1.553699    1.575100    1.592800    1.608999
 1172.5530    1.466499    1.520300    1.551100    1.590599    1.609301    1.625299    1.639999
 1173.1410    1.515301    1.565001    1.593201    1.627701    1.643700    1.657801    1.671200
 1173.6110    1.555799    1.601500    1.627199    1.657400    1.671301    1.683901    1.696100
 1174.0820    1.597200    1.638599    1.661200    1.687300    1.698999    1.709999    1.721001
 1174.5530    1.639000    1.675800    1.695101    1.717199    1.726700    1.736099    1.745899
 1175.0250    1.681000    1.712999    1.729099    1.747101    1.754400    1.762300    1.770700
 1175.4969    1.723499    1.750099    1.763201    1.776899    1.782101    1.788500    1.795401
 1175.9700    1.766100    1.787201    1.797199    1.806499    1.809700    1.814600    1.820101
 1176.4430    1.808399    1.824200    1.830999    1.835899    1.837200    1.840599    1.844601
 1176.9160    1.850100    1.860901    1.864401    1.865101    1.864599    1.866501    1.868999
 1177.3900    1.891300    1.896900    1.897200    1.894100    1.891701    1.892200    1.893299
 1177.8640    1.931999    1.932301    1.929600    1.922899    1.918699    1.917700    1.917299
 1178.4570    1.981300    1.975700    1.969601    1.958500    1.952101    1.949200    1.947001
 1179.0500    2.028700    2.018100    2.008801    1.993401    1.985001    1.980301    1.976299
 1179.6440    2.074400    2.059000    2.046900    2.027700    2.017500    2.011000    2.005199
 1180.2390    2.117900    2.098400    2.083700    2.061300    2.049400    2.041200    2.033500
 1180.9540    2.166800    2.143500    2.126300    2.100600    2.086800    2.076600    2.066800
 1181.6689    2.212200    2.186399    2.167300    2.138900    2.123199    2.111200    2.099400
 1182.5050    2.260300    2.232900    2.212500    2.181800    2.164200    2.150300    2.136300
 1183.4620    2.308599    2.281600    2.260500    2.228400    2.209100    2.193000    2.177000
 1184.5400    2.354800    2.330600    2.309900    2.277600    2.256800    2.238800    2.220700
 1185.6200    2.392200    2.373000    2.354200    2.323100    2.301400    2.282000    2.262200
 1186.8220    2.424800    2.413100    2.397200    2.369101    2.347100    2.326800    2.305700
 1188.2679    2.454300    2.451500    2.440900    2.417800    2.396500    2.375800    2.354400
 1189.8390    2.479600    2.484000    2.478900    2.462900    2.443700    2.423900    2.403000
 1191.5350    2.507000    2.512000    2.512200    2.503300    2.487900    2.470200    2.451200
 1193.3580    2.542700    2.541000    2.543400    2.540500    2.529600    2.515200    2.499701
 1195.1860    2.582000    2.575800    2.576100    2.574800    2.568300    2.558300    2.546700
 1197.0190    2.614400    2.617200    2.614901    2.611900    2.608500    2.602400    2.595400
 1198.7360    2.633101    2.656600    2.656200    2.652200    2.650700    2.648200    2.645400
 1200.2111    2.646000    2.687500    2.694600    2.693800    2.693000    2.693800    2.693700
 1201.4430    2.665400    2.710900    2.726800    2.732900    2.734400    2.737200    2.739500
 1202.5540    2.698100    2.733000    2.757700    2.772400    2.776700    2.781700    2.786500
 1203.5439    2.741000    2.756500    2.786700    2.811600    2.818900    2.826900    2.833500
 1204.4110    2.789100    2.784700    2.815100    2.848900    2.860500    2.871300    2.879200
 1205.1550    2.835900    2.815701    2.844300    2.883500    2.900000    2.913200    2.922400
 1205.7760    2.877501    2.847500    2.872900    2.915200    2.936000    2.951200    2.961900
 1206.3970    2.921800    2.886600    2.905700    2.950300    2.975100    2.992500    3.005100
 1207.0200    2.967900    2.933400    2.944099    2.989300    3.017700    3.037900    3.052800
 1207.5179    3.005899    2.975700    2.980300    3.023700    3.055099    3.077900    3.094600
 1208.0160    3.045800    3.022300    3.022200    3.061501    3.096200    3.121700    3.140100
 1208.3910    3.077800    3.060600    3.057400    3.092500    3.129900    3.157200    3.177000
 1208.7650    3.111600    3.102100    3.096000    3.126500    3.166300    3.195400    3.216500
 1209.1400    3.147300    3.147000    3.137900    3.164100    3.205900    3.236500    3.258900
 1209.5150    3.185300    3.195300    3.183400    3.205800    3.249001    3.280900    3.304800
 1209.7650    3.212400    3.229100    3.216200    3.236200    3.279900    3.312500    3.337600
 1210.0150    3.241400    3.264500    3.251101    3.268900    3.312700    3.346000    3.372400
 1210.2650    3.272700    3.301400    3.288400    3.304000    3.347700    3.381701    3.409300
 1210.5150    3.306300    3.340100    3.328300    3.341600    3.385000    3.419700    3.448700
 1210.7660    3.342600    3.381001    3.371099    3.382200    3.425100    3.460500    3.490900
 1211.0160    3.381599    3.424500    3.416800    3.425900    3.468300    3.504400    3.536100
 1211.2670    3.423600    3.471000    3.465700    3.473100    3.515000    3.551701    3.584600
 1211.3929    3.446000    3.495501    3.491400    3.498100    3.539900    3.576900    3.610300
 1211.5179    3.469300    3.520800    3.517900    3.524300    3.565900    3.603000    3.637000
 1211.6429    3.493700    3.547100    3.545400    3.551600    3.593000    3.630301    3.664700
 1211.7690    3.519300    3.574400    3.573900    3.580200    3.621300    3.658800    3.693399
 1211.8940    3.546200    3.602700    3.603500    3.610100    3.651000    3.688499    3.723400
 1212.0200    3.574500    3.632100    3.634200    3.641500    3.682100    3.719500    3.754499
 1212.1450    3.604400    3.662700    3.666200    3.674400    3.714700    3.751801    3.787000
 1212.2710    3.635799    3.694500    3.699600    3.709000    3.748899    3.785700    3.820700
 1212.3970    3.669000    3.727700    3.734500    3.745399    3.784700    3.821100    3.855900
 1212.5220    3.703900    3.762500    3.771200    3.783700    3.822300    3.858100    3.892700
 1212.6479    3.740800    3.799000    3.809700    3.823999    3.861800    3.896900    3.931000
 1212.7729    3.779800    3.837400    3.850400    3.866500    3.903300    3.937500    3.971100
 1212.8990    3.821000    3.878000    3.893400    3.911300    3.947001    3.980200    4.013100
 1213.0250    3.864700    3.921000    3.938900    3.958500    3.992900    4.024900    4.057100
 1213.1510    3.911100    3.966900    3.987300    4.008400    4.041201    4.071899    4.103200
 1213.2760    3.960600    4.015800    4.038700    4.061100    4.092100    4.121400    4.151700
 1213.4020    4.013599    4.068300    4.093400    4.116800    4.145900    4.173700    4.202900
 1213.5280    4.070499    4.124701    4.151700    4.175900    4.202800    4.228900    4.257000
 1213.6541    4.132000    4.185400    4.214001    4.238400    4.263200    4.287500    4.314400
 1213.7800    4.198600    4.250999    4.280600    4.305099    4.327400    4.349899    4.375500
 1213.9060    4.271000    4.322001    4.352200    4.376101    4.395900    4.416500    4.440800
 1214.0320    4.350000    4.399000    4.429300    4.452300    4.469500    4.488200    4.511100
 1214.1580    4.436399    4.482800    4.512600    4.534400    4.549000    4.565701    4.587299
 1214.2830    4.531401    4.574600    4.603400    4.623600    4.635600    4.650200    4.670500
 1214.4091    4.636499    4.675900    4.703100    4.721500    4.730801    4.743500    4.762400
 1214.5360    4.753901    4.788900    4.814100    4.830500    4.837200    4.848000    4.865499
 1214.6620    4.887100    4.917300    4.940100    4.954400    4.958600    4.967400    4.983500
 1214.7880    5.043400    5.068300    5.088400    5.100400    5.102100    5.108900    5.123700
 1214.9139    5.303500    5.319901    5.334700    5.343000    5.342199    5.346300    5.357901
 1215.0400    5.988300    5.992001    5.996300    5.998800    5.997200    5.997700    6.001400
 1215.1660    6.833799    6.833900    6.834700    6.835199    6.834300    6.833900    6.834499
 1215.2920    7.498000    7.497700    7.497800    7.497900    7.497499    7.497100    7.497100
 1215.4180    7.954100    7.953800    7.953800    7.953800    7.953600    7.953300    7.953100
 1215.5450    8.219200    8.219100    8.219000    8.218900    8.218900    8.218700    8.218500
 1215.7970    8.217400    8.217400    8.217400    8.217300    8.217400    8.217500    8.217500
 1215.9240    7.950399    7.950600    7.950600    7.950500    7.950700    7.950900    7.951000
 1216.0500    7.492599    7.492900    7.493100    7.493100    7.493200    7.493401    7.493800
 1216.1760    6.828300    6.828800    6.829200    6.829300    6.829000    6.829200    6.830200
 1216.3030    5.995501    5.995800    5.997300    5.997900    5.995399    5.994801    5.997800
 1216.4290    5.358300    5.358200    5.361600    5.364100    5.357100    5.353900    5.360500
 1216.5560    5.124400    5.125299    5.129601    5.133600    5.126200    5.122200    5.129499
 1216.6820    4.980600    4.983000    4.988100    4.993600    4.987101    4.983200    4.990400
 1216.8090    4.857500    4.861600    4.867800    4.875000    4.869600    4.865900    4.873199
 1216.9351    4.748400    4.754200    4.761700    4.770800    4.766700    4.763200    4.770800
 1217.0620    4.649700    4.657200    4.666000    4.677100    4.674500    4.671500    4.679399
 1217.1880    4.559200    4.568100    4.578400    4.591700    4.590700    4.588200    4.596500
 1217.3149    4.475599    4.485701    4.497300    4.512899    4.513500    4.511700    4.520400
 1217.4420    4.397699    4.408600    4.421600    4.439400    4.441900    4.440800    4.450000
 1217.5680    4.324800    4.336300    4.350599    4.370600    4.374900    4.374599    4.384399
 1217.6949    4.256400    4.268200    4.283501    4.305700    4.311800    4.312400    4.322800
 1217.8220    4.191800    4.203700    4.219999    4.244101    4.252200    4.253700    4.264600
 1217.9480    4.130800    4.142600    4.159599    4.185600    4.195499    4.198000    4.209499
 1218.0750    4.073000    4.084600    4.102200    4.129800    4.141500    4.144899    4.157200
 1218.2020    4.017900    4.029400    4.047300    4.076500    4.089900    4.094299    4.107100
 1218.3290    3.965300    3.976800    3.995000    4.025400    4.040501    4.045800    4.059299
 1218.4561    3.915000    3.926600    3.944901    3.976400    3.993100    3.999300    4.013400
 1218.5820    3.866700    3.878600    3.896900    3.929300    3.947400    3.954600    3.969300
 1218.7090    3.820100    3.832700    3.850900    3.884100    3.903500    3.911500    3.926701
 1218.8361    3.775200    3.788600    3.806800    3.840600    3.861100    3.870000    3.885700
 1218.9630    3.731900    3.746201    3.764500    3.798700    3.820300    3.829900    3.846100
 1219.0900    3.689899    3.705300    3.723700    3.758300    3.780800    3.791100    3.807700
 1219.2170    3.649300    3.665900    3.684401    3.719400    3.742599    3.753600    3.770600
 1219.3440    3.609900    3.627700    3.646600    3.681900    3.705800    3.717400    3.734600
 1219.4709    3.571800    3.590800    3.610000    3.645700    3.670100    3.682199    3.699700
 1219.5980    3.534900    3.554900    3.574500    3.610700    3.635500    3.648200    3.665900
 1219.7250    3.499100    3.520100    3.540200    3.576900    3.602100    3.615200    3.632999
 1219.8530    3.464400    3.486300    3.506900    3.544200    3.569700    3.583200    3.601000
 1219.9800    3.430799    3.453300    3.474500    3.512600    3.538200    3.552200    3.570000
 1220.1071    3.398100    3.421300    3.443000    3.481900    3.507700    3.522000    3.539800
 1220.2340    3.366500    3.390200    3.412300    3.452100    3.478100    3.492800    3.510500
 1220.3610    3.335700    3.359900    3.382401    3.423200    3.449300    3.464300    3.481900
 1220.4890    3.305799    3.330500    3.353200    3.395100    3.421400    3.436700    3.454100
 1220.6160    3.276600    3.301800    3.324800    3.367701    3.394100    3.409800    3.427100
 1220.7430    3.248301    3.274000    3.297100    3.341100    3.367599    3.383699    3.400700
 1220.8710    3.220700    3.246901    3.270100    3.315200    3.341800    3.358200    3.375100
 1220.9980    3.193900    3.220600    3.243800    3.289800    3.316500    3.333400    3.350100
 1221.1250    3.167800    3.195000    3.218100    3.265100    3.291900    3.309200    3.325800
 1221.2531    3.142400    3.170100    3.193200    3.241000    3.267900    3.285600    3.302000
 1221.5081    3.093800    3.122100    3.145400    3.194300    3.221300    3.240100    3.256300
 1221.7629    3.048000    3.076400    3.100200    3.149900    3.176600    3.196600    3.212800
 1222.0179    3.004900    3.032700    3.057600    3.107400    3.133801    3.154900    3.171200
 1222.2729    2.964100    2.990900    3.017200    3.066900    3.092500    3.114901    3.131500
 1222.5291    2.925300    2.950900    2.979000    3.028200    3.052900    3.076400    3.093500
 1222.7841    2.888300    2.912700    2.942699    2.991400    3.014800    3.039300    3.056900
 1223.0400    2.852900    2.876200    2.908000    2.956200    2.978200    3.003400    3.021900
 1223.2950    2.819201    2.841700    2.874900    2.922600    2.943100    2.968800    2.988100
 1223.6790    2.771800    2.793200    2.827800    2.874800    2.893200    2.919100    2.939800
 1224.0630    2.728200    2.748500    2.783800    2.829700    2.846600    2.871901    2.894100
 1224.4470    2.688100    2.707000    2.742800    2.786800    2.802900    2.827300    2.850800
 1224.8320    2.650600    2.668300    2.704700    2.745900    2.761900    2.785100    2.809800
 1225.2159    2.615400    2.632200    2.669200    2.706800    2.723300    2.745200    2.771000
 1225.7300    2.571700    2.588100    2.625000    2.657500    2.675000    2.695400    2.722500
 1226.2440    2.531600    2.548600    2.583400    2.611600    2.629700    2.649000    2.677401
 1226.7581    2.494101    2.513100    2.544000    2.569201    2.587400    2.605600    2.635201
 1227.2720    2.458300    2.480400    2.507000    2.529800    2.547700    2.565001    2.595700
 1227.9160    2.416200    2.442200    2.464600    2.484300    2.502000    2.517700    2.549300
 1228.5610    2.378700    2.406900    2.426600    2.442101    2.460300    2.474200    2.505700
 1229.3350    2.339500    2.368700    2.385600    2.395600    2.414400    2.427000    2.456700
 1230.1100    2.307000    2.334500    2.348200    2.354000    2.371799    2.385099    2.411000
 1231.0160    2.277600    2.299200    2.309299    2.311300    2.325200    2.341700    2.362300
 1232.0530    2.249300    2.265900    2.270200    2.267900    2.276600    2.297000    2.312500
 1233.2209    2.221700    2.234600    2.228900    2.223600    2.229800    2.251200    2.262900
 1234.5220    2.194000    2.202900    2.186600    2.180799    2.186700    2.205900    2.214100
 1236.0870    2.168800    2.164800    2.143400    2.138200    2.144800    2.158800    2.164100
 1237.9180    2.142700    2.121901    2.105500    2.100300    2.109400    2.111500    2.117500
 1240.2791    2.101600    2.079600    2.074200    2.070000    2.074100    2.063900    2.068100
 1242.9139    2.063601    2.047500    2.048000    2.045800    2.039200    2.024800    2.019800
 1245.8240    2.030100    2.023800    2.026200    2.016500    2.001600    1.987900    1.970301
 1248.8820    2.015700    2.015100    2.010000    1.983000    1.965401    1.946400    1.921400
 1252.2230    2.013300    1.997200    1.980400    1.945999    1.923500    1.896900    1.872299
 1255.3120    2.008900    1.969799    1.941999    1.904200    1.875299    1.850399    1.828600
 1258.0110    1.988600    1.936800    1.903700    1.858700    1.826700    1.810699    1.787399
 1260.7220    1.948500    1.888201    1.853701    1.810400    1.776800    1.768900    1.742399
 1262.8990    1.907200    1.844000    1.806299    1.772800    1.738400    1.732300    1.703699
 1264.8090    1.858601    1.803900    1.765301    1.738899    1.705601    1.697100    1.669001
 1266.4520    1.809799    1.766001    1.731600    1.707500    1.677299    1.665600    1.640200
 1268.0990    1.760201    1.723600    1.698000    1.672701    1.647100    1.633499    1.612600
 1269.7500    1.710300    1.679199    1.661200    1.635700    1.615900    1.601999    1.586399
 1271.2670    1.661800    1.639700    1.625000    1.601700    1.586800    1.574600    1.564301
 1272.7880    1.612900    1.602301    1.587601    1.569000    1.558100    1.548901    1.543499
 1274.4510    1.565800    1.561501    1.549200    1.536499    1.529400    1.522100    1.521299
 1276.2581    1.523600    1.514601    1.511101    1.504000    1.501801    1.494301    1.497200
 1278.0699    1.482300    1.467300    1.475500    1.472599    1.476900    1.466400    1.472900
 1280.0270    1.434999    1.424299    1.435699    1.438000    1.451799    1.435499    1.445801
 1282.4110    1.388300    1.388399    1.388000    1.396000    1.418800    1.397900    1.412399
 1285.6520    1.339399    1.348700    1.342300    1.348999    1.369499    1.351999    1.371500
 1288.7670    1.289600    1.313801    1.319599    1.320801    1.323601    1.320101    1.339199
 1293.6100    1.256800    1.279600    1.274300    1.283899    1.274300    1.288799    1.298901
 1297.7700    1.234100    1.229700    1.247601    1.248100    1.242399    1.261600    1.261299
 1302.3920    1.205900    1.197001    1.220800    1.225201    1.204500    1.227100    1.211901
 1306.9010    1.160299    1.161200    1.171400    1.200800    1.182600    1.202299    1.172199
 1311.8820    1.136000    1.155701    1.144100    1.150801    1.179100    1.183100    1.149500
 1318.8300    1.135300    1.137100    1.115601    1.114599    1.152201    1.133600    1.124599
 1324.9520    1.112000    1.109100    1.129200    1.098900    1.119101    1.084301    1.094101
 1330.5260    1.062901    1.061600    1.100700    1.088800    1.102800    1.070400    1.084600
 1337.9790    1.068001    1.061399    1.071800    1.096199    1.052999    1.064800    1.099199
 1344.8990    1.072100    1.062099    1.022400    1.064800    1.015200    1.050301    1.089500
 1355.3340    1.023399    1.030500    1.026501    1.027599    1.023899    1.063101    1.039700
 1362.1180    0.990629    1.003099    1.038200    0.977739    1.022800    1.051201    1.021601
 1372.5010    1.032600    0.997030    1.027000    0.995171    1.046499    1.004200    0.972441
 1383.5350    0.996771    1.024000    0.977249    1.009800    1.002899    0.974171    0.936220
 1391.9270    0.972580    1.016001    0.938351    1.026600    0.971661    0.924990    0.961470
 1397.2450    0.984301    0.966249    0.952459    1.021400    0.960970    0.909639    0.974190
 1402.7720    1.028099    0.956499    1.002001    0.987949    0.935921    0.931330    0.977600
 1411.7410    1.028700    0.947870    1.017500    0.947149    0.902470    0.980881    0.989500
 1419.1021    1.002300    0.997231    1.025000    0.929911    0.940990    0.991989    1.019400
 1423.9370    0.952690    1.031500    1.012899    0.910690    0.976521    0.994909    1.037399
 1430.0260    0.971420    1.034000    0.964239    0.911350    1.001101    1.010599    1.042801
 1436.5210    0.990589    1.034100    0.933500    0.960119    1.007700    1.036301    1.022499
 1442.7200    1.038500    1.003901    0.930611    1.004700    1.020100    1.047001    0.987530
 1448.0750    1.081501    0.954000    0.924511    1.019199    1.039700    1.034401    0.958441
 1456.3650    1.060200    0.944099    0.966249    1.032200    1.051800    0.985260    0.933720
 1461.0920    1.049101    0.950029    1.015600    1.050699    1.035700    0.956820    0.927980
 1467.1370    1.000200    0.963579    1.056200    1.070900    0.996210    0.934179    0.917870
 1472.1200    0.963470    1.011801    1.066200    1.066601    0.962030    0.925699    0.901020
 1476.2050    0.972540    1.060900    1.072300    1.045200    0.942221    0.919750    0.881001
 1482.1880    1.008801    1.101999    1.090599    0.995859    0.928471    0.903870    0.849060
 1488.7870    1.058201    1.108900    1.100399    0.949909    0.919081    0.874960    0.831030
 1492.9659    1.106100    1.115400    1.083900    0.937719    0.907530    0.857510    0.839741
 1498.1260    1.156000    1.127199    1.038900    0.934601    0.887100    0.849470    0.874020
 1502.9360    1.173401    1.121000    0.991051    0.929359    0.870520    0.864300    0.922279
 1507.3879    1.174200    1.088301    0.962790    0.914980    0.868670    0.897640    0.971531
 1511.6720    1.175600    1.040001    0.955481    0.895651    0.886440    0.941700    1.016500
 1515.9800    1.173800    0.996469    0.956430    0.882811    0.923140    0.990290    1.055500
 1520.3130    1.152401    0.977400    0.951571    0.892031    0.972210    1.037100    1.087000
 1524.2729    1.109900    0.979071    0.939381    0.926331    1.020300    1.075001    1.109501
 1527.8550    1.063900    0.983049    0.929831    0.974350    1.061800    1.104300    1.125999
 1531.0530    1.032600    0.981279    0.933060    1.023600    1.095200    1.126600    1.138599
 1534.2650    1.020000    0.975189    0.953211    1.072599    1.124500    1.145901    1.150600
 1537.8940    1.024300    0.972919    0.999950    1.122000    1.152700    1.165100    1.164801
 1540.9310    1.032801    0.985600    1.049299    1.156200    1.172899    1.180099    1.177999
 1543.7770    1.039600    1.014799    1.098700    1.182199    1.189899    1.194099    1.191999
 1546.8380    1.047001    1.062700    1.148399    1.204201    1.206900    1.209700    1.209000
 1549.5000    1.058399    1.112000    1.186100    1.219700    1.221399    1.224100    1.225300
 1551.9659    1.077600    1.158400    1.215700    1.232300    1.235100    1.238400    1.241400
 1554.6460    1.110100    1.205299    1.242300    1.245399    1.250601    1.254801    1.259501
 1557.5430    1.157101    1.248699    1.266001    1.260401    1.268600    1.273600    1.279400
 1560.0350    1.203600    1.279499    1.283600    1.274900    1.284901    1.290100    1.296200
 1562.5341    1.251699    1.305201    1.300301    1.291599    1.301901    1.306801    1.312401
 1565.0420    1.298201    1.326900    1.317200    1.310301    1.319500    1.323299    1.327499
 1567.9771    1.347099    1.349701    1.338699    1.334200    1.340000    1.341700    1.343399
 1571.5570    1.396601    1.377001    1.367701    1.364700    1.364100    1.361900    1.359501
 1576.2140    1.445101    1.416000    1.408899    1.402700    1.391701    1.383101    1.374100
 1581.5389    1.488400    1.465000    1.454901    1.437901    1.415100    1.398300    1.381201
 1587.1150    1.536100    1.513700    1.493500    1.460100    1.427299    1.402300    1.377100
 1592.2980    1.585600    1.547800    1.515100    1.465000    1.425400    1.394100    1.362700
 1599.2610    1.635500    1.565901    1.516600    1.447001    1.401899    1.365101    1.328300
 1606.0649    1.633900    1.544201    1.484400    1.403500    1.355801    1.317400    1.279301
 1611.1510    1.591900    1.499201    1.437300    1.355499    1.307400    1.270300    1.233801
 1614.7070    1.542700    1.452801    1.392799    1.314400    1.267000    1.232100    1.198099
 1617.3850    1.496000    1.410000    1.353100    1.279499    1.233299    1.200701    1.169100
 1619.8480    1.446301    1.364901    1.312000    1.244499    1.200100    1.169899    1.141100
 1621.8680    1.401100    1.324100    1.275299    1.213800    1.171301    1.143499    1.117201
 1623.8940    1.351999    1.280100    1.235901    1.181101    1.141199    1.115999    1.092400
 1625.6980    1.305099    1.238400    1.198700    1.150499    1.113300    1.090599    1.069700
 1627.5070    1.255100    1.194500    1.159700    1.118601    1.084499    1.064501    1.046400
 1629.0930    1.209101    1.154600    1.124100    1.089399    1.058599    1.041000    1.025400
 1630.6820    1.160801    1.113300    1.087400    1.059200    1.032101    1.017000    1.004000
 1632.0460    1.117701    1.077000    1.055000    1.032499    1.008900    0.995991    0.985340
 1633.4130    1.073200    1.040001    1.021999    1.005100    0.985189    0.974701    0.966351
 1634.7820    1.027300    1.002300    0.988291    0.976990    0.961140    0.953131    0.947069
 1636.1530    0.980230    0.964001    0.954081    0.948280    0.936741    0.931250    0.927490
 1637.5270    0.932091    0.925220    0.919420    0.919001    0.912041    0.909050    0.907631
 1638.9030    0.883129    0.886021    0.884390    0.889200    0.887030    0.886520    0.887489
 1640.2810    0.833670    0.846439    0.849051    0.858900    0.861731    0.863701    0.867100
 1641.6620    0.783911    0.806520    0.813499    0.828171    0.836121    0.840651    0.846460
 1643.0450    0.734211    0.766331    0.777809    0.797070    0.810261    0.817440    0.825590
 1644.4301    0.684910    0.725901    0.742001    0.765711    0.784210    0.794090    0.804510
 1645.8180    0.636209    0.685221    0.706120    0.734171    0.757999    0.770590    0.783211
 1647.2080    0.588440    0.644390    0.670259    0.702539    0.731640    0.746910    0.761700
 1648.6000    0.541790    0.603439    0.634439    0.670891    0.705111    0.723040    0.740009
 1650.4600    0.493010    0.556561    0.592890    0.633739    0.672680    0.693590    0.712830
 1652.3240    0.433870    0.502029    0.545389    0.592119    0.637079    0.661570    0.683519
 1654.1920    0.376410    0.447720    0.498100    0.550970    0.601410    0.629450    0.653999
 1656.0649    0.320290    0.393869    0.451080    0.510481    0.565729    0.597281    0.624350
 1657.9420    0.265100    0.340780    0.404409    0.470819    0.530140    0.565121    0.594601
 1659.8230    0.210369    0.288759    0.358160    0.432100    0.494699    0.533030    0.564819
 1661.7090    0.155729    0.238119    0.312450    0.394430    0.459511    0.501089    0.535099
 1663.5980    0.100990    0.189131    0.267429    0.357861    0.424669    0.469351    0.505501
 1665.4919    0.046104    0.142010    0.223240    0.322411    0.390261    0.437889    0.476089
 1667.3910   -0.008747    0.096874    0.180040    0.288050    0.356390    0.406780    0.446960
 1669.2939   -0.063160    0.053694    0.138020    0.254740    0.323151    0.376101    0.418190
 1671.2010   -0.116659    0.012331    0.097326    0.222380    0.290680    0.345961    0.389870
 1673.1121   -0.168791   -0.027382    0.058123    0.190920    0.259069    0.316450    0.362110
 1675.0280   -0.219160   -0.065821    0.020527    0.160231    0.228451    0.287621    0.334980
 1676.9480   -0.267590   -0.103340   -0.015423    0.130171    0.198959    0.259550    0.308540
 1678.8719   -0.314159   -0.140280   -0.049757    0.100750    0.170610    0.232309    0.282869
 1680.8010   -0.359240   -0.176979   -0.082531    0.071844    0.143391    0.205959    0.258060
 1682.7350   -0.403370   -0.213671   -0.113871    0.043480    0.117340    0.180580    0.234159
 1684.6730   -0.447201   -0.250500   -0.143940    0.015570    0.092405    0.156191    0.211201
 1686.6150   -0.491341   -0.287491   -0.172920   -0.011873    0.068668    0.132771    0.189240
 1688.5620   -0.536270   -0.324560   -0.201019   -0.038774    0.046026    0.110420    0.168230
 1690.5129   -0.582199   -0.361509   -0.228430   -0.065092    0.024445    0.089092    0.148199
 1692.4690   -0.629040   -0.398081   -0.255310   -0.090765    0.003805    0.068779    0.129141
 1694.4301   -0.676439   -0.433929   -0.281780   -0.115700   -0.015900    0.049452    0.111059
 1696.3950   -0.723841   -0.468750   -0.307949   -0.139811   -0.034756    0.031004    0.093878
 1698.3640   -0.770451   -0.502211   -0.333830   -0.163019   -0.052851    0.013470    0.077513
 1700.3380   -0.815371   -0.534100   -0.359461   -0.185261   -0.070265   -0.003256    0.061905
 1702.3170   -0.857740   -0.564199   -0.384930   -0.206470   -0.087072   -0.019264    0.047041
 1704.3000   -0.896980   -0.592520   -0.410540   -0.226629   -0.103420   -0.034601    0.032820
 1706.2880   -0.932850   -0.619101   -0.436270   -0.245741   -0.119390   -0.049309    0.019157
 1708.2810   -0.965490   -0.644171   -0.461210   -0.263830   -0.134979   -0.063465    0.006039
 1710.2780   -0.995211   -0.667879   -0.483900   -0.280939   -0.150160   -0.077154   -0.006664
 1712.2800   -1.022699   -0.690540   -0.503941   -0.297171   -0.165190   -0.090471   -0.018997
 1714.2860   -1.049101   -0.712311   -0.522570   -0.312571   -0.180429   -0.103451   -0.031004
 1716.2970   -1.076900   -0.733440   -0.541269   -0.327221   -0.195940   -0.116100   -0.042757
 1718.3130   -1.109200   -0.754070   -0.560190   -0.341221   -0.211121   -0.128460   -0.054316
 1720.3340   -1.145100   -0.774231   -0.578529   -0.354670   -0.225149   -0.140570   -0.065714
 1722.3600   -1.177000   -0.793930   -0.595530   -0.367630   -0.237841   -0.152491   -0.076958
 1726.4250   -1.214600   -0.831650   -0.625799   -0.392321   -0.261890   -0.175699   -0.098978
 1730.5100   -1.256599   -0.866140   -0.653080   -0.415741   -0.286770   -0.198009   -0.120501
 1734.6140   -1.301399   -0.896330   -0.678129   -0.438080   -0.310089   -0.219460   -0.141510
 1740.8060   -1.349899   -0.933519   -0.712709   -0.469469   -0.341471   -0.249571   -0.171600
 1747.0430   -1.389900   -0.963530   -0.743690   -0.497570   -0.368790   -0.276810   -0.199551
 1757.5380   -1.434200   -1.009800   -0.785999   -0.536301   -0.405920   -0.315331   -0.240009
 1768.1600   -1.450300   -1.055401   -0.816469   -0.566681   -0.434441   -0.345631   -0.271610
 1785.4240   -1.500200   -1.078100   -0.846609   -0.592880   -0.455799   -0.366850   -0.290590
 1803.0291   -1.561800   -1.124800   -0.890789   -0.631380   -0.490450   -0.401489   -0.324249
 1820.9850   -1.615200   -1.165100   -0.927160   -0.662741   -0.518339   -0.429001   -0.350571
 1839.3010   -1.663200   -1.204300   -0.959160   -0.690729   -0.542709   -0.452681   -0.373280
 1857.9900   -1.710899   -1.244400   -0.989620   -0.717899   -0.565140   -0.474319   -0.394489
 1877.0630   -1.764400   -1.285299   -1.019899   -0.744751   -0.586330   -0.494499   -0.415039
 1896.5310   -1.826300   -1.326300   -1.050200   -0.770161   -0.606779   -0.513229   -0.434971
 1916.4070   -1.892700   -1.367001   -1.081100   -0.793230   -0.627180   -0.530649   -0.453939
 1936.7050   -1.954399   -1.407600   -1.113800   -0.814659   -0.648090   -0.547520   -0.471491
 1957.4370   -2.006701   -1.448500   -1.148500   -0.836241   -0.669531   -0.564949   -0.487400
 1978.6169   -2.053499   -1.489799   -1.183500   -0.859240   -0.691050   -0.583590   -0.501810
 2000.2610   -2.099800   -1.530800   -1.217100   -0.883560   -0.712151   -0.603210   -0.515261
 2022.3840   -2.146400   -1.571301   -1.249399   -0.908230   -0.732880   -0.622690   -0.528440
 2045.0010   -2.196301   -1.610901   -1.281700   -0.932671   -0.753700   -0.641001   -0.542089
 2068.1311   -2.257401   -1.648800   -1.313999   -0.957230   -0.775000   -0.657810   -0.556709
 2091.7891   -2.333700   -1.685801   -1.346199   -0.982590   -0.796610   -0.673771   -0.572420
 2115.9951   -2.415100   -1.723101   -1.378901   -1.008801   -0.817900   -0.689920   -0.588840
 2140.7671   -2.483799   -1.760401   -1.413300   -1.034901   -0.838120   -0.706989   -0.605150
 2166.1270   -2.531799   -1.798000   -1.448999   -1.059999   -0.856991   -0.724760   -0.620371
 2192.0940   -2.568100   -1.839399   -1.484200   -1.084000   -0.874840   -0.742390   -0.633820
 2218.6919   -2.605900   -1.887100   -1.517700   -1.107500   -0.892759   -0.759081   -0.645411
 2245.9431   -2.653000   -1.938200   -1.550301   -1.131701   -0.911650   -0.774660   -0.655750
 2273.8721   -2.710701   -1.987801   -1.583300   -1.156700   -0.931780   -0.789980   -0.665970
 2302.5039   -2.777901   -2.034000   -1.617001   -1.181999   -0.952570   -0.806120   -0.677200
 2331.8669   -2.850901   -2.077900   -1.650801   -1.207001   -0.973021   -0.823851   -0.690109
 2361.9880   -2.923300   -2.120501   -1.685801   -1.231800   -0.992590   -0.842791   -0.704830
 2392.8970   -2.989500   -2.161900   -1.722300   -1.256901   -1.011400   -0.861731   -0.720860
 2424.6260   -3.060600   -2.202499   -1.759399   -1.283001   -1.030300   -0.879101   -0.737530
 2457.2080   -3.136101   -2.243900   -1.795401   -1.310301   -1.049999   -0.894119   -0.754240
 2490.6770   -3.213699   -2.289600   -1.829500   -1.338100   -1.070601   -0.907240   -0.770910
 2525.0710   -3.293400   -2.342400   -1.860901   -1.365101   -1.091900   -0.920099   -0.787809
 2560.4280   -3.375299   -2.403700   -1.891800   -1.389799   -1.113300   -0.934719   -0.805429
 2596.7891   -3.459600   -2.470600   -1.926800   -1.412100   -1.134300   -0.952490   -0.823971
 2634.1980   -3.546299   -2.537100   -1.967899   -1.433800   -1.155100   -0.973471   -0.843029
 2672.7000   -3.635500   -2.597300   -2.011499   -1.457701   -1.175800   -0.996500   -0.861670
 2712.3440   -3.727301   -2.649900   -2.053699   -1.485100   -1.197100   -1.019600   -0.878639
 2753.1831   -3.822001   -2.698299   -2.093100   -1.515400   -1.219299   -1.041100   -0.893030
 2795.2700   -3.919500   -2.745399   -2.131001   -1.546000   -1.242201   -1.059999   -0.904730
 2838.6631   -4.020000   -2.790400   -2.169701   -1.574600   -1.265600   -1.076900   -0.914749
 2883.4250   -4.123800   -2.831100   -2.210400   -1.600399   -1.288900   -1.093000   -0.924931
 2929.6221   -4.230801   -2.865999   -2.251301   -1.624701   -1.311701   -1.109900   -0.937309
 2977.3230   -4.341301   -2.897499   -2.289000   -1.650101   -1.333700   -1.128599   -0.953350
 3026.6021   -4.455500   -2.932100   -2.321899   -1.679701   -1.355000   -1.149000   -0.973511
 3077.5410   -4.573601   -2.978600   -2.352501   -1.714199   -1.376301   -1.170300   -0.996880
 3130.2241   -4.695601   -3.039299   -2.385601   -1.747601   -1.398100   -1.191200   -1.021299
 3184.7410   -4.822001   -3.111401   -2.423700   -1.772699   -1.420799   -1.210701   -1.043800
 3241.1919   -4.952801   -3.186800   -2.464199   -1.790600   -1.444500   -1.228300   -1.061800
 3299.6799   -5.088301   -3.250299   -2.502199   -1.809601   -1.468901   -1.244699   -1.073900
 3360.3169   -5.228800   -3.284700   -2.536301   -1.836201   -1.493500   -1.260900   -1.080500
 3423.2251   -5.374599   -3.298599   -2.572100   -1.871901   -1.517700   -1.278000   -1.084101
 3488.5330   -5.525900   -3.316900   -2.617599   -1.913700   -1.540600   -1.296600   -1.087799
 3556.3811   -5.683100   -3.360100   -2.678801   -1.955799   -1.561899   -1.316500   -1.094900
 3626.9209   -5.846600   -3.434401   -2.753099   -1.991100   -1.581400   -1.336599   -1.107300
 3700.3149   -6.016701   -3.539101   -2.830500   -2.016300   -1.599701   -1.355499   -1.125999
 3776.7419   -6.193699   -3.655500   -2.894600   -2.033800   -1.618500   -1.372200   -1.150101
 3856.3921   -6.378300   -3.747900   -2.929100   -2.050699   -1.638901   -1.386801   -1.177601
 3939.4741   -6.570801   -3.783501   -2.934500   -2.073601   -1.660700   -1.400101   -1.205101
 4026.2151   -6.771801   -3.790300   -2.941200   -2.105499   -1.682800   -1.413200   -1.228701
 4116.8618   -6.981899   -3.820900   -2.979599   -2.144300   -1.705000   -1.427500   -1.245300
 4211.6841   -7.201599   -3.911499   -3.056400   -2.184299   -1.728300   -1.444201   -1.253700
 4310.9771   -7.431700   -4.040901   -3.158501   -2.219299   -1.753700   -1.463800   -1.255301
 4415.0649   -7.672901   -4.134100   -3.264999   -2.247101   -1.780500   -1.486200   -1.253201
     19.00  481    7   4000.00   6000.00   8000.00  12000.00  16000.00  20000.00  25000.00
  751.2110   -2.145500   -2.190500   -2.286699   -2.336000   -2.407299   -2.417400   -2.473301
  754.3090   -2.100000   -2.138399   -2.230499   -2.253500   -2.354200   -2.352900   -2.436701
  757.4340   -2.056299   -2.087101   -2.176001   -2.172100   -2.293900   -2.297400   -2.392300
  760.5840   -2.012899   -2.031200   -2.120100   -2.108900   -2.235001   -2.250000   -2.340200
  763.7610   -1.969481   -1.971230   -2.064501   -2.069901   -2.184601   -2.206501   -2.283199
  766.9650   -1.923941   -1.913780   -2.012899   -2.047199   -2.137600   -2.163401   -2.224400
  770.1950   -1.872829   -1.865891   -1.968149   -2.024500   -2.088400   -2.119400   -2.166300
  773.4530   -1.814320   -1.830299   -1.929081   -1.988430   -2.040100   -2.073999   -2.110500
  776.7380   -1.751410   -1.805260   -1.891979   -1.939791   -1.998739   -2.026800   -2.058001
  780.0520   -1.691650   -1.785870   -1.853649   -1.888741   -1.961781   -1.979759   -2.008801
  783.3940   -1.642879   -1.766451   -1.813810   -1.843660   -1.922520   -1.936140   -1.962891
  786.7640   -1.608130   -1.742081   -1.773430   -1.806740   -1.879660   -1.897940   -1.919769
  790.1640   -1.583679   -1.710051   -1.732639   -1.774740   -1.837561   -1.864071   -1.879061
  793.5930   -1.560900   -1.669670   -1.690390   -1.742870   -1.798990   -1.830830   -1.840580
  797.0530   -1.531281   -1.622040   -1.646601   -1.709721   -1.763241   -1.794710   -1.804180
  800.5420   -1.491159   -1.569071   -1.602221   -1.675779   -1.728649   -1.754511   -1.769421
  804.0620   -1.443050   -1.512819   -1.556549   -1.639790   -1.693190   -1.711241   -1.735491
  807.6140   -1.392559   -1.455549   -1.508060   -1.600590   -1.653160   -1.666771   -1.701410
  811.1960   -1.344610   -1.400351   -1.459181   -1.558670   -1.605850   -1.622351   -1.666189
  814.8110   -1.300890   -1.350340   -1.413910   -1.513121   -1.553740   -1.577980   -1.628910
  818.4580   -1.258820   -1.306709   -1.370190   -1.462290   -1.503130   -1.533239   -1.588970
  822.1380   -1.213039   -1.266741   -1.322460   -1.407330   -1.457569   -1.487680   -1.546160
  825.8510   -1.159370   -1.224859   -1.271259   -1.351179   -1.414820   -1.441299   -1.500771
  829.5980   -1.098433   -1.176670   -1.221889   -1.295509   -1.369610   -1.394329   -1.453320
  833.3790   -1.035227   -1.122499   -1.175911   -1.240820   -1.319189   -1.347151   -1.404551
  837.1940   -0.975227   -1.066229   -1.130470   -1.187790   -1.265301   -1.300110   -1.355249
  841.0450   -0.921072   -1.011209   -1.083441   -1.137890   -1.211651   -1.253580   -1.306141
  844.9310   -0.872250   -0.958687   -1.035589   -1.092669   -1.160700   -1.207920   -1.257700
  848.8530   -0.826839   -0.909285   -0.988556   -1.052454   -1.112961   -1.163469   -1.210291
  852.8120   -0.783810   -0.863720   -0.942982   -1.015764   -1.068014   -1.120430   -1.164129
  856.8080   -0.743570   -0.822611   -0.898800   -0.980635   -1.025618   -1.078901   -1.119419
  860.8420   -0.707060   -0.786270   -0.856020   -0.945770   -0.985773   -1.038855   -1.076254
  864.9140   -0.674339   -0.754511   -0.815250   -0.910414   -0.948345   -1.000221   -1.034723
  869.0240   -0.644150   -0.726000   -0.777571   -0.874029   -0.913034   -0.962893   -0.994947
  873.1740   -0.614229   -0.698231   -0.743839   -0.836660   -0.879360   -0.926794   -0.957031
  877.3630   -0.582411   -0.668409   -0.714260   -0.799419   -0.846951   -0.891809   -0.921181
  881.5930   -0.547359   -0.635170   -0.688120   -0.763559   -0.815479   -0.858049   -0.887529
  885.8640   -0.509451   -0.599360   -0.663500   -0.729691   -0.784920   -0.825769   -0.856171
  890.1770   -0.470970   -0.563339   -0.638229   -0.697889   -0.755520   -0.795200   -0.826990
  894.5320   -0.435301   -0.529499   -0.610781   -0.668190   -0.727720   -0.766371   -0.799860
  898.9290   -0.405060   -0.499340   -0.580370   -0.640350   -0.701870   -0.739189   -0.774481
  903.3700   -0.380560   -0.473141   -0.547260   -0.613630   -0.678089   -0.713390   -0.750481
  907.8550   -0.359329   -0.449619   -0.513050   -0.587170   -0.656000   -0.688499   -0.727421
  912.3850   -0.337049   -0.426149   -0.480080   -0.560671   -0.634680   -0.663960   -0.704849
  916.9600   -0.310949   -0.400129   -0.450140   -0.534660   -0.612749   -0.639240   -0.682440
  921.5820   -0.282600   -0.370890   -0.423719   -0.510099   -0.588800   -0.613930   -0.659889
  926.2500   -0.256121   -0.340521   -0.400440   -0.487480   -0.561790   -0.588011   -0.637119
  930.9660   -0.234381   -0.312710   -0.379320   -0.466370   -0.531620   -0.561790   -0.614071
  935.7300   -0.217661   -0.290331   -0.358860   -0.445601   -0.499260   -0.535839   -0.590740
  940.5430   -0.204161   -0.273840   -0.337690   -0.423800   -0.466410   -0.510790   -0.567080
  945.4050   -0.190901   -0.260880   -0.315590   -0.400261   -0.435120   -0.487169   -0.542980
  950.3190   -0.175369   -0.247879   -0.293640   -0.375320   -0.407299   -0.465200   -0.518270
  955.2830   -0.157490   -0.232410   -0.273331   -0.350161   -0.384171   -0.444700   -0.492821
  960.3000   -0.139521   -0.214531   -0.255630   -0.326309   -0.365891   -0.425039   -0.466579
  965.3700   -0.123659   -0.196039   -0.240339   -0.304951   -0.351620   -0.405331   -0.439760
  970.4940   -0.109949   -0.178789   -0.226061   -0.286560   -0.339769   -0.384760   -0.412809
  975.6720   -0.096609   -0.163589   -0.211241   -0.270800   -0.328341   -0.362869   -0.386431
  986.1960   -0.064610   -0.136021   -0.179020   -0.243010   -0.299200   -0.316191   -0.338480
  996.9500   -0.025770   -0.102791   -0.147499   -0.213390   -0.256901   -0.271351   -0.300341
 1008.1140    0.013800   -0.063129   -0.118601   -0.180300   -0.207050   -0.232260   -0.270430
 1020.9540    0.063400   -0.024960   -0.078650   -0.137920   -0.164110   -0.204769   -0.242371
 1031.3010    0.113300    0.023701   -0.041550   -0.109230   -0.147640   -0.184771   -0.212790
 1042.9740    0.148600    0.062599    0.008101   -0.075340   -0.124279   -0.153130   -0.171110
 1055.1040    0.198099    0.110100    0.051201   -0.030899   -0.080059   -0.109859   -0.125040
 1067.3250    0.238501    0.160000    0.091600    0.013901   -0.032829   -0.064150   -0.083731
 1078.8370    0.268499    0.197599    0.141300    0.057199    0.004801   -0.025459   -0.047871
 1090.2950    0.313499    0.234600    0.188999    0.107000    0.045700    0.014999   -0.017441
 1101.1689    0.346399    0.271801    0.215099    0.149500    0.095400    0.061501    0.029200
 1110.1530    0.375799    0.299601    0.244499    0.179600    0.139400    0.106701    0.078699
 1116.4010    0.396900    0.317499    0.271500    0.205000    0.171900    0.146700    0.127701
 1121.3220    0.413900    0.332001    0.293900    0.231800    0.203100    0.185499    0.177601
 1125.2030    0.426100    0.346399    0.310699    0.257999    0.233700    0.222300    0.226200
 1128.5670    0.437700    0.359800    0.326401    0.284599    0.266500    0.260599    0.275400
 1131.5129    0.447701    0.375099    0.339600    0.311800    0.300800    0.300600    0.323700
 1134.2540    0.457399    0.392000    0.354599    0.341200    0.338600    0.344400    0.372900
 1136.7889    0.467100    0.409700    0.372499    0.372900    0.378901    0.389900    0.422300
 1139.1121    0.478500    0.427200    0.394001    0.406500    0.420099    0.436701    0.470501
 1141.3340    0.490499    0.447001    0.420500    0.442499    0.464399    0.484900    0.519100
 1143.4530    0.503300    0.466700    0.450701    0.480600    0.510300    0.534500    0.568501
 1145.4670    0.517799    0.488899    0.483400    0.521700    0.557301    0.584101    0.616600
 1147.2640    0.533300    0.512800    0.517601    0.561399    0.601799    0.630699    0.664900
 1149.0670    0.558300    0.543100    0.558300    0.605400    0.648701    0.679001    0.712999
 1150.7610    0.576599    0.577499    0.598400    0.649700    0.694700    0.726900    0.755301
 1152.4611    0.603199    0.615801    0.644100    0.697599    0.743000    0.776300    0.802900
 1154.0520    0.632799    0.656099    0.691099    0.744699    0.789900    0.824600    0.852501
 1155.5341    0.665300    0.698900    0.736200    0.791201    0.836000    0.871901    0.899000
 1156.9041    0.700800    0.740299    0.782499    0.835701    0.880501    0.917200    0.943701
 1158.2780    0.740101    0.786200    0.828699    0.882999    0.927401    0.965000    0.991899
 1159.5410    0.779200    0.831100    0.875099    0.928200    0.973101    1.011299    1.038300
 1160.8060    0.824301    0.879200    0.922001    0.976299    1.021400    1.059601    1.086399
 1161.9590    0.868299    0.925600    0.967701    1.022900    1.068001    1.105700    1.132401
 1163.1130    0.915600    0.974899    1.015800    1.072001    1.117300    1.154400    1.180901
 1164.1550    0.962101    1.021200    1.060801    1.119200    1.164000    1.200100    1.226299
 1165.0820    1.004499    1.064600    1.104700    1.163700    1.207399    1.242199    1.267900
 1166.0110    1.050200    1.109900    1.150101    1.210300    1.252600    1.285700    1.310699
 1166.9410    1.097500    1.159000    1.198299    1.259100    1.299601    1.330799    1.354900
 1167.7560    1.141800    1.203701    1.243900    1.303801    1.341999    1.371500    1.394699
 1168.5720    1.188999    1.250900    1.291500    1.350201    1.385700    1.413200    1.435400
 1169.2729    1.231199    1.294300    1.333700    1.391001    1.423901    1.449501    1.470800
 1169.9740    1.277100    1.339500    1.378099    1.432600    1.462900    1.486401    1.506599
 1170.6760    1.325399    1.386400    1.424400    1.475201    1.502501    1.523899    1.542801
 1171.2620    1.367701    1.427500    1.463800    1.511400    1.535900    1.555599    1.573200
 1171.8480    1.412701    1.470100    1.503799    1.547899    1.569700    1.587700    1.603901
 1172.4351    1.459499    1.513599    1.544701    1.584700    1.603800    1.619999    1.634899
 1173.0229    1.507801    1.558001    1.586500    1.621700    1.638000    1.652401    1.665899
 1173.4930    1.547800    1.594200    1.620300    1.651300    1.665600    1.678400    1.690800
 1173.9640    1.588900    1.631001    1.654200    1.681099    1.693199    1.704500    1.715700
 1174.4360    1.630400    1.668100    1.688101    1.710899    1.720800    1.730600    1.740499
 1174.9070    1.672199    1.705101    1.721901    1.740700    1.748400    1.756701    1.765301
 1175.3790    1.714399    1.742100    1.755800    1.770500    1.776100    1.782801    1.790001
 1175.8521    1.756901    1.779100    1.789801    1.799999    1.803600    1.808800    1.814600
 1176.3240    1.799099    1.816099    1.823500    1.829399    1.831100    1.834801    1.839100
 1176.7980    1.840799    1.852699    1.856899    1.858601    1.858400    1.860701    1.863501
 1177.2710    1.882000    1.888800    1.889801    1.887600    1.885601    1.886400    1.887699
 1177.7450    1.922600    1.924200    1.922300    1.916401    1.912600    1.911900    1.911800
 1178.3380    1.972200    1.967701    1.962200    1.951900    1.945999    1.943399    1.941601
 1178.9310    2.019800    2.010201    2.001500    1.986900    1.978901    1.974501    1.970900
 1179.5260    2.065701    2.051300    2.039700    2.021300    2.011400    2.005199    1.999800
 1180.1200    2.109600    2.090800    2.076700    2.054900    2.043300    2.035400    2.028100
 1180.8350    2.158900    2.136200    2.119500    2.094400    2.080800    2.071000    2.061501
 1181.5500    2.204700    2.179399    2.160600    2.132700    2.117300    2.105600    2.094100
 1182.3860    2.253500    2.226400    2.206200    2.175800    2.158500    2.144800    2.131200
 1183.3420    2.302500    2.275500    2.254499    2.222600    2.203500    2.187799    2.172000
 1184.4200    2.349500    2.325100    2.304300    2.272100    2.251500    2.233700    2.215900
 1185.5000    2.387800    2.368100    2.349200    2.318000    2.296400    2.277200    2.257500
 1186.7020    2.421300    2.408900    2.392700    2.364400    2.342400    2.322200    2.301200
 1188.1479    2.451500    2.448100    2.437000    2.413500    2.392200    2.371600    2.350200
 1189.7180    2.477100    2.481200    2.475700    2.459200    2.439899    2.419900    2.399000
 1191.4139    2.504400    2.509501    2.509501    2.500100    2.484400    2.466700    2.447500
 1193.2360    2.539600    2.538400    2.540800    2.537600    2.526400    2.511800    2.496201
 1195.0640    2.578800    2.572800    2.573299    2.571899    2.565300    2.555000    2.543200
 1196.8970    2.612000    2.613700    2.611600    2.608700    2.605200    2.599000    2.591600
 1198.6130    2.631400    2.653200    2.652500    2.648600    2.647000    2.644300    2.641300
 1200.0880    2.644100    2.684500    2.690800    2.689600    2.688800    2.689301    2.689100
 1201.3199    2.662500    2.707900    2.723000    2.728300    2.729600    2.732200    2.734400
 1202.4310    2.693399    2.729900    2.753600    2.767300    2.771300    2.776100    2.780700
 1203.4200    2.734800    2.752700    2.782400    2.806100    2.813000    2.820700    2.827100
 1204.2870    2.781500    2.779900    2.810300    2.842900    2.853900    2.864400    2.872200
 1205.0310    2.827600    2.809900    2.838700    2.877100    2.892800    2.905700    2.914700
 1205.7760    2.877200    2.847500    2.872601    2.914900    2.935699    2.951000    2.961700
 1206.3970    2.921400    2.886700    2.905500    2.950000    2.974800    2.992300    3.005100
 1207.0200    2.967500    2.933500    2.944099    2.989100    3.017500    3.037900    3.052800
 1207.5179    3.005500    2.975800    2.980400    3.023500    3.055000    3.077900    3.094700
 1208.0160    3.045500    3.022500    3.022300    3.061399    3.096200    3.121700    3.140300
 1208.3910    3.077499    3.060801    3.057700    3.092501    3.129900    3.157300    3.177200
 1208.7650    3.111300    3.102400    3.096300    3.126699    3.166500    3.195499    3.216700
 1209.1400    3.147100    3.147300    3.138300    3.164400    3.206200    3.236700    3.259300
 1209.5150    3.185200    3.195601    3.184000    3.206200    3.249300    3.281200    3.305300
 1209.7650    3.212400    3.229500    3.216801    3.236700    3.280300    3.312901    3.338100
 1210.0150    3.241500    3.264900    3.251801    3.269500    3.313300    3.346500    3.373000
 1210.2650    3.272900    3.301800    3.289200    3.304700    3.348300    3.382299    3.410000
 1210.5150    3.306601    3.340600    3.329300    3.342600    3.385799    3.420500    3.449500
 1210.7660    3.343000    3.381701    3.372100    3.383300    3.426001    3.461400    3.491800
 1211.0160    3.382100    3.425301    3.418000    3.427100    3.469400    3.505400    3.537100
 1211.2670    3.424400    3.471900    3.467000    3.474600    3.516300    3.552900    3.585800
 1211.3929    3.446800    3.496400    3.492701    3.499800    3.541300    3.578100    3.611500
 1211.5179    3.470301    3.521900    3.519400    3.526000    3.567400    3.604401    3.638200
 1211.6429    3.494801    3.548300    3.546900    3.553500    3.594601    3.631701    3.666000
 1211.7690    3.520599    3.575600    3.575500    3.582200    3.623100    3.660299    3.694799
 1211.8940    3.547600    3.604000    3.605200    3.612300    3.652901    3.690001    3.724800
 1212.0200    3.576099    3.633500    3.636000    3.643800    3.684100    3.721100    3.756001
 1212.1450    3.606100    3.664200    3.668200    3.676900    3.716801    3.753600    3.788500
 1212.2710    3.637700    3.696199    3.701700    3.711700    3.751101    3.787500    3.822300
 1212.3970    3.671000    3.729500    3.736900    3.748199    3.787001    3.823000    3.857600
 1212.5220    3.706200    3.764500    3.773701    3.786699    3.824800    3.860100    3.894400
 1212.6479    3.743299    3.801200    3.812500    3.827100    3.864400    3.899000    3.932800
 1212.7729    3.782499    3.839800    3.853400    3.869801    3.906000    3.939700    3.972900
 1212.8990    3.823900    3.880700    3.896600    3.914801    3.949699    3.982400    4.014900
 1213.0250    3.867900    3.924000    3.942400    3.962200    3.995700    4.027201    4.059000
 1213.1510    3.914700    3.970200    3.991000    4.012199    4.044200    4.074300    4.105200
 1213.2760    3.964500    4.019400    4.042601    4.065100    4.095200    4.123899    4.153800
 1213.4020    4.018000    4.072200    4.097500    4.120900    4.149099    4.176200    4.205000
 1213.5280    4.075399    4.129000    4.156099    4.180099    4.206200    4.231501    4.259200
 1213.6541    4.137300    4.190100    4.218599    4.242900    4.266600    4.290200    4.316600
 1213.7800    4.204400    4.256001    4.285500    4.309600    4.330900    4.352700    4.377800
 1213.9060    4.277300    4.327300    4.357300    4.380899    4.399700    4.419400    4.443200
 1214.0320    4.356800    4.404600    4.434600    4.457200    4.473400    4.491199    4.513700
 1214.1580    4.443700    4.488800    4.518200    4.539600    4.553101    4.568900    4.589900
 1214.2830    4.539300    4.580999    4.609301    4.629100    4.639900    4.653700    4.673300
 1214.4091    4.644899    4.682700    4.709300    4.727301    4.735500    4.747200    4.765400
 1214.5360    4.763000    4.796200    4.820800    4.836700    4.842300    4.851900    4.868800
 1214.6620    4.897100    4.925301    4.947400    4.961201    4.964100    4.971701    4.987200
 1214.7880    5.054399    5.077100    5.096500    5.108000    5.108300    5.113800    5.127800
 1214.9139    5.258500    5.274600    5.290501    5.299400    5.297000    5.300000    5.311900
 1215.0400    5.587999    5.594999    5.605000    5.610600    5.605600    5.605101    5.612900
 1215.1660    6.081400    6.080999    6.084800    6.087100    6.082000    6.079000    6.081300
 1215.2920    6.582900    6.580200    6.580800    6.581400    6.577900    6.574900    6.574200
 1215.4180    6.965799    6.963301    6.962700    6.962601    6.960700    6.958600    6.957000
 1215.5450    7.195200    7.193500    7.192600    7.192100    7.191600    7.190400    7.188900
 1215.7970    7.178200    7.178800    7.178300    7.177700    7.178800    7.179800    7.179600
 1215.9240    6.932899    6.934600    6.934800    6.934200    6.935600    6.937500    6.938601
 1216.0500    6.538000    6.540800    6.541901    6.541600    6.542500    6.544900    6.547900
 1216.1760    6.040800    6.043700    6.046101    6.046400    6.045000    6.046900    6.052500
 1216.3030    5.585000    5.586599    5.590099    5.591400    5.586201    5.585700    5.593500
 1216.4290    5.298901    5.299601    5.303500    5.305901    5.298800    5.296300    5.304300
 1216.5560    5.118299    5.119801    5.124001    5.127700    5.120700    5.117500    5.125200
 1216.6820    4.976400    4.979100    4.984100    4.989201    4.983000    4.979600    4.987200
 1216.8090    4.854401    4.858700    4.864799    4.871600    4.866301    4.863000    4.870700
 1216.9351    4.746099    4.752000    4.759300    4.768000    4.764000    4.760900    4.768700
 1217.0620    4.648100    4.655500    4.664101    4.674800    4.672200    4.669500    4.677600
 1217.1880    4.558100    4.566999    4.576900    4.589800    4.588699    4.586500    4.594900
 1217.3149    4.474899    4.484900    4.496201    4.511300    4.511900    4.510300    4.519100
 1217.4420    4.397400    4.408199    4.420900    4.438200    4.440500    4.439600    4.448900
 1217.5680    4.324800    4.336201    4.350100    4.369600    4.373700    4.373600    4.383400
 1217.6949    4.256500    4.268300    4.283300    4.304900    4.310801    4.311501    4.321899
 1217.8220    4.192200    4.204000    4.219999    4.243600    4.251400    4.252900    4.263900
 1217.9480    4.131300    4.143100    4.159800    4.185200    4.194901    4.197300    4.208900
 1218.0750    4.073500    4.085199    4.102500    4.129601    4.141000    4.144400    4.156600
 1218.2020    4.018499    4.030100    4.047800    4.076400    4.089600    4.093901    4.106700
 1218.3290    3.966000    3.977600    3.995501    4.025400    4.040200    4.045500    4.059000
 1218.4561    3.915700    3.927401    3.945499    3.976601    3.992900    3.999100    4.013100
 1218.5820    3.867400    3.879499    3.897600    3.929600    3.947300    3.954400    3.969100
 1218.7090    3.820900    3.833500    3.851700    3.884399    3.903500    3.911400    3.926600
 1218.8361    3.776000    3.789400    3.807600    3.841000    3.861200    3.869900    3.885600
 1218.9630    3.732600    3.747000    3.765200    3.799100    3.820400    3.829900    3.846100
 1219.0900    3.690701    3.706100    3.724501    3.758801    3.781000    3.791201    3.807800
 1219.2170    3.650101    3.666700    3.685200    3.719999    3.742900    3.753799    3.770700
 1219.3440    3.610800    3.628500    3.647300    3.682500    3.706100    3.717501    3.734800
 1219.4709    3.572701    3.591499    3.610701    3.646299    3.670401    3.682500    3.699900
 1219.5980    3.535700    3.555700    3.575300    3.611300    3.635900    3.648399    3.666100
 1219.7250    3.499900    3.520800    3.540900    3.577499    3.602500    3.615499    3.633200
 1219.8530    3.465300    3.487000    3.507500    3.544800    3.570100    3.583500    3.601299
 1219.9800    3.431601    3.454100    3.475100    3.513100    3.538600    3.552500    3.570300
 1220.1071    3.399000    3.422000    3.443600    3.482400    3.508101    3.522300    3.540100
 1220.2340    3.367300    3.390900    3.412900    3.452600    3.478500    3.493100    3.510799
 1220.3610    3.336500    3.360600    3.382999    3.423700    3.449699    3.464701    3.482201
 1220.4890    3.306499    3.331200    3.353800    3.395599    3.421801    3.437000    3.454500
 1220.6160    3.277400    3.302500    3.325399    3.368200    3.394500    3.410100    3.427401
 1220.7430    3.249100    3.274700    3.297700    3.341600    3.368000    3.384000    3.401100
 1220.8710    3.221500    3.247601    3.270700    3.315599    3.342100    3.358500    3.375500
 1220.9980    3.194600    3.221200    3.244400    3.290200    3.316900    3.333700    3.350500
 1221.1250    3.168500    3.195601    3.218700    3.265500    3.292200    3.309500    3.326099
 1221.2531    3.143100    3.170600    3.193800    3.241301    3.268200    3.285900    3.302401
 1221.5081    3.094400    3.122601    3.145900    3.194700    3.221600    3.240300    3.256599
 1221.7629    3.048600    3.076900    3.100700    3.150200    3.176900    3.196800    3.213100
 1222.0179    3.005400    3.033100    3.058001    3.107700    3.134000    3.155100    3.171500
 1222.2729    2.964500    2.991301    3.017600    3.067101    3.092800    3.115100    3.131701
 1222.5291    2.925700    2.951300    2.979300    3.028500    3.053200    3.076500    3.093700
 1222.7841    2.888600    2.913000    2.942900    2.991600    3.014999    3.039400    3.057100
 1223.0400    2.853200    2.876600    2.908200    2.956400    2.978400    3.003500    3.022100
 1223.2950    2.819400    2.841900    2.875000    2.922700    2.943300    2.968900    2.988300
 1223.6790    2.771900    2.793400    2.827900    2.874900    2.893400    2.919200    2.939899
 1224.0630    2.728300    2.748600    2.783800    2.829700    2.846700    2.872000    2.894200
 1224.4470    2.688100    2.707100    2.742800    2.786800    2.802999    2.827400    2.850800
 1224.8320    2.650600    2.668300    2.704700    2.745800    2.761900    2.785200    2.809800
 1225.2159    2.615300    2.632200    2.669100    2.706700    2.723300    2.745200    2.771000
 1225.7300    2.571600    2.588100    2.624800    2.657400    2.674900    2.695400    2.722400
 1226.2440    2.531400    2.548500    2.583200    2.611500    2.629700    2.648900    2.677299
 1226.7581    2.493800    2.512900    2.543700    2.569000    2.587200    2.605600    2.635099
 1227.2720    2.457900    2.480100    2.506701    2.529600    2.547600    2.564899    2.595500
 1227.9160    2.416000    2.441900    2.464300    2.484100    2.501801    2.517500    2.549100
 1228.5610    2.378500    2.406600    2.426300    2.441800    2.460000    2.474000    2.505500
 1229.3350    2.339300    2.368299    2.385201    2.395300    2.414200    2.426900    2.456400
 1230.1100    2.306700    2.334100    2.347900    2.353700    2.371500    2.384900    2.410800
 1231.0160    2.277200    2.298800    2.308900    2.311000    2.324900    2.341400    2.362000
 1232.0530    2.248899    2.265400    2.269800    2.267600    2.276300    2.296600    2.312201
 1233.2209    2.221300    2.234100    2.228500    2.223300    2.229500    2.250900    2.262600
 1234.5220    2.193600    2.202400    2.186200    2.180400    2.186399    2.205500    2.213800
 1236.0870    2.168200    2.164300    2.143000    2.137900    2.144400    2.158500    2.163800
 1237.9180    2.142100    2.121400    2.105200    2.100000    2.109000    2.111200    2.117100
 1240.2791    2.101100    2.079100    2.073700    2.069600    2.073600    2.063499    2.067699
 1242.9139    2.063200    2.047000    2.047500    2.045300    2.038700    2.024300    2.019300
 1245.8240    2.029700    2.023400    2.025800    2.016000    2.000999    1.987400    1.969900
 1248.8820    2.015200    2.014500    2.009399    1.982500    1.964901    1.945900    1.920900
 1252.2230    2.012700    1.996599    1.979799    1.945499    1.922899    1.896400    1.871901
 1255.3120    2.008200    1.969101    1.941401    1.903601    1.874701    1.850000    1.828100
 1258.0110    1.987900    1.936199    1.903099    1.858200    1.826200    1.810200    1.786900
 1260.7220    1.947800    1.887600    1.853100    1.809900    1.776300    1.768400    1.742001
 1262.8990    1.906500    1.843399    1.805799    1.772301    1.737900    1.731800    1.703300
 1264.8090    1.858000    1.803299    1.764801    1.738400    1.705200    1.696701    1.668699
 1266.4520    1.809299    1.765400    1.731199    1.707001    1.676899    1.665199    1.639900
 1268.0990    1.759701    1.723101    1.697500    1.672300    1.646700    1.633200    1.612301
 1269.7500    1.709801    1.678801    1.660801    1.635401    1.615499    1.601700    1.586201
 1271.2670    1.661499    1.639299    1.624701    1.601400    1.586500    1.574400    1.563999
 1272.7880    1.612600    1.601999    1.587299    1.568800    1.557800    1.548599    1.543200
 1274.4510    1.565599    1.561100    1.549000    1.536301    1.529100    1.521801    1.521099
 1276.2581    1.523399    1.514299    1.510900    1.503799    1.501499    1.493999    1.497000
 1278.0699    1.482100    1.467199    1.475300    1.472401    1.476700    1.466200    1.472599
 1280.0270    1.434999    1.424200    1.435499    1.437799    1.451500    1.435301    1.445499
 1282.4110    1.388300    1.388300    1.387899    1.395800    1.418499    1.397800    1.412201
 1285.6520    1.339300    1.348600    1.342199    1.348900    1.369301    1.351900    1.371300
 1288.7670    1.289700    1.313700    1.319401    1.320700    1.323500    1.320000    1.339100
 1293.6100    1.256800    1.279400    1.274200    1.283800    1.274200    1.288700    1.298700
 1297.7700    1.234100    1.229700    1.247499    1.247999    1.242300    1.261400    1.261101
 1302.3920    1.205799    1.196899    1.220600    1.225100    1.204500    1.226900    1.211800
 1306.9010    1.160400    1.161200    1.171400    1.200600    1.182600    1.202200    1.172199
 1311.8820    1.136000    1.155600    1.144001    1.150801    1.178900    1.182899    1.149401
 1318.8300    1.135099    1.136900    1.115700    1.114500    1.152000    1.133400    1.124500
 1325.1021    1.111401    1.107800    1.128901    1.098301    1.118401    1.083401    1.093500
 1330.6770    1.061501    1.061001    1.099400    1.088800    1.101999    1.070301    1.084700
 1337.9790    1.067900    1.061300    1.071701    1.095900    1.052900    1.064600    1.098999
 1344.8990    1.071899    1.062000    1.022400    1.064600    1.015200    1.050200    1.089199
 1355.3340    1.023300    1.030399    1.026400    1.027500    1.023800    1.062901    1.039600
 1362.1180    0.990801    1.003000    1.038000    0.977800    1.022800    1.051001    1.021400
 1372.6620    1.032200    0.997999    1.025499    0.995899    1.046299    1.003700    0.971399
 1384.1890    0.989901    1.025801    0.975700    1.010000    0.999001    0.970800    0.937201
 1392.5900    0.972900    1.009800    0.936701    1.027401    0.970501    0.921200    0.963600
 1398.4139    0.992800    0.959801    0.962999    1.015900    0.957001    0.912399    0.975399
 1404.7930    1.034599    0.958200    1.012600    0.974199    0.924200    0.944099    0.978199
 1420.1350    0.990400    1.007000    1.024601    0.925900    0.949100    0.992201    1.023701
 1428.6300    0.961901    1.034700    0.976101    0.906900    0.997601    1.005501    1.043301
 1435.9919    0.989700    1.034201    0.934299    0.955500    1.007099    1.034201    1.024700
 1442.7200    1.038500    1.003700    0.930700    1.004499    1.020000    1.046600    0.987301
 1448.0750    1.081100    0.954100    0.924700    1.019001    1.039499    1.034100    0.958300
 1456.3650    1.060101    0.944201    0.966400    1.032101    1.051399    0.985100    0.933599
 1461.0920    1.048901    0.950100    1.015499    1.050499    1.035400    0.956699    0.927900
 1467.1370    1.000200    0.963800    1.056000    1.070499    0.996000    0.934099    0.917801
 1472.1200    0.963800    1.011900    1.066000    1.066299    0.962000    0.925600    0.901001
 1476.2050    0.972799    1.060699    1.072100    1.044899    0.942200    0.919701    0.881001
 1482.1880    1.008900    1.101700    1.090401    0.995701    0.928499    0.903801    0.849300
 1488.7870    1.058300    1.108700    1.100100    0.949900    0.919100    0.875099    0.831501
 1493.1560    1.108200    1.115601    1.082199    0.937500    0.906900    0.857201    0.841101
 1498.5100    1.158100    1.127300    1.034700    0.934500    0.885700    0.850300    0.877899
 1503.3220    1.173401    1.118799    0.987801    0.928600    0.870100    0.867001    0.926800
 1507.7770    1.174000    1.084101    0.961599    0.913500    0.870001    0.901800    0.976000
 1512.0630    1.175499    1.035400    0.955700    0.894400    0.889601    0.946400    1.020401
 1516.3730    1.172600    0.993799    0.956600    0.883200    0.927799    0.995001    1.058701
 1520.7080    1.148800    0.977301    0.950899    0.895100    0.977400    1.041300    1.089500
 1524.6700    1.104799    0.980000    0.938499    0.931700    1.025299    1.078600    1.111500
 1528.2540    1.059401    0.983500    0.930000    0.980900    1.066299    1.107300    1.127600
 1531.4540    1.030399    0.981100    0.935400    1.030201    1.099199    1.129200    1.140100
 1534.6670    1.020300    0.975000    0.958200    1.078701    1.127899    1.148100    1.152201
 1538.2980    1.025900    0.974400    1.006800    1.127001    1.155600    1.167200    1.166500
 1541.1340    1.033899    0.988001    1.053400    1.158300    1.174200    1.181099    1.179001
 1543.9810    1.040699    1.018400    1.102501    1.183800    1.191099    1.195101    1.193199
 1547.0420    1.048401    1.066999    1.151699    1.205500    1.208000    1.210800    1.210300
 1549.7061    1.060499    1.116501    1.188900    1.220800    1.222500    1.225300    1.226601
 1552.3781    1.082701    1.166300    1.220200    1.234301    1.237400    1.240799    1.244101
 1555.2660    1.119999    1.215401    1.247801    1.248501    1.254400    1.258699    1.263700
 1558.1650    1.169001    1.257000    1.270599    1.263800    1.272499    1.277599    1.283501
 1560.6591    1.216101    1.286400    1.287800    1.278900    1.289000    1.294201    1.300200
 1563.1600    1.263901    1.310900    1.304399    1.296101    1.306200    1.310801    1.316099
 1565.8790    1.313000    1.333599    1.323101    1.316900    1.325199    1.328501    1.332001
 1569.0280    1.362801    1.357599    1.346800    1.343000    1.347099    1.347599    1.348200
 1572.8240    1.411200    1.387100    1.378599    1.375200    1.371901    1.368000    1.363899
 1578.1270    1.461100    1.433100    1.425699    1.416300    1.400900    1.389400    1.377501
 1583.4650    1.503700    1.482300    1.469400    1.447001    1.420401    1.400700    1.380699
 1588.8390    1.552099    1.526100    1.501900    1.462900    1.427601    1.400400    1.372900
 1594.0330    1.600700    1.555099    1.517900    1.462500    1.421299    1.388300    1.355200
 1602.5460    1.641600    1.559999    1.504700    1.428499    1.381901    1.343800    1.305901
 1608.4930    1.617300    1.525101    1.463699    1.381599    1.333599    1.295601    1.257999
 1612.9270    1.568399    1.476799    1.415600    1.335199    1.287300    1.251301    1.215900
 1616.0450    1.519600    1.431601    1.372999    1.296900    1.250000    1.216200    1.183399
 1618.5040    1.473499    1.389500    1.334400    1.263500    1.218000    1.186501    1.156200
 1620.7450    1.426100    1.346600    1.295500    1.230600    1.187000    1.157900    1.130301
 1622.7679    1.379200    1.304399    1.257601    1.198999    1.157700    1.131001    1.105999
 1624.5699    1.334200    1.264200    1.221701    1.169399    1.130501    1.106199    1.083700
 1626.3760    1.286200    1.221701    1.183901    1.138300    1.102301    1.080601    1.060699
 1627.9600    1.241800    1.182899    1.149300    1.110001    1.076900    1.057600    1.040199
 1629.5470    1.195200    1.142601    1.113400    1.080601    1.050800    1.033899    1.019100
 1631.1360    1.146299    1.101101    1.076401    1.050100    1.024099    1.009800    0.997601
 1632.5020    1.102900    1.064600    1.043900    1.023201    1.000799    0.988701    0.978800
 1633.8690    1.058001    1.027401    1.010601    0.995600    0.976999    0.967400    0.959801
 1635.2390    1.011801    0.989500    0.976799    0.967300    0.952900    0.945700    0.940399
 1636.6110    0.964399    0.951200    0.942499    0.938499    0.928400    0.923800    0.920700
 1637.9850    0.916100    0.912300    0.907801    0.909100    0.903601    0.901501    0.900801
 1639.3621    0.867100    0.873100    0.872700    0.879101    0.878599    0.878901    0.880600
 1640.7410    0.817600    0.833401    0.837400    0.848700    0.853199    0.855999    0.860201
 1642.1230    0.768000    0.793499    0.801901    0.817900    0.827600    0.832901    0.839500
 1643.5060    0.718599    0.753401    0.766199    0.786800    0.801701    0.809700    0.818600
 1644.8920    0.669600    0.712900    0.730499    0.755400    0.775600    0.786301    0.797400
 1646.2810    0.621401    0.672300    0.694700    0.723900    0.749399    0.762800    0.776100
 1647.6710    0.574200    0.631599    0.658899    0.692400    0.723000    0.739100    0.754499
 1649.0640    0.528099    0.590700    0.623199    0.660801    0.696501    0.715200    0.732800
 1650.4600    0.494699    0.557600    0.593599    0.634199    0.673000    0.693800    0.712900
 1652.3240    0.435801    0.503300    0.546301    0.592701    0.637400    0.661800    0.683701
 1654.1920    0.378700    0.449200    0.499100    0.551701    0.601799    0.629801    0.654200
 1656.0649    0.322800    0.395599    0.452299    0.511299    0.566200    0.597700    0.624599
 1657.9420    0.268000    0.342701    0.405800    0.471701    0.530701    0.565599    0.594900
 1659.8230    0.213600    0.291000    0.359699    0.433100    0.495399    0.533501    0.565201
 1661.7090    0.159401    0.240601    0.314199    0.395599    0.460300    0.501600    0.535500
 1663.5980    0.105000    0.191900    0.269300    0.359100    0.425501    0.469999    0.506001
 1665.4919    0.050699    0.145000    0.225300    0.323700    0.391199    0.438601    0.476601
 1667.3910   -0.003630    0.100201    0.182400    0.289499    0.357399    0.407499    0.447500
 1669.2939   -0.057440    0.057199    0.140499    0.256300    0.324301    0.376900    0.418800
 1671.2010   -0.110291    0.016199    0.100100    0.223999    0.291901    0.346901    0.390600
 1673.1121   -0.161739   -0.023260    0.061100    0.192600    0.260401    0.317400    0.362900
 1675.0280   -0.211420   -0.061440    0.023701    0.162001    0.229799    0.288700    0.335800
 1676.9480   -0.259150   -0.098680   -0.012060    0.132099    0.200399    0.260700    0.309401
 1678.8719   -0.305019   -0.135349   -0.046209    0.102699    0.172100    0.233500    0.283800
 1680.8010   -0.349380   -0.171749   -0.078800    0.073999    0.145000    0.207199    0.259001
 1682.7350   -0.392780   -0.208130   -0.109970    0.045700    0.118999    0.181900    0.235201
 1684.6730   -0.435850   -0.244640   -0.139879    0.017900    0.094200    0.157499    0.212299
 1686.6150   -0.479179   -0.281281   -0.168711   -0.009470    0.070499    0.134199    0.190399
 1688.5620   -0.523211   -0.317980   -0.196671   -0.036270    0.047899    0.111900    0.169399
 1690.5129   -0.568140   -0.354540   -0.223921   -0.062490    0.026300    0.090599    0.149401
 1692.4690   -0.613890   -0.390720   -0.250660   -0.088060    0.005699    0.070299    0.130400
 1694.4301   -0.660110   -0.426170   -0.277000   -0.112900   -0.013901    0.051001    0.112301
 1696.3950   -0.706280   -0.460600   -0.303009   -0.136921   -0.032721    0.032700    0.095200
 1698.3640   -0.751591   -0.493679   -0.328739   -0.160040   -0.050791    0.015200    0.078800
 1700.3380   -0.795231   -0.525221   -0.354231   -0.182199   -0.068180   -0.001579    0.063299
 1702.3170   -0.836390   -0.555019   -0.379560   -0.203341   -0.084949   -0.017570    0.048401
 1704.3000   -0.874550   -0.583040   -0.405010   -0.223440   -0.101271   -0.032890    0.034201
 1706.2880   -0.909460   -0.609381   -0.430540   -0.242479   -0.117229   -0.047581    0.020599
 1708.2810   -0.941307   -0.634230   -0.455299   -0.260521   -0.132790   -0.061720    0.007401
 1710.2780   -0.970373   -0.657761   -0.477840   -0.277599   -0.147949   -0.075399   -0.005270
 1712.2800   -0.997316   -0.680250   -0.497820   -0.293791   -0.162960   -0.088699   -0.017599
 1714.2860   -1.023256   -0.701870   -0.516399   -0.309170   -0.178181   -0.101660   -0.029600
 1716.2970   -1.050547   -0.722851   -0.535030   -0.323799   -0.193640   -0.114309   -0.041349
 1718.3130   -1.081839   -0.743311   -0.553850   -0.337780   -0.208771   -0.126650   -0.052891
 1720.3340   -1.116360   -0.763340   -0.572081   -0.351219   -0.222780   -0.138760   -0.064289
 1722.3600   -1.147129   -0.782881   -0.589001   -0.364170   -0.235451   -0.150660   -0.075520
 1726.4250   -1.184481   -0.820299   -0.619209   -0.388830   -0.259501   -0.173849   -0.097521
 1730.5100   -1.225611   -0.854521   -0.646429   -0.412220   -0.284321   -0.196131   -0.119030
 1734.6140   -1.268990   -0.884560   -0.671459   -0.434549   -0.307600   -0.217560   -0.140011
 1740.8060   -1.316629   -0.921616   -0.705971   -0.465900   -0.338940   -0.247610   -0.170059
 1747.0430   -1.355961   -0.951635   -0.736879   -0.493971   -0.366240   -0.274830   -0.197969
 1757.5380   -1.400190   -0.997833   -0.779160   -0.532700   -0.403360   -0.313320   -0.238371
 1768.1600   -1.417770   -1.043089   -0.809719   -0.563110   -0.431900   -0.343620   -0.269970
 1785.4240   -1.465660   -1.065865   -0.839800   -0.589340   -0.453320   -0.364910   -0.289009
 1803.0291   -1.525450   -1.112471   -0.883961   -0.627859   -0.488010   -0.399559   -0.322689
 1820.9850   -1.576920   -1.152460   -0.920240   -0.659241   -0.515940   -0.427111   -0.349039
 1839.3010   -1.622910   -1.191360   -0.952181   -0.687229   -0.540340   -0.450809   -0.371771
 1857.9900   -1.668051   -1.230900   -0.982508   -0.714380   -0.562771   -0.472460   -0.393000
 1877.0630   -1.717920   -1.271049   -1.012648   -0.741150   -0.583960   -0.492661   -0.413549
 1896.5310   -1.774771   -1.311230   -1.042728   -0.766520   -0.604410   -0.511379   -0.433460
 1916.4070   -1.834641   -1.350969   -1.073309   -0.789551   -0.624790   -0.528801   -0.452410
 1936.7050   -1.889580   -1.390440   -1.105659   -0.810900   -0.645639   -0.545639   -0.469950
 1957.4370   -1.935579   -1.430220   -1.139950   -0.832390   -0.667040   -0.563040   -0.485849
 1978.6169   -1.976170   -1.470110   -1.174431   -0.855301   -0.688480   -0.581671   -0.500271
 2000.2610   -2.015699   -1.509609   -1.207451   -0.879459   -0.709520   -0.601240   -0.513729
 2022.3840   -2.054899   -1.548510   -1.239229   -0.903925   -0.730181   -0.620710   -0.526939
 2045.0010   -2.095900   -1.586229   -1.270821   -0.928228   -0.750971   -0.639009   -0.540590
 2068.1311   -2.144300   -1.622061   -1.302460   -0.952686   -0.772221   -0.655800   -0.555189
 2091.7891   -2.201900   -1.656910   -1.333981   -0.977943   -0.793770   -0.671721   -0.570850
 2115.9951   -2.260500   -1.692160   -1.366091   -1.003944   -0.814970   -0.687799   -0.587170
 2140.7671   -2.308201   -1.727551   -1.399780   -1.029816   -0.835020   -0.704720   -0.603359
 2166.1270   -2.341900   -1.763029   -1.434521   -1.054541   -0.853621   -0.722340   -0.618469
 2192.0940   -2.367300   -1.801180   -1.468250   -1.077971   -0.871250   -0.739790   -0.631821
 2218.6919   -2.389799   -1.843451   -1.499750   -1.100929   -0.888870   -0.756290   -0.643339
 2245.9431   -2.411100   -1.887030   -1.530090   -1.124500   -0.907595   -0.771811   -0.653690
 2273.8721   -2.432800   -1.928490   -1.561060   -1.149099   -0.927603   -0.787121   -0.663960
 2302.5039   -2.459900   -1.968269   -1.593361   -1.174339   -0.948423   -0.803410   -0.675310
 2331.8669   -2.500099   -2.009501   -1.627220   -1.199699   -0.969156   -0.821310   -0.688419
 2361.9880   -2.560101   -2.054800   -1.663759   -1.225220   -0.989191   -0.840549   -0.703329
 2392.8970   -2.643801   -2.104099   -1.703310   -1.251390   -1.008610   -0.859840   -0.719629
 2424.6260   -2.754601   -2.156401   -1.744270   -1.278650   -1.028097   -0.877590   -0.736509
 2457.2080   -2.895000   -2.210501   -1.784361   -1.306990   -1.048288   -0.892960   -0.753450
 2490.6770   -3.064301   -2.267000   -1.821939   -1.335751   -1.069378   -0.906368   -0.770290
 2525.0710   -3.249701   -2.327900   -1.855961   -1.363440   -1.091005   -0.919481   -0.787331
 2560.4280   -3.423100   -2.394300   -1.888540   -1.388580   -1.112610   -0.934235   -0.805071
 2596.7891   -3.550699   -2.464100   -1.924561   -1.411160   -1.133789   -0.952103   -0.823650
 2634.1980   -3.713800   -2.532299   -1.966129   -1.433109   -1.154610   -0.973181   -0.842751
 2672.7000   -3.885300   -2.593399   -2.010099   -1.457090   -1.175449   -0.996239   -0.861410
 2712.3440   -4.061800   -2.646500   -2.052401   -1.484560   -1.196779   -1.019360   -0.878410
 2753.1831   -4.243599   -2.695101   -2.091801   -1.514830   -1.218920   -1.040819   -0.892790
 2795.2700   -4.431000   -2.742300   -2.129700   -1.545521   -1.241880   -1.059788   -0.904516
 2838.6631   -4.624201   -2.787300   -2.168499   -1.574120   -1.265301   -1.076662   -0.914568
 2883.4250   -4.823500   -2.827999   -2.209200   -1.599930   -1.288610   -1.092793   -0.924782
 2929.6221   -5.029200   -2.863001   -2.250000   -1.624210   -1.311331   -1.109690   -0.937155
 2977.3230   -5.241600   -2.894600   -2.287701   -1.649601   -1.333321   -1.128349   -0.953232
 3026.6021   -5.461000   -2.929300   -2.320601   -1.679230   -1.354731   -1.148781   -0.973385
 3077.5410   -5.687799   -2.975800   -2.351299   -1.713659   -1.376020   -1.170111   -0.996712
 3130.2241   -5.922400   -3.036301   -2.384300   -1.747000   -1.397791   -1.191010   -1.021086
 3184.7410   -6.165100   -3.108101   -2.422400   -1.772110   -1.420490   -1.210421   -1.043612
 3241.1919   -6.416500   -3.183201   -2.462799   -1.790060   -1.444189   -1.228050   -1.061605
 3299.6799   -6.676899   -3.246401   -2.500799   -1.809111   -1.468611   -1.244450   -1.073658
 3360.3169   -6.946899   -3.280899   -2.535000   -1.835739   -1.493200   -1.260670   -1.080299
 3423.2251   -7.226900   -3.295200   -2.570801   -1.871370   -1.517309   -1.277769   -1.083878
 3488.5330   -7.517700   -3.313700   -2.616301   -1.913179   -1.540279   -1.296360   -1.087656
 3556.3811   -7.819799   -3.356899   -2.677299   -1.955151   -1.561550   -1.316259   -1.094732
 3626.9209   -8.133900   -3.430901   -2.751400   -1.990419   -1.580999   -1.336340   -1.107220
 3700.3149   -8.460701   -3.534901   -2.828600   -2.015600   -1.599360   -1.355200   -1.125879
 3776.7419   -8.801001   -3.650400   -2.892500   -2.033199   -1.618111   -1.371901   -1.149990
 3856.3921   -9.155600   -3.742100   -2.926901   -2.050100   -1.638519   -1.386511   -1.177429
 3939.4741   -9.525501   -3.777901   -2.932600   -2.073000   -1.660351   -1.399799   -1.204861
 4026.2151   -9.911701   -3.785299   -2.939501   -2.104900   -1.682480   -1.412951   -1.228491
 4116.8618  -10.315300   -3.816200   -2.977900   -2.143600   -1.704630   -1.427271   -1.245090
 4211.6841  -10.737499   -3.906300   -3.054600   -2.183599   -1.727949   -1.443951   -1.253490
 4310.9771  -11.180000   -4.034201   -3.156300   -2.218599   -1.753330   -1.463591   -1.255060
 4415.0649  -11.643000   -4.126600   -3.262199   -2.246401   -1.780180   -1.485979   -1.253050
 4524.3042  -12.129000   -4.139500   -3.341301   -2.269001   -1.807070   -1.510170   -1.251280
 4639.0850  -12.640999   -4.180000   -3.382000   -2.291401   -1.832979   -1.534861   -1.253281
 4759.8428  -13.178001   -4.375401   -3.416599   -2.319099   -1.857580   -1.558620   -1.261850
 4887.0552  -13.744999   -5.144800   -3.480499   -2.356501   -1.881470   -1.580139   -1.278879
 5021.2529  -14.341999   -5.000000   -3.563499   -2.405300   -1.906300   -1.598890   -1.304689
 5163.0298  -14.973000   -5.000000   -3.627701   -2.464800   -1.933670   -1.616381   -1.338160
 5313.0449  -15.640999   -5.000000   -3.655201   -2.531000   -1.963810   -1.636160   -1.377199
 5472.0391  -16.348999   -5.000000   -3.677299   -2.594000   -1.996321   -1.660669   -1.419210
 5640.8428  -17.100998   -5.000000   -3.716801   -2.641300   -2.031099   -1.687780   -1.460850
 5820.3921  -17.900002   -5.713900   -3.771200   -2.668499   -2.067801   -1.713390   -1.498310
     20.00  475    7   4000.00   6000.00   8000.00  12000.00  16000.00  20000.00  25000.00
  751.2110   -2.143730   -2.188761   -2.284719   -2.333540   -2.405001   -2.414009   -2.467470
  754.3090   -2.098204   -2.136669   -2.228710   -2.251801   -2.351971   -2.350420   -2.431290
  757.4340   -2.054403   -2.085350   -2.174259   -2.171400   -2.292101   -2.295429   -2.387360
  760.5840   -2.010956   -2.029573   -2.118670   -2.108950   -2.233709   -2.248381   -2.335939
  763.7610   -1.967422   -1.970049   -2.063335   -2.070070   -2.183390   -2.205009   -2.279699
  766.9650   -1.921761   -1.913177   -2.012053   -2.046869   -2.136520   -2.161970   -2.221550
  770.1950   -1.870701   -1.865700   -1.967422   -2.023558   -2.087475   -2.118160   -2.164070
  773.4530   -1.812481   -1.830299   -1.928375   -1.987331   -2.039543   -2.072836   -2.108801
  776.7380   -1.750139   -1.805149   -1.891199   -1.938925   -1.998222   -2.025930   -2.056629
  780.0520   -1.691010   -1.785500   -1.852850   -1.888269   -1.961142   -1.979183   -2.007769
  783.3940   -1.642679   -1.765690   -1.812990   -1.843451   -1.921869   -1.935766   -1.962135
  786.7640   -1.607990   -1.740959   -1.772650   -1.806601   -1.879160   -1.897631   -1.919193
  790.1640   -1.583260   -1.708679   -1.731840   -1.774540   -1.837231   -1.863720   -1.878639
  793.5930   -1.560070   -1.668209   -1.689581   -1.742559   -1.798710   -1.830330   -1.840250
  797.0530   -1.530121   -1.620600   -1.645809   -1.709339   -1.762911   -1.794121   -1.803930
  800.5420   -1.489950   -1.567770   -1.601440   -1.675289   -1.728180   -1.753870   -1.769171
  804.0620   -1.442011   -1.511749   -1.555780   -1.639160   -1.692530   -1.710661   -1.735229
  807.6140   -1.391769   -1.454781   -1.507420   -1.599859   -1.652340   -1.666269   -1.701080
  811.1960   -1.343990   -1.399879   -1.458679   -1.557850   -1.605080   -1.621889   -1.665791
  814.8110   -1.300230   -1.350071   -1.413420   -1.512199   -1.553200   -1.577560   -1.628429
  818.4580   -1.257971   -1.306431   -1.369600   -1.461380   -1.502781   -1.532810   -1.588449
  822.1380   -1.211990   -1.266270   -1.321890   -1.406549   -1.457239   -1.487280   -1.545610
  825.8510   -1.158310   -1.224190   -1.270880   -1.350550   -1.414341   -1.440929   -1.500240
  829.5980   -1.097610   -1.175930   -1.221640   -1.295040   -1.368999   -1.394011   -1.452829
  833.3790   -1.034760   -1.121901   -1.175671   -1.240530   -1.318621   -1.346889   -1.404129
  837.1940   -0.975100   -1.065830   -1.130220   -1.187719   -1.264900   -1.299919   -1.354910
  841.0450   -0.921200   -1.011030   -1.083229   -1.138020   -1.211439   -1.253469   -1.305889
  844.9310   -0.872499   -0.958700   -1.035480   -1.092951   -1.160660   -1.207899   -1.257540
  848.8530   -0.827200   -0.909500   -0.988600   -1.052790   -1.113050   -1.163521   -1.210220
  852.8120   -0.784300   -0.864100   -0.943100   -1.016090   -1.068199   -1.120550   -1.164150
  856.8080   -0.744101   -0.823200   -0.899000   -0.980900   -1.025900   -1.079081   -1.119520
  860.8420   -0.707701   -0.786900   -0.856400   -0.945999   -0.986099   -1.039101   -1.076429
  864.9140   -0.674999   -0.755199   -0.815701   -0.910601   -0.948799   -1.000509   -1.034990
  869.0240   -0.644699   -0.726601   -0.778200   -0.874300   -0.913500   -0.963301   -0.995300
  873.1740   -0.614700   -0.698700   -0.744499   -0.836901   -0.879900   -0.927200   -0.957500
  877.3630   -0.582800   -0.668800   -0.715000   -0.799801   -0.847401   -0.892200   -0.921700
  881.5930   -0.547701   -0.635500   -0.688801   -0.764000   -0.816000   -0.858500   -0.888100
  885.8640   -0.509899   -0.599800   -0.664101   -0.730200   -0.785500   -0.826300   -0.856800
  890.1770   -0.471701   -0.563900   -0.638700   -0.698500   -0.756100   -0.795799   -0.827600
  894.5320   -0.436199   -0.530201   -0.611099   -0.668800   -0.728399   -0.767000   -0.800501
  898.9290   -0.406000   -0.500099   -0.580700   -0.641001   -0.702600   -0.739799   -0.775200
  903.3700   -0.381500   -0.473900   -0.547600   -0.614201   -0.678801   -0.714001   -0.751200
  907.8550   -0.360201   -0.450300   -0.513599   -0.587799   -0.656700   -0.689100   -0.728100
  912.3850   -0.337799   -0.426701   -0.480700   -0.561300   -0.635201   -0.664499   -0.705500
  916.9600   -0.311701   -0.400700   -0.450899   -0.535400   -0.613199   -0.639799   -0.683001
  921.5820   -0.283501   -0.371500   -0.424500   -0.510799   -0.589100   -0.614401   -0.660500
  926.2500   -0.257200   -0.341301   -0.401300   -0.488199   -0.562099   -0.588501   -0.637699
  930.9660   -0.235500   -0.313700   -0.380100   -0.467100   -0.531900   -0.562401   -0.614599
  935.7300   -0.218800   -0.291401   -0.359600   -0.446199   -0.499701   -0.536499   -0.591301
  940.5430   -0.205200   -0.274900   -0.338400   -0.424400   -0.466999   -0.511400   -0.567600
  945.4050   -0.191799   -0.261801   -0.316299   -0.400801   -0.435801   -0.487900   -0.543499
  950.3190   -0.176201   -0.248699   -0.294500   -0.375900   -0.408199   -0.465900   -0.518700
  955.2830   -0.158400   -0.233200   -0.274200   -0.350901   -0.385099   -0.445400   -0.493299
  960.3000   -0.140499   -0.215300   -0.256500   -0.327101   -0.366899   -0.425699   -0.467100
  965.3700   -0.124599   -0.196899   -0.241199   -0.305799   -0.352600   -0.405899   -0.440300
  970.4940   -0.110901   -0.179701   -0.226900   -0.287500   -0.340599   -0.385300   -0.413401
  975.6720   -0.097401   -0.164499   -0.212000   -0.271700   -0.329000   -0.363400   -0.387100
  986.1960   -0.065300   -0.136700   -0.179800   -0.243799   -0.299700   -0.316799   -0.339300
  996.9500   -0.026501   -0.103500   -0.148201   -0.214001   -0.257401   -0.272100   -0.301201
 1008.1140    0.012899   -0.063999   -0.118900   -0.180901   -0.207800   -0.233200   -0.271200
 1020.9540    0.062799   -0.025400   -0.079100   -0.138599   -0.165001   -0.205601   -0.242901
 1031.3010    0.112600    0.023001   -0.041800   -0.109800   -0.148399   -0.185400   -0.213200
 1043.0670    0.148100    0.062401    0.007900   -0.075500   -0.124300   -0.153200   -0.171200
 1055.1990    0.197901    0.110100    0.050699   -0.031000   -0.080000   -0.109900   -0.125200
 1067.5190    0.237700    0.159901    0.092100    0.014299   -0.032700   -0.064100   -0.083700
 1079.0350    0.268400    0.197500    0.141701    0.055700    0.005100   -0.024799   -0.048000
 1090.0920    0.311600    0.233000    0.187401    0.105600    0.044899    0.014099   -0.018101
 1100.9620    0.344700    0.270300    0.214300    0.148399    0.094500    0.060900    0.029100
 1109.8370    0.373699    0.298100    0.243099    0.178699    0.138500    0.106100    0.078600
 1116.0820    0.395401    0.316200    0.270201    0.204599    0.171900    0.146801    0.128099
 1120.8920    0.412201    0.331100    0.292801    0.231199    0.202801    0.185400    0.177299
 1124.7700    0.424999    0.345200    0.310400    0.257900    0.233999    0.222799    0.226101
 1128.1310    0.436701    0.359900    0.327700    0.285099    0.267300    0.261600    0.275400
 1131.0750    0.446800    0.375200    0.341900    0.312901    0.302200    0.302099    0.323900
 1133.8149    0.458099    0.392799    0.358000    0.343300    0.340599    0.346001    0.373600
 1136.3470    0.468700    0.411699    0.377199    0.375999    0.381300    0.391899    0.423201
 1138.6689    0.480801    0.431000    0.399900    0.410500    0.423201    0.439100    0.472000
 1140.8890    0.494699    0.452301    0.427099    0.447399    0.468100    0.487700    0.520901
 1142.8950    0.509399    0.473101    0.456200    0.484800    0.512001    0.535099    0.568199
 1144.9070    0.526800    0.497601    0.490601    0.526501    0.559700    0.584999    0.616800
 1146.7020    0.545200    0.524099    0.527100    0.566999    0.604500    0.632000    0.664101
 1148.5031    0.569700    0.556299    0.567600    0.611700    0.652000    0.680700    0.713501
 1150.1960    0.593500    0.591200    0.608999    0.656401    0.698400    0.728600    0.757401
 1151.8940    0.621700    0.630800    0.656099    0.704800    0.747200    0.778400    0.803801
 1153.4840    0.653801    0.672899    0.702301    0.752100    0.794399    0.826599    0.852501
 1154.9630    0.688299    0.715401    0.748800    0.798700    0.840300    0.873600    0.899300
 1156.4470    0.726900    0.760799    0.797699    0.847000    0.888401    0.922400    0.947300
 1157.8199    0.765900    0.806700    0.844900    0.894001    0.934999    0.969601    0.994600
 1159.1960    0.809401    0.854900    0.894300    0.943100    0.984200    1.019400    1.044500
 1160.4611    0.853600    0.902500    0.941401    0.990400    1.031799    1.067101    1.091999
 1161.6130    0.896200    0.947599    0.985800    1.035999    1.077400    1.112301    1.137001
 1162.7670    0.942501    0.995701    1.033100    1.084000    1.125401    1.159800    1.184401
 1163.8070    0.986599    1.040501    1.077000    1.129700    1.170900    1.204500    1.228800
 1164.8500    1.033100    1.087799    1.124201    1.178101    1.218399    1.250799    1.274601
 1165.7780    1.076700    1.131701    1.168499    1.223301    1.262400    1.293301    1.316601
 1166.7080    1.122601    1.178600    1.214901    1.270500    1.308100    1.337299    1.359800
 1167.6390    1.171000    1.228001    1.264900    1.320000    1.355301    1.382700    1.404200
 1168.4550    1.216400    1.273600    1.310801    1.364901    1.397800    1.423401    1.444000
 1169.2729    1.264200    1.322300    1.358601    1.411100    1.441299    1.464901    1.484501
 1169.9740    1.308399    1.365999    1.401699    1.451700    1.479401    1.500999    1.519600
 1170.6760    1.355101    1.411499    1.446400    1.493099    1.518000    1.537800    1.555099
 1171.3790    1.404499    1.459301    1.492199    1.535299    1.557199    1.575001    1.591000
 1171.9659    1.448101    1.500500    1.531099    1.570801    1.590300    1.606400    1.621099
 1172.5530    1.493401    1.542700    1.570900    1.606600    1.623501    1.638000    1.651400
 1173.1410    1.540300    1.585701    1.611401    1.642601    1.657000    1.669800    1.681801
 1173.7290    1.588800    1.629700    1.652300    1.678699    1.690599    1.701599    1.712299
 1174.3180    1.638500    1.674200    1.693300    1.715000    1.724300    1.733500    1.742701
 1174.7889    1.678600    1.709999    1.726101    1.743999    1.751301    1.759001    1.767000
 1175.2610    1.719200    1.745800    1.759001    1.772900    1.778200    1.784500    1.791201
 1175.7340    1.759899    1.781601    1.791901    1.801800    1.805201    1.809999    1.815300
 1176.2061    1.800600    1.817301    1.824600    1.830400    1.832001    1.835501    1.839300
 1176.6790    1.841000    1.852800    1.857100    1.858900    1.858799    1.860800    1.863300
 1177.2710    1.890699    1.896601    1.897100    1.894300    1.892000    1.892200    1.893000
 1177.8640    1.939600    1.939400    1.936501    1.929300    1.924900    1.923401    1.922400
 1178.4570    1.987101    1.981501    1.975300    1.963900    1.957399    1.954100    1.951401
 1179.0500    2.032900    2.022400    2.013300    1.997999    1.989500    1.984501    1.980101
 1179.6440    2.077000    2.062099    2.050200    2.031401    2.021200    2.014400    2.008300
 1180.2390    2.118999    2.100201    2.086000    2.064100    2.052299    2.043900    2.035999
 1180.9540    2.166300    2.144100    2.127501    2.102500    2.088800    2.078600    2.068700
 1181.6689    2.210199    2.185699    2.167300    2.139800    2.124300    2.112400    2.100500
 1182.5050    2.256900    2.231000    2.211400    2.181700    2.164400    2.150600    2.136800
 1183.4620    2.303900    2.278400    2.258101    2.227200    2.208300    2.192500    2.176600
 1184.5400    2.348900    2.326099    2.306400    2.275300    2.255000    2.237300    2.219500
 1185.7400    2.389200    2.371901    2.354200    2.324600    2.303300    2.284300    2.264700
 1187.0630    2.423400    2.414000    2.399600    2.373301    2.352000    2.332000    2.311300
 1188.5100    2.451700    2.450500    2.441200    2.420000    2.399700    2.379499    2.358700
 1190.0811    2.477200    2.481600    2.477700    2.463301    2.445200    2.426200    2.406099
 1191.7780    2.505600    2.509501    2.510099    2.502501    2.488200    2.471500    2.453500
 1193.6010    2.541600    2.539500    2.541700    2.539101    2.529301    2.515900    2.501600
 1195.4301    2.579500    2.575100    2.575200    2.573800    2.568100    2.559200    2.548700
 1197.2640    2.609600    2.616301    2.614700    2.611900    2.609100    2.604000    2.598000
 1198.8590    2.626699    2.652100    2.653200    2.650300    2.649200    2.647500    2.645300
 1200.3340    2.642200    2.682500    2.691200    2.692300    2.692400    2.693800    2.694500
 1201.5670    2.664900    2.706500    2.723700    2.731900    2.734500    2.738100    2.741199
 1202.6780    2.700399    2.730000    2.754900    2.771999    2.777500    2.783600    2.789101
 1203.6680    2.745000    2.756001    2.784901    2.811600    2.820700    2.829700    2.837100
 1204.5350    2.793700    2.786600    2.815100    2.849501    2.863100    2.875000    2.883801
 1205.2791    2.840401    2.820000    2.846200    2.885201    2.903601    2.917800    2.928200
 1205.9000    2.882200    2.854300    2.876400    2.918100    2.940400    2.956800    2.968800
 1206.5220    2.926400    2.895700    2.911400    2.954599    2.980700    2.999500    3.013500
 1207.1440    2.972700    2.944300    2.952700    2.995200    3.024900    3.046600    3.062799
 1207.6420    3.011400    2.988100    2.991400    3.031200    3.064000    3.088100    3.106100
 1208.1410    3.052600    3.036500    3.035700    3.071301    3.107100    3.133600    3.153400
 1208.5150    3.085500    3.076400    3.072701    3.104401    3.142500    3.170600    3.191800
 1208.8900    3.120501    3.119400    3.113200    3.140900    3.180799    3.210500    3.233000
 1209.2650    3.157801    3.165700    3.157300    3.181300    3.222600    3.253500    3.277500
 1209.6400    3.198200    3.215300    3.205600    3.226100    3.268300    3.300200    3.325800
 1209.8900    3.227301    3.250401    3.240400    3.258801    3.301100    3.333700    3.360400
 1210.1400    3.258500    3.287100    3.277500    3.293900    3.336100    3.369300    3.397100
 1210.3900    3.292100    3.325700    3.317200    3.331699    3.373500    3.407300    3.436200
 1210.6410    3.328199    3.366500    3.359600    3.372400    3.413700    3.447900    3.478001
 1210.8910    3.367300    3.409800    3.405001    3.416201    3.457000    3.491600    3.522600
 1211.1420    3.409500    3.456100    3.453600    3.463699    3.503700    3.538600    3.570499
 1211.2670    3.432000    3.480400    3.479200    3.488900    3.528601    3.563499    3.595699
 1211.3929    3.455500    3.505700    3.505700    3.515200    3.554399    3.589300    3.621901
 1211.5179    3.480101    3.531799    3.533100    3.542700    3.581400    3.616199    3.649099
 1211.6429    3.505899    3.558900    3.561600    3.571301    3.609600    3.644300    3.677200
 1211.7690    3.532900    3.587100    3.591200    3.601299    3.639000    3.673400    3.706500
 1211.8940    3.561399    3.616400    3.621901    3.632700    3.669800    3.703800    3.736900
 1212.0200    3.591300    3.646999    3.653999    3.665501    3.701900    3.735500    3.768400
 1212.1450    3.622800    3.678801    3.687400    3.699900    3.735500    3.768600    3.801300
 1212.2710    3.656000    3.712100    3.722401    3.736000    3.770700    3.803101    3.835400
 1212.3970    3.691000    3.746901    3.759100    3.773800    3.807500    3.839100    3.871000
 1212.5220    3.728001    3.783501    3.797600    3.813601    3.846100    3.876699    3.908000
 1212.6479    3.767000    3.822001    3.837999    3.855300    3.886499    3.916000    3.946600
 1212.7729    3.808400    3.862700    3.880600    3.899099    3.928801    3.957100    3.987000
 1212.8990    3.852200    3.905701    3.925600    3.945200    3.973200    4.000100    4.029100
 1213.0250    3.898800    3.951300    3.973000    3.993600    4.019800    4.045200    4.073200
 1213.1510    3.948400    3.999701    4.023200    4.044500    4.068800    4.092600    4.119500
 1213.2760    4.001300    4.051400    4.076300    4.098200    4.120300    4.142400    4.168100
 1213.4020    4.057899    4.106501    4.132700    4.154800    4.174601    4.194799    4.219299
 1213.5280    4.118700    4.165400    4.192500    4.214500    4.231900    4.250200    4.273300
 1213.6541    4.183900    4.228600    4.256100    4.277700    4.292601    4.308900    4.330600
 1213.7800    4.254200    4.296300    4.323800    4.344700    4.357000    4.371201    4.391399
 1213.9060    4.330000    4.369101    4.396200    4.416100    4.425600    4.437700    4.456300
 1214.0320    4.412001    4.447500    4.473700    4.492300    4.499100    4.508900    4.525900
 1214.1580    4.500900    4.532400    4.557100    4.574200    4.578300    4.585700    4.601000
 1214.2830    4.597700    4.624500    4.647400    4.662800    4.664000    4.669100    4.682500
 1214.4091    4.703400    4.725201    4.745800    4.759300    4.757800    4.760300    4.771900
 1214.5360    4.819799    4.836000    4.854100    4.865499    4.861200    4.861200    4.870600
 1214.6620    4.949100    4.959300    4.974300    4.983601    4.976601    4.973900    4.981000
 1214.7880    5.093700    5.097600    5.109200    5.116199    5.106800    5.101299    5.105700
 1214.9139    5.255500    5.253099    5.260799    5.265600    5.254200    5.245900    5.247200
 1215.0400    5.431900    5.424000    5.427500    5.430000    5.417800    5.407300    5.405001
 1215.1660    5.611401    5.599899    5.599501    5.599899    5.588500    5.577000    5.571100
 1215.2920    5.773399    5.761100    5.757500    5.756100    5.747300    5.736800    5.728300
 1215.4180    5.895400    5.884700    5.879300    5.876300    5.871300    5.863501    5.854100
 1215.5450    5.959900    5.952700    5.946800    5.942801    5.941800    5.937799    5.929300
 1215.6710    5.958900    5.956100    5.950700    5.946199    5.948600    5.948800    5.942699
 1215.7970    5.893499    5.894899    5.891000    5.886200    5.891100    5.895000    5.892400
 1215.9240    5.774300    5.779100    5.776899    5.772400    5.777901    5.784500    5.785900
 1216.0500    5.620100    5.626699    5.626300    5.622400    5.627000    5.634600    5.639700
 1216.1760    5.453600    5.460400    5.461500    5.458300    5.460899    5.468000    5.475599
 1216.3030    5.293301    5.299500    5.301500    5.299300    5.299500    5.305099    5.314100
 1216.4290    5.148100    5.153601    5.156200    5.155100    5.153500    5.157400    5.166800
 1216.5560    5.018900    5.024099    5.027201    5.027300    5.024700    5.027100    5.036500
 1216.6820    4.903200    4.908600    4.912399    4.913900    4.910900    4.912200    4.921600
 1216.8090    4.798500    4.804501    4.809100    4.812201    4.809200    4.809900    4.819099
 1216.9351    4.702700    4.709400    4.715000    4.719900    4.717400    4.717600    4.726800
 1217.0620    4.614201    4.621799    4.628400    4.635099    4.633400    4.633400    4.642700
 1217.1880    4.531799    4.540300    4.548000    4.556700    4.555901    4.556000    4.565500
 1217.3149    4.454599    4.463900    4.472900    4.483500    4.483900    4.484100    4.493900
 1217.4420    4.382000    4.392000    4.402100    4.414801    4.416500    4.417100    4.427100
 1217.5680    4.313499    4.323999    4.335199    4.350000    4.353100    4.354100    4.364400
 1217.6949    4.248500    4.259501    4.271800    4.288500    4.293100    4.294600    4.305400
 1217.8220    4.186800    4.198100    4.211300    4.230000    4.236100    4.238200    4.249400
 1217.9480    4.128000    4.139600    4.153601    4.174100    4.181800    4.184500    4.196301
 1218.0750    4.072001    4.083700    4.098400    4.120700    4.129900    4.133300    4.145599
 1218.2020    4.018300    4.030200    4.045600    4.069400    4.080100    4.084300    4.097099
 1218.3290    3.966900    3.979000    3.994900    4.020200    4.032300    4.037300    4.050600
 1218.4561    3.917400    3.929900    3.946100    3.972799    3.986401    3.992100    4.005899
 1218.5820    3.869900    3.882700    3.899300    3.927200    3.942101    3.948600    3.962900
 1218.7090    3.823999    3.837400    3.854200    3.883200    3.899401    3.906600    3.921400
 1218.8361    3.779699    3.793700    3.810801    3.840700    3.858100    3.866000    3.881300
 1218.9630    3.736900    3.751600    3.769000    3.799700    3.818200    3.826799    3.842501
 1219.0900    3.695400    3.710899    3.728600    3.760099    3.779500    3.788799    3.804900
 1219.2170    3.655200    3.671600    3.689600    3.721800    3.742100    3.752100    3.768499
 1219.3440    3.616199    3.633500    3.651899    3.684800    3.705900    3.716400    3.733100
 1219.4709    3.578400    3.596600    3.615300    3.649000    3.670800    3.681800    3.698800
 1219.5980    3.541800    3.560801    3.579900    3.614300    3.636700    3.648300    3.665501
 1219.7250    3.506200    3.526100    3.545600    3.580700    3.603600    3.615700    3.633101
 1219.8530    3.471600    3.492300    3.512199    3.548100    3.571500    3.584100    3.601601
 1219.9800    3.438000    3.459400    3.479800    3.516500    3.540300    3.553300    3.570900
 1220.1071    3.405399    3.427500    3.448299    3.485800    3.510000    3.523399    3.541000
 1220.2340    3.373700    3.396299    3.417500    3.455999    3.480500    3.494300    3.512000
 1220.3610    3.342800    3.366100    3.387600    3.427000    3.451799    3.466101    3.483601
 1220.4890    3.312799    3.336599    3.358500    3.398800    3.423800    3.438499    3.456100
 1220.6160    3.283600    3.307899    3.330000    3.371300    3.396600    3.411699    3.429200
 1220.7430    3.255199    3.280001    3.302401    3.344500    3.370100    3.385600    3.403000
 1220.8710    3.227500    3.252800    3.275400    3.318501    3.344200    3.360100    3.377399
 1220.9980    3.200500    3.226299    3.249100    3.293000    3.318900    3.335300    3.352500
 1221.1250    3.174300    3.200500    3.223400    3.268200    3.294200    3.311000    3.328199
 1221.2531    3.148800    3.175400    3.198400    3.243999    3.270100    3.287399    3.304399
 1221.5081    3.099800    3.126900    3.150400    3.197200    3.223400    3.241700    3.258600
 1221.7629    3.053500    3.080800    3.104900    3.152500    3.178600    3.198000    3.214900
 1222.0179    3.009700    3.036699    3.061800    3.109900    3.135700    3.156099    3.173201
 1222.2729    2.968201    2.994600    3.020900    3.069201    3.094400    3.115900    3.133300
 1222.5291    2.928699    2.954300    2.982100    3.030300    3.054800    3.077200    3.094999
 1222.7841    2.891100    2.915900    2.945200    2.993100    3.016700    3.040000    3.058300
 1223.0400    2.855300    2.879200    2.909901    2.957600    2.980000    3.004000    3.023000
 1223.2950    2.821199    2.844400    2.876300    2.923600    2.944901    2.969299    2.989000
 1223.5510    2.788799    2.811300    2.844200    2.891000    2.911200    2.935900    2.956300
 1223.9351    2.743299    2.764600    2.798700    2.844400    2.863200    2.887800    2.909500
 1224.3190    2.701300    2.721399    2.756200    2.800400    2.818100    2.842300    2.865200
 1224.7040    2.662200    2.681200    2.716600    2.758500    2.775801    2.799200    2.823200
 1225.0880    2.625600    2.643800    2.679600    2.718599    2.736000    2.758300    2.783400
 1225.4730    2.591300    2.609000    2.644800    2.680600    2.698299    2.719700    2.745800
 1225.9871    2.548800    2.566600    2.601299    2.632900    2.651100    2.671300    2.698600
 1226.5010    2.509501    2.528400    2.560500    2.588600    2.606900    2.626101    2.654600
 1227.0150    2.472600    2.493500    2.522200    2.547400    2.565701    2.583799    2.613400
 1227.6591    2.429300    2.453500    2.478001    2.499900    2.517900    2.534700    2.565300
 1228.3030    2.390200    2.416800    2.438100    2.456100    2.474300    2.489500    2.520300
 1228.9480    2.355400    2.383300    2.401899    2.415600    2.434100    2.448100    2.478001
 1229.7230    2.319400    2.346900    2.362500    2.371400    2.389600    2.403299    2.430600
 1230.4980    2.290100    2.314400    2.326799    2.332000    2.348101    2.363100    2.386700
 1231.4050    2.262100    2.281500    2.289600    2.291000    2.303101    2.321000    2.340000
 1232.4420    2.234700    2.250000    2.251300    2.248800    2.257100    2.277500    2.292200
 1233.6110    2.207700    2.219299    2.210899    2.206300    2.212999    2.233100    2.244300
 1234.9130    2.181900    2.187500    2.170700    2.165700    2.172000    2.189500    2.197300
 1236.4790    2.157400    2.149600    2.130000    2.125299    2.132500    2.144000    2.149700
 1238.4420    2.127700    2.106300    2.093400    2.088500    2.096600    2.095600    2.101601
 1240.8051    2.087400    2.067699    2.063800    2.059900    2.061600    2.050900    2.053200
 1243.5740    2.050700    2.036100    2.037100    2.033899    2.025101    2.011000    2.003400
 1246.4880    2.019800    2.016100    2.017000    2.003500    1.988100    1.973700    1.954300
 1249.6820    2.010000    2.006100    1.997801    1.968399    1.949900    1.929199    1.904499
 1253.0280    2.005899    1.983799    1.964199    1.929800    1.905701    1.879299    1.855900
 1255.9860    1.998301    1.955700    1.926399    1.887199    1.857800    1.835400    1.813499
 1258.6880    1.971701    1.918699    1.885601    1.841000    1.808800    1.795200    1.771400
 1261.2650    1.931400    1.870701    1.835899    1.795601    1.762300    1.754900    1.728199
 1263.5800    1.883400    1.823700    1.785999    1.755600    1.722000    1.715000    1.687000
 1265.3560    1.835800    1.785500    1.748899    1.723400    1.691700    1.682100    1.655500
 1267.0000    1.787300    1.746401    1.715500    1.691099    1.662899    1.650700    1.627300
 1268.6490    1.738400    1.703701    1.681099    1.655899    1.632601    1.619101    1.600399
 1270.1630    1.692301    1.663900    1.646900    1.622400    1.604099    1.591000    1.577101
 1271.6810    1.644400    1.625500    1.610800    1.589100    1.575399    1.564301    1.555401
 1273.2030    1.597599    1.588501    1.574400    1.557600    1.547699    1.539000    1.534800
 1275.0060    1.549801    1.544001    1.534401    1.523500    1.517900    1.510500    1.510700
 1276.8149    1.508699    1.497400    1.497499    1.491600    1.491199    1.482800    1.486599
 1278.7679    1.463501    1.449699    1.459101    1.457800    1.465099    1.452700    1.460300
 1280.8680    1.416000    1.409500    1.416901    1.420799    1.437599    1.419800    1.431200
 1283.5370    1.370899    1.373600    1.368401    1.376600    1.399500    1.379299    1.395201
 1286.6410    1.321800    1.335600    1.333401    1.337799    1.352301    1.339500    1.358601
 1290.3300    1.276199    1.301600    1.305500    1.308201    1.303801    1.307199    1.323601
 1295.9020    1.240700    1.251801    1.255501    1.262100    1.255600    1.272600    1.276899
 1300.8000    1.220900    1.205101    1.231600    1.230101    1.216301    1.237000    1.227100
 1305.2970    1.171101    1.174500    1.187300    1.209801    1.187300    1.208300    1.183599
 1310.8530    1.142300    1.152401    1.147499    1.160299    1.178101    1.185301    1.152300
 1318.3840    1.134001    1.138201    1.115999    1.114799    1.152700    1.135900    1.125299
 1324.5020    1.111599    1.109900    1.126600    1.099400    1.119301    1.086599    1.095501
 1330.6770    1.061800    1.061399    1.097900    1.088100    1.100000    1.069901    1.084301
 1338.1320    1.066099    1.059500    1.069099    1.093201    1.050800    1.063101    1.097099
 1345.3621    1.070499    1.062799    1.019400    1.060801    1.015100    1.049099    1.084801
 1355.6479    1.020700    1.027599    1.025700    1.023899    1.022600    1.060801    1.037100
 1362.9110    0.995100    0.997700    1.039101    0.973900    1.022900    1.045200    1.017401
 1373.1450    1.030399    1.000099    1.019501    0.997299    1.043600    1.001101    0.967701
 1384.8450    0.983799    1.025900    0.972799    1.009399    0.993999    0.966000    0.939100
 1393.7510    0.973600    0.996700    0.937599    1.025499    0.967501    0.916500    0.966301
 1401.0930    1.014500    0.955299    0.987301    0.997499    0.944201    0.923700    0.976200
 1410.2100    1.027000    0.949800    1.015800    0.950100    0.904499    0.973700    0.984900
 1419.4460    0.996500    0.999399    1.022100    0.928400    0.944201    0.990900    1.019100
 1427.9330    0.958599    1.032801    0.980801    0.907700    0.993999    1.002501    1.040199
 1436.1689    0.990101    1.031601    0.934799    0.957399    1.006100    1.032600    1.021000
 1442.8970    1.039400    1.000200    0.931000    1.003799    1.019300    1.043301    0.984400
 1448.7920    1.078501    0.950399    0.926500    1.018200    1.039600    1.027800    0.954100
 1457.0900    1.056801    0.946501    0.974800    1.033100    1.046700    0.978701    0.931801
 1462.1870    1.041500    0.951900    1.024300    1.052900    1.026400    0.950500    0.925600
 1467.8730    0.993000    0.970800    1.056099    1.067900    0.988800    0.931999    0.914801
 1472.6750    0.965799    1.019100    1.064600    1.060499    0.958000    0.924400    0.898001
 1477.1360    0.980101    1.068300    1.072399    1.035099    0.938900    0.917400    0.876499
 1483.3149    1.016500    1.101601    1.091101    0.985100    0.927000    0.899601    0.846800
 1489.3560    1.064699    1.106899    1.095200    0.948000    0.917900    0.874201    0.836100
 1493.7280    1.113400    1.114700    1.074900    0.937599    0.905600    0.858700    0.848700
 1499.2770    1.159201    1.124201    1.025400    0.934700    0.885099    0.856199    0.889400
 1504.0950    1.170799    1.111000    0.982500    0.927601    0.873100    0.877001    0.938499
 1508.7490    1.171499    1.071701    0.960800    0.911600    0.878201    0.915699    0.988400
 1513.2360    1.172899    1.023001    0.957901    0.894400    0.903999    0.962999    1.032499
 1517.7490    1.164700    0.988400    0.957901    0.890499    0.947500    1.012400    1.069599
 1521.8940    1.135201    0.980400    0.950800    0.910900    0.995300    1.054399    1.096600
 1526.0620    1.087200    0.985001    0.939600    0.955999    1.044001    1.091000    1.118000
 1529.4520    1.049801    0.986799    0.937300    1.004101    1.080601    1.116199    1.132401
 1532.6570    1.029301    0.983601    0.949699    1.052200    1.111401    1.136801    1.144800
 1536.0770    1.026501    0.979900    0.983000    1.100500    1.139801    1.155899    1.157801
 1539.5120    1.034700    0.986799    1.032499    1.142099    1.164101    1.173401    1.172001
 1542.3530    1.042601    1.007900    1.079500    1.170300    1.181801    1.187300    1.185301
 1545.4080    1.050400    1.047501    1.129299    1.194599    1.199200    1.202499    1.201200
 1548.2700    1.060600    1.095800    1.171400    1.212799    1.214800    1.217501    1.217800
 1550.9380    1.077499    1.144300    1.205000    1.227200    1.229401    1.232300    1.234400
 1553.6140    1.105200    1.191000    1.233101    1.240400    1.244499    1.248100    1.252001
 1556.7140    1.150400    1.238501    1.259701    1.256100    1.263100    1.267500    1.272699
 1559.4110    1.197701    1.272800    1.279301    1.271299    1.280201    1.284901    1.290501
 1561.9091    1.243900    1.299099    1.296000    1.287201    1.296700    1.301201    1.306400
 1564.6230    1.292900    1.323101    1.314199    1.306700    1.315201    1.318701    1.322599
 1567.5570    1.341101    1.345900    1.334999    1.329800    1.335300    1.336700    1.338301
 1571.1350    1.390400    1.372900    1.363199    1.359301    1.358799    1.356600    1.354300
 1575.7889    1.439199    1.410801    1.403099    1.396400    1.385900    1.377600    1.368900
 1581.3250    1.484200    1.460199    1.449600    1.432301    1.409901    1.393299    1.376400
 1587.1150    1.532700    1.509100    1.488501    1.454599    1.422001    1.397100    1.372000
 1592.5150    1.582399    1.542900    1.509399    1.458700    1.419300    1.388000    1.356600
 1600.7920    1.632299    1.557100    1.505100    1.432800    1.387400    1.350201    1.313299
 1607.1680    1.618700    1.528400    1.468399    1.387800    1.340300    1.302500    1.265100
 1612.0380    1.572100    1.480801    1.419800    1.339600    1.292099    1.256001    1.220600
 1615.3760    1.523300    1.435101    1.376400    1.300100    1.253500    1.219601    1.186600
 1618.0560    1.475100    1.391001    1.335701    1.264700    1.219500    1.187901    1.157499
 1620.2960    1.429199    1.349400    1.298000    1.232500    1.189100    1.159800    1.132000
 1622.3180    1.383699    1.308500    1.261101    1.201700    1.160299    1.133400    1.108101
 1624.3440    1.334400    1.264299    1.221600    1.169001    1.130199    1.105999    1.083401
 1626.1500    1.287500    1.222799    1.184500    1.138401    1.102501    1.080700    1.060699
 1627.9600    1.237600    1.179100    1.145599    1.106501    1.073799    1.054699    1.037399
 1629.5470    1.191700    1.139500    1.110300    1.077400    1.048100    1.031300    1.016600
 1631.1360    1.143801    1.098600    1.073900    1.047400    1.021700    1.007401    0.995300
 1632.7290    1.093901    1.056700    1.036400    1.016300    0.994801    0.983101    0.973600
 1634.0970    1.049700    1.020100    1.003700    0.989000    0.971199    0.962000    0.954700
 1635.4680    1.004299    0.982800    0.970400    0.961100    0.947399    0.940500    0.935499
 1636.8400    0.957901    0.945101    0.936600    0.932600    0.923201    0.918800    0.916000
 1638.2150    0.910700    0.906900    0.902500    0.903500    0.898701    0.896700    0.896200
 1639.5920    0.862900    0.868401    0.868000    0.874100    0.873899    0.874300    0.876200
 1640.9709    0.814800    0.829599    0.833300    0.844101    0.848900    0.851799    0.855999
 1642.3530    0.766800    0.790600    0.798500    0.813801    0.823601    0.829000    0.835501
 1643.7371    0.719000    0.751400    0.763599    0.783300    0.798000    0.806099    0.814800
 1645.1240    0.671801    0.711901    0.728701    0.752501    0.772400    0.783001    0.793900
 1646.5120    0.625401    0.672400    0.693701    0.721701    0.746599    0.759800    0.772800
 1647.9030    0.580200    0.632801    0.658800    0.690800    0.720600    0.736401    0.751600
 1649.2970    0.535999    0.593201    0.624001    0.659901    0.694500    0.712900    0.730101
 1650.4600    0.511101    0.567699    0.601000    0.639099    0.675800    0.695700    0.714100
 1652.3240    0.454700    0.515301    0.554899    0.598499    0.640900    0.664299    0.685301
 1654.1920    0.400101    0.463301    0.509201    0.558500    0.605999    0.632801    0.656300
 1656.0649    0.347000    0.411800    0.463800    0.519100    0.571100    0.601200    0.627100
 1657.9420    0.295099    0.361300    0.418900    0.480600    0.536400    0.569700    0.597900
 1659.8230    0.243999    0.312000    0.374500    0.443001    0.501801    0.538300    0.568701
 1661.7090    0.193399    0.264200    0.330700    0.406401    0.467501    0.507000    0.539600
 1663.5980    0.143101    0.218000    0.287701    0.371000    0.433599    0.476000    0.510601
 1665.4919    0.093201    0.173700    0.245600    0.336599    0.400200    0.445301    0.481800
 1667.3910    0.043800    0.131401    0.204599    0.303299    0.367199    0.414900    0.453300
 1669.2939   -0.004801    0.091000    0.164801    0.271000    0.334999    0.385000    0.425200
 1671.2010   -0.052099    0.052401    0.126301    0.239700    0.303499    0.355700    0.397499
 1673.1121   -0.097900    0.015400    0.089199    0.209200    0.272800    0.326900    0.370399
 1675.0280   -0.141800   -0.020401    0.053699    0.179501    0.243099    0.298800    0.343901
 1676.9480   -0.183701   -0.055300    0.019800    0.150499    0.214500    0.271500    0.318001
 1678.8719   -0.223900   -0.089500   -0.012699    0.122101    0.187000    0.244900    0.292999
 1680.8010   -0.262600   -0.123301   -0.043600    0.094200    0.160601    0.219299    0.268700
 1682.7350   -0.300301   -0.157000   -0.073299    0.066799    0.135300    0.194599    0.245399
 1684.6730   -0.337500   -0.190701   -0.101700    0.039900    0.111099    0.170799    0.223000
 1686.6150   -0.374500   -0.224300   -0.129200    0.013599    0.087999    0.148001    0.201401
 1688.5620   -0.411800   -0.257799   -0.155800   -0.012300    0.065901    0.126101    0.180799
 1690.5129   -0.449499   -0.291100   -0.181801   -0.037600    0.044800    0.105301    0.161200
 1692.4690   -0.487400   -0.323999   -0.207199   -0.062201    0.024601    0.085400    0.142500
 1694.4301   -0.525299   -0.356100   -0.232300   -0.086100    0.005400    0.066500    0.124701
 1696.3950   -0.562799   -0.387300   -0.257000   -0.109301   -0.013100    0.048401    0.107800
 1698.3640   -0.599400   -0.417299   -0.281500   -0.131599   -0.030899    0.031099    0.091700
 1700.3380   -0.634600   -0.445999   -0.305599   -0.153000   -0.048000    0.014601    0.076200
 1702.3170   -0.667900   -0.473200   -0.329700   -0.173500   -0.064501   -0.001101    0.061501
 1704.3000   -0.699100   -0.498899   -0.353701   -0.193001   -0.080601   -0.016199    0.047501
 1706.2880   -0.728100   -0.523300   -0.377600   -0.211500   -0.096300   -0.030800    0.033899
 1708.2810   -0.754999   -0.546400   -0.400700   -0.229099   -0.111700   -0.044800    0.020901
 1712.2800   -0.803801   -0.589500   -0.441299   -0.261700   -0.141500   -0.071501   -0.004000
 1716.2970   -0.850599   -0.629700   -0.477501   -0.291300   -0.171499   -0.096901   -0.027599
 1718.3130   -0.876101   -0.648899   -0.495501   -0.305099   -0.186100   -0.109100   -0.039000
 1720.3340   -0.902800   -0.667801   -0.512800   -0.318399   -0.199800   -0.121099   -0.050400
 1724.3900   -0.946400   -0.704000   -0.544300   -0.343599   -0.224501   -0.144501   -0.072500
 1728.4650   -0.980101   -0.737700   -0.572300   -0.367399   -0.248699   -0.167000   -0.094000
 1732.5590   -1.017590   -0.768200   -0.597900   -0.389999   -0.272499   -0.188601   -0.115000
 1738.7371   -1.064341   -0.806999   -0.632999   -0.421900   -0.304701   -0.219101   -0.145300
 1747.0430   -1.113180   -0.848301   -0.674400   -0.459700   -0.341600   -0.255600   -0.182501
 1757.5380   -1.156790   -0.893600   -0.716301   -0.498400   -0.378599   -0.293800   -0.222500
 1768.1600   -1.182261   -0.936199   -0.747499   -0.529100   -0.407400   -0.324100   -0.254000
 1785.4240   -1.218750   -0.959600   -0.777000   -0.555401   -0.429300   -0.345900   -0.273500
 1803.0291   -1.269650   -1.004990   -0.820801   -0.594101   -0.464300   -0.380800   -0.307400
 1820.9850   -1.311420   -1.043240   -0.856600   -0.625700   -0.492599   -0.408600   -0.334000
 1839.3010   -1.347210   -1.079260   -0.887899   -0.653700   -0.517200   -0.432600   -0.357000
 1857.9900   -1.380249   -1.114700   -0.917200   -0.680599   -0.539801   -0.454300   -0.378401
 1877.0630   -1.413660   -1.149651   -0.945801   -0.706900   -0.561001   -0.474600   -0.398899
 1896.5310   -1.448429   -1.183710   -0.973999   -0.731701   -0.581400   -0.493299   -0.418699
 1916.4070   -1.482410   -1.216579   -1.002310   -0.754200   -0.601601   -0.510599   -0.437500
 1936.7050   -1.511959   -1.248541   -1.031780   -0.775101   -0.622101   -0.527300   -0.454800
 1957.4370   -1.535839   -1.280050   -1.062490   -0.795799   -0.642799   -0.544500   -0.470699
 1978.6169   -1.556101   -1.310940   -1.092911   -0.817600   -0.663601   -0.562799   -0.485100
 2000.2610   -1.574860   -1.340731   -1.121571   -0.840300   -0.684000   -0.582100   -0.498699
 2022.3840   -1.592541   -1.368980   -1.148540   -0.863300   -0.704201   -0.601400   -0.512100
 2045.0010   -1.609520   -1.395041   -1.174810   -0.886200   -0.724600   -0.619600   -0.525900
 2068.1311   -1.626699   -1.418640   -1.201050   -0.909599   -0.745501   -0.636200   -0.540300
 2091.7891   -1.643650   -1.441320   -1.227690   -0.933800   -0.766500   -0.651800   -0.555401
 2115.9951   -1.658779   -1.465151   -1.255360   -0.958401   -0.786600   -0.667099   -0.570900
 2140.7671   -1.672050   -1.490150   -1.283939   -0.982000   -0.805099   -0.682800   -0.586000
 2166.1270   -1.684660   -1.514380   -1.311319   -1.003260   -0.821600   -0.698799   -0.599899
 2218.6919   -1.697781   -1.551941   -1.352341   -1.040030   -0.851999   -0.729599   -0.623199
 2273.8721   -1.674829   -1.571461   -1.384911   -1.079910   -0.887800   -0.759600   -0.644300
 2302.5039   -1.668051   -1.587271   -1.408760   -1.104380   -0.909201   -0.776899   -0.656799
 2331.8669   -1.684340   -1.619169   -1.442730   -1.132500   -0.932400   -0.796900   -0.671700
 2361.9880   -1.736151   -1.673639   -1.489441   -1.164370   -0.956501   -0.818899   -0.688700
 2392.8970   -1.831591   -1.752840   -1.548780   -1.199600   -0.981199   -0.841499   -0.707300
 2424.6260   -1.974939   -1.854031   -1.616800   -1.237129   -1.006241   -0.862801   -0.726500
 2457.2080   -2.166559   -1.969563   -1.686979   -1.275419   -1.031580   -0.881500   -0.745501
 2490.6770   -2.401791   -2.089321   -1.752621   -1.312630   -1.056931   -0.897800   -0.764099
 2525.0710   -2.668011   -2.204260   -1.809080   -1.346790   -1.081779   -0.913099   -0.782600
 2560.4280   -2.941120   -2.309870   -1.857170   -1.376499   -1.105640   -0.929501   -0.801300
 2596.7891   -3.184601   -2.404640   -1.902569   -1.402130   -1.128340   -0.948400   -0.820601
 2634.1980   -3.455101   -2.487209   -1.949196   -1.426029   -1.150141   -0.970100   -0.840099
 2672.7000   -3.736601   -2.556210   -1.995678   -1.451130   -1.171591   -0.993401   -0.858999
 2712.3440   -4.026400   -2.613640   -2.039276   -1.479179   -1.193300   -1.016701   -0.876101
 2753.1831   -4.325001   -2.664280   -2.079382   -1.509630   -1.215639   -1.038219   -0.890699
 2795.2700   -4.632700   -2.712290   -2.117661   -1.540319   -1.238689   -1.057270   -0.902500
 2838.6631   -4.949900   -2.757481   -2.156441   -1.568930   -1.262119   -1.074249   -0.912800
 2883.4250   -5.277201   -2.798410   -2.196951   -1.594810   -1.285410   -1.090500   -0.923201
 2929.6221   -5.614901   -2.834040   -2.237490   -1.619209   -1.308121   -1.107479   -0.935699
 2977.3230   -5.963600   -2.866560   -2.274950   -1.644699   -1.330111   -1.126160   -0.951799
 3026.6021   -6.323900   -2.902010   -2.307899   -1.674280   -1.351509   -1.146561   -0.971901
 3077.5410   -6.696301   -2.948380   -2.338739   -1.708340   -1.372820   -1.167801   -0.995100
 3130.2241   -7.081501   -3.007500   -2.371870   -1.741341   -1.394609   -1.188610   -1.019279
 3184.7410   -7.480101   -3.076700   -2.409821   -1.766420   -1.417299   -1.207970   -1.041571
 3241.1919   -7.892799   -3.148500   -2.449930   -1.784679   -1.440960   -1.225611   -1.059410
 3299.6799   -8.320400   -3.209400   -2.487761   -1.804100   -1.465300   -1.242060   -1.071461
 3360.3169   -8.763700   -3.244699   -2.522129   -1.830830   -1.489790   -1.258329   -1.078230
 3423.2251   -9.223600   -3.261801   -2.558100   -1.866240   -1.513821   -1.275471   -1.082050
 3488.5330   -9.701000   -3.282801   -2.603359   -1.907524   -1.536720   -1.294050   -1.086100
 3556.3811  -10.197100   -3.326300   -2.663280   -1.948887   -1.557980   -1.313869   -1.093410
 3626.9209  -10.712799   -3.397699   -2.735371   -1.983803   -1.577440   -1.333870   -1.106020
 3700.3149  -11.249300   -3.495501   -2.809980   -2.008991   -1.595890   -1.352650   -1.124670
 3776.7419  -11.808100   -3.602501   -2.871889   -2.026903   -1.614719   -1.369341   -1.148621
 3856.3921  -12.389999   -3.687700   -2.906370   -2.044258   -1.635151   -1.383989   -1.175779
 3939.4741  -12.998001   -3.725100   -2.914280   -2.067425   -1.656950   -1.397360   -1.202881
 4026.2151  -13.632000   -3.738199   -2.923510   -2.099180   -1.679041   -1.410629   -1.226200
 4116.8618  -14.294998   -3.771801   -2.962250   -2.137510   -1.701191   -1.425051   -1.242630
 4211.6841  -14.987999   -3.856701   -3.036800   -2.176941   -1.724501   -1.441811   -1.251060
 4310.9771  -15.714001   -3.972900   -3.134300   -2.211590   -1.749821   -1.461439   -1.252840
 4415.0649  -16.474998   -4.057800   -3.235001   -2.239361   -1.776560   -1.483761   -1.251160
 4524.3042  -17.272999   -4.077101   -3.310699   -2.262239   -1.803301   -1.507811   -1.249760
 4639.0850  -18.112999   -4.120100   -3.351601   -2.284950   -1.829121   -1.532351   -1.252100
 4759.8428  -18.995003   -4.291300   -3.387100   -2.312880   -1.853689   -1.555969   -1.260929
 4887.0552  -19.924999   -4.796200   -3.448799   -2.350250   -1.877590   -1.577431   -1.278061
 5021.2529  -20.906998   -5.000000   -3.527201   -2.398491   -1.902430   -1.596210   -1.303829
 5163.0298  -21.943001   -5.000000   -3.588400   -2.457081   -1.929777   -1.613819   -1.337090
 5313.0449  -23.040001   -5.000000   -3.617201   -2.521811   -1.959833   -1.633671   -1.375799
 5472.0391  -24.202000   -5.000000   -3.641399   -2.583309   -1.992210   -1.658110   -1.417379
 5640.8428  -25.436001   -5.492901   -3.681200   -2.629749   -2.026766   -1.685040   -1.458549
 5820.3921  -26.749001   -5.196501   -3.734699   -2.657101   -2.063215   -1.710541   -1.495560
     21.00  400    7   4000.00   6000.00   8000.00  12000.00  16000.00  20000.00  25000.00
  751.2110   -2.125830   -2.172010   -2.265940   -2.311050   -2.381720   -2.380920   -2.411890
  754.3090   -2.080240   -2.119980   -2.211411   -2.236219   -2.330170   -2.325340   -2.379539
  757.4340   -2.036171   -2.068649   -2.158251   -2.164850   -2.274401   -2.275570   -2.340590
  760.5840   -1.992300   -2.014811   -2.104919   -2.108370   -2.220230   -2.231300   -2.295330
  763.7610   -1.948000   -1.959400   -2.052521   -2.069950   -2.171671   -2.189489   -2.245600
  766.9650   -1.901600   -1.907400   -2.003830   -2.042830   -2.125650   -2.147820   -2.193810
  770.1950   -1.851101   -1.863501   -1.960400   -2.014811   -2.078711   -2.105339   -2.141960
  773.4530   -1.795900   -1.829399   -1.921301   -1.977200   -2.033270   -2.061670   -2.091490
  776.7380   -1.738600   -1.803301   -1.883600   -1.931000   -1.992599   -2.016979   -2.043171
  780.0520   -1.684799   -1.781000   -1.844900   -1.883801   -1.954901   -1.972799   -1.997400
  783.3940   -1.639999   -1.757900   -1.805201   -1.841301   -1.915600   -1.931400   -1.954100
  786.7640   -1.605801   -1.730101   -1.764900   -1.804899   -1.874300   -1.894001   -1.913000
  790.1640   -1.578600   -1.695700   -1.723999   -1.771999   -1.833700   -1.859501   -1.873899
  793.5930   -1.551800   -1.654400   -1.681700   -1.739201   -1.795601   -1.825001   -1.836599
  797.0530   -1.519199   -1.607100   -1.638201   -1.705200   -1.759300   -1.787899   -1.800900
  800.5420   -1.478701   -1.555599   -1.594000   -1.670200   -1.723301   -1.747700   -1.766300
  804.0620   -1.432301   -1.501801   -1.548599   -1.632900   -1.686001   -1.705000   -1.732100
  807.6140   -1.384199   -1.447599   -1.501200   -1.592800   -1.644699   -1.661200   -1.697500
  811.1960   -1.337700   -1.395300   -1.453800   -1.549900   -1.597900   -1.617300   -1.661600
  814.8110   -1.293499   -1.347099   -1.408600   -1.503500   -1.548000   -1.573099   -1.623600
  818.4580   -1.249701   -1.303301   -1.364100   -1.452900   -1.499100   -1.528601   -1.583200
  822.1380   -1.202299   -1.261600   -1.316700   -1.399200   -1.453699   -1.483299   -1.540199
  825.8510   -1.148800   -1.217899   -1.267300   -1.344799   -1.409599   -1.437300   -1.495001
  829.5980   -1.090300   -1.169300   -1.219200   -1.290800   -1.363400   -1.390900   -1.448099
  833.3790   -1.030800   -1.116501   -1.173300   -1.238100   -1.313499   -1.344400   -1.400101
  837.1940   -0.974100   -1.062401   -1.127899   -1.187201   -1.261299   -1.298201   -1.351700
  841.0450   -0.922300   -1.009701   -1.081501   -1.139400   -1.209700   -1.252501   -1.303600
  844.9310   -0.874901   -0.959400   -1.034700   -1.095699   -1.160500   -1.207701   -1.256100
  848.8530   -0.830799   -0.912100   -0.988800   -1.056000   -1.114100   -1.164101   -1.209700
  852.8120   -0.789000   -0.868401   -0.944300   -1.019199   -1.070200   -1.121901   -1.164499
  856.8080   -0.749901   -0.828701   -0.901199   -0.983700   -1.028801   -1.080999   -1.120701
  860.8420   -0.714001   -0.793200   -0.859800   -0.948500   -0.989700   -1.041599   -1.078400
  864.9140   -0.681200   -0.761400   -0.820499   -0.912899   -0.952801   -1.003500   -1.037701
  869.0240   -0.650200   -0.732000   -0.784201   -0.876699   -0.917900   -0.966600   -0.998800
  873.1740   -0.619200   -0.702900   -0.751301   -0.840000   -0.884600   -0.931000   -0.961700
  877.3630   -0.586700   -0.672300   -0.721901   -0.803699   -0.852400   -0.896601   -0.926600
  881.5930   -0.551899   -0.639099   -0.695200   -0.768700   -0.821301   -0.863400   -0.893700
  885.8640   -0.515200   -0.604300   -0.669500   -0.735500   -0.791201   -0.831699   -0.862900
  890.1770   -0.478800   -0.569799   -0.643101   -0.704300   -0.762300   -0.801500   -0.834101
  894.5320   -0.445000   -0.537300   -0.614901   -0.674900   -0.735001   -0.773001   -0.807199
  898.9290   -0.415699   -0.507900   -0.584301   -0.647100   -0.709400   -0.745899   -0.781900
  903.3700   -0.390900   -0.481600   -0.551899   -0.620300   -0.685499   -0.720100   -0.757801
  907.8550   -0.368500   -0.457199   -0.519001   -0.593901   -0.662899   -0.694901   -0.734501
  912.3850   -0.345301   -0.432800   -0.487499   -0.567699   -0.640600   -0.670099   -0.711700
  916.9600   -0.319500   -0.406500   -0.458599   -0.542200   -0.617599   -0.645100   -0.688999
  921.5820   -0.292700   -0.378201   -0.432699   -0.518000   -0.592701   -0.619699   -0.666300
  926.2500   -0.267799   -0.349600   -0.409500   -0.495300   -0.565201   -0.594000   -0.643299
  930.9660   -0.246799   -0.323601   -0.388000   -0.473700   -0.535299   -0.568100   -0.619999
  935.7300   -0.229900   -0.302200   -0.367100   -0.452301   -0.504000   -0.542601   -0.596500
  940.5430   -0.215401   -0.285400   -0.345800   -0.430000   -0.472700   -0.518101   -0.572599
  945.4050   -0.201099   -0.271200   -0.324100   -0.406500   -0.443100   -0.494801   -0.548300
  950.3190   -0.185101   -0.257000   -0.302799   -0.382099   -0.416800   -0.472900   -0.523500
  955.2830   -0.167500   -0.240999   -0.283100   -0.357901   -0.394699   -0.452200   -0.497999
  960.3000   -0.150101   -0.223301   -0.265600   -0.334999   -0.376600   -0.432100   -0.471901
  965.3700   -0.134300   -0.205299   -0.249901   -0.314301   -0.361799   -0.411900   -0.445499
  970.4940   -0.119999   -0.188400   -0.235001   -0.296200   -0.348900   -0.390900   -0.419201
  980.9060   -0.090000   -0.158699   -0.203701   -0.265600   -0.321600   -0.346199   -0.369400
  991.5440   -0.053499   -0.127800   -0.171299   -0.236300   -0.284700   -0.300800   -0.327301
 1003.6180   -0.007299   -0.085600   -0.137600   -0.201799   -0.234800   -0.254900   -0.289801
 1016.7850    0.036699   -0.048201   -0.097799   -0.158300   -0.184999   -0.221800   -0.259100
 1027.6780    0.086100    0.001499   -0.060499   -0.125900   -0.161400   -0.199301   -0.229401
 1040.0081    0.132099    0.046000   -0.010799   -0.090000   -0.136600   -0.167099   -0.186899
 1053.2990    0.180599    0.096001    0.038401   -0.042801   -0.091600   -0.121401   -0.137501
 1065.7690    0.224300    0.145800    0.081200    0.003700   -0.044001   -0.075399   -0.094700
 1077.8430    0.257299    0.186501    0.130699    0.049700   -0.002600   -0.033501   -0.055799
 1089.6860    0.301300    0.224800    0.177999    0.099600    0.042700    0.012300   -0.015699
 1099.9270    0.333799    0.260201    0.207800    0.142401    0.092100    0.061399    0.033899
 1107.4210    0.358999    0.286100    0.233601    0.173901    0.134800    0.106100    0.083200
 1113.0031    0.379900    0.306099    0.260099    0.202200    0.171600    0.148701    0.132900
 1117.4670    0.398001    0.324100    0.285400    0.231501    0.206900    0.190599    0.182699
 1121.2140    0.414299    0.342400    0.309299    0.262400    0.242701    0.232599    0.232500
 1124.4460    0.430099    0.361900    0.332399    0.294399    0.279900    0.274900    0.282299
 1127.2620    0.445700    0.382299    0.355801    0.327000    0.317900    0.317400    0.330900
 1129.8740    0.462500    0.405100    0.380699    0.361900    0.358400    0.362000    0.380400
 1132.2791    0.480700    0.430099    0.407299    0.398600    0.400499    0.407801    0.429699
 1134.4740    0.500099    0.456699    0.435900    0.436399    0.443199    0.453800    0.477699
 1136.5680    0.522100    0.486000    0.468000    0.476400    0.487900    0.501200    0.526199
 1138.5580    0.546700    0.517700    0.503300    0.518299    0.533800    0.549400    0.574501
 1140.4440    0.574200    0.551600    0.541500    0.561501    0.580400    0.597599    0.622299
 1142.2250    0.604099    0.587200    0.581900    0.605400    0.627001    0.645300    0.669201
 1144.0120    0.638401    0.626900    0.626499    0.652401    0.676001    0.695000    0.717800
 1145.6920    0.674801    0.667999    0.672001    0.699200    0.723999    0.743299    0.764999
 1147.3770    0.715200    0.712900    0.720600    0.748400    0.773701    0.793100    0.813700
 1148.9540    0.756300    0.757999    0.768700    0.796400    0.821600    0.841000    0.860001
 1150.4220    0.796600    0.802500    0.815201    0.842600    0.867300    0.886400    0.903801
 1151.8940    0.839100    0.848900    0.863400    0.890100    0.914000    0.933001    0.948999
 1153.3700    0.883600    0.896999    0.912899    0.938801    0.961800    0.980499    0.995600
 1154.7350    0.926201    0.942699    0.959499    0.984699    1.006901    1.025400    1.039900
 1156.1040    0.970100    0.989300    1.007000    1.031500    1.052999    1.071400    1.085199
 1157.4771    1.015200    1.037001    1.055300    1.079300    1.100201    1.118500    1.131800
 1158.8521    1.061600    1.085600    1.104200    1.128099    1.148701    1.166800    1.179800
 1160.1160    1.105301    1.131100    1.149900    1.174000    1.194401    1.212200    1.225000
 1161.3820    1.150299    1.177700    1.196499    1.221300    1.241501    1.258900    1.271500
 1162.6510    1.196600    1.225500    1.244400    1.270000    1.290001    1.306900    1.319201
 1163.8070    1.240200    1.270199    1.289299    1.315800    1.335400    1.351700    1.363800
 1164.9659    1.285500    1.316500    1.335899    1.363100    1.382200    1.397699    1.409401
 1166.1270    1.332800    1.364700    1.384501    1.412100    1.430300    1.444901    1.456100
 1167.1730    1.377501    1.410099    1.430099    1.457699    1.474800    1.488300    1.498899
 1168.2220    1.424601    1.457699    1.477699    1.504601    1.520300    1.532600    1.542500
 1169.1560    1.469000    1.502100    1.521700    1.547400    1.561600    1.572701    1.581800
 1170.0909    1.515999    1.548401    1.567200    1.591200    1.603600    1.613400    1.621601
 1171.0280    1.565800    1.596701    1.614300    1.635700    1.646200    1.654600    1.661699
 1171.8480    1.611599    1.640499    1.656500    1.675301    1.683899    1.690899    1.697001
 1172.6700    1.659500    1.685600    1.699600    1.715300    1.721901    1.727600    1.732500
 1173.4930    1.709099    1.731800    1.743401    1.755501    1.760201    1.764299    1.768000
 1174.2000    1.752701    1.771900    1.781300    1.790199    1.793100    1.795900    1.798401
 1174.9070    1.797001    1.812500    1.819300    1.824800    1.826000    1.827499    1.828701
 1175.6150    1.841700    1.853100    1.857399    1.859501    1.858900    1.859001    1.858900
 1176.3240    1.886400    1.893600    1.895300    1.893900    1.891600    1.890301    1.888901
 1177.0341    1.930700    1.933800    1.932899    1.928200    1.924099    1.921501    1.918701
 1177.7450    1.974199    1.973400    1.969999    1.962000    1.956400    1.952301    1.948101
 1178.5750    2.023600    2.018499    2.012500    2.000999    1.993500    1.987801    1.982000
 1179.4070    2.071000    2.062201    2.053801    2.039300    2.030001    2.022800    2.015400
 1180.2390    2.115900    2.104200    2.093800    2.076600    2.065800    2.057000    2.048100
 1181.1920    2.163700    2.149700    2.137600    2.118000    2.105500    2.095100    2.084499
 1182.2660    2.212500    2.197400    2.184200    2.162701    2.148701    2.136700    2.124300
 1183.4620    2.260000    2.245600    2.232100    2.209800    2.194400    2.180799    2.166901
 1184.7800    2.304399    2.292500    2.279900    2.257999    2.241800    2.226900    2.211700
 1186.2209    2.344000    2.336599    2.326099    2.306100    2.289600    2.274000    2.257900
 1187.7860    2.378500    2.376400    2.369101    2.352700    2.337000    2.321301    2.305099
 1189.4760    2.409700    2.411900    2.408501    2.396800    2.382900    2.368200    2.352900
 1191.2920    2.441100    2.444799    2.444700    2.438200    2.427200    2.414600    2.401199
 1193.2360    2.475201    2.478500    2.480300    2.478001    2.470800    2.461400    2.451000
 1195.0640    2.507000    2.512000    2.514400    2.514400    2.510799    2.504800    2.498100
 1196.8970    2.535900    2.548100    2.551600    2.553400    2.552800    2.550700    2.547800
 1198.4900    2.559800    2.580500    2.587100    2.591499    2.593500    2.594700    2.595301
 1199.9650    2.585899    2.611600    2.622800    2.631800    2.636600    2.640900    2.644600
 1201.1970    2.615900    2.640100    2.655600    2.670000    2.677700    2.684900    2.691200
 1202.3070    2.652400    2.670200    2.688700    2.709000    2.719999    2.729900    2.738501
 1203.2960    2.693501    2.703300    2.722799    2.748100    2.762600    2.775101    2.785900
 1204.1630    2.736100    2.739201    2.757800    2.786699    2.804700    2.819600    2.832300
 1204.9070    2.777400    2.776400    2.793100    2.823900    2.844999    2.862000    2.876400
 1205.6520    2.823100    2.820800    2.834600    2.866100    2.890100    2.909100    2.925301
 1206.2729    2.864700    2.863700    2.875000    2.905800    2.932100    2.952600    2.970301
 1206.8950    2.910200    2.912701    2.921400    2.950800    2.978800    3.000600    3.019700
 1207.3929    2.949699    2.956500    2.963600    2.991199    3.020100    3.042700    3.062799
 1207.8920    2.992900    3.004800    3.010799    3.036301    3.065500    3.088600    3.109500
 1208.2660    3.028000    3.044100    3.049700    3.073500    3.102500    3.125700    3.146999
 1208.6400    3.066000    3.086300    3.091900    3.114000    3.142400    3.165400    3.186900
 1209.0150    3.107201    3.131500    3.137500    3.158000    3.185400    3.207800    3.229300
 1209.3900    3.152201    3.180099    3.186900    3.205900    3.231700    3.253201    3.274401
 1209.6400    3.184500    3.214399    3.222000    3.240000    3.264500    3.285100    3.306000
 1209.8900    3.218901    3.250401    3.258801    3.276000    3.298901    3.318501    3.338800
 1210.1400    3.255500    3.288200    3.297501    3.313800    3.335000    3.353300    3.372900
 1210.3900    3.294500    3.327800    3.337999    3.353600    3.372700    3.389700    3.408400
 1210.6410    3.335899    3.369300    3.380400    3.395300    3.412200    3.427500    3.445000
 1210.8910    3.379900    3.412701    3.424700    3.438700    3.453199    3.466700    3.483000
 1211.1420    3.426600    3.458000    3.470699    3.484000    3.495900    3.507401    3.522100
 1211.3929    3.475800    3.505400    3.518499    3.530900    3.540100    3.549400    3.562400
 1211.5179    3.501300    3.529699    3.542900    3.554800    3.562700    3.570900    3.582900
 1211.6429    3.527500    3.554501    3.567801    3.579200    3.585700    3.592600    3.603701
 1211.7690    3.554200    3.579700    3.593000    3.603800    3.608900    3.614700    3.624701
 1211.8940    3.581400    3.605400    3.618500    3.628700    3.632401    3.636900    3.645900
 1212.0200    3.609200    3.631300    3.644199    3.653800    3.656099    3.659400    3.667300
 1212.1450    3.637400    3.657600    3.670200    3.679100    3.680000    3.682100    3.688800
 1212.2710    3.666000    3.684200    3.696301    3.704500    3.704100    3.704900    3.710400
 1212.3970    3.694799    3.711000    3.722600    3.730000    3.728300    3.727800    3.732201
 1212.5220    3.723900    3.737900    3.748899    3.755500    3.752501    3.750800    3.753901
 1212.6479    3.753201    3.764900    3.775200    3.780900    3.776600    3.773800    3.775600
 1212.7729    3.782400    3.791901    3.801400    3.806100    3.800700    3.796700    3.797300
 1212.8990    3.811501    3.818800    3.827400    3.831100    3.824600    3.819500    3.818800
 1213.0250    3.840500    3.845500    3.853100    3.855801    3.848300    3.842199    3.840200
 1213.1510    3.869101    3.871901    3.878300    3.880100    3.871600    3.864500    3.861300
 1213.2760    3.897100    3.897800    3.903100    3.903800    3.894500    3.886400    3.882000
 1213.4020    3.924500    3.923100    3.927299    3.926900    3.916800    3.907900    3.902300
 1213.5280    3.951099    3.947701    3.950700    3.949200    3.938499    3.928900    3.922100
 1213.6541    3.976700    3.971500    3.973200    3.970600    3.959400    3.949100    3.941200
 1213.9060    4.024300    4.015800    4.015100    4.010300    3.998400    3.987200    3.977200
 1214.1580    4.065800    4.054800    4.051701    4.044900    4.032801    4.021000    4.009501
 1214.5360    4.114000    4.100700    4.094500    4.085000    4.073400    4.061800    4.048500
 1216.3030    4.071899    4.065100    4.056200    4.043900    4.039700    4.036500    4.028800
 1216.5560    4.035000    4.030100    4.022100    4.010900    4.007700    4.005700    3.999701
 1216.8090    3.993299    3.990100    3.983200    3.973499    3.971200    3.970200    3.966000
 1217.0620    3.947701    3.946199    3.940599    3.932500    3.931300    3.931200    3.928699
 1217.3149    3.899099    3.899200    3.895000    3.888900    3.888599    3.889400    3.888599
 1217.4420    3.873899    3.874800    3.871400    3.866301    3.866600    3.867599    3.867701
 1217.5680    3.848200    3.849899    3.847200    3.843201    3.844000    3.845500    3.846300
 1217.6949    3.822200    3.824699    3.822701    3.819799    3.821199    3.823000    3.824600
 1217.8220    3.795900    3.799100    3.797900    3.796101    3.798100    3.800301    3.802600
 1217.9480    3.769300    3.773200    3.772800    3.772200    3.774700    3.777300    3.780300
 1218.0750    3.742500    3.747100    3.747499    3.748100    3.751200    3.754100    3.757900
 1218.2020    3.715600    3.720900    3.722000    3.723900    3.727600    3.730900    3.735300
 1218.3290    3.688601    3.694600    3.696500    3.699500    3.704000    3.707600    3.712601
 1218.4561    3.661500    3.668301    3.670900    3.675200    3.680300    3.684200    3.689899
 1218.5820    3.634501    3.642000    3.645300    3.650801    3.656600    3.660900    3.667200
 1218.7090    3.607500    3.615700    3.619801    3.626500    3.632900    3.637600    3.644500
 1218.8361    3.580600    3.589399    3.594200    3.602301    3.609301    3.614300    3.621799
 1218.9630    3.553801    3.563300    3.568800    3.578100    3.585800    3.591200    3.599199
 1219.0900    3.527100    3.537200    3.543500    3.554000    3.562400    3.568200    3.576700
 1219.2170    3.500600    3.511400    3.518400    3.530100    3.539101    3.545300    3.554399
 1219.3440    3.474300    3.485701    3.493299    3.506300    3.516000    3.522600    3.532101
 1219.4709    3.448100    3.460100    3.468500    3.482700    3.493000    3.500000    3.510000
 1219.5980    3.422200    3.434800    3.443900    3.459200    3.470200    3.477600    3.488100
 1219.7250    3.396500    3.409700    3.419500    3.436000    3.447599    3.455400    3.466300
 1219.8530    3.371099    3.384900    3.395300    3.412900    3.425200    3.433400    3.444799
 1219.9800    3.345900    3.360300    3.371300    3.390100    3.403000    3.411600    3.423400
 1220.2340    3.296300    3.311900    3.324200    3.345200    3.359200    3.368600    3.381200
 1220.4890    3.247900    3.264600    3.278100    3.301300    3.316401    3.326600    3.339900
 1220.7430    3.200800    3.218400    3.233100    3.258300    3.274500    3.285500    3.299500
 1220.9980    3.154900    3.173500    3.189301    3.216499    3.233500    3.245300    3.260000
 1221.2531    3.110300    3.129800    3.146700    3.175600    3.193501    3.206200    3.221399
 1221.5081    3.067101    3.087299    3.105300    3.135900    3.154500    3.167900    3.183800
 1221.7629    3.025200    3.046101    3.065200    3.097300    3.116500    3.130700    3.147100
 1222.0179    2.984700    3.006100    3.026199    3.059700    3.079500    3.094400    3.111300
 1222.2729    2.945601    2.967501    2.988600    3.023300    3.043500    3.059100    3.076500
 1222.5291    2.907801    2.930099    2.952100    2.987900    3.008400    3.024700    3.042601
 1222.7841    2.871300    2.893900    2.916901    2.953500    2.974300    2.991301    3.009700
 1223.0400    2.836201    2.859000    2.882900    2.920200    2.941200    2.958700    2.977600
 1223.2950    2.802500    2.825399    2.850000    2.887899    2.909000    2.927000    2.946400
 1223.6790    2.754200    2.777201    2.802999    2.841300    2.862500    2.881200    2.901300
 1224.0630    2.708799    2.731700    2.758400    2.796801    2.818000    2.837200    2.858100
 1224.4470    2.666000    2.688800    2.716200    2.754400    2.775499    2.795100    2.816700
 1224.8320    2.625700    2.648500    2.676300    2.713900    2.734900    2.754700    2.777000
 1225.2159    2.587900    2.610500    2.638599    2.675301    2.696199    2.716101    2.739100
 1225.7300    2.541000    2.563499    2.591499    2.626699    2.647300    2.667200    2.691000
 1226.2440    2.497800    2.520300    2.547800    2.580999    2.601400    2.621099    2.645599
 1226.7581    2.457900    2.480600    2.507100    2.538200    2.558400    2.577800    2.602800
 1227.2720    2.421300    2.444099    2.469400    2.498100    2.517900    2.536900    2.562300
 1227.9160    2.379601    2.402599    2.425900    2.451500    2.470800    2.489300    2.514900
 1228.5610    2.342199    2.365200    2.386200    2.408501    2.427200    2.445200    2.470500
 1229.3350    2.302700    2.324900    2.342899    2.361401    2.379200    2.396700    2.421200
 1230.1100    2.268300    2.289200    2.304000    2.318700    2.335199    2.352500    2.375700
 1231.0160    2.233900    2.252501    2.263100    2.273900    2.288700    2.305901    2.327000
 1231.9230    2.204599    2.220400    2.226601    2.233900    2.246901    2.263900    2.282700
 1232.9611    2.176100    2.188100    2.189199    2.193200    2.204400    2.220800    2.236900
 1234.1320    2.148900    2.156000    2.151899    2.153299    2.162900    2.177700    2.190900
 1235.5649    2.120800    2.120900    2.112600    2.112000    2.120100    2.131599    2.141700
 1237.2629    2.091900    2.084000    2.074699    2.072599    2.079100    2.084900    2.092199
 1239.2280    2.061200    2.047900    2.041100    2.037701    2.041300    2.040000    2.044100
 1241.5950    2.027400    2.013800    2.010600    2.005899    2.003799    1.996201    1.994999
 1244.2350    1.996300    1.985901    1.984400    1.975901    1.967100    1.955700    1.947001
 1247.1520    1.971901    1.964901    1.960800    1.943501    1.929501    1.914900    1.898800
 1250.3500    1.957399    1.945099    1.933599    1.907101    1.888700    1.869900    1.849899
 1253.6990    1.944300    1.917400    1.897100    1.865101    1.841999    1.821701    1.801100
 1256.7950    1.923100    1.882500    1.855801    1.819901    1.793400    1.776600    1.755699
 1259.7720    1.886600    1.837900    1.808100    1.772100    1.743801    1.732100    1.709999
 1262.3540    1.842100    1.791599    1.760500    1.729099    1.700699    1.691401    1.668701
 1264.5360    1.794800    1.748699    1.718399    1.691500    1.664501    1.655100    1.633400
 1266.4520    1.747601    1.708000    1.681099    1.656900    1.632500    1.622299    1.603001
 1268.2360    1.701000    1.667999    1.645700    1.623199    1.602400    1.591700    1.575699
 1270.0250    1.653099    1.626999    1.609100    1.588600    1.572001    1.561501    1.549400
 1271.8199    1.605000    1.586100    1.571800    1.554399    1.542000    1.532299    1.524401
 1273.7581    1.555700    1.542601    1.532101    1.518799    1.510900    1.502100    1.498400
 1275.8400    1.507299    1.496500    1.491301    1.482700    1.479801    1.470800    1.471100
 1278.0699    1.459600    1.449800    1.450001    1.445900    1.448900    1.438400    1.442400
 1280.5870    1.410299    1.404499    1.405800    1.406200    1.415501    1.402599    1.410400
 1283.5370    1.361300    1.362400    1.360701    1.363899    1.376200    1.363300    1.374500
 1287.0660    1.311399    1.321301    1.320801    1.323299    1.330101    1.323299    1.335899
 1291.4690    1.266800    1.281099    1.281401    1.284700    1.281200    1.285900    1.294899
 1296.7640    1.231201    1.232300    1.240601    1.242901    1.236401    1.249100    1.248699
 1302.2469    1.194500    1.189301    1.202999    1.209099    1.196899    1.212101    1.199501
 1308.6541    1.149500    1.152300    1.153400    1.166500    1.168900    1.177401    1.154400
 1316.1600    1.123199    1.133301    1.117599    1.116600    1.144800    1.135700    1.121901
 1323.7531    1.098900    1.097500    1.107300    1.091700    1.108601    1.086000    1.091101
 1335.0790    1.052299    1.051701    1.064301    1.076099    1.059200    1.056499    1.077200
 1346.1360    1.047699    1.047199    1.014801    1.042999    1.013500    1.039700    1.059299
 1358.7960    0.998600    1.004000    1.017500    0.993401    1.011499    1.035400    1.013401
 1372.5010    1.014999    0.988800    1.004799    0.985399    1.019699    0.990400    0.964100
 1387.6360    0.971500    1.005699    0.955101    0.998800    0.971500    0.943800    0.946899
 1400.5900    0.997499    0.955900    0.974199    0.980999    0.938801    0.929699    0.967501
 1417.5551    0.993200    0.977301    0.999500    0.931099    0.936800    0.978100    0.996799
 1430.9010    0.973700    1.011900    0.953800    0.930901    0.986599    0.998800    1.009300
 1440.5880    1.011299    0.996000    0.935801    0.980700    1.000299    1.014999    0.976999
 1455.4590    1.042200    0.951700    0.968000    1.014700    1.019100    0.971001    0.927099
 1463.1010    1.020199    0.963900    1.017000    1.032499    0.995899    0.939699    0.915800
 1471.9340    0.985001    1.012600    1.044701    1.031000    0.954201    0.921299    0.897900
 1479.1899    1.003300    1.062401    1.057701    0.998600    0.933100    0.910900    0.878099
 1487.8409    1.053299    1.084000    1.065500    0.956200    0.922800    0.893900    0.870399
 1494.1090    1.102001    1.092199    1.045300    0.944099    0.914600    0.887699    0.891001
 1501.2010    1.138100    1.091600    1.003901    0.941401    0.907700    0.903700    0.939899
 1507.0000    1.146599    1.067600    0.980700    0.936701    0.916300    0.938801    0.989300
 1512.8440    1.147900    1.031401    0.976601    0.933701    0.946199    0.987200    1.037100
 1518.3400    1.137300    1.010601    0.979599    0.946600    0.990799    1.035700    1.075399
 1523.4790    1.110300    1.010500    0.981899    0.981100    1.038900    1.077400    1.104300
 1528.2540    1.081600    1.017799    0.990299    1.029400    1.082500    1.111099    1.126499
 1532.6570    1.068501    1.025200    1.013000    1.079100    1.118599    1.137600    1.144699
 1537.2880    1.073000    1.039101    1.055799    1.128000    1.151300    1.162001    1.163700
 1541.3370    1.085899    1.064800    1.103401    1.164200    1.176001    1.181700    1.181301
 1545.4080    1.103100    1.106300    1.152700    1.193501    1.198299    1.201200    1.200699
 1549.2950    1.126101    1.155300    1.195301    1.216301    1.218399    1.220200    1.220600
 1552.9960    1.158001    1.203100    1.229401    1.235401    1.237499    1.239100    1.240400
 1557.1290    1.205601    1.250900    1.260700    1.256300    1.259399    1.260799    1.262600
 1560.8669    1.255199    1.286699    1.285099    1.276600    1.279699    1.280500    1.281700
 1564.6230    1.305099    1.316601    1.308300    1.298901    1.300301    1.299500    1.299000
 1568.8180    1.355000    1.345800    1.334801    1.325300    1.322399    1.318699    1.315001
 1573.8820    1.403700    1.379900    1.368500    1.356600    1.346001    1.337299    1.328499
 1580.4709    1.452700    1.425600    1.410801    1.389400    1.367701    1.351299    1.334801
 1587.7610    1.502701    1.470100    1.444901    1.406900    1.374800    1.350201    1.325500
 1596.2070    1.552000    1.495300    1.454100    1.396099    1.356400    1.324900    1.293701
 1604.0840    1.555700    1.477699    1.425400    1.355200    1.312300    1.278400    1.245100
 1610.0420    1.516399    1.432899    1.377800    1.305700    1.262501    1.229599    1.197599
 1614.0389    1.469000    1.387100    1.333401    1.264099    1.221901    1.191000    1.161100
 1617.1620    1.421400    1.342899    1.292000    1.227200    1.186600    1.157801    1.130400
 1619.8480    1.373699    1.299400    1.252100    1.192600    1.153900    1.127501    1.102501
 1622.3180    1.324800    1.255400    1.212101    1.158400    1.122101    1.098200    1.075699
 1624.5699    1.276501    1.212299    1.173100    1.125500    1.091900    1.070400    1.050499
 1626.6021    1.230000    1.171200    1.136101    1.094400    1.063601    1.044500    1.027100
 1628.6390    1.181000    1.128399    1.097599    1.061901    1.034500    1.017900    1.003000
 1630.4550    1.135601    1.089100    1.062201    1.032101    1.007999    0.993700    0.981100
 1632.2740    1.088600    1.048700    1.025801    1.001400    0.980900    0.969000    0.958799
 1634.0970    1.040400    1.007700    0.988800    0.969900    0.953300    0.943901    0.936100
 1635.9250    0.991301    0.966101    0.951200    0.937700    0.925200    0.918301    0.913000
 1637.7560    0.941700    0.924099    0.913200    0.904800    0.896801    0.892500    0.889601
 1639.5920    0.892099    0.882000    0.875000    0.871500    0.868000    0.866301    0.865799
 1641.4320    0.842899    0.839901    0.836800    0.837900    0.839001    0.839800    0.841700
 1643.2750    0.794600    0.798000    0.798700    0.804100    0.809799    0.813200    0.817400
 1645.1240    0.747601    0.756401    0.760799    0.770201    0.780500    0.786400    0.792900
 1646.9760    0.702301    0.715300    0.723200    0.736300    0.751101    0.759501    0.768101
 1649.0640    0.653500    0.669701    0.681499    0.698500    0.717899    0.729200    0.740101
 1650.4600    0.629000    0.645000    0.658300    0.677000    0.698200    0.710899    0.722900
 1652.3240    0.588800    0.605900    0.622200    0.644300    0.669001    0.684000    0.697901
 1654.1920    0.550400    0.567900    0.586800    0.612101    0.639900    0.657101    0.672899
 1656.0649    0.513800    0.530899    0.552200    0.580500    0.610901    0.630400    0.647900
 1657.9420    0.478800    0.495199    0.518299    0.549801    0.582300    0.603800    0.622900
 1659.8230    0.445301    0.460800    0.485199    0.519800    0.554001    0.577400    0.598000
 1661.7090    0.413099    0.427799    0.452999    0.490700    0.526100    0.551399    0.573299
 1663.5980    0.382099    0.396200    0.421700    0.462500    0.498600    0.525600    0.548901
 1665.4919    0.352301    0.366100    0.391399    0.435101    0.471600    0.500099    0.524700
 1667.3910    0.323601    0.337299    0.362101    0.408600    0.445200    0.475100    0.500799
 1669.2939    0.296000    0.309799    0.333799    0.382900    0.419399    0.450500    0.477301
 1671.2010    0.269501    0.283501    0.306601    0.358000    0.394300    0.426399    0.454300
 1673.1121    0.244101    0.258200    0.280399    0.333700    0.369801    0.402901    0.431700
 1676.9480    0.196301    0.209900    0.230900    0.287201    0.323200    0.357599    0.388201
 1680.8010    0.151400    0.164000    0.184900    0.242800    0.279699    0.314800    0.347000
 1684.6730    0.108500    0.119600    0.142000    0.200399    0.239201    0.274799    0.308500
 1688.5620    0.066401    0.076200    0.101400    0.159800    0.201599    0.237499    0.272699
 1692.4690    0.024700    0.034000    0.062500    0.121099    0.166700    0.202900    0.239500
 1696.3950   -0.016500   -0.006800    0.024900    0.084400    0.134100    0.170799    0.208900
 1700.3380   -0.056801   -0.045700   -0.011700    0.049700    0.103500    0.140900    0.180500
 1704.3000   -0.095800   -0.082800   -0.047199    0.017200    0.074501    0.113100    0.154100
 1708.2810   -0.133200   -0.117800   -0.081200   -0.013000    0.046801    0.087000    0.129299
 1712.2800   -0.169100   -0.151100   -0.113199   -0.041300    0.020201    0.062401    0.105999
 1716.2970   -0.203899   -0.182800   -0.143299   -0.067699   -0.005400    0.039000    0.083799
 1722.3600   -0.253201   -0.227400   -0.185200   -0.104300   -0.041401    0.005800    0.052099
 1728.4650   -0.297600   -0.268200   -0.223000   -0.137800   -0.074501   -0.025299    0.022100
 1734.6140   -0.337500   -0.304899   -0.257099   -0.168800   -0.105301   -0.054300   -0.006401
 1742.8800   -0.382999   -0.347200   -0.297501   -0.206200   -0.141899   -0.089701   -0.041700
 1753.3250   -0.429001   -0.391800   -0.340500   -0.246599   -0.180700   -0.128201   -0.080700
 1766.0250   -0.471300   -0.436899   -0.382200   -0.286600   -0.218399   -0.166300   -0.119400
 1785.4240   -0.504299   -0.470100   -0.417000   -0.320200   -0.249100   -0.196800   -0.148300
 1803.0291   -0.545700   -0.512001   -0.458599   -0.359100   -0.285601   -0.232800   -0.183201
 1820.9850   -0.578199   -0.545900   -0.492500   -0.391201   -0.315599   -0.262300   -0.211500
 1839.3010   -0.604599   -0.575100   -0.521400   -0.419100   -0.341600   -0.287600   -0.235901
 1877.0630   -0.646500   -0.624399   -0.570000   -0.468201   -0.386101   -0.330500   -0.278299
 1916.4070   -0.679501   -0.664200   -0.612000   -0.509800   -0.424601   -0.365799   -0.314800
 1957.4370   -0.703400   -0.697599   -0.650801   -0.544800   -0.459900   -0.397400   -0.346500
 2000.2610   -0.720600   -0.726000   -0.684000   -0.577000   -0.493500   -0.431200   -0.375700
 2045.0010   -0.733999   -0.747000   -0.709900   -0.609800   -0.528601   -0.465599   -0.403299
 2091.7891   -0.741600   -0.762501   -0.736799   -0.645800   -0.563000   -0.493299   -0.427401
 2218.6919   -0.754400   -0.790400   -0.772900   -0.686001   -0.601601   -0.533899   -0.467600
 2273.8721   -0.729599   -0.773800   -0.769300   -0.703800   -0.628201   -0.562599   -0.493599
 2302.5039   -0.726000   -0.781799   -0.785900   -0.728300   -0.653700   -0.586500   -0.514099
 2331.8669   -0.745899   -0.813101   -0.823200   -0.766899   -0.688601   -0.617901   -0.540100
 2361.9880   -0.799700   -0.874300   -0.884899   -0.820200   -0.732399   -0.655600   -0.570700
 2392.8970   -0.894001   -0.968399   -0.972200   -0.887001   -0.783001   -0.697599   -0.604500
 2424.6260   -1.031300   -1.095100   -1.082399   -0.963600   -0.837400   -0.740400   -0.639400
 2457.2080   -1.208200   -1.249201   -1.208401   -1.044300   -0.892300   -0.781000   -0.673401
 2490.6770   -1.415100   -1.420099   -1.339399   -1.122499   -0.944201   -0.817400   -0.705200
 2525.0710   -1.634800   -1.593399   -1.462999   -1.192600   -0.990900   -0.849600   -0.734600
 2560.4280   -1.845200   -1.754499   -1.570400   -1.251301   -1.031500   -0.878700   -0.761600
 2596.7891   -2.027470   -1.893200   -1.659901   -1.298800   -1.066401   -0.906300   -0.786600
 2634.1980   -2.235399   -2.006121   -1.734301   -1.338100   -1.096600   -0.933300   -0.809799
 2672.7000   -2.453220   -2.095270   -1.796700   -1.373100   -1.123800   -0.959499   -0.831100
 2712.3440   -2.677509   -2.165350   -1.849400   -1.406500   -1.149200   -0.984200   -0.849800
 2753.1831   -2.908550   -2.222040   -1.894800   -1.439199   -1.173700   -1.006701   -0.865799
 2795.2700   -3.146650   -2.269930   -1.935499   -1.470501   -1.197901   -1.026800   -0.879299
 2838.6631   -3.392151   -2.311800   -1.973900   -1.499500   -1.221701   -1.044899   -0.891399
 2883.4250   -3.645380   -2.349100   -2.011459   -1.526100   -1.245100   -1.062300   -0.903601
 2929.6221   -3.906740   -2.382950   -2.047779   -1.551600   -1.267700   -1.080101   -0.917500
 2977.3230   -4.176600   -2.414700   -2.081760   -1.577801   -1.289700   -1.098999   -0.934200
 3026.6021   -4.455400   -2.446550   -2.113199   -1.606400   -1.311300   -1.119101   -0.953899
 3077.5410   -4.743601   -2.480511   -2.143459   -1.637300   -1.332701   -1.139700   -0.975700
 3130.2241   -5.041599   -2.516979   -2.174770   -1.667000   -1.354500   -1.159800   -0.997900
 3184.7410   -5.350100   -2.554630   -2.208080   -1.691700   -1.377001   -1.178801   -1.018299
 3241.1919   -5.669399   -2.591419   -2.242201   -1.712400   -1.400200   -1.196501   -1.034901
 3299.6799   -6.000299   -2.624340   -2.275101   -1.734400   -1.423800   -1.213400   -1.047001
 3360.3169   -6.343399   -2.651581   -2.306740   -1.761299   -1.447500   -1.230200   -1.055099
 3423.2251   -6.699301   -2.675079   -2.339590   -1.794001   -1.470699   -1.247601   -1.061199
 3488.5330   -7.068699   -2.699690   -2.377251   -1.830200   -1.493000   -1.266001   -1.067699
 3556.3811   -7.452600   -2.729019   -2.421370   -1.865900   -1.513901   -1.285299   -1.076900
 3626.9209   -7.851601   -2.764090   -2.469940   -1.897100   -1.533600   -1.304399   -1.090599
 3700.3149   -8.266899   -2.802860   -2.517731   -1.921900   -1.552601   -1.322599   -1.108999
 3776.7419   -8.699200   -2.841249   -2.558741   -1.942400   -1.571899   -1.339100   -1.131500
 3856.3921   -9.149900   -2.874451   -2.588499   -1.962799   -1.592400   -1.354200   -1.156200
 3939.4741   -9.619900   -2.901253   -2.609171   -1.987301   -1.614000   -1.368500   -1.180401
 4026.2151  -10.110600   -2.925770   -2.631790   -2.017570   -1.636000   -1.382999   -1.201200
 4116.8618  -10.623400   -2.955971   -2.668150   -2.052389   -1.658501   -1.398600   -1.216400
 4211.6841  -11.159901   -2.997747   -2.721041   -2.088261   -1.682199   -1.416201   -1.225500
 4310.9771  -11.721600   -3.052095   -2.785900   -2.121780   -1.707500   -1.436100   -1.229500
 4415.0649  -12.310501   -3.115919   -2.855391   -2.151720   -1.733999   -1.458200   -1.231100
 4524.3042  -12.928501   -3.189520   -2.921688   -2.179420   -1.760500   -1.481600   -1.233299
 4639.0850  -13.577999   -3.279240   -2.981590   -2.207689   -1.786499   -1.505199   -1.238899
 4759.8428  -14.261002   -3.394341   -3.042130   -2.239929   -1.811701   -1.528000   -1.250200
 4887.0552  -14.980999   -3.534260   -3.110220   -2.278561   -1.836500   -1.549299   -1.268299
 5021.2529  -15.739998   -3.681890   -3.181440   -2.324350   -1.862200   -1.568701   -1.293699
 5163.0298  -16.542000   -3.806320   -3.242760   -2.376209   -1.889601   -1.587500   -1.325100
 5313.0449  -17.390999   -3.895041   -3.290310   -2.430790   -1.919001   -1.608101   -1.360901
 5472.0391  -18.290001   -3.960190   -3.332520   -2.481710   -1.950300   -1.631901   -1.398600
 5640.8428  -19.245003   -4.018000   -3.378910   -2.522520   -1.983200   -1.657499   -1.435499
 5820.3921  -20.261002   -4.070700   -3.429180   -2.551590   -2.017460   -1.682301   -1.468800
