Lyman beta broadened by H+ (protons)
Potentials and dipol moments from Santos & Kepler 2012
Calculated by Detlev Koester, May 1, 2018
----------------------------------------------------------------------
    6    
     15.00  578    5   6000.00  10000.00  14000.00  18000.00  22000.00
  790.0330    1.478800    1.427999    1.406500    1.405001    1.407101
  792.5090    1.494200    1.446501    1.441900    1.447901    1.456800
  794.5850    1.509800    1.474600    1.481100    1.492701    1.506300
  796.5780    1.530800    1.513201    1.524300    1.540199    1.556200
  798.5820    1.554100    1.544701    1.569500    1.589399    1.606100
  800.7830    1.581200    1.589300    1.614901    1.638100    1.655399
  803.6580    1.605700    1.623400    1.655201    1.683300    1.705101
  809.3270    1.655701    1.659100    1.683701    1.714701    1.743900
  813.0870    1.690901    1.709000    1.721399    1.736500    1.757099
  816.3440    1.712799    1.745001    1.771099    1.782499    1.790400
  819.7750    1.754601    1.759600    1.804399    1.831501    1.840401
  823.8310    1.789200    1.809500    1.819000    1.853199    1.881701
  827.8770    1.838699    1.857399    1.866100    1.868200    1.890499
  831.7610    1.875299    1.884399    1.915600    1.917601    1.913000
  834.9650    1.903299    1.934099    1.940001    1.964001    1.961800
  838.2460    1.942699    1.972000    1.977699    1.994400    2.011610
  841.1380    1.965200    1.994801    2.027470    2.021770    2.040090
  844.4160    2.015150    2.039060    2.062660    2.070300    2.068630
  848.7730    2.051690    2.077480    2.088210    2.115910    2.118460
  852.7480    2.101640    2.112240    2.132320    2.130560    2.154790
  857.0310    2.142010    2.162150    2.164260    2.172310    2.170380
  861.6280    2.184350    2.201940    2.212910    2.221730    2.220320
  865.6160    2.234060    2.244400    2.249220    2.244330    2.263260
  869.8070    2.278410    2.283070    2.286050    2.293870    2.285240
  873.9830    2.315070    2.324530    2.336020    2.331870    2.328690
  877.9160    2.365020    2.366960    2.361460    2.369220    2.378139
  881.7720    2.398790    2.406540    2.410930    2.411370    2.406340
  886.4090    2.447810    2.455390    2.449340    2.449570    2.455610
  890.4560    2.495310    2.489280    2.497400    2.499470    2.497740
  894.3640    2.536480    2.538790    2.535850    2.532530    2.532580
  898.7790    2.582440    2.578980    2.580470    2.582420    2.582460
  902.6420    2.624230    2.628640    2.624480    2.624320    2.622590
  906.9590    2.674210    2.667590    2.669800    2.666180    2.667470
  910.7700    2.717980    2.714610    2.712850    2.715530    2.714180
  915.1660    2.765710    2.764080    2.762310    2.756500    2.757840
  918.7990    2.805480    2.803730    2.803240    2.806410    2.803920
  922.8360    2.854380    2.853640    2.849480    2.846450    2.847390
  926.6560    2.901229    2.894630    2.895780    2.896020    2.894500
  930.5090    2.946408    2.944423    2.942202    2.940526    2.941024
  934.5210    2.993930    2.992960    2.990587    2.990219    2.988858
  938.3110    3.040602    3.037904    3.038978    3.038660    3.038819
  941.8710    3.088065    3.087533    3.084076    3.083180    3.082498
  945.4580    3.136690    3.133120    3.133320    3.132420    3.131620
  949.1380    3.185970    3.182870    3.180640    3.179840    3.181010
  952.4490    3.230550    3.229500    3.229270    3.229530    3.226860
  955.7830    3.278250    3.275750    3.275750    3.273760    3.276160
  958.8710    3.325290    3.324940    3.322260    3.323600    3.320810
  962.0460    3.374270    3.371160    3.371160    3.368700    3.370530
  964.9020    3.418400    3.417220    3.416620    3.417500    3.416860
  967.8430    3.466810    3.467100    3.465260    3.464580    3.463640
  970.5260    3.514140    3.511680    3.512310    3.511340    3.512640
  973.1540    3.561160    3.560740    3.559020    3.559720    3.558120
  975.7280    3.609020    3.607120    3.607800    3.606570    3.606920
  978.1040    3.656740    3.656160    3.654740    3.654670    3.654980
  980.4920    3.704850    3.703360    3.703490    3.703700    3.702770
  982.6800    3.751540    3.752450    3.751950    3.750950    3.750680
  984.7360    3.800490    3.798010    3.797640    3.798000    3.798930
  986.7280    3.846390    3.846710    3.846730    3.846200    3.845320
  988.6570    3.895330    3.894990    3.894150    3.893720    3.893980
  990.4500    3.944250    3.943170    3.942970    3.942680    3.943380
  992.1780    3.991730    3.991550    3.991590    3.991810    3.991160
  993.7670    4.039700    4.038900    4.038600    4.037600    4.037900
  995.2880    4.087300    4.087400    4.086900    4.087000    4.087100
  996.7410    4.135800    4.135000    4.135201    4.136300    4.135600
  998.1250    4.184400    4.184900    4.184100    4.183400    4.183800
  999.4410    4.233800    4.233400    4.233000    4.232800    4.233400
 1000.6130    4.279700    4.279300    4.279900    4.280800    4.279900
 1001.7140    4.325800    4.326100    4.326100    4.325700    4.325800
 1002.8170    4.374400    4.373800    4.373700    4.373500    4.374300
 1003.8500    4.421800    4.421900    4.421800    4.422100    4.422000
 1004.8100    4.469000    4.469000    4.468900    4.469100    4.468700
 1005.7720    4.517600    4.517500    4.518100    4.518100    4.517900
 1006.6620    4.565701    4.565600    4.565001    4.565100    4.565600
 1007.4790    4.611400    4.611200    4.611200    4.611000    4.611600
 1008.2980    4.659200    4.659000    4.659200    4.659000    4.658700
 1009.0430    4.704300    4.704400    4.704300    4.704000    4.703700
 1009.7890    4.751900    4.751100    4.750800    4.751800    4.751000
 1010.5360    4.800700    4.800700    4.800800    4.800200    4.800400
 1011.2100    4.846600    4.846900    4.846500    4.846300    4.846800
 1011.8850    4.895200    4.894800    4.894600    4.894400    4.894400
 1012.5600    4.944500    4.944201    4.944400    4.944000    4.943800
 1013.1610    4.991000    4.990800    4.990600    4.991000    4.990300
 1013.7630    5.039500    5.039500    5.039300    5.039400    5.039100
 1014.2900    5.083000    5.083000    5.082900    5.082500    5.083100
 1014.8180    5.129000    5.128901    5.128600    5.128201    5.128700
 1015.3460    5.176500    5.176400    5.176800    5.176701    5.176200
 1015.8750    5.226500    5.226300    5.226300    5.226600    5.226000
 1016.3290    5.271100    5.271300    5.270400    5.270600    5.270500
 1016.7830    5.317400    5.317400    5.317400    5.317101    5.316999
 1017.2370    5.366199    5.365800    5.366400    5.366000    5.365900
 1017.6160    5.408200    5.408400    5.408300    5.408200    5.408500
 1017.9960    5.452200    5.452300    5.451700    5.451800    5.452600
 1018.3750    5.498100    5.497700    5.497700    5.497700    5.498400
 1018.7550    5.545800    5.545700    5.546000    5.546100    5.545900
 1019.0590    5.585700    5.585800    5.586000    5.586500    5.585400
 1019.3640    5.627200    5.627200    5.627200    5.627800    5.626400
 1019.6680    5.669900    5.670000    5.670100    5.670000    5.669100
 1019.9730    5.714700    5.714900    5.714900    5.713700    5.713600
 1020.2780    5.761900    5.762200    5.761600    5.759700    5.760201
 1020.5830    5.810900    5.811100    5.809999    5.808599    5.809100
 1020.8120    5.848800    5.848800    5.847600    5.847400    5.847700
 1021.0410    5.888400    5.887500    5.886700    5.887900    5.888000
 1021.2700    5.929700    5.927900    5.927700    5.929900    5.930400
 1021.4990    5.972500    5.970600    5.971100    5.973600    5.974800
 1021.7290    6.016600    6.015800    6.017100    6.019100    6.021100
 1021.9580    6.062201    6.063300    6.065400    6.066700    6.069300
 1022.1110    6.094100    6.096200    6.098900    6.099700    6.102300
 1022.2640    6.127300    6.130100    6.133200    6.133699    6.136000
 1022.4170    6.162100    6.165100    6.168300    6.168900    6.170300
 1022.5700    6.198299    6.201300    6.204200    6.204900    6.205100
 1022.7240    6.235800    6.238800    6.241000    6.241700    6.240400
 1022.8770    6.274800    6.277800    6.278700    6.279200    6.276200
 1023.0300    6.315100    6.318000    6.317300    6.316999    6.312500
 1023.1830    6.357100    6.359300    6.356700    6.355200    6.349300
 1023.3370    6.400600    6.401300    6.397000    6.393500    6.386700
 1023.4900    6.445499    6.443700    6.437901    6.432000    6.424800
 1023.6440    6.491500    6.486300    6.479200    6.470900    6.463800
 1023.7970    6.537900    6.529100    6.521000    6.510500    6.504100
 1023.9510    6.584500    6.572200    6.563400    6.551500    6.546200
 1024.1040    6.631300    6.616301    6.606700    6.594700    6.590800
 1024.2581    6.678600    6.662200    6.651700    6.641500    6.639000
 1024.3350    6.702700    6.686200    6.675400    6.666700    6.665000
 1024.4120    6.727400    6.711100    6.700300    6.693600    6.692699
 1024.4890    6.752700    6.737400    6.726700    6.722500    6.722400
 1024.5649    6.779000    6.765200    6.755000    6.753901    6.754499
 1024.6420    6.806601    6.795100    6.786100    6.788400    6.789800
 1024.7190    6.836100    6.827700    6.820601    6.826600    6.828900
 1024.7960    6.868000    6.863800    6.859600    6.869600    6.872900
 1024.8730    6.903500    6.904600    6.904500    6.918700    6.923200
 1024.9500    6.944000    6.951800    6.957300    6.975600    6.981500
 1025.0270    6.992001    7.007900    7.020599    7.042900    7.050700
 1025.1040    7.051200    7.076900    7.098499    7.124400    7.134501
 1025.1810    7.128799    7.165900    7.198100    7.227301    7.240400
 1025.2581    7.791500    7.806300    7.820499    7.830999    7.837100
 1025.3350    9.041100    9.042700    9.044400    9.045401    9.046300
 1025.4120   10.009900   10.010201   10.010500   10.010700   10.010900
 1025.4890   10.701300   10.701400   10.701500   10.701500   10.701600
 1025.5660   11.166800   11.166800   11.166800   11.166800   11.166800
 1025.6429   11.436100   11.436100   11.436100   11.436100   11.436100
 1025.7970   11.436100   11.436100   11.436100   11.436100   11.436000
 1025.8740   11.166800   11.166800   11.166800   11.166800   11.166800
 1025.9510   10.701200   10.701300   10.701400   10.701400   10.701400
 1026.0280   10.009600   10.009900   10.010201   10.010300   10.010600
 1026.1050    9.039600    9.041100    9.042400    9.043100    9.044400
 1026.1830    7.768300    7.783700    7.792900    7.800700    7.814000
 1026.2600    7.021900    7.071700    7.091600    7.117599    7.158000
 1026.3370    6.930400    6.970000    6.979800    7.005100    7.041300
 1026.4139    6.860600    6.889900    6.892500    6.917000    6.948299
 1026.4910    6.805000    6.823999    6.822100    6.845400    6.871300
 1026.5680    6.759399    6.768100    6.763900    6.785700    6.806200
 1026.6460    6.720800    6.719600    6.715000    6.734800    6.749900
 1026.7230    6.687300    6.676800    6.673200    6.690599    6.700500
 1026.8000    6.657100    6.638600    6.636700    6.651400    6.656700
 1026.8770    6.629000    6.604200    6.604400    6.616100    6.617200
 1026.9540    6.602100    6.573000    6.575300    6.583700    6.581200
 1027.0320    6.575700    6.544500    6.548500    6.553699    6.548200
 1027.1090    6.549300    6.518300    6.523400    6.525400    6.517500
 1027.1860    6.522500    6.493999    6.499599    6.498500    6.488900
 1027.2629    6.495399    6.471300    6.476700    6.472700    6.462000
 1027.3409    6.467900    6.449900    6.454300    6.447800    6.436600
 1027.4180    6.440400    6.429399    6.432301    6.423700    6.412600
 1027.4950    6.413100    6.409700    6.410500    6.400300    6.389700
 1027.5730    6.386499    6.390300    6.388800    6.377501    6.367900
 1027.7271    6.336600    6.351700    6.345700    6.333900    6.327200
 1027.8820    6.293000    6.312500    6.303200    6.293100    6.289900
 1028.0370    6.255600    6.272000    6.262000    6.255400    6.255700
 1028.1920    6.222400    6.230800    6.223000    6.220900    6.224000
 1028.3470    6.189899    6.190100    6.187000    6.189700    6.194500
 1028.5020    6.155800    6.151700    6.154900    6.161500    6.166600
 1028.6570    6.119801    6.117500    6.126500    6.135500    6.139700
 1028.8120    6.083600    6.088600    6.101400    6.111000    6.113200
 1029.0439    6.037200    6.054800    6.067500    6.074700    6.072701
 1029.2770    6.007401    6.027500    6.033900    6.035800    6.029700
 1029.5100    5.990000    5.998500    5.996000    5.991800    5.982800
 1029.6650    5.978000    5.974600    5.966500    5.958600    5.948700
 1029.8199    5.960500    5.945400    5.933200    5.922300    5.912200
 1029.9760    5.934900    5.910600    5.895700    5.882700    5.873400
 1030.1310    5.900100    5.870300    5.854400    5.840300    5.832300
 1030.2870    5.856700    5.825500    5.809900    5.795600    5.789300
 1030.3640    5.832300    5.801800    5.786600    5.772600    5.767100
 1030.4420    5.806499    5.777400    5.762900    5.749300    5.744699
 1030.5200    5.779600    5.752501    5.738800    5.725800    5.722000
 1030.5980    5.751801    5.727400    5.714400    5.702200    5.699200
 1030.6760    5.723400    5.702000    5.690001    5.678600    5.676300
 1030.7531    5.694700    5.676600    5.665600    5.655100    5.653400
 1030.8311    5.665900    5.651300    5.641300    5.631900    5.630600
 1030.9091    5.637100    5.626200    5.617300    5.608900    5.608000
 1030.9871    5.608500    5.601300    5.593600    5.586300    5.585700
 1031.0649    5.580300    5.576600    5.570400    5.564199    5.563800
 1031.1429    5.552401    5.552200    5.547600    5.542600    5.542300
 1031.2200    5.525200    5.528100    5.525400    5.521500    5.521300
 1031.2980    5.498600    5.504400    5.503700    5.500900    5.500900
 1031.3760    5.472900    5.481100    5.482600    5.480800    5.481100
 1031.5320    5.424500    5.435900    5.441999    5.442400    5.443399
 1031.6880    5.381001    5.393300    5.403600    5.405800    5.408400
 1031.8440    5.342700    5.354200    5.367200    5.371099    5.375900
 1032.0000    5.309401    5.319300    5.332600    5.338000    5.345600
 1032.2340    5.266600    5.275100    5.284300    5.291000    5.303300
 1032.4680    5.228700    5.238501    5.240100    5.247499    5.263500
 1032.7020    5.192600    5.205300    5.200000    5.207800    5.225000
 1033.0150    5.146000    5.160100    5.152600    5.161500    5.175100
 1033.3280    5.103100    5.113300    5.111200    5.122100    5.127300
 1033.6410    5.067699    5.070400    5.075000    5.087400    5.083300
 1034.0320    5.030200    5.027200    5.035100    5.047400    5.035200
 1034.4240    4.986000    4.989600    4.997499    5.008400    4.994600
 1034.8160    4.942000    4.952100    4.957900    4.969300    4.958100
 1035.2870    4.910400    4.909900    4.910300    4.920900    4.915300
 1035.7581    4.874800    4.868900    4.874300    4.871200    4.872400
 1036.2290    4.834800    4.828700    4.850800    4.826400    4.831900
 1036.8590    4.797400    4.795100    4.808900    4.784600    4.784200
 1037.3320    4.765000    4.768500    4.762900    4.759100    4.752100
 1037.8840    4.724400    4.721000    4.717400    4.719000    4.718900
 1038.4360    4.677600    4.693501    4.688000    4.673400    4.693400
 1039.2271    4.649400    4.666900    4.638800    4.640400    4.665100
 1039.9390    4.604200    4.617700    4.599100    4.626700    4.628000
 1040.6520    4.598200    4.580200    4.567300    4.596000    4.582000
 1041.6050    4.557300    4.532900    4.540800    4.558599    4.553300
 1042.7190    4.508000    4.484500    4.534300    4.514500    4.534100
 1043.5950    4.469000    4.460200    4.490300    4.493400    4.488200
 1044.8730    4.440600    4.470900    4.469100    4.456700    4.439900
 1045.6740    4.412500    4.444800    4.442500    4.409600    4.417700
 1046.5551    4.403400    4.438700    4.395600    4.384600    4.387700
 1047.9210    4.406400    4.390700    4.352300    4.368700    4.339900
 1048.7260    4.384200    4.343200    4.339500    4.327900    4.301400
 1050.7430    4.336400    4.315300    4.291100    4.286500    4.305900
 1051.7960    4.292300    4.284700    4.288500    4.310700    4.354600
 1052.7690    4.278000    4.301400    4.335700    4.354900    4.371000
 1053.8250    4.265800    4.348400    4.361400    4.384200    4.392800
 1054.7209    4.315500    4.384000    4.383600    4.399100    4.429200
 1055.1281    4.360800    4.397500    4.397500    4.412800    4.446700
 1055.7810    4.410600    4.408500    4.421900    4.446301    4.471300
 1056.6801    4.444800    4.426400    4.461900    4.495500    4.497200
 1057.4160    4.467400    4.471200    4.501800    4.520600    4.512600
 1058.1541    4.494800    4.519600    4.535800    4.528100    4.518600
 1058.9750    4.542000    4.543000    4.544200    4.518600    4.504000
 1059.8790    4.552500    4.534200    4.510700    4.485800    4.454600
 1060.4550    4.526000    4.511600    4.472800    4.447900    4.406900
 1060.9500    4.491300    4.476900    4.433800    4.402900    4.359800
 1061.3621    4.453600    4.435900    4.396800    4.357400    4.319000
 1061.6920    4.415200    4.396200    4.363500    4.317400    4.286600
 1062.0220    4.369800    4.352700    4.325900    4.275700    4.255100
 1062.3530    4.321200    4.308400    4.283600    4.234100    4.224600
 1062.6840    4.275400    4.265800    4.236900    4.194300    4.194901
 1063.0150    4.237100    4.226200    4.187400    4.157700    4.165500
 1063.3459    4.206500    4.188600    4.137600    4.124900    4.135700
 1063.6770    4.178900    4.150800    4.090600    4.095700    4.105200
 1064.0090    4.148500    4.110600    4.049600    4.069100    4.074400
 1064.3400    4.113000    4.066800    4.016800    4.043800    4.044200
 1064.6720    4.075500    4.020400    3.992550    4.018900    4.016200
 1065.0050    4.042300    3.974720    3.975330    3.994400    3.992670
 1065.4200    4.013800    3.927510    3.959510    3.966340    3.973040
 1066.4189    3.969420    3.896680    3.925190    3.935640    3.983070
 1066.9189    3.922930    3.905660    3.913910    3.949970    4.012200
 1067.3361    3.878930    3.909600    3.916050    3.975520    4.040700
 1067.9200    3.851340    3.907770    3.943570    4.022600    4.078300
 1068.4220    3.873720    3.912800    3.987120    4.063500    4.103900
 1068.8400    3.902690    3.933880    4.030100    4.093100    4.119900
 1069.3420    3.925090    3.981880    4.079800    4.121200    4.134600
 1069.6770    3.933180    4.021900    4.108100    4.135700    4.142900
 1070.0129    3.943880    4.062700    4.131300    4.147900    4.151500
 1070.4320    3.972850    4.108700    4.153400    4.161100    4.163700
 1070.7679    4.011700    4.139100    4.166700    4.171400    4.175600
 1071.1040    4.059299    4.163000    4.177800    4.182600    4.189600
 1071.4399    4.108100    4.181499    4.188400    4.195400    4.205400
 1071.7760    4.151700    4.196200    4.200200    4.210300    4.222500
 1072.2810    4.201500    4.216100    4.222700    4.236100    4.248700
 1073.1240    4.249500    4.257200    4.271700    4.281300    4.286600
 1073.8840    4.288900    4.305300    4.313800    4.311900    4.306000
 1074.5601    4.336600    4.343000    4.335500    4.322200    4.307000
 1075.3220    4.383500    4.359900    4.332700    4.309000    4.286900
 1076.0850    4.389000    4.336900    4.297100    4.267300    4.242900
 1076.5940    4.359200    4.297100    4.255100    4.224100    4.200400
 1077.0179    4.312600    4.249300    4.209100    4.179100    4.157000
 1077.2729    4.275400    4.214700    4.176900    4.148400    4.127600
 1077.5280    4.231400    4.175700    4.141300    4.114900    4.095800
 1077.6980    4.198500    4.147400    4.115800    4.091100    4.073300
 1077.8680    4.162900    4.117400    4.088800    4.066300    4.049800
 1078.0389    4.124900    4.085700    4.060500    4.040300    4.025300
 1078.2090    4.084400    4.052299    4.030800    4.013300    3.999870
 1078.3790    4.041900    4.017500    3.999970    3.985360    3.973560
 1078.5500    3.997360    3.981260    3.967860    3.956440    3.946420
 1078.7200    3.951090    3.943610    3.934610    3.926620    3.918490
 1078.8910    3.903330    3.904660    3.900270    3.895910    3.889810
 1079.0610    3.854310    3.864510    3.864940    3.864360    3.860430
 1079.1460    3.829410    3.844000    3.846930    3.848280    3.845490
 1079.2321    3.804290    3.823250    3.828700    3.832000    3.830410
 1079.3170    3.778980    3.802250    3.810280    3.815520    3.815170
 1079.4020    3.753490    3.781040    3.791680    3.798860    3.799780
 1079.4880    3.727870    3.759610    3.772900    3.782020    3.784250
 1079.5730    3.702110    3.738020    3.753970    3.765010    3.768600
 1079.6580    3.676250    3.716270    3.734910    3.747820    3.752820
 1079.7440    3.650290    3.694390    3.715730    3.730480    3.736920
 1079.8290    3.624270    3.672410    3.696440    3.712990    3.720910
 1079.9150    3.598200    3.650350    3.677080    3.695360    3.704790
 1080.0000    3.572100    3.628230    3.657640    3.677620    3.688580
 1080.0850    3.546000    3.606060    3.638140    3.659750    3.672270
 1080.1710    3.519930    3.583880    3.618590    3.641780    3.655890
 1080.2560    3.493930    3.561710    3.599010    3.623740    3.639420
 1080.3420    3.468020    3.539550    3.579410    3.605620    3.622880
 1080.4270    3.442230    3.517430    3.559790    3.587430    3.606270
 1080.5129    3.416590    3.495380    3.540170    3.569200    3.589610
 1080.5980    3.391150    3.473380    3.520550    3.550940    3.572890
 1080.6840    3.365880    3.451480    3.500940    3.532650    3.556130
 1080.8550    3.316010    3.407970    3.461780    3.496060    3.522510
 1081.0260    3.267150    3.365000    3.422740    3.459500    3.488790
 1081.1970    3.219350    3.322650    3.383890    3.423050    3.455000
 1081.3690    3.172810    3.281030    3.345300    3.386730    3.421180
 1081.5400    3.127590    3.240170    3.307030    3.350620    3.387350
 1081.7111    3.083753    3.200030    3.269140    3.314750    3.353570
 1081.8831    3.041116    3.160530    3.231700    3.279160    3.319860
 1082.0540    2.999327    3.121490    3.194740    3.243930    3.286230
 1082.2260    2.957871    3.082785    3.158180    3.209110    3.252730
 1082.3970    2.916259    3.044304    3.121990    3.174790    3.219370
 1082.5690    2.874160    3.006038    3.086146    3.141010    3.186250
 1082.7410    2.831470    2.967969    3.050573    3.107820    3.153390
 1082.9120    2.788230    2.930225    3.015234    3.075218    3.120800
 1083.0840    2.744510    2.892890    2.980162    3.043126    3.088597
 1083.2560    2.700250    2.855990    2.945444    3.011486    3.056752
 1083.4280    2.655370    2.819480    2.911174    2.980117    3.025347
 1083.6000    2.609820    2.783230    2.877440    2.948931    2.994423
 1083.7720    2.563880    2.747080    2.844310    2.917794    2.963939
 1083.9440    2.518160    2.710900    2.811780    2.886620    2.933897
 1084.1160    2.473400    2.674640    2.779760    2.855390    2.904277
 1084.2880    2.430110    2.638410    2.748090    2.824130    2.875040
 1084.4611    2.388210    2.602350    2.716590    2.792920    2.846150
 1084.6331    2.347080    2.566610    2.685030    2.761890    2.817570
 1084.8051    2.305760    2.531240    2.653300    2.731150    2.789270
 1084.9780    2.263610    2.496040    2.621320    2.700780    2.761220
 1085.1500    2.220550    2.460720    2.589150    2.670800    2.733410
 1085.3230    2.177020    2.424880    2.556870    2.641150    2.705810
 1085.4950    2.133480    2.388140    2.524630    2.611690    2.678410
 1085.6680    2.089870    2.350400    2.492510    2.582270    2.651170
 1085.8409    2.045480    2.311800    2.460510    2.552680    2.624060
 1086.0129    1.999300    2.272770    2.428510    2.522820    2.597010
 1086.1860    1.950899    2.233860    2.396270    2.492630    2.569950
 1086.3590    1.901100    2.195540    2.363540    2.462160    2.542780
 1086.5320    1.851799    2.158030    2.330050    2.431570    2.515420
 1086.7050    1.805300    2.121070    2.295700    2.401090    2.487800
 1086.8781    1.762899    2.084150    2.260570    2.370980    2.459830
 1087.0510    1.723700    2.046690    2.224970    2.341390    2.431510
 1087.2240    1.685200    2.008390    2.189350    2.312410    2.402830
 1087.3970    1.645201    1.969299    2.154240    2.283960    2.373830
 1087.5710    1.603399    1.930201    2.120050    2.255750    2.344590
 1087.7440    1.561800    1.892000    2.087000    2.227400    2.315260
 1087.9170    1.523001    1.855600    2.055000    2.198490    2.285890
 1088.0909    1.488501    1.821199    2.023540    2.168620    2.256620
 1088.3510    1.440100    1.772200    1.976200    2.121560    2.213040
 1088.5240    1.403700    1.739201    1.943600    2.088700    2.184240
 1088.6980    1.360901    1.704300    1.909901    2.055110    2.155610
 1088.8719    1.313101    1.666700    1.875200    2.021270    2.127070
 1089.0450    1.266199    1.626699    1.840099    1.987900    2.098540
 1089.2190    1.226799    1.585800    1.805401    1.955500    2.069930
 1089.3929    1.197599    1.546101    1.771999    1.924601    2.041160
 1089.5670    1.174700    1.509600    1.740400    1.895100    2.012250
 1089.8280    1.134899    1.461901    1.696100    1.852600    1.968800
 1090.0020    1.098499    1.432899    1.667500    1.824400    1.939800
 1090.1760    1.055401    1.394699    1.632799    1.792200    1.909401
 1090.3500    1.012400    1.356501    1.598200    1.759899    1.879000
 1090.5240    0.969400    1.318300    1.563601    1.727699    1.848600
 1090.6980    0.926399    1.280201    1.528999    1.695499    1.818100
 1090.8730    0.883101    1.241699    1.494101    1.663000    1.787500
 1091.0470    0.840000    1.203600    1.459499    1.630800    1.757099
 1091.2209    0.797001    1.165400    1.424900    1.598600    1.726700
 1091.3960    0.753700    1.127001    1.390100    1.566099    1.696100
 1091.5699    0.710701    1.088800    1.355499    1.533899    1.665699
 1091.7450    0.667400    1.050400    1.320601    1.501499    1.635099
 1091.9189    0.624399    1.012199    1.285999    1.469200    1.604700
 1092.0940    0.581100    0.973801    1.251200    1.436800    1.574100
 1092.2690    0.537800    0.935301    1.216400    1.404400    1.543499
 1092.4440    0.494600    0.896900    1.181601    1.372000    1.512899
 1092.6180    0.451500    0.858700    1.146900    1.339701    1.482399
 1092.7930    0.408199    0.820301    1.112101    1.307301    1.451900
 1092.9680    0.365000    0.781900    1.077299    1.274900    1.421200
 1093.1429    0.321701    0.743500    1.042500    1.242500    1.390699
 1093.3180    0.278400    0.705101    1.007700    1.209999    1.360100
 1093.4940    0.234900    0.666500    0.972599    1.177401    1.329300
 1093.6689    0.191601    0.628099    0.937799    1.145000    1.298700
 1093.8440    0.148300    0.589701    0.903000    1.112600    1.268101
 1094.0190    0.105000    0.551201    0.868200    1.080101    1.237499
 1094.1949    0.061501    0.512600    0.833200    1.047501    1.206699
 1094.3700    0.018200    0.474199    0.798300    1.015100    1.176100
 1094.5460   -0.025299    0.435600    0.763300    0.982500    1.145300
 1094.7209   -0.068600    0.397200    0.728500    0.950100    1.114799
 1094.8970   -0.112101    0.358500    0.693501    0.917500    1.084000
 1095.0720   -0.155399    0.320101    0.658600    0.885000    1.053400
 1095.2480   -0.198900    0.281500    0.623600    0.852400    1.022600
 1095.4240   -0.242399    0.242901    0.588600    0.819799    0.991899
 1095.5990   -0.285700    0.204500    0.553801    0.787399    0.961201
 1095.7750   -0.329300    0.165800    0.518801    0.754801    0.930500
 1095.9510   -0.372801    0.127199    0.483700    0.722200    0.899700
 1096.1270   -0.416300    0.088600    0.448700    0.689600    0.868900
 1096.3030   -0.459801    0.049900    0.413700    0.657000    0.838200
 1096.4790   -0.503401    0.011299    0.378700    0.624300    0.807400
 1096.6550   -0.546900   -0.027300    0.343700    0.591700    0.776600
 1096.8320   -0.590700   -0.066200    0.308399    0.558901    0.745701
 1097.0081   -0.634201   -0.104799    0.273399    0.526300    0.714901
 1097.1840   -0.677700   -0.143400    0.238400    0.493700    0.684099
 1097.3610   -0.721500   -0.182301    0.203199    0.460899    0.653200
 1097.5370   -0.764999   -0.220900    0.168200    0.428299    0.622400
 1097.7140   -0.808800   -0.259800    0.132900    0.395500    0.591499
 1097.8900   -0.852301   -0.298401    0.097900    0.362900    0.560699
 1098.0670   -0.896099   -0.337200    0.062700    0.330101    0.529699
 1098.2430   -0.939600   -0.375900    0.027700    0.297501    0.499001
 1098.4200   -0.983400   -0.414700   -0.007500    0.264700    0.468000
 1098.5970   -1.027201   -0.453600   -0.042801    0.231899    0.437099
 1098.7740   -1.070900   -0.492399   -0.077999    0.199100    0.406099
 1098.9500   -1.114500   -0.531000   -0.112999    0.166500    0.375401
 1099.1270   -1.158199   -0.569901   -0.148201    0.133699    0.344400
 1099.3040   -1.202000   -0.608700   -0.183399    0.100901    0.313499
 1099.4810   -1.245800   -0.647600   -0.218599    0.068100    0.282499
 1099.6591   -1.289801   -0.686701   -0.254101    0.035099    0.251400
 1099.8361   -1.333599   -0.725500   -0.289299    0.002300    0.220400
 1100.0129   -1.377300   -0.764299   -0.324501   -0.030399    0.189501
 1100.1899   -1.421101   -0.803200   -0.359699   -0.063200    0.158600
 1100.3680   -1.465200   -0.842300   -0.395201   -0.096199    0.127399
 1100.5450   -1.508900   -0.881100   -0.430401   -0.129000    0.096500
 1100.7220   -1.552700   -0.920000   -0.465599   -0.161800    0.065500
 1100.9000   -1.596701   -0.959101   -0.500999   -0.194799    0.034401
 1101.0770   -1.640499   -0.997900   -0.536200   -0.227600    0.003500
 1101.2550   -1.684500   -1.037001   -0.571600   -0.260601   -0.027700
 1101.4330   -1.728500   -1.076000   -0.607100   -0.293499   -0.058800
 1101.6110   -1.772600   -1.115101   -0.642500   -0.326500   -0.089901
 1101.7880   -1.816299   -1.153900   -0.677700   -0.359301   -0.120800
 1101.9659   -1.860300   -1.193001   -0.713100   -0.392300   -0.152000
 1102.1440   -1.904400   -1.232100   -0.748501   -0.425301   -0.183100
 1102.3220   -1.948400   -1.271200   -0.784000   -0.458300   -0.214199
 1102.5000   -1.992401   -1.310200   -0.819401   -0.491199   -0.245300
 1102.6780   -2.036400   -1.349300   -0.854799   -0.524200   -0.276400
 1102.8560   -2.080500   -1.388401   -0.890200   -0.557199   -0.307600
 1103.0341   -2.124500   -1.427401   -0.925600   -0.590200   -0.338699
 1103.2130   -2.168800   -1.466700   -0.961201   -0.623400   -0.369999
 1103.3910   -2.212799   -1.505800   -0.996700   -0.656300   -0.401100
 1103.5690   -2.256800   -1.544899   -1.032101   -0.689301   -0.432199
 1103.7480   -2.301100   -1.584200   -1.067699   -0.722500   -0.463501
 1103.9260   -2.345100   -1.623199   -1.103100   -0.755501   -0.494699
 1104.1050   -2.389400   -1.662500   -1.138700   -0.788601   -0.525900
 1104.2830   -2.433399   -1.701599   -1.174099   -0.821600   -0.557100
 1104.4620   -2.477699   -1.740900   -1.209801   -0.854799   -0.588400
 1104.6410   -2.521900   -1.780100   -1.245399   -0.887899   -0.619699
 1104.8199   -2.566200   -1.819401   -1.281000   -0.921101   -0.650900
 1104.9980   -2.610199   -1.858500   -1.316401   -0.954100   -0.682100
 1105.1770   -2.654499   -1.897800   -1.352001   -0.987200   -0.713400
 1105.3560   -2.698700   -1.937099   -1.387600   -1.020401   -0.744699
 1105.5350   -2.743000   -1.976400   -1.423300   -1.053600   -0.776001
 1105.7140   -2.787300   -2.015699   -1.458900   -1.086700   -0.807301
 1105.8929   -2.831501   -2.054901   -1.494499   -1.119900   -0.838600
 1106.0730   -2.876101   -2.094500   -1.530300   -1.153299   -0.869999
 1106.2520   -2.920300   -2.133699   -1.565899   -1.186399   -0.901300
 1106.4310   -2.964600   -2.173000   -1.601601   -1.219601   -0.932600
 1106.6110   -3.009100   -2.212500   -1.637400   -1.252899   -0.964100
 1106.7900   -3.053400   -2.251801   -1.673000   -1.286100   -0.995399
 1106.9690   -3.097700   -2.291100   -1.708599   -1.319300   -1.026699
 1107.1490   -3.142200   -2.330601   -1.744400   -1.352600   -1.058201
 1107.3290   -3.186699   -2.370100   -1.780201   -1.386000   -1.089600
 1107.5081   -3.230999   -2.409401   -1.815899   -1.419100   -1.120899
 1107.6880   -3.275499   -2.448900   -1.851700   -1.452499   -1.152401
 1107.8680   -3.320000   -2.488400   -1.887501   -1.485800   -1.183899
 1108.0470   -3.364300   -2.527700   -1.923100   -1.519001   -1.215200
 1108.2271   -3.408800   -2.567200   -1.958900   -1.552401   -1.246601
 1108.4070   -3.453300   -2.606701   -1.994699   -1.585701   -1.278099
 1108.5870   -3.497799   -2.646299   -2.030600   -1.619101   -1.309601
 1108.7670   -3.542301   -2.685699   -2.066401   -1.652401   -1.341000
 1108.9470   -3.586800   -2.725300   -2.102200   -1.685801   -1.372499
 1109.1281   -3.631599   -2.764999   -2.138199   -1.719299   -1.404200
 1109.3080   -3.676100   -2.804501   -2.174000   -1.752600   -1.435600
 1109.4880   -3.720600   -2.844000   -2.209801   -1.785999   -1.467100
 1109.6680   -3.765100   -2.883499   -2.245600   -1.819300   -1.498600
 1109.8490   -3.809900   -2.923201   -2.281700   -1.852900   -1.530201
 1110.0291   -3.854401   -2.962799   -2.317501   -1.886200   -1.561699
 1110.2100   -3.899200   -3.002501   -2.353500   -1.919800   -1.593300
 1110.3900   -3.943699   -3.042000   -2.389299   -1.953100   -1.624800
 1110.5710   -3.988501   -3.081699   -2.425301   -1.986700   -1.656500
 1110.7520   -4.033199   -3.121399   -2.461300   -2.020199   -1.688099
 1110.9330   -4.077999   -3.161200   -2.497299   -2.053699   -1.719799
 1111.1130   -4.122499   -3.200699   -2.533199   -2.087101   -1.751200
 1111.2939   -4.167301   -3.240400   -2.569201   -2.120600   -1.782900
 1111.4750   -4.212000   -3.280100   -2.605200   -2.154100   -1.814499
 1111.6560   -4.256800   -3.319799   -2.641201   -2.187700   -1.846199
 1111.8370   -4.301600   -3.359600   -2.677200   -2.221199   -1.877800
 1112.0179   -4.346300   -3.399300   -2.713200   -2.254799   -1.909401
 1112.2000   -4.391300   -3.439199   -2.749401   -2.288500   -1.941299
 1112.3810   -4.436100   -3.479000   -2.785500   -2.322001   -1.972900
 1112.5620   -4.480900   -3.518700   -2.821499   -2.355600   -2.004601
 1112.7430   -4.525700   -3.558399   -2.857500   -2.389099   -2.036200
 1112.9250   -4.570700   -3.598400   -2.893700   -2.422800   -2.068001
 1113.1060   -4.615400   -3.638100   -2.929699   -2.456299   -2.099701
 1113.2880   -4.660400   -3.677999   -2.965900   -2.490101   -2.131500
 1113.4690   -4.705200   -3.717800   -3.001999   -2.523600   -2.163099
 1113.6510   -4.750200   -3.757700   -3.038200   -2.557301   -2.195000
 1113.8330   -4.795200   -3.797699   -3.074400   -2.591101   -2.226799
 1114.0140   -4.840000   -3.837400   -3.110401   -2.624599   -2.258400
 1114.1960   -4.885000   -3.877399   -3.146599   -2.658300   -2.290300
 1114.3781   -4.930000   -3.917301   -3.182800   -2.691999   -2.322100
 1114.5601   -4.975000   -3.957300   -3.219000   -2.725800   -2.353901
 1114.7419   -5.020000   -3.997200   -3.255199   -2.759501   -2.385700
 1114.9240   -5.064999   -4.037100   -3.291500   -2.793200   -2.417500
 1115.1060   -5.110001   -4.077099   -3.327700   -2.826900   -2.449400
 1115.2880   -5.154999   -4.117001   -3.363899   -2.860600   -2.481201
 1115.4709   -5.200300   -4.157200   -3.400299   -2.894501   -2.513199
 1115.6530   -5.245300   -4.197100   -3.436501   -2.928299   -2.545000
 1115.8350   -5.290300   -4.237101   -3.472700   -2.962000   -2.576799
 1116.0179   -5.335600   -4.277201   -3.509100   -2.995899   -2.608799
 1116.2000   -5.380600   -4.317200   -3.545401   -3.029600   -2.640600
 1116.3831   -5.425900   -4.357399   -3.581800   -3.063499   -2.672600
 1116.5649   -5.470900   -4.397301   -3.618000   -3.097200   -2.704399
 1116.7480   -5.516100   -4.437500   -3.654400   -3.131199   -2.736500
 1116.9310   -5.561401   -4.477600   -3.690800   -3.165100   -2.768499
 1117.1140   -5.606600   -4.517799   -3.727200   -3.198999   -2.800400
 1117.2960   -5.651699   -4.557800   -3.763401   -3.232700   -2.832300
 1117.4790   -5.696899   -4.597900   -3.799900   -3.266600   -2.864300
 1117.6620   -5.742199   -4.638100   -3.836300   -3.300499   -2.896299
 1117.8450   -5.787399   -4.678200   -3.872700   -3.334400   -2.928200
 1118.0280   -5.832699   -4.718399   -3.909100   -3.368299   -2.960199
 1118.2111   -5.878000   -4.758600   -3.945499   -3.402201   -2.992300
 1118.3950   -5.923500   -4.799000   -3.982100   -3.436300   -3.024401
 1118.5780   -5.968700   -4.839100   -4.018499   -3.470200   -3.056400
 1118.7610   -6.014000   -4.879299   -4.054901   -3.504101   -3.088400
 1118.9449   -6.059500   -4.919701   -4.091499   -3.538200   -3.120600
 1119.1281   -6.104700   -4.959900   -4.128000   -3.572100   -3.152599
 1119.3110   -6.150000   -5.000000   -4.164400   -3.605999   -3.184601
 1119.4950   -6.195499   -5.040400   -4.201000   -3.640100   -3.216700
 1119.6790   -6.241001   -5.080799   -4.237600   -3.674200   -3.248899
 1119.8621   -6.286301   -5.121000   -4.274000   -3.708099   -3.280899
 1120.0460   -6.331800   -5.161301   -4.310600   -3.742199   -3.313099
 1120.2300   -6.377300   -5.201700   -4.347200   -3.776300   -3.345200
 1120.4139   -6.422800   -5.242100   -4.383801   -3.810400   -3.377399
 1120.5980   -6.468300   -5.282501   -4.420500   -3.844500   -3.409599
 1120.7820   -6.513800   -5.322899   -4.457100   -3.878601   -3.441799
 1120.9659   -6.559299   -5.363300   -4.493700   -3.912701   -3.473900
 1121.1500   -6.604801   -5.403700   -4.530300   -3.946800   -3.506100
 1121.3340   -6.650299   -5.444000   -4.566900   -3.980900   -3.538300
 1121.5179   -6.695801   -5.484400   -4.603500   -4.014900   -3.570400
 1121.7020   -6.741299   -5.524799   -4.640100   -4.049000   -3.602600
 1121.8870   -6.787100   -5.565399   -4.676899   -4.083300   -3.634899
 1122.0710   -6.832600   -5.605801   -4.713600   -4.117401   -3.667099
 1122.2560   -6.878300   -5.646400   -4.750401   -4.151699   -3.699501
 1122.4399   -6.923801   -5.686800   -4.787001   -4.185801   -3.731600
 1122.6250   -6.969601   -5.727400   -4.823799   -4.220100   -3.764000
 1122.8090   -7.014999   -5.767799   -4.860401   -4.254101   -3.796200
 1122.9940   -7.061001   -5.808399   -4.897200   -4.288401   -3.828499
 1123.1790   -7.107000   -5.848999   -4.934000   -4.322701   -3.860800
 1123.3640   -7.152000   -5.889599   -4.970800   -4.357000   -3.893200
 1123.5480   -7.198000   -5.930000   -5.007401   -4.391100   -3.925400
 1123.7330   -7.243999   -5.970600   -5.044300   -4.425400   -3.957699
 1123.9180   -7.289000   -6.011200   -5.081100   -4.459600   -3.990101
 1124.1040   -7.334999   -6.052000   -5.118099   -4.494101   -4.022600
 1124.2889   -7.381001   -6.092600   -5.154900   -4.528400   -4.054901
 1124.4740   -7.427000   -6.133200   -5.191700   -4.562599   -4.087299
 1124.6591   -7.473000   -6.173801   -5.228500   -4.596901   -4.119600
 1124.8440   -7.518000   -6.214401   -5.265301   -4.631199   -4.152000
 1125.0300   -7.563999   -6.255299   -5.302299   -4.665699   -4.184500
 1125.2150   -7.610001   -6.295900   -5.339100   -4.699900   -4.216801
 1125.4010   -7.656000   -6.336700   -5.376200   -4.734400   -4.249300
 1125.5861   -7.702000   -6.377300   -5.413000   -4.768700   -4.281700
 1125.7720   -7.748001   -6.418100   -5.450001   -4.803101   -4.314199
 1125.9580   -7.793999   -6.458900   -5.487000   -4.837601   -4.346701
 1126.1429   -7.840000   -6.499500   -5.523800   -4.871901   -4.379101
 1126.3290   -7.886000   -6.540400   -5.560799   -4.906300   -4.411600
 1126.5150   -7.931999   -6.581200   -5.597801   -4.940800   -4.444099
 1126.7010   -7.978001   -6.622000   -5.634800   -4.975300   -4.476601
 1126.8870   -8.024000   -6.662800   -5.671799   -5.009701   -4.509201
 1127.0730   -8.070000   -6.703701   -5.708801   -5.044201   -4.541700
 1127.2590   -8.116001   -6.744499   -5.745899   -5.078701   -4.574200
 1127.4449   -8.161999   -6.785301   -5.782900   -5.113100   -4.606701
 1127.6310   -8.208000   -6.826099   -5.819901   -5.147600   -4.639200
 1127.8180   -8.254000   -6.867199   -5.857100   -5.182201   -4.671900
 1128.0040   -8.299999   -6.908001   -5.894100   -5.216700   -4.704500
 1128.1910   -8.346001   -6.949100   -5.931301   -5.251301   -4.737200
 1128.3770   -8.392000   -6.989899   -5.968300   -5.285801   -4.769699
 1128.5640   -8.438000   -7.031000   -6.005501   -5.320400   -4.802401
 1128.7500   -8.484001   -7.071999   -6.042500   -5.354900   -4.834900
 1128.9370   -8.531000   -7.112999   -6.079700   -5.389599   -4.867599
 1129.1240   -8.577000   -7.153999   -6.117001   -5.424200   -4.900299
 1129.3101   -8.623001   -7.195000   -6.153999   -5.458700   -4.932800
 1129.4969   -8.668999   -7.236000   -6.191200   -5.493301   -4.965500
 1129.6840   -8.715000   -7.277000   -6.228401   -5.528000   -4.998199
 1129.8710   -8.762001   -7.318001   -6.265600   -5.562599   -5.030899
 1129.9650   -8.785000   -7.338001   -6.284300   -5.580000   -5.047300
     16.00  577    5   6000.00  10000.00  14000.00  18000.00  22000.00
  790.0330    1.478830    1.428070    1.406540    1.405069    1.407190
  792.5090    1.494270    1.446541    1.441931    1.447920    1.456881
  794.5850    1.509850    1.474609    1.481171    1.492750    1.506399
  796.5780    1.530870    1.513241    1.524380    1.540230    1.556250
  798.5820    1.554140    1.544790    1.569571    1.589420    1.606180
  800.7830    1.581160    1.589310    1.614941    1.638140    1.655420
  803.6580    1.605730    1.623381    1.655220    1.683319    1.705111
  809.3270    1.655680    1.659149    1.683750    1.714741    1.743931
  813.0870    1.690969    1.709000    1.721390    1.736509    1.757151
  816.3440    1.712830    1.745050    1.771151    1.782539    1.790390
  819.7260    1.753889    1.759430    1.804119    1.830879    1.839689
  823.7810    1.789120    1.808680    1.818720    1.853081    1.881340
  827.8770    1.838739    1.857420    1.866091    1.868271    1.890530
  831.7610    1.875351    1.884460    1.915621    1.917595    1.913040
  834.9650    1.903292    1.934078    1.940054    1.964033    1.961872
  838.2460    1.942762    1.972036    1.977777    1.994392    2.011613
  841.1380    1.965244    1.994831    2.027472    2.021809    2.040127
  844.4160    2.015192    2.039097    2.062657    2.070333    2.068668
  848.7730    2.051693    2.077477    2.088207    2.115940    2.118460
  852.7480    2.101680    2.112270    2.132360    2.130560    2.154820
  857.0310    2.142050    2.162180    2.164290    2.172340    2.170410
  861.6280    2.184380    2.201940    2.212930    2.221730    2.220340
  865.6160    2.234090    2.244430    2.249250    2.244350    2.263260
  869.8070    2.278430    2.283100    2.286070    2.293890    2.285260
  873.9830    2.315090    2.324550    2.336020    2.331890    2.328710
  877.9160    2.365040    2.366980    2.361480    2.369230    2.378160
  881.7720    2.398810    2.406560    2.410950    2.411380    2.406370
  886.4090    2.447840    2.455420    2.449370    2.449600    2.455620
  890.4560    2.495320    2.489310    2.497430    2.499480    2.497760
  894.3640    2.536510    2.538810    2.535880    2.532550    2.532600
  898.7790    2.582460    2.579020    2.580500    2.582440    2.582480
  902.6420    2.624260    2.628660    2.624500    2.624340    2.622610
  906.9590    2.674230    2.667620    2.669830    2.666220    2.667500
  910.7700    2.717990    2.714630    2.712880    2.715540    2.714200
  915.1660    2.765740    2.764100    2.762330    2.756530    2.757870
  918.7990    2.805510    2.803760    2.803270    2.806430    2.803940
  922.8360    2.854410    2.853660    2.849510    2.846490    2.847420
  926.6560    2.901250    2.894650    2.895800    2.896049    2.894530
  930.5090    2.946430    2.944440    2.942230    2.940550    2.941050
  934.5210    2.993960    2.992980    2.990610    2.990250    2.988880
  938.3110    3.040600    3.037900    3.039000    3.038700    3.038800
  941.8710    3.088100    3.087600    3.084100    3.083200    3.082500
  945.4580    3.136700    3.133200    3.133300    3.132500    3.131600
  949.1380    3.186000    3.182899    3.180700    3.179900    3.181000
  952.4490    3.230600    3.229500    3.229300    3.229600    3.226900
  955.7830    3.278300    3.275800    3.275800    3.273800    3.276200
  958.8710    3.325300    3.325000    3.322300    3.323600    3.320800
  962.0460    3.374300    3.371200    3.371200    3.368700    3.370600
  964.9020    3.418400    3.417300    3.416700    3.417500    3.416900
  967.8430    3.466800    3.467100    3.465300    3.464600    3.463700
  970.5260    3.514200    3.511700    3.512300    3.511400    3.512700
  973.1540    3.561200    3.560800    3.559100    3.559800    3.558200
  975.7280    3.609100    3.607200    3.607800    3.606600    3.607000
  978.1040    3.656800    3.656200    3.654800    3.654700    3.655000
  980.4920    3.704900    3.703400    3.703500    3.703700    3.702800
  982.6800    3.751600    3.752501    3.752000    3.751000    3.750700
  984.7360    3.800500    3.798100    3.797700    3.798000    3.799000
  986.7280    3.846400    3.846800    3.846800    3.846300    3.845400
  988.6570    3.895400    3.895000    3.894200    3.893800    3.894000
  990.4500    3.944300    3.943200    3.943000    3.942700    3.943400
  992.1780    3.991800    3.991600    3.991700    3.991899    3.991199
  993.7670    4.039700    4.039000    4.038700    4.037700    4.037900
  995.2880    4.087400    4.087500    4.087000    4.087000    4.087100
  996.7410    4.135900    4.135099    4.135300    4.136400    4.135700
  998.1250    4.184500    4.184999    4.184200    4.183500    4.183800
  999.4410    4.233900    4.233400    4.233100    4.232900    4.233500
 1000.6130    4.279800    4.279400    4.280000    4.280900    4.280000
 1001.7870    4.329100    4.329400    4.329400    4.328900    4.329000
 1002.8910    4.377700    4.377100    4.377000    4.376801    4.377700
 1003.9230    4.425500    4.425500    4.425500    4.425800    4.425600
 1004.8840    4.472800    4.472800    4.472800    4.472800    4.472500
 1005.8460    4.521600    4.521500    4.522000    4.522100    4.521800
 1006.7360    4.569799    4.569700    4.569300    4.569201    4.569799
 1007.5540    4.615700    4.615601    4.615601    4.615499    4.615900
 1008.3720    4.663700    4.663500    4.663800    4.663400    4.663200
 1009.1170    4.709000    4.709200    4.708900    4.708800    4.708400
 1009.8640    4.756701    4.756001    4.755800    4.756701    4.756001
 1010.5360    4.800800    4.800800    4.800900    4.800300    4.800500
 1011.2100    4.846700    4.847000    4.846600    4.846400    4.846900
 1011.8850    4.895300    4.894900    4.894700    4.894500    4.894500
 1012.5600    4.944600    4.944300    4.944500    4.944099    4.943900
 1013.1610    4.991000    4.990900    4.990700    4.991000    4.990400
 1013.7630    5.039600    5.039600    5.039400    5.039500    5.039200
 1014.2900    5.083100    5.083000    5.082900    5.082600    5.083300
 1014.8180    5.129100    5.128901    5.128600    5.128300    5.128700
 1015.3460    5.176600    5.176400    5.176900    5.176800    5.176300
 1015.8750    5.226600    5.226400    5.226300    5.226700    5.226100
 1016.3290    5.271200    5.271300    5.270400    5.270700    5.270600
 1016.7830    5.317400    5.317400    5.317400    5.317101    5.316999
 1017.2370    5.366199    5.365900    5.366500    5.366100    5.365900
 1017.6160    5.408200    5.408400    5.408300    5.408200    5.408500
 1017.9960    5.452200    5.452300    5.451700    5.451800    5.452700
 1018.3750    5.498100    5.497700    5.497700    5.497700    5.498400
 1018.7550    5.545800    5.545700    5.546000    5.546100    5.545900
 1019.0590    5.585700    5.585800    5.586000    5.586400    5.585300
 1019.3640    5.627100    5.627100    5.627200    5.627800    5.626400
 1019.6680    5.669800    5.669900    5.670000    5.670000    5.669100
 1019.9730    5.714600    5.714800    5.714800    5.713700    5.713600
 1020.2780    5.761900    5.762100    5.761499    5.759600    5.760099
 1020.5830    5.810801    5.811000    5.809900    5.808500    5.809000
 1020.8120    5.848700    5.848600    5.847500    5.847300    5.847500
 1021.0410    5.888200    5.887400    5.886499    5.887700    5.887900
 1021.2700    5.929501    5.927800    5.927600    5.929800    5.930201
 1021.4990    5.972400    5.970500    5.971000    5.973400    5.974600
 1021.7290    6.016399    6.015600    6.016900    6.018900    6.020900
 1021.9580    6.062000    6.063100    6.065200    6.066401    6.069000
 1022.1110    6.093800    6.095900    6.098600    6.099400    6.102100
 1022.2640    6.127000    6.129800    6.132900    6.133400    6.135700
 1022.4170    6.161800    6.164700    6.167900    6.168500    6.170000
 1022.5700    6.197900    6.200900    6.203800    6.204500    6.204800
 1022.7240    6.235500    6.238501    6.240601    6.241301    6.240000
 1022.8770    6.274401    6.277400    6.278299    6.278800    6.275801
 1023.0300    6.314700    6.317600    6.316800    6.316600    6.312099
 1023.1830    6.356600    6.358800    6.356300    6.354700    6.348801
 1023.3370    6.400101    6.400801    6.396500    6.393000    6.386200
 1023.4900    6.445000    6.443100    6.437300    6.431400    6.424300
 1023.6440    6.490900    6.485701    6.478701    6.470301    6.463301
 1023.7970    6.537300    6.528400    6.520400    6.509900    6.503600
 1023.9510    6.583799    6.571600    6.562700    6.550900    6.545600
 1024.1040    6.630600    6.615601    6.606000    6.594100    6.590200
 1024.2581    6.677800    6.661500    6.651000    6.640800    6.638400
 1024.3350    6.701900    6.685500    6.674700    6.666100    6.664400
 1024.4120    6.726601    6.710400    6.699600    6.692900    6.691999
 1024.4890    6.751900    6.736600    6.725901    6.721800    6.721701
 1024.5649    6.778200    6.764400    6.754300    6.753201    6.753799
 1024.6420    6.805799    6.794300    6.785299    6.787701    6.789101
 1024.7190    6.835199    6.826799    6.819799    6.825900    6.828199
 1024.7960    6.867100    6.862900    6.858800    6.868900    6.872200
 1024.8730    6.902599    6.903700    6.903700    6.918000    6.922501
 1024.9500    6.943100    6.951000    6.956500    6.974899    6.980801
 1025.0270    6.991000    7.007100    7.019800    7.042100    7.049900
 1025.1040    7.050301    7.076099    7.097700    7.123700    7.133801
 1025.1810    7.127800    7.165000    7.197400    7.226500    7.239700
 1025.2581    7.338200    7.378799    7.415800    7.442101    7.456800
 1025.3350    8.122800    8.136100    8.149300    8.157400    8.163500
 1025.4120    9.023701    9.026899    9.030001    9.031799    9.033600
 1025.4890    9.703800    9.704599    9.705400    9.705800    9.706400
 1025.5660   10.166000   10.166100   10.166100   10.166100   10.166300
 1025.6429   10.434100   10.433900   10.433600   10.433500   10.433400
 1025.7970   10.433900   10.433700   10.433400   10.433300   10.433100
 1025.8740   10.165600   10.165600   10.165700   10.165700   10.165600
 1025.9510    9.703000    9.703700    9.704500    9.704800    9.705100
 1026.0280    9.021500    9.024300    9.027000    9.028400    9.030399
 1026.1050    8.110200    8.123000    8.133200    8.139200    8.149200
 1026.1830    7.269000    7.315599    7.342300    7.363700    7.399000
 1026.2600    7.021000    7.070700    7.090799    7.116800    7.157200
 1026.3370    6.929501    6.969100    6.979000    7.004200    7.040501
 1026.4139    6.859700    6.889100    6.891700    6.916201    6.947500
 1026.4910    6.804100    6.823100    6.821301    6.844601    6.870600
 1026.5680    6.758500    6.767200    6.763200    6.784901    6.805400
 1026.6460    6.719999    6.718700    6.714200    6.734000    6.749100
 1026.7230    6.686399    6.676001    6.672400    6.689800    6.699800
 1026.8000    6.656200    6.637800    6.636000    6.650600    6.655900
 1026.8770    6.628201    6.603500    6.603701    6.615300    6.616500
 1026.9540    6.601299    6.572300    6.574600    6.583000    6.580500
 1027.0320    6.574900    6.543800    6.547800    6.552999    6.547501
 1027.1090    6.548500    6.517600    6.522699    6.524700    6.516800
 1027.1860    6.521700    6.493299    6.498899    6.497800    6.488200
 1027.2629    6.494600    6.470600    6.475901    6.472000    6.461300
 1027.3409    6.467199    6.449200    6.453600    6.447100    6.436000
 1027.4180    6.439700    6.428801    6.431601    6.423000    6.411900
 1027.4950    6.412399    6.409000    6.409800    6.399600    6.389100
 1027.5730    6.385799    6.389600    6.388100    6.376900    6.367300
 1027.7271    6.336000    6.351100    6.344999    6.333300    6.326600
 1027.8820    6.292400    6.311800    6.302600    6.292500    6.289300
 1028.0370    6.255100    6.271400    6.261400    6.254800    6.255100
 1028.1920    6.221800    6.230200    6.222401    6.220400    6.223499
 1028.3470    6.189400    6.189500    6.186501    6.189199    6.194000
 1028.5020    6.155300    6.151199    6.154400    6.160900    6.166100
 1028.6570    6.119300    6.117001    6.125999    6.135000    6.139200
 1028.8120    6.083200    6.088100    6.100901    6.110500    6.112600
 1029.0439    6.036800    6.054300    6.066999    6.074200    6.072200
 1029.2770    6.007000    6.027000    6.033400    6.035299    6.029200
 1029.5100    5.989500    5.998000    5.995399    5.991199    5.982300
 1029.6650    5.977400    5.974000    5.966000    5.958100    5.948200
 1029.8199    5.960000    5.944901    5.932600    5.921800    5.911700
 1029.9760    5.934299    5.910100    5.895200    5.882299    5.872900
 1030.1310    5.899500    5.869801    5.854000    5.839900    5.831900
 1030.2870    5.856200    5.825100    5.809500    5.795200    5.788900
 1030.3640    5.831800    5.801400    5.786300    5.772200    5.766800
 1030.4420    5.806000    5.777000    5.762500    5.749001    5.744400
 1030.5200    5.779100    5.752200    5.738400    5.725500    5.721700
 1030.5980    5.751400    5.727000    5.714100    5.701900    5.698900
 1030.6760    5.723100    5.701700    5.689700    5.678300    5.676100
 1030.7531    5.694400    5.676400    5.665300    5.654900    5.653200
 1030.8311    5.665600    5.651100    5.641100    5.631701    5.630400
 1030.9091    5.636900    5.625999    5.617100    5.608700    5.607900
 1030.9871    5.608300    5.601100    5.593400    5.586200    5.585600
 1031.0649    5.580100    5.576400    5.570200    5.564100    5.563700
 1031.1429    5.552299    5.552100    5.547500    5.542500    5.542200
 1031.2200    5.525100    5.528000    5.525300    5.521400    5.521200
 1031.2980    5.498600    5.504300    5.503600    5.500800    5.500800
 1031.3760    5.472900    5.481100    5.482500    5.480800    5.481000
 1031.5320    5.424500    5.435900    5.441999    5.442300    5.443399
 1031.6880    5.381100    5.393400    5.403600    5.405900    5.408400
 1031.8440    5.342900    5.354300    5.367200    5.371099    5.375900
 1032.0000    5.309600    5.319400    5.332700    5.338000    5.345600
 1032.2340    5.266700    5.275200    5.284400    5.291100    5.303300
 1032.4680    5.228800    5.238600    5.240200    5.247601    5.263500
 1032.7020    5.192801    5.205400    5.200100    5.208000    5.225100
 1033.0150    5.146200    5.160200    5.152700    5.161600    5.175200
 1033.3280    5.103200    5.113400    5.111400    5.122200    5.127399
 1033.6410    5.067900    5.070601    5.075100    5.087500    5.083300
 1034.0320    5.030300    5.027300    5.035200    5.047500    5.035300
 1034.4240    4.986100    4.989700    4.997499    5.008500    4.994600
 1034.8160    4.942101    4.952100    4.957900    4.969300    4.958100
 1035.2870    4.910400    4.909900    4.910300    4.920800    4.915300
 1035.7581    4.874800    4.868900    4.874300    4.871201    4.872400
 1036.2290    4.834800    4.828700    4.850700    4.826400    4.831900
 1036.8590    4.797400    4.795000    4.808800    4.784600    4.784200
 1037.3320    4.764900    4.768400    4.762800    4.759000    4.752100
 1037.8840    4.724300    4.721000    4.717400    4.719000    4.718900
 1038.4360    4.677600    4.693501    4.688000    4.673500    4.693399
 1039.2271    4.649400    4.666800    4.638800    4.640400    4.665000
 1039.9390    4.604200    4.617701    4.599100    4.626600    4.627900
 1040.6520    4.598100    4.580100    4.567300    4.595900    4.581900
 1041.6851    4.553500    4.530100    4.540900    4.555901    4.552700
 1042.7190    4.507900    4.484500    4.534200    4.514500    4.534000
 1043.5950    4.469000    4.460300    4.490300    4.493401    4.488100
 1044.8730    4.440599    4.470800    4.469000    4.456600    4.439899
 1045.6740    4.412500    4.444700    4.442400    4.409600    4.417600
 1046.5551    4.403400    4.438601    4.395500    4.384600    4.387600
 1047.9210    4.406300    4.390600    4.352300    4.368700    4.339900
 1048.7260    4.384200    4.343200    4.339500    4.327900    4.301500
 1050.7430    4.336300    4.315300    4.291100    4.286700    4.306000
 1051.7960    4.292300    4.284800    4.288700    4.310801    4.354600
 1052.7690    4.278100    4.301500    4.335700    4.354900    4.371000
 1053.8250    4.266000    4.348400    4.361400    4.384200    4.392800
 1054.7209    4.315599    4.384000    4.383600    4.399100    4.429100
 1055.1281    4.360900    4.397500    4.397500    4.412800    4.446600
 1055.7810    4.410500    4.408500    4.421900    4.446199    4.471200
 1056.6801    4.444700    4.426400    4.461800    4.495399    4.497100
 1057.4160    4.467300    4.471100    4.501699    4.520300    4.512400
 1058.1541    4.494600    4.519400    4.535600    4.527800    4.518300
 1058.9750    4.541700    4.542700    4.543900    4.518300    4.503799
 1059.8790    4.552200    4.533900    4.510400    4.485500    4.454300
 1060.4550    4.525700    4.511300    4.472500    4.447599    4.406700
 1060.9500    4.491000    4.476600    4.433500    4.402700    4.359700
 1061.3621    4.453300    4.435600    4.396600    4.357300    4.318900
 1061.6920    4.415000    4.396000    4.363300    4.317200    4.286500
 1062.0220    4.369600    4.352500    4.325800    4.275600    4.255000
 1062.3530    4.321100    4.308300    4.283500    4.234100    4.224600
 1062.6840    4.275400    4.265800    4.236900    4.194400    4.195000
 1063.0150    4.237100    4.226200    4.187500    4.157800    4.165500
 1063.3459    4.206500    4.188601    4.137700    4.125100    4.135700
 1063.6770    4.178900    4.150800    4.090800    4.095900    4.105400
 1064.0090    4.148600    4.110700    4.049900    4.069300    4.074600
 1064.3400    4.113100    4.066999    4.017200    4.044000    4.044400
 1064.6720    4.075700    4.020600    3.992900    4.019100    4.016500
 1065.0050    4.042500    3.975100    3.975700    3.994699    3.993000
 1065.4200    4.014100    3.927999    3.959900    3.966700    3.973400
 1066.4189    3.969600    3.897100    3.925600    3.936100    3.983400
 1066.9189    3.923200    3.906000    3.914300    3.950400    4.012400
 1067.3361    3.879400    3.910000    3.916500    3.975800    4.040900
 1067.9200    3.851900    3.908200    3.944000    4.022800    4.078400
 1068.4220    3.874200    3.913200    3.987400    4.063601    4.103900
 1068.8400    3.903100    3.934299    4.030300    4.093100    4.119900
 1069.3420    3.925400    3.982200    4.079900    4.121201    4.134501
 1069.6770    3.933500    4.022100    4.108100    4.135700    4.142900
 1070.0129    3.944300    4.062799    4.131300    4.147800    4.151500
 1070.4320    3.973200    4.108800    4.153300    4.161000    4.163700
 1070.7679    4.012000    4.139000    4.166600    4.171300    4.175600
 1071.1040    4.059500    4.163000    4.177700    4.182500    4.189500
 1071.4399    4.108100    4.181400    4.188300    4.195300    4.205300
 1071.7760    4.151700    4.196100    4.200100    4.210200    4.222400
 1072.2810    4.201400    4.216100    4.222600    4.236000    4.248600
 1073.1240    4.249400    4.257100    4.271500    4.281100    4.286300
 1073.8840    4.288700    4.305099    4.313499    4.311600    4.305799
 1074.5601    4.336300    4.342700    4.335200    4.321899    4.306700
 1075.3220    4.383101    4.359600    4.332300    4.308599    4.286500
 1076.0850    4.388500    4.336500    4.296700    4.266900    4.242599
 1076.5940    4.358700    4.296700    4.254700    4.223800    4.200100
 1077.0179    4.312201    4.249001    4.208800    4.178801    4.156800
 1077.2729    4.275000    4.214300    4.176600    4.148100    4.127399
 1077.5280    4.231000    4.175400    4.141100    4.114600    4.095600
 1077.6980    4.198200    4.147200    4.115499    4.090900    4.073100
 1077.8680    4.162600    4.117100    4.088600    4.066100    4.049600
 1078.0389    4.124599    4.085500    4.060300    4.040100    4.025100
 1078.2090    4.084300    4.052200    4.030700    4.013200    3.999700
 1078.3790    4.041700    4.017400    3.999800    3.985200    3.973500
 1078.5500    3.997300    3.981200    3.967800    3.956400    3.946301
 1078.7200    3.951100    3.943600    3.934600    3.926600    3.918400
 1078.8910    3.903400    3.904700    3.900300    3.895900    3.889800
 1079.0610    3.854400    3.864600    3.865000    3.864400    3.860400
 1079.2321    3.804500    3.823400    3.828800    3.832000    3.830400
 1079.3170    3.779200    3.802400    3.810400    3.815600    3.815200
 1079.4020    3.753800    3.781200    3.791800    3.798900    3.799800
 1079.4880    3.728200    3.759800    3.773100    3.782100    3.784300
 1079.5730    3.702500    3.738300    3.754100    3.765100    3.768700
 1079.6580    3.676700    3.716600    3.735100    3.748000    3.752900
 1079.7440    3.650800    3.694700    3.716000    3.730600    3.737100
 1079.8290    3.624800    3.672800    3.696700    3.713200    3.721100
 1079.9150    3.598800    3.650700    3.677400    3.695601    3.705000
 1080.0000    3.572800    3.628700    3.658000    3.677900    3.688800
 1080.0850    3.546800    3.606500    3.638500    3.660000    3.672500
 1080.1710    3.520700    3.584400    3.618999    3.642100    3.656100
 1080.2560    3.494800    3.562300    3.599400    3.624000    3.639700
 1080.3420    3.469000    3.540200    3.579900    3.606000    3.623100
 1080.4270    3.443200    3.518100    3.560300    3.587800    3.606600
 1080.5129    3.417700    3.496099    3.540700    3.569600    3.589900
 1080.5980    3.392300    3.474100    3.521100    3.551400    3.573200
 1080.6840    3.367100    3.452200    3.501500    3.533100    3.556499
 1080.8550    3.317400    3.408800    3.462400    3.496600    3.522900
 1081.0260    3.268600    3.366000    3.423400    3.460100    3.489200
 1081.1970    3.220900    3.323700    3.384700    3.423700    3.455500
 1081.3690    3.174500    3.282200    3.346100    3.387400    3.421700
 1081.5400    3.129400    3.241400    3.307899    3.351400    3.387900
 1081.7111    3.085700    3.201300    3.270100    3.315500    3.354200
 1081.8831    3.043200    3.161900    3.232700    3.280000    3.320500
 1082.0540    3.001500    3.122900    3.195800    3.244800    3.287000
 1082.2260    2.960170    3.084300    3.159300    3.210100    3.253500
 1082.3970    2.918680    3.045900    3.123200    3.175800    3.220200
 1082.5690    2.876700    3.007700    3.087500    3.142100    3.187200
 1082.7410    2.834150    2.969770    3.051900    3.109000    3.154300
 1082.9120    2.791070    2.932110    3.016700    3.076400    3.121799
 1083.0840    2.747510    2.894870    2.981680    3.044400    3.089700
 1083.2560    2.703440    2.858070    2.947040    3.012800    3.057899
 1083.4280    2.658750    2.821650    2.912840    2.981460    3.026500
 1083.6000    2.613420    2.785500    2.879180    2.950330    2.995650
 1083.7720    2.567720    2.749450    2.846130    2.919250    2.965219
 1083.9440    2.522250    2.713370    2.813670    2.888140    2.935230
 1084.1160    2.477740    2.677230    2.781720    2.856970    2.905660
 1084.2880    2.434700    2.641130    2.750130    2.825780    2.876480
 1084.4611    2.393070    2.605200    2.718700    2.794640    2.847650
 1084.6331    2.352200    2.569600    2.687230    2.763690    2.819120
 1084.8051    2.311180    2.534340    2.655580    2.733020    2.790880
 1084.9780    2.269350    2.499300    2.623700    2.702730    2.762890
 1085.1500    2.226650    2.464130    2.591630    2.672830    2.735140
 1085.3230    2.183500    2.428460    2.559460    2.643260    2.707600
 1085.4950    2.140380    2.391920    2.527350    2.613880    2.680260
 1085.6680    2.097257    2.354400    2.495350    2.584550    2.653100
 1085.8409    2.053424    2.316050    2.463470    2.555060    2.626050
 1086.0129    2.007875    2.277290    2.431600    2.525300    2.599070
 1086.1860    1.960203    2.238670    2.399520    2.495230    2.572080
 1086.3590    1.911175    2.200660    2.366950    2.464880    2.545000
 1086.5320    1.862770    2.163460    2.333650    2.434410    2.517740
 1086.7050    1.817230    2.126810    2.299510    2.404080    2.490200
 1086.8781    1.775681    2.090258    2.264610    2.374090    2.462340
 1087.0510    1.737230    2.053194    2.229270    2.344650    2.434140
 1087.2240    1.699539    2.015318    2.193930    2.315820    2.405570
 1087.3970    1.660521    1.976730    2.159090    2.287510    2.376700
 1087.5710    1.619890    1.938129    2.125190    2.259470    2.347620
 1087.7440    1.579439    1.900450    2.092440    2.231290    2.318420
 1087.9170    1.541880    1.864550    2.060698    2.202540    2.289230
 1088.0909    1.508440    1.830700    2.029546    2.172870    2.260120
 1088.3510    1.461479    1.782480    1.982641    2.126160    2.216830
 1088.5240    1.426451    1.750059    1.950418    2.093632    2.188200
 1088.6980    1.385429    1.715799    1.917116    2.060320    2.159780
 1088.8719    1.339991    1.678989    1.882900    2.026819    2.131430
 1089.0450    1.295500    1.639940    1.848320    1.993793    2.103120
 1089.2190    1.258209    1.600071    1.814190    1.961796    2.074707
 1089.3929    1.230530    1.561451    1.781321    1.931204    2.046222
 1089.5670    1.208599    1.525961    1.750250    1.902040    2.017576
 1089.8280    1.170990    1.479700    1.706690    1.860081    1.974503
 1090.0020    1.136999    1.451599    1.678551    1.832251    1.945881
 1090.1760    1.094610    1.413710    1.644100    1.800131    1.915548
 1090.3500    1.052250    1.375851    1.609671    1.768030    1.885241
 1090.5240    1.009859    1.337959    1.575230    1.735910    1.854900
 1090.6980    0.967501    1.300091    1.540800    1.703810    1.824591
 1090.8730    0.924900    1.261990    1.506161    1.671511    1.794090
 1091.0470    0.882500    1.224131    1.471729    1.639410    1.763781
 1091.2209    0.840099    1.186270    1.437309    1.607309    1.733459
 1091.3960    0.797501    1.148170    1.402670    1.575010    1.702961
 1091.5699    0.755100    1.110300    1.368240    1.542910    1.672649
 1091.7450    0.712500    1.072201    1.333599    1.510611    1.642151
 1091.9189    0.670200    1.034340    1.299170    1.478510    1.611830
 1092.0940    0.627501    0.996201    1.264530    1.446211    1.581329
 1092.2690    0.584900    0.958099    1.229891    1.413910    1.550831
 1092.4440    0.542299    0.920099    1.195271    1.381630    1.520350
 1092.6180    0.499901    0.882200    1.160820    1.349510    1.490009
 1092.7930    0.457300    0.844101    1.126200    1.317240    1.459530
 1092.9680    0.414700    0.806000    1.091560    1.284929    1.429029
 1093.1429    0.372101    0.767900    1.056940    1.252661    1.398550
 1093.3180    0.329399    0.729799    1.022301    1.220360    1.368040
 1093.4940    0.286600    0.691500    0.987499    1.187870    1.337370
 1093.6689    0.243999    0.653400    0.952801    1.155600    1.306890
 1093.8440    0.201300    0.615299    0.918200    1.123301    1.276381
 1094.0190    0.158699    0.577200    0.883600    1.090990    1.245880
 1094.1949    0.115900    0.538900    0.848700    1.058540    1.215229
 1094.3700    0.073299    0.500799    0.814100    1.026239    1.184731
 1094.5460    0.030399    0.462500    0.779301    0.993799    1.154051
 1094.7209   -0.012199    0.424400    0.744699    0.961500    1.123569
 1094.8970   -0.055099    0.386101    0.709801    0.929001    1.092899
 1095.0720   -0.097700    0.348000    0.675200    0.896700    1.062389
 1095.2480   -0.140600    0.309700    0.640301    0.864201    1.031719
 1095.4240   -0.183399    0.271400    0.605499    0.831800    1.001070
 1095.5990   -0.226000    0.233299    0.570900    0.799500    0.970600
 1095.7750   -0.268900    0.195000    0.535999    0.767000    0.939899
 1095.9510   -0.311800    0.156700    0.501200    0.734501    0.909201
 1096.1270   -0.354599    0.118401    0.466400    0.702000    0.878599
 1096.3030   -0.397499    0.080101    0.431601    0.669600    0.847900
 1096.4790   -0.440399    0.041800    0.396700    0.637100    0.817200
 1096.6550   -0.483200    0.003500    0.361900    0.604599    0.786499
 1096.8320   -0.526300   -0.035099    0.326900    0.571899    0.755699
 1097.0081   -0.569201   -0.073400    0.292000    0.539400    0.725000
 1097.1840   -0.612000   -0.111700    0.257200    0.507000    0.694401
 1097.3610   -0.655100   -0.150200    0.222200    0.474300    0.663500
 1097.5370   -0.698000   -0.188499    0.187401    0.441799    0.632900
 1097.7140   -0.741100   -0.226999    0.152300    0.409201    0.601999
 1097.8900   -0.784000   -0.265301    0.117500    0.376699    0.571301
 1098.0670   -0.827101   -0.303900    0.082500    0.344000    0.540501
 1098.2430   -0.869999   -0.342199    0.047600    0.311600    0.509800
 1098.4200   -0.913099   -0.380699    0.012600    0.278900    0.479000
 1098.5970   -0.956200   -0.419201   -0.022400    0.246201    0.448099
 1098.7740   -0.999300   -0.457800   -0.057499    0.213600    0.417299
 1098.9500   -1.042099   -0.496099   -0.092300    0.181101    0.386600
 1099.1270   -1.085199   -0.534599   -0.127300    0.148500    0.355801
 1099.3040   -1.128300   -0.573101   -0.162300    0.115801    0.325001
 1099.4810   -1.171400   -0.611599   -0.197399    0.083099    0.294100
 1099.6591   -1.214800   -0.650400   -0.232599    0.050301    0.263100
 1099.8361   -1.257900   -0.688900   -0.267601    0.017601    0.232201
 1100.0129   -1.301001   -0.727400   -0.302601   -0.014999    0.201401
 1100.1899   -1.344101   -0.766001   -0.337700   -0.047699    0.170601
 1100.3680   -1.387501   -0.804699   -0.372900   -0.080601    0.139500
 1100.5450   -1.430599   -0.843300   -0.407900   -0.113199    0.108700
 1100.7220   -1.473700   -0.881800   -0.443001   -0.145901    0.077801
 1100.9000   -1.517000   -0.920500   -0.478199   -0.178699    0.046801
 1101.0770   -1.560101   -0.959000   -0.513201   -0.211399    0.016001
 1101.2550   -1.603500   -0.997801   -0.548500   -0.244200   -0.014999
 1101.4330   -1.646801   -1.036499   -0.583700   -0.277100   -0.046000
 1101.6110   -1.690100   -1.075300   -0.618900   -0.309900   -0.077101
 1101.7880   -1.733299   -1.113800   -0.653900   -0.342600   -0.107901
 1101.9659   -1.776600   -1.152500   -0.689100   -0.375401   -0.138901
 1102.1440   -1.820000   -1.191299   -0.724400   -0.408300   -0.169899
 1102.3220   -1.863300   -1.230000   -0.759600   -0.441099   -0.201000
 1102.5000   -1.906700   -1.268801   -0.794800   -0.473999   -0.232000
 1102.6780   -1.950001   -1.307499   -0.830101   -0.506800   -0.263000
 1102.8560   -1.993299   -1.346300   -0.865299   -0.539600   -0.294001
 1103.0341   -2.036699   -1.385000   -0.900499   -0.572500   -0.325001
 1103.2130   -2.080299   -1.424000   -0.935900   -0.605499   -0.356199
 1103.3910   -2.123600   -1.462700   -0.971199   -0.638401   -0.387199
 1103.5690   -2.167000   -1.501499   -1.006401   -0.671200   -0.418200
 1103.7480   -2.210600   -1.540400   -1.041800   -0.704201   -0.449400
 1103.9260   -2.253901   -1.579201   -1.077101   -0.737101   -0.480499
 1104.1050   -2.297501   -1.618099   -1.112499   -0.770100   -0.511600
 1104.2830   -2.340900   -1.656900   -1.147699   -0.802999   -0.542700
 1104.4620   -2.384501   -1.695801   -1.183100   -0.836000   -0.573900
 1104.6410   -2.428101   -1.734800   -1.218500   -0.868999   -0.605101
 1104.8199   -2.471600   -1.773701   -1.254000   -0.902000   -0.636200
 1104.9980   -2.514999   -1.812500   -1.289200   -0.934900   -0.667299
 1105.1770   -2.558599   -1.851500   -1.324600   -0.967899   -0.698500
 1105.3560   -2.602200   -1.890400   -1.360001   -1.000900   -0.729599
 1105.5350   -2.645800   -1.929399   -1.395500   -1.034000   -0.760799
 1105.7140   -2.689400   -1.968300   -1.430901   -1.066999   -0.792000
 1105.8929   -2.732901   -2.007299   -1.466301   -1.100000   -0.823200
 1106.0730   -2.776800   -2.046501   -1.501900   -1.133301   -0.854599
 1106.2520   -2.820400   -2.085400   -1.537399   -1.166300   -0.885799
 1106.4310   -2.864000   -2.124401   -1.572800   -1.199301   -0.917000
 1106.6110   -2.907801   -2.163601   -1.608400   -1.232500   -0.948299
 1106.7900   -2.951401   -2.202600   -1.643801   -1.265600   -0.979500
 1106.9690   -2.994999   -2.241501   -1.679300   -1.298599   -1.010700
 1107.1490   -3.038799   -2.280701   -1.714901   -1.331800   -1.042099
 1107.3290   -3.082699   -2.319901   -1.750500   -1.365000   -1.073400
 1107.5081   -3.126301   -2.358900   -1.785900   -1.398100   -1.104700
 1107.6880   -3.170101   -2.397999   -1.821600   -1.431299   -1.136000
 1107.8680   -3.213900   -2.437201   -1.857201   -1.464500   -1.167400
 1108.0470   -3.257500   -2.476200   -1.892601   -1.497499   -1.198601
 1108.2271   -3.301399   -2.515400   -1.928200   -1.530701   -1.229900
 1108.4070   -3.345200   -2.554501   -1.963800   -1.563900   -1.261299
 1108.5870   -3.389000   -2.593700   -1.999500   -1.597200   -1.292700
 1108.7670   -3.432899   -2.632900   -2.035099   -1.630400   -1.323999
 1108.9470   -3.476700   -2.672100   -2.070700   -1.663601   -1.355400
 1109.1281   -3.520800   -2.711500   -2.106501   -1.697001   -1.386900
 1109.3080   -3.564600   -2.750599   -2.142200   -1.730200   -1.418301
 1109.4880   -3.608500   -2.789801   -2.177799   -1.763401   -1.449699
 1109.6680   -3.652300   -2.829000   -2.213400   -1.796600   -1.480999
 1109.8490   -3.696400   -2.868401   -2.249199   -1.830000   -1.512600
 1110.0291   -3.740200   -2.907600   -2.284901   -1.863199   -1.543900
 1110.2100   -3.784300   -2.947001   -2.320700   -1.896601   -1.575500
 1110.3900   -3.828100   -2.986200   -2.356300   -1.929899   -1.606800
 1110.5710   -3.872200   -3.025600   -2.392099   -1.963301   -1.638401
 1110.7520   -3.916300   -3.064899   -2.427900   -1.996599   -1.669899
 1110.9330   -3.960400   -3.104300   -2.463699   -2.030001   -1.701500
 1111.1130   -4.004200   -3.143499   -2.499401   -2.063301   -1.732800
 1111.2939   -4.048300   -3.182899   -2.535200   -2.096600   -1.764400
 1111.4750   -4.092300   -3.222300   -2.570999   -2.130100   -1.795900
 1111.6560   -4.136400   -3.261700   -2.606800   -2.163500   -1.827499
 1111.8370   -4.180500   -3.301100   -2.642700   -2.196899   -1.858999
 1112.0179   -4.224600   -3.340500   -2.678501   -2.230200   -1.890499
 1112.2000   -4.268900   -3.380100   -2.714500   -2.263800   -1.922199
 1112.3810   -4.313000   -3.419500   -2.750299   -2.297199   -1.953800
 1112.5620   -4.357100   -3.458900   -2.786100   -2.330601   -1.985300
 1112.7430   -4.401199   -3.498301   -2.822001   -2.364000   -2.016899
 1112.9250   -4.445499   -3.537899   -2.858000   -2.397600   -2.048599
 1113.1060   -4.489500   -3.577301   -2.893799   -2.431000   -2.080101
 1113.2880   -4.533899   -3.616899   -2.929800   -2.464600   -2.111801
 1113.4690   -4.577900   -3.656300   -2.965599   -2.498001   -2.143400
 1113.6510   -4.622299   -3.695900   -3.001600   -2.531601   -2.175100
 1113.8330   -4.666599   -3.735600   -3.037701   -2.565201   -2.206800
 1114.0140   -4.710701   -3.775000   -3.073500   -2.598600   -2.238400
 1114.1960   -4.755001   -3.814600   -3.109501   -2.632200   -2.270100
 1114.3781   -4.799301   -3.854200   -3.145500   -2.665699   -2.301800
 1114.5601   -4.843700   -3.893799   -3.181499   -2.699299   -2.333500
 1114.7419   -4.888000   -3.933399   -3.217501   -2.732901   -2.365200
 1114.9240   -4.932301   -3.973000   -3.253601   -2.766500   -2.396900
 1115.1060   -4.976601   -4.012600   -3.289600   -2.800100   -2.428600
 1115.2880   -5.020901   -4.052299   -3.325600   -2.833599   -2.460300
 1115.4709   -5.065500   -4.092100   -3.361801   -2.867401   -2.492199
 1115.6530   -5.109800   -4.131701   -3.397800   -2.901001   -2.523899
 1115.8350   -5.154100   -4.171299   -3.433899   -2.934601   -2.555700
 1116.0179   -5.198700   -4.211100   -3.470100   -2.968300   -2.587500
 1116.2000   -5.243000   -4.250801   -3.506100   -3.001900   -2.619301
 1116.3831   -5.287600   -4.290600   -3.542301   -3.035700   -2.651199
 1116.5649   -5.331900   -4.330200   -3.578300   -3.069300   -2.682899
 1116.7480   -5.376499   -4.370100   -3.614601   -3.103100   -2.714800
 1116.9310   -5.421101   -4.409901   -3.650801   -3.136799   -2.746700
 1117.1140   -5.465599   -4.449699   -3.687000   -3.170601   -2.778500
 1117.2960   -5.509899   -4.489300   -3.723000   -3.204201   -2.810299
 1117.4790   -5.554501   -4.529200   -3.759201   -3.237900   -2.842100
 1117.6620   -5.599100   -4.569000   -3.795401   -3.271700   -2.874001
 1117.8450   -5.643600   -4.608799   -3.831600   -3.305500   -2.905899
 1118.0280   -5.688200   -4.648701   -3.867800   -3.339199   -2.937799
 1118.2111   -5.732800   -4.688499   -3.904100   -3.373001   -2.969700
 1118.3950   -5.777599   -4.728600   -3.940500   -3.407000   -3.001801
 1118.5780   -5.822201   -4.768400   -3.976700   -3.440701   -3.033600
 1118.7610   -5.866699   -4.808201   -4.012899   -3.474501   -3.065500
 1118.9449   -5.911499   -4.848301   -4.049301   -3.508400   -3.097599
 1119.1281   -5.956100   -4.888100   -4.085600   -3.542200   -3.129499
 1119.3110   -6.000700   -4.927900   -4.121799   -3.576000   -3.161400
 1119.4950   -6.045500   -4.968000   -4.158199   -3.609900   -3.193399
 1119.6790   -6.090300   -5.007999   -4.194599   -3.643900   -3.225500
 1119.8621   -6.134899   -5.047901   -4.230801   -3.677700   -3.257401
 1120.0460   -6.179699   -5.087900   -4.267200   -3.711599   -3.289501
 1120.2300   -6.224499   -5.128000   -4.303600   -3.745600   -3.321499
 1120.4139   -6.269300   -5.167999   -4.340000   -3.779499   -3.353600
 1120.5980   -6.314100   -5.208099   -4.376499   -3.813499   -3.385601
 1120.7820   -6.358900   -5.248100   -4.412899   -3.847401   -3.417700
 1120.9659   -6.403700   -5.288099   -4.449299   -3.881401   -3.449800
 1121.1500   -6.448500   -5.328199   -4.485701   -3.915300   -3.481800
 1121.3340   -6.493301   -5.368299   -4.522100   -3.949299   -3.513901
 1121.5179   -6.538101   -5.408300   -4.558500   -3.983200   -3.546000
 1121.7020   -6.582901   -5.448400   -4.594999   -4.017200   -3.577999
 1121.8870   -6.628000   -5.488600   -4.631599   -4.051300   -3.610300
 1122.0710   -6.672800   -5.528700   -4.667999   -4.085300   -3.642300
 1122.2560   -6.717899   -5.568901   -4.704599   -4.119400   -3.674601
 1122.4399   -6.762699   -5.609001   -4.741001   -4.153400   -3.706600
 1122.6250   -6.807701   -5.649300   -4.777599   -4.187500   -3.738899
 1122.8090   -6.852501   -5.689301   -4.813999   -4.221500   -3.770901
 1122.9940   -6.897600   -5.729599   -4.850599   -4.255600   -3.803200
 1123.1790   -6.942600   -5.769800   -4.887199   -4.289700   -3.835400
 1123.3640   -6.987701   -5.810101   -4.923901   -4.323900   -3.867599
 1123.5480   -7.032501   -5.850201   -4.960300   -4.357800   -3.899700
 1123.7330   -7.077599   -5.890400   -4.996901   -4.392000   -3.931900
 1123.9180   -7.122601   -5.930700   -5.033501   -4.426100   -3.964199
 1124.1040   -7.167900   -5.971199   -5.070301   -4.460400   -3.996601
 1124.2889   -7.212900   -6.011400   -5.106899   -4.494499   -4.028801
 1124.4740   -7.257999   -6.051701   -5.143499   -4.528700   -4.061100
 1124.6591   -7.303101   -6.091999   -5.180201   -4.562799   -4.093300
 1124.8440   -7.348099   -6.132301   -5.216801   -4.597000   -4.125500
 1125.0300   -7.393400   -6.172800   -5.253601   -4.631300   -4.158001
 1125.2150   -7.438499   -6.213001   -5.290199   -4.665400   -4.190201
 1125.4010   -7.483799   -6.253500   -5.327000   -4.699699   -4.222599
 1125.5861   -7.528801   -6.293800   -5.363600   -4.733900   -4.254799
 1125.7720   -7.574100   -6.334301   -5.400400   -4.768200   -4.287201
 1125.9580   -7.619400   -6.374699   -5.437201   -4.802500   -4.319700
 1126.1429   -7.664400   -6.415001   -5.473801   -4.836700   -4.351900
 1126.3290   -7.709801   -6.455500   -5.510601   -4.871000   -4.384300
 1126.5150   -7.755100   -6.496000   -5.547501   -4.905300   -4.416700
 1126.7010   -7.800400   -6.536499   -5.584301   -4.939600   -4.449100
 1126.8870   -7.845600   -6.576900   -5.621099   -4.973900   -4.481501
 1127.0730   -7.890900   -6.617401   -5.657900   -5.008301   -4.513901
 1127.2590   -7.936300   -6.657900   -5.694700   -5.042601   -4.546400
 1127.4449   -7.981499   -6.698399   -5.731501   -5.076900   -4.578800
 1127.6310   -8.027000   -6.738899   -5.768299   -5.111200   -4.611200
 1127.8180   -8.071999   -6.779600   -5.805300   -5.145700   -4.643799
 1128.0040   -8.118000   -6.820099   -5.842100   -5.180099   -4.676201
 1128.1910   -8.163000   -6.860800   -5.879101   -5.214600   -4.708799
 1128.3770   -8.208000   -6.901300   -5.915901   -5.248899   -4.741199
 1128.5640   -8.254000   -6.942001   -5.952900   -5.283400   -4.773800
 1128.7500   -8.299000   -6.982500   -5.989799   -5.317699   -4.806200
 1128.9370   -8.345001   -7.023201   -6.026800   -5.352200   -4.838800
 1129.1240   -8.389999   -7.063900   -6.063801   -5.386700   -4.871399
 1129.3101   -8.436001   -7.104401   -6.100601   -5.421101   -4.903801
 1129.4969   -8.480999   -7.145000   -6.137600   -5.455601   -4.936300
 1129.6840   -8.527000   -7.185799   -6.174599   -5.490101   -4.968901
 1129.8710   -8.571999   -7.226500   -6.211601   -5.524601   -5.001499
 1129.9650   -8.595001   -7.246899   -6.230200   -5.541901   -5.017900
     17.00  567    5   6000.00  10000.00  14000.00  18000.00  22000.00
  790.0330    1.479139    1.428471    1.407150    1.405720    1.407921
  792.5090    1.494610    1.447189    1.442570    1.448580    1.457590
  794.5850    1.510099    1.475080    1.481600    1.493191    1.506840
  796.5780    1.531240    1.513670    1.524891    1.540751    1.556761
  798.5820    1.554331    1.545210    1.569811    1.589661    1.606400
  800.7830    1.581430    1.589500    1.615141    1.638340    1.655640
  803.6580    1.605881    1.623430    1.655220    1.683290    1.705080
  809.2790    1.655291    1.658880    1.683701    1.714821    1.743900
  813.0380    1.690941    1.708500    1.721041    1.736389    1.757099
  816.2950    1.712580    1.744801    1.770651    1.782021    1.790051
  819.7260    1.754150    1.759830    1.804251    1.830971    1.839870
  823.8310    1.789520    1.809719    1.819300    1.853279    1.881691
  827.8770    1.839001    1.857620    1.866421    1.868690    1.890810
  831.8120    1.875811    1.885420    1.916269    1.918671    1.914070
  835.0160    1.904570    1.935129    1.940710    1.964870    1.963051
  838.2980    1.942579    1.972580    1.978920    1.995020    2.012400
  841.1900    1.967569    1.995680    2.028400    2.022800    2.040700
  844.5200    2.016500    2.040700    2.063300    2.072001    2.069901
  848.8780    2.053400    2.078100    2.089400    2.116500    2.119900
  852.9610    2.103300    2.115800    2.134800    2.131900    2.156000
  857.5690    2.148100    2.165800    2.167900    2.180099    2.174000
  861.8450    2.187200    2.205000    2.216000    2.223100    2.223600
  866.0550    2.236900    2.247400    2.251600    2.248900    2.266100
  870.1950    2.284300    2.288600    2.291800    2.298500    2.288300
  874.6540    2.321700    2.329900    2.341000    2.337800    2.338000
  878.7070    2.371400    2.377400    2.369300    2.378400    2.385700
  882.3420    2.407700    2.410600    2.418800    2.416800    2.410600
  886.7540    2.451600    2.460300    2.452200    2.453400    2.460400
  890.8040    2.498600    2.492400    2.502000    2.503400    2.500600
  894.5980    2.539900    2.541800    2.538000    2.534900    2.535500
  898.8980    2.584300    2.580500    2.582300    2.584300    2.584000
  902.7610    2.625800    2.630200    2.625700    2.625600    2.624000
  907.0790    2.675600    2.669600    2.671800    2.668000    2.669200
  910.9520    2.720400    2.716300    2.714700    2.717800    2.716300
  915.2880    2.767600    2.766000    2.764100    2.758300    2.759600
  918.9230    2.807199    2.805200    2.804800    2.808200    2.805600
  922.8980    2.855200    2.854600    2.850500    2.847400    2.848400
  926.7190    2.902200    2.895800    2.896700    2.897100    2.895600
  930.5720    2.947600    2.945300    2.943300    2.941401    2.942000
  934.5210    2.994300    2.993200    2.990900    2.990499    2.989200
  938.3110    3.041000    3.038200    3.039300    3.038900    3.039100
  941.8710    3.088400    3.087800    3.084400    3.083500    3.082800
  945.4580    3.136900    3.133400    3.133600    3.132700    3.131900
  949.1380    3.186200    3.183200    3.181000    3.180201    3.181300
  952.4490    3.230900    3.229800    3.229600    3.229800    3.227200
  955.7830    3.278600    3.276100    3.276100    3.274100    3.276500
  958.8710    3.325600    3.325200    3.322599    3.323900    3.321100
  962.0460    3.374599    3.371500    3.371500    3.369101    3.370900
  964.9700    3.420000    3.418600    3.418100    3.419000    3.418200
  967.8430    3.467200    3.467400    3.465600    3.465000    3.464000
  970.5260    3.514500    3.512100    3.512700    3.511700    3.513000
  973.1540    3.561600    3.561100    3.559401    3.560101    3.558500
  975.7280    3.609400    3.607600    3.608200    3.607000    3.607400
  978.1040    3.657200    3.656600    3.655200    3.655100    3.655400
  980.4920    3.705300    3.703900    3.704000    3.704200    3.703300
  982.6800    3.752100    3.752900    3.752399    3.751500    3.751200
  984.7360    3.801001    3.798600    3.798200    3.798500    3.799500
  986.7280    3.847000    3.847300    3.847300    3.846800    3.845900
  988.6570    3.896000    3.895600    3.894800    3.894400    3.894600
  990.4500    3.944901    3.943800    3.943600    3.943300    3.944000
  992.1780    3.992400    3.992300    3.992300    3.992500    3.991899
  993.7670    4.040400    4.039700    4.039400    4.038400    4.038700
  995.2880    4.088100    4.088200    4.087700    4.087700    4.087900
  996.7410    4.136600    4.135900    4.136000    4.137200    4.136400
  998.1250    4.185300    4.185801    4.184999    4.184299    4.184700
  999.4410    4.234700    4.234300    4.233900    4.233800    4.234300
 1000.6130    4.280700    4.280300    4.280900    4.281700    4.280900
 1001.7140    4.326800    4.327100    4.327100    4.326700    4.326700
 1002.8170    4.375401    4.374800    4.374701    4.374500    4.375299
 1003.8500    4.422800    4.422900    4.422900    4.423100    4.423100
 1004.8100    4.470000    4.470100    4.470000    4.470100    4.469700
 1005.7720    4.518700    4.518600    4.519200    4.519200    4.518900
 1006.6620    4.566700    4.566700    4.566100    4.566200    4.566700
 1007.4790    4.612500    4.612300    4.612300    4.612100    4.612700
 1008.2980    4.660200    4.660100    4.660300    4.660000    4.659800
 1009.1170    4.710000    4.710100    4.709900    4.709700    4.709400
 1009.8640    4.757700    4.757000    4.756800    4.757600    4.756900
 1010.6110    4.806700    4.806800    4.806800    4.806200    4.806499
 1011.2850    4.853000    4.853100    4.852700    4.852600    4.853000
 1011.9600    4.901500    4.901200    4.901100    4.900800    4.900800
 1012.6350    4.951200    4.950800    4.951000    4.950700    4.950400
 1013.2360    4.997800    4.997800    4.997499    4.997900    4.997300
 1013.8380    5.046500    5.046500    5.046300    5.046300    5.046200
 1014.3650    5.090200    5.090200    5.090000    5.089701    5.090401
 1014.8930    5.136499    5.136300    5.136100    5.135799    5.136100
 1015.4220    5.184100    5.184000    5.184500    5.184401    5.183900
 1015.8750    5.227100    5.226900    5.226900    5.227200    5.226700
 1016.3290    5.271700    5.271800    5.271000    5.271200    5.271100
 1016.7830    5.317801    5.317900    5.317900    5.317600    5.317500
 1017.2370    5.366600    5.366199    5.366800    5.366400    5.366199
 1017.6160    5.408501    5.408600    5.408501    5.408501    5.408700
 1017.9960    5.452400    5.452400    5.451900    5.452000    5.452800
 1018.3750    5.498100    5.497700    5.497700    5.497700    5.498400
 1018.7550    5.545600    5.545500    5.545900    5.546000    5.545700
 1019.0590    5.585500    5.585500    5.585700    5.586201    5.585100
 1019.3640    5.626699    5.626699    5.626801    5.627300    5.625999
 1019.6680    5.669300    5.669400    5.669500    5.669400    5.668600
 1019.9730    5.714001    5.714100    5.714100    5.712999    5.712900
 1020.2780    5.760900    5.761100    5.760600    5.758801    5.759200
 1020.5830    5.809700    5.809900    5.808800    5.807500    5.807899
 1020.8120    5.847401    5.847300    5.846200    5.846001    5.846300
 1021.0410    5.886700    5.885900    5.885099    5.886300    5.886400
 1021.2700    5.927800    5.926100    5.925900    5.928101    5.928500
 1021.4990    5.970400    5.968599    5.969100    5.971500    5.972600
 1021.7290    6.014200    6.013400    6.014700    6.016700    6.018600
 1021.9580    6.059600    6.060600    6.062700    6.063900    6.066401
 1022.1110    6.091200    6.093201    6.095800    6.096600    6.099199
 1022.2640    6.124200    6.126801    6.129800    6.130400    6.132600
 1022.4170    6.158600    6.161500    6.164700    6.165200    6.166600
 1022.5700    6.194500    6.197500    6.200300    6.200900    6.201099
 1022.7240    6.231800    6.234700    6.236700    6.237400    6.236100
 1022.8770    6.270400    6.273300    6.274099    6.274500    6.271600
 1023.0300    6.310300    6.313100    6.312300    6.312000    6.307600
 1023.1830    6.351900    6.354000    6.351400    6.349800    6.344100
 1023.3370    6.395000    6.395599    6.391300    6.387800    6.381200
 1023.4900    6.439400    6.437500    6.431800    6.426001    6.419001
 1023.6440    6.484900    6.479700    6.472799    6.464600    6.457700
 1023.7970    6.530900    6.522100    6.514299    6.504000    6.497800
 1023.9510    6.577000    6.564899    6.556200    6.544701    6.539600
 1024.1040    6.623301    6.608700    6.599199    6.587700    6.583900
 1024.2581    6.670200    6.654200    6.644000    6.634200    6.631900
 1024.3350    6.694099    6.677999    6.667601    6.659300    6.657801
 1024.4120    6.718599    6.702800    6.692300    6.686100    6.685300
 1024.4890    6.743700    6.728900    6.718599    6.714900    6.714900
 1024.5649    6.769800    6.756500    6.746901    6.746201    6.747000
 1024.6420    6.797200    6.786200    6.777800    6.780500    6.782101
 1024.7190    6.826500    6.818700    6.812201    6.818600    6.821199
 1024.7960    6.858200    6.854600    6.851200    6.861500    6.865100
 1024.8730    6.893499    6.895300    6.896000    6.910500    6.915400
 1024.9500    6.933900    6.942400    6.948700    6.967300    6.973700
 1025.0270    6.981700    6.998400    7.012000    7.034400    7.042700
 1025.1040    7.040800    7.067300    7.089800    7.115900    7.126600
 1025.1810    7.118200    7.156099    7.189400    7.218500    7.232500
 1025.2581    7.240200    7.290000    7.334700    7.365499    7.383500
 1025.3350    7.548000    7.594299    7.637300    7.662001    7.680901
 1025.4120    8.137700    8.159700    8.180901    8.191999    8.203700
 1025.4890    8.725901    8.733000    8.739700    8.742900    8.747900
 1025.5660    9.157500    9.158300    9.158600    9.158600    9.159800
 1025.6429    9.413500    9.411500    9.409300    9.408000    9.407100
 1025.7970    9.411900    9.409500    9.407600    9.406300    9.404300
 1025.8740    9.153800    9.153900    9.154600    9.154600    9.153700
 1025.9510    8.718500    8.724501    8.731200    8.734000    8.736700
 1026.0280    8.120100    8.140600    8.159901    8.169100    8.181601
 1026.1050    7.499001    7.547200    7.583400    7.603800    7.635201
 1026.1830    7.153299    7.212000    7.246000    7.272100    7.313800
 1026.2600    7.011300    7.061300    7.082600    7.108601    7.148800
 1026.3370    6.920100    6.960000    6.970900    6.996201    7.032400
 1026.4139    6.850500    6.880199    6.883801    6.908199    6.939600
 1026.4910    6.795200    6.814500    6.813499    6.836700    6.862801
 1026.5680    6.749701    6.758801    6.755400    6.777000    6.797700
 1026.6460    6.711300    6.710500    6.706600    6.726200    6.741600
 1026.7230    6.677800    6.668000    6.664801    6.682100    6.692400
 1026.8000    6.647699    6.630000    6.628400    6.643000    6.648701
 1026.8770    6.619801    6.595800    6.596200    6.607800    6.609301
 1026.9540    6.593000    6.564800    6.567101    6.575600    6.573500
 1027.0320    6.566700    6.536400    6.540300    6.545600    6.540501
 1027.1090    6.540400    6.510300    6.515400    6.517400    6.510000
 1027.1860    6.513900    6.486200    6.491600    6.490700    6.481501
 1027.2629    6.487000    6.463600    6.468700    6.465000    6.454800
 1027.3409    6.459800    6.442200    6.446500    6.440300    6.429501
 1027.4180    6.432500    6.421801    6.424601    6.416300    6.405600
 1027.4950    6.405600    6.402100    6.402901    6.393100    6.382800
 1027.5730    6.379200    6.382800    6.381400    6.370501    6.361200
 1027.7271    6.329800    6.344400    6.338600    6.327200    6.320700
 1027.8820    6.286600    6.305500    6.296500    6.286699    6.283600
 1028.0370    6.249400    6.265300    6.255600    6.249200    6.249500
 1028.1920    6.216200    6.224501    6.217000    6.215000    6.218000
 1028.3470    6.183800    6.184200    6.181300    6.183900    6.188499
 1028.5020    6.150000    6.146200    6.149300    6.155701    6.160700
 1028.6570    6.114201    6.112300    6.121000    6.129800    6.133801
 1028.8120    6.078500    6.083500    6.095900    6.105200    6.107300
 1029.0439    6.032499    6.049601    6.061900    6.068800    6.066800
 1029.2770    6.002600    6.021900    6.028100    6.030001    6.024000
 1029.5100    5.984500    5.992599    5.990100    5.986000    5.977200
 1029.6650    5.972000    5.968599    5.960700    5.953000    5.943300
 1029.8199    5.954300    5.939500    5.927500    5.916901    5.907101
 1029.9760    5.928600    5.904900    5.890400    5.877700    5.868500
 1030.1310    5.894000    5.865000    5.849501    5.835700    5.827800
 1030.2870    5.851100    5.820700    5.805400    5.791400    5.785200
 1030.4420    5.801500    5.773100    5.758900    5.745700    5.741100
 1030.5200    5.774900    5.748600    5.735100    5.722401    5.718700
 1030.5980    5.747601    5.723700    5.711100    5.699100    5.696199
 1030.6760    5.719601    5.698700    5.686900    5.675800    5.673500
 1030.7531    5.691299    5.673600    5.662800    5.652599    5.650900
 1030.8311    5.662900    5.648701    5.638800    5.629601    5.628400
 1030.9091    5.634600    5.623800    5.615100    5.606900    5.606000
 1030.9871    5.606400    5.599199    5.591700    5.584600    5.584000
 1031.0649    5.578600    5.574900    5.568800    5.562700    5.562300
 1031.1429    5.551200    5.550800    5.546300    5.541300    5.541000
 1031.2200    5.524300    5.527000    5.524300    5.520400    5.520300
 1031.2980    5.498100    5.503600    5.502800    5.500000    5.500100
 1031.4540    5.448400    5.458000    5.461599    5.460899    5.461500
 1031.6100    5.402901    5.414600    5.422501    5.423700    5.425400
 1031.7660    5.362500    5.374100    5.385400    5.388400    5.391900
 1031.9220    5.327100    5.337400    5.350201    5.354700    5.360701
 1032.1560    5.281799    5.290200    5.300800    5.306900    5.317400
 1032.3900    5.242500    5.251400    5.255500    5.262500    5.276899
 1032.6240    5.205999    5.217400    5.214200    5.221701    5.238200
 1032.8590    5.170500    5.184000    5.176800    5.184900    5.200399
 1033.1710    5.125299    5.137700    5.132500    5.142099    5.151600
 1033.4840    5.085800    5.092199    5.093700    5.105101    5.105500
 1033.7970    5.053600    5.052999    5.059401    5.071700    5.063900
 1034.1890    5.014400    5.012800    5.020700    5.032101    5.018900
 1034.5811    4.967800    4.975100    4.982200    4.992900    4.980100
 1035.0510    4.924600    4.930700    4.933800    4.945200    4.936800
 1035.5220    4.894800    4.889800    4.890500    4.895900    4.893800
 1035.9940    4.853100    4.848000    4.861600    4.847800    4.851700
 1036.5439    4.815900    4.808900    4.832400    4.803101    4.807100
 1037.0950    4.780500    4.783100    4.785800    4.771900    4.767700
 1037.5680    4.748500    4.748100    4.740700    4.743100    4.737000
 1038.1200    4.702200    4.705000    4.703700    4.698700    4.706700
 1038.8311    4.664000    4.684100    4.664800    4.651200    4.678699
 1039.5430    4.625900    4.644000    4.618900    4.635201    4.649900
 1040.3350    4.601000    4.596000    4.581700    4.610300    4.601300
 1041.2080    4.574800    4.549500    4.545600    4.571600    4.559100
 1042.2410    4.525300    4.509600    4.542800    4.533900    4.546500
 1043.3560    4.484300    4.460300    4.501400    4.496201    4.500800
 1044.2340    4.434600    4.474800    4.473300    4.482000    4.458200
 1045.2729    4.430700    4.455100    4.458700    4.432400    4.429000
 1046.2340    4.402700    4.440500    4.410900    4.389000    4.398300
 1047.5990    4.407200    4.403800    4.361600    4.377900    4.352500
 1048.5649    4.387500    4.353900    4.340600    4.336700    4.310101
 1049.5320    4.392800    4.304700    4.336800    4.297600    4.274800
 1050.5820    4.347500    4.315400    4.299100    4.287500    4.298600
 1051.5530    4.300400    4.292700    4.282600    4.302700    4.346200
 1052.6071    4.279100    4.295800    4.329000    4.348000    4.369101
 1053.7440    4.268900    4.345300    4.360000    4.382600    4.390100
 1054.7209    4.316900    4.383600    4.383600    4.399100    4.428500
 1055.1281    4.361000    4.396900    4.397300    4.412600    4.445700
 1055.7810    4.409800    4.408100    4.421400    4.445499    4.469900
 1056.6801    4.443700    4.426100    4.460800    4.493700    4.495300
 1057.4980    4.468500    4.475700    4.504300    4.519700    4.511499
 1058.3180    4.501699    4.524600    4.537500    4.524800    4.514900
 1059.3030    4.550700    4.539900    4.533300    4.506800    4.487200
 1060.0430    4.543300    4.526000    4.497800    4.473500    4.439500
 1060.6200    4.512000    4.498301    4.457600    4.431499    4.389700
 1061.1140    4.474200    4.458700    4.417100    4.383300    4.342200
 1061.5270    4.432600    4.414100    4.378500    4.336200    4.301800
 1061.8571    4.391000    4.372800    4.343500    4.295700    4.270200
 1062.1880    4.344200    4.329100    4.304000    4.254499    4.239500
 1062.5179    4.297000    4.286000    4.260000    4.214200    4.209800
 1062.8490    4.255199    4.245399    4.212500    4.176400    4.180600
 1063.1801    4.221400    4.207400    4.163300    4.142200    4.151400
 1063.5110    4.193200    4.170400    4.115400    4.111600    4.121700
 1063.8430    4.164900    4.132000    4.072001    4.084100    4.091500
 1064.1750    4.132299    4.090700    4.035500    4.058599    4.061300
 1064.5060    4.095700    4.046200    4.007401    4.033800    4.032600
 1064.8390    4.060101    4.000600    3.987100    4.009501    4.007200
 1065.1710    4.031600    3.958500    3.972300    3.986100    3.987200
 1065.7531    4.002900    3.909800    3.951900    3.952900    3.971500
 1066.5850    3.958600    3.904200    3.924700    3.942699    3.994900
 1067.0861    3.908700    3.911900    3.918000    3.962900    4.025700
 1067.7531    3.858900    3.912600    3.937201    4.011000    4.069300
 1068.3380    3.873400    3.915400    3.982200    4.058200    4.100400
 1068.8400    3.906700    3.938300    4.031900    4.093500    4.119900
 1069.3420    3.928699    3.985100    4.080500    4.121099    4.134501
 1069.7610    3.939199    4.034200    4.114400    4.138700    4.144900
 1070.1801    3.957000    4.082800    4.140500    4.152900    4.156000
 1070.6840    4.004100    4.131800    4.163000    4.168400    4.172200
 1071.0200    4.049100    4.156900    4.174500    4.179200    4.185500
 1071.3560    4.097100    4.176400    4.185101    4.191500    4.200700
 1071.6920    4.141400    4.191800    4.196400    4.205600    4.217200
 1072.1130    4.186100    4.208500    4.213600    4.226100    4.238700
 1072.7870    4.232000    4.237700    4.249599    4.262000    4.270900
 1073.6310    4.272400    4.286800    4.298600    4.300800    4.298700
 1074.3910    4.321400    4.331800    4.328600    4.318000    4.305099
 1075.0680    4.367100    4.354200    4.333300    4.312799    4.292700
 1076.0000    4.386200    4.337200    4.298700    4.269600    4.245600
 1076.5940    4.354100    4.292800    4.251300    4.220700    4.197300
 1077.0179    4.307899    4.245399    4.205700    4.176001    4.154200
 1077.2729    4.270900    4.211000    4.173800    4.145500    4.125000
 1077.5280    4.227400    4.172400    4.138500    4.112400    4.093500
 1077.7830    4.177600    4.129800    4.100000    4.076600    4.059600
 1077.9540    4.141200    4.099300    4.072599    4.051500    4.035800
 1078.1240    4.102500    4.067101    4.044000    4.025300    4.011100
 1078.2939    4.061501    4.033400    4.014000    3.998000    3.985500
 1078.4640    4.018600    3.998301    3.982900    3.969900    3.959000
 1078.6350    3.973900    3.961800    3.950600    3.940800    3.931800
 1078.8051    3.927600    3.924100    3.917200    3.910900    3.903800
 1078.9760    3.880000    3.885099    3.882800    3.880199    3.875000
 1079.1460    3.831300    3.845000    3.847500    3.848600    3.845700
 1079.3170    3.781900    3.803900    3.811399    3.816200    3.815701
 1079.4020    3.756900    3.783000    3.793000    3.799800    3.800500
 1079.4880    3.731800    3.762000    3.774500    3.783200    3.785200
 1079.5730    3.706600    3.740800    3.755899    3.766400    3.769700
 1079.6580    3.681300    3.719400    3.737100    3.749400    3.754100
 1079.7440    3.655900    3.697900    3.718300    3.732300    3.738400
 1079.8290    3.630400    3.676300    3.699300    3.715100    3.722600
 1079.9150    3.605000    3.654700    3.680201    3.697701    3.706700
 1080.0000    3.579500    3.632999    3.661100    3.680201    3.690701
 1080.0850    3.554000    3.611200    3.641900    3.662600    3.674600
 1080.1710    3.528600    3.589500    3.622700    3.644900    3.658400
 1080.2560    3.503300    3.567801    3.603400    3.627100    3.642200
 1080.3420    3.478000    3.546100    3.584200    3.609300    3.625800
 1080.5129    3.427999    3.502800    3.545600    3.573400    3.593000
 1080.6840    3.378700    3.459800    3.507100    3.537500    3.559999
 1080.8550    3.330200    3.417300    3.468600    3.501500    3.526900
 1081.0260    3.282700    3.375200    3.430300    3.465500    3.493700
 1081.1970    3.236300    3.333800    3.392100    3.429700    3.460400
 1081.3690    3.191100    3.293100    3.354300    3.394000    3.427000
 1081.5400    3.147200    3.253099    3.316700    3.358500    3.393800
 1081.7111    3.104700    3.213900    3.279600    3.323200    3.360500
 1081.8831    3.063200    3.175300    3.242900    3.288300    3.327300
 1082.0540    3.022600    3.137100    3.206600    3.253700    3.294200
 1082.2260    2.982300    3.099300    3.170800    3.219500    3.261300
 1082.3970    2.941900    3.061700    3.135300    3.185801    3.228500
 1082.5690    2.901200    3.024300    3.100200    3.152600    3.196000
 1082.7410    2.859900    2.987200    3.065400    3.120000    3.163700
 1082.9120    2.818300    2.950400    3.030800    3.088000    3.131701
 1083.0840    2.776200    2.914100    2.996500    3.056499    3.100100
 1083.2560    2.733800    2.878201    2.962600    3.025400    3.068800
 1083.4280    2.691000    2.842600    2.929100    2.994600    3.038000
 1083.6000    2.647600    2.807400    2.896200    2.964000    3.007700
 1083.7720    2.604100    2.772300    2.863800    2.933500    2.977700
 1083.9440    2.561000    2.737300    2.832000    2.903000    2.948300
 1084.1160    2.518800    2.702200    2.800800    2.872400    2.919200
 1084.2880    2.478100    2.667300    2.769900    2.841900    2.890600
 1084.4611    2.438700    2.632600    2.739200    2.811400    2.862300
 1084.6331    2.400200    2.598200    2.708500    2.781200    2.834300
 1084.8051    2.361700    2.564200    2.677700    2.751300    2.806600
 1084.9780    2.322701    2.530500    2.646700    2.721700    2.779100
 1085.1500    2.283200    2.496799    2.615600    2.692600    2.752000
 1085.3230    2.243500    2.462700    2.584500    2.663700    2.725000
 1085.4950    2.204100    2.427900    2.553500    2.635201    2.698300
 1085.6680    2.165000    2.392500    2.522700    2.606600    2.671800
 1085.8409    2.125600    2.356400    2.492000    2.578100    2.645400
 1086.0129    2.085100    2.320000    2.461400    2.549300    2.619100
 1086.1860    2.043400    2.284000    2.430700    2.520200    2.592900
 1086.3590    2.001000    2.248700    2.399700    2.491100    2.566600
 1086.5320    1.959700    2.214200    2.368000    2.461800    2.540100
 1086.7050    1.921080    2.180400    2.335800    2.432800    2.513500
 1086.8781    1.885920    2.146900    2.302999    2.404100    2.486600
 1087.0510    1.853451    2.113100    2.269900    2.376000    2.459500
 1087.2240    1.821939    2.078900    2.237000    2.348500    2.432100
 1087.3970    1.789890    2.044300    2.204700    2.321600    2.404500
 1087.5710    1.757179    2.010000    2.173300    2.294900    2.376700
 1087.8300    1.709820    1.960711    2.128300    2.254700    2.335000
 1088.0909    1.668980    1.915520    2.085200    2.213300    2.293600
 1088.3510    1.631889    1.873369    2.042400    2.169800    2.252800
 1088.6110    1.590879    1.831079    1.998541    2.124500    2.212500
 1088.8719    1.543680    1.785580    1.953190    2.078600    2.172700
 1089.1320    1.499870    1.737530    1.907841    2.034100    2.133200
 1089.3929    1.467991    1.690750    1.864500    1.992121    2.093700
 1089.6541    1.443790    1.649851    1.824820    1.953180    2.054200
 1089.9150    1.414909    1.614910    1.788031    1.915871    2.015000
 1090.1760    1.365749    1.568569    1.743170    1.872520    1.972651
 1090.3500    1.327909    1.533279    1.710390    1.841619    1.943279
 1090.5240    1.290039    1.497959    1.677580    1.810699    1.913891
 1090.6980    1.252199    1.462681    1.644791    1.779800    1.884529
 1090.8730    1.214121    1.427160    1.611799    1.748711    1.854969
 1091.0470    1.176279    1.391870    1.579010    1.717800    1.825600
 1091.2209    1.138439    1.356590    1.546230    1.686899    1.796240
 1091.3960    1.100361    1.321070    1.513241    1.655809    1.766680
 1091.5699    1.062513    1.285780    1.480450    1.624910    1.737310
 1091.7450    1.024433    1.250271    1.447460    1.593809    1.707760
 1091.9189    0.986591    1.214979    1.414680    1.562910    1.678391
 1092.0940    0.948509    1.179470    1.381680    1.531820    1.648840
 1092.2690    0.910429    1.143959    1.348690    1.500721    1.619280
 1092.4440    0.872370    1.108471    1.315720    1.469650    1.589750
 1092.6180    0.834511    1.073156    1.282909    1.438721    1.560360
 1092.7930    0.796450    1.037670    1.249950    1.407650    1.530830
 1092.9680    0.758369    1.002157    1.216949    1.376560    1.501280
 1093.1429    0.720320    0.966671    1.183981    1.345480    1.471741
 1093.3180    0.682240    0.931158    1.150990    1.314390    1.442190
 1093.4940    0.643940    0.895451    1.117821    1.283119    1.412470
 1093.6689    0.605890    0.859961    1.084846    1.252041    1.382940
 1093.8440    0.567810    0.824450    1.051855    1.220949    1.353380
 1094.0190    0.529730    0.788940    1.018862    1.189850    1.323830
 1094.1949    0.491461    0.753250    0.985708    1.158600    1.294130
 1094.3700    0.453381    0.717739    0.952717    1.127510    1.264580
 1094.5460    0.415091    0.682030    0.919540    1.096239    1.234859
 1094.7209    0.377029    0.646540    0.886570    1.065165    1.205330
 1094.8970    0.338739    0.610830    0.853399    1.033895    1.175610
 1095.0720    0.300659    0.575319    0.820400    1.002800    1.146049
 1095.2480    0.262360    0.539610    0.787230    0.971533    1.116329
 1095.4240    0.224100    0.503920    0.754070    0.940285    1.086637
 1095.5990    0.186020    0.468410    0.721081    0.909189    1.057083
 1095.7750    0.147720    0.432699    0.687910    0.877920    1.027365
 1095.9510    0.109430    0.396990    0.654730    0.846649    0.997646
 1096.1270    0.071159    0.361309    0.621580    0.815399    0.967949
 1096.3030    0.032869    0.325600    0.588400    0.784130    0.938229
 1096.4790   -0.005400    0.289890    0.555220    0.752859    0.908510
 1096.6550   -0.043699    0.254181    0.522051    0.721600    0.878790
 1096.8320   -0.082199    0.218269    0.488689    0.690149    0.848909
 1097.0081   -0.120501    0.182560    0.455509    0.658880    0.819189
 1097.1840   -0.158800    0.146870    0.422359    0.627640    0.789490
 1097.3610   -0.197300    0.110960    0.389000    0.596189    0.759609
 1097.5370   -0.235600    0.075251    0.355820    0.564920    0.729891
 1097.7140   -0.274099    0.039341    0.322460    0.533480    0.700010
 1097.8900   -0.312401    0.003630    0.289289    0.502211    0.670290
 1098.0670   -0.350901   -0.032299    0.255930    0.470770    0.640400
 1098.2430   -0.389200   -0.068001    0.222750    0.439501    0.610689
 1098.4200   -0.427700   -0.103901    0.189390    0.408060    0.580799
 1098.5970   -0.466200   -0.139799    0.156031    0.376619    0.550920
 1098.7740   -0.504700   -0.175699    0.122669    0.345169    0.521040
 1098.9500   -0.542999   -0.211399    0.089520    0.313931    0.491341
 1099.1270   -0.581501   -0.247299    0.056160    0.282480    0.461451
 1099.3040   -0.620001   -0.283199    0.022800    0.251040    0.431570
 1099.4810   -0.658501   -0.319099   -0.010599    0.219601    0.401690
 1099.6591   -0.697201   -0.355301   -0.044100    0.187960    0.371620
 1099.8361   -0.735701   -0.391199   -0.077499    0.156521    0.341730
 1100.0129   -0.774200   -0.427000   -0.110800    0.125099    0.311871
 1100.1899   -0.812700   -0.462999   -0.144199    0.093651    0.281990
 1100.3680   -0.851500   -0.499100   -0.177799    0.062019    0.251921
 1100.5450   -0.889999   -0.535000   -0.211100    0.030569    0.222040
 1100.7220   -0.928499   -0.570900   -0.244499   -0.000900    0.192150
 1100.9000   -0.967199   -0.607000   -0.278000   -0.032499    0.162100
 1101.0770   -1.005699   -0.642900   -0.311399   -0.063900    0.132219
 1101.2550   -1.044399   -0.679001   -0.344900   -0.095501    0.102169
 1101.4330   -1.083099   -0.715099   -0.378500   -0.127199    0.072121
 1101.6110   -1.121799   -0.751200   -0.412001   -0.158800    0.042070
 1101.7880   -1.160400   -0.787100   -0.445400   -0.190201    0.012190
 1101.9659   -1.199100   -0.823200   -0.478901   -0.221800   -0.017900
 1102.1440   -1.237801   -0.859400   -0.512501   -0.253500   -0.047899
 1102.3220   -1.276501   -0.895500   -0.546000   -0.285099   -0.077999
 1102.5000   -1.315300   -0.931601   -0.579599   -0.316700   -0.108000
 1102.6780   -1.354000   -0.967701   -0.613100   -0.348301   -0.138100
 1102.8560   -1.392700   -1.003799   -0.646700   -0.379900   -0.168100
 1103.0341   -1.431400   -1.039900   -0.680201   -0.411600   -0.198200
 1103.2130   -1.470400   -1.076200   -0.714001   -0.443399   -0.228399
 1103.3910   -1.509100   -1.112301   -0.747499   -0.475000   -0.258400
 1103.5690   -1.547800   -1.148500   -0.781000   -0.506599   -0.288500
 1103.7480   -1.586800   -1.184799   -0.814800   -0.538401   -0.318701
 1103.9260   -1.625500   -1.220900   -0.848301   -0.570000   -0.348801
 1104.1050   -1.664400   -1.257200   -0.882099   -0.601799   -0.379000
 1104.2830   -1.703100   -1.293301   -0.915600   -0.633400   -0.409000
 1104.4620   -1.742100   -1.329599   -0.949400   -0.665199   -0.439301
 1104.6410   -1.781000   -1.365900   -0.983101   -0.697001   -0.469500
 1104.8199   -1.819901   -1.402201   -1.016800   -0.728800   -0.499701
 1104.9980   -1.858700   -1.438400   -1.050400   -0.760500   -0.529800
 1105.1770   -1.897600   -1.474701   -1.084101   -0.792200   -0.559999
 1105.3560   -1.936600   -1.511000   -1.117800   -0.823999   -0.590200
 1105.5350   -1.975500   -1.547300   -1.151600   -0.855801   -0.620399
 1105.7140   -2.014400   -1.583599   -1.185301   -0.887600   -0.650600
 1105.8929   -2.053400   -1.619900   -1.219101   -0.919399   -0.680901
 1106.0730   -2.092501   -1.656401   -1.253000   -0.951401   -0.711300
 1106.2520   -2.131500   -1.692699   -1.286699   -0.983200   -0.741501
 1106.4310   -2.170401   -1.729099   -1.320499   -1.014999   -0.771700
 1106.6110   -2.209600   -1.765600   -1.354401   -1.047001   -0.802099
 1106.7900   -2.248501   -1.801899   -1.388100   -1.078800   -0.832300
 1106.9690   -2.287500   -1.838200   -1.421900   -1.110600   -0.862499
 1107.1490   -2.326599   -1.874701   -1.455799   -1.142601   -0.892900
 1107.3290   -2.365799   -1.911200   -1.489700   -1.174500   -0.923300
 1107.5081   -2.404699   -1.947599   -1.523500   -1.206301   -0.953501
 1107.6880   -2.443901   -1.984100   -1.557400   -1.238300   -0.983900
 1107.8680   -2.483000   -2.020599   -1.591301   -1.270300   -1.014299
 1108.0470   -2.521999   -2.056900   -1.625000   -1.302099   -1.044500
 1108.2271   -2.561100   -2.093399   -1.659000   -1.334101   -1.074900
 1108.4070   -2.600300   -2.129900   -1.692900   -1.365999   -1.105301
 1108.5870   -2.639500   -2.166500   -1.726799   -1.398001   -1.135700
 1108.7670   -2.678600   -2.202999   -1.760700   -1.430000   -1.166100
 1108.9470   -2.717800   -2.239500   -1.794701   -1.462000   -1.196501
 1109.1281   -2.757099   -2.276199   -1.828800   -1.494101   -1.226999
 1109.3080   -2.796299   -2.312700   -1.862700   -1.526100   -1.257401
 1109.4880   -2.835501   -2.349300   -1.896601   -1.558100   -1.287800
 1109.6680   -2.874599   -2.385799   -1.930500   -1.590000   -1.318199
 1109.8490   -2.914000   -2.422501   -1.964701   -1.622200   -1.348801
 1110.0291   -2.953199   -2.459000   -1.998600   -1.654200   -1.379200
 1110.2100   -2.992500   -2.495701   -2.032700   -1.686300   -1.409700
 1110.3900   -3.031700   -2.532200   -2.066601   -1.718300   -1.440100
 1110.5710   -3.071100   -2.569000   -2.100800   -1.750401   -1.470699
 1110.7520   -3.110401   -2.605700   -2.134899   -1.782600   -1.501200
 1110.9330   -3.149799   -2.642401   -2.169001   -1.814699   -1.531799
 1111.1130   -3.188999   -2.678900   -2.202900   -1.846701   -1.562201
 1111.2939   -3.228300   -2.715599   -2.237000   -1.878901   -1.592701
 1111.4750   -3.267700   -2.752300   -2.271099   -1.910999   -1.623301
 1111.6560   -3.307100   -2.789101   -2.305201   -1.943199   -1.653801
 1111.8370   -3.346500   -2.825800   -2.339399   -1.975300   -1.684401
 1112.0179   -3.385799   -2.862499   -2.373501   -2.007500   -1.715000
 1112.2000   -3.425400   -2.899401   -2.407801   -2.039801   -1.745701
 1112.3810   -3.464800   -2.936100   -2.441900   -2.072001   -1.776199
 1112.5620   -3.504200   -2.972900   -2.476000   -2.104099   -1.806801
 1112.7430   -3.543600   -3.009600   -2.510099   -2.136299   -1.837400
 1112.9250   -3.583200   -3.046501   -2.544399   -2.168600   -1.868099
 1113.1060   -3.622499   -3.083200   -2.578501   -2.200701   -1.898600
 1113.2880   -3.662100   -3.120100   -2.612801   -2.233101   -1.929399
 1113.4690   -3.701500   -3.156900   -2.646900   -2.265200   -1.959900
 1113.6510   -3.741100   -3.193800   -2.681200   -2.297600   -1.990700
 1113.8330   -3.780701   -3.230700   -2.715500   -2.329901   -2.021400
 1114.0140   -3.820099   -3.267399   -2.749701   -2.362101   -2.052000
 1114.1960   -3.859699   -3.304399   -2.784000   -2.394400   -2.082701
 1114.3781   -3.899300   -3.341301   -2.818300   -2.426701   -2.113400
 1114.5601   -3.938801   -3.378201   -2.852600   -2.459000   -2.144100
 1114.7419   -3.978401   -3.415100   -2.886900   -2.491400   -2.174801
 1114.9240   -4.018000   -3.452000   -2.921200   -2.523701   -2.205601
 1115.1060   -4.057600   -3.489000   -2.955500   -2.556000   -2.236300
 1115.2880   -4.097200   -3.525900   -2.989799   -2.588400   -2.267000
 1115.4709   -4.137001   -3.563000   -3.024300   -2.620899   -2.297899
 1115.6530   -4.176600   -3.599899   -3.058599   -2.653200   -2.328701
 1115.8350   -4.216200   -3.636799   -3.092899   -2.685499   -2.359400
 1116.0179   -4.256001   -3.674000   -3.127399   -2.718000   -2.390301
 1116.2000   -4.295601   -3.710899   -3.161699   -2.750401   -2.421000
 1116.3831   -4.335400   -3.748001   -3.196199   -2.782900   -2.451900
 1116.5649   -4.375000   -3.784901   -3.230400   -2.815201   -2.482599
 1116.7480   -4.414801   -3.822100   -3.264999   -2.847700   -2.513500
 1116.9310   -4.454599   -3.859200   -3.299400   -2.880199   -2.544399
 1117.1140   -4.494400   -3.896299   -3.333900   -2.912701   -2.575300
 1117.2960   -4.534000   -3.933300   -3.368200   -2.945101   -2.606100
 1117.4790   -4.573799   -3.970400   -3.402700   -2.977600   -2.636900
 1117.6620   -4.613701   -4.007500   -3.437201   -3.010099   -2.667801
 1117.8450   -4.653500   -4.044600   -3.471701   -3.042601   -2.698700
 1118.0280   -4.693300   -4.081699   -3.506199   -3.075100   -2.729599
 1118.2111   -4.733101   -4.118900   -3.540699   -3.107601   -2.760500
 1118.3950   -4.773100   -4.156200   -3.575399   -3.140301   -2.791599
 1118.5780   -4.812901   -4.193300   -3.609900   -3.172800   -2.822500
 1118.7610   -4.852699   -4.230400   -3.644300   -3.205299   -2.853399
 1118.9449   -4.892799   -4.267799   -3.679001   -3.237999   -2.884399
 1119.1281   -4.932600   -4.304901   -3.713501   -3.270500   -2.915400
 1119.3110   -4.972401   -4.341999   -3.748001   -3.302999   -2.946301
 1119.4950   -5.012400   -4.379400   -3.782700   -3.335701   -2.977301
 1119.6790   -5.052401   -4.416700   -3.817400   -3.368401   -3.008400
 1119.8621   -5.092300   -4.453800   -3.851900   -3.400900   -3.039299
 1120.0460   -5.132299   -4.491100   -3.886499   -3.433599   -3.070301
 1120.2300   -5.172300   -4.528500   -3.921200   -3.466301   -3.101400
 1120.4139   -5.212299   -4.565800   -3.955900   -3.498899   -3.132500
 1120.5980   -5.252399   -4.603100   -3.990601   -3.531601   -3.163500
 1120.7820   -5.292400   -4.640400   -4.025200   -3.564301   -3.194599
 1120.9659   -5.332399   -4.677799   -4.059900   -3.597000   -3.225700
 1121.1500   -5.372499   -4.715099   -4.094601   -3.629700   -3.256701
 1121.3340   -5.412500   -4.752399   -4.129299   -3.662399   -3.287800
 1121.5179   -5.452499   -4.789801   -4.164000   -3.695000   -3.318800
 1121.7020   -5.492500   -4.827099   -4.198700   -3.727699   -3.349899
 1121.8870   -5.532801   -4.864601   -4.233500   -3.760601   -3.381199
 1122.0710   -5.572800   -4.902000   -4.268200   -3.793301   -3.412201
 1122.2560   -5.613100   -4.939499   -4.303101   -3.826200   -3.443501
 1122.4399   -5.653099   -4.976799   -4.337700   -3.858799   -3.474501
 1122.6250   -5.693300   -5.014299   -4.372601   -3.891701   -3.505800
 1122.8090   -5.733299   -5.051701   -4.407299   -3.924400   -3.536800
 1122.9940   -5.773600   -5.089199   -4.442200   -3.957300   -3.568100
 1123.1790   -5.813801   -5.126699   -4.477001   -3.990101   -3.599300
 1123.3640   -5.854099   -5.164299   -4.511900   -4.022999   -3.630501
 1123.5480   -5.894100   -5.201599   -4.546600   -4.055700   -3.661600
 1123.7330   -5.934401   -5.239100   -4.581400   -4.088501   -3.692801
 1123.9180   -5.974600   -5.276600   -4.616301   -4.121399   -3.723999
 1124.1040   -6.015100   -5.314400   -4.651400   -4.154400   -3.755501
 1124.2889   -6.055300   -5.351900   -4.686199   -4.187300   -3.786699
 1124.4740   -6.095600   -5.389400   -4.721100   -4.220200   -3.817900
 1124.6591   -6.135799   -5.427000   -4.756001   -4.253000   -3.849199
 1124.8440   -6.176100   -5.464500   -4.790800   -4.285900   -3.880400
 1125.0300   -6.216499   -5.502201   -4.825901   -4.318901   -3.911800
 1125.2150   -6.256800   -5.539801   -4.860701   -4.351799   -3.943001
 1125.4010   -6.297199   -5.577499   -4.895800   -4.384800   -3.974400
 1125.5861   -6.337500   -5.615000   -4.930700   -4.417700   -4.005699
 1125.7720   -6.377899   -5.652800   -4.965700   -4.450699   -4.037100
 1125.9580   -6.418400   -5.690500   -5.000801   -4.483799   -4.068501
 1126.1429   -6.458599   -5.728001   -5.035601   -4.516600   -4.099701
 1126.3290   -6.499100   -5.765800   -5.070700   -4.549700   -4.131100
 1126.5150   -6.539600   -5.803501   -5.105801   -4.582699   -4.162500
 1126.7010   -6.580000   -5.841200   -5.140800   -4.615799   -4.193901
 1126.8870   -6.620501   -5.879000   -5.175900   -4.648800   -4.225300
 1127.0730   -6.660999   -5.916700   -5.210899   -4.681801   -4.256701
 1127.2590   -6.701401   -5.954399   -5.246000   -4.714901   -4.288099
 1127.4449   -6.741899   -5.992199   -5.281000   -4.747900   -4.319500
 1127.6310   -6.782299   -6.029900   -5.316101   -4.781000   -4.350901
 1127.8180   -6.823000   -6.067801   -5.351400   -4.814199   -4.382500
 1128.0040   -6.863501   -6.105600   -5.386400   -4.847200   -4.413900
 1128.1910   -6.904200   -6.143499   -5.421700   -4.880501   -4.445499
 1128.3770   -6.944599   -6.181200   -5.456699   -4.913500   -4.476900
 1128.5640   -6.985300   -6.219200   -5.491899   -4.946701   -4.508400
 1128.7500   -7.025799   -6.256901   -5.527000   -4.979700   -4.539801
 1128.9370   -7.066500   -6.294899   -5.562300   -5.013000   -4.571400
 1129.1240   -7.107201   -6.332800   -5.597500   -5.046200   -4.603001
 1129.3101   -7.147600   -6.370501   -5.632599   -5.079201   -4.634399
 1129.4969   -7.188301   -6.408400   -5.667801   -5.112400   -4.666000
 1129.6840   -7.229000   -6.446400   -5.702999   -5.145700   -4.697500
 1129.8710   -7.269600   -6.484301   -5.738300   -5.178900   -4.729099
 1129.9650   -7.290100   -6.503399   -5.756001   -5.195601   -4.744999
     18.00  375    5   6000.00  10000.00  14000.00  18000.00  22000.00
  790.0330    1.481400    1.431601    1.412201    1.411100    1.414101
  792.5090    1.497200    1.452400    1.447901    1.454300    1.463600
  794.6310    1.513700    1.480999    1.487600    1.499500    1.513300
  796.6250    1.534700    1.517401    1.530100    1.546301    1.562099
  798.6750    1.558100    1.551500    1.574900    1.594700    1.611500
  800.9710    1.585300    1.594101    1.619801    1.643000    1.660900
  804.0840    1.611401    1.628599    1.660099    1.688601    1.710701
  809.6150    1.661100    1.665400    1.688400    1.717600    1.745600
  813.3770    1.694401    1.715000    1.729099    1.743500    1.762300
  816.7840    1.720600    1.749500    1.778801    1.791700    1.799601
  820.3170    1.762899    1.767900    1.808201    1.837200    1.849199
  824.1790    1.794600    1.817499    1.825100    1.855400    1.883900
  828.0780    1.844101    1.860701    1.872200    1.874100    1.893801
  831.9640    1.878799    1.891100    1.919600    1.924000    1.920200
  835.2210    1.912001    1.940500    1.945499    1.969101    1.969500
  838.7610    1.944901    1.977800    1.989700    2.001400    2.019300
  841.8640    1.980101    2.006200    2.039500    2.034700    2.048500
  845.3040    2.026200    2.052999    2.068600    2.084400    2.080300
  849.6700    2.067900    2.083900    2.100100    2.120900    2.130000
  854.0290    2.112100    2.133600    2.146200    2.142100    2.161600
  858.3240    2.158000    2.173200    2.176500    2.191600    2.183001
  862.3900    2.197300    2.214000    2.224500    2.227200    2.232700
  867.2100    2.247100    2.257700    2.261499    2.264600    2.273600
  871.1390    2.296800    2.302700    2.306800    2.309800    2.299400
  875.3270    2.332700    2.338800    2.347100    2.346100    2.349300
  879.5000    2.378400    2.388300    2.381701    2.389300    2.393400
  883.3690    2.423200    2.420900    2.431300    2.427600    2.422300
  887.5040    2.462900    2.470800    2.462200    2.464800    2.471400
  891.5020    2.506500    2.502800    2.512000    2.512400    2.508400
  895.4190    2.551400    2.552401    2.547500    2.544700    2.547300
  899.4900    2.594200    2.590000    2.592400    2.594500    2.592600
  903.5970    2.637500    2.639800    2.635099    2.635300    2.634501
  907.8630    2.685300    2.683400    2.684500    2.680700    2.681601
  912.0480    2.733800    2.728500    2.727900    2.730500    2.729200
  916.0870    2.780200    2.778100    2.775900    2.771500    2.772200
  919.9140    2.822500    2.818399    2.817900    2.821000    2.818800
  923.8970    2.868401    2.867900    2.865900    2.861800    2.862800
  927.6640    2.914500    2.911000    2.909500    2.911500    2.909600
  931.6520    2.964400    2.959300    2.959300    2.955700    2.957000
  935.3540    3.009501    3.007200    3.003500    3.004800    3.002600
  939.1500    3.056000    3.052200    3.052999    3.050700    3.051800
  942.8460    3.103500    3.101400    3.099200    3.100500    3.098500
  946.3750    3.151200    3.149100    3.148600    3.146500    3.146800
  949.9970    3.201200    3.197599    3.196100    3.195800    3.195800
  953.3800    3.248500    3.246400    3.244600    3.245100    3.243299
  956.7200    3.295900    3.293200    3.293300    3.291400    3.293200
  959.8140    3.342200    3.340800    3.340000    3.341200    3.338100
  962.8600    3.390400    3.389000    3.387100    3.385201    3.387500
  965.7210    3.436399    3.433300    3.434299    3.434800    3.432800
  968.5290    3.482400    3.482500    3.480100    3.479400    3.479900
  971.2160    3.529700    3.527900    3.528900    3.528400    3.528500
  973.8490    3.578100    3.577400    3.575400    3.575800    3.574900
  976.3560    3.625401    3.624001    3.625000    3.623600    3.624001
  978.7350    3.673500    3.672800    3.671400    3.672100    3.672000
  981.0560    3.722600    3.720900    3.721200    3.720400    3.719700
  983.2460    3.769600    3.769800    3.769200    3.768700    3.769100
  985.3040    3.818399    3.817300    3.816999    3.817200    3.817500
  987.2990    3.867599    3.866600    3.866500    3.866100    3.865200
  989.1590    3.914500    3.914500    3.914000    3.913600    3.914000
  990.8820    3.962500    3.961700    3.961800    3.961800    3.961900
  992.6110    4.011900    4.011400    4.011200    4.011300    4.010799
  994.2010    4.060400    4.060200    4.059900    4.059000    4.059299
  995.6510    4.107201    4.107000    4.106900    4.107000    4.106900
  997.1050    4.156799    4.156200    4.156500    4.156799    4.156500
  998.4170    4.204000    4.204300    4.203700    4.203199    4.203500
  999.6600    4.251699    4.250999    4.250800    4.250999    4.251200
 1000.8330    4.298300    4.298400    4.298600    4.299000    4.298500
 1001.9340    4.345400    4.345400    4.345400    4.344999    4.345100
 1003.0380    4.394400    4.394000    4.393900    4.393800    4.394500
 1004.0710    4.443000    4.442900    4.442900    4.443200    4.442900
 1005.0320    4.490499    4.490601    4.490601    4.490499    4.490300
 1005.9950    4.540100    4.539900    4.540000    4.540300    4.540100
 1006.8850    4.588500    4.588301    4.588100    4.587900    4.588500
 1007.7020    4.634600    4.634600    4.634501    4.634501    4.634600
 1008.5210    4.682899    4.682700    4.682899    4.682500    4.682400
 1009.2670    4.728600    4.728500    4.728100    4.728300    4.728001
 1010.0130    4.776100    4.775600    4.775600    4.776000    4.775600
 1010.6860    4.820400    4.820499    4.820499    4.820000    4.820300
 1011.3600    4.866700    4.866700    4.866400    4.866301    4.866600
 1012.0350    4.914801    4.914600    4.914600    4.914300    4.914200
 1012.7100    4.964600    4.964300    4.964399    4.964200    4.964001
 1013.3110    5.011100    5.011100    5.010799    5.011100    5.010600
 1013.9130    5.059401    5.059299    5.059200    5.059100    5.059100
 1014.4410    5.103100    5.103001    5.102800    5.102600    5.103001
 1014.9690    5.148900    5.148701    5.148701    5.148399    5.148500
 1015.4970    5.196199    5.196100    5.196400    5.196400    5.196000
 1016.0260    5.246099    5.245900    5.245600    5.245900    5.245600
 1016.4800    5.290200    5.290300    5.289900    5.289900    5.289900
 1016.9340    5.336400    5.336201    5.336500    5.336201    5.336100
 1017.3890    5.384600    5.384501    5.384700    5.384501    5.384501
 1017.7680    5.426200    5.426400    5.426100    5.426100    5.426500
 1018.1480    5.469700    5.469601    5.469400    5.469400    5.469999
 1018.5270    5.514800    5.514600    5.514700    5.514800    5.514999
 1018.9070    5.561800    5.561900    5.562000    5.562300    5.561700
 1019.2880    5.611000    5.611100    5.611100    5.611500    5.610500
 1019.5920    5.651800    5.651800    5.651899    5.651899    5.651199
 1019.8970    5.694201    5.694400    5.694300    5.693700    5.693501
 1020.2020    5.738600    5.738800    5.738501    5.737300    5.737500
 1020.5070    5.784800    5.784901    5.784201    5.783199    5.783600
 1020.8120    5.832600    5.832500    5.831699    5.831699    5.832000
 1021.0410    5.870000    5.869300    5.868800    5.869801    5.870000
 1021.2700    5.908800    5.907700    5.907600    5.909201    5.909700
 1021.4990    5.948999    5.947800    5.948299    5.950100    5.951099
 1021.7290    5.990400    5.990000    5.991100    5.992500    5.993999
 1021.9580    6.033199    6.034100    6.035700    6.036699    6.038500
 1022.1880    6.078199    6.080000    6.082200    6.082700    6.084300
 1022.4170    6.125800    6.128000    6.130301    6.130700    6.131400
 1022.5700    6.159100    6.161301    6.163300    6.163600    6.163401
 1022.7240    6.193399    6.195700    6.197001    6.197300    6.195800
 1022.8770    6.229000    6.231200    6.231400    6.231400    6.228701
 1023.0300    6.265699    6.267600    6.266700    6.265900    6.262100
 1023.1830    6.303699    6.305000    6.302600    6.300700    6.296000
 1023.3370    6.343000    6.342899    6.339200    6.335800    6.330500
 1023.4900    6.383500    6.381300    6.376400    6.371201    6.365700
 1023.6440    6.424800    6.420000    6.414101    6.407200    6.401899
 1023.7970    6.466600    6.459000    6.452300    6.444099    6.439400
 1023.9510    6.508600    6.498500    6.491301    6.482400    6.478800
 1024.1040    6.551001    6.539101    6.531401    6.523100    6.520700
 1024.2581    6.594100    6.581500    6.573600    6.567300    6.566401
 1024.3350    6.616199    6.603800    6.596001    6.591300    6.591101
 1024.4120    6.638800    6.627000    6.619600    6.616899    6.617500
 1024.4890    6.662100    6.651501    6.644800    6.644400    6.646000
 1024.5649    6.686399    6.677500    6.672100    6.674400    6.676900
 1024.6420    6.712000    6.705700    6.702000    6.707399    6.710899
 1024.7190    6.739400    6.736500    6.735300    6.744101    6.748800
 1024.7960    6.769400    6.770800    6.773100    6.785400    6.791500
 1024.8730    6.802900    6.809700    6.816600    6.832500    6.840200
 1024.9500    6.841400    6.855000    6.867701    6.887100    6.896800
 1025.0270    6.887300    6.908899    6.928801    6.951500    6.963500
 1025.1040    6.944300    6.975300    7.003500    7.028999    7.043800
 1025.1810    7.018700    7.060101    7.097401    7.124800    7.143000
 1025.2581    7.122800    7.174400    7.219800    7.247400    7.268900
 1025.3350    7.281099    7.336901    7.384300    7.408800    7.431800
 1025.4120    7.515900    7.560801    7.597099    7.613700    7.633500
 1025.4890    7.797400    7.818501    7.833799    7.839399    7.850599
 1025.5660    8.050300    8.048500    8.043800    8.039800    8.040400
 1025.6429    8.216700    8.200300    8.183200    8.173400    8.165200
 1025.7970    8.204400    8.186500    8.171600    8.162100    8.148200
 1025.8740    8.024700    8.020400    8.019200    8.015500    8.006900
 1025.9510    7.756599    7.775000    7.793600    7.799000    7.801100
 1026.0280    7.457500    7.501200    7.538500    7.553500    7.569901
 1026.1050    7.204100    7.262100    7.306200    7.328000    7.356400
 1026.1830    7.028999    7.086201    7.124599    7.149000    7.183400
 1026.2600    6.910601    6.960199    6.988400    7.013100    7.048400
 1026.3370    6.824600    6.864901    6.883600    6.907801    6.941200
 1026.4139    6.758300    6.789101    6.800301    6.823500    6.853600
 1026.4910    6.705299    6.726601    6.732400    6.754400    6.780300
 1026.5680    6.661699    6.673700    6.676100    6.696500    6.718000
 1026.6460    6.624599    6.627900    6.628600    6.647200    6.664000
 1026.7230    6.592300    6.587601    6.587900    6.604300    6.616700
 1026.8000    6.563200    6.551600    6.552401    6.566299    6.574600
 1026.8770    6.536301    6.519300    6.520900    6.532300    6.536699
 1026.9540    6.510700    6.489901    6.492599    6.501200    6.502399
 1027.0320    6.485701    6.462999    6.466499    6.472401    6.470800
 1027.1090    6.461000    6.438100    6.442300    6.445400    6.441600
 1027.1860    6.436200    6.415000    6.419400    6.419900    6.414500
 1027.3409    6.386600    6.372800    6.376101    6.372200    6.364901
 1027.4950    6.337299    6.334200    6.334800    6.327900    6.320601
 1027.6500    6.290400    6.297200    6.294600    6.286301    6.280300
 1027.8051    6.247700    6.260600    6.255100    6.247100    6.243401
 1027.9600    6.209900    6.223600    6.216700    6.210600    6.209400
 1028.1140    6.176300    6.186200    6.179900    6.176800    6.177900
 1028.2690    6.144800    6.148900    6.145300    6.145599    6.148399
 1028.4240    6.113200    6.113000    6.113400    6.116899    6.120399
 1028.6570    6.064100    6.064301    6.071000    6.077499    6.080299
 1028.8890    6.016300    6.024200    6.034000    6.040600    6.040800
 1029.1219    5.977100    5.991500    5.999500    6.003400    6.000500
 1029.3550    5.949500    5.961599    5.963900    5.963400    5.957600
 1029.5870    5.927200    5.928300    5.923901    5.918900    5.911301
 1029.7430    5.909901    5.902000    5.893800    5.886200    5.878099
 1029.8979    5.887300    5.871400    5.860600    5.851000    5.843100
 1030.0530    5.858000    5.836599    5.824300    5.813400    5.806300
 1030.2090    5.822001    5.797900    5.785299    5.774000    5.768000
 1030.3640    5.780001    5.756200    5.744101    5.733000    5.728300
 1030.5200    5.733601    5.712500    5.701500    5.691200    5.687799
 1030.6760    5.684700    5.667900    5.658300    5.649200    5.646900
 1030.8311    5.634900    5.623100    5.615100    5.607500    5.606200
 1030.9871    5.585199    5.578800    5.572800    5.566800    5.566100
 1031.1429    5.536699    5.535299    5.531700    5.527400    5.527201
 1031.2980    5.490100    5.493000    5.492200    5.489600    5.489700
 1031.4540    5.446199    5.452200    5.454400    5.453400    5.454200
 1031.6100    5.405500    5.413099    5.418301    5.418800    5.420500
 1031.7660    5.368500    5.376500    5.383900    5.385799    5.388800
 1032.0000    5.319799    5.326799    5.335199    5.338699    5.344500
 1032.2340    5.277599    5.284000    5.289900    5.294600    5.303300
 1032.4680    5.239300    5.246700    5.247900    5.253300    5.264400
 1032.7020    5.203100    5.212200    5.209100    5.215099    5.226800
 1033.0150    5.156900    5.166800    5.162300    5.169300    5.178400
 1033.3280    5.114100    5.121500    5.120399    5.128700    5.132299
 1033.6410    5.076900    5.079500    5.082700    5.092000    5.089200
 1034.0320    5.035500    5.034300    5.040000    5.049300    5.040800
 1034.4240    4.991199    4.993900    4.999701    5.008200    4.998301
 1034.8160    4.948400    4.954800    4.959300    4.967700    4.959499
 1035.2870    4.910900    4.910700    4.912300    4.919200    4.915000
 1035.7581    4.872601    4.868700    4.874200    4.871099    4.871799
 1036.3080    4.827499    4.823200    4.840200    4.821199    4.824800
 1036.9380    4.786200    4.786100    4.793600    4.778200    4.777300
 1037.4890    4.748199    4.749500    4.744801    4.743900    4.740400
 1038.1200    4.699900    4.703500    4.701200    4.697100    4.704400
 1038.9100    4.658100    4.673000    4.656000    4.649200    4.670000
 1039.7010    4.614000    4.626801    4.609200    4.626300    4.633699
 1040.4940    4.593000    4.583400    4.573299    4.596001    4.587900
 1041.5260    4.552999    4.533501    4.539300    4.554399    4.549900
 1042.6390    4.505000    4.488600    4.525400    4.512300    4.525600
 1043.6750    4.461300    4.462400    4.482100    4.485001    4.478001
 1045.1130    4.431601    4.453300    4.453600    4.436300    4.429000
 1046.2340    4.402400    4.431900    4.407101    4.389900    4.394899
 1047.7600    4.399500    4.389900    4.357700    4.368500    4.346500
 1048.8060    4.378901    4.340200    4.340500    4.327499    4.307199
 1050.8240    4.331400    4.315900    4.298901    4.299000    4.318200
 1052.6071    4.289400    4.305700    4.331699    4.348700    4.367400
 1053.9880    4.287500    4.354900    4.364400    4.383500    4.396100
 1054.8020    4.334200    4.382200    4.384700    4.399401    4.424800
 1055.3730    4.379700    4.396700    4.402599    4.419200    4.444600
 1056.4351    4.425600    4.414300    4.440400    4.467199    4.473200
 1057.4980    4.456100    4.462601    4.485900    4.497499    4.490200
 1058.7280    4.502700    4.510400    4.514100    4.494801    4.482600
 1059.7970    4.518499    4.503201    4.484100    4.460899    4.434401
 1060.4550    4.491700    4.478200    4.445000    4.421300    4.386300
 1061.0320    4.453300    4.439100    4.402400    4.372900    4.337400
 1061.5270    4.408899    4.392000    4.360001    4.323100    4.293900
 1061.9399    4.362200    4.345900    4.319400    4.278400    4.258300
 1062.2700    4.321199    4.307400    4.283000    4.242400    4.230700
 1062.6840    4.271900    4.260500    4.233200    4.199200    4.197100
 1063.0150    4.238000    4.225100    4.191401    4.167300    4.170700
 1063.3459    4.209300    4.191100    4.149799    4.138300    4.144300
 1063.7600    4.176001    4.148500    4.101800    4.105900    4.111300
 1064.1750    4.139500    4.103500    4.061700    4.076600    4.079100
 1064.5890    4.099899    4.056400    4.031300    4.049200    4.049601
 1065.0050    4.063700    4.010700    4.009600    4.023399    4.025499
 1065.5870    4.029200    3.962200    3.987800    3.993401    4.006500
 1066.5850    3.979800    3.941700    3.959800    3.978700    4.020700
 1067.1689    3.935300    3.945100    3.956200    3.997499    4.047900
 1068.0040    3.905700    3.947001    3.985100    4.046500    4.089100
 1068.6730    3.931300    3.963500    4.033100    4.087500    4.114700
 1069.2581    3.955500    4.002900    4.079500    4.116700    4.131300
 1069.7610    3.970300    4.049100    4.113900    4.136100    4.143499
 1070.2640    3.993800    4.095900    4.140500    4.152000    4.156500
 1070.7679    4.037200    4.135201    4.160200    4.166700    4.172000
 1071.1880    4.084100    4.160400    4.173600    4.179900    4.187300
 1071.6080    4.131001    4.179800    4.186800    4.195000    4.204400
 1072.1130    4.177299    4.199200    4.205299    4.215799    4.225901
 1072.9561    4.226299    4.233700    4.244400    4.252600    4.257600
 1073.8840    4.268700    4.280500    4.285400    4.282400    4.276400
 1074.7290    4.316299    4.313700    4.301500    4.286699    4.271100
 1075.9150    4.344500    4.302500    4.268700    4.242900    4.221300
 1076.5090    4.316700    4.263000    4.226000    4.198500    4.177100
 1076.9330    4.276501    4.220900    4.184900    4.158100    4.137899
 1077.2729    4.232300    4.179399    4.146100    4.120800    4.102100
 1077.5280    4.192600    4.144000    4.113501    4.090000    4.072800
 1077.7830    4.147600    4.105101    4.078199    4.057100    4.041500
 1078.0389    4.098000    4.063000    4.040300    4.022100    4.008300
 1078.2090    4.062600    4.033400    4.013700    3.997700    3.985200
 1078.3790    4.025600    4.002600    3.986100    3.972500    3.961400
 1078.5500    3.987100    3.970600    3.957500    3.946400    3.936800
 1078.7200    3.947500    3.937700    3.927999    3.919700    3.911600
 1078.8910    3.906900    3.903800    3.897700    3.892300    3.885900
 1079.0610    3.865601    3.868999    3.866700    3.864100    3.859500
 1079.2321    3.823700    3.833600    3.835000    3.835400    3.832700
 1079.4020    3.781600    3.797500    3.802800    3.806100    3.805400
 1079.5730    3.739201    3.761000    3.770200    3.776300    3.777600
 1079.7440    3.696899    3.724100    3.737200    3.746000    3.749500
 1079.9150    3.654600    3.687099    3.703900    3.715400    3.721100
 1080.0850    3.612700    3.650100    3.670500    3.684401    3.692400
 1080.2560    3.571100    3.613200    3.637000    3.653100    3.663400
 1080.4270    3.530100    3.576400    3.603600    3.621799    3.634300
 1080.5980    3.489700    3.540000    3.570200    3.590300    3.605100
 1080.7690    3.450100    3.503901    3.536900    3.558800    3.575700
 1080.9410    3.411300    3.468200    3.503799    3.527400    3.546300
 1081.1121    3.373400    3.433100    3.470900    3.496099    3.516900
 1081.2830    3.336300    3.398400    3.438200    3.464900    3.487500
 1081.4540    3.300100    3.364400    3.405800    3.434000    3.458200
 1081.6260    3.264700    3.330900    3.373700    3.403300    3.428900
 1081.7970    3.230200    3.298000    3.342000    3.372800    3.399700
 1081.9680    3.196400    3.265500    3.310699    3.342600    3.370700
 1082.2260    3.146400    3.217400    3.264400    3.298100    3.327500
 1082.4830    3.096800    3.170100    3.218900    3.254400    3.284700
 1082.7410    3.047300    3.123400    3.174200    3.211700    3.242500
 1082.9980    2.997900    3.077600    3.130199    3.170100    3.201000
 1083.2560    2.948700    3.032700    3.086900    3.129300    3.160300
 1083.5140    2.900000    2.988700    3.044700    3.089200    3.120399
 1083.7720    2.851900    2.945400    3.003500    3.049600    3.081400
 1084.0300    2.805201    2.902900    2.963400    3.010500    3.043400
 1084.2880    2.760500    2.861000    2.924200    2.971800    3.006200
 1084.5470    2.718000    2.820100    2.885799    2.933599    2.969800
 1084.8051    2.676900    2.780200    2.847800    2.896200    2.934100
 1085.0640    2.636800    2.741199    2.810300    2.859600    2.899300
 1085.3230    2.597800    2.702900    2.773400    2.823999    2.865100
 1085.5820    2.560101    2.664900    2.737100    2.789000    2.831500
 1085.9270    2.511800    2.614901    2.690001    2.743299    2.787800
 1086.2729    2.465100    2.566800    2.644000    2.698200    2.745000
 1086.6180    2.421400    2.521600    2.598700    2.654200    2.702900
 1086.9640    2.382500    2.478700    2.554100    2.611800    2.661300
 1087.3110    2.347300    2.437500    2.511000    2.571400    2.620100
 1087.6570    2.313800    2.398300    2.470600    2.532700    2.579800
 1088.0909    2.276200    2.354000    2.423900    2.485400    2.530900
 1088.5240    2.242300    2.314000    2.379900    2.438300    2.484400
 1088.9580    2.209100    2.275500    2.337400    2.392700    2.440100
 1089.3929    2.180600    2.239100    2.297900    2.350700    2.397900
 1089.9150    2.151200    2.201900    2.256001    2.305700    2.349600
 1090.4370    2.123700    2.168500    2.217300    2.263000    2.304700
 1091.0470    2.098700    2.131800    2.173400    2.214900    2.256701
 1091.6580    2.073500    2.103100    2.136700    2.173900    2.211800
 1092.3560    2.051500    2.071500    2.101700    2.134700    2.162400
 1093.0560    2.028900    2.043800    2.066500    2.093200    2.117200
 1093.9320    2.005301    2.013900    2.032000    2.047700    2.067699
 1094.8090    1.983299    1.986601    1.996401    2.010000    2.020900
 1095.7750    1.957100    1.956800    1.961700    1.963501    1.975399
 1096.9200    1.925900    1.924500    1.918800    1.923500    1.927299
 1098.0670    1.893700    1.887300    1.881800    1.875500    1.881800
 1099.4810    1.853100    1.840599    1.832199    1.833700    1.836901
 1101.0770    1.809099    1.791500    1.785999    1.793301    1.798401
 1102.9449    1.759600    1.747801    1.749500    1.758301    1.767500
 1105.6250    1.710701    1.717701    1.728100    1.739201    1.742800
 1109.5780    1.702801    1.703199    1.703699    1.697901    1.693899
 1111.5660    1.694201    1.681400    1.669800    1.654301    1.646299
 1112.9250    1.671700    1.648399    1.629200    1.616699    1.599100
 1114.0140    1.640100    1.613199    1.592100    1.568600    1.559500
 1115.0150    1.599600    1.570601    1.543100    1.531900    1.515900
 1115.9270    1.557301    1.523800    1.503401    1.483400    1.478701
 1116.8390    1.508801    1.477600    1.453899    1.447599    1.442499
 1117.6620    1.460600    1.430799    1.416901    1.413099    1.408699
 1118.5780    1.413700    1.387800    1.377399    1.372000    1.379999
 1119.5870    1.366699    1.339701    1.339701    1.350201    1.352301
 1120.8740    1.317499    1.302299    1.305201    1.311501    1.323999
 1123.7330    1.267500    1.271500    1.277901    1.285099    1.287701
 1127.3521    1.280600    1.269699    1.252600    1.243799    1.238501
 1129.4041    1.276699    1.244900    1.216600    1.203600    1.189600
 1130.7130    1.256201    1.212799    1.184299    1.160200    1.141199
 1131.8380    1.224701    1.167999    1.136000    1.115801    1.099600
 1132.7770    1.183901    1.131500    1.098600    1.067801    1.055000
 1133.5291    1.146000    1.087000    1.053200    1.042400    1.016600
 1134.2830    1.104799    1.051800    1.020300    0.996450    0.983391
 1135.0370    1.058201    1.005699    0.980120    0.951071    0.946699
 1135.7930    1.019199    0.966040    0.933310    0.928370    0.905470
 1136.6429    0.969900    0.923830    0.902821    0.880951    0.868790
 1137.4010    0.935249    0.880619    0.865891    0.835381    0.837200
 1138.2540    0.889290    0.834551    0.824400    0.790001    0.797480
 1139.1090    0.843229    0.788370    0.782810    0.744511    0.757650
 1139.9650    0.797119    0.742140    0.741180    0.698980    0.717791
 1140.8220    0.750950    0.695850    0.699490    0.653379    0.677870
 1141.6810    0.704679    0.649450    0.657700    0.607679    0.637859
 1142.5410    0.658350    0.603001    0.615870    0.561930    0.597811
 1143.4020    0.611971    0.556499    0.573990    0.516121    0.557711
 1144.2640    0.565531    0.509939    0.532061    0.470261    0.517559
 1145.1281    0.518980    0.463280    0.490030    0.424290    0.477320
 1145.9930    0.472380    0.416559    0.447960    0.378269    0.437031
 1146.8590    0.425730    0.369789    0.405830    0.332199    0.396700
 1147.7271    0.378969    0.322901    0.363609    0.286020    0.356270
 1148.5959    0.332161    0.275970    0.321350    0.239790    0.315809
 1149.4659    0.285290    0.228979    0.279030    0.193510    0.275290
 1150.3380    0.238310    0.181881    0.236610    0.147110    0.234671
 1151.2111    0.191280    0.134729    0.194139    0.100660    0.194010
 1152.0850    0.144199    0.087530    0.151630    0.054171    0.153311
 1152.9611    0.097006    0.040211    0.109020    0.007561    0.112499
 1153.8380    0.049763   -0.007153    0.066359   -0.039095    0.071657
 1154.7159    0.002468   -0.054571    0.023655   -0.085802    0.030769
 1155.5959   -0.044939   -0.102100   -0.019152   -0.132620   -0.010218
 1156.4771   -0.092405   -0.149691   -0.062010   -0.179501   -0.051254
 1157.3590   -0.139919   -0.197321   -0.104910   -0.226419   -0.092331
 1158.2419   -0.187481   -0.245010   -0.147860   -0.273390   -0.133450
 1159.1270   -0.235161   -0.292810   -0.190910   -0.320480   -0.174669
 1160.0140   -0.282949   -0.340719   -0.234060   -0.367670   -0.215990
 1160.9010   -0.330730   -0.388630   -0.277201   -0.414860   -0.257299
 1161.7910   -0.378679   -0.436701   -0.320490   -0.462210   -0.298750
 1162.6810   -0.426620   -0.484770   -0.363791   -0.509560   -0.340200
 1163.5730   -0.474670   -0.532949   -0.407169   -0.557011   -0.381741
 1164.4659   -0.522779   -0.581169   -0.450609   -0.604521   -0.423330
 1165.3600   -0.570940   -0.629459   -0.494101   -0.652081   -0.464970
 1166.2560   -0.619209   -0.677851   -0.537680   -0.699751   -0.506701
 1167.1541   -0.667589   -0.726360   -0.581360   -0.747530   -0.548531
 1168.0520   -0.715960   -0.774860   -0.625040   -0.795300   -0.590349
 1168.9520   -0.764450   -0.823469   -0.668819   -0.843189   -0.632271
 1169.8540   -0.813040   -0.872190   -0.712700   -0.891171   -0.674280
 1169.9540   -0.818430   -0.877590   -0.717560   -0.896490   -0.678940
     19.00  224    5   6000.00  10000.00  14000.00  18000.00  22000.00
  790.0330    1.504601    1.466000    1.458300    1.461901    1.468700
  792.6940    1.525200    1.496500    1.497900    1.507401    1.518499
  795.1400    1.547100    1.529600    1.539299    1.553699    1.567699
  797.6490    1.572300    1.566200    1.583200    1.601500    1.617500
  800.4550    1.600800    1.604799    1.627701    1.649500    1.667200
  804.1790    1.634201    1.644400    1.670799    1.695999    1.716999
  809.6150    1.684000    1.693501    1.714800    1.737600    1.759201
  814.1050    1.723900    1.743099    1.763800    1.779900    1.794600
  818.3990    1.766100    1.781601    1.809500    1.829700    1.842100
  823.2350    1.814699    1.831400    1.847401    1.869200    1.888300
  827.8770    1.864100    1.881300    1.896299    1.904800    1.917999
  832.2170    1.906799    1.925900    1.943800    1.954300    1.957800
  836.2440    1.949200    1.973900    1.985399    1.999701    2.007700
  840.3100    1.991501    2.015300    2.035000    2.041400    2.052100
  844.7290    2.041100    2.063400    2.079500    2.091300    2.094600
  849.5120    2.090700    2.107400    2.120700    2.132999    2.141300
  854.3490    2.140200    2.157100    2.166300    2.170300    2.178600
  859.1880    2.189800    2.203600    2.210100    2.218100    2.217900
  863.8630    2.239500    2.250500    2.256800    2.258101    2.264700
  868.6450    2.289300    2.296800    2.301100    2.304300    2.304300
  873.4230    2.338900    2.345200    2.350100    2.350900    2.350300
  878.1420    2.388800    2.393800    2.393900    2.397000    2.399400
  882.8550    2.438400    2.440900    2.443700    2.443700    2.443000
  887.5610    2.488000    2.490100    2.489500    2.490300    2.492001
  892.2010    2.537500    2.537500    2.538900    2.538500    2.537900
  896.7720    2.587000    2.586600    2.585500    2.585300    2.585600
  901.3310    2.636800    2.635799    2.635000    2.634900    2.634100
  905.8150    2.686399    2.683900    2.683100    2.682199    2.682100
  910.2240    2.735700    2.733300    2.732400    2.731900    2.731500
  914.6140    2.785200    2.782700    2.781500    2.780100    2.779900
  918.8610    2.834000    2.831200    2.830000    2.829900    2.829100
  923.0850    2.883500    2.880800    2.879300    2.878099    2.877900
  927.1600    2.932100    2.929100    2.927800    2.927401    2.926800
  931.2070    2.981300    2.978300    2.977200    2.976000    2.975800
  935.1610    3.030300    3.027599    3.026100    3.025801    3.025000
  939.0200    3.079200    3.076500    3.075399    3.074600    3.074400
  942.7810    3.128201    3.125700    3.124500    3.124100    3.123500
  946.4410    3.177200    3.175000    3.174000    3.173201    3.173000
  949.9970    3.226299    3.224100    3.223101    3.222600    3.222300
  953.4470    3.275499    3.273600    3.272600    3.272200    3.271800
  956.7870    3.324800    3.323000    3.322200    3.321700    3.321500
  960.0170    3.374300    3.372601    3.371901    3.371600    3.371099
  963.0640    3.422900    3.421400    3.420600    3.420100    3.420200
  965.9940    3.471500    3.469999    3.469601    3.469299    3.468800
  968.8040    3.520100    3.519000    3.518300    3.517900    3.517900
  971.4930    3.568800    3.567699    3.567300    3.567101    3.566800
  974.0570    3.617500    3.616500    3.616000    3.615800    3.615499
  976.4950    3.666000    3.665100    3.664801    3.664500    3.664400
  978.8760    3.715799    3.715000    3.714600    3.714399    3.714300
  981.1270    3.765300    3.764600    3.764299    3.764100    3.763900
  983.2460    3.814400    3.813800    3.813499    3.813300    3.813200
  985.2330    3.862801    3.862300    3.862000    3.861900    3.861800
  987.1560    3.912300    3.911800    3.911600    3.911400    3.911301
  988.9440    3.960600    3.960199    3.960000    3.959900    3.959800
  990.6660    4.009700    4.009399    4.009200    4.009200    4.009100
  992.3220    4.059500    4.059100    4.059000    4.059000    4.058900
  993.8390    4.107400    4.107100    4.107000    4.106900    4.106900
  995.2880    4.155500    4.155300    4.155200    4.155200    4.155100
  996.6680    4.203600    4.203400    4.203300    4.203300    4.203300
  997.9800    4.251400    4.251300    4.251200    4.251200    4.251200
  999.2210    4.298800    4.298700    4.298600    4.298600    4.298600
 1000.4660    4.348499    4.348400    4.348300    4.348400    4.348300
 1001.6400    4.397400    4.397300    4.397300    4.397300    4.397300
 1002.7440    4.445300    4.445200    4.445200    4.445200    4.445200
 1003.7760    4.491899    4.491800    4.491800    4.491800    4.491800
 1004.8100    4.540300    4.540300    4.540200    4.540200    4.540200
 1005.7720    4.587000    4.586901    4.586901    4.586901    4.586901
 1006.7360    4.635400    4.635400    4.635300    4.635300    4.635300
 1007.6280    4.681700    4.681601    4.681601    4.681601    4.681601
 1008.5210    4.729500    4.729500    4.729500    4.729401    4.729401
 1009.4160    4.778999    4.778999    4.778900    4.778900    4.778900
 1010.2370    4.825900    4.825800    4.825800    4.825800    4.825800
 1011.0600    4.874200    4.874200    4.874200    4.874100    4.874100
 1011.8850    4.924100    4.924100    4.924100    4.924100    4.924100
 1012.6350    4.971001    4.971001    4.971001    4.970900    4.970900
 1013.3870    5.019199    5.019199    5.019199    5.019199    5.019199
 1014.1390    5.069000    5.069000    5.069000    5.069000    5.069000
 1014.8180    5.115100    5.115100    5.115200    5.115200    5.115200
 1015.4970    5.162600    5.162701    5.162701    5.162701    5.162701
 1016.1770    5.211500    5.211500    5.211599    5.211599    5.211599
 1016.7830    5.256200    5.256200    5.256300    5.256300    5.256300
 1017.3890    5.302000    5.302100    5.302100    5.302200    5.302200
 1017.9960    5.349100    5.349199    5.349199    5.349300    5.349300
 1018.6030    5.397400    5.397500    5.397600    5.397600    5.397600
 1019.2120    5.447001    5.447100    5.447200    5.447200    5.447300
 1019.7440    5.491500    5.491600    5.491700    5.491700    5.491700
 1020.2780    5.537001    5.537100    5.537100    5.537200    5.537200
 1020.8120    5.583400    5.583500    5.583500    5.583700    5.583799
 1021.3460    5.630700    5.630800    5.631001    5.631100    5.631300
 1021.8820    5.679000    5.679200    5.679399    5.679501    5.679501
 1022.4170    5.728100    5.728400    5.728500    5.728400    5.728300
 1022.9530    5.778000    5.778100    5.777800    5.777599    5.777300
 1023.4130    5.821000    5.820601    5.820100    5.819799    5.819700
 1023.8740    5.863400    5.862801    5.862700    5.862900    5.863501
 1024.3350    5.905500    5.906200    5.907600    5.909400    5.911100
 1024.7190    5.943399    5.947100    5.950399    5.953100    5.955000
 1025.1040    5.991600    5.996000    5.998199    5.998700    5.998800
 1025.4120    6.035500    6.032000    6.028100    6.024600    6.021500
 1026.0280    5.988000    5.986401    5.984301    5.981800    5.979600
 1026.1830    5.949200    5.952200    5.953100    5.952800    5.952700
 1026.3370    5.912399    5.917400    5.920100    5.921700    5.923300
 1026.5680    5.865100    5.869300    5.872700    5.875800    5.878901
 1026.8000    5.825800    5.827700    5.830600    5.833799    5.836901
 1027.0320    5.791100    5.791400    5.793500    5.796101    5.798500
 1027.3409    5.748301    5.748301    5.749599    5.750999    5.752300
 1027.6500    5.707800    5.708600    5.709300    5.709800    5.710500
 1028.0370    5.659800    5.661200    5.661500    5.661900    5.662200
 1028.4240    5.613900    5.615200    5.615700    5.616100    5.616199
 1028.8120    5.569201    5.570400    5.571000    5.571199    5.570900
 1029.1990    5.525499    5.526199    5.526199    5.525900    5.525101
 1029.5870    5.481900    5.481100    5.480300    5.479200    5.478100
 1029.9760    5.436100    5.433900    5.432400    5.430901    5.429700
 1030.3640    5.387000    5.384399    5.382800    5.381200    5.380301
 1030.6760    5.346100    5.343901    5.342501    5.341101    5.340401
 1030.9871    5.304700    5.303300    5.302200    5.301200    5.300800
 1031.2980    5.263800    5.263200    5.262500    5.261800    5.261700
 1031.6880    5.214300    5.214300    5.214100    5.213900    5.214100
 1032.0780    5.167000    5.167300    5.167300    5.167500    5.167900
 1032.4680    5.121799    5.122300    5.122300    5.122800    5.123301
 1032.8590    5.078400    5.079100    5.079100    5.079800    5.080200
 1033.3280    5.028700    5.029400    5.029500    5.030399    5.030500
 1033.7970    4.981501    4.982000    4.982400    4.983400    4.983000
 1034.2670    4.936501    4.936900    4.937500    4.938400    4.937799
 1034.8160    4.886600    4.887000    4.887899    4.888500    4.888000
 1035.3650    4.839900    4.840200    4.841200    4.841300    4.841101
 1035.9150    4.796101    4.796400    4.797700    4.797100    4.797300
 1036.5439    4.749599    4.750100    4.751300    4.750299    4.750800
 1037.2531    4.701700    4.702499    4.702800    4.702200    4.703100
 1038.0410    4.653100    4.654301    4.653800    4.653900    4.655500
 1038.9100    4.605700    4.607100    4.605700    4.606800    4.608800
 1039.8600    4.560300    4.560600    4.559700    4.562201    4.563300
 1040.9700    4.514700    4.513100    4.514100    4.516500    4.516600
 1042.3210    4.466200    4.465000    4.468599    4.468599    4.468800
 1043.9150    4.419001    4.421300    4.422600    4.421400    4.419701
 1045.9139    4.376101    4.378600    4.375000    4.372200    4.370501
 1048.7260    4.335899    4.329599    4.328400    4.327000    4.325800
 1059.7970    4.305400    4.300500    4.293100    4.284599    4.276000
 1061.1970    4.262899    4.255899    4.245800    4.236200    4.228400
 1062.3530    4.216101    4.208500    4.198999    4.191299    4.187201
 1063.5110    4.168600    4.160200    4.152599    4.149700    4.149200
 1064.8390    4.119200    4.111300    4.109700    4.111900    4.115200
 1066.5850    4.070700    4.070700    4.077000    4.084800    4.093100
 1074.8979    4.073100    4.065599    4.058001    4.050900    4.044400
 1076.0850    4.039000    4.024600    4.013400    4.004200    3.996300
 1076.9330    3.995000    3.979401    3.967899    3.958799    3.951099
 1077.6130    3.948600    3.934500    3.924300    3.916000    3.909100
 1078.2090    3.901600    3.890200    3.881701    3.874701    3.868700
 1078.7200    3.858200    3.849501    3.842600    3.836901    3.831900
 1079.2321    3.813000    3.806800    3.801701    3.797300    3.793400
 1079.7440    3.766900    3.763000    3.759501    3.756400    3.753600
 1080.2560    3.720400    3.718400    3.716400    3.714600    3.712999
 1080.7690    3.673901    3.673600    3.673000    3.672400    3.671801
 1081.2830    3.627700    3.628901    3.629499    3.630000    3.630400
 1081.7970    3.581900    3.584499    3.586300    3.587700    3.589100
 1082.3120    3.536800    3.540600    3.543500    3.545900    3.548201
 1082.8270    3.492400    3.497499    3.501400    3.504800    3.507800
 1083.3420    3.449100    3.455400    3.460300    3.464500    3.468201
 1083.9440    3.400300    3.407700    3.413600    3.418700    3.423100
 1084.5470    3.353600    3.362000    3.368700    3.374500    3.379601
 1085.1500    3.309299    3.318200    3.325600    3.332000    3.337700
 1085.8409    3.261600    3.270900    3.278900    3.285800    3.292000
 1086.6180    3.212000    3.221300    3.229600    3.236900    3.243500
 1087.3970    3.166400    3.175500    3.183800    3.191299    3.198000
 1088.2640    3.120399    3.129000    3.137000    3.144300    3.150900
 1089.2190    3.074800    3.082700    3.090200    3.097099    3.103300
 1090.2629    3.030600    3.037500    3.044100    3.050301    3.055600
 1091.3960    2.988200    2.993700    2.999200    3.004200    3.008600
 1092.7061    2.944600    2.948500    2.952500    2.956000    2.958900
 1094.1071    2.902500    2.904800    2.907100    2.908800    2.910400
 1095.5990    2.860800    2.861500    2.861900    2.862200    2.863000
 1097.2720    2.816200    2.815300    2.814199    2.813800    2.814500
 1099.1270    2.768300    2.766200    2.764900    2.765200    2.766700
 1101.1660    2.718500    2.716500    2.716900    2.718900    2.721600
 1103.3910    2.669600    2.670200    2.673200    2.676701    2.680000
 1106.1620    2.619801    2.624001    2.627800    2.630600    2.632401
 1108.7670    2.580700    2.583200    2.584100    2.583700    2.582400
 1110.8420    2.545700    2.543800    2.540900    2.537400    2.533700
 1112.6530    2.505500    2.499599    2.493700    2.488300    2.483700
 1114.1960    2.461700    2.453300    2.446100    2.440599    2.436600
 1115.6530    2.412600    2.403600    2.396900    2.392700    2.390200
 1116.9310    2.365400    2.357200    2.352400    2.350200    2.349500
 1118.2111    2.316999    2.310900    2.308900    2.309000    2.310200
 1119.4950    2.270000    2.267000    2.268000    2.270400    2.273100
 1120.9659    2.221000    2.222000    2.226000    2.230100    2.233800
 1122.7170    2.171800    2.176800    2.182400    2.186800    2.190100
 1124.7520    2.126600    2.132500    2.136600    2.139000    2.140400
 1126.6080    2.091100    2.093200    2.093400    2.092800    2.091600
 1128.1910    2.058300    2.054800    2.051200    2.047700    2.044500
 1129.5909    2.022700    2.014000    2.007200    2.001600    1.996799
 1130.8070    1.984200    1.971701    1.962799    1.955999    1.950399
 1131.9320    1.941299    1.926300    1.916401    1.909100    1.903400
 1132.9650    1.895500    1.879700    1.869699    1.862499    1.857000
 1133.9060    1.849100    1.833500    1.824100    1.817501    1.812599
 1134.8480    1.799200    1.784700    1.776300    1.770599    1.766500
 1135.6980    1.752399    1.739300    1.732000    1.727301    1.724100
 1136.5490    1.704901    1.693199    1.687201    1.683599    1.681299
 1137.4010    1.657700    1.647301    1.642401    1.639801    1.638500
 1138.2540    1.611700    1.602200    1.598400    1.596701    1.596199
 1139.2040    1.562700    1.553699    1.550800    1.549900    1.550200
 1140.1550    1.516600    1.507601    1.505100    1.504900    1.505800
 1141.2040    1.469700    1.460100    1.457800    1.457901    1.459200
 1142.3500    1.423300    1.412399    1.409800    1.409800    1.411200
 1143.5930    1.378901    1.365900    1.362400    1.362000    1.363100
 1144.9360    1.337299    1.321600    1.316601    1.315100    1.315599
 1146.4740    1.296600    1.277401    1.270201    1.267200    1.266500
 1148.2100    1.257999    1.234600    1.224600    1.219601    1.217400
 1150.1440    1.221500    1.193501    1.180401    1.173100    1.169100
 1152.3770    1.185101    1.152300    1.135900    1.126200    1.120600
 1155.0090    1.147200    1.109600    1.090200    1.078501    1.071501
 1158.1440    1.107800    1.065800    1.044100    1.030800    1.022499
 1161.9880    1.068399    1.022499    0.998400    0.983299    0.972900
 1166.4561    1.034300    0.983400    0.955299    0.937201    0.923800
 1171.2590    1.002199    0.944799    0.911800    0.890699    0.874500
 1175.7980    0.967701    0.905001    0.867901    0.843901    0.825001
 1180.3719    0.933100    0.864901    0.823700    0.796801    0.775101
 1184.8790    0.898899    0.825399    0.780100    0.750401    0.725901
 1189.4210    0.864500    0.785500    0.736200    0.703600    0.676399
 1193.9980    0.829800    0.745399    0.691999    0.656401    0.626499
 1198.5040    0.795601    0.705900    0.648399    0.610001    0.577299
 1203.0450    0.761200    0.666100    0.604500    0.563200    0.527800
 1207.6210    0.726500    0.625900    0.560301    0.516100    0.477800
 1212.1240    0.692400    0.586399    0.516800    0.469700    0.428699
 1216.6600    0.658001    0.546700    0.472900    0.422899    0.379200
 1219.9220    0.633301    0.518101    0.441401    0.389299    0.343599
     20.00  101    5   6000.00  10000.00  14000.00  18000.00  22000.00
  790.0330    1.716801    1.714901    1.723000    1.732300    1.740799
  794.7700    1.760700    1.762300    1.771900    1.781799    1.790699
  799.6580    1.806700    1.811199    1.821701    1.831800    1.840700
  804.6060    1.853800    1.860500    1.871401    1.881300    1.889900
  809.6150    1.902100    1.910400    1.921101    1.930599    1.938700
  814.6390    1.951000    1.960199    1.970600    1.979401    1.986700
  819.6770    2.000299    2.010099    2.019800    2.027800    2.034400
  824.7270    2.050100    2.059900    2.068900    2.076000    2.081699
  829.7390    2.099501    2.109000    2.117100    2.123400    2.128400
  834.7610    2.149200    2.158000    2.165200    2.170600    2.174800
  839.7930    2.198999    2.206900    2.212999    2.217600    2.221200
  844.8340    2.248899    2.255700    2.260799    2.264600    2.267500
  849.8290    2.298300    2.304100    2.308200    2.311200    2.313601
  854.8310    2.347900    2.352500    2.355801    2.358100    2.359900
  859.8370    2.397500    2.401100    2.403601    2.405300    2.406700
  864.8480    2.447400    2.449900    2.451700    2.453000    2.453899
  869.8620    2.497300    2.499001    2.500200    2.500999    2.501699
  874.8230    2.547000    2.547900    2.548500    2.549100    2.549400
  879.7830    2.596900    2.597099    2.597401    2.597600    2.597799
  884.6860    2.646500    2.646200    2.646100    2.646100    2.646200
  889.5850    2.696500    2.695700    2.695400    2.695300    2.695200
  894.4220    2.746300    2.745200    2.744699    2.744400    2.744200
  899.1940    2.795800    2.794500    2.793900    2.793500    2.793301
  903.8960    2.845301    2.843800    2.843100    2.842600    2.842400
  908.5880    2.895200    2.893600    2.892900    2.892400    2.892099
  913.2070    2.945000    2.943399    2.942699    2.942200    2.941900
  917.7490    2.994801    2.993200    2.992500    2.992001    2.991700
  922.2130    3.044500    3.043000    3.042300    3.041800    3.041500
  926.5940    3.094200    3.092800    3.092100    3.091600    3.091400
  930.8900    3.143900    3.142500    3.141900    3.141399    3.141200
  935.0970    3.193399    3.192200    3.191600    3.191200    3.190900
  939.2140    3.242800    3.241700    3.241199    3.240800    3.240601
  943.2370    3.292100    3.291100    3.290600    3.290300    3.290100
  947.2290    3.341801    3.341000    3.340500    3.340200    3.340000
  951.1220    3.391100    3.390400    3.390100    3.389800    3.389600
  954.9810    3.440800    3.440200    3.439899    3.439700    3.439500
  958.7360    3.489700    3.489300    3.489000    3.488800    3.488600
  962.5210    3.539400    3.539101    3.538799    3.538700    3.538500
  966.2670    3.588800    3.588600    3.588400    3.588200    3.588100
  970.0430    3.638400    3.638300    3.638100    3.638000    3.637899
  973.8490    3.687901    3.687799    3.687700    3.687600    3.687500
  977.7540    3.737500    3.737500    3.737500    3.737400    3.737300
  981.7620    3.786600    3.786699    3.786600    3.786500    3.786500
  986.0160    3.835600    3.835700    3.835700    3.835700    3.835600
  990.7380    3.884900    3.885099    3.885099    3.885099    3.885099
  996.3770    3.934500    3.934800    3.934800    3.934800    3.934700
 1005.1060    3.984200    3.984600    3.984600    3.984600    3.984600
 1026.8770    3.934500    3.934900    3.934900    3.934999    3.934999
 1033.4060    3.885000    3.885300    3.885400    3.885500    3.885500
 1039.3850    3.835300    3.835700    3.835800    3.835800    3.835800
 1045.0330    3.785999    3.786301    3.786400    3.786400    3.786400
 1050.4200    3.736100    3.736401    3.736500    3.736500    3.736500
 1055.3730    3.686900    3.687099    3.687201    3.687099    3.687099
 1059.9611    3.637700    3.637899    3.637899    3.637899    3.637800
 1064.2581    3.588500    3.588699    3.588699    3.588600    3.588600
 1068.3380    3.539000    3.539200    3.539200    3.539200    3.539101
 1072.1970    3.490100    3.490300    3.490300    3.490200    3.490200
 1076.0000    3.440300    3.440400    3.440400    3.440400    3.440300
 1079.6580    3.391100    3.391300    3.391300    3.391200    3.391100
 1083.2560    3.342000    3.342100    3.342100    3.342000    3.341900
 1086.7910    3.293100    3.293200    3.293200    3.293100    3.293100
 1090.3500    3.243500    3.243600    3.243500    3.243401    3.243401
 1093.8440    3.194400    3.194400    3.194300    3.194300    3.194201
 1097.2720    3.145800    3.145800    3.145700    3.145599    3.145500
 1100.7220    3.096399    3.096300    3.096200    3.096100    3.096001
 1104.1050    3.047501    3.047300    3.047200    3.047000    3.046900
 1107.4180    2.998899    2.998700    2.998600    2.998400    2.998301
 1110.7520    2.949500    2.949300    2.948999    2.948900    2.948700
 1114.0140    2.900600    2.900200    2.900000    2.899799    2.899600
 1117.2960    2.850800    2.850400    2.850100    2.849800    2.849700
 1120.5060    2.801600    2.801100    2.800700    2.800500    2.800301
 1123.6410    2.753099    2.752501    2.752100    2.751900    2.751699
 1126.7939    2.704100    2.703400    2.702900    2.702600    2.702400
 1129.9650    2.654500    2.653601    2.653100    2.652800    2.652599
 1133.0590    2.606000    2.604900    2.604401    2.604000    2.603800
 1136.1710    2.557000    2.555901    2.555201    2.554800    2.554501
 1139.2990    2.507800    2.506500    2.505700    2.505301    2.505000
 1142.4449    2.458400    2.456800    2.455999    2.455500    2.455100
 1145.5120    2.410299    2.408400    2.407499    2.406900    2.406500
 1148.5959    2.362000    2.359900    2.358800    2.358100    2.357700
 1151.6970    2.313601    2.311200    2.309900    2.309200    2.308701
 1154.8140    2.265100    2.262300    2.260900    2.260000    2.259501
 1157.9480    2.216499    2.213301    2.211700    2.210800    2.210100
 1161.0990    2.167900    2.164300    2.162399    2.161400    2.160601
 1164.2670    2.119300    2.115100    2.113100    2.111800    2.111000
 1167.4530    2.070700    2.066000    2.063700    2.062300    2.061300
 1170.6560    2.022300    2.017000    2.014299    2.012800    2.011700
 1173.8770    1.974199    1.968100    1.965099    1.963301    1.962101
 1177.1160    1.926399    1.919399    1.916000    1.914000    1.912701
 1180.3719    1.879000    1.871201    1.867300    1.865000    1.863501
 1183.6470    1.832199    1.823400    1.819000    1.816401    1.814699
 1187.0430    1.784800    1.774799    1.769800    1.766899    1.764999
 1190.4580    1.738400    1.726999    1.721399    1.718201    1.716000
 1193.9980    1.691700    1.678900    1.672600    1.668900    1.666401
 1197.6630    1.645201    1.630699    1.623600    1.619400    1.616600
 1201.4580    1.599199    1.582800    1.574699    1.570000    1.566799
 1205.3820    1.554001    1.535601    1.526501    1.521099    1.517500
 1209.5470    1.509100    1.488300    1.478001    1.471901    1.467899
 1213.9561    1.465200    1.441700    1.430099    1.423201    1.418600
 1218.7240    1.422001    1.395500    1.382401    1.374701    1.369499
 1219.9220    1.411900    1.384701    1.371201    1.363199    1.357901
