Lyman beta broadened by H atoms
Potentials and dipol moments from Spielfidel 2003
priv. comm. Nicole Allard 2012
Calculated by Detlev Koester, May 1, 2018
----------------------------------------------------------------------
    7 
        15.00  461    7   4000.00   6000.00   8000.00  10000.00  12000.00  14000.00  16000.00
 1005.3280    0.701900    1.474899    1.659599    1.030701    0.307199    1.370701    1.760500
 1005.3770    0.822300    1.535700    1.678301    1.078600    0.690001    1.445299    1.798201
 1005.4270    0.923000    1.591101    1.696301    1.125999    0.901600    1.511700    1.833900
 1005.4760    1.010500    1.641800    1.713800    1.172701    1.051500    1.571600    1.867701
 1005.5250    1.088800    1.688700    1.730700    1.218800    1.169001    1.626301    1.899900
 1005.5750    1.160299    1.732300    1.747101    1.264200    1.266701    1.676800    1.930599
 1005.6240    1.226500    1.773001    1.763100    1.308800    1.350800    1.723700    1.959900
 1005.6730    1.288601    1.811100    1.778700    1.352600    1.424900    1.767500    1.988001
 1005.7230    1.347300    1.847000    1.794100    1.395700    1.491501    1.808599    2.014940
 1005.7720    1.403299    1.880899    1.809200    1.437901    1.552099    1.847401    2.040800
 1005.8220    1.456800    1.912899    1.824100    1.479200    1.607901    1.884199    2.065730
 1005.8710    1.508301    1.943199    1.838800    1.519800    1.659599    1.919100    2.089730
 1005.9200    1.558001    1.972000    1.853500    1.559500    1.707901    1.952299    2.112840
 1005.9700    1.605999    1.999399    1.868000    1.598301    1.753300    1.984100    2.135160
 1006.0190    1.652599    2.025430    1.882601    1.636400    1.796101    2.014390    2.156730
 1006.0690    1.697701    2.050230    1.897100    1.673599    1.836700    2.043480    2.177570
 1006.1180    1.741501    2.073940    1.911699    1.710100    1.875200    2.071400    2.197720
 1006.1680    1.784100    2.096560    1.926300    1.745701    1.911900    2.098230    2.217220
 1006.2170    1.825500    2.118170    1.941000    1.780600    1.947001    2.124050    2.236080
 1006.2660    1.865700    2.138870    1.955799    1.814600    1.980600    2.148940    2.254380
 1006.3160    1.904800    2.158660    1.970800    1.848000    2.012880    2.172890    2.272100
 1006.3650    1.942801    2.177620    1.985901    1.880600    2.043830    2.196040    2.289280
 1006.4150    1.979799    2.195820    2.001210    1.912500    2.073650    2.218380    2.305930
 1006.4640    2.015690    2.213250    2.016660    1.943600    2.102400    2.239970    2.322070
 1006.5140    2.050570    2.229990    2.032300    1.974100    2.130110    2.260860    2.337740
 1006.5630    2.084470    2.246080    2.048130    2.003850    2.156850    2.281080    2.352930
 1006.6130    2.117340    2.261520    2.064160    2.032940    2.182730    2.300640    2.367690
 1006.6620    2.149280    2.276420    2.080410    2.061410    2.207720    2.319560    2.382000
 1006.7120    2.180240    2.290720    2.096810    2.089200    2.231930    2.337920    2.395870
 1006.7610    2.210290    2.304510    2.113410    2.116380    2.255370    2.355680    2.409340
 1006.8110    2.239400    2.317830    2.130170    2.142920    2.278070    2.372910    2.422430
 1006.8600    2.267590    2.330680    2.147090    2.168850    2.300070    2.389630    2.435110
 1006.9100    2.294880    2.343090    2.164200    2.194180    2.321390    2.405810    2.447420
 1006.9590    2.321290    2.355130    2.181410    2.218930    2.342090    2.421520    2.459380
 1007.0090    2.346820    2.366780    2.198770    2.243090    2.362160    2.436750    2.470970
 1007.1080    2.395330    2.389100    2.233780    2.289740    2.400520    2.465870    2.493140
 1007.2070    2.440480    2.410250    2.269070    2.334170    2.436670    2.493280    2.513990
 1007.3060    2.482390    2.430460    2.304510    2.376500    2.470720    2.519070    2.533610
 1007.4050    2.521130    2.449940    2.339910    2.416760    2.502800    2.543350    2.552050
 1007.5040    2.556780    2.468850    2.375130    2.455030    2.533010    2.566190    2.569360
 1007.6030    2.589460    2.487350    2.410000    2.491350    2.561450    2.587670    2.585630
 1007.7020    2.619240    2.505610    2.444390    2.525780    2.588190    2.607860    2.600890
 1007.8010    2.646230    2.523730    2.478150    2.558400    2.613320    2.626820    2.615200
 1007.9500    2.681680    2.550910    2.527320    2.603990    2.648160    2.653100    2.635000
 1008.0990    2.711400    2.578260    2.574420    2.645740    2.679730    2.676920    2.652940
 1008.2480    2.735810    2.605870    2.619120    2.683810    2.708240    2.698470    2.669210
 1008.3970    2.755320    2.633700    2.661170    2.718340    2.733890    2.717910    2.683960
 1008.5460    2.770410    2.661610    2.700370    2.749500    2.756830    2.735380    2.697340
 1008.7450    2.784550    2.698520    2.747950    2.786020    2.783540    2.755840    2.713360
 1008.9430    2.793050    2.734400    2.790000    2.817140    2.806140    2.773380    2.727600
 1009.1920    2.797810    2.776610    2.834640    2.848980    2.829220    2.791670    2.743450
 1009.4900    2.798460    2.821470    2.876740    2.877760    2.850280    2.809160    2.760520
 1009.8890    2.797660    2.868340    2.914264    2.902221    2.869140    2.826810    2.781690
 1010.7360    2.812670    2.911818    2.934746    2.915722    2.886680    2.854930    2.829340
 1011.4350    2.844310    2.905494    2.915732    2.907981    2.893070    2.881010    2.876520
 1012.0350    2.892670    2.902025    2.901088    2.903280    2.901758    2.908383    2.920191
 1012.4350    2.937147    2.913835    2.901823    2.904862    2.910528    2.927437    2.947899
 1012.8350    2.983514    2.938300    2.912472    2.910640    2.921301    2.945542    2.972388
 1013.3870    3.033343    2.983928    2.939085    2.925121    2.938760    2.967796    2.999057
 1013.9890    3.056180    3.033866    2.977390    2.951983    2.963377    2.990654    3.020361
 1014.5920    3.059033    3.073462    3.024445    2.997085    3.000607    3.018784    3.041116
 1015.0440    3.070038    3.095553    3.066400    3.044853    3.040761    3.048558    3.063333
 1015.4470    3.095100    3.111200    3.107010    3.094751    3.085112    3.083646    3.091808
 1015.7990    3.126460    3.123100    3.142760    3.140600    3.128820    3.121400    3.124500
 1016.1520    3.161760    3.134910    3.176290    3.185340    3.174930    3.164830    3.163970
 1016.5050    3.197560    3.149000    3.205800    3.226600    3.221310    3.212270    3.208740
 1016.8580    3.232180    3.169030    3.230600    3.263040    3.266330    3.261570    3.256690
 1017.2120    3.265220    3.198880    3.251640    3.294510    3.308740    3.310460    3.305700
 1017.5660    3.296820    3.240650    3.271890    3.321870    3.347820    3.356890    3.353780
 1017.8690    3.322800    3.285020    3.292120    3.343490    3.378430    3.393560    3.393010
 1018.1730    3.347780    3.334390    3.318290    3.365040    3.406400    3.426720    3.429560
 1018.4260    3.368320    3.376800    3.346220    3.384260    3.427920    3.451510    3.457560
 1018.7300    3.394380    3.426350    3.387430    3.410240    3.452120    3.478000    3.487930
 1019.0340    3.424870    3.472220    3.435530    3.440470    3.475340    3.501390    3.514710
 1019.2880    3.455550    3.506710    3.478710    3.469260    3.494740    3.519130    3.534480
 1019.5410    3.491290    3.537720    3.522550    3.501070    3.514890    3.535940    3.552299
 1019.7950    3.530760    3.565660    3.565230    3.535270    3.536500    3.552570    3.568760
 1020.1000    3.579610    3.596420    3.613000    3.578260    3.565090    3.573450    3.587810
 1020.4050    3.626150    3.626200    3.655630    3.621880    3.597180    3.596740    3.607710
 1020.7610    3.674070    3.662770    3.698350    3.671840    3.639370    3.628820    3.634650
 1021.1170    3.714750    3.703960    3.734340    3.719750    3.686590    3.668090    3.668600
 1021.4230    3.746010    3.743560    3.761640    3.759350    3.730930    3.708610    3.705310
 1021.7290    3.777400    3.786310    3.788380    3.798580    3.778860    3.756130    3.750180
 1021.9830    3.806340    3.823430    3.812780    3.832180    3.821810    3.801320    3.794200
 1022.1880    3.832490    3.853730    3.835460    3.860580    3.858400    3.841210    3.833790
 1022.3920    3.861640    3.884610    3.862330    3.891171    3.897280    3.884460    3.877280
 1022.5960    3.893610    3.916500    3.894600    3.924790    3.938820    3.931130    3.924740
 1022.7490    3.919170    3.941520    3.922910    3.952540    3.972010    3.968490    3.963020
 1022.9020    3.945930    3.968010    3.955020    3.982910    4.007200    4.008000    4.003700
 1023.0560    3.973900    3.996510    3.991100    4.016300    4.044700    4.049800    4.047000
 1023.2090    4.003300    4.027700    4.031200    4.053200    4.084800    4.094200    4.093300
 1023.3620    4.034800    4.062200    4.075400    4.094200    4.128000    4.141500    4.142700
 1023.4650    4.057400    4.087500    4.107200    4.123900    4.158900    4.174900    4.177700
 1023.5670    4.081500    4.114700    4.140800    4.155900    4.191500    4.209900    4.214500
 1023.6690    4.107500    4.144300    4.176400    4.190200    4.226200    4.246900    4.253300
 1023.7720    4.135900    4.176500    4.214200    4.227200    4.263100    4.285900    4.294400
 1023.8740    4.167100    4.211500    4.254200    4.267000    4.302700    4.327400    4.338000
 1023.9760    4.201300    4.249600    4.296800    4.310100    4.345200    4.371700    4.384400
 1024.0790    4.239100    4.291300    4.342200    4.356700    4.391100    4.419100    4.433900
 1024.1300    4.259600    4.313700    4.366199    4.381400    4.415500    4.444100    4.460000
 1024.1810    4.281100    4.337100    4.391000    4.407200    4.440800    4.470100    4.487100
 1024.2321    4.303699    4.361600    4.416800    4.434200    4.467300    4.497200    4.515300
 1024.2841    4.327600    4.387300    4.443700    4.462300    4.495000    4.525400    4.544500
 1024.3350    4.352700    4.414300    4.471700    4.491700    4.524000    4.554800    4.574900
 1024.3860    4.379300    4.442700    4.501000    4.522400    4.554300    4.585500    4.606700
 1024.4370    4.407300    4.472700    4.531700    4.554600    4.586100    4.617599    4.639800
 1024.4890    4.437000    4.504200    4.563800    4.588500    4.619500    4.651300    4.674400
 1024.5400    4.468500    4.537500    4.597700    4.624000    4.654600    4.686700    4.710700
 1024.5909    4.501800    4.572701    4.633300    4.661300    4.691700    4.723900    4.748700
 1024.6420    4.537300    4.610000    4.670900    4.700800    4.730800    4.763200    4.788700
 1024.6940    4.575100    4.649600    4.710800    4.742400    4.772100    4.804600    4.830900
 1024.7450    4.615400    4.691800    4.753100    4.786500    4.816000    4.848500    4.875500
 1024.7960    4.658600    4.736700    4.798200    4.833200    4.862600    4.895100    4.922700
 1024.8470    4.705000    4.784800    4.846400    4.883101    4.912300    4.944800    4.972900
 1024.8990    4.755000    4.836400    4.898100    4.936300    4.965500    4.997900    5.026400
 1024.9500    4.809100    4.892000    4.953700    4.993400    5.022600    5.054800    5.083700
 1025.0010    4.867900    4.952200    5.013900    5.054900    5.084200    5.116301    5.145400
 1025.0530    4.932199    5.017700    5.079400    5.121600    5.151000    5.182899    5.212200
 1025.1040    5.002800    5.089400    5.151100    5.194400    5.223900    5.255600    5.285100
 1025.1550    5.081100    5.168600    5.230200    5.274400    5.304100    5.335600    5.365200
 1025.2070    5.168800    5.256900    5.318501    5.363501    5.393400    5.424600    5.454100
 1025.2581    5.268300    5.356800    5.418400    5.463900    5.494200    5.525100    5.554501
 1025.3090    5.383500    5.472200    5.533700    5.579700    5.610300    5.640900    5.670100
 1025.3610    5.528100    5.615400    5.676200    5.722000    5.752600    5.782700    5.811399
 1025.4120    7.827700    7.828400    7.829000    7.829500    7.829900    7.830299    7.830700
 1025.4630    9.207300    9.207300    9.207399    9.207399    9.207399    9.207500    9.207500
 1025.5150   10.184401   10.184401   10.184401   10.184401   10.184401   10.184401   10.184500
 1025.5660   10.877100   10.877100   10.877100   10.877100   10.877100   10.877100   10.877100
 1025.6169   11.343000   11.343000   11.343000   11.343000   11.343000   11.343000   11.343000
 1025.6689   11.612400   11.612400   11.612400   11.612400   11.612400   11.612400   11.612400
 1025.7710   11.612400   11.612400   11.612400   11.612400   11.612400   11.612400   11.612400
 1025.8230   11.343000   11.343000   11.343000   11.343000   11.343000   11.343000   11.343000
 1025.8740   10.877100   10.877100   10.877100   10.877100   10.877100   10.877100   10.877100
 1025.9260   10.184401   10.184401   10.184401   10.184401   10.184401   10.184500   10.184500
 1025.9771    9.207300    9.207399    9.207399    9.207399    9.207500    9.207500    9.207500
 1026.0280    7.827900    7.828600    7.829200    7.829700    7.830100    7.830500    7.830800
 1026.0800    5.566800    5.639900    5.698600    5.738100    5.772500    5.800700    5.823200
 1026.1310    5.428400    5.500800    5.559800    5.598700    5.633600    5.662000    5.684000
 1026.1830    5.318000    5.388900    5.447300    5.485500    5.520400    5.548800    5.570300
 1026.2340    5.222400    5.292100    5.349900    5.387300    5.422200    5.450700    5.471700
 1026.2850    5.138000    5.206400    5.263700    5.300400    5.335300    5.363900    5.384399
 1026.3370    5.062201    5.129601    5.186300    5.222300    5.257100    5.285800    5.306000
 1026.3879    4.993400    5.059800    5.115800    5.151300    5.185900    5.214800    5.234600
 1026.4399    4.930400    4.995900    5.051200    5.086200    5.120600    5.149700    5.169200
 1026.4910    4.872200    4.937000    4.991500    5.026100    5.060300    5.089400    5.108800
 1026.5430    4.818100    4.882200    4.936000    4.970300    5.004100    5.033500    5.052700
 1026.5940    4.767600    4.831100    4.884000    4.918100    4.951600    4.981200    5.000299
 1026.6460    4.720200    4.783100    4.835200    4.869100    4.902300    4.932000    4.951100
 1026.6970    4.675500    4.737900    4.789100    4.823000    4.855700    4.885700    4.904800
 1026.7480    4.633300    4.695100    4.745500    4.779400    4.811700    4.841800    4.861000
 1026.8000    4.593200    4.654600    4.704000    4.738000    4.769800    4.800100    4.819500
 1026.8510    4.555099    4.615900    4.664400    4.698600    4.729900    4.760500    4.780100
 1026.9030    4.518800    4.579100    4.626700    4.661000    4.691900    4.722600    4.742500
 1026.9540    4.484000    4.543800    4.590500    4.625100    4.655500    4.686300    4.706500
 1027.0060    4.450800    4.510000    4.555700    4.590700    4.620500    4.651500    4.672100
 1027.0570    4.418800    4.477500    4.522300    4.557700    4.586900    4.618100    4.639100
 1027.1090    4.388100    4.446200    4.490000    4.525800    4.554600    4.585900    4.607400
 1027.1600    4.358500    4.416000    4.459000    4.495200    4.523500    4.554800    4.576800
 1027.2120    4.330000    4.386800    4.428900    4.465600    4.493400    4.524700    4.547300
 1027.2629    4.302400    4.358600    4.399800    4.437000    4.464300    4.495700    4.518800
 1027.3149    4.275600    4.331200    4.371600    4.409300    4.436200    4.467500    4.491300
 1027.3669    4.249700    4.304600    4.344200    4.382401    4.408900    4.440200    4.464600
 1027.4180    4.224500    4.278800    4.317700    4.356400    4.382500    4.413600    4.438700
 1027.4700    4.200000    4.253600    4.291900    4.331000    4.356800    4.387800    4.413500
 1027.5730    4.152800    4.205200    4.242300    4.282300    4.307500    4.338200    4.365100
 1027.6760    4.107700    4.159100    4.195200    4.236000    4.260900    4.291000    4.319201
 1027.7791    4.064300    4.115000    4.150400    4.191800    4.216600    4.246000    4.275400
 1027.8820    4.022500    4.072701    4.107500    4.149600    4.174400    4.203000    4.233400
 1027.9850    3.982030    4.032000    4.066500    4.109000    4.134100    4.161800    4.193000
 1028.0890    3.942680    3.992590    4.027200    4.069901    4.095500    4.122200    4.154100
 1028.1920    3.904370    3.954450    3.989370    4.032200    4.058500    4.084100    4.116400
 1028.2950    3.866970    3.917410    3.952840    3.995720    4.022800    4.047400    4.079900
 1028.3979    3.830380    3.881320    3.917470    3.960360    3.988440    4.012000    4.044500
 1028.5020    3.794470    3.846060    3.883120    3.925990    3.955180    3.977770    4.010000
 1028.6050    3.759120    3.811520    3.849670    3.892520    3.922890    3.944620    3.976380
 1028.7080    3.724130    3.777580    3.816970    3.859850    3.891450    3.912460    3.943540
 1028.8120    3.689310    3.744140    3.784920    3.827880    3.860730    3.881190    3.911420
 1028.9150    3.654430    3.711090    3.753390    3.796530    3.830610    3.850730    3.879980
 1029.0179    3.619230    3.678340    3.722290    3.765700    3.800980    3.820980    3.849170
 1029.1219    3.583450    3.645770    3.691510    3.735320    3.771740    3.791870    3.818940
 1029.2250    3.546830    3.613280    3.660980    3.705320    3.742790    3.763290    3.789280
 1029.3290    3.509109    3.580770    3.630590    3.675600    3.714040    3.735180    3.760140
 1029.4320    3.470090    3.548130    3.600280    3.646090    3.685410    3.707430    3.731480
 1029.5360    3.429560    3.515240    3.569960    3.616740    3.656850    3.679990    3.703290
 1029.6390    3.387390    3.481970    3.539550    3.587460    3.628280    3.652770    3.675530
 1029.7430    3.343470    3.448230    3.509000    3.558220    3.599650    3.625690    3.648160
 1029.8459    3.297690    3.413870    3.478220    3.528930    3.570950    3.598700    3.621160
 1029.9500    3.250050    3.378740    3.447140    3.499560    3.542100    3.571740    3.594470
 1030.0530    3.200490    3.342740    3.415690    3.470060    3.513110    3.544760    3.568070
 1030.1050    3.175020    3.324340    3.399790    3.455240    3.498560    3.531240    3.554960
 1030.1570    3.149030    3.305670    3.383780    3.440370    3.483960    3.517680    3.541920
 1030.2090    3.122610    3.286680    3.367640    3.425450    3.469290    3.504100    3.528900
 1030.2610    3.095657    3.267410    3.351350    3.410460    3.454590    3.490490    3.515940
 1030.3130    3.068223    3.247750    3.334920    3.395400    3.439840    3.476850    3.503010
 1030.3640    3.040325    3.227760    3.318290    3.380270    3.425030    3.463150    3.490130
 1030.4160    3.011909    3.207370    3.301530    3.365060    3.410150    3.449390    3.477250
 1030.4680    2.983013    3.186560    3.284540    3.349740    3.395240    3.435590    3.464390
 1030.5200    2.953586    3.165330    3.267380    3.334350    3.380250    3.421740    3.451540
 1030.5720    2.923643    3.143640    3.250010    3.318880    3.365210    3.407820    3.438680
 1030.6240    2.893160    3.121460    3.232410    3.303280    3.350090    3.393820    3.425830
 1030.6760    2.862140    3.098782    3.214550    3.287580    3.334920    3.379780    3.412960
 1030.7271    2.830550    3.075547    3.196480    3.271750    3.319650    3.365660    3.400070
 1030.7791    2.798390    3.051770    3.178140    3.255800    3.304320    3.351450    3.387140
 1030.8311    2.765650    3.027350    3.159510    3.239720    3.288920    3.337180    3.374180
 1030.8831    2.732310    3.002339    3.140570    3.223500    3.273420    3.322820    3.361180
 1030.9351    2.698370    2.976630    3.121360    3.207100    3.257820    3.308390    3.348110
 1030.9871    2.663810    2.950229    3.101780    3.190560    3.242140    3.293850    3.334980
 1031.0389    2.628660    2.923078    3.081887    3.173830    3.226370    3.279230    3.321780
 1031.0909    2.592910    2.895140    3.061641    3.156910    3.210450    3.264510    3.308500
 1031.1429    2.556580    2.866360    3.040998    3.139820    3.194430    3.249690    3.295150
 1031.1949    2.519700    2.836700    3.019947    3.122480    3.178290    3.234770    3.281670
 1031.2460    2.482290    2.806090    2.998486    3.104900    3.161970    3.219740    3.268110
 1031.2980    2.444420    2.774470    2.976570    3.087107    3.145540    3.204580    3.254430
 1031.3500    2.406170    2.741770    2.954170    3.069002    3.128920    3.189290    3.240620
 1031.4020    2.367600    2.707920    2.931270    3.050650    3.112100    3.173890    3.226680
 1031.4540    2.328810    2.672810    2.907830    3.031974    3.095134    3.158360    3.212610
 1031.5060    2.289970    2.636350    2.883810    3.012964    3.077913    3.142670    3.198380
 1031.5580    2.251200    2.598420    2.859190    2.993573    3.060471    3.126810    3.183980
 1031.6100    2.212690    2.558880    2.833910    2.973811    3.042812    3.110790    3.169410
 1031.6620    2.174640    2.517570    2.807920    2.953629    3.024855    3.094611    3.154700
 1031.7140    2.137260    2.474300    2.781170    2.932996    3.006638    3.078239    3.139750
 1031.7660    2.100820    2.428850    2.753610    2.911876    2.988095    3.061641    3.124630
 1031.8180    2.065580    2.380920    2.725170    2.890230    2.969220    3.044853    3.109310
 1031.8700    2.031810    2.330170    2.695760    2.868020    2.949985    3.027839    3.093737
 1031.9220    1.999800    2.276210    2.665310    2.845180    2.930358    3.010554    3.077949
 1031.9740    1.969799    2.218430    2.633700    2.821680    2.910315    2.993026    3.061942
 1032.0260    1.942101    2.156160    2.600820    2.797460    2.889820    2.975207    3.045675
 1032.0780    1.916800    2.088420    2.566540    2.772440    2.868840    2.957085    3.029140
 1032.1300    1.894300    2.013890    2.530690    2.746560    2.847330    2.938635    3.012289
 1032.1820    1.874701    1.930599    2.493100    2.719740    2.825260    2.919836    2.995179
 1032.2340    1.858101    1.835701    2.453500    2.691880    2.802580    2.900657    2.977756
 1032.2860    1.844400    1.724400    2.411670    2.662880    2.779240    2.881080    2.960009
 1032.3380    1.833799    1.587900    2.367230    2.632630    2.755170    2.861050    2.941919
 1032.3900    1.826200    1.407801    2.319770    2.600980    2.730340    2.840560    2.923467
 1032.4420    1.821400    1.132000    2.268740    2.567780    2.704660    2.819560    2.904640
 1032.4940    1.819401    0.415300    2.213460    2.532830    2.678050    2.798000    2.885410
 1039.7810    2.676590    2.671630    2.555200    2.422690    2.245070    1.963400    0.108799
 1039.8330    2.673200    2.671420    2.557700    2.428699    2.255200    1.985600    0.832001
 1039.8860    2.669740    2.671120    2.560100    2.434520    2.265010    2.006590    1.090500
 1039.9390    2.666260    2.670700    2.562390    2.440200    2.274480    2.026490    1.251801
 1039.9919    2.662710    2.670170    2.564600    2.445730    2.283640    2.045320    1.369301
 1040.0450    2.659120    2.669550    2.566720    2.451110    2.292520    2.063220    1.461800
 1040.0970    2.655470    2.668830    2.568760    2.456350    2.301120    2.080300    1.538000
 1040.1500    2.651780    2.668010    2.570740    2.461470    2.309440    2.096560    1.602800
 1040.2030    2.648040    2.667090    2.572650    2.466470    2.317520    2.112100    1.659201
 1040.2560    2.644250    2.666080    2.574490    2.471340    2.325370    2.126940    1.709000
 1040.3090    2.640410    2.664970    2.576280    2.476110    2.332980    2.141200    1.753599
 1040.3621    2.636530    2.663780    2.578030    2.480780    2.340380    2.154850    1.793900
 1040.4139    2.632600    2.662490    2.579740    2.485350    2.347580    2.167940    1.830700
 1040.4670    2.628630    2.661110    2.581390    2.489820    2.354590    2.180530    1.864401
 1040.5200    2.624630    2.659650    2.583010    2.494210    2.361410    2.192600    1.895599
 1040.5730    2.620590    2.658100    2.584580    2.498500    2.368060    2.204230    1.924500
 1040.6260    2.616530    2.656450    2.586130    2.502710    2.374550    2.215430    1.951500
 1040.7321    2.608320    2.652910    2.589110    2.510890    2.387090    2.236590    2.000300
 1040.8370    2.600020    2.649030    2.591950    2.518750    2.399050    2.256240    2.043560
 1040.9430    2.591640    2.644820    2.594660    2.526290    2.410520    2.274530    2.082140
 1041.0490    2.583150    2.640270    2.597210    2.533520    2.421540    2.291570    2.116910
 1041.2080    2.570180    2.632820    2.600720    2.543730    2.437270    2.315000    2.163010
 1041.3669    2.556760    2.624600    2.603750    2.553130    2.452140    2.336180    2.203170
 1041.5790    2.537810    2.612380    2.606900    2.564250    2.470660    2.361430    2.249270
 1041.8440    2.511830    2.594940    2.609020    2.575590    2.491630    2.389020    2.297450
 1042.1620    2.477270    2.570480    2.608240    2.584890    2.513220    2.417750    2.344550
 1042.5861    2.428640    2.531670    2.600330    2.589250    2.534940    2.451020    2.393630
 1043.0110    2.383910    2.487250    2.583440    2.584420    2.547630    2.480350    2.430750
 1043.4360    2.347970    2.441600    2.557250    2.571520    2.551390    2.505940    2.458490
 1043.9150    2.319060    2.395220    2.518080    2.549810    2.546620    2.528610    2.481010
 1044.3940    2.300360    2.356430    2.472230    2.523400    2.535210    2.542330    2.497120
 1044.8730    2.285940    2.320580    2.424670    2.494660    2.519920    2.545330    2.509730
 1045.3530    2.271730    2.281400    2.379110    2.464580    2.502390    2.537680    2.520900
 1045.8870    2.263260    2.232080    2.331630    2.428510    2.480670    2.519010    2.531890
 1046.3680    2.268980    2.186790    2.289740    2.390990    2.458650    2.496320    2.538390
 1046.8490    2.280170    2.149220    2.246500    2.345840    2.433350    2.471189    2.538330
 1047.2780    2.284160    2.131300    2.206120    2.298480    2.406880    2.448580    2.530300
 1047.6530    2.278640    2.132230    2.169790    2.252880    2.379380    2.429300    2.516010
 1048.0280    2.265200    2.147150    2.134180    2.206660    2.346820    2.410680    2.494720
 1048.4570    2.246010    2.172540    2.098640    2.159030    2.302940    2.389950    2.462640
 1048.8870    2.232640    2.195370    2.074960    2.123260    2.253170    2.369030    2.424100
 1049.2629    2.230680    2.207390    2.068190    2.104620    2.207900    2.349510    2.387140
 1049.6930    2.235450    2.211440    2.076350    2.096880    2.159990    2.324080    2.343920
 1050.1780    2.235580    2.209110    2.098820    2.100610    2.119450    2.289210    2.297450
 1050.7159    2.214610    2.208280    2.127490    2.112470    2.098300    2.240670    2.252540
 1051.1479    2.183870    2.213780    2.146280    2.122840    2.098710    2.195180    2.223810
 1051.5800    2.155060    2.223830    2.158750    2.130690    2.109880    2.147090    2.202300
 1052.0120    2.144110    2.233070    2.164770    2.134050    2.126720    2.102020    2.187630
 1052.7150    2.164950    2.228530    2.166400    2.131200    2.155490    2.052420    2.174060
 1053.5270    2.186390    2.179580    2.180360    2.135320    2.176120    2.050300    2.161820
 1054.2860    2.170440    2.130140    2.222040    2.170760    2.176120    2.092120    2.144110
 1054.9380    2.157400    2.133540    2.259900    2.220080    2.168940    2.141890    2.126000
 1055.5909    2.185340    2.171810    2.274070    2.267010    2.170350    2.188820    2.113070
 1056.7340    2.217670    2.204610    2.227630    2.303370    2.214950    2.236760    2.123070
 1057.3890    2.169290    2.183500    2.187690    2.290680    2.252710    2.242320    2.150170
 1058.0990    2.119680    2.156160    2.172020    2.256860    2.287310    2.240420    2.193150
 1058.8101    2.156580    2.165390    2.198110    2.224090    2.304920    2.243060    2.241400
 1059.2480    2.205450    2.196700    2.225390    2.216170    2.304470    2.250490    2.268250
 1059.7419    2.246060    2.243430    2.254280    2.222120    2.293740    2.264230    2.291680
 1060.3450    2.252540    2.290810    2.276710    2.243780    2.270630    2.285710    2.307090
 1061.2240    2.202600    2.302790    2.278340    2.274760    2.241620    2.315130    2.304020
 1062.4360    2.247020    2.255880    2.256930    2.276780    2.258520    2.322980    2.280030
 1062.8770    2.292340    2.254980    2.261380    2.267710    2.276510    2.312030    2.276140
 1063.8710    2.325620    2.302680    2.307840    2.251610    2.312220    2.269750    2.287330
 1064.7560    2.275680    2.340500    2.347410    2.267310    2.322470    2.241100    2.315240
 1065.6970    2.272980    2.321910    2.340640    2.315030    2.307000    2.250660    2.347130
 1066.4189    2.321020    2.278340    2.301640    2.352800    2.284810    2.281870    2.361100
 1067.1970    2.339930    2.248930    2.252540    2.373980    2.266940    2.322760    2.358010
 1067.9760    2.290920    2.274800    2.236260    2.361820    2.269490    2.357530    2.335740
 1068.4771    2.244230    2.308290    2.252340    2.335760    2.283660    2.371840    2.314710
 1069.1470    2.218460    2.339870    2.292680    2.287640    2.313510    2.377380    2.285080
 1069.9290    2.258850    2.331430    2.336640    2.238750    2.351820    2.362900    2.257820
 1070.6560    2.304510    2.283570    2.352390    2.227270    2.375350    2.332840    2.246720
 1071.2720    2.308220    2.235810    2.340010    2.245220    2.377180    2.300990    2.250420
 1072.1130    2.270070    2.210690    2.292610    2.287290    2.349320    2.260410    2.273070
 1072.8990    2.253460    2.243060    2.247680    2.318840    2.301720    2.238920    2.303350
 1073.7430    2.283460    2.291660    2.236740    2.328200    2.251740    2.242760    2.329990
 1075.2090    2.302630    2.314750    2.286070    2.293910    2.227530    2.285290    2.331810
 1076.7350    2.313090    2.318290    2.305200    2.265530    2.266650    2.291810    2.282530
 1078.2090    2.350640    2.352680    2.294290    2.292460    2.277610    2.257220    2.233300
 1079.4020    2.302160    2.327520    2.317420    2.305220    2.260380    2.241670    2.230500
 1080.4840    2.283210    2.277820    2.348380    2.283600    2.247460    2.258250    2.252831
 1081.3970    2.330490    2.267620    2.346980    2.257130    2.255610    2.286340    2.268510
 1082.4830    2.354130    2.291900    2.297370    2.246720    2.291830    2.308670    2.268390
 1083.3420    2.334450    2.307350    2.248370    2.265640    2.320710    2.306040    2.252730
 1084.8340    2.337920    2.272930    2.219610    2.309100    2.324590    2.263280    2.203520
 1085.9850    2.355700    2.253820    2.242340    2.303480    2.283820    2.214290    2.177800
 1086.9070    2.321140    2.280080    2.246520    2.274040    2.236290    2.185460    2.187890
 1087.5420    2.273900    2.305110    2.238000    2.247900    2.207820    2.179700    2.208470
 1088.4091    2.224040    2.315720    2.222070    2.217510    2.188480    2.189880    2.241890
 1089.6250    2.229550    2.267170    2.216800    2.208500    2.191670    2.219140    2.278111
 1090.5530    2.236440    2.219010    2.246770    2.219530    2.195100    2.237850    2.288830
 1091.5990    2.221780    2.202270    2.294880    2.226600    2.189210    2.243390    2.280670
 1092.9980    2.270540    2.230880    2.315970    2.208250    2.167380    2.220000    2.249150
 1094.3409    2.314200    2.238220    2.267310    2.167350    2.166580    2.203960    2.227990
 1095.1600    2.283910    2.231210    2.217960    2.160290    2.193240    2.215930    2.224840
 1095.8630    2.233960    2.228370    2.185660    2.177330    2.227140    2.236260    2.225340
 1096.5670    2.185630    2.238600    2.172140    2.210770    2.263780    2.259620    2.226780
 1097.4490    2.158970    2.265340    2.174930    2.259980    2.305760    2.285040    2.227450
 1098.6260    2.176840    2.284660    2.186960    2.309140    2.339830    2.297560    2.219090
 1100.1021    2.202300    2.236640    2.186190    2.312450    2.326250    2.263540    2.185030
 1101.0480    2.231570    2.187770    2.198440    2.291460    2.292080    2.223830    2.157250
 1101.9370    2.281470    2.173450    2.235330    2.273860    2.253531    2.189070    2.136590
 1102.8270    2.317480    2.195350    2.285040    2.265740    2.216980    2.165240    2.127490
 1103.8370    2.302420    2.230400    2.334370    2.265220    2.189630    2.157610    2.138930
 1104.6710    2.254260    2.245810    2.356050    2.263870    2.182410    2.167910    2.169090
 1105.5649    2.208710    2.252080    2.355390    2.252660    2.182190    2.188700    2.216060
 1106.4611    2.194960    2.266960    2.334900    2.229220    2.179240    2.209330    2.265010
 1107.5980    2.193680    2.307950    2.293740    2.194870    2.169820    2.229350    2.313210
 1108.8571    2.195540    2.349060    2.245560    2.177100    2.169030    2.250760    2.342170
 1110.1200    2.242540    2.349280    2.213310    2.196590    2.203030    2.277719    2.351550
 1110.9630    2.288720    2.327950    2.204390    2.227810    2.249420    2.300730    2.352950
 1111.6860    2.321020    2.303070    2.202570    2.259040    2.297670    2.324980    2.355470
 1112.4110    2.339830    2.277040    2.204530    2.288610    2.345510    2.352700    2.362120
 1113.3180    2.345920    2.248660    2.212190    2.319440    2.395130    2.388010    2.377490
 1114.9540    2.333370    2.222820    2.253120    2.359780    2.441210    2.437070    2.411100
 1115.9270    2.325520    2.225360    2.302740    2.377780    2.444900    2.452260    2.421640
 1116.7180    2.318940    2.235760    2.350340    2.392540    2.440170    2.455610    2.420930
 1117.6320    2.306080    2.256480    2.399710    2.412290    2.431810    2.448230    2.409310
 1118.8530    2.275430    2.304060    2.440440    2.439820    2.423490    2.420150    2.377520
 1119.7700    2.255340    2.352990    2.450220    2.456060    2.419390    2.389770    2.344880
 1120.6899    2.258730    2.402590    2.448970    2.464880    2.412240    2.357170    2.310400
 1121.9790    2.300200    2.452260    2.447360    2.458500    2.389430    2.316470    2.271610
 1123.4561    2.349160    2.471060    2.456580    2.420780    2.346200    2.284300    2.250220
 1124.6281    2.397580    2.473300    2.458610    2.377400    2.308160    2.268320    2.245410
 1125.4930    2.446750    2.476720    2.447720    2.346100    2.285350    2.257560    2.244820
 1126.4220    2.495670    2.482120    2.421620    2.319520    2.271049    2.244520    2.244750
 1127.6620    2.525680    2.479200    2.371700    2.299440    2.268200    2.230370    2.244350
 1129.2170    2.515200    2.438700    2.321740    2.288450    2.281150    2.243930    2.258330
 1130.3390    2.506340    2.390560    2.313800    2.283730    2.299400    2.287170    2.298020
 1131.1500    2.502190    2.359610    2.318880    2.285690    2.317750    2.333510    2.345000
 1131.8380    2.493510    2.343030    2.324610    2.294990    2.337400    2.378820    2.393170
 1132.4640    2.477470    2.337080    2.328580    2.311990    2.359400    2.421970    2.440170
 1133.0900    2.453060    2.338360    2.331650    2.337980    2.386160    2.464620    2.487480
 1133.7800    2.420470    2.344770    2.337180    2.376100    2.421510    2.508890    2.537320
 1134.5341    2.388390    2.354280    2.351850    2.425890    2.466480    2.552440    2.586830
 1135.2260    2.372650    2.364980    2.378360    2.474870    2.511720    2.587500    2.626530
 1135.9180    2.373940    2.380340    2.419150    2.523250    2.558420    2.618310    2.660340
 1136.5490    2.386410    2.401830    2.466410    2.564510    2.600130    2.643400    2.686300
 1137.1169    2.402020    2.429410    2.513580    2.598600    2.635870    2.664410    2.706310
 1137.6851    2.418630    2.464970    2.561440    2.629730    2.669100    2.684650    2.723880
 1138.2540    2.435650    2.506760    2.607020    2.658210    2.699400    2.704770    2.739830
 1138.8240    2.455070    2.551900    2.648340    2.684600    2.726600    2.725300    2.754970
 1139.3940    2.480180    2.597430    2.684460    2.709580    2.750790    2.746550    2.770060
 1140.0291    2.517550    2.645710    2.718500    2.736420    2.774570    2.771150    2.787500
 1140.6630    2.564680    2.689860    2.747060    2.762970    2.795880    2.796640    2.806170
 1141.2360    2.612570    2.725580    2.769480    2.786930    2.813770    2.819970    2.824210
 1141.8080    2.661950    2.757780    2.790310    2.810980    2.831200    2.843230    2.843380
 1142.3810    2.709670    2.787130    2.810960    2.834920    2.848760    2.865930    2.863430
 1143.0190    2.758370    2.817320    2.834920    2.861100    2.868870    2.889960    2.886210
 1143.7209    2.805570    2.848570    2.863220    2.888930    2.891910    2.914348    2.911040
 1144.5520    2.852990    2.883870    2.898760    2.919956    2.919977    2.939849    2.938540
 1145.5760    2.901829    2.925817    2.942608    2.954556    2.954049    2.965710    2.967061
 1146.7310    2.950043    2.971271    2.986651    2.987488    2.987639    2.986848    2.988996
 1147.8879    2.997705    3.013132    3.020237    3.012247    3.011020    2.998626    2.998241
 1149.0470    3.045440    3.047158    3.040325    3.026370    3.020154    3.000087    2.994472
 1150.7260    3.095134    3.069335    3.042339    3.022222    3.004751    2.982411    2.967197
 1152.3450    3.090011    3.045088    3.009579    2.984424    2.958430    2.940845    2.918623
 1153.4480    3.047781    2.998921    2.964943    2.938209    2.910843    2.897500    2.874240
 1154.2280    2.999018    2.952104    2.921936    2.895860    2.870290    2.859380    2.837800
 1154.8140    2.952928    2.909813    2.883520    2.859130    2.836450    2.826830    2.807800
 1155.3350    2.905672    2.867500    2.845120    2.823150    2.804060    2.795180    2.779230
 1155.7910    2.859560    2.827140    2.808430    2.789310    2.774010    2.765500    2.752760
 1156.1830    2.816560    2.790300    2.774860    2.758690    2.747000    2.738660    2.728960
 1156.5750    2.770590    2.751540    2.739490    2.726740    2.718850    2.710620    2.704130
 1156.9670    2.722070    2.711010    2.702510    2.693560    2.689570    2.681460    2.678260
 1157.2930    2.679950    2.675960    2.670610    2.665090    2.664290    2.656360    2.655900
 1157.6210    2.636420    2.639830    2.637850    2.635940    2.638230    2.630590    2.632800
 1157.9480    2.591510    2.602680    2.604360    2.606160    2.611390    2.604220    2.608980
 1158.2750    2.545260    2.564570    2.570260    2.575820    2.583800    2.577280    2.584430
 1158.6030    2.497830    2.525590    2.535660    2.544990    2.555460    2.549890    2.559210
 1158.9310    2.449570    2.485810    2.500650    2.513680    2.526400    2.522070    2.533330
 1159.2590    2.400900    2.445320    2.465310    2.481960    2.496670    2.493920    2.506830
 1159.5870    2.352220    2.404230    2.429690    2.449850    2.466270    2.465490    2.479760
 1159.9150    2.303780    2.362670    2.393860    2.417370    2.435290    2.436860    2.452190
 1160.2440    2.255710    2.320790    2.357840    2.384590    2.403770    2.408120    2.424150
 1160.5730    2.208150    2.278710    2.321700    2.351470    2.371770    2.379290    2.395730
 1160.9010    2.161250    2.236660    2.285440    2.318110    2.339370    2.350420    2.367000
 1161.2310    2.115340    2.194790    2.249120    2.284520    2.306680    2.321560    2.338040
 1161.5601    2.070560    2.153360    2.212800    2.250760    2.273810    2.292720    2.308880
 1161.8890    2.026860    2.112500    2.176500    2.216900    2.240870    2.263940    2.279640
 1162.2190    1.984100    2.072470    2.140260    2.182980    2.207980    2.235230    2.250400
 1162.5490    1.942200    2.033420    2.104150    2.149100    2.175310    2.206580    2.221210
 1162.9449    1.892900    1.988001    2.061110    2.108600    2.136530    2.172340    2.186390
 1163.3409    1.844999    1.944201    2.018580    2.068370    2.098440    2.138210    2.151920
 1163.7380    1.798300    1.902000    1.976700    2.028650    2.061230    2.104250    2.118030
 1164.1350    1.752600    1.861500    1.935699    1.989500    2.025060    2.070520    2.084790
 1164.5320    1.707399    1.822300    1.895901    1.951200    1.990101    2.036990    2.052310
 1164.9301    1.662600    1.784201    1.857300    1.914000    1.956301    2.003720    2.020780
 1165.3270    1.618700    1.746901    1.820101    1.877899    1.923901    1.970800    1.990101
 1165.7920    1.568800    1.704300    1.778700    1.837500    1.887600    1.932800    1.955601
 1166.2560    1.519899    1.662100    1.739401    1.799000    1.852800    1.895300    1.922199
 1166.7209    1.471600    1.620399    1.702200    1.762300    1.819201    1.858601    1.889999
 1167.1870    1.424200    1.579000    1.666800    1.727501    1.786600    1.822701    1.858801
 1167.6530    1.378000    1.538000    1.632601    1.694099    1.754601    1.787800    1.828400
 1168.1190    1.332500    1.497601    1.599400    1.662100    1.723101    1.754000    1.798700
 1168.5850    1.287201    1.458200    1.566601    1.631001    1.691900    1.721600    1.769501
 1169.0520    1.242701    1.420099    1.534201    1.600599    1.661100    1.690399    1.740700
 1169.5861    1.194201    1.378099    1.497400    1.566500    1.626101    1.656601    1.708200
 1170.1210    1.148001    1.337999    1.460701    1.532801    1.591499    1.624500    1.676001
 1170.6560    1.102900    1.299700    1.424101    1.499300    1.557301    1.594299    1.644199
 1171.2590    1.053801    1.258699    1.383400    1.462000    1.519501    1.562300    1.608999
 1171.8621    1.008400    1.219500    1.343700    1.425200    1.483000    1.532200    1.574699
 1172.5330    0.962601    1.177401    1.301701    1.385401    1.444599    1.500200    1.537800
 1173.2720    0.916500    1.132700    1.258499    1.343399    1.405500    1.466301    1.499100
 1174.1460    0.866699    1.083300    1.211700    1.297001    1.363600    1.427000    1.456100
 1175.0890    0.820101    1.034599    1.166000    1.251900    1.322800    1.385201    1.413300
 1176.1689    0.774300    0.985800    1.118500    1.206699    1.280500    1.338600    1.369400
 1177.3190    0.730700    0.942501    1.070999    1.163900    1.238501    1.290699    1.327999
 1178.6060    0.688999    0.900600    1.022499    1.120600    1.192600    1.240999    1.285299
 1180.0320    0.660900    0.862700    0.975201    1.077200    1.144600    1.193701    1.240499
 1181.6660    0.620100    0.821899    0.931900    1.032700    1.095699    1.148899    1.193001
 1183.5100    0.594200    0.781601    0.893200    0.990999    1.050501    1.106899    1.143801
 1185.8400    0.559099    0.744801    0.855000    0.948000    1.005400    1.059700    1.094200
 1188.5930    0.532400    0.708799    0.820499    0.902700    0.958300    1.010700    1.049299
 1191.7740    0.510300    0.675699    0.787600    0.855700    0.909201    0.964001    1.006901
 1195.8101    0.479300    0.640301    0.746799    0.806801    0.860399    0.914499    0.957701
 1200.3660    0.441299    0.602200    0.698299    0.763000    0.814899    0.865799    0.908100
 1205.3820    0.413799    0.562401    0.650900    0.725500    0.776501    0.819799    0.858601
 1211.2280    0.391001    0.530701    0.611300    0.683800    0.734600    0.774099    0.808701
 1217.8540    0.355801    0.492500    0.576500    0.633801    0.687000    0.726000    0.761299
 1225.2130    0.316900    0.460600    0.533501    0.587101    0.637800    0.676300    0.716700
 1233.1810    0.298201    0.426100    0.493799    0.556400    0.598400    0.629700    0.667000
 1241.4030    0.287100    0.398800    0.469000    0.530399    0.567699    0.593399    0.617300
 1249.9650    0.259501    0.376801    0.451200    0.501200    0.536900    0.564100    0.579100
     16.00  461    7   4000.00   6000.00   8000.00  10000.00  12000.00  14000.00  16000.00
 1005.3280    0.702101    1.474930    1.659599    1.030800    0.307899    1.370741    1.760550
 1005.3770    0.822500    1.535761    1.678320    1.078711    0.690300    1.445360    1.798260
 1005.4270    0.923100    1.591089    1.696360    1.126030    0.901699    1.511709    1.833910
 1005.4760    1.010639    1.641840    1.713779    1.172810    1.051580    1.571621    1.867720
 1005.5250    1.088921    1.688730    1.730680    1.218880    1.169121    1.626341    1.899891
 1005.5750    1.160351    1.732309    1.747089    1.264250    1.266769    1.676800    1.930576
 1005.6240    1.226570    1.773010    1.763100    1.308861    1.350809    1.723671    1.959904
 1005.6730    1.288651    1.811159    1.778749    1.352699    1.424959    1.767469    1.987991
 1005.7230    1.347370    1.847040    1.794100    1.395710    1.491560    1.808620    2.014940
 1005.7720    1.403311    1.880890    1.809200    1.437910    1.552179    1.847441    2.040840
 1005.8220    1.456869    1.912897    1.824100    1.479271    1.607929    1.884180    2.065729
 1005.8710    1.508369    1.943222    1.838840    1.519810    1.659660    1.919094    2.089729
 1005.9200    1.558050    1.972008    1.853470    1.559500    1.707960    1.952332    2.112840
 1005.9700    1.606079    1.999371    1.868040    1.598370    1.753321    1.984068    2.135160
 1006.0190    1.652599    2.025429    1.882561    1.636419    1.796120    2.014437    2.156730
 1006.0690    1.697741    2.050264    1.897100    1.673660    1.836670    2.043519    2.177570
 1006.1180    1.741550    2.073938    1.911663    1.710079    1.875200    2.071403    2.197720
 1006.1680    1.784121    2.096562    1.926291    1.745720    1.911930    2.098263    2.217220
 1006.2170    1.825500    2.118170    1.941010    1.780569    1.947027    2.124050    2.236080
 1006.2660    1.865721    2.138870    1.955847    1.814671    1.980635    2.148940    2.254380
 1006.3160    1.904818    2.158660    1.970812    1.848000    2.012879    2.172890    2.272100
 1006.3650    1.942831    2.177620    1.985929    1.880600    2.043873    2.196040    2.289280
 1006.4150    1.979780    2.195820    2.001214    1.912460    2.073682    2.218400    2.305930
 1006.4640    2.015695    2.213250    2.016657    1.943623    2.102400    2.240000    2.322070
 1006.5140    2.050573    2.229990    2.032337    1.974083    2.130110    2.260880    2.337740
 1006.5630    2.084469    2.246080    2.048170    2.003848    2.156880    2.281080    2.352930
 1006.6130    2.117370    2.261550    2.064196    2.032981    2.182730    2.300640    2.367690
 1006.6620    2.149280    2.276420    2.080410    2.061415    2.207740    2.319560    2.382000
 1006.7120    2.180270    2.290720    2.096806    2.089198    2.231930    2.337920    2.395870
 1006.7610    2.210290    2.304510    2.113410    2.116380    2.255370    2.355680    2.409340
 1006.8110    2.239400    2.317830    2.130170    2.142920    2.278070    2.372910    2.422430
 1006.8600    2.267590    2.330680    2.147120    2.168850    2.300070    2.389630    2.435110
 1006.9100    2.294880    2.343090    2.164200    2.194180    2.321390    2.405810    2.447420
 1006.9590    2.321290    2.355130    2.181410    2.218930    2.342090    2.421520    2.459380
 1007.0090    2.346820    2.366780    2.198770    2.243090    2.362160    2.436750    2.470970
 1007.1080    2.395330    2.389100    2.233780    2.289750    2.400520    2.465870    2.493140
 1007.2070    2.440480    2.410250    2.269070    2.334190    2.436670    2.493280    2.513990
 1007.3060    2.482390    2.430460    2.304510    2.376500    2.470720    2.519070    2.533610
 1007.4050    2.521110    2.449940    2.339910    2.416760    2.502800    2.543350    2.552040
 1007.5040    2.556780    2.468850    2.375130    2.455030    2.533010    2.566190    2.569360
 1007.6030    2.589460    2.487350    2.410000    2.491350    2.561450    2.587670    2.585630
 1007.7020    2.619240    2.505610    2.444390    2.525780    2.588190    2.607860    2.600890
 1007.8010    2.646230    2.523730    2.478150    2.558400    2.613320    2.626820    2.615200
 1007.9500    2.681670    2.550910    2.527330    2.603990    2.648150    2.653100    2.634990
 1008.0990    2.711390    2.578260    2.574420    2.645740    2.679720    2.676920    2.652940
 1008.2480    2.735800    2.605870    2.619120    2.683800    2.708230    2.698470    2.669210
 1008.3970    2.755310    2.633700    2.661170    2.718340    2.733880    2.717910    2.683960
 1008.5460    2.770410    2.661610    2.700370    2.749490    2.756830    2.735380    2.697340
 1008.7450    2.784550    2.698520    2.747950    2.786020    2.783530    2.755840    2.713360
 1008.9430    2.793050    2.734400    2.789990    2.817140    2.806140    2.773380    2.727600
 1009.1920    2.797800    2.776610    2.834641    2.848980    2.829210    2.791670    2.743450
 1009.4900    2.798460    2.821470    2.876730    2.877750    2.850270    2.809160    2.760520
 1009.8890    2.797660    2.868340    2.914260    2.902220    2.869140    2.826800    2.781690
 1010.7360    2.812670    2.911820    2.934740    2.915720    2.886680    2.854930    2.829340
 1011.4350    2.844310    2.905490    2.915730    2.907980    2.893070    2.881000    2.876520
 1012.0350    2.892670    2.902020    2.901090    2.903280    2.901760    2.908380    2.920190
 1012.4350    2.937140    2.913840    2.901820    2.904860    2.910520    2.927440    2.947900
 1012.8350    2.983510    2.938300    2.912470    2.910640    2.921300    2.945540    2.972390
 1013.3870    3.033300    2.983930    2.939080    2.925120    2.938750    2.967800    2.999060
 1013.9890    3.056200    3.033900    2.977390    2.951980    2.963370    2.990650    3.020400
 1014.5920    3.059000    3.073500    3.024400    2.997080    3.000600    3.018800    3.041100
 1015.0440    3.070000    3.095600    3.066401    3.044900    3.040800    3.048600    3.063300
 1015.4470    3.095100    3.111200    3.107000    3.094800    3.085100    3.083600    3.091800
 1015.7990    3.126500    3.123100    3.142800    3.140600    3.128800    3.121400    3.124500
 1016.1520    3.161800    3.134900    3.176300    3.185300    3.174900    3.164800    3.164000
 1016.5050    3.197600    3.149000    3.205800    3.226600    3.221300    3.212300    3.208700
 1016.8580    3.232200    3.169000    3.230600    3.263000    3.266300    3.261600    3.256701
 1017.2120    3.265200    3.198900    3.251600    3.294500    3.308700    3.310500    3.305700
 1017.5660    3.296800    3.240600    3.271900    3.321900    3.347800    3.356900    3.353800
 1017.8690    3.322800    3.285000    3.292100    3.343500    3.378400    3.393600    3.393000
 1018.1730    3.347800    3.334400    3.318300    3.365000    3.406400    3.426700    3.429600
 1018.4260    3.368299    3.376800    3.346200    3.384300    3.427900    3.451500    3.457600
 1018.7300    3.394400    3.426300    3.387400    3.410200    3.452100    3.478000    3.487900
 1019.0340    3.424900    3.472200    3.435500    3.440500    3.475300    3.501400    3.514700
 1019.2880    3.455500    3.506701    3.478700    3.469300    3.494699    3.519100    3.534500
 1019.5410    3.491300    3.537700    3.522500    3.501100    3.514900    3.535900    3.552299
 1019.7950    3.530800    3.565701    3.565200    3.535300    3.536500    3.552600    3.568800
 1020.1000    3.579600    3.596400    3.613000    3.578300    3.565100    3.573500    3.587800
 1020.4050    3.626100    3.626200    3.655600    3.621900    3.597200    3.596700    3.607700
 1020.7610    3.674100    3.662800    3.698300    3.671800    3.639400    3.628800    3.634600
 1021.1170    3.714700    3.704000    3.734300    3.719800    3.686600    3.668100    3.668600
 1021.4230    3.746000    3.743600    3.761600    3.759400    3.730900    3.708600    3.705300
 1021.7290    3.777400    3.786300    3.788400    3.798600    3.778900    3.756100    3.750200
 1021.9830    3.806300    3.823400    3.812800    3.832200    3.821800    3.801300    3.794200
 1022.1880    3.832500    3.853700    3.835400    3.860600    3.858400    3.841200    3.833800
 1022.3920    3.861600    3.884600    3.862300    3.891200    3.897300    3.884400    3.877300
 1022.5960    3.893600    3.916500    3.894600    3.924800    3.938800    3.931100    3.924700
 1022.7490    3.919200    3.941500    3.922900    3.952500    3.972000    3.968500    3.963000
 1022.9020    3.945900    3.968000    3.955000    3.982900    4.007200    4.007999    4.003700
 1023.0560    3.973900    3.996500    3.991100    4.016300    4.044700    4.049800    4.047000
 1023.2090    4.003300    4.027700    4.031200    4.053200    4.084800    4.094200    4.093300
 1023.3620    4.034800    4.062201    4.075400    4.094200    4.128000    4.141500    4.142700
 1023.4650    4.057400    4.087400    4.107200    4.123899    4.158900    4.174900    4.177700
 1023.5670    4.081500    4.114700    4.140800    4.155900    4.191500    4.209900    4.214500
 1023.6690    4.107500    4.144300    4.176400    4.190200    4.226200    4.246901    4.253300
 1023.7720    4.135900    4.176500    4.214200    4.227200    4.263100    4.285900    4.294400
 1023.8740    4.167000    4.211500    4.254200    4.267000    4.302700    4.327400    4.338000
 1023.9760    4.201300    4.249599    4.296800    4.310101    4.345200    4.371700    4.384399
 1024.0790    4.239100    4.291300    4.342200    4.356700    4.391100    4.419100    4.433900
 1024.1300    4.259600    4.313700    4.366100    4.381400    4.415500    4.444099    4.460000
 1024.1810    4.281100    4.337100    4.391000    4.407200    4.440800    4.470100    4.487100
 1024.2321    4.303699    4.361600    4.416800    4.434200    4.467300    4.497200    4.515300
 1024.2841    4.327600    4.387300    4.443700    4.462300    4.495000    4.525400    4.544500
 1024.3350    4.352700    4.414300    4.471700    4.491700    4.524000    4.554800    4.574900
 1024.3860    4.379300    4.442699    4.500999    4.522400    4.554300    4.585500    4.606700
 1024.4370    4.407300    4.472700    4.531700    4.554600    4.586100    4.617599    4.639800
 1024.4890    4.437000    4.504200    4.563800    4.588500    4.619500    4.651300    4.674400
 1024.5400    4.468500    4.537500    4.597700    4.624001    4.654600    4.686700    4.710700
 1024.5909    4.501801    4.572701    4.633300    4.661300    4.691700    4.723900    4.748700
 1024.6420    4.537300    4.610000    4.670900    4.700800    4.730800    4.763200    4.788700
 1024.6940    4.575100    4.649600    4.710800    4.742400    4.772100    4.804600    4.830900
 1024.7450    4.615400    4.691800    4.753099    4.786500    4.816000    4.848500    4.875500
 1024.7960    4.658600    4.736700    4.798200    4.833200    4.862600    4.895100    4.922700
 1024.8470    4.705000    4.784800    4.846400    4.883101    4.912300    4.944799    4.972900
 1024.8990    4.755000    4.836400    4.898100    4.936300    4.965500    4.997900    5.026400
 1024.9500    4.809100    4.892000    4.953700    4.993401    5.022600    5.054800    5.083700
 1025.0010    4.867900    4.952200    5.013900    5.054900    5.084200    5.116301    5.145400
 1025.0530    4.932199    5.017700    5.079400    5.121600    5.151000    5.182899    5.212200
 1025.1040    5.002800    5.089400    5.151100    5.194300    5.223900    5.255600    5.285100
 1025.1550    5.081100    5.168600    5.230200    5.274400    5.304100    5.335600    5.365100
 1025.2070    5.168800    5.256900    5.318501    5.363501    5.393400    5.424600    5.454100
 1025.2581    5.268300    5.356800    5.418400    5.463900    5.494200    5.525100    5.554501
 1025.3090    5.383500    5.472200    5.533700    5.579700    5.610300    5.640900    5.670100
 1025.3610    5.522300    5.610700    5.672100    5.717800    5.748800    5.779200    5.808100
 1025.4120    6.855801    6.862500    6.868000    6.872700    6.876101    6.879601    6.883101
 1025.4630    8.209400    8.209900    8.210300    8.210600    8.210899    8.211201    8.211500
 1025.5150    9.184800    9.184900    9.184900    9.184999    9.185101    9.185101    9.185101
 1025.5660    9.877200    9.877200    9.877200    9.877200    9.877200    9.877300    9.877300
 1025.6169   10.343000   10.343000   10.343000   10.343000   10.343000   10.343000   10.343000
 1025.6689   10.612400   10.612400   10.612400   10.612400   10.612400   10.612400   10.612400
 1025.7710   10.612400   10.612400   10.612400   10.612400   10.612400   10.612400   10.612400
 1025.8230   10.343000   10.343000   10.343000   10.343000   10.343000   10.343000   10.343000
 1025.8740    9.877200    9.877200    9.877300    9.877300    9.877300    9.877300    9.877300
 1025.9260    9.184800    9.184900    9.184999    9.185101    9.185101    9.185101    9.185200
 1025.9771    8.209499    8.210000    8.210500    8.210800    8.211100    8.211400    8.211599
 1026.0280    6.858200    6.864400    6.869900    6.874200    6.878000    6.881400    6.884399
 1026.0800    5.561501    5.635400    5.694700    5.734200    5.768900    5.797300    5.820000
 1026.1310    5.428400    5.500800    5.559800    5.598700    5.633600    5.662000    5.684000
 1026.1830    5.318000    5.388900    5.447300    5.485500    5.520400    5.548800    5.570300
 1026.2340    5.222400    5.292100    5.349900    5.387300    5.422200    5.450700    5.471700
 1026.2850    5.138000    5.206400    5.263700    5.300400    5.335300    5.363900    5.384399
 1026.3370    5.062201    5.129601    5.186300    5.222300    5.257100    5.285800    5.306000
 1026.3879    4.993401    5.059800    5.115800    5.151300    5.185900    5.214800    5.234600
 1026.4399    4.930400    4.995900    5.051200    5.086200    5.120600    5.149700    5.169200
 1026.4910    4.872200    4.937000    4.991500    5.026100    5.060300    5.089400    5.108800
 1026.5430    4.818100    4.882200    4.936000    4.970300    5.004100    5.033500    5.052700
 1026.5940    4.767600    4.831100    4.884000    4.918100    4.951600    4.981200    5.000299
 1026.6460    4.720200    4.783100    4.835200    4.869101    4.902300    4.932000    4.951100
 1026.6970    4.675500    4.737900    4.789100    4.823000    4.855700    4.885700    4.904800
 1026.7480    4.633300    4.695100    4.745501    4.779400    4.811700    4.841800    4.861000
 1026.8000    4.593200    4.654600    4.704000    4.738000    4.769800    4.800100    4.819500
 1026.8510    4.555099    4.615900    4.664400    4.698600    4.729900    4.760500    4.780100
 1026.9030    4.518800    4.579100    4.626699    4.661000    4.691900    4.722600    4.742500
 1026.9540    4.484000    4.543800    4.590500    4.625100    4.655500    4.686300    4.706500
 1027.0060    4.450800    4.510000    4.555700    4.590700    4.620501    4.651500    4.672100
 1027.0570    4.418800    4.477500    4.522300    4.557700    4.586900    4.618100    4.639100
 1027.1090    4.388100    4.446199    4.490000    4.525800    4.554600    4.585900    4.607400
 1027.1600    4.358500    4.416000    4.459000    4.495200    4.523500    4.554800    4.576800
 1027.2120    4.330000    4.386800    4.428900    4.465600    4.493401    4.524700    4.547300
 1027.2629    4.302401    4.358600    4.399800    4.437000    4.464300    4.495700    4.518800
 1027.3149    4.275600    4.331200    4.371600    4.409300    4.436200    4.467500    4.491301
 1027.3669    4.249701    4.304600    4.344200    4.382401    4.408900    4.440200    4.464600
 1027.4180    4.224500    4.278800    4.317699    4.356400    4.382500    4.413600    4.438700
 1027.4700    4.200000    4.253600    4.291900    4.331000    4.356800    4.387800    4.413500
 1027.5730    4.152800    4.205200    4.242300    4.282300    4.307500    4.338200    4.365100
 1027.6760    4.107700    4.159100    4.195200    4.236000    4.260900    4.291000    4.319201
 1027.7791    4.064301    4.115000    4.150400    4.191800    4.216600    4.246000    4.275400
 1027.8820    4.022500    4.072701    4.107500    4.149600    4.174400    4.203000    4.233400
 1027.9850    3.982000    4.031900    4.066500    4.109000    4.134100    4.161800    4.193000
 1028.0890    3.942700    3.992599    4.027200    4.069901    4.095500    4.122200    4.154100
 1028.1920    3.904400    3.954500    3.989400    4.032200    4.058500    4.084100    4.116400
 1028.2950    3.867000    3.917400    3.952800    3.995700    4.022800    4.047400    4.079900
 1028.3979    3.830400    3.881300    3.917500    3.960400    3.988400    4.012000    4.044500
 1028.5020    3.794500    3.846100    3.883101    3.926000    3.955200    3.977800    4.010000
 1028.6050    3.759100    3.811500    3.849700    3.892500    3.922900    3.944600    3.976400
 1028.7080    3.724100    3.777600    3.817000    3.859800    3.891400    3.912500    3.943501
 1028.8120    3.689300    3.744100    3.784900    3.827900    3.860700    3.881200    3.911400
 1028.9150    3.654400    3.711100    3.753400    3.796500    3.830600    3.850700    3.880000
 1029.0179    3.619200    3.678300    3.722300    3.765700    3.801000    3.821000    3.849200
 1029.1219    3.583400    3.645800    3.691500    3.735300    3.771700    3.791900    3.818900
 1029.2250    3.546800    3.613300    3.661000    3.705300    3.742800    3.763300    3.789300
 1029.3290    3.509100    3.580800    3.630600    3.675600    3.714000    3.735200    3.760100
 1029.4320    3.470100    3.548100    3.600300    3.646100    3.685400    3.707400    3.731500
 1029.5360    3.429600    3.515200    3.569901    3.616700    3.656800    3.680000    3.703300
 1029.6390    3.387400    3.482000    3.539600    3.587500    3.628300    3.652800    3.675500
 1029.7430    3.343500    3.448200    3.509000    3.558200    3.599700    3.625700    3.648200
 1029.8459    3.297700    3.413900    3.478200    3.528900    3.571000    3.598700    3.621200
 1029.9500    3.250100    3.378700    3.447100    3.499600    3.542100    3.571700    3.594500
 1030.0530    3.200500    3.342700    3.415700    3.470100    3.513100    3.544700    3.568100
 1030.1050    3.175000    3.324300    3.399800    3.455200    3.498600    3.531200    3.555000
 1030.1570    3.149000    3.305700    3.383801    3.440400    3.483900    3.517700    3.541900
 1030.2090    3.122600    3.286700    3.367599    3.425400    3.469300    3.504100    3.528900
 1030.2610    3.095700    3.267400    3.351400    3.410500    3.454600    3.490499    3.515900
 1030.3130    3.068300    3.247800    3.334900    3.395400    3.439800    3.476800    3.503000
 1030.3640    3.040300    3.227800    3.318300    3.380301    3.425000    3.463100    3.490100
 1030.4160    3.011900    3.207400    3.301500    3.365100    3.410200    3.449400    3.477300
 1030.4680    2.983010    3.186600    3.284500    3.349700    3.395200    3.435600    3.464400
 1030.5200    2.953590    3.165300    3.267400    3.334400    3.380200    3.421700    3.451500
 1030.5720    2.923650    3.143600    3.250000    3.318900    3.365200    3.407800    3.438700
 1030.6240    2.893170    3.121500    3.232400    3.303300    3.350100    3.393800    3.425800
 1030.6760    2.862140    3.098800    3.214600    3.287600    3.334900    3.379800    3.413000
 1030.7271    2.830560    3.075500    3.196500    3.271700    3.319600    3.365700    3.400100
 1030.7791    2.798400    3.051800    3.178100    3.255800    3.304300    3.351400    3.387100
 1030.8311    2.765650    3.027300    3.159500    3.239700    3.288900    3.337200    3.374200
 1030.8831    2.732310    3.002300    3.140600    3.223500    3.273400    3.322800    3.361200
 1030.9351    2.698370    2.976630    3.121400    3.207100    3.257800    3.308400    3.348100
 1030.9871    2.663820    2.950230    3.101800    3.190600    3.242100    3.293800    3.335000
 1031.0389    2.628670    2.923080    3.081900    3.173800    3.226400    3.279200    3.321800
 1031.0909    2.592920    2.895140    3.061600    3.156900    3.210500    3.264500    3.308500
 1031.1429    2.556590    2.866370    3.041000    3.139800    3.194400    3.249700    3.295100
 1031.1949    2.519710    2.836700    3.019900    3.122499    3.178300    3.234800    3.281700
 1031.2460    2.482300    2.806100    2.998490    3.104900    3.162000    3.219700    3.268100
 1031.2980    2.444440    2.774480    2.976570    3.087100    3.145500    3.204600    3.254400
 1031.3500    2.406180    2.741780    2.954170    3.069000    3.128901    3.189300    3.240600
 1031.4020    2.367600    2.707920    2.931270    3.050700    3.112100    3.173900    3.226700
 1031.4540    2.328830    2.672820    2.907830    3.032000    3.095100    3.158400    3.212600
 1031.5060    2.289990    2.636360    2.883810    3.013000    3.077900    3.142700    3.198400
 1031.5580    2.251220    2.598430    2.859190    2.993570    3.060500    3.126800    3.184000
 1031.6100    2.212720    2.558890    2.833910    2.973810    3.042800    3.110800    3.169400
 1031.6620    2.174670    2.517580    2.807920    2.953630    3.024900    3.094600    3.154700
 1031.7140    2.137290    2.474320    2.781180    2.933000    3.006600    3.078200    3.139800
 1031.7660    2.100850    2.428860    2.753620    2.911880    2.988090    3.061600    3.124600
 1031.8180    2.065617    2.380930    2.725180    2.890240    2.969220    3.044900    3.109300
 1031.8700    2.031853    2.330190    2.695770    2.868020    2.949980    3.027800    3.093700
 1031.9220    1.999809    2.276210    2.665310    2.845190    2.930360    3.010600    3.078000
 1031.9740    1.969807    2.218460    2.633700    2.821690    2.910310    2.993030    3.061900
 1032.0260    1.942083    2.156190    2.600830    2.797460    2.889820    2.975210    3.045700
 1032.0780    1.916876    2.088455    2.566540    2.772449    2.868840    2.957090    3.029100
 1032.1300    1.894381    2.013932    2.530700    2.746560    2.847340    2.938640    3.012300
 1032.1820    1.874750    1.930664    2.493100    2.719740    2.825260    2.919840    2.995180
 1032.2340    1.858089    1.835770    2.453520    2.691880    2.802580    2.900660    2.977760
 1032.2860    1.844450    1.724430    2.411670    2.662880    2.779240    2.881080    2.960010
 1032.3380    1.833839    1.587971    2.367240    2.632630    2.755180    2.861060    2.941920
 1032.3900    1.826191    1.407970    2.319770    2.600980    2.730350    2.840560    2.923470
 1032.4420    1.821430    1.132259    2.268770    2.567780    2.704670    2.819560    2.904650
 1032.4940    1.819420    0.416500    2.213490    2.532840    2.678060    2.798000    2.885410
 1039.7810    2.676590    2.671630    2.555200    2.422690    2.245070    1.963352    0.108900
 1039.8330    2.673190    2.671420    2.557700    2.428690    2.255200    1.985605    0.832001
 1039.8860    2.669740    2.671110    2.560100    2.434520    2.265010    2.006595    1.090500
 1039.9390    2.666260    2.670690    2.562390    2.440200    2.274480    2.026452    1.251760
 1039.9919    2.662710    2.670170    2.564600    2.445730    2.283640    2.045323    1.369270
 1040.0450    2.659120    2.669550    2.566720    2.451100    2.292520    2.063221    1.461769
 1040.0970    2.655470    2.668820    2.568760    2.456350    2.301120    2.080266    1.538019
 1040.1500    2.651780    2.668000    2.570730    2.461470    2.309440    2.096562    1.602840
 1040.2030    2.648040    2.667090    2.572640    2.466450    2.317520    2.112100    1.659201
 1040.2560    2.644250    2.666080    2.574490    2.471340    2.325370    2.126940    1.709000
 1040.3090    2.640410    2.664970    2.576280    2.476110    2.332980    2.141200    1.753580
 1040.3621    2.636530    2.663780    2.578030    2.480770    2.340380    2.154850    1.793900
 1040.4139    2.632600    2.662480    2.579730    2.485340    2.347580    2.167940    1.830660
 1040.4670    2.628630    2.661110    2.581380    2.489820    2.354590    2.180530    1.864420
 1040.5200    2.624630    2.659640    2.583010    2.494200    2.361410    2.192600    1.895580
 1040.5730    2.620590    2.658090    2.584580    2.498500    2.368060    2.204230    1.924507
 1040.6260    2.616530    2.656450    2.586130    2.502710    2.374550    2.215430    1.951460
 1040.7321    2.608320    2.652910    2.589110    2.510880    2.387070    2.236590    2.000304
 1040.8370    2.600020    2.649030    2.591950    2.518750    2.399050    2.256240    2.043519
 1040.9430    2.591640    2.644820    2.594660    2.526290    2.410520    2.274530    2.082139
 1041.0490    2.583150    2.640270    2.597210    2.533520    2.421540    2.291570    2.116910
 1041.2080    2.570180    2.632820    2.600710    2.543720    2.437270    2.315000    2.163010
 1041.3669    2.556760    2.624600    2.603750    2.553120    2.452140    2.336180    2.203170
 1041.5790    2.537810    2.612380    2.606900    2.564250    2.470660    2.361430    2.249270
 1041.8440    2.511830    2.594930    2.609020    2.575580    2.491630    2.389020    2.297450
 1042.1620    2.477250    2.570480    2.608240    2.584890    2.513220    2.417750    2.344550
 1042.5861    2.428620    2.531670    2.600330    2.589250    2.534930    2.451020    2.393630
 1043.0110    2.383910    2.487250    2.583430    2.584420    2.547630    2.480340    2.430750
 1043.4360    2.347970    2.441600    2.557250    2.571520    2.551390    2.505940    2.458490
 1043.9150    2.319060    2.395220    2.518080    2.549800    2.546620    2.528610    2.481010
 1044.3940    2.300360    2.356430    2.472230    2.523380    2.535190    2.542310    2.497120
 1044.8730    2.285940    2.320580    2.424670    2.494660    2.519920    2.545320    2.509730
 1045.3530    2.271730    2.281400    2.379110    2.464580    2.502390    2.537680    2.520900
 1045.8870    2.263260    2.232080    2.331630    2.428510    2.480670    2.519010    2.531890
 1046.3680    2.268980    2.186790    2.289750    2.390990    2.458650    2.496320    2.538390
 1046.8490    2.280170    2.149220    2.246500    2.345840    2.433350    2.471170    2.538330
 1047.2780    2.284160    2.131300    2.206120    2.298480    2.406860    2.448570    2.530300
 1047.6530    2.278640    2.132230    2.169790    2.252880    2.379380    2.429300    2.515990
 1048.0280    2.265200    2.147150    2.134180    2.206660    2.346820    2.410660    2.494720
 1048.4570    2.246010    2.172540    2.098644    2.159030    2.302940    2.389950    2.462640
 1048.8870    2.232640    2.195370    2.074963    2.123260    2.253170    2.369030    2.424080
 1049.2629    2.230680    2.207390    2.068186    2.104620    2.207900    2.349510    2.387140
 1049.6930    2.235450    2.211440    2.076349    2.096875    2.159990    2.324080    2.343920
 1050.1780    2.235580    2.209110    2.098817    2.100610    2.119450    2.289210    2.297450
 1050.7159    2.214610    2.208280    2.127490    2.112470    2.098298    2.240670    2.252540
 1051.1479    2.183870    2.213780    2.146280    2.122840    2.098713    2.195180    2.223810
 1051.5800    2.155060    2.223830    2.158750    2.130690    2.109880    2.147090    2.202300
 1052.0120    2.144110    2.233070    2.164770    2.134050    2.126720    2.102020    2.187630
 1052.7150    2.164950    2.228530    2.166400    2.131200    2.155490    2.052425    2.174060
 1053.5270    2.186390    2.179580    2.180360    2.135320    2.176120    2.050302    2.161820
 1054.2860    2.170440    2.130140    2.222040    2.170760    2.176120    2.092124    2.144110
 1054.9380    2.157400    2.133540    2.259900    2.220080    2.168940    2.141890    2.126000
 1055.5909    2.185340    2.171810    2.274070    2.267010    2.170350    2.188820    2.113070
 1056.7889    2.215290    2.203740    2.224070    2.303220    2.218040    2.237720    2.124730
 1057.3890    2.169290    2.183500    2.187690    2.290680    2.252710    2.242320    2.150170
 1058.0990    2.119680    2.156160    2.172020    2.256860    2.287310    2.240420    2.193150
 1058.8101    2.156580    2.165390    2.198110    2.224090    2.304920    2.243060    2.241400
 1059.2480    2.205450    2.196700    2.225390    2.216170    2.304470    2.250490    2.268250
 1059.7419    2.246060    2.243430    2.254280    2.222120    2.293740    2.264230    2.291680
 1060.3450    2.252540    2.290790    2.276710    2.243780    2.270630    2.285710    2.307090
 1061.2240    2.202600    2.302790    2.278340    2.274760    2.241620    2.315130    2.304020
 1062.4360    2.247020    2.255880    2.256930    2.276780    2.258520    2.322960    2.280030
 1062.8770    2.292340    2.254980    2.261380    2.267710    2.276510    2.312030    2.276140
 1063.8710    2.325620    2.302680    2.307840    2.251610    2.312200    2.269750    2.287330
 1064.7560    2.275680    2.340480    2.347390    2.267310    2.322470    2.241100    2.315240
 1065.6970    2.272980    2.321910    2.340640    2.315030    2.307000    2.250660    2.347130
 1066.4189    2.321020    2.278340    2.301640    2.352800    2.284810    2.281870    2.361100
 1067.1970    2.339930    2.248930    2.252540    2.373960    2.266940    2.322760    2.358010
 1067.9760    2.290920    2.274800    2.236260    2.361820    2.269490    2.357530    2.335740
 1068.4771    2.244230    2.308290    2.252340    2.335760    2.283660    2.371840    2.314710
 1069.1470    2.218460    2.339870    2.292680    2.287640    2.313510    2.377380    2.285080
 1069.9290    2.258850    2.331430    2.336640    2.238750    2.351800    2.362900    2.257820
 1070.6560    2.304510    2.283570    2.352390    2.227270    2.375350    2.332840    2.246720
 1071.2720    2.308200    2.235810    2.340010    2.245220    2.377160    2.300990    2.250420
 1072.1130    2.270070    2.210690    2.292610    2.287290    2.349320    2.260380    2.273070
 1072.8990    2.253460    2.243060    2.247680    2.318840    2.301720    2.238920    2.303350
 1073.7430    2.283460    2.291640    2.236740    2.328200    2.251740    2.242760    2.329990
 1075.2090    2.302630    2.314750    2.286070    2.293910    2.227530    2.285260    2.331810
 1076.7350    2.313090    2.318290    2.305200    2.265530    2.266650    2.291810    2.282530
 1078.2090    2.350640    2.352680    2.294290    2.292460    2.277610    2.257220    2.233300
 1079.4020    2.302160    2.327520    2.317420    2.305220    2.260380    2.241670    2.230500
 1080.4840    2.283210    2.277820    2.348380    2.283600    2.247460    2.258250    2.252830
 1081.3970    2.330490    2.267620    2.346980    2.257130    2.255610    2.286340    2.268510
 1082.4830    2.354130    2.291900    2.297370    2.246720    2.291830    2.308670    2.268390
 1083.3420    2.334450    2.307320    2.248370    2.265640    2.320710    2.306040    2.252730
 1084.8340    2.337920    2.272930    2.219610    2.309100    2.324590    2.263280    2.203520
 1085.9850    2.355700    2.253820    2.242340    2.303480    2.283820    2.214290    2.177800
 1086.9070    2.321140    2.280080    2.246520    2.274040    2.236290    2.185460    2.187890
 1087.5420    2.273900    2.305110    2.238000    2.247900    2.207820    2.179700    2.208470
 1088.4091    2.224040    2.315700    2.222070    2.217510    2.188480    2.189880    2.241890
 1089.6250    2.229550    2.267170    2.216800    2.208500    2.191670    2.219140    2.278110
 1090.5530    2.236440    2.219010    2.246770    2.219530    2.195100    2.237850    2.288830
 1091.5990    2.221780    2.202270    2.294880    2.226600    2.189210    2.243390    2.280670
 1092.9980    2.270540    2.230880    2.315970    2.208250    2.167380    2.220000    2.249150
 1094.3409    2.314200    2.238220    2.267310    2.167350    2.166580    2.203960    2.227990
 1095.1600    2.283910    2.231210    2.217960    2.160290    2.193240    2.215930    2.224840
 1095.8630    2.233960    2.228370    2.185660    2.177330    2.227140    2.236260    2.225340
 1096.5670    2.185630    2.238600    2.172140    2.210770    2.263780    2.259620    2.226780
 1097.4490    2.158970    2.265340    2.174930    2.259980    2.305760    2.285040    2.227450
 1098.6260    2.176840    2.284660    2.186960    2.309140    2.339810    2.297560    2.219090
 1100.1021    2.202300    2.236640    2.186190    2.312450    2.326250    2.263540    2.185030
 1101.0480    2.231570    2.187770    2.198440    2.291460    2.292080    2.223830    2.157250
 1101.9370    2.281470    2.173450    2.235330    2.273860    2.253530    2.189070    2.136590
 1102.8270    2.317480    2.195350    2.285040    2.265740    2.216980    2.165240    2.127490
 1103.8370    2.302420    2.230400    2.334350    2.265220    2.189630    2.157610    2.138930
 1104.6710    2.254260    2.245810    2.356050    2.263850    2.182410    2.167910    2.169090
 1105.5649    2.208710    2.252080    2.355390    2.252660    2.182190    2.188700    2.216060
 1106.4611    2.194960    2.266960    2.334900    2.229220    2.179240    2.209330    2.265010
 1107.5980    2.193680    2.307950    2.293740    2.194870    2.169820    2.229350    2.313210
 1108.8571    2.195540    2.349060    2.245560    2.177100    2.169030    2.250760    2.342170
 1110.1200    2.242540    2.349280    2.213310    2.196590    2.203030    2.277720    2.351550
 1110.9630    2.288720    2.327950    2.204390    2.227810    2.249420    2.300730    2.352950
 1111.6860    2.321020    2.303070    2.202570    2.259040    2.297670    2.324980    2.355450
 1112.4110    2.339830    2.277040    2.204530    2.288610    2.345510    2.352700    2.362120
 1113.3180    2.345920    2.248660    2.212190    2.319440    2.395120    2.388010    2.377490
 1114.9540    2.333370    2.222820    2.253120    2.359780    2.441210    2.437070    2.411100
 1115.9270    2.325520    2.225360    2.302740    2.377780    2.444900    2.452250    2.421640
 1116.7180    2.318940    2.235760    2.350340    2.392540    2.440170    2.455610    2.420930
 1117.6320    2.306080    2.256480    2.399710    2.412290    2.431810    2.448210    2.409310
 1118.8530    2.275430    2.304060    2.440440    2.439820    2.423490    2.420150    2.377520
 1119.7700    2.255340    2.352990    2.450220    2.456060    2.419390    2.389750    2.344880
 1120.6899    2.258730    2.402590    2.448970    2.464880    2.412240    2.357170    2.310400
 1121.9790    2.300200    2.452260    2.447360    2.458500    2.389430    2.316470    2.271610
 1123.4561    2.349160    2.471060    2.456580    2.420780    2.346200    2.284300    2.250220
 1124.6281    2.397580    2.473300    2.458610    2.377400    2.308160    2.268320    2.245410
 1125.4930    2.446750    2.476720    2.447720    2.346100    2.285350    2.257560    2.244820
 1126.4220    2.495670    2.482120    2.421620    2.319520    2.271050    2.244520    2.244750
 1127.6620    2.525680    2.479200    2.371700    2.299440    2.268200    2.230370    2.244350
 1129.2170    2.515200    2.438700    2.321740    2.288450    2.281150    2.243930    2.258330
 1130.3390    2.506340    2.390560    2.313800    2.283730    2.299400    2.287170    2.298020
 1131.1500    2.502190    2.359610    2.318880    2.285690    2.317750    2.333510    2.345000
 1131.8380    2.493510    2.343030    2.324610    2.295000    2.337400    2.378820    2.393170
 1132.4640    2.477470    2.337080    2.328580    2.311990    2.359400    2.421970    2.440170
 1133.0900    2.453060    2.338360    2.331650    2.337980    2.386160    2.464620    2.487480
 1133.7800    2.420470    2.344770    2.337180    2.376100    2.421520    2.508890    2.537320
 1134.5341    2.388390    2.354280    2.351850    2.425890    2.466480    2.552440    2.586830
 1135.2260    2.372650    2.364980    2.378380    2.474870    2.511720    2.587500    2.626530
 1135.9180    2.373940    2.380340    2.419160    2.523250    2.558420    2.618310    2.660340
 1136.5490    2.386410    2.401830    2.466410    2.564510    2.600130    2.643400    2.686300
 1137.1169    2.402020    2.429430    2.513580    2.598600    2.635870    2.664410    2.706310
 1137.6851    2.418630    2.464970    2.561440    2.629730    2.669100    2.684650    2.723880
 1138.2540    2.435650    2.506760    2.607020    2.658210    2.699400    2.704770    2.739830
 1138.8240    2.455070    2.551900    2.648330    2.684600    2.726600    2.725290    2.754970
 1139.3940    2.480180    2.597430    2.684460    2.709580    2.750790    2.746550    2.770060
 1140.0291    2.517550    2.645710    2.718500    2.736420    2.774570    2.771150    2.787500
 1140.6630    2.564680    2.689850    2.747060    2.762970    2.795880    2.796640    2.806160
 1141.2360    2.612570    2.725580    2.769480    2.786930    2.813770    2.819960    2.824210
 1141.8080    2.661950    2.757780    2.790310    2.810970    2.831200    2.843230    2.843380
 1142.3810    2.709670    2.787130    2.810960    2.834920    2.848760    2.865930    2.863420
 1143.0190    2.758370    2.817320    2.834920    2.861100    2.868870    2.889960    2.886210
 1143.7209    2.805560    2.848570    2.863220    2.888930    2.891900    2.914350    2.911040
 1144.5520    2.852980    2.883870    2.898760    2.919960    2.919970    2.939840    2.938530
 1145.5760    2.901830    2.925810    2.942610    2.954550    2.954040    2.965700    2.967060
 1146.7310    2.950040    2.971270    2.986650    2.987480    2.987640    2.986840    2.989000
 1147.8879    2.997710    3.013100    3.020200    3.012200    3.011000    2.998620    2.998240
 1149.0470    3.045400    3.047200    3.040300    3.026400    3.020200    3.000100    2.994470
 1150.7260    3.095100    3.069300    3.042300    3.022200    3.004800    2.982410    2.967200
 1152.3450    3.090000    3.045100    3.009600    2.984420    2.958430    2.940850    2.918620
 1153.4480    3.047800    2.998920    2.964940    2.938210    2.910840    2.897490    2.874240
 1154.2280    2.999020    2.952100    2.921940    2.895850    2.870290    2.859380    2.837800
 1154.8140    2.952930    2.909810    2.883510    2.859120    2.836450    2.826830    2.807800
 1155.3350    2.905670    2.867490    2.845120    2.823150    2.804060    2.795180    2.779230
 1155.7910    2.859560    2.827140    2.808430    2.789300    2.774010    2.765490    2.752760
 1156.1830    2.816560    2.790300    2.774860    2.758680    2.747000    2.738660    2.728960
 1156.5750    2.770590    2.751540    2.739490    2.726730    2.718850    2.710620    2.704130
 1156.9670    2.722070    2.711010    2.702510    2.693560    2.689570    2.681460    2.678260
 1157.2930    2.679950    2.675960    2.670600    2.665080    2.664290    2.656360    2.655900
 1157.6210    2.636420    2.639830    2.637850    2.635930    2.638230    2.630590    2.632800
 1157.9480    2.591500    2.602680    2.604360    2.606160    2.611390    2.604200    2.608980
 1158.2750    2.545260    2.564570    2.570260    2.575820    2.583800    2.577280    2.584430
 1158.6030    2.497830    2.525590    2.535660    2.544990    2.555460    2.549890    2.559210
 1158.9310    2.449570    2.485810    2.500650    2.513680    2.526400    2.522070    2.533330
 1159.2590    2.400900    2.445320    2.465310    2.481960    2.496670    2.493900    2.506830
 1159.5870    2.352220    2.404230    2.429690    2.449850    2.466270    2.465490    2.479760
 1159.9150    2.303780    2.362670    2.393860    2.417370    2.435290    2.436860    2.452170
 1160.2440    2.255710    2.320790    2.357840    2.384570    2.403770    2.408120    2.424150
 1160.5730    2.208150    2.278710    2.321700    2.351470    2.371770    2.379290    2.395730
 1160.9010    2.161250    2.236660    2.285440    2.318110    2.339370    2.350420    2.367000
 1161.2310    2.115340    2.194790    2.249120    2.284520    2.306680    2.321560    2.338040
 1161.5601    2.070555    2.153360    2.212800    2.250760    2.273810    2.292720    2.308880
 1161.8890    2.026860    2.112500    2.176500    2.216900    2.240870    2.263940    2.279640
 1162.2190    1.984114    2.072470    2.140260    2.182980    2.207980    2.235230    2.250400
 1162.5490    1.942186    2.033424    2.104150    2.149100    2.175310    2.206580    2.221210
 1162.9449    1.892929    1.987961    2.061113    2.108600    2.136530    2.172340    2.186390
 1163.3409    1.844980    1.944172    2.018576    2.068371    2.098436    2.138210    2.151920
 1163.7380    1.798321    1.902046    1.976727    2.028653    2.061226    2.104250    2.118030
 1164.1350    1.752581    1.861481    1.935749    1.989531    2.025060    2.070518    2.084791
 1164.5320    1.707371    1.822281    1.895861    1.951244    1.990072    2.036988    2.052309
 1164.9301    1.662640    1.784189    1.857260    1.913973    1.956341    2.003719    2.020775
 1165.3270    1.618740    1.746950    1.820089    1.877880    1.923885    1.970779    1.990122
 1165.7920    1.568800    1.704260    1.778690    1.837460    1.887581    1.932777    1.955563
 1166.2560    1.519880    1.662130    1.739450    1.798960    1.852770    1.895350    1.922232
 1166.7209    1.471600    1.620390    1.702240    1.762350    1.819201    1.858601    1.890020
 1167.1870    1.424210    1.578960    1.666780    1.727489    1.786570    1.822701    1.858789
 1167.6530    1.378000    1.537960    1.632629    1.694151    1.754601    1.787790    1.828390
 1168.1190    1.332520    1.497620    1.599369    1.662060    1.723110    1.754040    1.798670
 1168.5850    1.287239    1.458241    1.566641    1.630970    1.691950    1.721560    1.769489
 1169.0520    1.242741    1.420099    1.534229    1.600620    1.661070    1.690430    1.740721
 1169.5861    1.194180    1.378139    1.497400    1.566540    1.626101    1.656570    1.708210
 1170.1210    1.148020    1.338020    1.460670    1.532829    1.591490    1.624540    1.676029
 1170.6560    1.102880    1.299730    1.424101    1.499340    1.557280    1.594330    1.644220
 1171.2590    1.053770    1.258760    1.383381    1.461960    1.519541    1.562330    1.609020
 1171.8621    1.008471    1.219561    1.343719    1.425180    1.483040    1.532169    1.574680
 1172.5330    0.962601    1.177389    1.301701    1.385389    1.444620    1.500250    1.537830
 1173.2720    0.916500    1.132710    1.258520    1.343451    1.405529    1.466301    1.499140
 1174.1460    0.866699    1.083361    1.211651    1.297060    1.363609    1.426950    1.456089
 1175.0890    0.820101    1.034670    1.166050    1.251930    1.322800    1.385210    1.413280
 1176.1689    0.774300    0.985800    1.118530    1.206720    1.280460    1.338600    1.369360
 1177.3190    0.730700    0.942499    1.071030    1.163940    1.238470    1.290770    1.328011
 1178.6060    0.688999    0.900600    1.022470    1.120640    1.192619    1.241051    1.285330
 1180.0320    0.660999    0.862801    0.975201    1.077190    1.144609    1.193741    1.240499
 1181.6660    0.620199    0.821899    0.931900    1.032700    1.095690    1.148880    1.192989
 1183.5100    0.594200    0.781601    0.893200    0.990999    1.050529    1.106939    1.143829
 1185.8400    0.559099    0.744801    0.855000    0.948000    1.005480    1.059750    1.094231
 1188.5930    0.532400    0.708799    0.820601    0.902700    0.958300    1.010719    1.049259
 1191.8440    0.509701    0.675100    0.786900    0.854799    0.908300    0.963100    1.005911
 1195.8800    0.478600    0.639601    0.746201    0.806101    0.859600    0.913700    0.956900
 1200.4360    0.440800    0.601900    0.697500    0.762400    0.814301    0.865200    0.907400
 1205.4530    0.413300    0.561501    0.650299    0.725000    0.776001    0.819201    0.858000
 1211.2990    0.390699    0.530399    0.610901    0.683300    0.734100    0.773600    0.808100
 1217.8540    0.355900    0.492500    0.576500    0.633801    0.687000    0.726000    0.761299
 1225.2130    0.316900    0.460600    0.533501    0.587101    0.637800    0.676300    0.716700
 1233.1810    0.298300    0.426100    0.493799    0.556400    0.598400    0.629700    0.667000
 1241.4030    0.287201    0.398800    0.469000    0.530500    0.567699    0.593399    0.617300
 1249.9650    0.259600    0.376900    0.451200    0.501301    0.536900    0.564199    0.579100
     17.00  461    7   4000.00   6000.00   8000.00  10000.00  12000.00  14000.00  16000.00
 1005.3280    0.704121    1.475241    1.659760    1.031813    0.313971    1.371220    1.760710
 1005.3770    0.824070    1.536030    1.678471    1.079615    0.692841    1.445761    1.798401
 1005.4270    0.924356    1.591311    1.696501    1.126881    0.903313    1.512039    1.834030
 1005.4760    1.011656    1.642040    1.713940    1.173571    1.052694    1.571920    1.867830
 1005.5250    1.089764    1.688900    1.730810    1.219580    1.169970    1.626600    1.899990
 1005.5750    1.161131    1.732470    1.747231    1.264891    1.267450    1.677031    1.930670
 1005.6240    1.227221    1.773140    1.763229    1.309441    1.351370    1.723869    1.959990
 1005.6730    1.289230    1.811279    1.778879    1.353220    1.425440    1.767651    1.988060
 1005.7230    1.347879    1.847151    1.794230    1.396200    1.491949    1.808769    2.015000
 1005.7720    1.403761    1.880989    1.809320    1.438351    1.552521    1.847570    2.040900
 1005.8220    1.457260    1.912979    1.824221    1.479679    1.608231    1.884310    2.065800
 1005.8710    1.508720    1.943300    1.838961    1.520180    1.659920    1.919201    2.089800
 1005.9200    1.558359    1.972071    1.853590    1.559851    1.708191    1.952431    2.112900
 1005.9700    1.606359    1.999430    1.868151    1.598690    1.753531    1.984159    2.135201
 1006.0190    1.652861    2.025500    1.882681    1.636709    1.796301    2.014500    2.156800
 1006.0690    1.697969    2.050300    1.897209    1.673920    1.836830    2.043600    2.177600
 1006.1180    1.741760    2.074000    1.911770    1.710320    1.875340    2.071500    2.197701
 1006.1680    1.784309    2.096600    1.926399    1.745939    1.912060    2.098300    2.217200
 1006.2170    1.825661    2.118200    1.941111    1.780781    1.947140    2.124100    2.236100
 1006.2660    1.865870    2.138900    1.955950    1.814850    1.980740    2.149000    2.254400
 1006.3160    1.904949    2.158700    1.970909    1.848169    2.013000    2.173000    2.272100
 1006.3650    1.942949    2.177700    1.986031    1.880760    2.044000    2.196100    2.289300
 1006.4150    1.979891    2.195800    2.001300    1.912609    2.073800    2.218400    2.305900
 1006.4640    2.015800    2.213300    2.016800    1.943760    2.102500    2.240000    2.322100
 1006.5140    2.050700    2.230000    2.032400    1.974199    2.130200    2.260900    2.337700
 1006.5630    2.084500    2.246099    2.048200    2.004000    2.156900    2.281100    2.352900
 1006.6130    2.117400    2.261500    2.064300    2.033100    2.182800    2.300600    2.367700
 1006.6620    2.149300    2.276400    2.080500    2.061500    2.207800    2.319600    2.382000
 1006.7120    2.180300    2.290700    2.096900    2.089300    2.232000    2.337900    2.395900
 1006.7610    2.210300    2.304500    2.113500    2.116400    2.255400    2.355700    2.409300
 1006.8110    2.239400    2.317801    2.130200    2.143000    2.278100    2.372900    2.422400
 1006.8600    2.267600    2.330700    2.147200    2.168900    2.300100    2.389600    2.435100
 1006.9100    2.294900    2.343100    2.164300    2.194201    2.321400    2.405800    2.447400
 1006.9590    2.321301    2.355100    2.181499    2.219000    2.342100    2.421500    2.459400
 1007.0090    2.346800    2.366800    2.198800    2.243100    2.362200    2.436800    2.471000
 1007.1080    2.395300    2.389100    2.233800    2.289800    2.400500    2.465900    2.493100
 1007.2070    2.440500    2.410300    2.269100    2.334200    2.436700    2.493299    2.514000
 1007.3060    2.482400    2.430500    2.304600    2.376500    2.470700    2.519100    2.533600
 1007.4050    2.521100    2.449900    2.339900    2.416800    2.502800    2.543300    2.552000
 1007.5040    2.556800    2.468800    2.375200    2.455000    2.533000    2.566200    2.569400
 1007.6030    2.589400    2.487400    2.410000    2.491300    2.561400    2.587700    2.585600
 1007.7020    2.619200    2.505600    2.444400    2.525800    2.588200    2.607800    2.600900
 1007.8010    2.646200    2.523700    2.478200    2.558400    2.613300    2.626800    2.615200
 1007.9500    2.681600    2.550900    2.527300    2.604000    2.648100    2.653100    2.635000
 1008.0990    2.711400    2.578300    2.574400    2.645700    2.679700    2.676900    2.652900
 1008.2480    2.735800    2.605900    2.619100    2.683800    2.708200    2.698500    2.669200
 1008.3970    2.755301    2.633700    2.661200    2.718300    2.733900    2.717900    2.683900
 1008.5460    2.770400    2.661600    2.700300    2.749500    2.756800    2.735400    2.697300
 1008.7450    2.784500    2.698500    2.747900    2.786000    2.783500    2.755800    2.713300
 1008.9430    2.793000    2.734400    2.790000    2.817101    2.806100    2.773300    2.727600
 1009.1920    2.797800    2.776600    2.834600    2.848900    2.829200    2.791600    2.743400
 1009.4900    2.798400    2.821500    2.876700    2.877700    2.850200    2.809100    2.760500
 1009.8890    2.797600    2.868299    2.914200    2.902200    2.869100    2.826800    2.781700
 1010.7360    2.812700    2.911800    2.934700    2.915700    2.886700    2.854900    2.829300
 1011.4350    2.844300    2.905500    2.915700    2.908000    2.893100    2.881001    2.876500
 1012.0350    2.892700    2.902000    2.901100    2.903300    2.901700    2.908400    2.920200
 1012.4350    2.937100    2.913800    2.901800    2.904900    2.910500    2.927400    2.947900
 1012.8350    2.983500    2.938300    2.912500    2.910600    2.921300    2.945500    2.972400
 1013.3870    3.033300    2.983900    2.939100    2.925100    2.938700    2.967800    2.999000
 1013.9890    3.056200    3.033800    2.977400    2.952000    2.963400    2.990600    3.020400
 1014.5920    3.059000    3.073400    3.024400    2.997100    3.000600    3.018800    3.041100
 1015.0440    3.070000    3.095500    3.066401    3.044900    3.040800    3.048500    3.063300
 1015.4470    3.095100    3.111200    3.107000    3.094700    3.085100    3.083600    3.091800
 1015.7990    3.126400    3.123100    3.142700    3.140600    3.128799    3.121400    3.124500
 1016.1520    3.161800    3.134900    3.176300    3.185300    3.174900    3.164800    3.164000
 1016.5050    3.197599    3.149000    3.205800    3.226600    3.221300    3.212300    3.208700
 1016.8580    3.232200    3.169000    3.230600    3.263000    3.266300    3.261499    3.256701
 1017.2120    3.265200    3.198800    3.251600    3.294500    3.308701    3.310400    3.305700
 1017.5660    3.296800    3.240601    3.271900    3.321800    3.347800    3.356900    3.353800
 1017.8690    3.322800    3.285000    3.292100    3.343500    3.378400    3.393500    3.393000
 1018.1730    3.347800    3.334400    3.318300    3.365000    3.406400    3.426701    3.429501
 1018.4260    3.368299    3.376801    3.346200    3.384200    3.427900    3.451500    3.457500
 1018.7300    3.394400    3.426300    3.387400    3.410200    3.452100    3.478000    3.487900
 1019.0340    3.424800    3.472200    3.435500    3.440500    3.475300    3.501400    3.514700
 1019.2880    3.455500    3.506701    3.478700    3.469200    3.494699    3.519100    3.534400
 1019.5410    3.491301    3.537700    3.522500    3.500999    3.514900    3.535900    3.552299
 1019.7950    3.530700    3.565599    3.565200    3.535200    3.536500    3.552500    3.568700
 1020.1000    3.579600    3.596400    3.613000    3.578200    3.565100    3.573400    3.587800
 1020.4050    3.626101    3.626200    3.655600    3.621901    3.597200    3.596700    3.607700
 1020.7610    3.674000    3.662700    3.698299    3.671800    3.639300    3.628799    3.634600
 1021.1170    3.714700    3.703900    3.734300    3.719700    3.686600    3.668100    3.668600
 1021.4230    3.746000    3.743500    3.761600    3.759300    3.730900    3.708600    3.705300
 1021.7290    3.777400    3.786300    3.788300    3.798500    3.778800    3.756100    3.750200
 1021.9830    3.806300    3.823400    3.812799    3.832200    3.821800    3.801300    3.794200
 1022.1880    3.832500    3.853700    3.835400    3.860600    3.858400    3.841200    3.833800
 1022.3920    3.861600    3.884600    3.862300    3.891100    3.897300    3.884399    3.877300
 1022.5960    3.893600    3.916500    3.894600    3.924800    3.938800    3.931100    3.924700
 1022.7490    3.919100    3.941500    3.922900    3.952500    3.972000    3.968500    3.963000
 1022.9020    3.945900    3.968000    3.955000    3.982900    4.007200    4.007999    4.003700
 1023.0560    3.973900    3.996500    3.991100    4.016300    4.044700    4.049800    4.047000
 1023.2090    4.003300    4.027600    4.031200    4.053200    4.084800    4.094200    4.093200
 1023.3620    4.034800    4.062201    4.075400    4.094100    4.128000    4.141400    4.142700
 1023.4650    4.057301    4.087400    4.107100    4.123899    4.158800    4.174800    4.177700
 1023.5670    4.081400    4.114700    4.140800    4.155800    4.191500    4.209900    4.214500
 1023.6690    4.107500    4.144300    4.176400    4.190200    4.226100    4.246799    4.253300
 1023.7720    4.135900    4.176400    4.214100    4.227100    4.263100    4.285900    4.294400
 1023.8740    4.167000    4.211400    4.254100    4.267000    4.302700    4.327400    4.337900
 1023.9760    4.201300    4.249599    4.296700    4.309999    4.345200    4.371700    4.384300
 1024.0790    4.239100    4.291300    4.342200    4.356600    4.391100    4.419100    4.433900
 1024.1300    4.259501    4.313601    4.366100    4.381400    4.415400    4.444099    4.460000
 1024.1810    4.281000    4.337000    4.391000    4.407200    4.440800    4.470100    4.487100
 1024.2321    4.303699    4.361500    4.416800    4.434100    4.467300    4.497200    4.515200
 1024.2841    4.327500    4.387300    4.443700    4.462200    4.495000    4.525300    4.544500
 1024.3350    4.352700    4.414300    4.471700    4.491600    4.523900    4.554700    4.574900
 1024.3860    4.379300    4.442699    4.500999    4.522400    4.554200    4.585500    4.606600
 1024.4370    4.407300    4.472600    4.531600    4.554600    4.586100    4.617599    4.639700
 1024.4890    4.437000    4.504200    4.563800    4.588400    4.619500    4.651300    4.674400
 1024.5400    4.468400    4.537500    4.597600    4.623899    4.654600    4.686700    4.710600
 1024.5909    4.501801    4.572701    4.633300    4.661300    4.691600    4.723900    4.748700
 1024.6420    4.537300    4.610000    4.670900    4.700700    4.730700    4.763100    4.788700
 1024.6940    4.575000    4.649600    4.710800    4.742300    4.772100    4.804600    4.830900
 1024.7450    4.615400    4.691700    4.753099    4.786400    4.816000    4.848500    4.875401
 1024.7960    4.658600    4.736700    4.798200    4.833200    4.862600    4.895100    4.922700
 1024.8470    4.705000    4.784800    4.846400    4.882999    4.912300    4.944799    4.972800
 1024.8990    4.755000    4.836400    4.898100    4.936300    4.965500    4.997800    5.026400
 1024.9500    4.809100    4.892000    4.953700    4.993401    5.022600    5.054800    5.083700
 1025.0010    4.867900    4.952200    5.013900    5.054900    5.084100    5.116199    5.145400
 1025.0530    4.932100    5.017700    5.079400    5.121600    5.150900    5.182800    5.212200
 1025.1040    5.002800    5.089399    5.151000    5.194300    5.223801    5.255500    5.285000
 1025.1550    5.081100    5.168500    5.230200    5.274401    5.304100    5.335500    5.365100
 1025.2070    5.168800    5.256800    5.318399    5.363400    5.393400    5.424601    5.454100
 1025.2581    5.268300    5.356800    5.418301    5.463900    5.494101    5.525101    5.554501
 1025.3090    5.383500    5.472099    5.533600    5.579599    5.610200    5.640900    5.670100
 1025.3610    5.521600    5.610100    5.671600    5.717800    5.748700    5.779100    5.808001
 1025.4120    6.067200    6.107000    6.137400    6.161800    6.179100    6.196199    6.212800
 1025.4630    7.229401    7.234100    7.238100    7.241500    7.244101    7.246600    7.249100
 1025.5150    8.188300    8.189199    8.189899    8.190500    8.191000    8.191500    8.191999
 1025.5660    8.877900    8.878099    8.878201    8.878400    8.878500    8.878600    8.878700
 1025.6169    9.342800    9.342800    9.342800    9.342800    9.342800    9.342800    9.342800
 1025.6689    9.612000    9.611900    9.611800    9.611700    9.611700    9.611700    9.611600
 1025.7710    9.612100    9.612000    9.611900    9.611900    9.611800    9.611800    9.611700
 1025.8230    9.343000    9.343000    9.343000    9.343000    9.343000    9.343000    9.343000
 1025.8740    8.878201    8.878400    8.878600    8.878700    8.878901    8.879000    8.879100
 1025.9260    8.188800    8.189700    8.190500    8.191100    8.191600    8.192101    8.192600
 1025.9771    7.231100    7.235701    7.239799    7.242900    7.245700    7.248100    7.250401
 1026.0280    6.081699    6.117300    6.147600    6.169500    6.188800    6.205100    6.218901
 1026.0800    5.560900    5.635000    5.694300    5.734200    5.768900    5.797300    5.820000
 1026.1310    5.428400    5.500900    5.559800    5.598700    5.633600    5.662001    5.684000
 1026.1830    5.318000    5.388900    5.447400    5.485500    5.520400    5.548800    5.570300
 1026.2340    5.222401    5.292100    5.350000    5.387300    5.422200    5.450700    5.471701
 1026.2850    5.138000    5.206400    5.263700    5.300400    5.335300    5.363900    5.384399
 1026.3370    5.062201    5.129601    5.186200    5.222300    5.257100    5.285800    5.306000
 1026.3879    4.993401    5.059800    5.115800    5.151300    5.185900    5.214800    5.234600
 1026.4399    4.930400    4.995900    5.051200    5.086201    5.120600    5.149700    5.169200
 1026.4910    4.872200    4.936900    4.991500    5.026100    5.060300    5.089399    5.108800
 1026.5430    4.818100    4.882200    4.936000    4.970300    5.004100    5.033501    5.052700
 1026.5940    4.767600    4.831000    4.884000    4.918100    4.951600    4.981100    5.000299
 1026.6460    4.720200    4.783100    4.835200    4.869101    4.902300    4.932000    4.951100
 1026.6970    4.675500    4.737900    4.789100    4.823000    4.855700    4.885600    4.904800
 1026.7480    4.633300    4.695100    4.745501    4.779400    4.811600    4.841800    4.861000
 1026.8000    4.593200    4.654500    4.704000    4.738000    4.769800    4.800100    4.819500
 1026.8510    4.555099    4.615900    4.664400    4.698600    4.729900    4.760400    4.780100
 1026.9030    4.518800    4.579100    4.626600    4.661000    4.691900    4.722600    4.742500
 1026.9540    4.484000    4.543800    4.590400    4.625100    4.655400    4.686300    4.706500
 1027.0060    4.450700    4.510000    4.555700    4.590700    4.620501    4.651500    4.672100
 1027.0570    4.418800    4.477500    4.522200    4.557600    4.586900    4.618100    4.639100
 1027.1090    4.388100    4.446199    4.490000    4.525800    4.554600    4.585800    4.607400
 1027.1600    4.358500    4.416000    4.458900    4.495200    4.523500    4.554800    4.576800
 1027.2120    4.329900    4.386800    4.428900    4.465600    4.493401    4.524700    4.547300
 1027.2629    4.302299    4.358500    4.399800    4.437000    4.464300    4.495700    4.518800
 1027.3149    4.275600    4.331200    4.371600    4.409300    4.436200    4.467500    4.491301
 1027.3669    4.249701    4.304600    4.344200    4.382401    4.408900    4.440200    4.464500
 1027.4180    4.224500    4.278700    4.317699    4.356300    4.382500    4.413600    4.438601
 1027.4700    4.200000    4.253600    4.291800    4.331000    4.356800    4.387800    4.413500
 1027.5730    4.152700    4.205200    4.242200    4.282300    4.307500    4.338200    4.365100
 1027.6760    4.107700    4.159100    4.195200    4.236000    4.260900    4.291000    4.319201
 1027.7791    4.064301    4.115000    4.150300    4.191800    4.216600    4.246000    4.275300
 1027.8820    4.022500    4.072701    4.107500    4.149600    4.174400    4.203000    4.233400
 1027.9850    3.982000    4.031900    4.066500    4.109000    4.134000    4.161800    4.193000
 1028.0890    3.942699    3.992599    4.027200    4.069901    4.095500    4.122200    4.154100
 1028.1920    3.904300    3.954400    3.989400    4.032200    4.058400    4.084100    4.116400
 1028.2950    3.866899    3.917400    3.952800    3.995700    4.022800    4.047400    4.079900
 1028.3979    3.830400    3.881300    3.917500    3.960300    3.988400    4.012000    4.044500
 1028.5020    3.794500    3.846000    3.883101    3.926001    3.955200    3.977800    4.010000
 1028.6050    3.759100    3.811501    3.849700    3.892500    3.922900    3.944600    3.976400
 1028.7080    3.724100    3.777600    3.816999    3.859800    3.891400    3.912500    3.943501
 1028.8120    3.689301    3.744101    3.784900    3.827900    3.860700    3.881200    3.911400
 1028.9150    3.654400    3.711100    3.753400    3.796500    3.830600    3.850700    3.880000
 1029.0179    3.619200    3.678300    3.722300    3.765700    3.801001    3.821000    3.849200
 1029.1219    3.583400    3.645800    3.691500    3.735300    3.771700    3.791900    3.818900
 1029.2250    3.546800    3.613300    3.661000    3.705300    3.742800    3.763300    3.789300
 1029.3290    3.509100    3.580800    3.630600    3.675600    3.714000    3.735200    3.760099
 1029.4320    3.470100    3.548100    3.600300    3.646100    3.685400    3.707400    3.731500
 1029.5360    3.429600    3.515200    3.569901    3.616700    3.656800    3.680000    3.703300
 1029.6390    3.387400    3.482000    3.539500    3.587500    3.628300    3.652800    3.675500
 1029.7430    3.343500    3.448200    3.509000    3.558200    3.599700    3.625700    3.648200
 1029.8459    3.297700    3.413900    3.478200    3.528900    3.570900    3.598700    3.621099
 1029.9500    3.250100    3.378700    3.447100    3.499599    3.542100    3.571700    3.594500
 1030.0530    3.200500    3.342700    3.415700    3.470100    3.513100    3.544700    3.568100
 1030.1050    3.175000    3.324300    3.399800    3.455200    3.498500    3.531200    3.555000
 1030.1570    3.149100    3.305700    3.383801    3.440400    3.483900    3.517700    3.541900
 1030.2090    3.122601    3.286700    3.367599    3.425400    3.469300    3.504100    3.528900
 1030.2610    3.095700    3.267400    3.351400    3.410500    3.454600    3.490499    3.515900
 1030.3130    3.068300    3.247800    3.334900    3.395400    3.439800    3.476800    3.503000
 1030.3640    3.040400    3.227800    3.318300    3.380301    3.425000    3.463100    3.490100
 1030.4160    3.012000    3.207400    3.301500    3.365000    3.410200    3.449400    3.477300
 1030.4680    2.983000    3.186600    3.284500    3.349700    3.395200    3.435600    3.464400
 1030.5200    2.953600    3.165300    3.267400    3.334400    3.380199    3.421700    3.451500
 1030.5720    2.923700    3.143600    3.250000    3.318900    3.365200    3.407800    3.438700
 1030.6240    2.893200    3.121500    3.232400    3.303300    3.350100    3.393800    3.425800
 1030.6760    2.862200    3.098800    3.214600    3.287600    3.334900    3.379800    3.413000
 1030.7271    2.830600    3.075500    3.196500    3.271700    3.319600    3.365700    3.400100
 1030.7791    2.798500    3.051800    3.178101    3.255800    3.304300    3.351400    3.387100
 1030.8311    2.765700    3.027400    3.159500    3.239700    3.288900    3.337200    3.374200
 1030.8831    2.732400    3.002300    3.140600    3.223500    3.273400    3.322800    3.361200
 1030.9351    2.698400    2.976700    3.121400    3.207100    3.257800    3.308400    3.348100
 1030.9871    2.663900    2.950300    3.101800    3.190599    3.242100    3.293800    3.335000
 1031.0389    2.628800    2.923100    3.081900    3.173800    3.226400    3.279200    3.321800
 1031.0909    2.593000    2.895200    3.061600    3.156900    3.210500    3.264500    3.308500
 1031.1429    2.556700    2.866400    3.041000    3.139800    3.194400    3.249701    3.295100
 1031.1949    2.519800    2.836700    3.020000    3.122499    3.178300    3.234800    3.281700
 1031.2460    2.482400    2.806100    2.998500    3.104900    3.162000    3.219700    3.268100
 1031.2980    2.444600    2.774500    2.976600    3.087100    3.145500    3.204600    3.254400
 1031.3500    2.406300    2.741800    2.954200    3.069000    3.128901    3.189301    3.240601
 1031.4020    2.367700    2.708000    2.931300    3.050700    3.112100    3.173900    3.226700
 1031.4540    2.329000    2.672900    2.907900    3.032000    3.095100    3.158400    3.212600
 1031.5060    2.290100    2.636400    2.883801    3.013000    3.077900    3.142700    3.198400
 1031.5580    2.251400    2.598500    2.859200    2.993600    3.060500    3.126801    3.184000
 1031.6100    2.212900    2.559000    2.833900    2.973800    3.042800    3.110800    3.169400
 1031.6620    2.174900    2.517700    2.808000    2.953600    3.024900    3.094600    3.154700
 1031.7140    2.137500    2.474400    2.781200    2.933000    3.006599    3.078200    3.139800
 1031.7660    2.101100    2.429000    2.753700    2.911900    2.988100    3.061600    3.124599
 1031.8180    2.065800    2.381100    2.725200    2.890300    2.969200    3.044900    3.109300
 1031.8700    2.032100    2.330400    2.695800    2.868000    2.950000    3.027800    3.093800
 1031.9220    2.000100    2.276400    2.665400    2.845200    2.930400    3.010600    3.078000
 1031.9740    1.970091    2.218700    2.633801    2.821700    2.910300    2.993000    3.061900
 1032.0260    1.942369    2.156400    2.600900    2.797500    2.889800    2.975200    3.045700
 1032.0780    1.917170    2.088700    2.566600    2.772500    2.868900    2.957100    3.029100
 1032.1300    1.894680    2.014300    2.530800    2.746600    2.847400    2.938700    3.012300
 1032.1820    1.875050    1.931070    2.493200    2.719800    2.825300    2.919900    2.995200
 1032.2340    1.858391    1.836269    2.453600    2.691900    2.802600    2.900700    2.977800
 1032.2860    1.844749    1.725071    2.411800    2.662900    2.779300    2.881100    2.960000
 1032.3380    1.834129    1.588840    2.367400    2.632700    2.755200    2.861100    2.941900
 1032.3900    1.826481    1.409269    2.319901    2.601000    2.730400    2.840600    2.923500
 1032.4420    1.821720    1.134661    2.268900    2.567801    2.704700    2.819600    2.904700
 1032.4940    1.819700    0.428720    2.213700    2.532900    2.678100    2.798000    2.885400
 1039.7810    2.676600    2.671600    2.555200    2.422700    2.245000    1.963329    0.110491
 1039.8330    2.673200    2.671400    2.557700    2.428699    2.255200    1.985580    0.832291
 1039.8860    2.669700    2.671100    2.560100    2.434500    2.265000    2.006600    1.090647
 1039.9390    2.666200    2.670700    2.562400    2.440200    2.274500    2.026500    1.251829
 1039.9919    2.662700    2.670100    2.564600    2.445700    2.283600    2.045300    1.369329
 1040.0450    2.659100    2.669500    2.566700    2.451100    2.292500    2.063200    1.461800
 1040.0970    2.655500    2.668800    2.568700    2.456300    2.301100    2.080300    1.538031
 1040.1500    2.651800    2.668000    2.570700    2.461400    2.309400    2.096500    1.602850
 1040.2030    2.648000    2.667100    2.572600    2.466400    2.317500    2.112100    1.659189
 1040.2560    2.644200    2.666000    2.574500    2.471300    2.325300    2.126900    1.709000
 1040.3090    2.640400    2.664900    2.576300    2.476100    2.333000    2.141200    1.753580
 1040.3621    2.636500    2.663700    2.578000    2.480800    2.340400    2.154800    1.793880
 1040.4139    2.632600    2.662500    2.579700    2.485300    2.347500    2.167900    1.830650
 1040.4670    2.628600    2.661100    2.581400    2.489799    2.354600    2.180500    1.864389
 1040.5200    2.624600    2.659600    2.583000    2.494200    2.361400    2.192600    1.895559
 1040.5730    2.620600    2.658100    2.584600    2.498500    2.368000    2.204200    1.924480
 1040.6260    2.616500    2.656400    2.586100    2.502700    2.374500    2.215400    1.951429
 1040.7321    2.608300    2.652900    2.589100    2.510900    2.387100    2.236600    2.000300
 1040.8370    2.600000    2.649000    2.591900    2.518700    2.399000    2.256200    2.043500
 1040.9430    2.591600    2.644800    2.594600    2.526300    2.410500    2.274500    2.082100
 1041.0490    2.583100    2.640200    2.597200    2.533500    2.421500    2.291500    2.116899
 1041.2080    2.570200    2.632800    2.600700    2.543700    2.437200    2.315001    2.163000
 1041.3669    2.556700    2.624600    2.603700    2.553100    2.452100    2.336200    2.203100
 1041.5790    2.537800    2.612400    2.606900    2.564200    2.470600    2.361400    2.249200
 1041.8440    2.511800    2.594900    2.609000    2.575600    2.491600    2.389000    2.297400
 1042.1620    2.477300    2.570500    2.608200    2.584900    2.513200    2.417700    2.344500
 1042.5861    2.428600    2.531700    2.600300    2.589200    2.534900    2.451000    2.393600
 1043.0110    2.383900    2.487200    2.583400    2.584400    2.547600    2.480300    2.430700
 1043.4360    2.348000    2.441600    2.557199    2.571500    2.551400    2.505900    2.458500
 1043.9150    2.319100    2.395200    2.518100    2.549800    2.546600    2.528600    2.481000
 1044.3940    2.300300    2.356400    2.472200    2.523400    2.535200    2.542300    2.497100
 1044.8730    2.285900    2.320601    2.424700    2.494600    2.519900    2.545300    2.509700
 1045.3530    2.271700    2.281400    2.379100    2.464500    2.502400    2.537700    2.520900
 1045.8870    2.263300    2.232100    2.331600    2.428500    2.480600    2.519000    2.531900
 1046.3680    2.269000    2.186800    2.289700    2.391000    2.458600    2.496300    2.538300
 1046.8490    2.280100    2.149200    2.246500    2.345800    2.433300    2.471200    2.538300
 1047.2780    2.284100    2.131300    2.206100    2.298500    2.406800    2.448600    2.530300
 1047.6530    2.278600    2.132200    2.169800    2.252900    2.379400    2.429300    2.516000
 1048.0280    2.265200    2.147200    2.134200    2.206700    2.346800    2.410700    2.494699
 1048.4570    2.246000    2.172500    2.098600    2.159000    2.302900    2.389900    2.462600
 1048.8870    2.232600    2.195300    2.075000    2.123300    2.253201    2.368999    2.424100
 1049.2629    2.230700    2.207400    2.068200    2.104600    2.207900    2.349500    2.387100
 1049.6930    2.235400    2.211400    2.076300    2.096900    2.160000    2.324100    2.343900
 1050.1780    2.235600    2.209100    2.098800    2.100600    2.119500    2.289200    2.297500
 1050.7159    2.214600    2.208300    2.127501    2.112500    2.098300    2.240700    2.252501
 1051.1479    2.183800    2.213800    2.146300    2.122800    2.098700    2.195200    2.223800
 1051.5800    2.155100    2.223800    2.158800    2.130700    2.109900    2.147100    2.202300
 1052.0120    2.144100    2.233000    2.164700    2.134000    2.126700    2.102000    2.187600
 1052.7150    2.164900    2.228500    2.166400    2.131200    2.155500    2.052400    2.174100
 1053.5270    2.186400    2.179600    2.180300    2.135300    2.176100    2.050300    2.161800
 1054.2860    2.170400    2.130100    2.222000    2.170800    2.176100    2.092100    2.144100
 1054.9380    2.157400    2.133500    2.259900    2.220100    2.168900    2.141900    2.126000
 1055.5909    2.185300    2.171800    2.274000    2.267000    2.170300    2.188800    2.113100
 1056.7889    2.215300    2.203700    2.224100    2.303200    2.218000    2.237700    2.124800
 1057.3890    2.169300    2.183500    2.187700    2.290700    2.252700    2.242300    2.150200
 1058.0990    2.119699    2.156200    2.172000    2.256900    2.287300    2.240400    2.193200
 1058.8101    2.156600    2.165400    2.198100    2.224100    2.304900    2.243000    2.241400
 1059.2480    2.205400    2.196700    2.225400    2.216200    2.304399    2.250500    2.268200
 1059.7419    2.246000    2.243400    2.254300    2.222100    2.293700    2.264200    2.291700
 1060.3450    2.252501    2.290800    2.276700    2.243800    2.270600    2.285700    2.307100
 1061.2240    2.202600    2.302800    2.278300    2.274800    2.241600    2.315100    2.304000
 1062.4360    2.247000    2.255900    2.256900    2.276800    2.258500    2.323000    2.280000
 1062.8770    2.292300    2.255000    2.261400    2.267700    2.276500    2.312000    2.276100
 1063.8710    2.325600    2.302700    2.307800    2.251600    2.312200    2.269700    2.287300
 1064.7560    2.275700    2.340500    2.347400    2.267300    2.322400    2.241100    2.315200
 1065.6970    2.273000    2.321900    2.340600    2.315001    2.307000    2.250700    2.347100
 1066.4189    2.321000    2.278300    2.301600    2.352800    2.284800    2.281900    2.361100
 1067.1970    2.339900    2.248900    2.252501    2.373900    2.266900    2.322701    2.358000
 1067.9760    2.290900    2.274800    2.236300    2.361800    2.269500    2.357500    2.335700
 1068.4771    2.244200    2.308300    2.252300    2.335800    2.283700    2.371799    2.314700
 1069.1470    2.218500    2.339800    2.292700    2.287600    2.313500    2.377400    2.285100
 1069.9290    2.258801    2.331400    2.336600    2.238700    2.351800    2.362900    2.257800
 1070.6560    2.304500    2.283600    2.352400    2.227300    2.375300    2.332800    2.246700
 1071.2720    2.308200    2.235800    2.340000    2.245200    2.377100    2.301000    2.250400
 1072.1130    2.270100    2.210700    2.292600    2.287300    2.349300    2.260400    2.273000
 1072.8990    2.253500    2.243100    2.247700    2.318800    2.301700    2.238900    2.303300
 1073.7430    2.283400    2.291600    2.236700    2.328200    2.251700    2.242800    2.330000
 1075.2090    2.302600    2.314700    2.286100    2.293900    2.227500    2.285300    2.331800
 1076.7350    2.313100    2.318300    2.305200    2.265500    2.266700    2.291800    2.282500
 1078.2090    2.350600    2.352700    2.294300    2.292400    2.277600    2.257200    2.233300
 1079.4020    2.302100    2.327500    2.317400    2.305200    2.260400    2.241700    2.230500
 1080.4840    2.283200    2.277800    2.348400    2.283600    2.247499    2.258300    2.252800
 1081.3970    2.330500    2.267600    2.347000    2.257100    2.255600    2.286300    2.268500
 1082.4830    2.354100    2.291900    2.297300    2.246700    2.291800    2.308599    2.268400
 1083.3420    2.334400    2.307300    2.248300    2.265600    2.320700    2.306000    2.252700
 1084.8340    2.337900    2.272900    2.219600    2.309100    2.324600    2.263300    2.203500
 1085.9850    2.355700    2.253800    2.242300    2.303500    2.283800    2.214300    2.177800
 1086.9070    2.321100    2.280100    2.246500    2.274000    2.236300    2.185500    2.187900
 1087.5420    2.273900    2.305099    2.238000    2.247900    2.207800    2.179700    2.208400
 1088.4091    2.224000    2.315701    2.222100    2.217500    2.188500    2.189900    2.241899
 1089.6250    2.229600    2.267200    2.216800    2.208500    2.191700    2.219100    2.278100
 1090.5530    2.236400    2.219000    2.246799    2.219500    2.195100    2.237800    2.288800
 1091.5990    2.221800    2.202300    2.294900    2.226600    2.189200    2.243400    2.280600
 1092.9980    2.270500    2.230900    2.315900    2.208300    2.167400    2.220000    2.249100
 1094.3409    2.314200    2.238200    2.267300    2.167300    2.166600    2.203900    2.228000
 1095.1600    2.283900    2.231200    2.218000    2.160300    2.193200    2.215900    2.224800
 1095.8630    2.234000    2.228400    2.185700    2.177299    2.227100    2.236200    2.225300
 1096.5670    2.185600    2.238600    2.172100    2.210800    2.263800    2.259600    2.226800
 1097.4490    2.159000    2.265300    2.174900    2.260000    2.305700    2.285000    2.227400
 1098.6260    2.176800    2.284700    2.186900    2.309100    2.339800    2.297500    2.219100
 1100.1021    2.202300    2.236600    2.186200    2.312400    2.326200    2.263500    2.184999
 1101.0480    2.231500    2.187800    2.198400    2.291500    2.292100    2.223800    2.157200
 1101.9370    2.281400    2.173400    2.235300    2.273800    2.253500    2.189100    2.136600
 1102.8270    2.317500    2.195300    2.285000    2.265700    2.217000    2.165200    2.127501
 1103.8370    2.302400    2.230400    2.334400    2.265200    2.189600    2.157600    2.138900
 1104.6710    2.254300    2.245800    2.356000    2.263800    2.182400    2.167900    2.169100
 1105.5649    2.208700    2.252100    2.355400    2.252700    2.182199    2.188700    2.216100
 1106.4611    2.195000    2.267000    2.334900    2.229200    2.179200    2.209300    2.265000
 1107.5980    2.193700    2.307899    2.293700    2.194901    2.169800    2.229300    2.313200
 1108.8571    2.195500    2.349000    2.245500    2.177100    2.169000    2.250800    2.342100
 1110.1200    2.242500    2.349300    2.213300    2.196600    2.203000    2.277700    2.351500
 1110.9630    2.288700    2.327900    2.204400    2.227800    2.249400    2.300700    2.353000
 1111.6860    2.321000    2.302999    2.202600    2.259000    2.297700    2.325000    2.355500
 1112.4110    2.339800    2.277000    2.204500    2.288600    2.345500    2.352700    2.362100
 1113.3180    2.345900    2.248600    2.212200    2.319400    2.395100    2.388000    2.377501
 1114.9540    2.333400    2.222800    2.253100    2.359800    2.441200    2.437100    2.411100
 1115.9270    2.325500    2.225400    2.302700    2.377800    2.444901    2.452200    2.421600
 1116.7180    2.318900    2.235800    2.350300    2.392500    2.440200    2.455600    2.420900
 1117.6320    2.306100    2.256500    2.399700    2.412300    2.431800    2.448200    2.409300
 1118.8530    2.275400    2.304100    2.440400    2.439800    2.423500    2.420100    2.377501
 1119.7700    2.255301    2.353000    2.450200    2.456000    2.419400    2.389800    2.344900
 1120.6899    2.258700    2.402600    2.449000    2.464900    2.412200    2.357200    2.310400
 1121.9790    2.300200    2.452200    2.447400    2.458500    2.389400    2.316500    2.271600
 1123.4561    2.349200    2.471000    2.456600    2.420800    2.346200    2.284300    2.250200
 1124.6281    2.397600    2.473300    2.458600    2.377400    2.308200    2.268300    2.245399
 1125.4930    2.446700    2.476700    2.447701    2.346100    2.285400    2.257600    2.244800
 1126.4220    2.495700    2.482100    2.421600    2.319500    2.271100    2.244500    2.244699
 1127.6620    2.525700    2.479200    2.371700    2.299400    2.268200    2.230400    2.244400
 1129.2170    2.515200    2.438700    2.321800    2.288500    2.281100    2.243999    2.258300
 1130.3390    2.506300    2.390600    2.313800    2.283800    2.299400    2.287200    2.298000
 1131.1500    2.502200    2.359600    2.318900    2.285700    2.317801    2.333500    2.345000
 1131.8380    2.493500    2.343000    2.324600    2.295000    2.337400    2.378800    2.393200
 1132.4640    2.477500    2.337100    2.328600    2.312000    2.359400    2.422000    2.440200
 1133.0900    2.453100    2.338400    2.331700    2.338000    2.386200    2.464600    2.487500
 1133.7800    2.420500    2.344800    2.337200    2.376100    2.421500    2.508900    2.537300
 1134.5341    2.388400    2.354300    2.351900    2.425900    2.466500    2.552400    2.586800
 1135.2260    2.372700    2.365000    2.378400    2.474900    2.511700    2.587500    2.626500
 1135.9180    2.374000    2.380400    2.419200    2.523300    2.558400    2.618299    2.660300
 1136.5490    2.386400    2.401800    2.466400    2.564500    2.600100    2.643400    2.686300
 1137.1169    2.402000    2.429399    2.513600    2.598600    2.635900    2.664400    2.706300
 1137.6851    2.418600    2.465000    2.561400    2.629700    2.669100    2.684600    2.723900
 1138.2540    2.435700    2.506800    2.607000    2.658200    2.699400    2.704800    2.739799
 1138.8240    2.455100    2.551900    2.648300    2.684600    2.726600    2.725300    2.755000
 1139.3940    2.480200    2.597400    2.684500    2.709600    2.750800    2.746500    2.770100
 1140.0291    2.517600    2.645700    2.718500    2.736400    2.774600    2.771100    2.787500
 1140.6630    2.564700    2.689900    2.747100    2.763000    2.795900    2.796600    2.806200
 1141.2360    2.612600    2.725600    2.769500    2.786900    2.813800    2.820000    2.824200
 1141.8080    2.662000    2.757800    2.790300    2.811000    2.831200    2.843200    2.843400
 1142.3810    2.709700    2.787100    2.810900    2.834900    2.848700    2.865900    2.863400
 1143.0190    2.758400    2.817300    2.834900    2.861100    2.868900    2.889900    2.886200
 1143.7209    2.805600    2.848600    2.863200    2.888900    2.891900    2.914300    2.911000
 1144.5520    2.853000    2.883900    2.898700    2.919900    2.920000    2.939800    2.938500
 1145.5760    2.901800    2.925800    2.942600    2.954500    2.954000    2.965700    2.967000
 1146.7310    2.950000    2.971300    2.986600    2.987500    2.987600    2.986800    2.989000
 1147.8879    2.997700    3.013100    3.020200    3.012200    3.011000    2.998600    2.998200
 1149.0470    3.045400    3.047200    3.040300    3.026300    3.020100    3.000100    2.994400
 1150.7260    3.095100    3.069300    3.042300    3.022200    3.004800    2.982400    2.967200
 1152.3450    3.090000    3.045000    3.009501    2.984400    2.958400    2.940800    2.918600
 1153.4480    3.047800    2.998900    2.964900    2.938200    2.910800    2.897500    2.874200
 1154.2280    2.999000    2.952100    2.921900    2.895800    2.870300    2.859400    2.837800
 1154.8140    2.952900    2.909800    2.883500    2.859100    2.836400    2.826800    2.807800
 1155.3350    2.905700    2.867500    2.845100    2.823100    2.804000    2.795200    2.779200
 1155.7910    2.859500    2.827100    2.808400    2.789300    2.774000    2.765500    2.752700
 1156.1830    2.816500    2.790300    2.774800    2.758700    2.747000    2.738600    2.728900
 1156.5750    2.770600    2.751500    2.739500    2.726700    2.718800    2.710600    2.704100
 1156.9670    2.722100    2.711000    2.702500    2.693600    2.689500    2.681400    2.678200
 1157.2930    2.679900    2.675900    2.670600    2.665100    2.664300    2.656300    2.655900
 1157.6210    2.636400    2.639800    2.637800    2.635900    2.638200    2.630600    2.632800
 1157.9480    2.591500    2.602700    2.604300    2.606100    2.611400    2.604200    2.609000
 1158.2750    2.545200    2.564600    2.570300    2.575800    2.583800    2.577300    2.584400
 1158.6030    2.497800    2.525600    2.535600    2.545000    2.555400    2.549900    2.559200
 1158.9310    2.449600    2.485800    2.500600    2.513700    2.526400    2.522100    2.533300
 1159.2590    2.400900    2.445300    2.465300    2.482000    2.496700    2.493900    2.506800
 1159.5870    2.352200    2.404200    2.429700    2.449800    2.466300    2.465500    2.479700
 1159.9150    2.303800    2.362700    2.393900    2.417400    2.435300    2.436900    2.452200
 1160.2440    2.255700    2.320800    2.357800    2.384600    2.403800    2.408100    2.424100
 1160.5730    2.208100    2.278700    2.321700    2.351500    2.371799    2.379300    2.395700
 1160.9010    2.161300    2.236700    2.285400    2.318100    2.339400    2.350400    2.367000
 1161.2310    2.115300    2.194800    2.249100    2.284500    2.306700    2.321600    2.338000
 1161.5601    2.070601    2.153400    2.212800    2.250800    2.273800    2.292700    2.308900
 1161.8890    2.026900    2.112500    2.176500    2.216900    2.240900    2.263900    2.279600
 1162.2190    1.984131    2.072500    2.140300    2.183000    2.208000    2.235200    2.250400
 1162.5490    1.942209    2.033400    2.104100    2.149100    2.175300    2.206600    2.221200
 1162.9449    1.892960    1.987970    2.061200    2.108600    2.136500    2.172300    2.186400
 1163.3409    1.844999    1.944191    2.018600    2.068400    2.098400    2.138200    2.152000
 1163.7380    1.798349    1.902060    1.976740    2.028700    2.061200    2.104300    2.118000
 1164.1350    1.752621    1.861500    1.935760    1.989540    2.025100    2.070500    2.084800
 1164.5320    1.707411    1.822309    1.895880    1.951250    1.990080    2.037000    2.052299
 1164.9301    1.662689    1.784220    1.857281    1.913980    1.956350    2.003700    2.020800
 1165.3270    1.618790    1.746981    1.820110    1.877899    1.923901    1.970791    1.990129
 1165.7920    1.568850    1.704290    1.778709    1.837481    1.887590    1.932779    1.955570
 1166.2560    1.519951    1.662161    1.739470    1.798981    1.852779    1.895350    1.922239
 1166.7209    1.471670    1.620420    1.702271    1.762369    1.819210    1.858610    1.890030
 1167.1870    1.424290    1.579010    1.666809    1.727520    1.786579    1.822710    1.858801
 1167.6530    1.378090    1.538010    1.632660    1.694170    1.754620    1.787809    1.828400
 1168.1190    1.332621    1.497681    1.599400    1.662090    1.723129    1.754061    1.798691
 1168.5850    1.287350    1.458309    1.566681    1.631001    1.691971    1.721569    1.769501
 1169.0520    1.242861    1.420170    1.534281    1.600660    1.661100    1.690451    1.740730
 1169.5861    1.194321    1.378229    1.497440    1.566580    1.626129    1.656590    1.708229
 1170.1210    1.148170    1.338100    1.460730    1.532869    1.591511    1.624571    1.676060
 1170.6560    1.103050    1.299829    1.424160    1.499380    1.557310    1.594351    1.644251
 1171.2590    1.053963    1.258850    1.383440    1.462021    1.519581    1.562361    1.609039
 1171.8621    1.008642    1.219660    1.343800    1.425220    1.483089    1.532190    1.574699
 1172.5330    0.962862    1.177509    1.301790    1.385460    1.444670    1.500280    1.537861
 1173.2720    0.916706    1.132839    1.258610    1.343531    1.405590    1.466351    1.499180
 1174.1460    0.866949    1.083504    1.211760    1.297131    1.363689    1.427000    1.456141
 1175.0890    0.820391    1.034828    1.166130    1.252001    1.322880    1.385269    1.413330
 1176.1689    0.774570    0.985987    1.118629    1.206800    1.280531    1.338659    1.369419
 1177.3190    0.731041    0.942698    1.071144    1.164061    1.238569    1.290840    1.328070
 1178.6060    0.689341    0.900805    1.022635    1.120741    1.192711    1.241119    1.285419
 1180.0320    0.661270    0.862949    0.975357    1.077332    1.144730    1.193850    1.240570
 1181.6660    0.620510    0.822121    0.932058    1.032860    1.095797    1.148970    1.193069
 1183.5100    0.594570    0.781851    0.893419    0.991186    1.050650    1.107071    1.143921
 1185.8400    0.559490    0.745079    0.855200    0.948139    1.005610    1.059866    1.094332
 1188.5930    0.532789    0.709080    0.820761    0.902866    0.958416    1.010851    1.049374
 1191.8440    0.510120    0.675400    0.787081    0.855009    0.908447    0.963211    1.006081
 1195.8800    0.479040    0.639891    0.746401    0.806311    0.859770    0.913851    0.957056
 1200.4360    0.441290    0.602240    0.697830    0.762690    0.814529    0.865360    0.907562
 1205.4530    0.413851    0.561880    0.650610    0.725309    0.776239    0.819380    0.858150
 1211.2990    0.391220    0.530790    0.611271    0.683540    0.734350    0.773849    0.808310
 1217.9270    0.355619    0.492769    0.576450    0.633551    0.686729    0.725719    0.761040
 1225.2860    0.317770    0.460520    0.533480    0.587170    0.637671    0.676100    0.716440
 1233.2550    0.298771    0.426220    0.493950    0.556540    0.598370    0.629570    0.666780
 1241.5540    0.286341    0.398911    0.469130    0.530260    0.567369    0.593031    0.616800
 1249.9650    0.260241    0.377359    0.451630    0.501659    0.537251    0.564510    0.579439
     18.00  461    7   4000.00   6000.00   8000.00  10000.00  12000.00  14000.00  16000.00
 1005.3280    0.724030    1.478300    1.661400    1.041800    0.370859    1.375999    1.762199
 1005.3770    0.839451    1.538601    1.680000    1.088699    0.717569    1.449800    1.799801
 1005.4270    0.936769    1.593599    1.698000    1.135201    0.918730    1.515499    1.835300
 1005.4760    1.021999    1.644001    1.715401    1.181200    1.063700    1.574800    1.868900
 1005.5250    1.098499    1.690599    1.732201    1.226500    1.178400    1.629101    1.901001
 1005.5750    1.168600    1.733999    1.748600    1.271200    1.274200    1.679300    1.931601
 1005.6240    1.233700    1.774500    1.764601    1.315201    1.356899    1.725800    1.960800
 1005.6730    1.294899    1.812500    1.780201    1.358500    1.430099    1.769400    1.988800
 1005.7230    1.352900    1.848200    1.795500    1.401001    1.495899    1.810301    2.015700
 1005.7720    1.408199    1.881901    1.810600    1.442801    1.555901    1.848999    2.041500
 1005.8220    1.461201    1.913799    1.825399    1.483700    1.611200    1.885500    2.066299
 1005.8710    1.512199    1.944099    1.840200    1.523899    1.662500    1.920300    2.090300
 1005.9200    1.561501    1.972799    1.854799    1.563200    1.710501    1.953400    2.113300
 1005.9700    1.609200    2.000000    1.869301    1.601799    1.755600    1.985001    2.135600
 1006.0190    1.655399    2.026000    1.883801    1.639601    1.798100    2.015300    2.157100
 1006.0690    1.700199    2.050800    1.898300    1.676500    1.838501    2.044300    2.177900
 1006.1180    1.743799    2.074400    1.912899    1.712700    1.876801    2.072100    2.198000
 1006.1680    1.786100    2.097000    1.927500    1.748199    1.913401    2.098900    2.217500
 1006.2170    1.827299    2.118600    1.942200    1.782801    1.948299    2.124599    2.236300
 1006.2660    1.867300    2.139200    1.957001    1.816700    1.981800    2.149400    2.254601
 1006.3160    1.906300    2.159000    1.971901    1.849899    2.013900    2.173400    2.272300
 1006.3650    1.944099    2.177900    1.987000    1.882299    2.044800    2.196500    2.289400
 1006.4150    1.980900    2.196100    2.002300    1.914101    2.074500    2.218700    2.306000
 1006.4640    2.016700    2.213500    2.017700    1.945101    2.103200    2.240300    2.322200
 1006.5140    2.051500    2.230200    2.033300    1.975399    2.130800    2.261100    2.337800
 1006.5630    2.085300    2.246300    2.049100    2.005100    2.157500    2.281300    2.353000
 1006.6130    2.118100    2.261700    2.065100    2.034100    2.183300    2.300800    2.367701
 1006.6620    2.149900    2.276600    2.081300    2.062400    2.208200    2.319700    2.382000
 1006.7120    2.180799    2.290900    2.097700    2.090200    2.232400    2.338000    2.395900
 1006.7610    2.210700    2.304700    2.114201    2.117200    2.255700    2.355800    2.409300
 1006.8110    2.239799    2.318000    2.130899    2.143700    2.278400    2.373000    2.422400
 1006.8600    2.267900    2.330800    2.147900    2.169600    2.300400    2.389700    2.434999
 1006.9100    2.295100    2.343200    2.164900    2.194799    2.321600    2.405800    2.447300
 1006.9590    2.321500    2.355200    2.182100    2.219500    2.342300    2.421500    2.459300
 1007.0090    2.347000    2.366899    2.199400    2.243600    2.362300    2.436700    2.470900
 1007.1080    2.395400    2.389200    2.234400    2.290100    2.400600    2.465800    2.493000
 1007.2070    2.440500    2.410300    2.269600    2.334500    2.436700    2.493200    2.513800
 1007.3060    2.482300    2.430500    2.304900    2.376699    2.470700    2.519000    2.533500
 1007.4050    2.521000    2.450000    2.340300    2.416900    2.502700    2.543200    2.551900
 1007.5040    2.556601    2.468900    2.375401    2.455100    2.532900    2.566000    2.569201
 1007.6030    2.589300    2.487400    2.410300    2.491400    2.561300    2.587500    2.585400
 1007.7020    2.618999    2.505600    2.444600    2.525800    2.588000    2.607700    2.600700
 1007.8010    2.646000    2.523800    2.478300    2.558300    2.613100    2.626600    2.615000
 1007.9500    2.681400    2.550900    2.527400    2.603900    2.647900    2.652900    2.634800
 1008.0990    2.711100    2.578200    2.574400    2.645600    2.679501    2.676701    2.652700
 1008.2480    2.735500    2.605800    2.619101    2.683599    2.708000    2.698200    2.669000
 1008.3970    2.755000    2.633699    2.661000    2.718100    2.733600    2.717700    2.683800
 1008.5460    2.770100    2.661500    2.700200    2.749200    2.756599    2.735100    2.697200
 1008.7450    2.784300    2.698400    2.747700    2.785700    2.783200    2.755600    2.713200
 1008.9430    2.792800    2.734200    2.789700    2.816800    2.805799    2.773100    2.727400
 1009.1920    2.797600    2.776400    2.834300    2.848700    2.828900    2.791400    2.743299
 1009.4900    2.798300    2.821199    2.876400    2.877399    2.850000    2.808900    2.760400
 1009.8890    2.797500    2.868100    2.913900    2.901900    2.868900    2.826600    2.781600
 1010.7360    2.812600    2.911600    2.934500    2.915500    2.886499    2.854800    2.829200
 1011.4350    2.844300    2.905400    2.915600    2.907800    2.892900    2.880899    2.876400
 1012.0350    2.892600    2.902000    2.901000    2.903200    2.901700    2.908300    2.920000
 1012.4350    2.937000    2.913800    2.901800    2.904800    2.910400    2.927299    2.947701
 1012.8350    2.983300    2.938200    2.912400    2.910600    2.921200    2.945400    2.972200
 1013.3870    3.033100    2.983800    2.939000    2.925100    2.938700    2.967700    2.998899
 1013.9890    3.056000    3.033700    2.977300    2.952000    2.963300    2.990601    3.020200
 1014.5920    3.058900    3.073299    3.024400    2.997100    3.000600    3.018700    3.041000
 1015.0440    3.070000    3.095400    3.066299    3.044800    3.040700    3.048500    3.063300
 1015.4470    3.095000    3.111000    3.106900    3.094600    3.085000    3.083600    3.091800
 1015.7990    3.126300    3.123000    3.142600    3.140400    3.128700    3.121300    3.124400
 1016.1520    3.161600    3.134800    3.176100    3.185101    3.174800    3.164700    3.163900
 1016.5050    3.197400    3.148900    3.205600    3.226400    3.221100    3.212100    3.208600
 1016.8580    3.232000    3.169000    3.230400    3.262800    3.266100    3.261400    3.256500
 1017.2120    3.265000    3.198800    3.251500    3.294300    3.308500    3.310200    3.305500
 1017.5660    3.296600    3.240601    3.271700    3.321700    3.347600    3.356600    3.353500
 1017.8690    3.322599    3.284900    3.292000    3.343300    3.378201    3.393300    3.392700
 1018.1730    3.347600    3.334200    3.318200    3.364901    3.406100    3.426400    3.429300
 1018.4260    3.368100    3.376600    3.346100    3.384100    3.427700    3.451200    3.457300
 1018.7300    3.394200    3.426100    3.387300    3.410100    3.451900    3.477700    3.487600
 1019.0340    3.424700    3.471900    3.435400    3.440300    3.475100    3.501101    3.514400
 1019.2880    3.455300    3.506400    3.478500    3.469100    3.494500    3.518800    3.534200
 1019.5410    3.491100    3.537400    3.522300    3.500900    3.514700    3.535700    3.552000
 1019.7950    3.530500    3.565400    3.564899    3.535000    3.536300    3.552299    3.568501
 1020.1000    3.579300    3.596100    3.612700    3.578000    3.564899    3.573200    3.587500
 1020.4050    3.625800    3.625900    3.655300    3.621600    3.596900    3.596500    3.607500
 1020.7610    3.673700    3.662500    3.698000    3.671500    3.639100    3.628600    3.634399
 1021.1170    3.714400    3.703700    3.734000    3.719400    3.686300    3.667900    3.668400
 1021.4230    3.745700    3.743299    3.761300    3.759000    3.730700    3.708400    3.705100
 1021.7290    3.777100    3.786000    3.788100    3.798200    3.778600    3.755899    3.750000
 1021.9830    3.806000    3.823100    3.812500    3.831900    3.821500    3.801100    3.794000
 1022.1880    3.832200    3.853400    3.835200    3.860300    3.858100    3.841000    3.833600
 1022.3920    3.861300    3.884300    3.862100    3.890900    3.897000    3.884200    3.877100
 1022.5960    3.893200    3.916100    3.894300    3.924500    3.938499    3.930901    3.924500
 1022.7490    3.918800    3.941200    3.922600    3.952200    3.971700    3.968200    3.962800
 1022.9020    3.945499    3.967600    3.954700    3.982600    4.006900    4.007700    4.003500
 1023.0560    3.973500    3.996201    3.990800    4.016000    4.044300    4.049500    4.046801
 1023.2090    4.003000    4.027300    4.030900    4.052999    4.084499    4.093901    4.093000
 1023.3620    4.034400    4.061900    4.075100    4.093800    4.127700    4.141200    4.142500
 1023.4650    4.057000    4.087100    4.106800    4.123600    4.158501    4.174601    4.177401
 1023.5670    4.081100    4.114400    4.140500    4.155500    4.191200    4.209600    4.214300
 1023.6690    4.107100    4.144000    4.176100    4.189899    4.225800    4.246500    4.253099
 1023.7720    4.135500    4.176100    4.213800    4.226900    4.262800    4.285601    4.294100
 1023.8740    4.166700    4.211100    4.253799    4.266700    4.302401    4.327100    4.337700
 1023.9760    4.200900    4.249300    4.296400    4.309800    4.344900    4.371400    4.384100
 1024.0790    4.238800    4.291000    4.341801    4.356400    4.390800    4.418800    4.433599
 1024.1300    4.259200    4.313300    4.365800    4.381100    4.415100    4.443800    4.459800
 1024.1810    4.280701    4.336700    4.390600    4.406900    4.440500    4.469800    4.486900
 1024.2321    4.303300    4.361200    4.416400    4.433800    4.467000    4.496901    4.514999
 1024.2841    4.327200    4.386900    4.443300    4.461901    4.494699    4.525000    4.544200
 1024.3350    4.352301    4.413900    4.471300    4.491301    4.523600    4.554501    4.574600
 1024.3860    4.378901    4.442400    4.500600    4.522100    4.554000    4.585199    4.606400
 1024.4370    4.406900    4.472300    4.531300    4.554300    4.585800    4.617300    4.639500
 1024.4890    4.436600    4.503799    4.563400    4.588100    4.619200    4.651000    4.674100
 1024.5400    4.468100    4.537100    4.597300    4.623600    4.654301    4.686399    4.710400
 1024.5909    4.501400    4.572300    4.632900    4.660999    4.691299    4.723600    4.748400
 1024.6420    4.536900    4.609600    4.670500    4.700399    4.730400    4.762800    4.788401
 1024.6940    4.574699    4.649200    4.710400    4.742001    4.771800    4.804300    4.830600
 1024.7450    4.615000    4.691401    4.752700    4.786100    4.815701    4.848200    4.875200
 1024.7960    4.658199    4.736300    4.797800    4.832900    4.862300    4.894800    4.922400
 1024.8470    4.704599    4.784400    4.846001    4.882700    4.912001    4.944400    4.972500
 1024.8990    4.754601    4.836000    4.897699    4.935900    4.965099    4.997499    5.026000
 1024.9500    4.808701    4.891600    4.953300    4.993000    5.022200    5.054501    5.083400
 1025.0010    4.867500    4.951799    5.013500    5.054501    5.083799    5.115900    5.145100
 1025.0530    4.931700    5.017200    5.078899    5.121201    5.150600    5.182500    5.211901
 1025.1040    5.002300    5.088900    5.150600    5.193900    5.223400    5.255199    5.284700
 1025.1550    5.080600    5.168100    5.229700    5.274000    5.303699    5.335199    5.364700
 1025.2070    5.168301    5.256400    5.318000    5.363000    5.392900    5.424200    5.453700
 1025.2581    5.267799    5.356200    5.417800    5.463400    5.493700    5.524600    5.554000
 1025.3090    5.382999    5.471600    5.533100    5.579100    5.609700    5.640400    5.669600
 1025.3610    5.521100    5.609400    5.670900    5.717199    5.748199    5.778500    5.807500
 1025.4120    5.752501    5.830800    5.886499    5.928900    5.958000    5.986000    6.012600
 1025.4630    6.390300    6.421801    6.446800    6.467199    6.482000    6.496400    6.510201
 1025.5150    7.221900    7.229401    7.236000    7.241600    7.246000    7.250200    7.254300
 1025.5660    7.884800    7.886400    7.887899    7.889299    7.890400    7.891500    7.892600
 1025.6169    8.341600    8.341300    8.341100    8.341100    8.341100    8.341200    8.341100
 1025.6689    8.607800    8.606800    8.606100    8.605500    8.605000    8.604600    8.604200
 1025.7710    8.608500    8.607800    8.607200    8.606600    8.606100    8.605600    8.605200
 1025.8230    8.343200    8.343400    8.343400    8.343400    8.343300    8.343200    8.343200
 1025.8740    7.887500    7.889800    7.891600    7.892900    7.894000    7.894899    7.895900
 1025.9260    7.226601    7.234900    7.241800    7.247100    7.251500    7.255400    7.259200
 1025.9771    6.402100    6.432301    6.457500    6.476200    6.492001    6.505700    6.517700
 1026.0280    5.782499    5.850901    5.905399    5.943000    5.974899    6.001300    6.023200
 1026.0800    5.560900    5.635099    5.694500    5.734400    5.769100    5.797501    5.820200
 1026.1310    5.428400    5.500900    5.559900    5.598900    5.633699    5.662100    5.684200
 1026.1830    5.317900    5.388900    5.447400    5.485600    5.520500    5.548901    5.570400
 1026.2340    5.222300    5.292000    5.350000    5.387400    5.422300    5.450800    5.471800
 1026.2850    5.137800    5.206400    5.263700    5.300400    5.335300    5.363900    5.384501
 1026.3370    5.062000    5.129499    5.186200    5.222300    5.257100    5.285800    5.306000
 1026.3879    4.993200    5.059700    5.115800    5.151300    5.185900    5.214800    5.234600
 1026.4399    4.930201    4.995800    5.051200    5.086201    5.120600    5.149600    5.169200
 1026.4910    4.872000    4.936800    4.991500    5.026100    5.060200    5.089399    5.108800
 1026.5430    4.817900    4.882100    4.935900    4.970200    5.004100    5.033400    5.052700
 1026.5940    4.767400    4.830900    4.883900    4.918000    4.951600    4.981100    5.000299
 1026.6460    4.719999    4.782900    4.835100    4.869101    4.902201    4.931900    4.951099
 1026.6970    4.675301    4.737700    4.789000    4.822900    4.855700    4.885600    4.904699
 1026.7480    4.633101    4.695000    4.745399    4.779301    4.811600    4.841700    4.861000
 1026.8000    4.593000    4.654400    4.703899    4.737900    4.769700    4.800000    4.819500
 1026.8510    4.554900    4.615800    4.664300    4.698500    4.729900    4.760400    4.780001
 1026.9030    4.518600    4.578899    4.626500    4.660900    4.691800    4.722500    4.742400
 1026.9540    4.483800    4.543700    4.590300    4.625000    4.655399    4.686200    4.706400
 1027.0060    4.450600    4.509800    4.555600    4.590600    4.620399    4.651400    4.672000
 1027.0570    4.418600    4.477301    4.522200    4.557500    4.586901    4.618000    4.639000
 1027.1090    4.387899    4.446000    4.489901    4.525700    4.554501    4.585800    4.607300
 1027.1600    4.358300    4.415800    4.458799    4.495100    4.523399    4.554700    4.576700
 1027.2120    4.329800    4.386600    4.428801    4.465500    4.493299    4.524600    4.547200
 1027.2629    4.302200    4.358400    4.399700    4.436900    4.464300    4.495600    4.518700
 1027.3149    4.275400    4.330999    4.371500    4.409201    4.436100    4.467400    4.491199
 1027.3669    4.249500    4.304399    4.344100    4.382299    4.408800    4.440100    4.464500
 1027.4180    4.224300    4.278601    4.317600    4.356200    4.382401    4.413500    4.438499
 1027.4700    4.199800    4.253500    4.291700    4.330900    4.356700    4.387700    4.413401
 1027.5730    4.152599    4.205100    4.242100    4.282200    4.307500    4.338100    4.365000
 1027.6760    4.107400    4.159000    4.195100    4.235900    4.260799    4.290900    4.319099
 1027.7791    4.064100    4.114901    4.150200    4.191700    4.216499    4.246000    4.275200
 1027.8820    4.022300    4.072500    4.107400    4.149401    4.174300    4.202900    4.233300
 1027.9850    3.981800    4.031799    4.066401    4.108900    4.134000    4.161699    4.192900
 1028.0890    3.942500    3.992400    4.027100    4.069799    4.095400    4.122100    4.153999
 1028.1920    3.904200    3.954300    3.989300    4.032101    4.058400    4.084000    4.116301
 1028.2950    3.866800    3.917300    3.952700    3.995600    4.022699    4.047400    4.079800
 1028.3979    3.830200    3.881200    3.917400    3.960200    3.988300    4.012000    4.044400
 1028.5020    3.794300    3.845900    3.882999    3.925900    3.955100    3.977700    4.009900
 1028.6050    3.758900    3.811399    3.849500    3.892400    3.922800    3.944500    3.976300
 1028.7080    3.724000    3.777400    3.816900    3.859700    3.891300    3.912400    3.943501
 1028.8120    3.689100    3.743999    3.784800    3.827800    3.860600    3.881100    3.911300
 1028.9150    3.654300    3.711000    3.753300    3.796400    3.830500    3.850600    3.879900
 1029.0179    3.619101    3.678200    3.722200    3.765600    3.800900    3.820900    3.849100
 1029.1219    3.583300    3.645600    3.691401    3.735200    3.771600    3.791800    3.818900
 1029.2250    3.546700    3.613200    3.660900    3.705200    3.742701    3.763200    3.789200
 1029.3290    3.509000    3.580700    3.630500    3.675500    3.713900    3.735100    3.760099
 1029.4320    3.470000    3.548000    3.600200    3.646000    3.685300    3.707300    3.731400
 1029.5360    3.429501    3.515100    3.569901    3.616600    3.656700    3.679900    3.703200
 1029.6390    3.387300    3.481900    3.539500    3.587400    3.628201    3.652700    3.675500
 1029.7430    3.343400    3.448100    3.508900    3.558100    3.599600    3.625600    3.648100
 1029.8459    3.297700    3.413800    3.478100    3.528900    3.570900    3.598600    3.621099
 1029.9500    3.250100    3.378700    3.447100    3.499500    3.542000    3.571700    3.594400
 1030.0530    3.200600    3.342700    3.415600    3.470000    3.513100    3.544700    3.568000
 1030.1050    3.175100    3.324300    3.399700    3.455200    3.498500    3.531200    3.554900
 1030.1570    3.149200    3.305600    3.383699    3.440300    3.483900    3.517600    3.541900
 1030.2090    3.122800    3.286700    3.367599    3.425400    3.469200    3.504000    3.528900
 1030.2610    3.095900    3.267400    3.351300    3.410400    3.454600    3.490400    3.515900
 1030.3130    3.068501    3.247800    3.334900    3.395400    3.439800    3.476800    3.503000
 1030.3640    3.040600    3.227800    3.318300    3.380199    3.425000    3.463100    3.490100
 1030.4160    3.012200    3.207400    3.301500    3.365000    3.410100    3.449400    3.477200
 1030.4680    2.983400    3.186600    3.284500    3.349700    3.395200    3.435600    3.464400
 1030.5200    2.954000    3.165400    3.267400    3.334300    3.380199    3.421700    3.451500
 1030.5720    2.924100    3.143700    3.250000    3.318900    3.365200    3.407800    3.438700
 1030.6240    2.893600    3.121600    3.232400    3.303300    3.350100    3.393800    3.425800
 1030.6760    2.862700    3.098900    3.214600    3.287600    3.334900    3.379800    3.412900
 1030.7271    2.831100    3.075700    3.196500    3.271700    3.319700    3.365601    3.400000
 1030.7791    2.799000    3.051900    3.178200    3.255800    3.304300    3.351400    3.387100
 1030.8311    2.766300    3.027600    3.159600    3.239700    3.288900    3.337200    3.374200
 1030.8831    2.733000    3.002600    3.140700    3.223500    3.273400    3.322800    3.361200
 1030.9351    2.699200    2.976900    3.121400    3.207100    3.257900    3.308400    3.348100
 1030.9871    2.664700    2.950500    3.101900    3.190599    3.242200    3.293900    3.335000
 1031.0389    2.629601    2.923400    3.082000    3.173900    3.226400    3.279300    3.321800
 1031.0909    2.593900    2.895500    3.061800    3.157000    3.210500    3.264500    3.308500
 1031.1429    2.557700    2.866800    3.041200    3.139900    3.194500    3.249701    3.295100
 1031.1949    2.520900    2.837200    3.020100    3.122499    3.178300    3.234800    3.281700
 1031.2460    2.483600    2.806601    2.998700    3.105000    3.162100    3.219800    3.268100
 1031.2980    2.445800    2.775000    2.976800    3.087200    3.145600    3.204600    3.254400
 1031.3500    2.407700    2.742400    2.954400    3.069099    3.129000    3.189400    3.240601
 1031.4020    2.369200    2.708600    2.931499    3.050800    3.112200    3.174000    3.226700
 1031.4540    2.330600    2.673600    2.908100    3.032100    3.095200    3.158400    3.212600
 1031.5060    2.291900    2.637200    2.884100    3.013100    3.078100    3.142700    3.198400
 1031.5580    2.253201    2.599400    2.859500    2.993700    3.060600    3.126900    3.184000
 1031.6100    2.214800    2.559900    2.834300    2.974000    3.043000    3.110900    3.169500
 1031.6620    2.176900    2.518700    2.808300    2.953800    3.025000    3.094700    3.154700
 1031.7140    2.139700    2.475600    2.781600    2.933200    3.006800    3.078300    3.139800
 1031.7660    2.103400    2.430300    2.754100    2.912100    2.988300    3.061800    3.124701
 1031.8180    2.068300    2.382600    2.725700    2.890500    2.969400    3.045000    3.109400
 1031.8700    2.034700    2.332000    2.696301    2.868299    2.950200    3.028000    3.093800
 1031.9220    2.002800    2.278300    2.665900    2.845500    2.930600    3.010700    3.078100
 1031.9740    1.972900    2.220800    2.634399    2.822001    2.910600    2.993200    3.062099
 1032.0260    1.945200    2.158900    2.601600    2.797800    2.890100    2.975400    3.045800
 1032.0780    1.920099    2.091600    2.567400    2.772800    2.869101    2.957300    3.029300
 1032.1300    1.897699    2.017600    2.531600    2.747000    2.847600    2.938800    3.012400
 1032.1820    1.878099    1.935101    2.494101    2.720200    2.825600    2.920100    2.995300
 1032.2340    1.861401    1.841301    2.454600    2.692400    2.802900    2.900900    2.977900
 1032.2860    1.847799    1.731501    2.412900    2.663400    2.779600    2.881300    2.960200
 1032.3380    1.837101    1.597401    2.368600    2.633200    2.755600    2.861300    2.942101
 1032.3900    1.829399    1.422001    2.321301    2.601600    2.730800    2.840900    2.923700
 1032.4420    1.824499    1.158100    2.270500    2.568501    2.705100    2.819901    2.904900
 1032.4940    1.822399    0.534880    2.215500    2.533600    2.678600    2.798300    2.885700
 1039.7810    2.676300    2.671300    2.554900    2.422400    2.244801    1.963100    0.125771
 1039.8330    2.672900    2.671100    2.557400    2.428400    2.254900    1.985300    0.834850
 1039.8860    2.669500    2.670800    2.559800    2.434200    2.264700    2.006300    1.091801
 1039.9390    2.666000    2.670400    2.562099    2.439899    2.274200    2.026200    1.252501
 1039.9919    2.662500    2.669900    2.564301    2.445400    2.283400    2.045000    1.369699
 1040.0450    2.658900    2.669300    2.566401    2.450800    2.292200    2.063000    1.462000
 1040.0970    2.655200    2.668500    2.568501    2.456100    2.300800    2.080000    1.538099
 1040.1500    2.651500    2.667700    2.570400    2.461200    2.309200    2.096200    1.602900
 1040.2030    2.647800    2.666800    2.572400    2.466200    2.317200    2.111800    1.659201
 1040.2560    2.644000    2.665800    2.574200    2.471000    2.325100    2.126699    1.708900
 1040.3090    2.640200    2.664700    2.576000    2.475800    2.332700    2.140900    1.753500
 1040.3621    2.636300    2.663500    2.577700    2.480500    2.340100    2.154500    1.793699
 1040.4139    2.632401    2.662200    2.579500    2.485100    2.347300    2.167600    1.830500
 1040.4670    2.628400    2.660800    2.581100    2.489500    2.354300    2.180201    1.864201
 1040.5200    2.624400    2.659400    2.582700    2.493900    2.361100    2.192300    1.895300
 1040.5730    2.620399    2.657800    2.584300    2.498199    2.367800    2.203900    1.924200
 1040.6260    2.616301    2.656200    2.585800    2.502399    2.374300    2.215100    1.951200
 1040.7321    2.608100    2.652600    2.588800    2.510600    2.386800    2.236300    2.000000
 1040.8370    2.599800    2.648800    2.591700    2.518400    2.398800    2.255899    2.043200
 1040.9430    2.591400    2.644500    2.594400    2.526000    2.410200    2.274200    2.081800
 1041.0490    2.583000    2.640000    2.596900    2.533200    2.421200    2.291300    2.116600
 1041.2080    2.570000    2.632500    2.600400    2.543400    2.437000    2.314700    2.162700
 1041.3669    2.556601    2.624300    2.603500    2.552800    2.451800    2.335900    2.202800
 1041.5790    2.537600    2.612100    2.606600    2.563900    2.470400    2.361100    2.248899
 1041.8440    2.511700    2.594700    2.608700    2.575300    2.491301    2.388700    2.297100
 1042.1620    2.477100    2.570300    2.607900    2.584500    2.512900    2.417500    2.344200
 1042.5861    2.428500    2.531500    2.600000    2.588900    2.534600    2.450700    2.393300
 1043.0110    2.383801    2.487100    2.583100    2.584100    2.547300    2.480100    2.430400
 1043.4360    2.347900    2.441500    2.557000    2.571199    2.551100    2.505600    2.458200
 1043.9150    2.319000    2.395100    2.517900    2.549600    2.546300    2.528300    2.480700
 1044.3940    2.300300    2.356300    2.472100    2.523200    2.534900    2.542000    2.496799
 1044.8730    2.285800    2.320499    2.424500    2.494400    2.519700    2.545000    2.509501
 1045.3530    2.271600    2.281300    2.379000    2.464400    2.502200    2.537400    2.520600
 1045.8870    2.263200    2.232000    2.331500    2.428300    2.480500    2.518800    2.531600
 1046.4220    2.270100    2.182100    2.284900    2.386200    2.455800    2.493401    2.538500
 1046.9030    2.281000    2.146100    2.241500    2.340200    2.430099    2.468200    2.537500
 1047.3311    2.283700    2.130500    2.201000    2.292100    2.403000    2.445601    2.528400
 1047.7061    2.276900    2.133600    2.164600    2.246201    2.374900    2.426400    2.513100
 1048.0820    2.262700    2.150000    2.129400    2.200300    2.341600    2.407900    2.490900
 1048.5110    2.243700    2.175600    2.095000    2.153900    2.296900    2.387200    2.457900
 1048.8870    2.232500    2.195200    2.075100    2.123400    2.253099    2.368900    2.423900
 1049.2629    2.230600    2.207200    2.068300    2.104700    2.207900    2.349300    2.387000
 1049.6930    2.235300    2.211300    2.076400    2.096900    2.160100    2.323900    2.343800
 1050.1780    2.235400    2.209000    2.098800    2.100600    2.119600    2.289100    2.297400
 1050.7159    2.214400    2.208100    2.127399    2.112400    2.098400    2.240601    2.252600
 1051.1479    2.183800    2.213700    2.146200    2.122800    2.098800    2.195200    2.223800
 1051.5800    2.155100    2.223700    2.158600    2.130600    2.109900    2.147200    2.202300
 1052.0120    2.144100    2.232900    2.164600    2.134000    2.126699    2.102200    2.187600
 1052.7150    2.164800    2.228300    2.166300    2.131200    2.155400    2.052600    2.174000
 1053.5270    2.186200    2.179501    2.180300    2.135300    2.176001    2.050500    2.161700
 1054.2860    2.170300    2.130199    2.221900    2.170700    2.176001    2.092200    2.144000
 1054.9380    2.157400    2.133500    2.259700    2.219900    2.168900    2.141800    2.125999
 1055.5909    2.185200    2.171700    2.273800    2.266800    2.170300    2.188601    2.113100
 1056.7889    2.215100    2.203600    2.224000    2.302999    2.217900    2.237500    2.124800
 1057.3890    2.169200    2.183400    2.187700    2.290500    2.252501    2.242100    2.150200
 1058.0990    2.119801    2.156200    2.172000    2.256701    2.287100    2.240300    2.193100
 1058.8101    2.156500    2.165400    2.198100    2.224100    2.304700    2.243000    2.241199
 1059.2480    2.205300    2.196700    2.225300    2.216200    2.304300    2.250401    2.268000
 1059.7419    2.245800    2.243299    2.254100    2.222100    2.293500    2.264100    2.291400
 1060.3450    2.252300    2.290600    2.276500    2.243700    2.270500    2.285600    2.306900
 1061.2240    2.202600    2.302600    2.278200    2.274600    2.241600    2.314899    2.303801
 1062.4360    2.246901    2.255800    2.256900    2.276600    2.258400    2.322800    2.279900
 1062.8770    2.292100    2.255000    2.261300    2.267600    2.276400    2.311900    2.276000
 1063.8710    2.325400    2.302500    2.307700    2.251600    2.312000    2.269700    2.287200
 1064.7560    2.275600    2.340300    2.347200    2.267200    2.322300    2.241100    2.315100
 1065.6970    2.272900    2.321700    2.340400    2.314899    2.306900    2.250600    2.346900
 1066.4189    2.320800    2.278300    2.301500    2.352600    2.284700    2.281800    2.360900
 1067.1970    2.339700    2.248899    2.252501    2.373700    2.266900    2.322599    2.357800
 1067.9760    2.290800    2.274700    2.236300    2.361600    2.269400    2.357300    2.335600
 1068.4771    2.244200    2.308100    2.252300    2.335600    2.283600    2.371600    2.314600
 1069.1470    2.218500    2.339600    2.292500    2.287600    2.313400    2.377100    2.285000
 1069.9290    2.258699    2.331200    2.336400    2.238700    2.351600    2.362700    2.257800
 1070.6560    2.304300    2.283500    2.352100    2.227300    2.375100    2.332700    2.246700
 1071.2720    2.308001    2.235800    2.339800    2.245200    2.376900    2.300900    2.250401
 1072.1130    2.270000    2.210700    2.292500    2.287100    2.349100    2.260400    2.273000
 1072.8990    2.253400    2.243000    2.247700    2.318600    2.301600    2.238900    2.303200
 1073.7430    2.283300    2.291500    2.236700    2.328000    2.251699    2.242701    2.329800
 1075.2090    2.302500    2.314600    2.285900    2.293800    2.227500    2.285100    2.331600
 1076.7350    2.313000    2.318100    2.305099    2.265400    2.266500    2.291600    2.282400
 1078.2090    2.350400    2.352500    2.294200    2.292300    2.277400    2.257100    2.233300
 1079.4020    2.302100    2.327400    2.317200    2.305000    2.260300    2.241600    2.230400
 1080.4840    2.283200    2.277700    2.348200    2.283500    2.247400    2.258101    2.252700
 1081.3970    2.330300    2.267500    2.346700    2.257100    2.255500    2.286200    2.268300
 1082.4830    2.353900    2.291800    2.297200    2.246600    2.291700    2.308500    2.268200
 1083.3420    2.334300    2.307199    2.248301    2.265500    2.320499    2.305799    2.252600
 1084.8340    2.337800    2.272800    2.219600    2.308900    2.324400    2.263100    2.203400
 1085.9850    2.355500    2.253700    2.242200    2.303300    2.283700    2.214200    2.177800
 1086.9070    2.321000    2.279900    2.246400    2.273900    2.236200    2.185400    2.187901
 1087.5420    2.273800    2.304900    2.237900    2.247800    2.207800    2.179700    2.208400
 1088.4091    2.224000    2.315500    2.222000    2.217500    2.188499    2.189800    2.241700
 1089.6250    2.229500    2.267100    2.216700    2.208400    2.191600    2.219000    2.277900
 1090.5530    2.236300    2.219000    2.246700    2.219400    2.195000    2.237700    2.288600
 1091.5990    2.221700    2.202200    2.294700    2.226400    2.189100    2.243200    2.280500
 1092.9980    2.270400    2.230800    2.315701    2.208100    2.167300    2.219900    2.249001
 1094.3409    2.314000    2.238100    2.267200    2.167300    2.166600    2.203900    2.227900
 1095.1600    2.283800    2.231100    2.217900    2.160300    2.193200    2.215800    2.224700
 1095.8630    2.233900    2.228300    2.185699    2.177299    2.227000    2.236200    2.225200
 1096.5670    2.185600    2.238501    2.172100    2.210700    2.263600    2.259501    2.226700
 1097.4490    2.159000    2.265200    2.174900    2.259800    2.305500    2.284800    2.227300
 1098.6260    2.176800    2.284500    2.186900    2.308900    2.339600    2.297300    2.219000
 1100.1021    2.202200    2.236500    2.186200    2.312300    2.326000    2.263400    2.184900
 1101.0480    2.231500    2.187799    2.198400    2.291300    2.291900    2.223800    2.157200
 1101.9370    2.281300    2.173500    2.235300    2.273700    2.253400    2.189000    2.136600
 1102.8270    2.317300    2.195300    2.284900    2.265600    2.217000    2.165200    2.127501
 1103.8370    2.302200    2.230300    2.334200    2.265100    2.189600    2.157600    2.139000
 1104.6710    2.254200    2.245700    2.355800    2.263700    2.182400    2.167900    2.169100
 1105.5649    2.208700    2.252000    2.355200    2.252501    2.182100    2.188601    2.216000
 1106.4611    2.194901    2.266900    2.334700    2.229100    2.179200    2.209200    2.264900
 1107.5980    2.193700    2.307800    2.293600    2.194901    2.169800    2.229300    2.313000
 1108.8571    2.195499    2.348900    2.245501    2.177100    2.169100    2.250700    2.342000
 1110.1200    2.242500    2.349100    2.213300    2.196600    2.203100    2.277700    2.351400
 1110.9630    2.288600    2.327800    2.204400    2.227800    2.249400    2.300600    2.352800
 1111.6860    2.320900    2.302999    2.202500    2.259000    2.297600    2.324900    2.355400
 1112.4110    2.339700    2.277000    2.204500    2.288500    2.345400    2.352600    2.362000
 1113.3180    2.345800    2.248600    2.212200    2.319300    2.394900    2.387900    2.377399
 1114.9540    2.333300    2.222800    2.253099    2.359700    2.441000    2.436900    2.410900
 1115.9270    2.325400    2.225400    2.302700    2.377700    2.444700    2.452000    2.421400
 1116.7180    2.318800    2.235800    2.350200    2.392400    2.440001    2.455400    2.420700
 1117.6320    2.306000    2.256500    2.399600    2.412200    2.431700    2.448000    2.409100
 1118.8530    2.275400    2.304000    2.440300    2.439700    2.423300    2.420000    2.377399
 1119.7700    2.255400    2.352900    2.450000    2.455900    2.419300    2.389600    2.344800
 1120.6899    2.258801    2.402500    2.448800    2.464700    2.412100    2.357100    2.310400
 1121.9790    2.300200    2.452100    2.447300    2.458300    2.389300    2.316500    2.271600
 1123.4561    2.349100    2.470900    2.456400    2.420700    2.346100    2.284300    2.250299
 1124.6281    2.397500    2.473200    2.458500    2.377300    2.308200    2.268300    2.245501
 1125.4930    2.446600    2.476600    2.447599    2.346100    2.285400    2.257600    2.244900
 1126.4220    2.495501    2.482000    2.421500    2.319600    2.271100    2.244600    2.244801
 1127.6620    2.525500    2.479100    2.371700    2.299500    2.268300    2.230600    2.244500
 1129.2170    2.515100    2.438601    2.321800    2.288600    2.281300    2.244200    2.258500
 1130.3390    2.506300    2.390600    2.313900    2.283900    2.299600    2.287400    2.298200
 1131.1500    2.502100    2.359700    2.319000    2.285900    2.317900    2.333700    2.345200
 1131.8380    2.493401    2.343200    2.324700    2.295200    2.337600    2.378901    2.393300
 1132.4640    2.477400    2.337200    2.328700    2.312201    2.359600    2.422000    2.440200
 1133.0900    2.453100    2.338500    2.331800    2.338200    2.386300    2.464700    2.487500
 1133.7800    2.420500    2.344900    2.337400    2.376300    2.421600    2.508900    2.537300
 1134.5341    2.388500    2.354400    2.352100    2.426001    2.466600    2.552401    2.586800
 1135.2260    2.372800    2.365200    2.378600    2.474900    2.511800    2.587500    2.626400
 1135.9180    2.374100    2.380500    2.419300    2.523300    2.558400    2.618299    2.660200
 1136.5490    2.386600    2.402000    2.466500    2.564500    2.600100    2.643400    2.686200
 1137.1169    2.402200    2.429600    2.513600    2.598600    2.635799    2.664400    2.706200
 1137.6851    2.418800    2.465100    2.561501    2.629700    2.669000    2.684600    2.723800
 1138.2540    2.435801    2.506900    2.607000    2.658200    2.699300    2.704700    2.739700
 1138.8240    2.455200    2.552000    2.648300    2.684500    2.726500    2.725200    2.754900
 1139.3940    2.480300    2.597400    2.684401    2.709500    2.750700    2.746500    2.770000
 1140.0291    2.517700    2.645700    2.718400    2.736300    2.774500    2.771100    2.787400
 1140.6630    2.564800    2.689800    2.747000    2.762900    2.795800    2.796500    2.806100
 1141.2360    2.612600    2.725500    2.769400    2.786800    2.813700    2.819901    2.824100
 1141.8080    2.661900    2.757700    2.790200    2.810900    2.831100    2.843100    2.843300
 1142.3810    2.709600    2.787000    2.810900    2.834800    2.848600    2.865800    2.863300
 1143.0190    2.758300    2.817200    2.834800    2.861000    2.868700    2.889800    2.886100
 1143.7209    2.805500    2.848500    2.863100    2.888800    2.891800    2.914200    2.910900
 1144.5520    2.852900    2.883699    2.898600    2.919800    2.919800    2.939700    2.938300
 1145.5760    2.901700    2.925700    2.942400    2.954400    2.953900    2.965500    2.966800
 1146.7310    2.949900    2.971100    2.986400    2.987300    2.987400    2.986600    2.988800
 1147.8879    2.997499    3.012900    3.020000    3.012000    3.010799    2.998400    2.998000
 1149.0470    3.045200    3.046900    3.040100    3.026100    3.019900    2.999900    2.994200
 1150.7260    3.094900    3.069099    3.042100    3.021900    3.004499    2.982200    2.967000
 1152.3450    3.089700    3.044800    3.009300    2.984200    2.958200    2.940599    2.918400
 1153.4480    3.047500    2.998700    2.964700    2.938000    2.910600    2.897300    2.874001
 1154.2280    2.998800    2.951900    2.921700    2.895600    2.870100    2.859200    2.837600
 1154.8140    2.952700    2.909600    2.883300    2.858900    2.836200    2.826600    2.807600
 1155.3350    2.905400    2.867300    2.844900    2.823000    2.803900    2.795000    2.779000
 1155.7910    2.859300    2.826900    2.808200    2.789100    2.773800    2.765300    2.752600
 1156.1830    2.816401    2.790100    2.774700    2.758500    2.746799    2.738501    2.728800
 1156.5750    2.770400    2.751400    2.739300    2.726600    2.718700    2.710500    2.704000
 1156.9670    2.721900    2.710900    2.702400    2.693399    2.689400    2.681300    2.678101
 1157.2930    2.679800    2.675800    2.670500    2.665000    2.664100    2.656200    2.655700
 1157.6210    2.636300    2.639700    2.637700    2.635799    2.638100    2.630500    2.632700
 1157.9480    2.591400    2.602600    2.604200    2.606000    2.611300    2.604100    2.608800
 1158.2750    2.545200    2.564500    2.570200    2.575700    2.583700    2.577200    2.584300
 1158.6030    2.497800    2.525500    2.535600    2.544900    2.555300    2.549800    2.559100
 1158.9310    2.449500    2.485700    2.500600    2.513600    2.526300    2.522000    2.533200
 1159.2590    2.400900    2.445300    2.465200    2.481900    2.496600    2.493800    2.506701
 1159.5870    2.352200    2.404200    2.429600    2.449800    2.466200    2.465400    2.479700
 1159.9150    2.303801    2.362700    2.393800    2.417300    2.435200    2.436800    2.452100
 1160.2440    2.255800    2.320800    2.357800    2.384501    2.403700    2.408100    2.424100
 1160.5730    2.208200    2.278800    2.321700    2.351400    2.371700    2.379200    2.395700
 1160.9010    2.161400    2.236700    2.285400    2.318100    2.339400    2.350400    2.367001
 1161.2310    2.115499    2.194799    2.249100    2.284500    2.306700    2.321500    2.338000
 1161.5601    2.070700    2.153400    2.212800    2.250800    2.273800    2.292700    2.308900
 1161.8890    2.027000    2.112600    2.176500    2.216900    2.240900    2.263900    2.279600
 1162.2190    1.984301    2.072599    2.140300    2.183001    2.208000    2.235200    2.250401
 1162.5490    1.942400    2.033500    2.104200    2.149100    2.175300    2.206600    2.221200
 1162.9449    1.893200    1.988100    2.061200    2.108600    2.136600    2.172300    2.186399
 1163.3409    1.845301    1.944300    2.018700    2.068399    2.098500    2.138200    2.152000
 1163.7380    1.798599    1.902201    1.976900    2.028700    2.061300    2.104300    2.118100
 1164.1350    1.752899    1.861700    1.935900    1.989599    2.025100    2.070601    2.084800
 1164.5320    1.707800    1.822500    1.896000    1.951401    1.990200    2.037000    2.052401
 1164.9301    1.663099    1.784500    1.857500    1.914101    1.956501    2.003799    2.020800
 1165.3270    1.619301    1.747200    1.820299    1.878000    1.924000    1.970900    1.990200
 1165.7920    1.569401    1.704599    1.778900    1.837700    1.887699    1.932899    1.955601
 1166.2560    1.520599    1.662500    1.739700    1.799200    1.852900    1.895500    1.922300
 1166.7209    1.472401    1.620800    1.702499    1.762600    1.819300    1.858700    1.890100
 1167.1870    1.425100    1.579500    1.667099    1.727699    1.786699    1.822901    1.858900
 1167.6530    1.379000    1.538500    1.632999    1.694401    1.754801    1.788000    1.828501
 1168.1190    1.333599    1.498199    1.599800    1.662399    1.723301    1.754200    1.798800
 1168.5850    1.288500    1.458900    1.567101    1.631300    1.692200    1.721800    1.769600
 1169.0520    1.244101    1.420900    1.534700    1.601000    1.661301    1.690701    1.740900
 1169.5861    1.195700    1.379000    1.497900    1.566900    1.626400    1.656799    1.708401
 1170.1210    1.149700    1.339001    1.461300    1.533300    1.591801    1.624800    1.676300
 1170.6560    1.104700    1.300699    1.424801    1.499800    1.557699    1.594700    1.644501
 1171.2590    1.055799    1.259899    1.384100    1.462500    1.520000    1.562700    1.609301
 1171.9290    1.005899    1.216499    1.340200    1.421801    1.479599    1.529301    1.571301
 1172.6670    0.956320    1.170401    1.294600    1.378300    1.437799    1.494400    1.531000
 1173.4730    0.907129    1.122400    1.248301    1.333200    1.396099    1.457701    1.489401
 1174.3480    0.858700    1.074100    1.202600    1.287800    1.355200    1.418499    1.447100
 1175.2920    0.814190    1.026600    1.158100    1.243900    1.315300    1.377001    1.405201
 1176.4390    0.766211    0.976841    1.108400    1.197300    1.271299    1.327900    1.359900
 1177.6570    0.722891    0.932770    1.059099    1.153299    1.227301    1.278000    1.317301
 1178.9449    0.683920    0.893080    1.012199    1.111200    1.181801    1.229900    1.275200
 1180.4399    0.654169    0.854429    0.964930    1.066799    1.132999    1.182800    1.229200
 1182.1429    0.617069    0.813431    0.922871    1.022600    1.084000    1.138399    1.180799
 1184.0570    0.588989    0.773849    0.885530    0.981529    1.040699    1.096800    1.131901
 1186.5270    0.558001    0.738050    0.847570    0.938080    0.994740    1.047899    1.083099
 1189.4210    0.531080    0.700890    0.813881    0.891970    0.945869    0.998699    1.039499
 1192.8850    0.506269    0.668301    0.779261    0.843611    0.896000    0.951300    0.994440
 1197.0680    0.471790    0.631340    0.736389    0.795710    0.848640    0.901920    0.945311
 1201.8450    0.440149    0.599199    0.686701    0.754250    0.805540    0.853380    0.895550
 1207.0870    0.418859    0.551050    0.640671    0.716379    0.766830    0.808430    0.845730
 1213.0930    0.378719    0.524010    0.604650    0.673201    0.724680    0.762609    0.796070
 1219.8130    0.351950    0.491360    0.569550    0.623550    0.675671    0.715940    0.752291
 1227.3420    0.314650    0.456169    0.525740    0.580891    0.628420    0.666059    0.706150
 1235.1890    0.301161    0.424160    0.490601    0.553480    0.593540    0.622580    0.656179
 1243.9670    0.275270    0.397039    0.467670    0.526070    0.562660    0.587219    0.606230
 1249.9650    0.266510    0.382320    0.455860    0.505421    0.540730    0.567801    0.582680
     19.00  458    7   4000.00   6000.00   8000.00  10000.00  12000.00  14000.00  16000.00
 1005.2290    0.672100    1.377399    1.638599    1.052601   -1.449760    1.260300    1.698601
 1005.2790    0.787899    1.445999    1.658199    1.091700    0.402100    1.346199    1.739000
 1005.3280    0.884800    1.507700    1.677099    1.131201    0.716301    1.421000    1.777100
 1005.3770    0.969101    1.563900    1.695200    1.170900    0.907400    1.487600    1.813101
 1005.4270    1.044500    1.615400    1.712700    1.210701    1.047501    1.547800    1.847300
 1005.4760    1.113400    1.663099    1.729700    1.250500    1.159599    1.602800    1.879801
 1005.5250    1.177200    1.707399    1.746099    1.290199    1.253799    1.653601    1.910700
 1005.5750    1.237101    1.748800    1.762100    1.329700    1.335501    1.700701    1.940399
 1005.6240    1.293900    1.787600    1.777800    1.368999    1.408001    1.744801    1.968800
 1005.6730    1.348101    1.824100    1.793100    1.407900    1.473400    1.786200    1.996000
 1005.7230    1.400101    1.858601    1.808100    1.446501    1.533199    1.825300    2.022100
 1005.7720    1.450300    1.891300    1.822901    1.484600    1.588301    1.862400    2.047400
 1005.8220    1.498899    1.922199    1.837500    1.522200    1.639500    1.897600    2.071600
 1005.8710    1.546000    1.951599    1.851999    1.559299    1.687500    1.931099    2.095000
 1005.9200    1.591801    1.979500    1.866400    1.595800    1.732700    1.963100    2.117599
 1005.9700    1.636400    2.006100    1.880699    1.631800    1.775299    1.993700    2.139400
 1006.0190    1.679899    2.031500    1.895000    1.667200    1.815800    2.023100    2.160500
 1006.0690    1.722300    2.055799    1.909201    1.702000    1.854300    2.051300    2.180901
 1006.1180    1.763599    2.078900    1.923599    1.736200    1.891001    2.078400    2.200700
 1006.1680    1.804001    2.101100    1.937901    1.769699    1.926100    2.104500    2.219800
 1006.2170    1.843300    2.122200    1.952400    1.802700    1.959801    2.129700    2.238300
 1006.2660    1.881701    2.142500    1.966999    1.834999    1.992100    2.153900    2.256300
 1006.3160    1.919201    2.162000    1.981701    1.866800    2.023300    2.177299    2.273700
 1006.3650    1.955700    2.180600    1.996500    1.897900    2.053200    2.199900    2.290600
 1006.4150    1.991301    2.198500    2.011499    1.928299    2.082100    2.221800    2.307000
 1006.4640    2.025900    2.215700    2.026700    1.958200    2.109900    2.243000    2.322900
 1006.5140    2.059600    2.232200    2.042100    1.987499    2.136900    2.263500    2.338300
 1006.5630    2.092500    2.248100    2.057600    2.016200    2.162900    2.283300    2.353300
 1006.6130    2.124400    2.263400    2.073299    2.044300    2.188100    2.302500    2.367900
 1006.6620    2.155500    2.278100    2.089200    2.071700    2.212500    2.321100    2.382000
 1006.7120    2.185699    2.292300    2.105300    2.098600    2.236200    2.339200    2.395700
 1006.7610    2.214900    2.305901    2.121600    2.125000    2.259100    2.356600    2.409000
 1006.8110    2.243401    2.319099    2.138000    2.150800    2.281300    2.373600    2.421900
 1006.8600    2.270900    2.331900    2.154600    2.175900    2.302900    2.390100    2.434500
 1006.9100    2.297700    2.344200    2.171300    2.200600    2.323800    2.406000    2.446700
 1006.9590    2.323500    2.356100    2.188300    2.224700    2.344100    2.421500    2.458500
 1007.0580    2.372800    2.378901    2.222400    2.271300    2.382900    2.451200    2.481100
 1007.1570    2.418800    2.400500    2.256800    2.315900    2.419600    2.479100    2.502399
 1007.2560    2.461600    2.421100    2.291500    2.358300    2.454100    2.505400    2.522500
 1007.3550    2.501400    2.440800    2.326300    2.398800    2.486700    2.530100    2.541400
 1007.4540    2.538100    2.459900    2.361000    2.437400    2.517400    2.553500    2.559100
 1007.5540    2.571800    2.478600    2.395400    2.474100    2.546400    2.575400    2.575800
 1007.6530    2.602700    2.496799    2.429501    2.508900    2.573700    2.596100    2.591500
 1007.8010    2.643900    2.524000    2.479500    2.557800    2.611600    2.624800    2.613200
 1007.9500    2.679000    2.551001    2.527900    2.602800    2.646100    2.650900    2.632999
 1008.0990    2.708600    2.578100    2.574300    2.644000    2.677401    2.674600    2.650900
 1008.2480    2.732900    2.605600    2.618401    2.681700    2.705700    2.696000    2.667200
 1008.3970    2.752399    2.633101    2.659900    2.715900    2.731200    2.715400    2.681900
 1008.5460    2.767600    2.660800    2.698600    2.746799    2.754000    2.732900    2.695400
 1008.7450    2.781900    2.697300    2.745700    2.783100    2.780600    2.753300    2.711400
 1008.9430    2.790600    2.732900    2.787300    2.814000    2.803200    2.770900    2.725800
 1009.1920    2.795700    2.774600    2.831600    2.845700    2.826300    2.789300    2.741800
 1009.4900    2.796800    2.819099    2.873400    2.874500    2.847500    2.806900    2.759000
 1009.8890    2.796500    2.865700    2.910900    2.899200    2.866600    2.824800    2.780400
 1010.7360    2.812000    2.909500    2.932199    2.913500    2.884800    2.853500    2.828300
 1011.4350    2.843700    2.904100    2.914300    2.906500    2.891700    2.879800    2.875299
 1012.0350    2.891800    2.901400    2.900400    2.902400    2.900700    2.907100    2.918700
 1012.4850    2.941600    2.915700    2.902200    2.904700    2.910900    2.928500    2.949500
 1012.8850    2.987000    2.941200    2.914000    2.911100    2.922000    2.946400    2.973400
 1013.4370    3.034300    2.986900    2.941401    2.926600    2.940001    2.968600    2.999500
 1014.0390    3.054900    3.035900    2.980200    2.954900    2.965600    2.992001    3.020800
 1014.6420    3.058400    3.074400    3.028000    3.001600    3.004400    3.021299    3.042601
 1015.0940    3.071600    3.096001    3.070200    3.050200    3.045600    3.052200    3.066100
 1015.4970    3.098200    3.111401    3.110701    3.100100    3.090401    3.088301    3.095699
 1015.8500    3.130100    3.123500    3.146000    3.145599    3.134200    3.126699    3.129300
 1016.2030    3.165400    3.135700    3.178900    3.189500    3.180099    3.170401    3.169400
 1016.5560    3.200900    3.150700    3.207700    3.229900    3.226000    3.217899    3.214300
 1016.9090    3.235100    3.172000    3.231900    3.265500    3.270400    3.266800    3.262100
 1017.2630    3.267900    3.203500    3.252800    3.296300    3.312099    3.315001    3.310600
 1017.6160    3.299200    3.246700    3.273701    3.323299    3.350500    3.360600    3.358000
 1017.9200    3.325000    3.291700    3.294900    3.344999    3.380600    3.396500    3.396600
 1018.2230    3.349899    3.341101    3.322400    3.366800    3.408199    3.428900    3.432400
 1018.4770    3.370600    3.382999    3.351400    3.386499    3.429399    3.453100    3.459800
 1018.7810    3.397200    3.431700    3.393600    3.413200    3.453400    3.479000    3.489400
 1019.0850    3.428699    3.476500    3.442101    3.444201    3.476700    3.502000    3.515600
 1019.3380    3.460300    3.510201    3.485200    3.473400    3.496300    3.519600    3.535000
 1019.5920    3.496700    3.540501    3.528500    3.505600    3.516700    3.536500    3.552600
 1019.8970    3.544400    3.573100    3.578500    3.547000    3.543400    3.556800    3.572200
 1020.2020    3.592501    3.603400    3.624400    3.590099    3.573100    3.578500    3.591600
 1020.5070    3.637300    3.633400    3.665000    3.633300    3.606400    3.603001    3.612500
 1020.8630    3.682899    3.671101    3.705500    3.682500    3.649900    3.637100    3.641399
 1021.2190    3.721900    3.713699    3.740100    3.729700    3.698400    3.678801    3.677999
 1021.5250    3.752900    3.754300    3.767099    3.769000    3.743800    3.721500    3.717400
 1021.8310    3.785200    3.797600    3.794600    3.808500    3.792800    3.771400    3.765100
 1022.0860    3.815701    3.835000    3.820800    3.842899    3.836901    3.818501    3.811501
 1022.2900    3.843300    3.865499    3.845500    3.872300    3.874500    3.859900    3.852900
 1022.4940    3.873800    3.896800    3.875000    3.904400    3.914600    3.904800    3.898300
 1022.6980    3.906900    3.929399    3.910400    3.939899    3.957600    3.953100    3.947701
 1022.8510    3.933100    3.955400    3.941200    3.969400    3.992001    3.991800    3.987500
 1023.0040    3.960600    3.983200    3.975800    4.001801    4.028700    4.032700    4.029800
 1023.1580    3.989500    4.013400    4.014500    4.037500    4.067900    4.076099    4.075000
 1023.3110    4.020200    4.046700    4.057100    4.077000    4.110001    4.122300    4.123199
 1023.4130    4.042100    4.071000    4.087900    4.105801    4.139999    4.154900    4.157300
 1023.5160    4.065400    4.097300    4.120501    4.136600    4.171600    4.189000    4.193200
 1023.6180    4.090401    4.125700    4.155001    4.169701    4.205299    4.225000    4.230900
 1023.7200    4.117599    4.156500    4.191500    4.205299    4.241000    4.262899    4.270800
 1023.8230    4.147300    4.190001    4.230300    4.243700    4.279301    4.303200    4.313100
 1023.9250    4.179900    4.226500    4.271400    4.285000    4.320300    4.346001    4.358000
 1024.0280    4.215900    4.266300    4.315300    4.329800    4.364400    4.391700    4.405900
 1024.0790    4.235300    4.287701    4.338400    4.353500    4.387800    4.415800    4.431000
 1024.1300    4.255700    4.309999    4.362400    4.378300    4.412100    4.440800    4.457100
 1024.1810    4.277201    4.333300    4.387199    4.403999    4.437500    4.466801    4.484200
 1024.2321    4.299800    4.357800    4.413000    4.430901    4.464001    4.493900    4.512300
 1024.2841    4.323600    4.383500    4.439800    4.459000    4.491700    4.522100    4.541500
 1024.3350    4.348700    4.410500    4.467800    4.488400    4.520599    4.551400    4.571899
 1024.3860    4.375299    4.438900    4.497100    4.519100    4.550900    4.582100    4.603600
 1024.4370    4.403299    4.468800    4.527700    4.551300    4.582700    4.614300    4.636700
 1024.4890    4.432899    4.500299    4.559800    4.585100    4.616000    4.647900    4.671300
 1024.5400    4.464399    4.533501    4.593599    4.620600    4.651199    4.683300    4.707500
 1024.5909    4.497700    4.568700    4.629200    4.657900    4.688200    4.720500    4.745501
 1024.6420    4.533100    4.606000    4.666901    4.697200    4.727200    4.759700    4.785500
 1024.6940    4.570900    4.645500    4.706699    4.738800    4.768499    4.801100    4.827600
 1024.7450    4.611200    4.687600    4.749001    4.782801    4.812300    4.844900    4.872000
 1024.7960    4.654301    4.732500    4.794001    4.829500    4.858900    4.891399    4.919200
 1024.8470    4.700700    4.780500    4.842100    4.879300    4.908501    4.941000    4.969200
 1024.8990    4.750600    4.832100    4.893700    4.932400    4.961500    4.993999    5.022600
 1024.9500    4.804700    4.887600    4.949300    4.989400    5.018499    5.050800    5.079800
 1025.0010    4.863400    4.947599    5.009399    5.050800    5.079900    5.112000    5.141300
 1025.0530    4.927600    5.013000    5.074699    5.117300    5.146500    5.178500    5.207900
 1025.1040    4.998100    5.084499    5.146200    5.189899    5.219100    5.250900    5.280500
 1025.1550    5.076300    5.163500    5.225100    5.269700    5.299100    5.330600    5.360200
 1025.2070    5.163799    5.251500    5.313100    5.358400    5.387899    5.419200    5.448700
 1025.2581    5.263100    5.351100    5.412600    5.458500    5.488100    5.519100    5.548500
 1025.3090    5.378000    5.465900    5.527400    5.573700    5.603300    5.634000    5.663099
 1025.3610    5.515500    5.603001    5.664400    5.710899    5.740200    5.770500    5.799200
 1025.4120    5.695700    5.780701    5.840900    5.886800    5.915100    5.944700    5.972300
 1025.4630    5.986600    6.055901    6.106900    6.146400    6.172600    6.198299    6.222000
 1025.5150    6.445000    6.480200    6.508500    6.531500    6.551400    6.567500    6.582100
 1025.5660    6.938400    6.947400    6.955800    6.963400    6.972799    6.978800    6.983900
 1025.6169    7.327500    7.323800    7.321700    7.320600    7.320900    7.320400    7.319500
 1025.6689    7.567000    7.558300    7.551600    7.546700    7.541400    7.537500    7.533600
 1025.7710    7.573600    7.567000    7.560700    7.555300    7.550300    7.545800    7.541900
 1025.8230    7.341100    7.341500    7.340300    7.338500    7.338600    7.336900    7.335800
 1025.8740    6.960000    6.974501    6.984301    6.990601    6.998400    7.002500    7.006900
 1025.9260    6.474899    6.514600    6.544200    6.564800    6.581600    6.595400    6.608100
 1025.9771    6.023000    6.090500    6.141800    6.177299    6.202100    6.225400    6.245700
 1026.0280    5.736200    5.813000    5.872601    5.913099    5.943100    5.970301    5.993100
 1026.0800    5.560600    5.636300    5.696199    5.736401    5.768900    5.796801    5.819400
 1026.1310    5.427700    5.501500    5.560900    5.600300    5.633699    5.661699    5.683800
 1026.1830    5.316900    5.389000    5.448000    5.486500    5.520400    5.548500    5.570100
 1026.2340    5.221100    5.291800    5.350201    5.387899    5.422100    5.450300    5.471500
 1026.2850    5.136499    5.205900    5.263700    5.300700    5.335000    5.363400    5.384100
 1026.3370    5.060500    5.128901    5.186000    5.222401    5.256701    5.285200    5.305500
 1026.3879    4.991700    5.058900    5.115400    5.151199    5.185500    5.214100    5.234100
 1026.4399    4.928600    4.994900    5.050700    5.086000    5.120100    5.148900    5.168700
 1026.4910    4.870300    4.935801    4.990800    5.025700    5.059700    5.088699    5.108200
 1026.5430    4.816200    4.881001    4.935200    4.969700    5.003500    5.032700    5.052000
 1026.5940    4.765699    4.829700    4.883200    4.917500    4.950900    4.980300    4.999500
 1026.6460    4.718201    4.781700    4.834300    4.868401    4.901501    4.931100    4.950300
 1026.6970    4.673500    4.736401    4.788099    4.822200    4.854900    4.884700    4.903900
 1026.7480    4.631300    4.693600    4.744400    4.778500    4.810801    4.840799    4.860100
 1026.8000    4.591200    4.653000    4.702900    4.737101    4.768900    4.799100    4.818600
 1026.8510    4.553101    4.614400    4.663300    4.697599    4.729100    4.759399    4.779100
 1026.9030    4.516700    4.577499    4.625500    4.660000    4.691000    4.721500    4.741500
 1026.9540    4.482000    4.542200    4.589300    4.624100    4.654500    4.685300    4.705500
 1027.0060    4.448700    4.508400    4.554501    4.589600    4.619600    4.650499    4.671101
 1027.0570    4.416700    4.475800    4.521100    4.556499    4.586000    4.617001    4.638000
 1027.1090    4.386000    4.444500    4.488900    4.524700    4.553699    4.584800    4.606300
 1027.1600    4.356400    4.414300    4.457800    4.493999    4.522500    4.553699    4.575700
 1027.2120    4.327900    4.385099    4.427700    4.464399    4.492500    4.523701    4.546200
 1027.2629    4.300301    4.356900    4.398600    4.435801    4.463400    4.494600    4.517700
 1027.3149    4.273500    4.329500    4.370399    4.408100    4.435200    4.466499    4.490100
 1027.3669    4.247601    4.302900    4.343100    4.381200    4.408000    4.439199    4.463400
 1027.4180    4.222401    4.277100    4.316500    4.355101    4.381500    4.412600    4.437400
 1027.4700    4.197900    4.252000    4.290700    4.329800    4.355801    4.386800    4.412300
 1027.5730    4.150700    4.203600    4.241100    4.281099    4.306601    4.337200    4.363900
 1027.6760    4.105600    4.157499    4.194000    4.234800    4.260000    4.290100    4.318000
 1027.7791    4.062300    4.113400    4.149200    4.190599    4.215600    4.245100    4.274200
 1027.8820    4.020500    4.071100    4.106400    4.148399    4.173400    4.202100    4.232201
 1027.9850    3.980000    4.030399    4.065400    4.107800    4.133101    4.160900    4.191800
 1028.0890    3.940701    3.991000    4.026100    4.068700    4.094500    4.121400    4.152901
 1028.1920    3.902500    3.952900    3.988200    4.031000    4.057400    4.083300    4.115300
 1028.2950    3.865100    3.915900    3.951700    3.994600    4.021800    4.046600    4.078899
 1028.3979    3.828500    3.879800    3.916300    3.959200    3.987400    4.011200    4.043500
 1028.5020    3.792700    3.844601    3.881900    3.924800    3.954100    3.977000    4.009100
 1028.6050    3.757299    3.810101    3.848499    3.891399    3.921801    3.943800    3.975500
 1028.7080    3.722401    3.776199    3.815800    3.858700    3.890300    3.911699    3.942699
 1028.8120    3.687600    3.742800    3.783700    3.826799    3.859600    3.880400    3.910601
 1028.9150    3.652700    3.709700    3.752200    3.795401    3.829400    3.849899    3.879200
 1029.0179    3.617599    3.677000    3.721100    3.764600    3.799800    3.820200    3.848400
 1029.1219    3.581900    3.644500    3.690300    3.734301    3.770599    3.791000    3.818300
 1029.2250    3.545401    3.612101    3.659800    3.704300    3.741600    3.762400    3.788700
 1029.3290    3.507800    3.579599    3.629499    3.674601    3.712900    3.734301    3.759600
 1029.4320    3.469000    3.547000    3.599199    3.645100    3.684299    3.706600    3.730900
 1029.5360    3.428699    3.514200    3.568900    3.615800    3.655800    3.679100    3.702800
 1029.6390    3.386800    3.481000    3.538600    3.586599    3.627300    3.651899    3.675100
 1029.7430    3.343201    3.447400    3.508101    3.557400    3.598700    3.624900    3.647699
 1029.8459    3.297800    3.413099    3.477400    3.528200    3.570100    3.597900    3.620700
 1029.9500    3.250600    3.378099    3.446400    3.498899    3.541400    3.571000    3.594100
 1030.0530    3.201500    3.342300    3.415000    3.469500    3.512500    3.544100    3.567699
 1030.1050    3.176300    3.323999    3.399200    3.454700    3.498000    3.530600    3.554600
 1030.1570    3.150600    3.305400    3.383300    3.439800    3.483400    3.517000    3.541600
 1030.2090    3.124400    3.286500    3.367200    3.425000    3.468800    3.503500    3.528601
 1030.2610    3.097799    3.267400    3.350901    3.410000    3.454100    3.489901    3.515600
 1030.3130    3.070700    3.247900    3.334600    3.395000    3.439400    3.476299    3.502700
 1030.3640    3.043100    3.228001    3.318000    3.379900    3.424700    3.462601    3.489799
 1030.4160    3.015100    3.207700    3.301300    3.364799    3.409901    3.448900    3.476900
 1030.4680    2.986500    3.187099    3.284400    3.349501    3.395000    3.435200    3.464100
 1030.5200    2.957500    3.166000    3.267400    3.334200    3.380100    3.421400    3.451300
 1030.5720    2.927900    3.144500    3.250100    3.318800    3.365100    3.407499    3.438400
 1030.6240    2.897900    3.122499    3.232600    3.303200    3.350100    3.393499    3.425600
 1030.6760    2.867300    3.100000    3.214800    3.287600    3.334900    3.379499    3.412701
 1030.7271    2.836200    3.077000    3.196800    3.271800    3.319799    3.365499    3.399799
 1030.7791    2.804600    3.053500    3.178600    3.255899    3.304501    3.351299    3.386900
 1030.8311    2.772400    3.029301    3.160100    3.239901    3.289101    3.337100    3.374001
 1030.8831    2.739700    3.004601    3.141300    3.223801    3.273701    3.322800    3.361000
 1030.9351    2.706400    2.979200    3.122200    3.207399    3.258200    3.308400    3.348000
 1030.9871    2.672500    2.953100    3.102800    3.191000    3.242599    3.294001    3.334900
 1031.0389    2.638100    2.926400    3.083000    3.174400    3.226900    3.279400    3.321700
 1031.0909    2.603100    2.898800    3.063000    3.157499    3.211000    3.264700    3.308400
 1031.1429    2.567600    2.870501    3.042500    3.140500    3.195100    3.250000    3.295100
 1031.1949    2.531600    2.841300    3.021600    3.123199    3.179000    3.235100    3.281700
 1031.2460    2.495100    2.811200    3.000299    3.105801    3.162800    3.220200    3.268200
 1031.2980    2.458300    2.780100    2.978600    3.088100    3.146400    3.205100    3.254499
 1031.3500    2.421100    2.748000    2.956500    3.070100    3.129900    3.189899    3.240700
 1031.4020    2.383699    2.714800    2.933800    3.051800    3.113100    3.174601    3.226900
 1031.4540    2.346100    2.680400    2.910600    3.033300    3.096200    3.159100    3.212800
 1031.5060    2.308500    2.644800    2.886900    3.014400    3.079100    3.143499    3.198700
 1031.5580    2.271000    2.607800    2.862500    2.995200    3.061800    3.127700    3.184299
 1031.6100    2.233900    2.569300    2.837600    2.975500    3.044200    3.111800    3.169900
 1031.6620    2.197200    2.529100    2.811900    2.955500    3.026400    3.095699    3.155200
 1031.7140    2.161200    2.487200    2.785600    2.935101    3.008300    3.079400    3.140300
 1031.7660    2.126101    2.443200    2.758400    2.914100    2.989901    3.062901    3.125299
 1031.8180    2.092200    2.397000    2.730400    2.892700    2.971100    3.046200    3.110001
 1031.8700    2.059600    2.348200    2.701500    2.870700    2.952000    3.029301    3.094601
 1031.9220    2.028800    2.296600    2.671600    2.848100    2.932600    3.012100    3.078899
 1031.9740    1.999800    2.241700    2.640600    2.824900    2.912700    2.994699    3.063000
 1032.0260    1.973000    2.182800    2.608300    2.800900    2.892400    2.977000    3.046801
 1032.0780    1.948500    2.119300    2.574800    2.776200    2.871600    2.959000    3.030399
 1032.1300    1.926500    2.050100    2.539800    2.750700    2.850300    2.940701    3.013599
 1032.1820    1.907101    1.973801    2.503099    2.724300    2.828500    2.922000    2.996700
 1032.2340    1.890499    1.888300    2.464600    2.696800    2.806000    2.903000    2.979400
 1032.2860    1.876699    1.790600    2.424000    2.668300    2.783000    2.883600    2.961800
 1032.3380    1.865601    1.675200    2.381001    2.638600    2.759200    2.863800    2.943800
 1032.3900    1.857399    1.532600    2.335200    2.607600    2.734700    2.843500    2.925500
 1032.4420    1.851799    1.341200    2.286200    2.575000    2.709400    2.822701    2.906900
 1032.4940    1.848801    1.035700    2.233400    2.540900    2.683200    2.801300    2.887800
 1032.5460    1.848301   -0.097111    2.175900    2.504900    2.656000    2.779400    2.868401
 1039.7810    2.674100    2.668500    2.552200    2.419700    2.242300    1.960800    0.254601
 1039.8330    2.670800    2.668300    2.554700    2.425700    2.252399    1.983000    0.859600
 1039.8860    2.667300    2.668000    2.557100    2.431601    2.262200    2.003901    1.103600
 1039.9390    2.663900    2.667600    2.559401    2.437300    2.271700    2.023700    1.259201
 1039.9919    2.660300    2.667100    2.561700    2.442801    2.280800    2.042500    1.373699
 1040.0450    2.656700    2.666500    2.563800    2.448200    2.289700    2.060400    1.464399
 1040.0970    2.653100    2.665800    2.565900    2.453400    2.298300    2.077400    1.539299
 1040.1500    2.649500    2.665000    2.567801    2.458500    2.306601    2.093700    1.603199
 1040.2030    2.645700    2.664100    2.569799    2.463500    2.314700    2.109200    1.658899
 1040.2560    2.642000    2.663100    2.571600    2.468400    2.322500    2.124001    1.708200
 1040.3090    2.638100    2.662000    2.573400    2.473200    2.330100    2.138200    1.752300
 1040.3621    2.634300    2.660800    2.575200    2.477800    2.337500    2.151800    1.792299
 1040.4139    2.630400    2.659500    2.576900    2.482400    2.344700    2.164900    1.828701
 1040.4670    2.626400    2.658200    2.578500    2.486900    2.351700    2.177500    1.862301
 1040.5200    2.622400    2.656700    2.580200    2.491199    2.358600    2.189500    1.893200
 1040.5730    2.618401    2.655200    2.581700    2.495501    2.365200    2.201200    1.922001
 1040.6260    2.614400    2.653600    2.583300    2.499800    2.371700    2.212300    1.948799
 1040.7321    2.606200    2.650000    2.586300    2.507900    2.384200    2.233500    1.997400
 1040.8370    2.597900    2.646200    2.589100    2.515700    2.396200    2.253099    2.040400
 1040.9430    2.589600    2.642000    2.591800    2.523300    2.407700    2.271400    2.078900
 1041.0490    2.581100    2.637500    2.594300    2.530500    2.418600    2.288400    2.113501
 1041.2080    2.568200    2.630100    2.597800    2.540600    2.434401    2.311900    2.159600
 1041.3669    2.554800    2.621901    2.600800    2.550000    2.449200    2.333100    2.199600
 1041.5790    2.535900    2.609800    2.603900    2.561000    2.467700    2.358400    2.245700
 1041.8440    2.510099    2.592400    2.606000    2.572300    2.488501    2.386100    2.293900
 1042.1620    2.475800    2.568100    2.605100    2.581500    2.510000    2.414900    2.341000
 1042.5861    2.427600    2.529600    2.597300    2.586000    2.531600    2.448200    2.390200
 1043.0640    2.378201    2.479900    2.577800    2.580100    2.545300    2.480800    2.431400
 1043.4890    2.343500    2.434900    2.550700    2.566600    2.548200    2.505700    2.458200
 1044.0210    2.313400    2.385000    2.506200    2.541700    2.541700    2.529300    2.482100
 1044.5000    2.296100    2.347400    2.460000    2.514900    2.529500    2.540700    2.497400
 1044.9800    2.281700    2.311200    2.413000    2.486000    2.513800    2.541300    2.509600
 1045.5129    2.266800    2.266300    2.363501    2.452200    2.493800    2.530200    2.521700
 1046.0470    2.262700    2.216400    2.316700    2.414800    2.471400    2.509399    2.531700
 1046.5820    2.272500    2.168800    2.270000    2.370399    2.445800    2.483200    2.536300
 1047.0640    2.281400    2.138500    2.226000    2.321800    2.418700    2.458000    2.532300
 1047.4919    2.280100    2.130400    2.185300    2.272200    2.389800    2.435801    2.520000
 1047.8669    2.270000    2.139300    2.149400    2.226300    2.359800    2.416900    2.501900
 1048.2960    2.251699    2.161900    2.111700    2.176600    2.318900    2.396100    2.473100
 1048.7260    2.235300    2.186200    2.083100    2.136100    2.271700    2.375401    2.437201
 1049.1021    2.229300    2.201500    2.070499    2.112300    2.227200    2.356500    2.401800
 1049.5320    2.232000    2.209200    2.072200    2.099200    2.177800    2.332500    2.359200
 1050.0160    2.235300    2.208700    2.090400    2.098700    2.132200    2.300200    2.312099
 1050.5551    2.221900    2.206500    2.118401    2.108300    2.103300    2.255301    2.265100
 1051.0400    2.191100    2.210500    2.140900    2.119699    2.098400    2.206600    2.230600
 1051.4720    2.160900    2.219600    2.154900    2.128201    2.106700    2.159500    2.207300
 1051.9041    2.144700    2.229300    2.162400    2.132700    2.122000    2.113800    2.190800
 1052.4980    2.155200    2.231600    2.165100    2.131900    2.146200    2.065400    2.177100
 1053.4730    2.184700    2.183001    2.177700    2.134000    2.173900    2.050300    2.162100
 1054.1780    2.173200    2.134900    2.213700    2.163300    2.175800    2.085000    2.146500
 1054.8290    2.156900    2.129800    2.252600    2.210200    2.169300    2.132800    2.128700
 1055.4821    2.177401    2.164000    2.271500    2.257999    2.168600    2.180201    2.114700
 1056.5160    2.221100    2.204200    2.239901    2.299600    2.202300    2.229700    2.117599
 1057.3340    2.173700    2.184999    2.190400    2.290500    2.248000    2.240499    2.147200
 1057.9900    2.123800    2.159100    2.171900    2.261499    2.280800    2.239400    2.185101
 1058.7010    2.145700    2.160700    2.191800    2.227600    2.301300    2.241000    2.232600
 1059.1390    2.192300    2.187201    2.217500    2.216900    2.303200    2.247200    2.260000
 1059.6870    2.240800    2.236800    2.249800    2.220400    2.293500    2.261300    2.287200
 1060.2900    2.252000    2.285300    2.273500    2.240499    2.271700    2.282100    2.303900
 1061.2240    2.202500    2.300700    2.276800    2.273000    2.241301    2.313100    2.302100
 1062.4910    2.251699    2.254400    2.256300    2.274400    2.259800    2.319901    2.278400
 1062.9871    2.299600    2.256900    2.263700    2.264200    2.279800    2.306499    2.275200
 1063.9260    2.321700    2.304300    2.309299    2.251101    2.311600    2.266600    2.287800
 1064.8110    2.272000    2.338800    2.346100    2.268700    2.320300    2.240400    2.315701
 1065.7531    2.275200    2.317300    2.336400    2.316500    2.304000    2.252200    2.346600
 1066.5300    2.325100    2.271200    2.293100    2.355000    2.280600    2.286500    2.359600
 1067.3640    2.332600    2.249500    2.245000    2.371700    2.265000    2.329300    2.352500
 1068.0320    2.284500    2.277300    2.237100    2.357200    2.270000    2.357200    2.331800
 1068.5890    2.235900    2.313300    2.257500    2.326700    2.287000    2.371400    2.308400
 1069.2581    2.220600    2.339400    2.298300    2.278700    2.317600    2.374100    2.279700
 1070.0959    2.270000    2.321100    2.340500    2.232800    2.356500    2.355000    2.253500
 1070.7679    2.306000    2.273600    2.349400    2.229000    2.374400    2.325700    2.246201
 1071.4399    2.301200    2.225800    2.330700    2.252200    2.371700    2.291200    2.253000
 1072.2810    2.262200    2.214200    2.280700    2.293700    2.338300    2.253600    2.278100
 1073.0680    2.255899    2.252399    2.241700    2.320800    2.289800    2.237200    2.307800
 1073.9680    2.291900    2.299400    2.240601    2.324100    2.241700    2.247200    2.332000
 1075.3781    2.298900    2.311700    2.290100    2.287500    2.229800    2.287300    2.326100
 1076.8480    2.315900    2.319700    2.302500    2.265100    2.267600    2.288200    2.276800
 1078.6630    2.337100    2.348600    2.298200    2.299700    2.270900    2.247100    2.226800
 1079.6870    2.288400    2.312500    2.324600    2.300400    2.254700    2.242400    2.234300
 1081.5690    2.337000    2.269000    2.339900    2.252501    2.258900    2.289500    2.268100
 1082.5400    2.351500    2.291900    2.292600    2.246600    2.292400    2.306900    2.265900
 1083.3990    2.331600    2.305600    2.245100    2.266300    2.319901    2.303101    2.249701
 1084.8920    2.337800    2.269900    2.219800    2.307700    2.321199    2.259501    2.201000
 1086.0420    2.352900    2.253700    2.241899    2.300200    2.279500    2.211400    2.177500
 1087.0220    2.311800    2.283300    2.244101    2.268000    2.229800    2.183300    2.190599
 1087.6570    2.264400    2.306601    2.234800    2.242200    2.203400    2.179700    2.211900
 1089.0450    2.218500    2.295400    2.213900    2.206900    2.187400    2.203700    2.261700
 1089.9730    2.234400    2.246600    2.223800    2.211200    2.192699    2.225700    2.282100
 1091.1340    2.226300    2.203000    2.273000    2.223700    2.192101    2.241899    2.284900
 1093.1140    2.275600    2.231500    2.312201    2.204000    2.165300    2.216600    2.245399
 1094.3990    2.311200    2.236700    2.262600    2.166000    2.167800    2.203800    2.226700
 1095.2190    2.278700    2.229700    2.214200    2.161100    2.195300    2.216600    2.223800
 1095.9220    2.228800    2.227900    2.183701    2.179501    2.229200    2.237100    2.224300
 1096.6851    2.179501    2.240601    2.171400    2.216400    2.268300    2.261900    2.225800
 1097.5660    2.158800    2.267200    2.175700    2.264600    2.308500    2.285700    2.225900
 1098.9800    2.183800    2.279000    2.187600    2.314000    2.340100    2.292300    2.212000
 1100.2200    2.203800    2.229200    2.186200    2.308500    2.320800    2.257600    2.180901
 1101.2850    2.242500    2.180000    2.205800    2.284900    2.280800    2.213300    2.150900
 1102.1740    2.292400    2.176600    2.247200    2.269700    2.242500    2.181300    2.133101
 1103.0640    2.317500    2.203500    2.296500    2.264100    2.208500    2.161600    2.128400
 1104.2540    2.278900    2.238900    2.345700    2.264000    2.184401    2.161200    2.152100
 1105.0880    2.229100    2.248000    2.356500    2.259000    2.181700    2.176701    2.189600
 1105.9830    2.198600    2.256200    2.345900    2.242001    2.181000    2.198200    2.238501
 1106.9399    2.194400    2.281100    2.317400    2.213700    2.175300    2.217700    2.286300
 1108.1970    2.191401    2.329300    2.269200    2.182500    2.166900    2.238400    2.328300
 1109.7590    2.224000    2.352000    2.219900    2.187300    2.189100    2.268600    2.348700
 1110.6610    2.271400    2.335400    2.206500    2.215300    2.231000    2.291100    2.351200
 1111.4449    2.310101    2.310500    2.202600    2.248000    2.280600    2.315500    2.353100
 1112.1689    2.333500    2.284800    2.203400    2.278200    2.328800    2.342100    2.358200
 1113.0150    2.344100    2.256800    2.208900    2.308800    2.378500    2.375000    2.370399
 1114.2870    2.338500    2.228700    2.230600    2.344100    2.427200    2.418400    2.396800
 1115.5010    2.327600    2.222700    2.278600    2.368900    2.443000    2.445000    2.416500
 1116.3521    2.321199    2.230200    2.327400    2.384300    2.441200    2.453000    2.420400
 1117.2050    2.312099    2.245501    2.376699    2.401400    2.434200    2.451200    2.414300
 1118.3640    2.288500    2.281800    2.426300    2.427700    2.424800    2.431900    2.390700
 1119.3420    2.262800    2.328700    2.445800    2.447500    2.420000    2.403200    2.359600
 1120.1990    2.253600    2.375700    2.448800    2.459500    2.415400    2.373600    2.328000
 1121.1801    2.271600    2.423700    2.446100    2.463600    2.404200    2.340100    2.293500
 1122.5940    2.321600    2.462600    2.449100    2.444799    2.372200    2.300900    2.260201
 1124.0730    2.371201    2.471100    2.458000    2.397700    2.325600    2.275400    2.247300
 1125.0610    2.420600    2.473400    2.453300    2.361000    2.296100    2.263400    2.245600
 1125.9270    2.470000    2.478100    2.436100    2.332700    2.277900    2.252300    2.245600
 1127.2900    2.519900    2.481000    2.387100    2.304399    2.268400    2.234900    2.245600
 1128.5950    2.521000    2.459200    2.337700    2.293000    2.275400    2.234600    2.250700
 1129.9020    2.507900    2.409700    2.315200    2.286400    2.292700    2.269300    2.281300
 1130.8380    2.503201    2.371099    2.317500    2.285800    2.311600    2.316299    2.327400
 1131.5880    2.496799    2.349000    2.323700    2.292700    2.331300    2.363300    2.376500
 1132.2130    2.484300    2.339800    2.328400    2.306300    2.351600    2.405600    2.422200
 1132.8400    2.463500    2.338600    2.331900    2.328600    2.376400    2.448200    2.469200
 1133.4670    2.435900    2.342900    2.335900    2.359600    2.406100    2.489300    2.515100
 1134.1570    2.404100    2.350800    2.345100    2.401700    2.444400    2.531200    2.562400
 1134.8480    2.380700    2.360500    2.364400    2.448999    2.487400    2.568600    2.604900
 1135.5410    2.373000    2.373000    2.397300    2.497601    2.533300    2.601500    2.641700
 1136.2340    2.380899    2.392000    2.443399    2.544400    2.579400    2.630600    2.672900
 1136.8640    2.396400    2.418000    2.493299    2.583600    2.619900    2.654600    2.696700
 1137.4330    2.412800    2.449900    2.540700    2.615900    2.654100    2.675100    2.715300
 1138.0010    2.429501    2.488800    2.587100    2.645400    2.685500    2.695200    2.731900
 1138.6340    2.449800    2.537400    2.634700    2.675400    2.716900    2.717700    2.749001
 1139.2040    2.472600    2.582700    2.672300    2.700700    2.742001    2.738700    2.764100
 1139.8380    2.506701    2.631500    2.708000    2.727700    2.766600    2.762900    2.781200
 1140.5360    2.555600    2.680901    2.740800    2.756800    2.790600    2.790500    2.801300
 1141.1080    2.602200    2.717300    2.763700    2.780700    2.808701    2.813700    2.819000
 1141.6810    2.651100    2.750000    2.784800    2.804600    2.826200    2.836800    2.837900
 1142.2540    2.698999    2.779800    2.805400    2.828500    2.843600    2.859500    2.857600
 1142.8910    2.748301    2.810400    2.829000    2.854600    2.863501    2.883699    2.880199
 1143.5930    2.796500    2.841800    2.856800    2.882500    2.886200    2.908300    2.904900
 1144.4240    2.844900    2.877200    2.891800    2.913700    2.914000    2.934299    2.932600
 1145.4480    2.894700    2.919100    2.935500    2.948600    2.948000    2.960700    2.961700
 1146.6030    2.943200    2.964500    2.980100    2.982100    2.982100    2.982700    2.984800
 1147.8240    2.993100    3.008801    3.016300    3.008801    3.007600    2.995900    2.995600
 1149.0470    3.043000    3.044701    3.037800    3.023800    3.017500    2.997601    2.992001
 1150.7260    3.092199    3.066500    3.039700    3.019500    3.002200    2.979900    2.964800
 1152.3450    3.087000    3.042300    3.006900    2.981800    2.956000    2.938400    2.916400
 1153.4480    3.044900    2.996201    2.962400    2.935801    2.908600    2.895200    2.872100
 1154.2280    2.996300    2.949600    2.919500    2.893600    2.868200    2.857200    2.835800
 1154.8140    2.950400    2.907500    2.881300    2.857000    2.834500    2.824800    2.805901
 1155.3350    2.903400    2.865400    2.843000    2.821199    2.802200    2.793300    2.777400
 1155.7910    2.857500    2.825200    2.806499    2.787500    2.772200    2.763700    2.750999
 1156.1830    2.814600    2.788500    2.773100    2.757000    2.745300    2.737000    2.727300
 1156.5750    2.768900    2.749900    2.737900    2.725100    2.717200    2.709000    2.702500
 1156.9670    2.720600    2.709500    2.701000    2.692101    2.688000    2.680000    2.676701
 1157.2930    2.678600    2.674600    2.669300    2.663700    2.662800    2.655000    2.654400
 1157.6210    2.635300    2.638600    2.636600    2.634700    2.636800    2.629300    2.631400
 1157.9480    2.590600    2.601600    2.603300    2.605000    2.610100    2.603000    2.607600
 1158.2750    2.544500    2.563601    2.569300    2.574800    2.582600    2.576200    2.583200
 1158.6030    2.497300    2.524800    2.534800    2.544000    2.554300    2.548900    2.558001
 1158.9310    2.449300    2.485200    2.499900    2.512800    2.525400    2.521200    2.532200
 1159.2590    2.400900    2.444901    2.464700    2.481200    2.495800    2.493100    2.505800
 1159.5870    2.352400    2.403900    2.429200    2.449200    2.465500    2.464800    2.478900
 1159.9150    2.304200    2.362600    2.393500    2.416800    2.434600    2.436200    2.451400
 1160.2440    2.256300    2.320900    2.357600    2.384100    2.403200    2.407600    2.423500
 1160.5730    2.209000    2.279000    2.321600    2.351100    2.371300    2.378799    2.395200
 1160.9010    2.162300    2.237100    2.285500    2.317900    2.339100    2.350100    2.366500
 1161.2310    2.116600    2.195400    2.249300    2.284400    2.306499    2.321301    2.337700
 1161.5601    2.072001    2.154200    2.213100    2.250800    2.273800    2.292500    2.308599
 1161.8890    2.028500    2.113501    2.176900    2.217000    2.240900    2.263800    2.279500
 1162.2190    1.986000    2.073700    2.140800    2.183200    2.208200    2.235100    2.250299
 1162.6150    1.936100    2.027100    2.097700    2.142800    2.169200    2.200900    2.215500
 1163.0110    1.887400    1.982201    2.054900    2.102400    2.130600    2.166800    2.180799
 1163.4070    1.840000    1.938900    2.012700    2.062500    2.092800    2.132700    2.146600
 1163.8040    1.793900    1.897200    1.971199    2.023000    2.055901    2.098900    2.112800
 1164.2010    1.748699    1.857100    1.930599    1.984200    2.020100    2.065300    2.079800
 1164.5980    1.704100    1.818399    1.891100    1.946301    1.985399    2.032000    2.047600
 1164.9960    1.660000    1.780701    1.853001    1.909401    1.952000    1.998899    2.016300
 1165.3940    1.616899    1.743799    1.816299    1.873699    1.919800    1.966101    1.985901
 1165.8580    1.567900    1.701599    1.775499    1.833700    1.883900    1.928400    1.951599
 1166.3230    1.519899    1.660000    1.736799    1.795700    1.849400    1.891201    1.918499
 1166.7880    1.472700    1.618799    1.700100    1.759600    1.816099    1.854799    1.886499
 1167.2531    1.426500    1.578100    1.665199    1.725201    1.783699    1.819201    1.855499
 1167.7190    1.381500    1.537800    1.631500    1.692200    1.752001    1.784700    1.825399
 1168.1851    1.337200    1.498199    1.598700    1.660601    1.720800    1.751301    1.795900
 1168.6520    1.293200    1.459700    1.566401    1.629900    1.689899    1.719299    1.766899
 1169.1860    1.244200    1.417299    1.529900    1.595699    1.655001    1.684299    1.734301
 1169.7200    1.197800    1.376600    1.493700    1.562099    1.620501    1.651199    1.702200
 1170.3220    1.148001    1.333099    1.453100    1.524799    1.582199    1.616100    1.666401
 1170.9240    1.099501    1.291901    1.412800    1.487801    1.544500    1.583300    1.631201
 1171.5270    1.053600    1.252701    1.373301    1.451300    1.507801    1.552500    1.596800
 1172.1970    1.007299    1.210899    1.331100    1.411600    1.468800    1.520201    1.559700
 1172.9360    0.960899    1.166500    1.287399    1.369499    1.428801    1.486200    1.520599
 1173.8101    0.911200    1.116899    1.239799    1.322701    1.385900    1.447201    1.477100
 1174.7520    0.863400    1.067900    1.193501    1.276600    1.344299    1.405899    1.433599
 1175.8311    0.817801    1.017900    1.145700    1.230301    1.301399    1.359800    1.388800
 1176.9800    0.773500    0.973400    1.098400    1.187099    1.259600    1.312300    1.346701
 1178.2670    0.732300    0.930799    1.049601    1.143499    1.214399    1.262400    1.304100
 1179.6920    0.701300    0.892300    1.002001    1.100000    1.166500    1.214001    1.259501
 1181.3250    0.662701    0.852301    0.957399    1.055201    1.117399    1.168301    1.212200
 1183.1680    0.636200    0.812700    0.918400    1.013201    1.071100    1.125700    1.163099
 1185.4280    0.601101    0.776400    0.881399    0.971300    1.027401    1.080500    1.113800
 1188.2480    0.576599    0.741301    0.846600    0.926300    0.980101    1.030600    1.067101
 1191.5660    0.555700    0.708099    0.813801    0.879299    0.930401    0.982700    1.024000
 1195.8101    0.527300    0.674500    0.773899    0.830601    0.881300    0.932899    0.974400
 1200.5770    0.493401    0.639200    0.726900    0.787800    0.836599    0.884701    0.924801
 1205.8790    0.468399    0.598000    0.680901    0.750900    0.798800    0.838600    0.875200
 1211.9449    0.443600    0.570801    0.643900    0.709700    0.756800    0.793699    0.825701
 1218.9410    0.411400    0.536699    0.608900    0.659800    0.708000    0.745501    0.779301
 1226.6810    0.380400    0.500799    0.565701    0.615999    0.660200    0.695601    0.733101
 1234.8910    0.357901    0.468500    0.529301    0.587000    0.623899    0.651199    0.683201
 1244.2690    0.329599    0.441401    0.506100    0.559401    0.593000    0.615900    0.633200
 1249.9650    0.324800    0.429001    0.496099    0.541300    0.573999    0.599400    0.613701
     20.00  431    7   4000.00   6000.00   8000.00  10000.00  12000.00  14000.00  16000.00
 1005.0320    1.304800    1.482700    1.706699    1.460400    1.235800    1.458900    1.720301
 1005.0810    1.333401    1.525200    1.723700    1.476200    1.283001    1.503901    1.752001
 1005.1310    1.361599    1.565901    1.740200    1.492399    1.328400    1.546700    1.782400
 1005.1800    1.389299    1.604799    1.756201    1.509201    1.372299    1.587400    1.811600
 1005.2290    1.416800    1.642099    1.771801    1.526501    1.414801    1.626200    1.839901
 1005.2790    1.444000    1.677900    1.787001    1.544300    1.455900    1.663401    1.867100
 1005.3280    1.471001    1.712299    1.801800    1.562599    1.495800    1.699100    1.893499
 1005.3770    1.497999    1.745300    1.816299    1.581400    1.534401    1.733299    1.919001
 1005.4270    1.524900    1.777100    1.830400    1.600700    1.571800    1.766300    1.943701
 1005.4760    1.551800    1.807699    1.844200    1.620501    1.608200    1.798201    1.967600
 1005.5250    1.578800    1.837200    1.857800    1.640600    1.643600    1.828899    1.990799
 1005.5750    1.605900    1.865499    1.871201    1.661200    1.677900    1.858601    2.013300
 1005.6240    1.633101    1.892900    1.884399    1.682100    1.711300    1.887300    2.035200
 1005.6730    1.660400    1.919201    1.897400    1.703400    1.743799    1.915100    2.056499
 1005.7230    1.687799    1.944700    1.910200    1.724899    1.775499    1.942101    2.077100
 1005.7720    1.715401    1.969200    1.922899    1.746700    1.806299    1.968201    2.097300
 1005.8220    1.743000    1.992800    1.935499    1.768700    1.836399    1.993599    2.116800
 1005.8710    1.770800    2.015699    1.948101    1.790899    1.865700    2.018200    2.135900
 1005.9200    1.798599    2.037701    1.960600    1.813299    1.894199    2.042200    2.154400
 1005.9700    1.826500    2.059000    1.973000    1.835800    1.922100    2.065500    2.172501
 1006.0190    1.854500    2.079599    1.985500    1.858299    1.949301    2.088100    2.190100
 1006.0690    1.882401    2.099400    1.997999    1.880899    1.975800    2.110100    2.207200
 1006.1180    1.910200    2.118600    2.010500    1.903500    2.001600    2.131500    2.223900
 1006.1680    1.937901    2.137199    2.023000    1.926100    2.026899    2.152300    2.240200
 1006.2170    1.965599    2.155100    2.035700    1.948700    2.051500    2.172600    2.256100
 1006.2660    1.993000    2.172400    2.048400    1.971199    2.075600    2.192400    2.271500
 1006.3160    2.020200    2.189100    2.061200    1.993599    2.099100    2.211700    2.286600
 1006.3650    2.047200    2.205299    2.073999    2.015900    2.122100    2.230400    2.301300
 1006.4150    2.073900    2.220900    2.087100    2.038000    2.144500    2.248700    2.315599
 1006.4640    2.100300    2.236100    2.100201    2.059999    2.166400    2.266500    2.329599
 1006.5140    2.126300    2.250700    2.113400    2.081900    2.187901    2.283800    2.343201
 1006.5630    2.152000    2.264900    2.126801    2.103500    2.208799    2.300700    2.356501
 1006.6130    2.177200    2.278700    2.140400    2.124900    2.229200    2.317200    2.369400
 1006.7120    2.226299    2.304900    2.167800    2.167000    2.268600    2.348900    2.394300
 1006.8110    2.273600    2.329599    2.195800    2.208099    2.306300    2.379000    2.418000
 1006.9100    2.318800    2.352900    2.224199    2.248100    2.342100    2.407600    2.440400
 1007.0090    2.361900    2.374900    2.253099    2.287001    2.376400    2.434700    2.461700
 1007.1080    2.402700    2.395900    2.282400    2.324600    2.409000    2.460500    2.481900
 1007.2070    2.441299    2.416000    2.311900    2.361000    2.440001    2.485001    2.501101
 1007.3060    2.477600    2.435300    2.341700    2.396100    2.469601    2.508200    2.519300
 1007.4050    2.511499    2.453899    2.371400    2.430000    2.497700    2.530200    2.536400
 1007.5540    2.558001    2.481000    2.416000    2.478200    2.537300    2.561100    2.560500
 1007.7020    2.599300    2.507299    2.460000    2.523399    2.573800    2.589500    2.582700
 1007.8510    2.635500    2.533199    2.503099    2.565599    2.607400    2.615700    2.603001
 1008.0000    2.666700    2.558900    2.545000    2.604900    2.638300    2.639700    2.621700
 1008.1490    2.693300    2.584499    2.585300    2.641100    2.666500    2.661600    2.638900
 1008.2980    2.715500    2.610200    2.623800    2.674500    2.692300    2.681601    2.654600
 1008.4960    2.738700    2.644400    2.671801    2.714600    2.722900    2.705600    2.673700
 1008.6950    2.755700    2.678101    2.715700    2.749800    2.749599    2.726601    2.690800
 1008.9430    2.769600    2.719000    2.764200    2.787399    2.777901    2.749300    2.709900
 1009.2420    2.778500    2.764700    2.812901    2.823500    2.805201    2.771800    2.730200
 1009.5900    2.783000    2.810900    2.856300    2.854500    2.829200    2.792800    2.751500
 1010.0880    2.788401    2.859301    2.894600    2.881200    2.851800    2.815900    2.780100
 1010.8860    2.810801    2.891100    2.909300    2.894100    2.870600    2.846300    2.828000
 1011.5850    2.847401    2.891200    2.898300    2.892799    2.882000    2.875200    2.874701
 1012.1350    2.893100    2.896500    2.893400    2.894000    2.893300    2.900499    2.912300
 1012.5850    2.939500    2.914300    2.899401    2.899500    2.905200    2.921500    2.941000
 1013.0860    2.988800    2.947200    2.917400    2.911200    2.921300    2.943800    2.968901
 1013.6880    3.027800    2.994300    2.950100    2.933800    2.944901    2.969299    2.996000
 1014.3910    3.043900    3.043700    2.998899    2.977200    2.983400    3.002300    3.024401
 1014.8930    3.054800    3.071301    3.041000    3.022400    3.022500    3.033300    3.049200
 1015.3460    3.077900    3.091600    3.082800    3.071899    3.066800    3.069500    3.079300
 1015.7490    3.109500    3.107600    3.121000    3.119400    3.112101    3.109000    3.113900
 1016.1520    3.146800    3.123600    3.157499    3.166500    3.160400    3.154699    3.155701
 1016.5050    3.180600    3.140100    3.186200    3.205200    3.203300    3.198299    3.196899
 1016.8580    3.213800    3.161900    3.211700    3.240300    3.245200    3.243401    3.240800
 1017.2120    3.245900    3.191700    3.234600    3.271500    3.285200    3.288200    3.285700
 1017.5660    3.276800    3.231200    3.257500    3.299700    3.322599    3.331200    3.329900
 1017.9200    3.306800    3.279200    3.283800    3.326200    3.357000    3.371099    3.372200
 1018.2230    3.331900    3.324600    3.311800    3.349100    3.384200    3.402300    3.406000
 1018.5270    3.357300    3.371099    3.346100    3.373800    3.409800    3.430500    3.437201
 1018.8310    3.385000    3.416100    3.386800    3.401300    3.434100    3.455900    3.465500
 1019.1360    3.417100    3.458000    3.432199    3.432301    3.458000    3.479200    3.491000
 1019.4400    3.454900    3.495900    3.480000    3.467100    3.482500    3.500999    3.514200
 1019.7440    3.497800    3.530100    3.527500    3.504900    3.508400    3.522400    3.535800
 1020.0490    3.542900    3.561501    3.572599    3.544900    3.536699    3.544600    3.556800
 1020.3540    3.586901    3.591801    3.613900    3.585899    3.567900    3.568900    3.578600
 1020.7100    3.633801    3.628201    3.656500    3.633500    3.608500    3.601400    3.607300
 1021.0660    3.674900    3.667900    3.693600    3.680099    3.653700    3.640200    3.642099
 1021.4230    3.712100    3.712100    3.727400    3.725700    3.703600    3.686600    3.685101
 1021.7290    3.744101    3.753000    3.756200    3.765100    3.750299    3.733300    3.729700
 1021.9830    3.773100    3.788700    3.782400    3.799100    3.792200    3.777300    3.773000
 1022.2390    3.805500    3.825600    3.812901    3.835500    3.837299    3.826200    3.821899
 1022.4430    3.834400    3.856200    3.841801    3.867200    3.876101    3.868999    3.865200
 1022.6470    3.865800    3.888300    3.875700    3.902100    3.917700    3.915200    3.912399
 1022.8000    3.890900    3.913799    3.904900    3.930901    3.950900    3.952200    3.950600
 1022.9530    3.917300    3.941000    3.937500    3.962299    3.986401    3.991400    3.991199
 1023.1070    3.945300    3.970400    3.973801    3.996799    4.024200    4.033000    4.034500
 1023.2600    3.975000    4.002600    4.013800    4.034901    4.064800    4.077400    4.080800
 1023.4130    4.007299    4.038300    4.057700    4.076900    4.108700    4.124800    4.130500
 1023.5160    4.030600    4.064301    4.089300    4.107400    4.140100    4.158400    4.165700
 1023.6180    4.055600    4.092501    4.122800    4.140100    4.173300    4.193800    4.202800
 1023.7200    4.082600    4.123000    4.158300    4.175301    4.208700    4.231200    4.242001
 1023.8230    4.112200    4.156099    4.196000    4.213100    4.246500    4.270700    4.283501
 1023.9250    4.144500    4.192101    4.236200    4.253799    4.287001    4.312901    4.327499
 1024.0280    4.180099    4.231300    4.279100    4.297700    4.330500    4.357800    4.374300
 1024.0790    4.199200    4.252200    4.301701    4.321000    4.353600    4.381500    4.398900
 1024.1300    4.219299    4.274200    4.325100    4.345200    4.377501    4.406000    4.424400
 1024.1810    4.240400    4.297100    4.349400    4.370399    4.402400    4.431499    4.450700
 1024.2321    4.262700    4.321100    4.374599    4.396700    4.428400    4.457900    4.478100
 1024.2841    4.286100    4.346300    4.400900    4.424100    4.455400    4.485400    4.506400
 1024.3350    4.310801    4.372800    4.428200    4.452700    4.483700    4.514000    4.535900
 1024.3860    4.336901    4.400600    4.456900    4.482600    4.513200    4.543800    4.566500
 1024.4370    4.364400    4.429800    4.486700    4.513800    4.544100    4.575000    4.598400
 1024.4890    4.393499    4.460500    4.518100    4.546500    4.576500    4.607500    4.631599
 1024.5400    4.424400    4.493000    4.550900    4.580800    4.610400    4.641600    4.666300
 1024.5909    4.457000    4.527201    4.585500    4.616700    4.646100    4.677299    4.702499
 1024.6420    4.491800    4.563400    4.621901    4.654500    4.683599    4.714800    4.740499
 1024.6940    4.528700    4.601700    4.660400    4.694300    4.723101    4.754200    4.780300
 1024.7450    4.568100    4.642400    4.701000    4.736300    4.764700    4.795700    4.822100
 1024.7960    4.610100    4.685600    4.744200    4.780600    4.808800    4.839500    4.866199
 1024.8470    4.655200    4.731700    4.790000    4.827499    4.855400    4.885900    4.912600
 1024.8990    4.703700    4.781000    4.838900    4.877300    4.904900    4.934999    4.961700
 1024.9500    4.755899    4.833700    4.891200    4.930300    4.957600    4.987200    5.013599
 1025.0010    4.812400    4.890400    4.947200    4.986900    5.013800    5.042700    5.068800
 1025.0530    4.873800    4.951600    5.007500    5.047501    5.073900    5.102100    5.127600
 1025.1040    4.940701    5.017900    5.072701    5.112500    5.138300    5.165600    5.190300
 1025.1550    5.014200    5.090000    5.143300    5.182700    5.207700    5.233800    5.257401
 1025.2070    5.095301    5.169100    5.220301    5.258600    5.282600    5.307100    5.329300
 1025.2581    5.185600    5.256100    5.304501    5.341200    5.363600    5.386200    5.406500
 1025.3090    5.286900    5.352500    5.397100    5.431000    5.451400    5.471500    5.489201
 1025.3610    5.401600    5.459900    5.499001    5.528800    5.546200    5.562901    5.577300
 1025.4120    5.532300    5.579500    5.610701    5.634501    5.647699    5.660000    5.670100
 1025.4630    5.680201    5.711100    5.731100    5.746700    5.754100    5.760799    5.765600
 1025.5150    5.841300    5.850700    5.856100    5.861200    5.861300    5.861200    5.859900
 1025.5660    6.002900    5.988100    5.977100    5.970301    5.962299    5.954900    5.947100
 1025.6169    6.144600    6.108300    6.081800    6.063700    6.047900    6.033600    6.020000
 1025.6689    6.245500    6.195100    6.157500    6.130800    6.108900    6.089200    6.071300
 1025.8230    6.197300    6.166600    6.136500    6.111600    6.090900    6.071100    6.054400
 1025.8740    6.074200    6.066400    6.051000    6.035200    6.021100    6.006500    5.994300
 1025.9260    5.923500    5.940200    5.941600    5.936600    5.930600    5.922501    5.915900
 1025.9771    5.766700    5.804100    5.821301    5.826799    5.829000    5.827600    5.826500
 1026.0280    5.619400    5.671300    5.700900    5.715099    5.724600    5.729200    5.732901
 1026.0800    5.488300    5.548700    5.587200    5.607800    5.623100    5.632500    5.640100
 1026.1310    5.373400    5.438400    5.482600    5.507600    5.527300    5.540501    5.551100
 1026.1830    5.272200    5.339500    5.387500    5.415400    5.438300    5.454500    5.467100
 1026.2340    5.182301    5.250600    5.301100    5.330800    5.356200    5.374500    5.388599
 1026.2850    5.101500    5.170200    5.222099    5.253201    5.280300    5.300400    5.315500
 1026.3370    5.028299    5.096900    5.149799    5.181601    5.210100    5.231501    5.247400
 1026.3879    4.961400    5.029699    5.083099    5.115400    5.144899    5.167400    5.183900
 1026.4399    4.899799    4.967600    5.021299    5.053900    5.084100    5.107600    5.124400
 1026.4910    4.842700    4.910000    4.963699    4.996500    5.027300    5.051600    5.068600
 1026.5430    4.789500    4.856300    4.909800    4.942801    4.973900    4.998899    5.016200
 1026.5940    4.739700    4.805901    4.859200    4.892300    4.923700    4.949200    4.966700
 1026.6460    4.693000    4.758600    4.811501    4.844700    4.876200    4.902300    4.920000
 1026.6970    4.648800    4.714001    4.766399    4.799601    4.831200    4.857800    4.875600
 1026.7480    4.607100    4.671700    4.723499    4.756900    4.788401    4.815400    4.833500
 1026.8000    4.567400    4.631500    4.682800    4.716300    4.747700    4.775101    4.793400
 1026.8510    4.529699    4.593201    4.643900    4.677600    4.708799    4.736600    4.755100
 1026.9030    4.493700    4.556700    4.606600    4.640600    4.671600    4.699699    4.718500
 1026.9540    4.459200    4.521700    4.571000    4.605101    4.635900    4.664400    4.683500
 1027.0060    4.426200    4.488200    4.536699    4.571100    4.601601    4.630400    4.649799
 1027.0570    4.394500    4.455900    4.503700    4.538401    4.568700    4.597700    4.617400
 1027.1090    4.364000    4.424900    4.471900    4.507000    4.536900    4.566100    4.586300
 1027.1600    4.334499    4.394899    4.441200    4.476601    4.506200    4.535700    4.556200
 1027.2120    4.306100    4.365900    4.411500    4.447300    4.476601    4.506200    4.527201
 1027.2629    4.278700    4.337900    4.382800    4.419001    4.448000    4.477700    4.499200
 1027.3149    4.252100    4.310801    4.354900    4.391600    4.420200    4.450000    4.472000
 1027.3669    4.226299    4.284400    4.327800    4.364901    4.393300    4.423201    4.445700
 1027.4180    4.201200    4.258801    4.301600    4.339100    4.367200    4.397100    4.420100
 1027.4700    4.176800    4.233800    4.276000    4.314000    4.341801    4.371799    4.395200
 1027.5730    4.129900    4.185900    4.226900    4.265699    4.293100    4.323000    4.347500
 1027.6760    4.085100    4.140200    4.180201    4.219800    4.246799    4.276501    4.302100
 1027.7791    4.042100    4.096500    4.135700    4.176001    4.202900    4.232201    4.258801
 1027.8820    4.000700    4.054501    4.093201    4.134100    4.160900    4.189800    4.217400
 1027.9850    3.960700    4.014100    4.052401    4.093800    4.120800    4.149200    4.177500
 1028.0890    3.921801    3.975100    4.013300    4.055099    4.082399    4.110100    4.139200
 1028.1920    3.883900    3.937300    3.975500    4.017700    4.045401    4.072400    4.102100
 1028.2950    3.847000    3.900600    3.939000    3.981501    4.009700    4.036100    4.066200
 1028.3979    3.810801    3.864799    3.903700    3.946500    3.975400    4.000999    4.031300
 1028.5020    3.775300    3.829900    3.869400    3.912399    3.942101    3.967000    3.997400
 1028.6050    3.740300    3.795700    3.836000    3.879200    3.909700    3.934000    3.964399
 1028.7080    3.705700    3.762100    3.803400    3.846701    3.878201    3.902000    3.932100
 1028.8120    3.671300    3.729000    3.771400    3.815001    3.847500    3.870800    3.900600
 1028.9150    3.636900    3.696301    3.740000    3.783899    3.817400    3.840401    3.869699
 1029.0179    3.602301    3.664000    3.709100    3.753400    3.787900    3.810699    3.839500
 1029.1219    3.567300    3.631900    3.678600    3.723300    3.758801    3.781700    3.809800
 1029.2250    3.531700    3.599899    3.648399    3.693600    3.730000    3.753201    3.780701
 1029.3290    3.495399    3.568000    3.618299    3.664200    3.701600    3.725100    3.752000
 1029.4320    3.458099    3.535999    3.588400    3.635099    3.673400    3.697500    3.723801
 1029.5360    3.419701    3.503799    3.558599    3.606200    3.645300    3.670200    3.696100
 1029.6390    3.380000    3.471399    3.528800    3.577400    3.617300    3.643100    3.668700
 1029.7430    3.339001    3.438601    3.498899    3.548700    3.589300    3.616301    3.641700
 1029.8459    3.296600    3.405399    3.468800    3.520000    3.561300    3.589600    3.615100
 1029.9500    3.252800    3.371500    3.438601    3.491301    3.533300    3.563100    3.588699
 1030.0530    3.207399    3.337000    3.408100    3.462500    3.505199    3.536600    3.562600
 1030.1570    3.160700    3.301701    3.377200    3.433701    3.477000    3.510000    3.536699
 1030.2610    3.112500    3.265400    3.345900    3.404600    3.448700    3.483500    3.511000
 1030.3640    3.062799    3.228100    3.314199    3.375401    3.420200    3.456800    3.485500
 1030.4160    3.037399    3.209000    3.298100    3.360701    3.405900    3.443399    3.472799
 1030.4680    3.011700    3.189600    3.281900    3.345900    3.391500    3.430000    3.460000
 1030.5200    2.985701    3.169900    3.265500    3.330999    3.377100    3.416600    3.447300
 1030.5720    2.959200    3.149799    3.248899    3.316100    3.362600    3.403100    3.434600
 1030.6240    2.932500    3.129300    3.232201    3.301001    3.348101    3.389600    3.421900
 1030.6760    2.905300    3.108500    3.215300    3.285900    3.333500    3.375999    3.409201
 1030.7271    2.877900    3.087299    3.198200    3.270700    3.318900    3.362400    3.396500
 1030.7791    2.850100    3.065599    3.180901    3.255400    3.304100    3.348700    3.383801
 1030.8311    2.821899    3.043500    3.163300    3.239901    3.289400    3.334900    3.371000
 1030.8831    2.793500    3.021000    3.145599    3.224400    3.274500    3.321100    3.358300
 1030.9351    2.764700    2.998000    3.127600    3.208700    3.259501    3.307199    3.345400
 1030.9871    2.735600    2.974400    3.109301    3.192900    3.244500    3.293301    3.332600
 1031.0389    2.706300    2.950399    3.090799    3.176900    3.229401    3.279200    3.319600
 1031.0909    2.676701    2.925800    3.072001    3.160800    3.214200    3.265100    3.306700
 1031.1429    2.646800    2.900700    3.052900    3.144500    3.198800    3.250900    3.293600
 1031.1949    2.616800    2.874900    3.033501    3.128000    3.183400    3.236600    3.280500
 1031.2460    2.586599    2.848600    3.013800    3.111401    3.167800    3.222200    3.267300
 1031.2980    2.556400    2.821600    2.993700    3.094500    3.152201    3.207700    3.254000
 1031.3500    2.526100    2.793900    2.973300    3.077499    3.136300    3.193100    3.240700
 1031.4020    2.495800    2.765500    2.952499    3.060200    3.120300    3.178400    3.227200
 1031.4540    2.465600    2.736300    2.931300    3.042601    3.104200    3.163600    3.213600
 1031.5060    2.435699    2.706400    2.909700    3.024799    3.087900    3.148701    3.199900
 1031.5580    2.406000    2.675700    2.887600    3.006701    3.071400    3.133600    3.186100
 1031.6100    2.376699    2.644100    2.865100    2.988300    3.054700    3.118401    3.172100
 1031.6620    2.347900    2.611600    2.842100    2.969601    3.037800    3.103001    3.158100
 1031.7140    2.319600    2.578199    2.818501    2.950600    3.020700    3.087500    3.143800
 1031.7660    2.292200    2.543700    2.794500    2.931100    3.003300    3.071800    3.129400
 1031.8180    2.265500    2.508200    2.769800    2.911301    2.985701    3.055901    3.114901
 1031.8700    2.239901    2.471500    2.744400    2.891100    2.967800    3.039900    3.100100
 1031.9220    2.215300    2.433500    2.718500    2.870399    2.949600    3.023600    3.085199
 1031.9740    2.191900    2.394300    2.691700    2.849199    2.931100    3.007200    3.070100
 1032.0260    2.169800    2.353600    2.664200    2.827499    2.912200    2.990499    3.054800
 1032.0780    2.149099    2.311399    2.635900    2.805201    2.893000    2.973600    3.039300
 1032.1300    2.129900    2.267600    2.606600    2.782400    2.873400    2.956400    3.023600
 1032.1820    2.112200    2.221900    2.576400    2.758900    2.853400    2.938900    3.007700
 1032.2340    2.096100    2.174200    2.545100    2.734700    2.833000    2.921200    2.991500
 1032.2860    2.081699    2.124300    2.512700    2.709800    2.812099    2.903100    2.975000
 1032.3380    2.069000    2.072001    2.478900    2.684000    2.790600    2.884700    2.958300
 1032.3900    2.057899    2.016900    2.443700    2.657400    2.768700    2.866000    2.941299
 1032.4420    2.048600    1.958700    2.407000    2.629700    2.746099    2.846900    2.924000
 1032.4940    2.040900    1.896900    2.368500    2.601100    2.723000    2.827400    2.906500
 1032.5460    2.034800    1.830999    2.328100    2.571301    2.699100    2.807400    2.888500
 1032.5980    2.030399    1.760300    2.285400    2.540200    2.674500    2.787001    2.870300
 1032.6500    2.027500    1.683901    2.240200    2.507700    2.649200    2.766100    2.851700
 1032.7020    2.026100    1.600399    2.192101    2.473700    2.623000    2.744699    2.832700
 1032.7550    2.026100    1.508200    2.140500    2.437901    2.595900    2.722600    2.813200
 1032.8070    2.027500    1.404499    2.084800    2.400200    2.567699    2.700000    2.793400
 1032.8590    2.030200    1.285500    2.024300    2.360200    2.538500    2.676701    2.773100
 1032.9110    2.034000    1.144001    1.957600    2.317699    2.507999    2.652700    2.752300
 1032.9630    2.039000    0.966400    1.883301    2.272300    2.476200    2.627900    2.731000
 1033.0150    2.045000    0.719299    1.798800    2.223300    2.442900    2.602301    2.709100
 1033.0670    2.051800    0.267900    1.700399    2.170200    2.407900    2.575800    2.686700
 1039.7280    2.655300    2.641000    2.522900    2.387600    2.208000    1.917400    0.193100
 1039.7810    2.652100    2.641000    2.525700    2.393800    2.218201    1.940201    0.807301
 1039.8330    2.648900    2.640900    2.528299    2.399799    2.228200    1.961599    1.052700
 1039.8860    2.645599    2.640699    2.530800    2.405600    2.237801    1.981899    1.208799
 1039.9390    2.642300    2.640400    2.533199    2.411301    2.247100    2.001101    1.323700
 1039.9919    2.638900    2.639999    2.535601    2.416800    2.256200    2.019400    1.414600
 1040.0450    2.635500    2.639500    2.537800    2.422200    2.264900    2.036699    1.489799
 1040.0970    2.632000    2.638900    2.540000    2.427401    2.273399    2.053300    1.554001
 1040.1500    2.628500    2.638200    2.542000    2.432500    2.281700    2.069201    1.609800
 1040.2030    2.625000    2.637400    2.544001    2.437500    2.289700    2.084300    1.659300
 1040.2560    2.621400    2.636499    2.546000    2.442300    2.297501    2.098900    1.703701
 1040.3090    2.617701    2.635500    2.547800    2.447100    2.305000    2.112801    1.743900
 1040.3621    2.614000    2.634399    2.549700    2.451700    2.312400    2.126101    1.780600
 1040.4139    2.610300    2.633300    2.551400    2.456200    2.319600    2.139000    1.814301
 1040.4670    2.606501    2.632000    2.553101    2.460700    2.326500    2.151300    1.845501
 1040.5200    2.602700    2.630700    2.554800    2.465000    2.333300    2.163200    1.874500
 1040.5730    2.598801    2.629300    2.556400    2.469200    2.339900    2.174601    1.901600
 1040.6790    2.591000    2.626200    2.559401    2.477400    2.352700    2.196301    1.950701
 1040.7850    2.583099    2.622800    2.562300    2.485200    2.364901    2.216400    1.994400
 1040.8900    2.575100    2.618999    2.564899    2.492701    2.376500    2.235200    2.033501
 1040.9960    2.566900    2.614901    2.567500    2.499800    2.387600    2.252800    2.068700
 1041.1550    2.554399    2.608100    2.570800    2.509800    2.403299    2.277000    2.115700
 1041.3140    2.541600    2.600599    2.573700    2.519100    2.418100    2.299000    2.156900
 1041.5260    2.523600    2.589399    2.576700    2.530001    2.436399    2.325399    2.204300
 1041.7910    2.499400    2.573400    2.578800    2.541300    2.457100    2.354300    2.254100
 1042.1090    2.467800    2.551100    2.578300    2.551001    2.478300    2.384399    2.302999
 1042.4800    2.428699    2.520700    2.572800    2.556499    2.497900    2.414600    2.348801
 1042.9580    2.380600    2.475901    2.557000    2.554399    2.514100    2.447900    2.393800
 1043.4360    2.340900    2.428600    2.530900    2.542800    2.520300    2.475700    2.427000
 1043.9680    2.308900    2.380000    2.491199    2.521500    2.517000    2.498800    2.453400
 1044.5000    2.287399    2.337800    2.444400    2.494400    2.506001    2.511700    2.472200
 1045.0330    2.270599    2.297600    2.395700    2.464001    2.490200    2.512899    2.486600
 1045.5670    2.256900    2.254400    2.348600    2.431200    2.471300    2.503099    2.498199
 1046.1010    2.252900    2.208400    2.303300    2.394500    2.449500    2.484700    2.506599
 1046.6890    2.260300    2.162600    2.253600    2.346701    2.421500    2.458700    2.508900
 1047.1710    2.264999    2.138500    2.211700    2.300400    2.394199    2.435500    2.502700
 1047.5990    2.261200    2.133300    2.173901    2.254700    2.365499    2.414700    2.489300
 1048.0280    2.249100    2.143300    2.137400    2.208300    2.331500    2.394199    2.468300
 1048.5110    2.231600    2.164200    2.102600    2.161301    2.286900    2.371201    2.436300
 1048.9940    2.220200    2.183400    2.080800    2.126500    2.237300    2.347500    2.397400
 1049.4780    2.219100    2.193501    2.076500    2.107000    2.187901    2.321500    2.355000
 1050.0160    2.219999    2.195300    2.089600    2.101299    2.141900    2.287500    2.307600
 1050.6090    2.205500    2.195000    2.113600    2.106900    2.111900    2.241600    2.260400
 1051.1479    2.175800    2.200000    2.133900    2.115800    2.105500    2.192699    2.225201
 1051.6340    2.150400    2.208500    2.146400    2.122400    2.112500    2.146700    2.201300
 1052.2280    2.143400    2.215600    2.154100    2.125700    2.129499    2.097300    2.181300
 1053.5811    2.172400    2.168000    2.174300    2.134600    2.162701    2.065100    2.154301
 1054.6121    2.154699    2.128099    2.224000    2.184200    2.163300    2.113800    2.131300
 1055.3730    2.164101    2.150900    2.249599    2.233500    2.163300    2.161200    2.116500
 1056.4620    2.203800    2.189400    2.229700    2.276899    2.192101    2.210800    2.117800
 1057.4980    2.155701    2.171900    2.182199    2.267799    2.241600    2.226299    2.152400
 1058.3730    2.128500    2.155399    2.177700    2.234500    2.274500    2.229000    2.200100
 1059.0840    2.177600    2.180099    2.206400    2.215000    2.283700    2.236800    2.240300
 1059.7419    2.225800    2.228800    2.238600    2.217300    2.275700    2.252000    2.269300
 1060.5649    2.228300    2.277599    2.262100    2.240400    2.252200    2.277100    2.286500
 1062.9320    2.276899    2.250200    2.255400    2.255500    2.265900    2.292700    2.267500
 1064.1470    2.295600    2.299400    2.303900    2.247000    2.298700    2.252600    2.283700
 1065.6420    2.262300    2.306300    2.321000    2.296200    2.292900    2.245399    2.325500
 1066.6410    2.310600    2.260099    2.276700    2.337700    2.269700    2.281300    2.339399
 1067.8090    2.290200    2.257800    2.235100    2.343201    2.261100    2.329700    2.322900
 1068.4771    2.241400    2.290800    2.247000    2.317500    2.274799    2.347500    2.300600
 1069.3140    2.221300    2.318600    2.287200    2.268700    2.305901    2.351601    2.270300
 1070.3199    2.270599    2.292500    2.325100    2.228600    2.342700    2.328700    2.245800
 1071.1040    2.291300    2.243500    2.323299    2.234600    2.352500    2.296600    2.243401
 1072.2250    2.257600    2.213100    2.275200    2.276800    2.323800    2.250999    2.265900
 1073.1810    2.252501    2.249500    2.236800    2.304100    2.274300    2.233500    2.295100
 1074.5320    2.291300    2.296900    2.250200    2.297400    2.224600    2.252600    2.316000
 1076.7920    2.301900    2.305700    2.289200    2.257000    2.252700    2.273500    2.267400
 1083.3990    2.319099    2.289300    2.239400    2.255400    2.300500    2.284700    2.235900
 1085.1790    2.328500    2.253300    2.217000    2.290900    2.295300    2.236700    2.187901
 1086.5031    2.322701    2.254499    2.233100    2.271999    2.245501    2.191401    2.177401
 1087.3680    2.275801    2.280900    2.228500    2.243401    2.209000    2.177200    2.194799
 1088.2350    2.226700    2.295300    2.216200    2.215401    2.186300    2.180799    2.222000
 1089.7990    2.222099    2.246500    2.213600    2.201400    2.183200    2.209900    2.261900
 1091.2500    2.217100    2.198500    2.263000    2.212200    2.181800    2.227500    2.266800
 1093.2310    2.266200    2.221800    2.291000    2.192101    2.160999    2.206600    2.233200
 1094.5750    2.288600    2.224899    2.241600    2.162399    2.170200    2.200200    2.217100
 1095.6290    2.240100    2.219500    2.191700    2.168800    2.207200    2.219299    2.214399
 1096.3910    2.193100    2.225300    2.172300    2.195499    2.241500    2.240200    2.214800
 1097.4490    2.159100    2.250100    2.170401    2.245399    2.286500    2.266600    2.214500
 1098.9210    2.176800    2.263800    2.181200    2.294500    2.319300    2.275400    2.202200
 1100.3380    2.200100    2.216200    2.184200    2.291500    2.300900    2.241500    2.171900
 1101.6400    2.250000    2.174800    2.215300    2.268100    2.255899    2.195601    2.142799
 1102.7080    2.293700    2.187600    2.265300    2.256500    2.216600    2.167800    2.131701
 1103.8370    2.284800    2.220500    2.314700    2.253700    2.187799    2.158600    2.143000
 1104.8490    2.236000    2.237500    2.336500    2.250100    2.178900    2.169600    2.176701
 1105.8640    2.198800    2.247601    2.331500    2.235600    2.177200    2.190200    2.224501
 1106.9399    2.191100    2.272100    2.304900    2.209200    2.172800    2.211201    2.273300
 1108.3770    2.190200    2.319700    2.256001    2.181300    2.168800    2.235300    2.316999
 1110.1801    2.238900    2.331200    2.210700    2.198400    2.207399    2.271900    2.337400
 1111.1440    2.284800    2.309200    2.202300    2.230801    2.256300    2.297900    2.341101
 1111.9280    2.313200    2.285200    2.201900    2.261000    2.303101    2.323299    2.345900
 1112.7740    2.328500    2.259399    2.206400    2.291000    2.350700    2.353400    2.355600
 1113.9840    2.329000    2.231900    2.223400    2.325700    2.400499    2.393499    2.376801
 1115.4399    2.318300    2.222500    2.272400    2.356800    2.425200    2.426100    2.399099
 1116.3521    2.311900    2.230101    2.319201    2.373400    2.425600    2.434700    2.403200
 1117.2660    2.302900    2.246500    2.367001    2.391300    2.420100    2.432899    2.397200
 1118.5470    2.279301    2.287001    2.415501    2.418200    2.411600    2.412500    2.372700
 1119.5870    2.258801    2.335199    2.432600    2.436501    2.406600    2.384100    2.342199
 1120.5670    2.258900    2.383900    2.435101    2.446500    2.399799    2.353600    2.310400
 1121.8560    2.293700    2.433001    2.434999    2.443300    2.380700    2.316800    2.275499
 1123.3940    2.343400    2.456500    2.442699    2.411301    2.342700    2.285800    2.254400
 1124.6281    2.391500    2.461100    2.444300    2.372200    2.308900    2.270900    2.250500
 1125.5551    2.439301    2.465099    2.433800    2.343599    2.288900    2.261800    2.251400
 1126.6080    2.487500    2.470100    2.407200    2.318900    2.277400    2.251900    2.254100
 1128.0350    2.511700    2.462000    2.358900    2.302600    2.279800    2.247400    2.261100
 1129.7780    2.500600    2.413300    2.324400    2.297200    2.301600    2.282700    2.295800
 1130.8380    2.495501    2.376400    2.326300    2.300301    2.323700    2.331100    2.343700
 1131.6500    2.488700    2.356900    2.333400    2.310600    2.345900    2.377900    2.392500
 1132.3390    2.475700    2.349899    2.339701    2.327600    2.368900    2.420600    2.438499
 1133.0280    2.454500    2.350901    2.345800    2.353500    2.396700    2.463600    2.485600
 1133.7800    2.425800    2.358200    2.355101    2.391300    2.432899    2.508400    2.535400
 1134.5970    2.398701    2.369699    2.373800    2.440400    2.478200    2.552500    2.584800
 1135.3521    2.387500    2.383600    2.403900    2.488900    2.523900    2.588500    2.624800
 1136.1080    2.392700    2.403400    2.447400    2.536900    2.570700    2.620399    2.658899
 1136.8010    2.407700    2.430099    2.496201    2.578000    2.612500    2.646900    2.685400
 1137.4330    2.425100    2.462800    2.543900    2.612300    2.648300    2.669600    2.706200
 1138.0649    2.443900    2.502900    2.590900    2.643700    2.681300    2.691600    2.724800
 1138.7610    2.467199    2.552200    2.638599    2.675500    2.713800    2.716000    2.743700
 1139.3940    2.494200    2.598300    2.676701    2.702600    2.739901    2.738800    2.760600
 1140.0920    2.533300    2.647100    2.712400    2.731200    2.765400    2.764700    2.779600
 1140.7910    2.581699    2.691900    2.742599    2.759399    2.788300    2.791201    2.799700
 1141.4260    2.630800    2.728500    2.766800    2.784901    2.807700    2.815599    2.819099
 1142.0630    2.680600    2.761600    2.789500    2.810200    2.826700    2.839500    2.839399
 1142.7000    2.728001    2.791800    2.812300    2.835199    2.845800    2.862600    2.860400
 1143.4020    2.775101    2.822701    2.838500    2.862000    2.867300    2.886400    2.883500
 1144.2321    2.823400    2.857201    2.871300    2.892000    2.893300    2.911699    2.909599
 1145.2560    2.873100    2.897600    2.912300    2.925700    2.925200    2.937700    2.937600
 1146.4100    2.920700    2.940900    2.955000    2.958200    2.957600    2.959700    2.960700
 1147.6949    2.970600    2.985200    2.992200    2.985600    2.983700    2.973801    2.973000
 1148.9830    3.019600    3.020800    3.014299    3.000800    2.994300    2.975901    2.970200
 1150.9850    3.069400    3.040600    3.012700    2.992100    2.973801    2.952800    2.937000
 1152.5389    3.055000    3.010700    2.976700    2.952000    2.927000    2.910299    2.889200
 1153.6429    3.008900    2.962200    2.930099    2.904600    2.879100    2.866100    2.844601
 1154.3580    2.963200    2.918900    2.890400    2.865800    2.842100    2.831200    2.811399
 1154.9440    2.917400    2.877100    2.852301    2.829599    2.808800    2.799100    2.781700
 1155.4650    2.870600    2.835400    2.814500    2.794300    2.776899    2.768000    2.753500
 1155.9220    2.825200    2.795900    2.778601    2.761200    2.747300    2.738900    2.727400
 1156.3790    2.775700    2.753600    2.740100    2.726200    2.716200    2.708200    2.699900
 1156.7700    2.730400    2.715500    2.705400    2.694799    2.688300    2.680600    2.675200
 1157.1630    2.682899    2.675700    2.669200    2.662300    2.659400    2.652000    2.649600
 1157.5551    2.633300    2.634300    2.631701    2.628799    2.629300    2.622499    2.623000
 1157.8820    2.590500    2.598700    2.599600    2.600100    2.603500    2.597099    2.600100
 1158.2100    2.546500    2.562201    2.566900    2.570900    2.576900    2.571301    2.576400
 1158.5370    2.501400    2.524900    2.533700    2.541201    2.549700    2.544900    2.552200
 1158.8650    2.455500    2.486800    2.499900    2.510900    2.521700    2.518100    2.527300
 1159.1930    2.409100    2.448000    2.465900    2.480300    2.493100    2.491000    2.501801
 1159.5210    2.362600    2.408700    2.431499    2.449300    2.463900    2.463500    2.475800
 1159.8500    2.316200    2.368999    2.396900    2.417900    2.434200    2.435801    2.449300
 1160.1780    2.270100    2.328899    2.362101    2.386200    2.403900    2.408000    2.422400
 1160.5070    2.224501    2.288600    2.327200    2.354200    2.373199    2.380000    2.395100
 1160.8361    2.179600    2.248400    2.292100    2.322001    2.342100    2.352000    2.367400
 1161.1650    2.135500    2.208300    2.257100    2.289500    2.310699    2.323900    2.339600
 1161.4940    2.092501    2.168600    2.222000    2.257000    2.279100    2.295800    2.311501
 1161.8230    2.050600    2.129400    2.187099    2.224300    2.247499    2.267799    2.283300
 1162.2190    2.001699    2.083400    2.145300    2.185101    2.209600    2.234200    2.249400
 1162.6150    1.954201    2.038799    2.103701    2.146000    2.171900    2.200700    2.215600
 1163.0110    1.908199    1.995600    2.062700    2.107201    2.134700    2.167400    2.182100
 1163.4070    1.863701    1.954100    2.022200    2.068700    2.098101    2.134300    2.148800
 1163.8700    1.813700    1.907700    1.976000    2.024500    2.056499    2.096001    2.110701
 1164.3330    1.765301    1.863501    1.931099    1.981300    2.016300    2.058001    2.073500
 1164.7970    1.718399    1.821199    1.887899    1.939400    1.977600    2.020400    2.037300
 1165.2610    1.672899    1.780500    1.846600    1.899000    1.940599    1.983299    2.002300
 1165.7920    1.623199    1.735600    1.802000    1.854900    1.900200    1.941700    1.963699
 1166.3230    1.575500    1.692101    1.760201    1.813400    1.861900    1.901001    1.926701
 1166.8540    1.529499    1.649700    1.721001    1.774200    1.825199    1.861401    1.891201
 1167.4530    1.480000    1.603300    1.679600    1.732901    1.785601    1.818399    1.852800
 1168.0520    1.432600    1.558500    1.640301    1.694099    1.747400    1.777300    1.816000
 1168.6520    1.386900    1.515600    1.602600    1.657299    1.710199    1.738400    1.780300
 1169.3190    1.338501    1.470501    1.562000    1.618299    1.670099    1.697800    1.741899
 1170.0540    1.289000    1.424200    1.518400    1.576900    1.627100    1.656601    1.700901
 1170.7900    1.242399    1.381100    1.475800    1.536800    1.585600    1.618799    1.661200
 1171.5940    1.195000    1.337299    1.431000    1.494301    1.542400    1.581100    1.619499
 1172.5330    1.145700    1.289299    1.381901    1.447001    1.495501    1.540699    1.573601
 1173.5410    1.098801    1.240999    1.334000    1.399799    1.450600    1.500299    1.528099
 1174.6851    1.052000    1.191200    1.285500    1.351500    1.405899    1.456501    1.481300
 1175.9659    1.008301    1.142300    1.237400    1.304600    1.361799    1.409500    1.435101
 1177.3860    0.967300    1.097599    1.188999    1.259800    1.317699    1.360500    1.391100
 1178.9449    0.931601    1.057400    1.142000    1.216400    1.271900    1.311800    1.347700
 1180.7800    0.901001    1.019600    1.096500    1.171801    1.223301    1.264299    1.300800
 1182.9630    0.872400    0.982901    1.057199    1.128799    1.175600    1.219200    1.250900
 1185.7020    0.844299    0.951099    1.023500    1.088800    1.131901    1.173300    1.201000
 1189.4210    0.824900    0.921900    0.993999    1.047600    1.085501    1.123899    1.154200
 1194.9030    0.811899    0.898300    0.962500    1.001699    1.037001    1.073999    1.105000
 1201.4930    0.795601    0.874399    0.924601    0.964001    0.996599    1.028000    1.055401
 1208.7260    0.777800    0.843201    0.888000    0.930201    0.959801    0.983601    1.005400
 1217.5649    0.760601    0.816299    0.855801    0.884001    0.911600    0.934299    0.955400
 1227.6370    0.725000    0.780300    0.809700    0.839001    0.864500    0.884399    0.906799
 1238.9250    0.687300    0.742199    0.778801    0.809401    0.828800    0.842100    0.857000
 1249.9650    0.671499    0.728399    0.765600    0.789801    0.809299    0.825800    0.836800
     21.00  223    7   4000.00   6000.00   8000.00  10000.00  12000.00  14000.00  16000.00
 1005.0320    2.099899    2.116100    2.124800    2.118600    2.121901    2.135400    2.152000
 1005.3770    2.144500    2.163200    2.167000    2.160999    2.167300    2.182100    2.197900
 1005.7230    2.191600    2.211000    2.209300    2.204800    2.213800    2.228900    2.243000
 1006.0690    2.241000    2.258300    2.251801    2.249701    2.260900    2.275200    2.286900
 1006.3650    2.284901    2.298000    2.288401    2.288799    2.301100    2.314000    2.323200
 1006.6620    2.329400    2.336500    2.325100    2.328199    2.340799    2.351700    2.358200
 1006.9590    2.373700    2.373700    2.362000    2.367500    2.379499    2.388000    2.391600
 1007.3060    2.423700    2.415100    2.404900    2.412600    2.423000    2.428200    2.428400
 1007.6530    2.470301    2.454599    2.447500    2.456200    2.464100    2.466000    2.462999
 1008.0500    2.517900    2.497499    2.494801    2.503400    2.507900    2.505899    2.499800
 1008.4470    2.558500    2.538099    2.539801    2.546900    2.547700    2.542400    2.533800
 1008.8940    2.595900    2.580900    2.586500    2.590700    2.587601    2.579400    2.569099
 1009.4410    2.631800    2.628201    2.636300    2.636499    2.629700    2.619500    2.608700
 1010.0880    2.665800    2.675700    2.683599    2.680000    2.671200    2.660900    2.651501
 1010.8860    2.704300    2.721300    2.726200    2.721100    2.713100    2.705800    2.700500
 1011.7350    2.748301    2.759200    2.759900    2.755899    2.751500    2.749500    2.749701
 1012.5850    2.797400    2.796101    2.791500    2.789101    2.788900    2.792000    2.797000
 1013.4370    2.846100    2.837500    2.828400    2.826300    2.829200    2.835600    2.843400
 1014.2900    2.889000    2.882200    2.872700    2.871201    2.875299    2.882401    2.890800
 1015.0940    2.928600    2.924601    2.920600    2.921101    2.925200    2.931499    2.938700
 1015.7990    2.968201    2.962400    2.965700    2.969700    2.973900    2.979000    2.984600
 1016.4550    3.010000    3.000401    3.009100    3.016700    3.021999    3.026501    3.030701
 1017.1110    3.054501    3.043800    3.053699    3.064100    3.071100    3.075800    3.079000
 1017.7170    3.097099    3.090000    3.097000    3.107901    3.116400    3.121600    3.124500
 1018.2740    3.137400    3.137000    3.139800    3.148800    3.157499    3.163000    3.166000
 1018.8310    3.180000    3.186300    3.186200    3.191200    3.198600    3.203899    3.207100
 1019.3890    3.226000    3.235800    3.235600    3.236000    3.240601    3.244900    3.248199
 1019.8970    3.270599    3.280001    3.281700    3.278999    3.280500    3.283300    3.286699
 1020.4050    3.316600    3.323900    3.327900    3.324200    3.323100    3.324400    3.327400
 1020.9140    3.362500    3.368500    3.373800    3.371600    3.369500    3.369600    3.372200
 1021.3720    3.403601    3.410400    3.415800    3.416500    3.415300    3.415100    3.417300
 1021.7800    3.441000    3.450000    3.455100    3.458900    3.459700    3.460000    3.462100
 1022.1880    3.480700    3.492599    3.498000    3.504800    3.508200    3.509700    3.512000
 1022.5450    3.518800    3.533501    3.540100    3.548800    3.554600    3.557500    3.559999
 1022.8510    3.555099    3.572100    3.580500    3.590200    3.597700    3.601700    3.604401
 1023.1580    3.595800    3.614901    3.625700    3.635700    3.644000    3.648900    3.651700
 1023.4130    3.634100    3.654800    3.667300    3.676900    3.685200    3.690500    3.693100
 1023.6690    3.677600    3.699100    3.712700    3.721399    3.728800    3.733800    3.736000
 1023.9250    3.727301    3.748400    3.761800    3.768900    3.774401    3.778500    3.779699
 1024.1300    3.772300    3.791600    3.803500    3.808701    3.812000    3.814700    3.814800
 1024.2841    3.809401    3.826099    3.836000    3.839300    3.840600    3.841900    3.841000
 1024.4370    3.849400    3.862300    3.869101    3.870300    3.869300    3.868800    3.866600
 1024.5909    3.892099    3.899700    3.902700    3.901199    3.897500    3.895100    3.891399
 1024.7450    3.937000    3.937901    3.936000    3.931499    3.925000    3.920401    3.915000
 1024.8990    3.983400    3.976000    3.968599    3.960600    3.951200    3.944201    3.937000
 1025.0530    4.030001    4.013100    3.999500    3.987900    3.975599    3.966101    3.957100
 1025.2070    4.074699    4.047800    4.027901    4.012600    3.997400    3.985500    3.974700
 1025.3610    4.115200    4.078600    4.052700    4.033800    4.016100    4.001900    3.989600
 1025.5660    4.157700    4.110701    4.078300    4.055400    4.035100    4.018499    4.004300
 1026.4399    4.111700    4.085500    4.061300    4.040400    4.023300    4.007200    3.993000
 1026.5940    4.072100    4.056200    4.038200    4.020700    4.006100    3.991899    3.979100
 1026.7480    4.028400    4.022400    4.010799    3.997000    3.985500    3.973400    3.962200
 1026.9030    3.982201    3.985300    3.980000    3.970200    3.961800    3.952200    3.942699
 1027.0570    3.934900    3.946100    3.946700    3.941000    3.935699    3.928600    3.921000
 1027.2120    3.887300    3.905500    3.911600    3.909800    3.907600    3.903100    3.897500
 1027.3669    3.840099    3.864300    3.875200    3.877300    3.878000    3.875999    3.872400
 1027.5210    3.793500    3.822800    3.838100    3.843700    3.847300    3.847700    3.846200
 1027.6760    3.747800    3.781500    3.800500    3.809600    3.815800    3.818501    3.819000
 1027.8311    3.703000    3.740400    3.762800    3.775101    3.783700    3.788700    3.791100
 1027.9850    3.659100    3.699800    3.725100    3.740400    3.751300    3.758300    3.762600
 1028.1400    3.616000    3.659700    3.687600    3.705700    3.718700    3.727700    3.733800
 1028.2950    3.573700    3.620100    3.650400    3.671101    3.686100    3.696800    3.704599
 1028.4500    3.532000    3.580999    3.613501    3.636700    3.653500    3.665900    3.675400
 1028.6050    3.490900    3.542400    3.577000    3.602500    3.621000    3.635000    3.646000
 1028.7600    3.450200    3.504100    3.540800    3.568501    3.588699    3.604100    3.616600
 1028.9150    3.409700    3.466300    3.504900    3.534700    3.556499    3.573200    3.587200
 1029.0699    3.369500    3.428699    3.469400    3.501200    3.524500    3.542500    3.557800
 1029.2250    3.329200    3.391399    3.434100    3.467800    3.492599    3.511900    3.528500
 1029.3800    3.288900    3.354200    3.399000    3.434600    3.460899    3.481400    3.499200
 1029.5360    3.248500    3.317101    3.364100    3.401600    3.429300    3.451000    3.469999
 1029.6910    3.207700    3.280001    3.329300    3.368700    3.397800    3.420700    3.440800
 1029.8459    3.166700    3.242800    3.294600    3.335800    3.366400    3.390400    3.411699
 1030.0020    3.125299    3.205500    3.259900    3.302999    3.335000    3.360200    3.382700
 1030.1570    3.083500    3.168000    3.225100    3.270100    3.303600    3.330000    3.353600
 1030.3130    3.041400    3.130199    3.190200    3.237200    3.272100    3.299900    3.324600
 1030.4680    2.998899    3.092100    3.155100    3.204200    3.240499    3.269700    3.295500
 1030.6240    2.956100    3.053600    3.119801    3.171101    3.208799    3.239300    3.266300
 1030.7791    2.913300    3.014600    3.084300    3.137700    3.177000    3.209000    3.237101
 1030.9351    2.870300    2.975300    3.048400    3.104100    3.144899    3.178400    3.207800
 1031.0909    2.827600    2.935500    3.012199    3.070200    3.112600    3.147699    3.178400
 1031.2460    2.785100    2.895300    2.975500    3.035999    3.080000    3.116800    3.148800
 1031.4020    2.743200    2.854700    2.938499    3.001400    3.047200    3.085600    3.118999
 1031.5580    2.702100    2.813700    2.901000    2.966400    3.013900    3.054100    3.088900
 1031.7140    2.662100    2.772400    2.863000    2.930901    2.980300    3.022300    3.058599
 1031.8700    2.623301    2.731000    2.824600    2.894899    2.946199    2.990200    3.028000
 1032.0260    2.586201    2.689500    2.785601    2.858400    2.911600    2.957600    2.997000
 1032.1820    2.550900    2.648100    2.746300    2.821301    2.876500    2.924601    2.965600
 1032.3380    2.517799    2.607000    2.706400    2.783600    2.840900    2.891100    2.933800
 1032.4940    2.487101    2.566401    2.666201    2.745200    2.804700    2.857100    2.901501
 1032.6500    2.459000    2.526600    2.625700    2.706200    2.767799    2.822500    2.868700
 1032.8070    2.433701    2.487900    2.584900    2.666400    2.730200    2.787300    2.835300
 1032.9630    2.411301    2.450600    2.544001    2.625999    2.691900    2.751500    2.801400
 1033.1190    2.391900    2.414900    2.503099    2.584900    2.652901    2.714900    2.766700
 1033.2760    2.375500    2.381200    2.462400    2.543100    2.613100    2.677600    2.731300
 1033.4320    2.362000    2.349899    2.422100    2.500700    2.572500    2.639500    2.695200
 1033.5880    2.351500    2.321199    2.382500    2.457800    2.531099    2.600500    2.658199
 1033.7450    2.343700    2.295401    2.343800    2.414400    2.488800    2.560699    2.620300
 1033.9020    2.338600    2.272600    2.306400    2.370600    2.445700    2.519899    2.581500
 1034.0580    2.335700    2.253099    2.270500    2.326700    2.401800    2.478200    2.541700
 1034.2150    2.335100    2.236800    2.236600    2.282801    2.357201    2.435500    2.500800
 1034.3719    2.336300    2.223700    2.205000    2.239300    2.311800    2.391700    2.458799
 1034.5280    2.339300    2.213699    2.175900    2.196301    2.265900    2.346900    2.415501
 1034.6851    2.343599    2.206699    2.149900    2.154301    2.219500    2.301100    2.371000
 1034.8420    2.349199    2.202499    2.127000    2.113700    2.172800    2.254300    2.325100
 1034.9990    2.355600    2.200800    2.107500    2.075000    2.126101    2.206400    2.277800
 1035.1560    2.362801    2.201300    2.091400    2.038700    2.079700    2.157600    2.229000
 1035.2600    2.367900    2.202800    2.082600    2.016000    2.049100    2.124500    2.195700
 1035.3650    2.373199    2.205000    2.075399    1.994801    2.019000    2.091200    2.161600
 1035.4700    2.378600    2.208000    2.069600    1.975201    1.989601    2.057600    2.126801
 1035.5740    2.384000    2.211599    2.065300    1.957399    1.960899    2.023701    2.091400
 1035.6790    2.389400    2.215700    2.062400    1.941401    1.933201    1.989700    2.055201
 1035.7841    2.394899    2.220301    2.060699    1.927401    1.906700    1.955700    2.018300
 1035.8890    2.400300    2.225400    2.060300    1.915400    1.881599    1.921801    1.980700
 1035.9940    2.405600    2.230801    2.061000    1.905500    1.858101    1.888199    1.942501
 1036.0980    2.410800    2.236500    2.062799    1.897699    1.836500    1.854900    1.903601
 1036.2030    2.415800    2.242400    2.065599    1.892000    1.816799    1.822300    1.864201
 1036.3080    2.420700    2.248500    2.069201    1.888300    1.799500    1.790501    1.824299
 1036.4130    2.425400    2.254800    2.073600    1.886499    1.784500    1.759899    1.784100
 1036.5179    2.429900    2.261200    2.078600    1.886600    1.771999    1.730600    1.743599
 1036.6230    2.434200    2.267600    2.084300    1.888500    1.762001    1.703100    1.703199
 1036.7280    2.438300    2.274099    2.090500    1.891899    1.754700    1.677500    1.662899
 1036.8330    2.442101    2.280500    2.097200    1.896700    1.749901    1.654301    1.623100
 1036.9380    2.445700    2.286900    2.104300    1.902901    1.747700    1.633699    1.584200
 1037.0430    2.448999    2.293301    2.111600    1.910200    1.747799    1.616001    1.546501
 1037.1479    2.452000    2.299601    2.119300    1.918499    1.750099    1.601500    1.510601
 1037.3051    2.455999    2.308800    2.131100    1.932400    1.757401    1.585899    1.461100
 1037.4630    2.459400    2.317699    2.143200    1.947800    1.768700    1.577900    1.418701
 1037.6730    2.462999    2.329000    2.159500    1.969900    1.788500    1.578800    1.376301
 1038.0410    2.466200    2.347000    2.187799    2.010700    1.832300    1.607300    1.349600
 1038.3571    2.466200    2.360400    2.211000    2.045900    1.874500    1.650900    1.374001
 1038.6210    2.464100    2.369900    2.229300    2.074500    1.910500    1.694700    1.419001
 1038.8311    2.461300    2.376300    2.243000    2.096399    1.938999    1.732000    1.464901
 1038.9890    2.458400    2.380500    2.252700    2.112200    1.959900    1.760300    1.502501
 1039.1479    2.455000    2.384100    2.261800    2.127501    1.980301    1.788601    1.541500
 1039.3060    2.451000    2.387100    2.270500    2.142099    2.000100    1.816401    1.580799
 1039.4640    2.446500    2.389400    2.278601    2.156099    2.019199    1.843500    1.619699
 1039.6219    2.441600    2.391300    2.286100    2.169500    2.037701    1.869900    1.657801
 1039.8330    2.434200    2.392700    2.295300    2.186300    2.061100    1.903601    1.706900
 1040.0450    2.426100    2.393200    2.303600    2.201900    2.083200    1.935501    1.753500
 1040.2560    2.417400    2.392600    2.310900    2.216499    2.104000    1.965500    1.797400
 1040.4670    2.408000    2.391000    2.317200    2.229900    2.123500    1.993801    1.838501
 1040.7321    2.395400    2.387600    2.323900    2.245100    2.146100    2.026600    1.886200
 1040.9960    2.381900    2.382800    2.329200    2.258600    2.166700    2.056800    1.929800
 1041.3140    2.364901    2.375200    2.333799    2.272500    2.189000    2.089600    1.977001
 1041.6851    2.343800    2.363800    2.336700    2.285800    2.211700    2.123500    2.025801
 1042.1090    2.318501    2.347799    2.336700    2.297200    2.233500    2.157200    2.073999
 1042.5861    2.289400    2.326500    2.332500    2.305000    2.252900    2.189199    2.119699
 1043.2230    2.251500    2.293900    2.319799    2.307600    2.270800    2.223000    2.168700
 1044.0740    2.207500    2.246600    2.291600    2.298700    2.281500    2.254000    2.216600
 1044.9270    2.173600    2.199300    2.253400    2.278000    2.279301    2.270000    2.248400
 1045.8870    2.147500    2.149700    2.204300    2.243999    2.264299    2.272300    2.268499
 1046.8490    2.132299    2.108900    2.154301    2.201900    2.238800    2.260700    2.273500
 1047.8669    2.120200    2.083099    2.105900    2.153299    2.202700    2.237900    2.263000
 1048.9940    2.106100    2.075500    2.066299    2.104500    2.156200    2.204300    2.235001
 1050.2850    2.092501    2.077300    2.047900    2.068501    2.107000    2.158800    2.190500
 1051.6340    2.075700    2.080700    2.052401    2.055400    2.076300    2.109800    2.143499
 1053.5811    2.069700    2.076099    2.074699    2.065400    2.069400    2.066200    2.094200
 1056.4620    2.080600    2.081500    2.105700    2.115100    2.094800    2.087100    2.072800
 1059.8510    2.102800    2.117100    2.123700    2.128300    2.136400    2.131001    2.122200
 1063.9810    2.152500    2.157101    2.158700    2.149300    2.156700    2.154200    2.160601
 1084.1450    2.185500    2.154500    2.135201    2.142400    2.147300    2.131500    2.110701
 1088.9290    2.136100    2.145700    2.121901    2.116800    2.103400    2.102800    2.116899
 1097.9780    2.108400    2.137199    2.110600    2.141300    2.153299    2.137700    2.111800
 1102.8270    2.154500    2.131599    2.160299    2.158899    2.142000    2.121300    2.106501
 1106.2820    2.141200    2.168600    2.191800    2.150200    2.129300    2.137700    2.156000
 1109.0980    2.152901    2.202100    2.172400    2.150801    2.151000    2.175600    2.205500
 1111.5050    2.194400    2.202600    2.166500    2.182000    2.200399    2.217000    2.233300
 1113.5601    2.220301    2.191600    2.183800    2.221200    2.250200    2.254300    2.252501
 1116.0480    2.228100    2.198999    2.232600    2.264700    2.288000    2.286200    2.269300
 1118.1200    2.229300    2.231300    2.282400    2.295100    2.298500    2.292200    2.269800
 1120.1379    2.236700    2.280001    2.315701    2.317101    2.300000    2.283400    2.261000
 1122.2860    2.271000    2.329300    2.334400    2.325200    2.295700    2.272100    2.254800
 1124.3199    2.320000    2.357700    2.344900    2.319400    2.290700    2.271600    2.262899
 1126.1740    2.369500    2.373100    2.346500    2.314000    2.294500    2.283300    2.283501
 1128.7810    2.412600    2.380600    2.343500    2.325500    2.323999    2.323299    2.332700
 1130.5880    2.422600    2.378000    2.354401    2.349600    2.360100    2.370100    2.382600
 1132.0260    2.425500    2.381500    2.373700    2.379100    2.396700    2.416300    2.430700
 1133.4041    2.424300    2.395100    2.399700    2.416600    2.437700    2.463800    2.479900
 1134.7860    2.425700    2.418700    2.433800    2.461700    2.483500    2.510600    2.528100
 1136.1710    2.438900    2.451600    2.477500    2.510500    2.531799    2.554200    2.572001
 1137.4960    2.464200    2.491899    2.526100    2.556499    2.576900    2.592400    2.608700
 1138.8240    2.499001    2.540000    2.576099    2.599700    2.618500    2.627900    2.640900
 1140.0920    2.540600    2.588600    2.620300    2.637600    2.653601    2.659800    2.668600
 1141.3630    2.589500    2.635300    2.659300    2.672600    2.684401    2.689700    2.694099
 1142.5730    2.638599    2.675600    2.692200    2.703100    2.710300    2.715500    2.716600
 1143.8490    2.687300    2.713100    2.723700    2.731900    2.734500    2.739000    2.737700
 1145.3840    2.736900    2.751699    2.757401    2.760500    2.758900    2.760099    2.757200
 1147.3730    2.786400    2.790501    2.789600    2.784400    2.778900    2.773000    2.768100
 1151.6320    2.823700    2.797600    2.776600    2.759600    2.744900    2.730801    2.719100
 1153.3180    2.783700    2.752300    2.729700    2.712100    2.696301    2.683900    2.671300
 1154.4230    2.734301    2.704700    2.684600    2.668400    2.653800    2.643300    2.631599
 1155.2050    2.688499    2.662900    2.646000    2.631800    2.619101    2.610200    2.599899
 1155.9220    2.639200    2.619101    2.605900    2.594299    2.584100    2.576700    2.568200
 1156.5090    2.594200    2.579700    2.570100    2.561100    2.553300    2.547100    2.540501
 1157.0970    2.545401    2.537399    2.531799    2.525801    2.520599    2.515900    2.511200
 1157.6210    2.499400    2.497800    2.495800    2.492900    2.490200    2.486700    2.483900
 1158.1440    2.451300    2.456400    2.458400    2.458600    2.458500    2.456400    2.455600
 1158.6680    2.401700    2.413600    2.419800    2.423201    2.425700    2.425100    2.426200
 1159.1270    2.357600    2.375299    2.385201    2.391399    2.396100    2.396900    2.399700
 1159.5870    2.313000    2.336400    2.350000    2.359000    2.365900    2.368200    2.372601
 1160.0470    2.268600    2.297100    2.314400    2.326200    2.335000    2.339100    2.344900
 1160.5070    2.224800    2.257800    2.278601    2.293000    2.303699    2.309500    2.316800
 1161.0330    2.175800    2.213100    2.237600    2.254800    2.267500    2.275499    2.284201
 1161.5601    2.128500    2.169100    2.196899    2.216499    2.231200    2.241301    2.251200
 1162.0870    2.083400    2.126200    2.156700    2.178500    2.194799    2.207100    2.218100
 1162.6810    2.035700    2.079800    2.112500    2.136200    2.154200    2.168900    2.180901
 1163.3409    1.986801    2.031000    2.065001    2.090300    2.109800    2.126900    2.139900
 1164.0690    1.938200    1.981201    2.015300    2.041600    2.062600    2.081699    2.095699
 1164.7970    1.895000    1.935900    1.968901    1.995300    2.017500    2.038099    2.052800
 1165.5930    1.853600    1.891600    1.922501    1.948299    1.971300    1.992500    2.008101
 1166.5220    1.811800    1.846300    1.874401    1.898701    1.921900    1.942699    1.959200
 1167.5200    1.773500    1.804399    1.829700    1.851799    1.874500    1.894001    1.911200
 1168.6520    1.735901    1.763800    1.786900    1.806499    1.827700    1.845200    1.862801
 1169.9871    1.697100    1.723400    1.744801    1.762400    1.781200    1.796700    1.813700
 1171.5940    1.655399    1.682100    1.702801    1.719400    1.735901    1.750299    1.765301
 1173.7419    1.605900    1.634399    1.656200    1.673700    1.689100    1.703701    1.715799
 1176.3040    1.556801    1.585600    1.610001    1.630301    1.647100    1.662100    1.672901
 1179.7600    1.510500    1.536600    1.560801    1.584400    1.602800    1.618401    1.630400
 1185.3590    1.473301    1.498001    1.518600    1.538799    1.554399    1.568901    1.580601
 1200.7180    1.470900    1.488600    1.500801    1.509300    1.517500    1.524601    1.530600
 1217.8540    1.458599    1.465200    1.469500    1.471701    1.474100    1.477501    1.480700
 1235.6360    1.408699    1.421200    1.430099    1.434999    1.437300    1.438999    1.441299
 1249.9650    1.396900    1.417601    1.428200    1.433899    1.439499    1.444401    1.448700
