   40.0000000000000       5.013171449617694E-012
   43.3900000000000       1.382260708448250E-011
   46.7800000000000       5.280510352123932E-011
   65.1800000000000       9.868866092932181E-010
   83.5700000000000       4.839554971188267E-009
   101.960000000000       1.278285588049268E-008
   120.350000000000       1.536229382621499E-008
   138.750000000000       1.451988529798172E-009
   157.140000000000      -2.690431541707747E-008
   175.530000000000      -5.201651912054885E-008
   193.920000000000      -5.307909556861438E-008
   212.320000000000      -2.174411382774222E-008
   230.710000000000       3.404691390432199E-008
   249.100000000000       9.836277419474790E-008
   267.490000000000       1.568655781936653E-007
   285.880000000000       2.017132892086152E-007
   304.280000000000       2.314223568345172E-007
   322.670000000000       2.484968195692262E-007
   341.060000000000       2.570509511502353E-007
   359.450000000000       2.611540529452662E-007
   377.850000000000       2.640919869106971E-007
   396.240000000000       2.681688052433780E-007
   414.630000000000       2.747913121522826E-007
   433.020000000000       2.847548075232875E-007
   451.420000000000       2.983582821120161E-007
   469.810000000000       3.155904684254601E-007
   488.200000000000       3.362797092329617E-007
   506.590000000000       3.601235529754315E-007
   524.980000000000       3.867855634369370E-007
   543.380000000000       4.159154034151867E-007
   561.770000000000       4.471017917602864E-007
   580.160000000000       4.800197569450722E-007
   598.550000000000       5.143570693870826E-007
   616.950000000000       5.498099031871002E-007
   619.350000000000       5.545146394675536E-007
   635.340000000000       5.862339061350857E-007
   653.730000000000       6.234295872580006E-007
   672.120000000000       6.613540872176191E-007
   690.520000000000       7.000787675129383E-007
   694.350000000000       7.082544598641617E-007
   708.910000000000       7.397034080857076E-007
   727.300000000000       7.804815496295556E-007
   745.690000000000       8.226979490083054E-007
   764.080000000000       8.667938414586680E-007
   769.350000000000       8.798296082028033E-007
   781.850000000000       9.116701567003906E-007
   782.480000000000       9.133083689351863E-007
   794.350000000000       9.448720365535431E-007
   800.870000000000       9.628019706921238E-007
   806.850000000000       9.797042283209620E-007
   819.260000000000       1.016061188605740E-006
   819.350000000000       1.016312742274672E-006
   824.350000000000       1.031513809197023E-006
   829.350000000000       1.047090445064460E-006
   834.350000000000       1.063005924095363E-006
   837.650000000000       1.073715121813075E-006
   839.350000000000       1.079274804247498E-006
   844.350000000000       1.096011006043882E-006
   849.350000000000       1.113124676193204E-006
   854.350000000000       1.130671890947266E-006
   856.050000000000       1.136722104831408E-006
   859.350000000000       1.148669132510526E-006
   864.350000000000       1.167154772112234E-006
   869.350000000000       1.186128600094097E-006
   874.350000000000       1.205589433775084E-006
   874.440000000000       1.205930708913801E-006
   879.350000000000       1.225564606932099E-006
   884.350000000000       1.246109095528667E-006
   889.350000000000       1.267216108814845E-006
   892.830000000000       1.282244279839824E-006
   894.350000000000       1.288902958186730E-006
   899.350000000000       1.311188794926178E-006
   901.850000000000       1.322562179392091E-006
   904.350000000000       1.334099466819283E-006
   906.850000000000       1.345793746703301E-006
   909.350000000000       1.357618618812721E-006
   910.350000000000       1.362387964011417E-006
   911.220000000000       1.366617509351298E-006
   911.350000000000       1.367274845784986E-006
   912.350000000000       1.373281856148917E-006
   913.350000000000       1.384521819615875E-006
   914.350000000000       1.409770665004913E-006
   915.350000000000       1.456439946051368E-006
   916.350000000000       1.516074225227959E-006
   917.350000000000       1.555926716873240E-006
   917.450000000000       1.557352617566545E-006
   917.550000000000       1.558152040453066E-006
   917.650000000000       1.558396596125387E-006
   917.750000000000       1.558091890315727E-006
   917.850000000000       1.557190868568761E-006
   917.950000000000       1.555788673647657E-006
   918.050000000000       1.553897463041301E-006
   918.150000000000       1.551598560643795E-006
   918.250000000000       1.548907689509346E-006
   918.350000000000       1.545941139499921E-006
   918.450000000000       1.542651871322939E-006
   918.550000000000       1.539261024388366E-006
   918.650000000000       1.535705161584533E-006
   918.750000000000       1.532143622336596E-006
   918.850000000000       1.528575604883125E-006
   918.950000000000       1.525170208258109E-006
   919.050000000000       1.521851472317304E-006
   919.150000000000       1.518862277847413E-006
   919.250000000000       1.516192299720940E-006
   919.350000000000       1.513962181808444E-006
   919.450000000000       1.512199475273395E-006
   919.550000000000       1.511027451010096E-006
   919.650000000000       1.510341494659792E-006
   919.750000000000       1.510346829249191E-006
   919.850000000000       1.510890260668887E-006
   919.950000000000       1.512120680953238E-006
   920.050000000000       1.514004821612872E-006
   920.150000000000       1.516507361818695E-006
   920.160000000000       1.516830283691960E-006
   920.260000000000       1.520002070370972E-006
   920.360000000000       1.523825484233267E-006
   920.460000000000       1.528316746080425E-006
   920.560000000000       1.533295339543758E-006
   920.660000000000       1.538955840839313E-006
   920.760000000000       1.544984848439045E-006
   920.860000000000       1.551846217964338E-006
   920.960000000000       1.558648797808682E-006
   921.060000000000       1.566379604445718E-006
   921.160000000000       1.573876060296129E-006
   921.260000000000       1.582038250331828E-006
   921.360000000000       1.590331519078486E-006
   921.460000000000       1.598844398198848E-006
   921.560000000000       1.607558065049471E-006
   921.660000000000       1.616318292075399E-006
   921.760000000000       1.625382349614160E-006
   921.860000000000       1.634333729916001E-006
   921.960000000000       1.643885156767931E-006
   922.150000000000       1.661793346701289E-006
   922.250000000000       1.671074433364742E-006
   922.350000000000       1.680984009997718E-006
   922.450000000000       1.690921602702372E-006
   922.550000000000       1.701073013230899E-006
   922.650000000000       1.711469662781261E-006
   922.750000000000       1.721955269019155E-006
   922.850000000000       1.732822385601736E-006
   922.950000000000       1.743640378415789E-006
   923.050000000000       1.755092677352891E-006
   923.150000000000       1.766055299778712E-006
   923.250000000000       1.777728297603171E-006
   923.350000000000       1.788892600244392E-006
   923.450000000000       1.800374513975951E-006
   923.550000000000       1.811508571333608E-006
   923.650000000000       1.822513749449096E-006
   923.750000000000       1.833140243804399E-006
   923.850000000000       1.843237267685239E-006
   923.950000000000       1.852907923631302E-006
   924.050000000000       1.861772925591865E-006
   924.150000000000       1.870033181097965E-006
   924.250000000000       1.877342588805031E-006
   924.350000000000       1.883986442627784E-006
   924.450000000000       1.889556729362300E-006
   924.550000000000       1.894396947866770E-006
   924.650000000000       1.898298953404095E-006
   924.720000000000       1.900559668628718E-006
   924.820000000000       1.903242866150151E-006
   924.920000000000       1.905183644191169E-006
   925.020000000000       1.906790552544155E-006
   925.120000000000       1.907984011379644E-006
   925.220000000000       1.909249336153065E-006
   925.320000000000       1.910521984892614E-006
   925.420000000000       1.912239810041706E-006
   925.520000000000       1.914393146464335E-006
   925.620000000000       1.917408097135399E-006
   925.720000000000       1.921442856204605E-006
   925.820000000000       1.926621499779049E-006
   925.920000000000       1.933311548381095E-006
   926.020000000000       1.941377797353123E-006
   926.120000000000       1.951248851648556E-006
   926.220000000000       1.962808754277457E-006
   926.320000000000       1.976243977466605E-006
   926.420000000000       1.991402165952062E-006
   926.520000000000       2.008411074812430E-006
   926.620000000000       2.026919187230889E-006
   926.720000000000       2.046968845685404E-006
   926.820000000000       2.068258814462148E-006
   926.920000000000       2.090601157732007E-006
   927.020000000000       2.113816454425032E-006
   927.120000000000       2.137458620554289E-006
   927.220000000000       2.161301289733596E-006
   927.320000000000       2.185015732335944E-006
   927.420000000000       2.208294913759355E-006
   927.520000000000       2.230710828779114E-006
   927.620000000000       2.252011137630971E-006
   927.720000000000       2.271763846558534E-006
   927.820000000000       2.289770051449737E-006
   927.920000000000       2.305645163280774E-006
   928.020000000000       2.319150062284996E-006
   928.120000000000       2.330136739834954E-006
   928.220000000000       2.338362948540371E-006
   928.750000000000       2.332861548236880E-006
   928.850000000000       2.322806792153118E-006
   928.950000000000       2.310155565516198E-006
   929.050000000000       2.295298211811576E-006
   929.150000000000       2.278468588952795E-006
   929.250000000000       2.259886149014711E-006
   929.350000000000       2.240180539462522E-006
   929.450000000000       2.219448139631575E-006
   929.550000000000       2.198500232817578E-006
   929.650000000000       2.177414154770267E-006
   929.750000000000       2.157074549821164E-006
   929.850000000000       2.137566053869272E-006
   929.950000000000       2.119707876468355E-006
   930.050000000000       2.103597653209239E-006
   930.150000000000       2.089970635904217E-006
   930.250000000000       2.079095333611196E-006
   930.350000000000       2.071219957925484E-006
   930.450000000000       2.067050973577302E-006
   930.550000000000       2.066285479822904E-006
   930.650000000000       2.069802886960018E-006
   930.750000000000       2.077160907325484E-006
   930.850000000000       2.088981395582285E-006
   930.950000000000       2.104782746425256E-006
   931.050000000000       2.125083081244046E-006
   931.150000000000       2.149136921906077E-006
   931.250000000000       2.177292566550069E-006
   931.350000000000       2.209072495749733E-006
   931.450000000000       2.244220814240065E-006
   931.550000000000       2.282663920018741E-006
   931.650000000000       2.323643871502275E-006
   931.750000000000       2.367228417021499E-006
   931.850000000000       2.412615724812404E-006
   931.950000000000       2.459796934631224E-006
   932.050000000000       2.507966440052359E-006
   932.150000000000       2.557107732282308E-006
   932.250000000000       2.606397126473269E-006
   932.350000000000       2.655685310724431E-006
   932.450000000000       2.704608268215420E-006
   932.550000000000       2.752450085235956E-006
   932.650000000000       2.799527014264623E-006
   932.750000000000       2.844750192026398E-006
   933.750000000000       3.171003141258804E-006
   934.800000000000       3.181696108942971E-006
   935.800000000000       2.861631744294119E-006
   935.900000000000       2.815721121912579E-006
   936.000000000000       2.768266832797840E-006
   936.100000000000       2.720064489224863E-006
   936.200000000000       2.670833406129443E-006
   936.300000000000       2.621477025508742E-006
   936.400000000000       2.572221957691921E-006
   936.500000000000       2.523651661659186E-006
   936.600000000000       2.476247445267452E-006
   936.700000000000       2.430505400234629E-006
   936.800000000000       2.386936638869469E-006
   936.900000000000       2.346129739180864E-006
   937.000000000000       2.308393714696942E-006
   937.100000000000       2.274189262970538E-006
   937.200000000000       2.244404516920515E-006
   937.300000000000       2.219010302402055E-006
   937.400000000000       2.198464670158967E-006
   937.500000000000       2.183433250711476E-006
   937.600000000000       2.173546730106019E-006
   937.700000000000       2.169715974668204E-006
   937.800000000000       2.171556779933665E-006
   937.900000000000       2.179568441512999E-006
   938.000000000000       2.193388552161323E-006
   938.100000000000       2.213464819634172E-006
   938.200000000000       2.238969523964459E-006
   938.300000000000       2.270421002300776E-006
   938.400000000000       2.307127857216763E-006
   938.500000000000       2.348934289092221E-006
   938.600000000000       2.395711701174785E-006
   938.700000000000       2.446791454109911E-006
   938.800000000000       2.501862179043500E-006
   938.900000000000       2.560448707253922E-006
   939.000000000000       2.622249026450294E-006
   939.100000000000       2.686640644731089E-006
   939.200000000000       2.753333078259692E-006
   939.300000000000       2.821854541284428E-006
   939.400000000000       2.891547720698885E-006
   939.500000000000       2.962281217633873E-006
   939.600000000000       3.033235951746903E-006
   939.700000000000       3.104602835448359E-006
   939.800000000000       3.175567499523123E-006
   940.800000000000       3.814258159649325E-006
   941.800000000000       4.249120217675550E-006
   942.800000000000       4.480633447300012E-006
   944.740000000000       4.456002720673246E-006
   945.740000000000       4.226837019453672E-006
   946.740000000000       3.818306866851085E-006
   947.740000000000       3.209659377190680E-006
   947.840000000000       3.141946558100106E-006
   947.940000000000       3.073345334341418E-006
   948.040000000000       3.005260581692150E-006
   948.140000000000       2.937506346933508E-006
   948.240000000000       2.870433025516516E-006
   948.340000000000       2.805270030924658E-006
   948.440000000000       2.740956088742532E-006
   948.540000000000       2.680094386334181E-006
   948.640000000000       2.620756006156805E-006
   948.740000000000       2.565988215671452E-006
   948.840000000000       2.513612458219879E-006
   948.940000000000       2.466707313354861E-006
   949.040000000000       2.423318325486545E-006
   949.140000000000       2.385758133926661E-006
   949.240000000000       2.353515749075338E-006
   949.340000000000       2.326434678027117E-006
   949.440000000000       2.306790003280400E-006
   949.540000000000       2.291595870665699E-006
   949.640000000000       2.284894029918279E-006
   949.740000000000       2.283182692334459E-006
   949.840000000000       2.289605367177531E-006
   949.940000000000       2.301118680810302E-006
   950.040000000000       2.321217788901692E-006
   950.140000000000       2.345861863175814E-006
   950.240000000000       2.378186625132813E-006
   950.340000000000       2.415846413491429E-006
   950.440000000000       2.459185398873691E-006
   950.540000000000       2.508673493965682E-006
   950.640000000000       2.561976947805703E-006
   950.740000000000       2.621321490108149E-006
   950.840000000000       2.683458249921462E-006
   950.940000000000       2.750725977255924E-006
   951.040000000000       2.820137591044899E-006
   951.140000000000       2.893631398712264E-006
   951.240000000000       2.968630382639791E-006
   951.340000000000       3.046405115045805E-006
   951.440000000000       3.125611799712338E-006
   951.540000000000       3.206006419833845E-006
   951.640000000000       3.288042522951905E-006
   951.740000000000       3.370100956499562E-006
   952.740000000000       4.200308671081552E-006
   953.740000000000       5.051294305100338E-006
   954.740000000000       6.040147795488723E-006
   955.740000000000       7.183541615569328E-006
   956.740000000000       8.340681453506371E-006
   957.740000000000       9.348042128089533E-006
   958.740000000000       1.010494271435296E-005
   959.740000000000       1.056030806752697E-005
   962.540000000000       1.026772055059267E-005
   963.540000000000       9.580857501602992E-006
   964.540000000000       8.621280785409698E-006
   965.540000000000       7.536821137858240E-006
   966.540000000000       6.493204881185179E-006
   967.010000000000       6.051399343784109E-006
   967.540000000000       5.599102437134323E-006
   968.540000000000       4.854911790688680E-006
   969.540000000000       4.154878032352263E-006
   970.540000000000       3.390154101397826E-006
   970.640000000000       3.311203791999879E-006
   970.740000000000       3.232344357101392E-006
   970.840000000000       3.154321612311676E-006
   970.940000000000       3.077592022810409E-006
   971.040000000000       3.001472039675880E-006
   971.140000000000       2.928419779291755E-006
   971.240000000000       2.856011805181845E-006
   971.340000000000       2.787932981829170E-006
   971.440000000000       2.721206645460187E-006
   971.540000000000       2.659988062393438E-006
   971.640000000000       2.600864714051919E-006
   971.740000000000       2.547922553569928E-006
   971.840000000000       2.498213652168100E-006
   971.940000000000       2.454735939999647E-006
   972.040000000000       2.416752658802753E-006
   972.140000000000       2.383517514838497E-006
   972.240000000000       2.358463727095036E-006
   972.340000000000       2.336820166328160E-006
   972.440000000000       2.324626090353844E-006
   972.540000000000       2.316326180456237E-006
   972.640000000000       2.317037491889627E-006
   972.740000000000       2.321697137884815E-006
   972.840000000000       2.335815296106673E-006
   972.940000000000       2.353192694797280E-006
   973.040000000000       2.378975045498378E-006
   973.140000000000       2.409309456057406E-006
   973.240000000000       2.445500329829929E-006
   973.340000000000       2.487763157978656E-006
   973.440000000000       2.533360768579187E-006
   973.540000000000       2.585729842848820E-006
   973.640000000000       2.640092949342325E-006
   973.740000000000       2.700701289129743E-006
   973.840000000000       2.762757646960587E-006
   973.940000000000       2.830131937394502E-006
   974.040000000000       2.898432690520573E-006
   974.140000000000       2.971170242687376E-006
   974.240000000000       3.044957241119496E-006
   974.340000000000       3.121661803031587E-006
   974.440000000000       3.199968536766291E-006
   974.540000000000       3.279982986420542E-006
   975.540000000000       4.165249233331788E-006
   976.540000000000       5.255502907463737E-006
   977.540000000000       6.739385034112460E-006
   978.540000000000       8.938255488277217E-006
   979.540000000000       1.231688709546664E-005
   980.540000000000       1.729290296996667E-005
   981.540000000000       2.398688818105960E-005
   982.540000000000       3.221996244292134E-005
   985.040000000000       5.816830796129762E-005
   987.540000000000       8.797127170496497E-005
   990.040000000000       1.094163960249386E-004
   992.540000000000       1.263714108361392E-004
   997.540000000000       1.845092522358238E-004
   1000.72000000000       2.103801595154527E-004
   1005.72000000000       1.568904586061876E-004
   1008.22000000000       1.183851922781203E-004
   1010.72000000000       8.117237566891507E-005
   1013.22000000000       5.050934481196013E-005
   1015.72000000000       2.833110407965096E-005
   1016.72000000000       2.198348039776744E-005
   1017.72000000000       1.706690357381825E-005
   1018.72000000000       1.334878746916555E-005
   1019.72000000000       1.057424536689493E-005
   1020.72000000000       8.534775123399505E-006
   1021.72000000000       7.026029315894911E-006
   1022.72000000000       5.818841502746001E-006
   1022.80000000000       5.727823729110731E-006
   1023.72000000000       4.705789467191106E-006
   1023.82000000000       4.597605581287776E-006
   1023.92000000000       4.490231918062005E-006
   1024.02000000000       4.384350861940068E-006
   1024.12000000000       4.281113680014262E-006
   1024.22000000000       4.178653318782239E-006
   1024.32000000000       4.081210124366639E-006
   1024.42000000000       3.984713154850062E-006
   1024.52000000000       3.894884739181475E-006
   1024.62000000000       3.806761657808644E-006
   1024.72000000000       3.726753463785732E-006
   1024.82000000000       3.649342883864463E-006
   1024.92000000000       3.581338761815061E-006
   1025.02000000000       3.517683813631946E-006
   1025.12000000000       3.462952033305679E-006
   1025.22000000000       3.416198125072209E-006
   1025.32000000000       3.376256049862683E-006
   1025.42000000000       3.348128752099621E-006
   1025.52000000000       3.324952191305518E-006
   1025.62000000000       3.315596824877666E-006
   1025.72000000000       3.311880071559502E-006
   1025.82000000000       3.321206626841814E-006
   1025.92000000000       3.336481127587685E-006
   1026.02000000000       3.365595514270065E-006
   1026.12000000000       3.399436143902678E-006
   1026.22000000000       3.445701192891013E-006
   1026.32000000000       3.498507332796170E-006
   1026.42000000000       3.559984509867123E-006
   1026.52000000000       3.630252934456095E-006
   1026.62000000000       3.705321601156122E-006
   1026.72000000000       3.790125446443163E-006
   1026.82000000000       3.877843626456780E-006
   1026.92000000000       3.974170796687612E-006
   1027.02000000000       4.072386778215525E-006
   1027.12000000000       4.177862642248911E-006
   1027.22000000000       4.284307414753158E-006
   1027.32000000000       4.396420879747736E-006
   1027.42000000000       4.509357536212790E-006
   1027.52000000000       4.625740708503204E-006
   1027.62000000000       4.743450052046321E-006
   1027.72000000000       4.862610489107222E-006
   1028.72000000000       6.092283082526286E-006
   1029.72000000000       7.395117907617529E-006
   1030.72000000000       8.952794696883529E-006
   1031.72000000000       1.102326591966996E-005
   1032.72000000000       1.380763963372953E-005
   1033.72000000000       1.744821428419256E-005
   1034.72000000000       2.239407151311179E-005
   1035.72000000000       2.951127080767454E-005
   1038.22000000000       5.981463648382974E-005
   1040.72000000000       1.032901177417648E-004
   1043.22000000000       1.505132433726984E-004
   1045.72000000000       1.989868398996756E-004
   1050.72000000000       2.806307250694946E-004
   1055.72000000000       3.096374485914516E-004
   1060.72000000000       3.429221578364839E-004
   1065.72000000000       4.745200796085269E-004
   1070.72000000000       4.958097857308648E-004
   1075.72000000000       4.578153088916040E-004
   1078.59000000000       4.900907210322555E-004
   1080.72000000000       5.523015297587018E-004
   1085.72000000000       6.733463477037418E-004
   1090.72000000000       7.095385564244645E-004
   1095.72000000000       7.176208081864570E-004
   1100.72000000000       7.197083503752547E-004
   1105.72000000000       7.180869820931542E-004
   1110.72000000000       7.126376858272013E-004
   1115.72000000000       7.081465233955239E-004
   1125.67000000000       6.955066926387253E-004
   1130.67000000000       6.884076621939438E-004
   1134.38000000000       6.822659134577021E-004
   1135.67000000000       6.791691176038868E-004
   1140.67000000000       6.657156405708248E-004
   1145.67000000000       6.540259668684709E-004
   1150.67000000000       6.353357676268732E-004
   1155.67000000000       6.162832938346769E-004
   1160.67000000000       5.929583506243261E-004
   1165.67000000000       5.604060791113991E-004
   1170.67000000000       5.212475913690415E-004
   1175.67000000000       4.781441432787768E-004
   1180.67000000000       4.191975155990354E-004
   1185.67000000000       3.506009455480112E-004
   1190.17000000000       2.778519534299710E-004
   1190.67000000000       2.695799712964155E-004
   1195.67000000000       1.851671784746113E-004
   1198.17000000000       1.438797163722804E-004
   1200.67000000000       1.058690042264554E-004
   1203.17000000000       7.358682451910623E-005
   1205.67000000000       4.743489087755733E-005
   1206.67000000000       3.928183621149134E-005
   1207.67000000000       3.253755716787160E-005
   1208.67000000000       2.709009405118457E-005
   1209.67000000000       2.283920704333031E-005
   1210.67000000000       1.960504511489141E-005
   1211.67000000000       1.706501425183550E-005
   1212.67000000000       1.479505890546965E-005
   1213.67000000000       1.241023525065374E-005
   1213.77000000000       1.216325510968375E-005
   1213.87000000000       1.191787098153682E-005
   1213.97000000000       1.167523683082383E-005
   1214.07000000000       1.143205638600595E-005
   1214.17000000000       1.119852091736915E-005
   1214.27000000000       1.096260315554129E-005
   1214.37000000000       1.074276131876756E-005
   1214.47000000000       1.052099277028914E-005
   1214.57000000000       1.031997874737222E-005
   1214.67000000000       1.011941068556501E-005
   1214.77000000000       9.942802404951210E-006
   1214.87000000000       9.771032890926024E-006
   1214.97000000000       9.622672889330840E-006
   1215.07000000000       9.488103955690239E-006
   1215.17000000000       9.371794474144884E-006
   1215.27000000000       9.280457770373409E-006
   1215.37000000000       9.200573812486862E-006
   1215.47000000000       9.154666377668744E-006
   1215.57000000000       9.117394364128855E-006
   1215.67000000000       9.116796270010468E-006
   1215.77000000000       9.124857772685291E-006
   1215.87000000000       9.169363737178804E-006
   1215.97000000000       9.222193448044029E-006
   1216.07000000000       9.309157134582329E-006
   1216.17000000000       9.406321141246739E-006
   1216.27000000000       9.528959278675904E-006
   1216.37000000000       9.668128659044416E-006
   1216.47000000000       9.820948920863694E-006
   1216.57000000000       9.995687709862913E-006
   1216.67000000000       1.017470776907519E-005
   1216.77000000000       1.037611261689401E-005
   1216.87000000000       1.057683037652792E-005
   1216.97000000000       1.079653556258846E-005
   1217.07000000000       1.101290779866971E-005
   1217.17000000000       1.124342589561476E-005
   1217.27000000000       1.146943099069392E-005
   1217.37000000000       1.170351480992899E-005
   1217.47000000000       1.193378712407803E-005
   1217.57000000000       1.216549922777164E-005
   1217.67000000000       1.239504498840866E-005
   1218.67000000000       1.443888612189504E-005
   1219.67000000000       1.599341274630073E-005
   1220.67000000000       1.746081435284275E-005
   1221.67000000000       1.940031780078852E-005
   1222.67000000000       2.228313198362913E-005
   1223.67000000000       2.633395938152646E-005
   1224.67000000000       3.161653395090132E-005
   1225.67000000000       3.827620486891378E-005
   1228.17000000000       5.740734538608533E-005
   1230.67000000000       7.181186933526520E-005
   1233.17000000000       1.002783115705853E-004
   1235.67000000000       1.526376675201337E-004
   1240.67000000000       2.662223009959051E-004
   1245.67000000000       3.611589134865255E-004
   1245.96000000000       3.660608041090814E-004
   1250.67000000000       4.394969874817467E-004
   1255.67000000000       4.879159868138906E-004
   1260.67000000000       5.142408973986794E-004
   1265.67000000000       5.497085908085276E-004
   1270.67000000000       5.759365430628633E-004
   1275.67000000000       5.761145781861106E-004
   1280.67000000000       5.833399355221315E-004
   1282.67000000000       5.870014423022688E-004
   1284.41000000000       5.899128550116563E-004
   1290.51000000000       5.945538651559017E-004
   1295.16000000000       5.988965664176021E-004
   1299.70000000000       5.996309603734761E-004
   1303.88000000000       6.026228915153641E-004
   1307.75000000000       6.040786842664510E-004
   1312.15000000000       6.039852600475141E-004
   1315.57000000000       6.044446022110781E-004
   1319.09000000000       6.040725930410025E-004
   1323.63000000000       6.040551118468440E-004
   1328.39000000000       6.025113056512480E-004
   1332.36000000000       6.034818143879805E-004
   1336.24000000000       6.029983844890158E-004
   1339.88000000000       6.013548523882020E-004
   1344.41000000000       6.005247580420542E-004
   1348.38000000000       6.001047234463540E-004
   1353.23000000000       5.993055137041950E-004
   1356.50000000000       5.974788175420543E-004
   1360.88000000000       5.941510496708264E-004
   1365.13000000000       5.910824666029773E-004
   1369.04000000000       5.884316223680758E-004
   1373.49000000000       5.855151088553518E-004
   1376.93000000000       5.820640135313902E-004
   1379.68000000000       5.784886411089916E-004
   1382.98000000000       5.744100367626231E-004
   1385.71000000000       5.719671180066589E-004
   1387.44000000000       5.707953038879284E-004
   1388.84000000000       5.699233784297459E-004
   1389.80000000000       5.693071184487894E-004
   1390.86000000000       5.685977359801158E-004
   1392.37000000000       5.675683926293412E-004
   1393.76000000000       5.666928072254041E-004
   1395.38000000000       5.659135949719782E-004
   1396.44000000000       5.656359955558517E-004
   1397.28000000000       5.655849200327390E-004
   1399.00000000000       5.659691632674373E-004
   1400.40000000000       5.667728029352393E-004
   1401.56000000000       5.677575640808931E-004
   1401.85000000000       5.680429308910898E-004
   1402.92000000000       5.691859224350795E-004
   1403.77000000000       5.701660287749129E-004
   1404.69000000000       5.712513679546434E-004
   1405.85000000000       5.726103386877342E-004
   1407.00000000000       5.738999088554784E-004
   1408.61000000000       5.755424189885012E-004
   1409.90000000000       5.766812858569822E-004
   1410.62000000000       5.772453176439600E-004
   1411.56000000000       5.779018497148919E-004
   1412.85000000000       5.786687488038266E-004
   1414.49000000000       5.794360707467289E-004
   1415.45000000000       5.797726264802053E-004
   1416.53000000000       5.800549507377038E-004
   1417.51000000000       5.802427101082988E-004
   1418.36000000000       5.803627028838574E-004
   1419.80000000000       5.804686576253598E-004
   1421.24000000000       5.804559254612789E-004
   1424.04000000000       5.801530160392510E-004
   1424.20000000000       5.801256641573001E-004
   1426.43000000000       5.796382855388239E-004
   1428.22000000000       5.791430745660911E-004
   1429.78000000000       5.786599733372605E-004
   1432.70000000000       5.776732556741033E-004
   1434.35000000000       5.770843397840107E-004
   1436.47000000000       5.763279134883771E-004
   1438.46000000000       5.755975020623136E-004
   1441.90000000000       5.742926490299622E-004
   1444.65000000000       5.732268291890546E-004
   1447.85000000000       5.719659434991846E-004
   1453.29000000000       5.697958255987991E-004
   1458.14000000000       5.678481543854936E-004
   1463.09000000000       5.658575431549805E-004
   1467.92000000000       5.639187757162183E-004
   1473.30000000000       5.617713123805783E-004
   1480.00000000000       5.591128878907517E-004
   1487.26000000000       5.562541804077560E-004
   1495.19000000000       5.531678061876783E-004
   1503.23000000000       5.500738039310571E-004
   1508.91000000000       5.479107574465756E-004
   1515.04000000000       5.455999118509636E-004
   1519.62000000000       5.438841275840398E-004
   1526.20000000000       5.414424325188078E-004
   1531.77000000000       5.393941664882887E-004
   1537.68000000000       5.372405612947687E-004
   1543.69000000000       5.350712755664662E-004
   1550.70000000000       5.325654846222351E-004
   1556.93000000000       5.303629070088779E-004
   1562.17000000000       5.285248048485919E-004
   1569.62000000000       5.259391599226617E-004
   1576.07000000000       5.237231387110311E-004
   1581.96000000000       5.217176380167158E-004
   1588.63000000000       5.194726198229496E-004
   1595.74000000000       5.171029698097205E-004
   1598.96000000000       5.160387425295119E-004
   1602.73000000000       5.148019601057549E-004
   1606.62000000000       5.135314815073104E-004
   1611.61000000000       5.119131079320358E-004
   1615.27000000000       5.107335974459855E-004
   1618.70000000000       5.096342871622210E-004
   1622.04000000000       5.085687705332267E-004
   1624.30000000000       5.078508475364876E-004
   1626.89000000000       5.070317011491156E-004
   1630.38000000000       5.059323725826135E-004
   1634.43000000000       5.046650979925757E-004
   1638.80000000000       5.033041756296736E-004
   1644.19000000000       5.016365556692900E-004
   1650.79000000000       4.996137994250502E-004
   1657.27000000000       4.976458383131017E-004
   1664.08000000000       4.955953669555290E-004
   1673.34000000000       4.928402469728738E-004
   1682.82000000000       4.900568947736314E-004
   1689.74000000000       4.880493112536440E-004
   1696.20000000000       4.861922679493122E-004
   1703.23000000000       4.841896536622908E-004
   1709.58000000000       4.823977505937566E-004
   1713.03000000000       4.814307296275765E-004
   1720.60000000000       4.793243073405859E-004
   1728.51000000000       4.771473677544496E-004
   1735.98000000000       4.751108069960643E-004
   1745.23000000000       4.726202552645597E-004
   1756.48000000000       4.696297856311471E-004
   1768.52000000000       4.664779833149330E-004
   1776.87000000000       4.643213061915376E-004
   1787.90000000000       4.615081373207829E-004
   1800.49000000000       4.583439225218207E-004
   1811.07000000000       4.557233667860882E-004
   1820.10000000000       4.535141501037400E-004
   1830.02000000000       4.511147017462933E-004
   1838.71000000000       4.490344873469398E-004
   1849.19000000000       4.465558892937953E-004
   1859.00000000000       4.442653756467475E-004
   1869.14000000000       4.419254821556346E-004
   1882.40000000000       4.389057797979542E-004
   1892.10000000000       4.367271786493617E-004
   1902.46000000000       4.344280157332511E-004
   1911.49000000000       4.324450781727945E-004
   1927.99000000000       4.288732609690940E-004
   1936.91000000000       4.269709959669222E-004
   1946.26000000000       4.249956262600514E-004
   1957.85000000000       4.225755264231859E-004
   1965.66000000000       4.209613386195822E-004
   1975.13000000000       4.190246779559753E-004
   1980.59000000000       4.179155621759439E-004
   1986.94000000000       4.166328571674996E-004
   1993.29000000000       4.153603959229784E-004
   1999.66000000000       4.140926426383547E-004
   2000.00000000000       4.140254599606187E-004
   2025.00000000000       4.091279059260025E-004
   2050.20000000000       4.043200064055131E-004
   2050.30000000000       4.043001770560068E-004
   2075.00000000000       3.997009187442128E-004
   2100.00000000000       3.951563521720105E-004
   2120.00000000000       3.915977171230234E-004
   2140.00000000000       3.881061464173611E-004
   2160.00000000000       3.846785464930181E-004
   2180.00000000000       3.813129859756792E-004
   2200.00000000000       3.780080621408751E-004
   2220.00000000000       3.747640005787733E-004
   2240.00000000000       3.715706426877677E-004
   2250.00000000000       3.699956924979755E-004
   2282.00000000000       3.650419612840218E-004
   2290.16000000000       3.637982270188586E-004
   2305.95000000000       3.614201287126539E-004
   2361.74000000000       3.532517807348567E-004
   2417.53000000000       3.454365784644672E-004
   2473.32000000000       3.379460297575743E-004
   2529.11000000000       3.307555252303206E-004
   2584.90000000000       3.238470850731451E-004
   2640.69000000000       3.171987117576579E-004
   2696.48000000000       3.107953614479733E-004
   2752.27000000000       3.046219702649503E-004
   2808.06000000000       2.986630336821857E-004
   2863.84000000000       2.929085941500004E-004
   2919.63000000000       2.873438053266292E-004
   2975.42000000000       2.819591414178464E-004
   3031.21000000000       2.767471190637827E-004
   3087.00000000000       2.716954568518970E-004
   3142.79000000000       2.667989490238684E-004
   3198.58000000000       2.620469132547565E-004
   3254.37000000000       2.574354075060447E-004
   3310.16000000000       2.529557683644832E-004
   3365.95000000000       2.486035176420593E-004
   3421.74000000000       2.443710951595232E-004
   3450.15000000000       2.422612802809465E-004
   3477.53000000000       2.402558953847419E-004
   3525.15000000000       2.368303307785368E-004
   3533.32000000000       2.362503138653004E-004
   3589.10000000000       2.323529067752965E-004
   3600.15000000000       2.315912565090361E-004
   3612.65000000000       2.307372109304491E-004
   3625.15000000000       2.298871683268706E-004
   3637.65000000000       2.290421152790758E-004
   3644.89000000000       2.285506872154400E-004
   3650.15000000000       2.281601442472086E-004
   3655.15000000000       2.278183441541372E-004
   3660.15000000000       2.274804635776926E-004
   3665.15000000000       2.271439210546837E-004
   3670.15000000000       2.268069173718703E-004
   3675.15000000000       2.264692404692771E-004
   3680.15000000000       2.261315928305798E-004
   3685.15000000000       2.257932725095773E-004
   3690.15000000000       2.254538479623980E-004
   3695.15000000000       2.251142532857690E-004
   3700.15000000000       2.247754903304445E-004
   3705.15000000000       2.244559554246496E-004
   3710.15000000000       2.241386726527570E-004
   3715.15000000000       2.238350765810943E-004
   3720.15000000000       2.235464349540765E-004
   3725.15000000000       2.232665774061560E-004
   3730.15000000000       2.229831556199117E-004
   3732.65000000000       2.228343002426290E-004
   3735.15000000000       2.226720526533601E-004
   3737.65000000000       2.224938301944893E-004
   3737.88000000000       2.224766982788613E-004
   3740.15000000000       2.222868791958109E-004
   3741.15000000000       2.221935328451292E-004
   3742.15000000000       2.220946084639610E-004
   3743.15000000000       2.219907065757568E-004
   3744.15000000000       2.218814058518747E-004
   3745.15000000000       2.217691059168716E-004
   3746.15000000000       2.216541984203859E-004
   3747.15000000000       2.215425404670358E-004
   3748.15000000000       2.214373296664162E-004
   3748.25000000000       2.214275995704373E-004
   3748.35000000000       2.214174966277911E-004
   3748.45000000000       2.214077783100931E-004
   3748.55000000000       2.213986538983203E-004
   3748.65000000000       2.213887198366239E-004
   3748.75000000000       2.213797866894145E-004
   3748.85000000000       2.213716620609241E-004
   3748.95000000000       2.213623266658267E-004
   3749.05000000000       2.213538011665593E-004
   3749.15000000000       2.213457759099891E-004
   3749.25000000000       2.213371796083387E-004
   3749.35000000000       2.213296696941593E-004
   3749.45000000000       2.213218644556741E-004
   3749.55000000000       2.213140392911267E-004
   3749.65000000000       2.213074094286266E-004
   3749.75000000000       2.212994981809708E-004
   3749.85000000000       2.212931547944888E-004
   3749.95000000000       2.212868357498110E-004
   3750.05000000000       2.212798498522240E-004
   3750.15000000000       2.212741529681268E-004
   3750.25000000000       2.212687223675826E-004
   3750.35000000000       2.212626170205072E-004
   3750.45000000000       2.212571005161375E-004
   3750.55000000000       2.212514198690093E-004
   3750.65000000000       2.212462537103903E-004
   3750.75000000000       2.212415500578352E-004
   3750.85000000000       2.212370852199587E-004
   3750.95000000000       2.212336181221149E-004
   3751.05000000000       2.212282835405101E-004
   3751.15000000000       2.212237967561047E-004
   3751.25000000000       2.212210559230024E-004
   3751.35000000000       2.212164848491442E-004
   3751.45000000000       2.212129265438136E-004
   3751.55000000000       2.212088167576889E-004
   3751.65000000000       2.212068669896339E-004
   3751.75000000000       2.212030541488917E-004
   3751.85000000000       2.212009846181830E-004
   3751.95000000000       2.211988152138446E-004
   3752.05000000000       2.211947446458472E-004
   3752.15000000000       2.211924480415543E-004
   3753.15000000000       2.211715563006800E-004
   3754.15000000000       2.211540305834426E-004
   3755.15000000000       2.211339337087621E-004
   3756.15000000000       2.211044959341483E-004
   3757.15000000000       2.210641124411200E-004
   3758.15000000000       2.210077954504597E-004
   3759.15000000000       2.209386507888377E-004
   3760.15000000000       2.208485637970199E-004
   3760.63000000000       2.207987491414921E-004
   3761.63000000000       2.206827572879295E-004
   3762.63000000000       2.205483741511537E-004
   3763.63000000000       2.204013911508466E-004
   3764.63000000000       2.202419689744006E-004
   3765.63000000000       2.200717351262206E-004
   3766.63000000000       2.198945703087407E-004
   3767.63000000000       2.197211053334350E-004
   3768.63000000000       2.195660122846955E-004
   3768.73000000000       2.195528759645370E-004
   3768.83000000000       2.195400341336308E-004
   3768.93000000000       2.195267323746440E-004
   3769.03000000000       2.195142127068998E-004
   3769.13000000000       2.195031855754700E-004
   3769.23000000000       2.194913277643352E-004
   3769.33000000000       2.194806684987403E-004
   3769.43000000000       2.194701397971543E-004
   3769.53000000000       2.194599794391861E-004
   3769.63000000000       2.194512948087242E-004
   3769.73000000000       2.194425790884416E-004
   3769.83000000000       2.194345997810061E-004
   3769.93000000000       2.194264622494649E-004
   3770.03000000000       2.194201426818351E-004
   3770.13000000000       2.194142168354778E-004
   3770.23000000000       2.194087189135252E-004
   3770.33000000000       2.194034630330597E-004
   3770.43000000000       2.193992178744616E-004
   3770.53000000000       2.193956031063487E-004
   3770.63000000000       2.193928136726049E-004
   3770.73000000000       2.193906023484549E-004
   3770.83000000000       2.193890811379442E-004
   3770.93000000000       2.193877817872826E-004
   3771.03000000000       2.193875231014899E-004
   3771.13000000000       2.193877958730980E-004
   3771.23000000000       2.193893130118306E-004
   3771.33000000000       2.193911498946457E-004
   3771.43000000000       2.193934020348471E-004
   3771.53000000000       2.193969046617222E-004
   3771.63000000000       2.193999020096201E-004
   3771.73000000000       2.194035726643371E-004
   3771.83000000000       2.194087582117158E-004
   3771.93000000000       2.194132987870486E-004
   3772.03000000000       2.194191644268748E-004
   3772.13000000000       2.194254633366876E-004
   3772.23000000000       2.194323139060953E-004
   3772.33000000000       2.194390323583458E-004
   3772.43000000000       2.194466500655005E-004
   3772.53000000000       2.194550686921582E-004
   3772.63000000000       2.194633803442865E-004
   3773.63000000000       2.195632170514343E-004
   3774.63000000000       2.196783525252644E-004
   3775.63000000000       2.197918864498911E-004
   3776.63000000000       2.198925873040760E-004
   3777.63000000000       2.199736698185855E-004
   3778.63000000000       2.200322750153720E-004
   3779.63000000000       2.200652471416714E-004
   3780.63000000000       2.200655965990309E-004
   3783.13000000000       2.199294357603477E-004
   3785.40000000000       2.196239061683877E-004
   3787.90000000000       2.190796233816755E-004
   3788.90000000000       2.188036594039922E-004
   3789.90000000000       2.184985710188262E-004
   3790.90000000000       2.181694288022254E-004
   3791.90000000000       2.178169044970080E-004
   3792.90000000000       2.174469856004947E-004
   3793.90000000000       2.170672018823467E-004
   3794.90000000000       2.167012498121448E-004
   3795.90000000000       2.163860008963377E-004
   3796.00000000000       2.163579411833492E-004
   3796.10000000000       2.163332677344425E-004
   3796.20000000000       2.163089252523797E-004
   3796.30000000000       2.162855535849565E-004
   3796.40000000000       2.162633241466041E-004
   3796.50000000000       2.162432515025188E-004
   3796.60000000000       2.162242070204980E-004
   3796.70000000000       2.162063605261211E-004
   3796.80000000000       2.161891816510494E-004
   3796.90000000000       2.161755001183115E-004
   3797.00000000000       2.161623579608276E-004
   3797.10000000000       2.161506654423819E-004
   3797.20000000000       2.161411402063214E-004
   3797.30000000000       2.161336595310022E-004
   3797.40000000000       2.161278261945093E-004
   3797.50000000000       2.161234657273111E-004
   3797.60000000000       2.161214311903671E-004
   3797.70000000000       2.161202133401096E-004
   3797.80000000000       2.161216984109508E-004
   3797.90000000000       2.161250715922849E-004
   3798.00000000000       2.161303515928766E-004
   3798.10000000000       2.161380195422761E-004
   3798.20000000000       2.161468080199846E-004
   3798.30000000000       2.161574171938671E-004
   3798.40000000000       2.161697843451588E-004
   3798.50000000000       2.161842526895242E-004
   3798.60000000000       2.162016297376547E-004
   3798.70000000000       2.162185029670483E-004
   3798.80000000000       2.162397214619762E-004
   3798.90000000000       2.162604491536520E-004
   3799.00000000000       2.162839656713003E-004
   3799.10000000000       2.163082291616749E-004
   3799.20000000000       2.163339644228450E-004
   3799.30000000000       2.163625394417573E-004
   3799.40000000000       2.163914851778533E-004
   3799.50000000000       2.164213340941601E-004
   3799.60000000000       2.164539485774212E-004
   3799.70000000000       2.164865114709688E-004
   3799.80000000000       2.165199483599791E-004
   3799.90000000000       2.165557492949977E-004
   3800.90000000000       2.169551837645488E-004
   3801.90000000000       2.174035469191268E-004
   3802.90000000000       2.178618277284768E-004
   3803.90000000000       2.183061088114509E-004
   3804.90000000000       2.187245434571671E-004
   3805.90000000000       2.191147238926874E-004
   3806.90000000000       2.194714553490820E-004
   3807.90000000000       2.197854925070283E-004
   3810.40000000000       2.203651063328299E-004
   3812.90000000000       2.206105718013596E-004
   3815.40000000000       2.204764960429029E-004
   3817.89000000000       2.199214458953931E-004
   3820.39000000000       2.189331467860584E-004
   3822.89000000000       2.175377412270360E-004
   3825.39000000000       2.157614467847549E-004
   3826.39000000000       2.149593155477238E-004
   3827.39000000000       2.141177284049206E-004
   3828.39000000000       2.132452161654905E-004
   3829.39000000000       2.123428698749237E-004
   3830.39000000000       2.114099235081710E-004
   3830.86000000000       2.109653602134156E-004
   3831.39000000000       2.104662103412148E-004
   3832.39000000000       2.095538191834801E-004
   3833.39000000000       2.087579003690794E-004
   3833.49000000000       2.086890463409813E-004
   3833.59000000000       2.086232179807549E-004
   3833.69000000000       2.085608670226055E-004
   3833.79000000000       2.085023942996072E-004
   3833.89000000000       2.084447592475227E-004
   3833.99000000000       2.083916793918882E-004
   3834.09000000000       2.083410719023848E-004
   3834.19000000000       2.082951602400287E-004
   3834.29000000000       2.082530472377423E-004
   3834.39000000000       2.082142620254469E-004
   3834.49000000000       2.081802719366657E-004
   3834.59000000000       2.081508202636730E-004
   3834.69000000000       2.081246232420870E-004
   3834.79000000000       2.081033735541641E-004
   3834.89000000000       2.080867389339258E-004
   3834.99000000000       2.080757077965149E-004
   3835.09000000000       2.080695080528083E-004
   3835.19000000000       2.080665201443502E-004
   3835.29000000000       2.080699371296777E-004
   3835.39000000000       2.080760788410558E-004
   3835.49000000000       2.080894917519159E-004
   3835.59000000000       2.081080067039377E-004
   3835.69000000000       2.081302580463162E-004
   3835.79000000000       2.081573872928990E-004
   3835.89000000000       2.081895948842242E-004
   3835.99000000000       2.082262937312364E-004
   3836.09000000000       2.082684556300845E-004
   3836.19000000000       2.083147125036957E-004
   3836.29000000000       2.083654919868085E-004
   3836.39000000000       2.084193747659796E-004
   3836.49000000000       2.084789081695834E-004
   3836.59000000000       2.085417418231777E-004
   3836.69000000000       2.086085342066892E-004
   3836.79000000000       2.086787269472549E-004
   3836.89000000000       2.087527517747455E-004
   3836.99000000000       2.088315457841661E-004
   3837.09000000000       2.089107840220642E-004
   3837.19000000000       2.089953118955156E-004
   3837.29000000000       2.090819586354993E-004
   3837.39000000000       2.091713089383452E-004
   3838.39000000000       2.101789450806889E-004
   3839.39000000000       2.113096584474063E-004
   3840.39000000000       2.124787139881911E-004
   3841.39000000000       2.136407714808868E-004
   3842.39000000000       2.147787768384716E-004
   3843.39000000000       2.158914272657289E-004
   3844.39000000000       2.169769902743326E-004
   3845.39000000000       2.180253293888635E-004
   3847.89000000000       2.204202315155305E-004
   3850.39000000000       2.224157047031423E-004
   3852.89000000000       2.239558177767745E-004
   3855.39000000000       2.249395894260165E-004
   3860.39000000000       2.253564414488147E-004
   3864.05000000000       2.242496515495620E-004
   3869.05000000000       2.206929167292800E-004
   3871.55000000000       2.180257338173116E-004
   3874.05000000000       2.147427328912033E-004
   3876.55000000000       2.109891622298110E-004
   3879.05000000000       2.067646701874149E-004
   3880.05000000000       2.049441759985465E-004
   3881.05000000000       2.030625682871039E-004
   3882.05000000000       2.011370029378913E-004
   3883.05000000000       1.991673583501142E-004
   3884.05000000000       1.971444469471227E-004
   3885.05000000000       1.950819123758428E-004
   3886.05000000000       1.930571905152121E-004
   3887.05000000000       1.912578155933737E-004
   3887.15000000000       1.911004622236416E-004
   3887.25000000000       1.909499271985794E-004
   3887.35000000000       1.908047718682145E-004
   3887.45000000000       1.906654182758380E-004
   3887.55000000000       1.905335647686208E-004
   3887.65000000000       1.904089950278883E-004
   3887.75000000000       1.902913126076346E-004
   3887.85000000000       1.901810078280844E-004
   3887.95000000000       1.900794192506328E-004
   3888.05000000000       1.899855607169398E-004
   3888.15000000000       1.899009754005760E-004
   3888.25000000000       1.898249057722614E-004
   3888.35000000000       1.897580672555105E-004
   3888.45000000000       1.896999737440422E-004
   3888.55000000000       1.896529745212249E-004
   3888.65000000000       1.896139647182210E-004
   3888.75000000000       1.895856543120788E-004
   3888.85000000000       1.895671365074895E-004
   3888.95000000000       1.895591077989916E-004
   3889.05000000000       1.895611755260011E-004
   3889.15000000000       1.895729732993177E-004
   3889.25000000000       1.895953377523815E-004
   3889.35000000000       1.896279541878350E-004
   3889.45000000000       1.896693599492156E-004
   3889.55000000000       1.897214146708369E-004
   3889.65000000000       1.897834723609588E-004
   3889.75000000000       1.898549064651264E-004
   3889.85000000000       1.899355193066630E-004
   3889.95000000000       1.900255371538783E-004
   3890.05000000000       1.901249201822782E-004
   3890.15000000000       1.902323181818134E-004
   3890.25000000000       1.903490837948141E-004
   3890.35000000000       1.904733611709131E-004
   3890.45000000000       1.906049397932340E-004
   3890.55000000000       1.907448875762671E-004
   3890.65000000000       1.908913962504462E-004
   3890.75000000000       1.910448926197859E-004
   3890.85000000000       1.912044896783245E-004
   3890.95000000000       1.913706661743165E-004
   3891.05000000000       1.915423805635304E-004
   3892.05000000000       1.934985703515255E-004
   3893.05000000000       1.956927097038828E-004
   3894.05000000000       1.979409867834469E-004
   3895.05000000000       2.001655423233935E-004
   3896.05000000000       2.023556821404225E-004
   3897.05000000000       2.045219162257161E-004
   3898.05000000000       2.066661500642253E-004
   3899.05000000000       2.087730386876450E-004
   3901.55000000000       2.138051087386548E-004
   3904.05000000000       2.184967217504906E-004
   3906.55000000000       2.228523325385413E-004
   3909.05000000000       2.267196553016565E-004
   3914.05000000000       2.329043571268010E-004
   3919.05000000000       2.370130946529047E-004
   3923.84000000000       2.390883681357823E-004
   3924.05000000000       2.391378849132426E-004
   3929.05000000000       2.393831044997752E-004
   3930.07000000000       2.391797628311697E-004
   3935.07000000000       2.368518727173615E-004
   3940.07000000000       2.321912752212530E-004
   3945.07000000000       2.249062349295709E-004
   3950.07000000000       2.151457564757866E-004
   3952.57000000000       2.095242443502724E-004
   3955.07000000000       2.033853572165131E-004
   3957.57000000000       1.967217719568701E-004
   3960.07000000000       1.895298873512829E-004
   3961.07000000000       1.865426088210442E-004
   3962.07000000000       1.835247662684345E-004
   3963.07000000000       1.804848779828796E-004
   3964.07000000000       1.774018140844825E-004
   3965.07000000000       1.742341279657573E-004
   3966.07000000000       1.709572182947982E-004
   3967.07000000000       1.675926774550256E-004
   3968.07000000000       1.643171161150193E-004
   3968.17000000000       1.640117748875797E-004
   3968.27000000000       1.637135649292477E-004
   3968.37000000000       1.634233622092870E-004
   3968.47000000000       1.631415399938787E-004
   3968.57000000000       1.628706088916392E-004
   3968.67000000000       1.626097870443480E-004
   3968.77000000000       1.623604863115877E-004
   3968.87000000000       1.621253820862424E-004
   3968.97000000000       1.619037547817569E-004
   3969.07000000000       1.616973644822449E-004
   3969.17000000000       1.615066128133690E-004
   3969.27000000000       1.613330932570200E-004
   3969.37000000000       1.611782717580179E-004
   3969.47000000000       1.610414419618075E-004
   3969.57000000000       1.609241627032650E-004
   3969.67000000000       1.608280400212928E-004
   3969.77000000000       1.607515085537772E-004
   3969.87000000000       1.606970408712285E-004
   3969.97000000000       1.606637259181146E-004
   3970.07000000000       1.606530077203250E-004
   3970.17000000000       1.606629816802528E-004
   3970.27000000000       1.606949988753771E-004
   3970.37000000000       1.607488989605021E-004
   3970.47000000000       1.608242413950225E-004
   3970.57000000000       1.609197310911298E-004
   3970.67000000000       1.610362386703686E-004
   3970.77000000000       1.611715543328271E-004
   3970.87000000000       1.613257597617913E-004
   3970.97000000000       1.614987347171882E-004
   3971.07000000000       1.616877068336028E-004
   3971.17000000000       1.618938139828015E-004
   3971.27000000000       1.621145083419584E-004
   3971.37000000000       1.623490781636572E-004
   3971.47000000000       1.625968607099387E-004
   3971.57000000000       1.628571795804853E-004
   3971.67000000000       1.631272913542863E-004
   3971.77000000000       1.634082888135684E-004
   3971.87000000000       1.636972568914822E-004
   3971.97000000000       1.639949731721655E-004
   3972.07000000000       1.642993513179510E-004
   3973.07000000000       1.675681576274052E-004
   3974.07000000000       1.709284483350347E-004
   3975.07000000000       1.742046824604720E-004
   3976.07000000000       1.773760998286546E-004
   3977.07000000000       1.804704146947832E-004
   3978.07000000000       1.835295629180051E-004
   3979.07000000000       1.865778878129342E-004
   3980.07000000000       1.896079553682729E-004
   3982.57000000000       1.969696785414667E-004
   3985.07000000000       2.039101050421798E-004
   3987.57000000000       2.104571917459610E-004
   3990.07000000000       2.166554007478947E-004
   3995.07000000000       2.280395000954619E-004
   4000.00000000000       2.374367024696946E-004
   4000.07000000000       2.375554789581611E-004
   4005.07000000000       2.449714525912935E-004
   4010.07000000000       2.504705292747070E-004
   4015.07000000000       2.543698946434038E-004
   4016.82000000000       2.554318363855481E-004
   4020.07000000000       2.569831459693055E-004
   4025.07000000000       2.586264953717885E-004
   4030.07000000000       2.594793843474475E-004
   4035.07000000000       2.595990143166673E-004
   4036.73000000000       2.594587413718319E-004
   4041.73000000000       2.584517380109551E-004
   4046.73000000000       2.564763130391212E-004
   4051.73000000000       2.532815251130975E-004
   4056.73000000000       2.485852757337554E-004
   4061.73000000000       2.421866275192349E-004
   4066.73000000000       2.341352694451002E-004
   4071.73000000000       2.248852826412270E-004
   4076.73000000000       2.147392827200232E-004
   4081.73000000000       2.030071253424709E-004
   4084.23000000000       1.962891217388782E-004
   4086.73000000000       1.890325262653615E-004
   4089.23000000000       1.814012389466876E-004
   4091.73000000000       1.733615180375011E-004
   4092.73000000000       1.699996537028674E-004
   4093.73000000000       1.665352704616548E-004
   4094.73000000000       1.629553235736115E-004
   4095.73000000000       1.592328576876416E-004
   4096.73000000000       1.553246183411981E-004
   4097.73000000000       1.511832480494354E-004
   4098.73000000000       1.468190011991049E-004
   4099.73000000000       1.425207170511341E-004
   4099.83000000000       1.421217634750948E-004
   4099.93000000000       1.417320041715246E-004
   4100.03000000000       1.413546517360227E-004
   4100.13000000000       1.409894423426192E-004
   4100.23000000000       1.406374308896407E-004
   4100.33000000000       1.403008012972314E-004
   4100.43000000000       1.399802256133768E-004
   4100.53000000000       1.396766752322625E-004
   4100.63000000000       1.393933048930800E-004
   4100.73000000000       1.391286000115129E-004
   4100.83000000000       1.388860642613715E-004
   4100.93000000000       1.386648924458980E-004
   4101.03000000000       1.384665298417763E-004
   4101.13000000000       1.382935660268920E-004
   4101.23000000000       1.381449679905965E-004
   4101.33000000000       1.380223182784127E-004
   4101.43000000000       1.379263804542090E-004
   4101.53000000000       1.378573736204588E-004
   4101.63000000000       1.378150659860560E-004
   4101.73000000000       1.378009888827442E-004
   4101.83000000000       1.378128876525339E-004
   4101.93000000000       1.378526746284258E-004
   4102.03000000000       1.379195528775801E-004
   4102.13000000000       1.380134404897924E-004
   4102.23000000000       1.381329419089681E-004
   4102.33000000000       1.382794369388195E-004
   4102.43000000000       1.384502424181667E-004
   4102.53000000000       1.386452056119661E-004
   4102.63000000000       1.388639805933068E-004
   4102.73000000000       1.391052434359829E-004
   4102.83000000000       1.393662959444685E-004
   4102.93000000000       1.396482223946917E-004
   4103.03000000000       1.399486570886299E-004
   4103.13000000000       1.402666831821178E-004
   4103.23000000000       1.406010446216328E-004
   4103.33000000000       1.409497264056564E-004
   4103.43000000000       1.413132590694547E-004
   4103.53000000000       1.416873170232732E-004
   4103.63000000000       1.420747230007223E-004
   4103.73000000000       1.424703547012766E-004
   4104.73000000000       1.467388197732359E-004
   4105.73000000000       1.510678118813430E-004
   4106.73000000000       1.551715873917722E-004
   4107.73000000000       1.590391039245190E-004
   4108.73000000000       1.627170491949721E-004
   4109.73000000000       1.662493747507511E-004
   4109.80000000000       1.664925310114656E-004
   4110.73000000000       1.696644020011256E-004
   4111.73000000000       1.729744837383204E-004
   4114.23000000000       1.808787146186773E-004
   4116.73000000000       1.883734643608716E-004
   4119.23000000000       1.954984104609090E-004
   4121.73000000000       2.021010033393035E-004
   4126.73000000000       2.136683071983104E-004
   4131.73000000000       2.237860628509803E-004
   4136.73000000000       2.332243116987208E-004
   4141.73000000000       2.417225595513248E-004
   4146.73000000000       2.488118975135110E-004
   4151.73000000000       2.544029856316151E-004
   4156.73000000000       2.586662694072977E-004
   4161.73000000000       2.618637221731231E-004
   4166.73000000000       2.642372908770050E-004
   4171.73000000000       2.659935381297754E-004
   4176.73000000000       2.672865858822235E-004
   4181.73000000000       2.682275035472873E-004
   4186.73000000000       2.688965163417965E-004
   4191.73000000000       2.693539889828717E-004
   4196.73000000000       2.696452642263989E-004
   4201.73000000000       2.697969122304590E-004
   4202.79000000000       2.698072171897861E-004
   4214.23000000000       2.696476006025472E-004
   4227.96000000000       2.687172562197236E-004
   4240.46000000000       2.670300469185045E-004
   4245.46000000000       2.660499789994445E-004
   4250.46000000000       2.648179526859939E-004
   4255.46000000000       2.632870554244184E-004
   4260.46000000000       2.613891031737066E-004
   4265.46000000000       2.590413319011713E-004
   4270.46000000000       2.561529677893229E-004
   4275.46000000000       2.526308304466877E-004
   4280.46000000000       2.484142175276402E-004
   4285.46000000000       2.434966221044924E-004
   4290.46000000000       2.379391014454674E-004
   4295.46000000000       2.318110839114851E-004
   4295.77000000000       2.314109309060727E-004
   4300.46000000000       2.250115866713593E-004
   4305.46000000000       2.173721768926255E-004
   4310.46000000000       2.087120460621022E-004
   4315.46000000000       1.988433949974874E-004
   4320.46000000000       1.875861548567736E-004
   4322.96000000000       1.813997169200573E-004
   4325.46000000000       1.747993716322559E-004
   4327.96000000000       1.678060216045279E-004
   4330.46000000000       1.603574383106639E-004
   4331.46000000000       1.572165837988548E-004
   4332.46000000000       1.539513940739636E-004
   4333.46000000000       1.505288186148570E-004
   4334.46000000000       1.468982589070559E-004
   4335.46000000000       1.429740054890374E-004
   4336.46000000000       1.386218219182220E-004
   4337.46000000000       1.336686124666152E-004
   4338.46000000000       1.281554317717641E-004
   4338.56000000000       1.276001508384649E-004
   4338.66000000000       1.270498485153245E-004
   4338.76000000000       1.265091756398213E-004
   4338.86000000000       1.259773875409381E-004
   4338.96000000000       1.254592838565363E-004
   4339.06000000000       1.249553069778248E-004
   4339.16000000000       1.244696302850597E-004
   4339.26000000000       1.240045291353669E-004
   4339.36000000000       1.235634181463751E-004
   4339.46000000000       1.231485534457472E-004
   4339.56000000000       1.227638173981962E-004
   4339.66000000000       1.224104566587977E-004
   4339.76000000000       1.220922931787531E-004
   4339.86000000000       1.218100737894500E-004
   4339.96000000000       1.215678157969477E-004
   4340.06000000000       1.213660567572906E-004
   4340.16000000000       1.212068169159253E-004
   4340.26000000000       1.210921128872642E-004
   4340.36000000000       1.210221064491421E-004
   4340.46000000000       1.209981553252447E-004
   4340.56000000000       1.210197912592416E-004
   4340.66000000000       1.210878121384701E-004
   4340.76000000000       1.212005033381726E-004
   4340.86000000000       1.213563864111490E-004
   4340.96000000000       1.215552658528958E-004
   4341.06000000000       1.217961246923747E-004
   4341.16000000000       1.220751585807403E-004
   4341.26000000000       1.223913714162030E-004
   4341.36000000000       1.227424682583155E-004
   4341.46000000000       1.231250749880628E-004
   4341.56000000000       1.235368627900424E-004
   4341.66000000000       1.239745964361989E-004
   4341.76000000000       1.244377844526905E-004
   4341.86000000000       1.249201109928229E-004
   4341.96000000000       1.254219004526047E-004
   4342.06000000000       1.259375596934437E-004
   4342.16000000000       1.264660715379071E-004
   4342.26000000000       1.270048005742118E-004
   4342.36000000000       1.275512669298890E-004
   4342.46000000000       1.281039049533107E-004
   4343.46000000000       1.335853932713645E-004
   4344.46000000000       1.385025682690764E-004
   4345.46000000000       1.428135656525595E-004
   4346.46000000000       1.466948106203931E-004
   4347.46000000000       1.502782726878306E-004
   4348.46000000000       1.536486529368846E-004
   4349.46000000000       1.568606649150873E-004
   4350.46000000000       1.599435264851003E-004
   4352.96000000000       1.672310107601018E-004
   4355.46000000000       1.740428217845079E-004
   4357.96000000000       1.804411767068293E-004
   4360.46000000000       1.864041806158133E-004
   4365.46000000000       1.971608609290470E-004
   4370.46000000000       2.064708428916110E-004
   4375.46000000000       2.145227617698058E-004
   4380.46000000000       2.215089412306290E-004
   4385.46000000000       2.276319480144332E-004
   4388.75000000000       2.312870897951359E-004
   4390.46000000000       2.330657354975944E-004
   4395.46000000000       2.378815685464399E-004
   4400.46000000000       2.420695882961945E-004
   4405.46000000000       2.455708585009048E-004
   4410.46000000000       2.483953614569110E-004
   4415.46000000000       2.506153655407945E-004
   4420.46000000000       2.523241717572718E-004
   4425.46000000000       2.536132149111525E-004
   4430.46000000000       2.545651245683258E-004
   4435.46000000000       2.552484463893348E-004
   4440.46000000000       2.557127352932339E-004
   4452.96000000000       2.562498623065907E-004
   4465.46000000000       2.562163251745617E-004
   4477.96000000000       2.558566802587123E-004
   4481.73000000000       2.557058519179742E-004
   4490.46000000000       2.552941433655176E-004
   4565.46000000000       2.503929219053101E-004
   4574.71000000000       2.497056266846922E-004
   4636.33000000000       2.447989173222639E-004
   4667.70000000000       2.419815815056638E-004
   4711.33000000000       2.370125310438036E-004
   4723.83000000000       2.351050638239593E-004
   4736.33000000000       2.328404891477254E-004
   4748.83000000000       2.301430329578476E-004
   4760.68000000000       2.270765204040821E-004
   4761.33000000000       2.268933958331906E-004
   4766.33000000000       2.253852536162648E-004
   4771.33000000000       2.237271628456921E-004
   4776.33000000000       2.218913464131108E-004
   4781.33000000000       2.198406446706118E-004
   4786.33000000000       2.175259101254416E-004
   4791.33000000000       2.149095807854925E-004
   4796.33000000000       2.119505215492244E-004
   4801.33000000000       2.086119203471855E-004
   4806.33000000000       2.048642777914997E-004
   4811.33000000000       2.006944230471352E-004
   4816.33000000000       1.960737365003930E-004
   4821.33000000000       1.908938257268594E-004
   4826.33000000000       1.850511775322546E-004
   4831.33000000000       1.785143342414180E-004
   4836.33000000000       1.712256730827044E-004
   4841.33000000000       1.629177583196169E-004
   4843.83000000000       1.583332526063348E-004
   4846.33000000000       1.534337945967748E-004
   4848.83000000000       1.482175686012103E-004
   4851.33000000000       1.425776808166599E-004
   4852.33000000000       1.401596619151678E-004
   4853.33000000000       1.376067854405377E-004
   4853.66000000000       1.367297663983501E-004
   4854.33000000000       1.348842662862034E-004
   4855.33000000000       1.319344800634831E-004
   4856.33000000000       1.286446952264329E-004
   4857.33000000000       1.247883528221449E-004
   4858.33000000000       1.199856829794217E-004
   4859.33000000000       1.140479708749517E-004
   4859.43000000000       1.134194302881567E-004
   4859.53000000000       1.127917315038924E-004
   4859.63000000000       1.121700318768336E-004
   4859.73000000000       1.115543044793782E-004
   4859.83000000000       1.109506262697303E-004
   4859.93000000000       1.103602591511537E-004
   4860.03000000000       1.097891247278776E-004
   4860.13000000000       1.092382909651294E-004
   4860.23000000000       1.087145323732980E-004
   4860.33000000000       1.082188631150213E-004
   4860.43000000000       1.077576057320328E-004
   4860.53000000000       1.073322362857217E-004
   4860.63000000000       1.069477559990582E-004
   4860.73000000000       1.066071977637861E-004
   4860.83000000000       1.063131734131726E-004
   4860.93000000000       1.060688779792347E-004
   4861.03000000000       1.058756428221297E-004
   4861.13000000000       1.057370249129209E-004
   4861.23000000000       1.056520922466590E-004
   4861.33000000000       1.056236987320859E-004
   4861.43000000000       1.056493974823782E-004
   4861.53000000000       1.057319421467581E-004
   4861.63000000000       1.058677109138048E-004
   4861.73000000000       1.060582966531907E-004
   4861.83000000000       1.062998074893904E-004
   4861.93000000000       1.065914474051223E-004
   4862.03000000000       1.069292256156552E-004
   4862.13000000000       1.073108696852881E-004
   4862.23000000000       1.077334475132424E-004
   4862.33000000000       1.081918705197646E-004
   4862.43000000000       1.086845869357651E-004
   4862.53000000000       1.092055312559590E-004
   4862.63000000000       1.097535644462441E-004
   4862.73000000000       1.103214083638665E-004
   4862.83000000000       1.109089137551368E-004
   4862.93000000000       1.115095275203581E-004
   4863.03000000000       1.121224207522633E-004
   4863.13000000000       1.127410220755252E-004
   4863.23000000000       1.133654528068270E-004
   4863.33000000000       1.139906334230765E-004
   4864.33000000000       1.198936865514711E-004
   4865.33000000000       1.246578713454401E-004
   4866.33000000000       1.284723059243009E-004
   4867.33000000000       1.317173247636601E-004
   4868.33000000000       1.346191109668176E-004
   4869.33000000000       1.372920261703892E-004
   4870.33000000000       1.397935985885409E-004
   4871.33000000000       1.421579317545030E-004
   4873.83000000000       1.476513244246315E-004
   4876.33000000000       1.527047502830992E-004
   4878.83000000000       1.574263487083220E-004
   4881.33000000000       1.618157992425435E-004
   4886.33000000000       1.696915228886690E-004
   4891.33000000000       1.764940091417687E-004
   4896.33000000000       1.824875097358897E-004
   4901.33000000000       1.877351912262814E-004
   4906.33000000000       1.922742618597168E-004
   4911.33000000000       1.962148875605243E-004
   4916.33000000000       1.996621958901414E-004
   4921.33000000000       2.026558153271512E-004
   4926.33000000000       2.052169809731208E-004
   4931.33000000000       2.073812979604391E-004
   4936.33000000000       2.091922708195678E-004
   4941.33000000000       2.106955399378020E-004
   4946.33000000000       2.119363185113105E-004
   4946.64000000000       2.120055831083923E-004
   4951.33000000000       2.129552473490345E-004
   4956.33000000000       2.137968396664349E-004
   4961.33000000000       2.144824205002449E-004
   4973.83000000000       2.157016372446259E-004
   4986.33000000000       2.163771323032340E-004
   4998.83000000000       2.166421783258550E-004
   5011.33000000000       2.165926755855481E-004
   5039.62000000000       2.157263200570771E-004
   5086.33000000000       2.133083558253843E-004
   5132.61000000000       2.105570048048207E-004
   5161.33000000000       2.088101464712333E-004
   5225.59000000000       2.049124318065213E-004
   5318.57000000000       1.993830899162833E-004
   5411.55000000000       1.940337031436412E-004
   5504.53000000000       1.888803233776129E-004
   5597.52000000000       1.838942842931073E-004
   5690.50000000000       1.791204648301594E-004
   5783.48000000000       1.745286439405791E-004
   5876.46000000000       1.701096232251923E-004
   5969.44000000000       1.658424613240916E-004
   6000.00000000000       1.644709443364105E-004
   6062.43000000000       1.617120947018711E-004
   6155.41000000000       1.576817943513661E-004
   6248.39000000000       1.536420538798631E-004
   6262.81000000000       1.530045194803944E-004
   6337.81000000000       1.495752791727429E-004
   6341.37000000000       1.494025312984413E-004
   6412.81000000000       1.454237731179713E-004
   6425.31000000000       1.444794451087306E-004
   6434.35000000000       1.437233835772340E-004
   6437.81000000000       1.434068864916739E-004
   6450.31000000000       1.421268646168926E-004
   6462.81000000000       1.405781116452797E-004
   6467.81000000000       1.398619610843478E-004
   6472.81000000000       1.390766568492982E-004
   6477.81000000000       1.382212820980694E-004
   6482.81000000000       1.372828692576341E-004
   6487.81000000000       1.362483318518612E-004
   6492.81000000000       1.351054376435023E-004
   6497.81000000000       1.338429762598509E-004
   6502.81000000000       1.324353180401912E-004
   6507.81000000000       1.308504580899602E-004
   6512.81000000000       1.290594994646610E-004
   6517.81000000000       1.270357146685075E-004
   6522.81000000000       1.247504153148175E-004
   6527.33000000000       1.224359159304554E-004
   6527.81000000000       1.221725186036756E-004
   6532.81000000000       1.192487366209806E-004
   6537.81000000000       1.159462989349716E-004
   6542.81000000000       1.121847377615433E-004
   6545.31000000000       1.101011756769538E-004
   6547.81000000000       1.078304794981340E-004
   6550.31000000000       1.053339967949649E-004
   6552.81000000000       1.025375219787911E-004
   6553.81000000000       1.013087569343154E-004
   6554.81000000000       9.998946766408851E-005
   6555.81000000000       9.855067882481179E-005
   6556.81000000000       9.694238366320396E-005
   6557.81000000000       9.507176531006375E-005
   6558.81000000000       9.276151893806963E-005
   6559.81000000000       8.975319990929727E-005
   6560.81000000000       8.600428380636258E-005
   6560.91000000000       8.561243483896316E-005
   6561.01000000000       8.522254707731066E-005
   6561.11000000000       8.483797195816945E-005
   6561.21000000000       8.445898557406627E-005
   6561.31000000000       8.408871089901594E-005
   6561.41000000000       8.372938007807188E-005
   6561.51000000000       8.338171112637169E-005
   6561.61000000000       8.304924886308401E-005
   6561.71000000000       8.273261196080776E-005
   6561.81000000000       8.243528928307127E-005
   6561.91000000000       8.215824654559229E-005
   6562.01000000000       8.190474053490516E-005
   6562.11000000000       8.167513453424004E-005
   6562.21000000000       8.147345467982282E-005
   6562.31000000000       8.129949911831579E-005
   6562.41000000000       8.115453624746972E-005
   6562.51000000000       8.104219294357370E-005
   6562.61000000000       8.095996964788600E-005
   6562.71000000000       8.091178807048814E-005
   6562.81000000000       8.089358545576267E-005
   6562.91000000000       8.090906380401491E-005
   6563.01000000000       8.095454779107246E-005
   6563.11000000000       8.103441705113058E-005
   6563.21000000000       8.114423712070149E-005
   6563.31000000000       8.128631838837416E-005
   6563.41000000000       8.145790725237623E-005
   6563.51000000000       8.165698360632750E-005
   6563.61000000000       8.188407111132876E-005
   6563.71000000000       8.213484300644900E-005
   6563.81000000000       8.240958723237152E-005
   6563.91000000000       8.270374309430129E-005
   6564.01000000000       8.301794130824562E-005
   6564.11000000000       8.334727673562876E-005
   6564.21000000000       8.369214856239552E-005
   6564.31000000000       8.404897787749960E-005
   6564.41000000000       8.441647196013882E-005
   6564.51000000000       8.479269341186198E-005
   6564.61000000000       8.517435980795368E-005
   6564.71000000000       8.556150020719690E-005
   6564.81000000000       8.594997508644548E-005
   6565.81000000000       8.966899083168305E-005
   6566.81000000000       9.264542081504215E-005
   6567.81000000000       9.492152097645220E-005
   6568.81000000000       9.675780374781344E-005
   6569.81000000000       9.833008395317133E-005
   6570.81000000000       9.973193798831222E-005
   6571.81000000000       1.010137650045643E-004
   6572.81000000000       1.022039317829696E-004
   6575.31000000000       1.048989243191517E-004
   6577.81000000000       1.072888655157125E-004
   6580.31000000000       1.094478316574285E-004
   6582.81000000000       1.114133682835179E-004
   6587.81000000000       1.149242395943306E-004
   6592.81000000000       1.179568097985736E-004
   6597.81000000000       1.205865174158315E-004
   6602.81000000000       1.228607600140584E-004
   6607.81000000000       1.248250884078401E-004
   6612.81000000000       1.265131082805998E-004
   6617.81000000000       1.279620691849766E-004
   6620.32000000000       1.286080679455115E-004
   6622.81000000000       1.291906755796954E-004
   6627.81000000000       1.302309668173227E-004
   6632.81000000000       1.311242581869085E-004
   6637.81000000000       1.318920308247900E-004
   6642.81000000000       1.325469502652116E-004
   6647.81000000000       1.331017838413406E-004
   6652.81000000000       1.335725246828656E-004
   6657.81000000000       1.339708822157068E-004
   6662.81000000000       1.342996943044559E-004
   6675.31000000000       1.348799585569173E-004
   6687.81000000000       1.351956963501987E-004
   6700.31000000000       1.353158322338774E-004
   6712.81000000000       1.353157555568834E-004
   6713.30000000000       1.353112925207261E-004
   6787.81000000000       1.339149016312044E-004
   6806.28000000000       1.334359949173031E-004
   6862.81000000000       1.318622447997865E-004
   6899.26000000000       1.308064516687528E-004
   6992.24000000000       1.280565558245715E-004
   7085.23000000000       1.253228682098037E-004
   7178.21000000000       1.226573271563708E-004
   7271.19000000000       1.200681988267659E-004
   7364.17000000000       1.175593230698913E-004
   7457.15000000000       1.151283513964444E-004
   7550.14000000000       1.127711834203648E-004
   7643.12000000000       1.104893048663505E-004
   7736.10000000000       1.082735519035801E-004
   7829.08000000000       1.061244981779057E-004
   7922.06000000000       1.040389691300332E-004
   8000.00000000000       1.023389603066919E-004
   8015.05000000000       1.020153989973551E-004
   8108.03000000000       1.000507687730295E-004
   8201.01000000000       9.813648135842340E-005
   8331.19000000000       9.554882192310973E-005
   8365.02000000000       9.489237531950918E-005
   8440.02000000000       9.345900318450763E-005
   8461.36000000000       9.305611642082483E-005
   8515.02000000000       9.205584758096442E-005
   8527.52000000000       9.182518450784026E-005
   8540.02000000000       9.159479984366549E-005
   8552.52000000000       9.135233279973332E-005
   8565.02000000000       9.112385206693738E-005
   8570.02000000000       9.103287778188982E-005
   8575.02000000000       9.094217846866903E-005
   8580.02000000000       9.085152172238611E-005
   8585.02000000000       9.076099662029709E-005
   8590.02000000000       9.067046704411527E-005
   8591.53000000000       9.064282121068515E-005
   8595.02000000000       9.058008319206830E-005
   8600.02000000000       9.048991568598378E-005
   8605.02000000000       9.039944737566080E-005
   8610.02000000000       9.030914094389423E-005
   8615.02000000000       9.021890816990966E-005
   8620.02000000000       9.012843992346792E-005
   8625.02000000000       9.003797930188273E-005
   8630.02000000000       8.994791872538502E-005
   8635.02000000000       8.985735465376589E-005
   8640.02000000000       8.976676167323050E-005
   8645.02000000000       8.967667274073461E-005
   8647.52000000000       8.963172573469883E-005
   8650.02000000000       8.958677144472042E-005
   8652.52000000000       8.954187356027548E-005
   8655.02000000000       8.949700051548200E-005
   8656.02000000000       8.947891843099724E-005
   8657.02000000000       8.946114015344781E-005
   8658.02000000000       8.944338076576122E-005
   8659.02000000000       8.942573269525931E-005
   8660.02000000000       8.940795969064002E-005
   8661.02000000000       8.938995736181985E-005
   8662.02000000000       8.937205841873525E-005
   8663.02000000000       8.935429129571368E-005
   8663.12000000000       8.935276030112063E-005
   8663.22000000000       8.935096943305220E-005
   8663.32000000000       8.934897899749070E-005
   8663.42000000000       8.934724973048438E-005
   8663.52000000000       8.934556225856824E-005
   8663.62000000000       8.934368245326648E-005
   8663.72000000000       8.934204620535054E-005
   8663.82000000000       8.934004104613660E-005
   8663.92000000000       8.933836086062056E-005
   8664.02000000000       8.933658225062530E-005
   8664.12000000000       8.933486410325300E-005
   8664.22000000000       8.933289618652811E-005
   8664.32000000000       8.933112961627048E-005
   8664.42000000000       8.932943896586939E-005
   8664.52000000000       8.932772154520997E-005
   8664.62000000000       8.932603298366939E-005
   8664.72000000000       8.932397238940142E-005
   8664.82000000000       8.932224461453954E-005
   8664.92000000000       8.932050747206730E-005
   8665.02000000000       8.931896639678425E-005
   8665.12000000000       8.931718458524590E-005
   8665.22000000000       8.931508194886362E-005
   8665.32000000000       8.931334764790720E-005
   8665.42000000000       8.931173024161179E-005
   8665.52000000000       8.931005990322464E-005
   8665.62000000000       8.930833757302114E-005
   8665.72000000000       8.930618514142116E-005
   8665.82000000000       8.930461603740364E-005
   8665.92000000000       8.930297943049758E-005
   8666.02000000000       8.930117923046171E-005
   8666.12000000000       8.929948353002844E-005
   8666.22000000000       8.929751163620763E-005
   8666.32000000000       8.929587995541717E-005
   8666.42000000000       8.929408726346570E-005
   8666.52000000000       8.929236341833464E-005
   8666.62000000000       8.929073227185658E-005
   8666.72000000000       8.928878733779415E-005
   8666.82000000000       8.928707523523821E-005
   8666.92000000000       8.928523209822235E-005
   8667.02000000000       8.928359451141694E-005
   8668.02000000000       8.926603806611856E-005
   8669.02000000000       8.924839666475383E-005
   8670.02000000000       8.923083967061010E-005
   8671.02000000000       8.921326032314423E-005
   8672.02000000000       8.919560327932233E-005
   8673.02000000000       8.917794756866298E-005
   8674.02000000000       8.916075885928108E-005
   8675.02000000000       8.914314581467278E-005
   8677.52000000000       8.909928576684775E-005
   8680.02000000000       8.905587607823496E-005
   8682.52000000000       8.901238000165468E-005
   8685.02000000000       8.896861100590511E-005
   8690.02000000000       8.888164550065368E-005
   8695.02000000000       8.879454064826665E-005
   8700.02000000000       8.870702685003491E-005
   8705.02000000000       8.861912148607570E-005
   8710.47000000000       8.852267037090460E-005
   8715.47000000000       8.843409814922147E-005
   8720.47000000000       8.834480842604989E-005
   8721.71000000000       8.832259482908612E-005
   8725.47000000000       8.825513866006215E-005
   8730.47000000000       8.816565047577832E-005
   8732.97000000000       8.812070844992904E-005
   8735.47000000000       8.807584641309428E-005
   8737.97000000000       8.803150784846307E-005
   8740.47000000000       8.798740218370596E-005
   8741.47000000000       8.796969976079653E-005
   8742.47000000000       8.795214111200872E-005
   8743.47000000000       8.793462192125542E-005
   8744.47000000000       8.791750876440871E-005
   8745.47000000000       8.790003693734364E-005
   8746.47000000000       8.788249513506540E-005
   8747.47000000000       8.786547104386399E-005
   8748.47000000000       8.784836825436356E-005
   8748.57000000000       8.784672524876043E-005
   8748.67000000000       8.784466745622219E-005
   8748.77000000000       8.784314685859528E-005
   8748.87000000000       8.784135236284143E-005
   8748.97000000000       8.783974672885748E-005
   8749.07000000000       8.783812320237440E-005
   8749.17000000000       8.783636571757010E-005
   8749.27000000000       8.783469045065780E-005
   8749.37000000000       8.783290606903100E-005
   8749.47000000000       8.783103372644428E-005
   8749.57000000000       8.782929447359811E-005
   8749.67000000000       8.782768529669699E-005
   8749.77000000000       8.782600341249013E-005
   8749.87000000000       8.782435475500951E-005
   8749.97000000000       8.782264754301224E-005
   8750.07000000000       8.782101957732155E-005
   8750.17000000000       8.781897616896213E-005
   8750.27000000000       8.781741280972079E-005
   8750.37000000000       8.781577063788857E-005
   8750.47000000000       8.781405630017269E-005
   8750.57000000000       8.781231342905249E-005
   8750.67000000000       8.781061756023373E-005
   8750.77000000000       8.780906793265994E-005
   8750.87000000000       8.780742080371684E-005
   8750.97000000000       8.780572573640335E-005
   8751.07000000000       8.780367762590603E-005
   8751.17000000000       8.780209749747850E-005
   8751.27000000000       8.780045511183961E-005
   8751.37000000000       8.779874471181671E-005
   8751.47000000000       8.779718649911717E-005
   8751.57000000000       8.779538294424686E-005
   8751.67000000000       8.779368146761242E-005
   8751.77000000000       8.779210136675756E-005
   8751.87000000000       8.779048941586077E-005
   8751.97000000000       8.778857323506732E-005
   8752.07000000000       8.778685376678050E-005
   8752.17000000000       8.778522271531814E-005
   8752.27000000000       8.778349386765829E-005
   8752.37000000000       8.778175393816386E-005
   8752.47000000000       8.778019151084184E-005
   8753.47000000000       8.776327534210122E-005
   8754.47000000000       8.774653801334878E-005
   8755.47000000000       8.772972875226426E-005
   8756.47000000000       8.771300454731977E-005
   8757.47000000000       8.769667273493741E-005
   8758.47000000000       8.767991353900101E-005
   8759.47000000000       8.766333812563519E-005
   8760.47000000000       8.764698408668724E-005
   8762.97000000000       8.760606945766294E-005
   8765.47000000000       8.756539051884306E-005
   8767.97000000000       8.752466372368994E-005
   8770.47000000000       8.748443781341187E-005
   8775.47000000000       8.740353145027958E-005
   8780.47000000000       8.732216001786243E-005
   8785.47000000000       8.724033605634705E-005
   8790.47000000000       8.715749181187937E-005
   8795.47000000000       8.707403289342277E-005
   8800.47000000000       8.698963355279275E-005
   8805.47000000000       8.690390808575067E-005
   8807.79000000000       8.686393391065497E-005
   8812.79000000000       8.677704029541383E-005
   8817.79000000000       8.668891801915590E-005
   8822.79000000000       8.659994008968477E-005
   8827.79000000000       8.651001300113269E-005
   8832.79000000000       8.641919882470014E-005
   8837.79000000000       8.632746208006079E-005
   8842.79000000000       8.623503209973463E-005
   8845.29000000000       8.618909633165748E-005
   8847.79000000000       8.614331301479634E-005
   8850.29000000000       8.609803634988305E-005
   8851.88000000000       8.606974822969904E-005
   8852.79000000000       8.605361142612803E-005
   8853.79000000000       8.603605350832543E-005
   8854.79000000000       8.601852337297898E-005
   8855.79000000000       8.600105832622081E-005
   8856.79000000000       8.598405410584831E-005
   8857.79000000000       8.596711560530734E-005
   8858.79000000000       8.595023297373674E-005
   8859.79000000000       8.593336230492272E-005
   8860.79000000000       8.591547705941135E-005
   8860.89000000000       8.591320853244506E-005
   8860.99000000000       8.591150110479207E-005
   8861.09000000000       8.590969234928563E-005
   8861.19000000000       8.590748019150756E-005
   8861.29000000000       8.590579780697321E-005
   8861.39000000000       8.590351359682519E-005
   8861.49000000000       8.590184750389274E-005
   8861.59000000000       8.589990137426219E-005
   8861.69000000000       8.589792053387835E-005
   8861.79000000000       8.589592416479524E-005
   8861.89000000000       8.589422668815536E-005
   8861.99000000000       8.589201436440670E-005
   8862.09000000000       8.589030921082667E-005
   8862.19000000000       8.588855414685070E-005
   8862.29000000000       8.588674466570479E-005
   8862.39000000000       8.588485549855369E-005
   8862.49000000000       8.588299553210639E-005
   8862.59000000000       8.588146362310070E-005
   8862.69000000000       8.587961188670607E-005
   8862.79000000000       8.587813423826840E-005
   8862.89000000000       8.587647596022958E-005
   8862.99000000000       8.587505577291848E-005
   8863.09000000000       8.587332084499926E-005
   8863.19000000000       8.587238924910580E-005
   8863.29000000000       8.587076063661995E-005
   8863.39000000000       8.586936196288331E-005
   8863.49000000000       8.586801760793296E-005
   8863.59000000000       8.586687035224358E-005
   8863.69000000000       8.586555170431172E-005
   8863.79000000000       8.586401601405386E-005
   8863.89000000000       8.586314411562711E-005
   8863.99000000000       8.586160305729958E-005
   8864.09000000000       8.586067608901607E-005
   8864.19000000000       8.585920457970553E-005
   8864.29000000000       8.585794188270895E-005
   8864.39000000000       8.585680411707771E-005
   8864.49000000000       8.585556348847476E-005
   8864.59000000000       8.585405462788930E-005
   8864.69000000000       8.585299884132727E-005
   8864.79000000000       8.585151381521516E-005
   8865.79000000000       8.583790389700135E-005
   8866.79000000000       8.582299521158485E-005
   8867.79000000000       8.580788340268212E-005
   8868.79000000000       8.579324574101804E-005
   8869.79000000000       8.577840376935429E-005
   8870.79000000000       8.576386718508815E-005
   8871.79000000000       8.574958657167479E-005
   8872.79000000000       8.573565167920519E-005
   8875.29000000000       8.570066931148671E-005
   8877.79000000000       8.566599255184189E-005
   8880.29000000000       8.563230656642853E-005
   8882.79000000000       8.559829216535912E-005
   8887.79000000000       8.553081513990669E-005
   8892.79000000000       8.546227024732039E-005
   8897.79000000000       8.539263051972648E-005
   8902.79000000000       8.532146210852181E-005
   8907.79000000000       8.524869904777009E-005
   8912.79000000000       8.517416603098180E-005
   8917.79000000000       8.509824079986646E-005
   8922.79000000000       8.502042620127032E-005
   8927.79000000000       8.494071316542350E-005
   8932.79000000000       8.485944602220874E-005
   8937.79000000000       8.477589738689190E-005
   8939.91000000000       8.474021426858290E-005
   8944.91000000000       8.465407843310375E-005
   8949.91000000000       8.456579062533572E-005
   8954.91000000000       8.447569996707354E-005
   8959.91000000000       8.438317433916093E-005
   8964.91000000000       8.428850288607332E-005
   8969.91000000000       8.419175774633028E-005
   8974.91000000000       8.409228893596183E-005
   8979.91000000000       8.399032709813364E-005
   8982.06000000000       8.394587284957426E-005
   8984.91000000000       8.388624920090763E-005
   8989.91000000000       8.377982145656005E-005
   8994.91000000000       8.367198487393377E-005
   8997.41000000000       8.361747425491358E-005
   8999.91000000000       8.356345762689170E-005
   9002.41000000000       8.351025029545490E-005
   9004.91000000000       8.345850391374656E-005
   9005.91000000000       8.343841732742306E-005
   9006.91000000000       8.341904318643091E-005
   9007.91000000000       8.339985500511889E-005
   9008.91000000000       8.338108793406168E-005
   9009.91000000000       8.336316697485480E-005
   9010.91000000000       8.334581638865508E-005
   9011.91000000000       8.332885064850561E-005
   9012.91000000000       8.331293309318250E-005
   9013.01000000000       8.331146698035559E-005
   9013.11000000000       8.330988393779496E-005
   9013.21000000000       8.330832585981974E-005
   9013.31000000000       8.330722607301787E-005
   9013.41000000000       8.330566158660363E-005
   9013.51000000000       8.330413723607553E-005
   9013.61000000000       8.330263341468433E-005
   9013.71000000000       8.330110717367096E-005
   9013.81000000000       8.329958109316172E-005
   9013.91000000000       8.329814175098083E-005
   9014.01000000000       8.329653998112817E-005
   9014.11000000000       8.329539614300340E-005
   9014.21000000000       8.329393472050800E-005
   9014.31000000000       8.329243882277975E-005
   9014.41000000000       8.329104974187982E-005
   9014.51000000000       8.328953366671498E-005
   9014.61000000000       8.328840201033297E-005
   9014.71000000000       8.328695423964860E-005
   9014.81000000000       8.328552504186715E-005
   9014.91000000000       8.328402165111348E-005
   9015.01000000000       8.328290215365590E-005
   9015.11000000000       8.328127920098418E-005
   9015.21000000000       8.328007991871570E-005
   9015.31000000000       8.327862341571954E-005
   9015.41000000000       8.327746297450373E-005
   9015.51000000000       8.327606869143345E-005
   9015.61000000000       8.327459048193100E-005
   9015.71000000000       8.327352222612496E-005
   9015.81000000000       8.327206028959685E-005
   9015.91000000000       8.327102498773735E-005
   9016.01000000000       8.326949458842011E-005
   9016.11000000000       8.326818268162439E-005
   9016.21000000000       8.326701340900699E-005
   9016.31000000000       8.326570421070433E-005
   9016.41000000000       8.326454430231717E-005
   9016.51000000000       8.326318788838557E-005
   9016.61000000000       8.326176783759807E-005
   9016.71000000000       8.326071457599782E-005
   9016.81000000000       8.325937110947229E-005
   9016.91000000000       8.325831854026003E-005
   9017.91000000000       8.324664873472132E-005
   9018.91000000000       8.323615607054481E-005
   9019.91000000000       8.322615882898442E-005
   9020.91000000000       8.321677596169970E-005
   9021.91000000000       8.320774653598909E-005
   9022.91000000000       8.319980291873156E-005
   9023.91000000000       8.319157780592973E-005
   9024.91000000000       8.318421706541926E-005
   9027.41000000000       8.316727691862290E-005
   9029.91000000000       8.315155313926055E-005
   9032.41000000000       8.313648971451952E-005
   9034.91000000000       8.312167944934560E-005
   9039.91000000000       8.309082254972937E-005
   9044.91000000000       8.305559153433993E-005
   9049.91000000000       8.300318815282346E-005
   9054.91000000000       8.296230850913280E-005
   9059.91000000000       8.291980673124607E-005
   9064.91000000000       8.287431337489424E-005
   9069.91000000000       8.282528200000030E-005
   9074.91000000000       8.277321333943455E-005
   9079.91000000000       8.271773704449308E-005
   9084.91000000000       8.265904924076372E-005
   9089.91000000000       8.259704466468724E-005
   9094.91000000000       8.253185174059624E-005
   9099.91000000000       8.246320852517411E-005
   9104.91000000000       8.239117995408499E-005
   9109.91000000000       8.231569063059250E-005
   9112.23000000000       8.227952854893433E-005
   9114.91000000000       8.223617319762851E-005
   9129.02000000000       8.199245088232991E-005
   9134.02000000000       8.189883121124616E-005
   9139.02000000000       8.180052123900276E-005
   9144.02000000000       8.169764232274367E-005
   9149.02000000000       8.159027372508772E-005
   9154.02000000000       8.147800832047157E-005
   9159.02000000000       8.136127164545637E-005
   9164.02000000000       8.123974423098833E-005
   9169.02000000000       8.111381699271802E-005
   9174.02000000000       8.098316539072722E-005
   9179.02000000000       8.084775694225551E-005
   9184.02000000000       8.070746255499730E-005
   9189.02000000000       8.056210490496601E-005
   9194.02000000000       8.041167142171648E-005
   9199.02000000000       8.025645270327405E-005
   9204.02000000000       8.009772407329055E-005
   9209.02000000000       7.993688655137421E-005
   9211.52000000000       7.985650214497118E-005
   9214.02000000000       7.977655474513782E-005
   9216.52000000000       7.969838445464074E-005
   9219.02000000000       7.962323823833484E-005
   9220.02000000000       7.959455474354472E-005
   9221.02000000000       7.956703823982762E-005
   9222.02000000000       7.954111574724972E-005
   9223.02000000000       7.951672824751220E-005
   9224.02000000000       7.949424114731434E-005
   9225.02000000000       7.947397513509927E-005
   9226.02000000000       7.945600610301251E-005
   9227.02000000000       7.944017040636783E-005
   9227.12000000000       7.943874619558942E-005
   9227.22000000000       7.943725888823715E-005
   9227.32000000000       7.943580260589104E-005
   9227.42000000000       7.943439341221659E-005
   9227.52000000000       7.943299812132108E-005
   9227.62000000000       7.943150328159743E-005
   9227.72000000000       7.943027548001753E-005
   9227.82000000000       7.942878938137541E-005
   9227.92000000000       7.942750112076685E-005
   9228.02000000000       7.942620464658679E-005
   9228.12000000000       7.942484417994331E-005
   9228.22000000000       7.942359039130147E-005
   9228.32000000000       7.942224715089194E-005
   9228.42000000000       7.942098512575199E-005
   9228.52000000000       7.941983295796547E-005
   9228.62000000000       7.941858200027087E-005
   9228.72000000000       7.941729906576570E-005
   9228.82000000000       7.941623452498621E-005
   9228.92000000000       7.941500209810982E-005
   9229.02000000000       7.941383961070164E-005
   9229.12000000000       7.941258078512985E-005
   9229.22000000000       7.941156808245890E-005
   9229.32000000000       7.941055613581256E-005
   9229.42000000000       7.940942157675948E-005
   9229.52000000000       7.940840286250250E-005
   9229.62000000000       7.940737084261701E-005
   9229.72000000000       7.940630948165012E-005
   9229.82000000000       7.940532648591297E-005
   9229.92000000000       7.940436621562950E-005
   9230.02000000000       7.940339496837951E-005
   9230.12000000000       7.940248907077845E-005
   9230.22000000000       7.940145674327084E-005
   9230.32000000000       7.940061926038039E-005
   9230.42000000000       7.939968756987509E-005
   9230.52000000000       7.939873995876760E-005
   9230.62000000000       7.939796251700353E-005
   9230.72000000000       7.939706539807145E-005
   9230.82000000000       7.939614839285722E-005
   9230.92000000000       7.939538371034354E-005
   9231.02000000000       7.939449448785730E-005
   9232.02000000000       7.938749620087250E-005
   9233.02000000000       7.938280112936438E-005
   9234.02000000000       7.938023365413353E-005
   9235.02000000000       7.937985188142735E-005
   9236.02000000000       7.938144139713455E-005
   9237.02000000000       7.938448391915075E-005
   9238.02000000000       7.938895786109934E-005
   9239.02000000000       7.939482156357385E-005
   9241.52000000000       7.941265036964067E-005
   9242.41000000000       7.941974333832963E-005
   9244.02000000000       7.943341014505484E-005
   9246.52000000000       7.945579264869141E-005
   9249.02000000000       7.947846406207722E-005
   9254.02000000000       7.952348807034032E-005
   9259.02000000000       7.956599348494201E-005
   9264.02000000000       7.960438546504575E-005
   9269.02000000000       7.963784621968751E-005
   9274.02000000000       7.966537095352060E-005
   9279.02000000000       7.968748611303992E-005
   9284.02000000000       7.970436711082616E-005
   9289.02000000000       7.971587988176440E-005
   9294.02000000000       7.972226110261770E-005
   9299.02000000000       7.972338642462359E-005
   9304.02000000000       7.971954414390127E-005
   9309.02000000000       7.971048970874936E-005
   9314.02000000000       7.969610152536802E-005
   9319.02000000000       7.967629627495818E-005
   9324.02000000000       7.965143788768668E-005
   9329.02000000000       7.962126169359419E-005
   9341.52000000000       7.952486092001699E-005
   9354.02000000000       7.939995126933643E-005
   9366.52000000000       7.924678230251462E-005
   9372.58000000000       7.916256270500970E-005
   9379.02000000000       7.906474435768679E-005
   9395.98000000000       7.877039070687243E-005
   9408.48000000000       7.851687513164889E-005
   9420.98000000000       7.822873791389474E-005
   9433.48000000000       7.790240323707142E-005
   9445.98000000000       7.753338448432791E-005
   9450.98000000000       7.737287850962073E-005
   9455.98000000000       7.720373154585366E-005
   9460.98000000000       7.702590479171336E-005
   9465.98000000000       7.683920636669114E-005
   9470.98000000000       7.664302165337882E-005
   9475.98000000000       7.643720643846905E-005
   9480.98000000000       7.622177343340975E-005
   9485.98000000000       7.599646994256481E-005
   9490.98000000000       7.576082045379455E-005
   9495.98000000000       7.551491488642097E-005
   9500.98000000000       7.525851384629958E-005
   9502.76000000000       7.516487075798815E-005
   9505.98000000000       7.499111238123393E-005
   9510.98000000000       7.471261593685009E-005
   9515.98000000000       7.442341822684185E-005
   9520.98000000000       7.412409007062257E-005
   9525.98000000000       7.381562142509305E-005
   9528.48000000000       7.365873970561275E-005
   9530.98000000000       7.349960245277871E-005
   9533.48000000000       7.333971541790062E-005
   9535.98000000000       7.318097932547147E-005
   9536.98000000000       7.311881127806892E-005
   9537.98000000000       7.305799830661668E-005
   9538.98000000000       7.299907044964072E-005
   9539.98000000000       7.294224459005351E-005
   9540.98000000000       7.288836427006185E-005
   9541.98000000000       7.283755845135250E-005
   9542.98000000000       7.279030082160715E-005
   9543.98000000000       7.274796260601504E-005
   9544.08000000000       7.274410819670766E-005
   9544.18000000000       7.274034982376396E-005
   9544.28000000000       7.273663918862375E-005
   9544.38000000000       7.273319306439704E-005
   9544.48000000000       7.272962905581986E-005
   9544.58000000000       7.272640278928136E-005
   9544.68000000000       7.272319254752387E-005
   9544.78000000000       7.272004309105966E-005
   9544.88000000000       7.271709212233941E-005
   9544.98000000000       7.271428440104413E-005
   9545.08000000000       7.271161716352230E-005
   9545.18000000000       7.270914653032178E-005
   9545.28000000000       7.270680727225384E-005
   9545.38000000000       7.270461102689141E-005
   9545.48000000000       7.270261642819044E-005
   9545.58000000000       7.270079135666122E-005
   9545.68000000000       7.269923735129403E-005
   9545.78000000000       7.269770350332676E-005
   9545.88000000000       7.269643646457811E-005
   9545.98000000000       7.269537430300147E-005
   9546.08000000000       7.269441657815166E-005
   9546.18000000000       7.269366102453229E-005
   9546.28000000000       7.269320244893002E-005
   9546.38000000000       7.269278685958949E-005
   9546.48000000000       7.269263503680918E-005
   9546.58000000000       7.269264970948264E-005
   9546.68000000000       7.269291902628296E-005
   9546.78000000000       7.269307488644649E-005
   9546.88000000000       7.269372495293036E-005
   9546.98000000000       7.269429976159157E-005
   9547.08000000000       7.269506610725638E-005
   9547.18000000000       7.269607785884049E-005
   9547.28000000000       7.269714265340257E-005
   9547.38000000000       7.269837502850955E-005
   9547.48000000000       7.269972489608926E-005
   9547.58000000000       7.270105177097062E-005
   9547.68000000000       7.270269906486814E-005
   9547.78000000000       7.270424584486423E-005
   9547.88000000000       7.270610985284490E-005
   9547.98000000000       7.270791436512224E-005
   9548.98000000000       7.273016662119940E-005
   9549.98000000000       7.275748316339499E-005
   9550.98000000000       7.278810550150442E-005
   9551.98000000000       7.282200701552384E-005
   9552.98000000000       7.285863522106989E-005
   9553.98000000000       7.289742204819264E-005
   9554.98000000000       7.293798182162450E-005
   9555.98000000000       7.297982659578462E-005
   9558.48000000000       7.308762476854671E-005
   9560.98000000000       7.319635862431329E-005
   9563.48000000000       7.330429174031686E-005
   9565.98000000000       7.340980125998203E-005
   9570.98000000000       7.361451805836260E-005
   9575.98000000000       7.380997932347751E-005
   9580.98000000000       7.399456093761612E-005
   9585.98000000000       7.416779082908012E-005
   9590.98000000000       7.432963266772718E-005
   9595.98000000000       7.448065043444017E-005
   9600.98000000000       7.462079097083997E-005
   9605.98000000000       7.475045452282983E-005
   9610.98000000000       7.486957287719722E-005
   9615.98000000000       7.497876158563204E-005
   9620.98000000000       7.507842865135034E-005
   9625.98000000000       7.516848006492689E-005
   9630.98000000000       7.524964482054632E-005
   9632.93000000000       7.527878178237264E-005
   9635.98000000000       7.532146305052283E-005
   9640.98000000000       7.538505879282720E-005
   9645.98000000000       7.544028266882207E-005
   9658.48000000000       7.554729590052167E-005
   9670.98000000000       7.561420332618676E-005
   9683.48000000000       7.564583420776970E-005
   9695.98000000000       7.564500485893000E-005
   9763.11000000000       7.524183546543423E-005
   9770.98000000000       7.515782423855135E-005
   9824.40000000000       7.439367297179272E-005
   9893.28000000000       7.279535035015031E-005
   9899.40000000000       7.260591880070854E-005
   9911.90000000000       7.217716341111387E-005
   9924.40000000000       7.169474922882901E-005
   9936.90000000000       7.114823796546093E-005
   9949.40000000000       7.051409555936401E-005
   9954.40000000000       7.024605982823861E-005
   9959.40000000000       6.996488840173668E-005
   9964.40000000000       6.967048616427114E-005
   9969.40000000000       6.936161413111715E-005
   9974.40000000000       6.903760338971869E-005
   9979.40000000000       6.869704973687968E-005
   9984.40000000000       6.833846129611121E-005
   9989.40000000000       6.796010161075660E-005
   9994.40000000000       6.756022952599205E-005
   9999.40000000000       6.713944926374190E-005
   10000.0000000000       6.708794724565406E-005
   10004.4000000000       6.669583501886632E-005
   10009.4000000000       6.622887693029492E-005
   10014.4000000000       6.574248531616363E-005
   10019.4000000000       6.523636039611259E-005
   10023.4600000000       6.480862946191150E-005
   10024.4000000000       6.470728584112540E-005
   10029.4000000000       6.415689319574008E-005
   10031.9000000000       6.387591473348477E-005
   10034.4000000000       6.359105212641569E-005
   10036.9000000000       6.330638504150293E-005
   10039.4000000000       6.303198040756371E-005
   10040.4000000000       6.292807065884355E-005
   10041.4000000000       6.282971570693951E-005
   10042.4000000000       6.273883736235785E-005
   10043.4000000000       6.265841141713180E-005
   10044.4000000000       6.259274841503191E-005
   10045.4000000000       6.254765454934908E-005
   10046.4000000000       6.252961380127509E-005
   10047.4000000000       6.254114733198847E-005
   10047.5000000000       6.254368800149959E-005
   10047.6000000000       6.254645395940954E-005
   10047.7000000000       6.254908962628147E-005
   10047.8000000000       6.255206346236681E-005
   10047.9000000000       6.255461890807525E-005
   10048.0000000000       6.255784807977059E-005
   10048.1000000000       6.256039165287872E-005
   10048.2000000000       6.256356572589859E-005
   10048.3000000000       6.256589527537576E-005
   10048.4000000000       6.256878903270189E-005
   10048.5000000000       6.257087589917919E-005
   10048.6000000000       6.257326034709679E-005
   10048.7000000000       6.257496270414233E-005
   10048.8000000000       6.257671654219006E-005
   10048.9000000000       6.257802785170377E-005
   10049.0000000000       6.257866266337741E-005
   10049.1000000000       6.257964576013842E-005
   10049.2000000000       6.257931898857638E-005
   10049.3000000000       6.257954977241539E-005
   10049.4000000000       6.257847903320279E-005
   10049.5000000000       6.257768682397072E-005
   10049.6000000000       6.257568234063956E-005
   10049.7000000000       6.257437613492986E-005
   10049.8000000000       6.257166428577662E-005
   10049.9000000000       6.256909960447722E-005
   10050.0000000000       6.256607469795550E-005
   10050.1000000000       6.256255507315812E-005
   10050.2000000000       6.255900837956712E-005
   10050.3000000000       6.255479912400868E-005
   10050.4000000000       6.255109034110388E-005
   10050.5000000000       6.254640080179434E-005
   10050.6000000000       6.254224755388834E-005
   10050.7000000000       6.253735171071738E-005
   10050.8000000000       6.253302427614009E-005
   10050.9000000000       6.252800026413386E-005
   10051.0000000000       6.252367880751783E-005
   10051.1000000000       6.251894030827356E-005
   10051.2000000000       6.251440824425195E-005
   10051.3000000000       6.251004977219512E-005
   10051.4000000000       6.250574363228114E-005
   10052.4000000000       6.247645238243605E-005
   10053.4000000000       6.247685153606547E-005
   10054.4000000000       6.250425266032902E-005
   10055.4000000000       6.255200727348279E-005
   10056.4000000000       6.261464279840295E-005
   10057.4000000000       6.268754687729322E-005
   10058.4000000000       6.276766789333190E-005
   10059.4000000000       6.285338201879839E-005
   10061.9000000000       6.308178500574273E-005
   10064.4000000000       6.331964233227539E-005
   10066.9000000000       6.355743982621973E-005
   10069.4000000000       6.379078620413101E-005
   10074.4000000000       6.424363187807740E-005
   10079.4000000000       6.467411849952037E-005
   10084.4000000000       6.508025508614556E-005
   10089.4000000000       6.546431237614704E-005
   10094.4000000000       6.582718214364966E-005
   10099.4000000000       6.616742337111778E-005
   10104.4000000000       6.648358218071990E-005
   10109.4000000000       6.677634805171433E-005
   10114.4000000000       6.704652751925886E-005
   10119.4000000000       6.729600473132276E-005
   10124.4000000000       6.752677473821483E-005
   10129.4000000000       6.774072540166855E-005
   10134.4000000000       6.793844007889230E-005
   10139.4000000000       6.812161253770612E-005
   10144.4000000000       6.829091841897520E-005
   10149.4000000000       6.844696471266688E-005
   10153.6300000000       6.856854500074986E-005
   10161.9000000000       6.878039957400426E-005
   10174.4000000000       6.904278719425381E-005
   10186.9000000000       6.924294480004331E-005
   10199.4000000000       6.938754474830714E-005
   10274.4000000000       6.955622176946477E-005
   10283.8100000000       6.952285056417798E-005
   10349.4000000000       6.910138413894831E-005
   10413.9800000000       6.850618286212370E-005
   10544.1600000000       6.704100306313786E-005
   10638.1000000000       6.576342644569324E-005
   10674.3300000000       6.517036272954004E-005
   10713.1000000000       6.442364179919803E-005
   10788.1000000000       6.237849929373719E-005
   10800.6000000000       6.191155725764188E-005
   10804.5100000000       6.175335026805366E-005
   10813.1000000000       6.138393460363532E-005
   10825.6000000000       6.079132886374844E-005
   10838.1000000000       6.012463694016038E-005
   10843.1000000000       5.983498966892251E-005
   10848.1000000000       5.952982009722702E-005
   10853.1000000000       5.920945315985326E-005
   10858.1000000000       5.887286329117467E-005
   10863.1000000000       5.851908038868847E-005
   10868.1000000000       5.814712187275147E-005
   10873.1000000000       5.775562415518223E-005
   10878.1000000000       5.734433003648069E-005
   10883.1000000000       5.691195698953824E-005
   10888.1000000000       5.645641909874228E-005
   10893.1000000000       5.597512215244760E-005
   10898.1000000000       5.546447113920355E-005
   10903.1000000000       5.492079565955421E-005
   10908.1000000000       5.434209448899529E-005
   10913.1000000000       5.372409851105401E-005
   10918.1000000000       5.306202380229386E-005
   10920.6000000000       5.271096528944770E-005
   10923.1000000000       5.234269005905025E-005
   10925.6000000000       5.195294614970926E-005
   10928.1000000000       5.153181386531853E-005
   10929.1000000000       5.135233339230016E-005
   10930.1000000000       5.116567533084756E-005
   10931.1000000000       5.097129557049408E-005
   10932.1000000000       5.076787438011300E-005
   10933.1000000000       5.055320229338325E-005
   10934.1000000000       5.032127504617720E-005
   10934.6800000000       5.017528414120410E-005
   10935.1000000000       5.006299334728733E-005
   10936.1000000000       4.978011278019681E-005
   10936.2000000000       4.975192717313791E-005
   10936.3000000000       4.972402374102670E-005
   10936.4000000000       4.969661983565350E-005
   10936.5000000000       4.966958967627306E-005
   10936.6000000000       4.964346426238685E-005
   10936.7000000000       4.961786231675293E-005
   10936.8000000000       4.959356240682186E-005
   10936.9000000000       4.956983225034934E-005
   10937.0000000000       4.954783520390674E-005
   10937.1000000000       4.952677807030931E-005
   10937.2000000000       4.950747909966030E-005
   10937.3000000000       4.948934834267852E-005
   10937.4000000000       4.947342936832177E-005
   10937.5000000000       4.945903684720589E-005
   10937.6000000000       4.944661476121733E-005
   10937.7000000000       4.943631132921162E-005
   10937.8000000000       4.942769035000618E-005
   10937.9000000000       4.942179247197977E-005
   10938.0000000000       4.941762684294213E-005
   10938.1000000000       4.941596408370133E-005
   10938.2000000000       4.941627513123645E-005
   10938.3000000000       4.941928233313222E-005
   10938.4000000000       4.942390015426516E-005
   10938.5000000000       4.943107358435774E-005
   10938.6000000000       4.944001998762567E-005
   10938.7000000000       4.945127674933010E-005
   10938.8000000000       4.946427860026212E-005
   10938.9000000000       4.947907273590465E-005
   10939.0000000000       4.949568918664468E-005
   10939.1000000000       4.951367081850542E-005
   10939.2000000000       4.953353862164733E-005
   10939.3000000000       4.955422333305065E-005
   10939.4000000000       4.957656336660475E-005
   10939.5000000000       4.959956803336889E-005
   10939.6000000000       4.962380846132028E-005
   10939.7000000000       4.964874306166468E-005
   10939.8000000000       4.967424233596893E-005
   10939.9000000000       4.970034614673851E-005
   10940.0000000000       4.972694398636461E-005
   10940.1000000000       4.975384127796165E-005
   10941.1000000000       5.002327712500747E-005
   10942.1000000000       5.026808475303535E-005
   10943.1000000000       5.048651377186579E-005
   10944.1000000000       5.068765401204443E-005
   10945.1000000000       5.087722327619716E-005
   10946.1000000000       5.105758945799919E-005
   10947.1000000000       5.123019341788735E-005
   10948.1000000000       5.139535572604802E-005
   10950.6000000000       5.178035830355135E-005
   10953.1000000000       5.213339696694671E-005
   10955.6000000000       5.246443801819366E-005
   10958.1000000000       5.277770479109124E-005
   10963.1000000000       5.336242355205348E-005
   10968.1000000000       5.390103761725947E-005
   10973.1000000000       5.439848721940397E-005
   10978.1000000000       5.485911161361150E-005
   10983.1000000000       5.528492312423332E-005
   10988.1000000000       5.567980481010865E-005
   10993.1000000000       5.604729738118706E-005
   10998.1000000000       5.639007631895292E-005
   11003.1000000000       5.671041168999678E-005
   11008.1000000000       5.700946215808414E-005
   11013.1000000000       5.728783885956882E-005
   11018.1000000000       5.754671811977691E-005
   11023.1000000000       5.778720949964630E-005
   11028.1000000000       5.801061463097398E-005
   11033.1000000000       5.821772613236545E-005
   11038.1000000000       5.840854130644300E-005
   11050.6000000000       5.882845780330254E-005
   11063.1000000000       5.916781122388525E-005
   11064.8600000000       5.920987458626346E-005
   11075.6000000000       5.943705304248874E-005
   11088.1000000000       5.964531971929846E-005
   11163.1000000000       6.011818977788512E-005
   11195.0300000000       6.007551948585719E-005
   11238.1000000000       5.989724050760012E-005
   11325.2100000000       5.932365623539875E-005
   11455.3800000000       5.826896971203421E-005
   11585.5500000000       5.715749170455827E-005
   11715.7300000000       5.604710466607468E-005
   11845.9000000000       5.490380772644743E-005
   11976.0800000000       5.383403685417132E-005
   12000.0000000000       5.363564394779196E-005
   12106.2500000000       5.276080308832269E-005
   12236.4300000000       5.169185185247689E-005
   12366.6000000000       5.059289715825415E-005
   12496.7800000000       4.935840803797736E-005
   12518.1000000000       4.912373478889234E-005
   12593.1000000000       4.813669909022246E-005
   12626.9500000000       4.755179123862062E-005
   12668.1000000000       4.663399865619476E-005
   12680.6000000000       4.629206364306847E-005
   12693.1000000000       4.591004746177708E-005
   12705.6000000000       4.548254628656746E-005
   12718.1000000000       4.500231901738738E-005
   12723.1000000000       4.479370297321508E-005
   12728.1000000000       4.457364751044422E-005
   12733.1000000000       4.434202931370960E-005
   12738.1000000000       4.409811444048516E-005
   12743.1000000000       4.384116896989912E-005
   12748.1000000000       4.356993490159197E-005
   12753.1000000000       4.328343499497004E-005
   12757.1300000000       4.304083410465263E-005
   12758.1000000000       4.298041825344009E-005
   12763.1000000000       4.265826471295743E-005
   12768.1000000000       4.231547281770432E-005
   12773.1000000000       4.194856849864688E-005
   12778.1000000000       4.155348254930955E-005
   12783.1000000000       4.112489011492139E-005
   12788.1000000000       4.065581496835731E-005
   12793.1000000000       4.013474088042739E-005
   12798.1000000000       3.954274005839154E-005
   12800.6000000000       3.920705658581227E-005
   12803.1000000000       3.883083972615185E-005
   12805.6000000000       3.840559850497175E-005
   12808.1000000000       3.792073476570215E-005
   12809.1000000000       3.770510583520358E-005
   12810.1000000000       3.747368042314827E-005
   12811.1000000000       3.722647519465259E-005
   12812.1000000000       3.696718113060048E-005
   12813.1000000000       3.670829433344850E-005
   12814.1000000000       3.648356968556685E-005
   12815.1000000000       3.636248663805044E-005
   12816.1000000000       3.642233330479426E-005
   12816.2000000000       3.643844784168686E-005
   12816.3000000000       3.645628749078231E-005
   12816.4000000000       3.647493287059183E-005
   12816.5000000000       3.649484205628260E-005
   12816.6000000000       3.651544326647141E-005
   12816.7000000000       3.653675029058914E-005
   12816.8000000000       3.655803839397582E-005
   12816.9000000000       3.657953527653400E-005
   12817.0000000000       3.660056113778442E-005
   12817.1000000000       3.662112393326256E-005
   12817.2000000000       3.664051920152991E-005
   12817.3000000000       3.665899814766076E-005
   12817.4000000000       3.667594006575105E-005
   12817.5000000000       3.669108812681970E-005
   12817.6000000000       3.670433302101387E-005
   12817.7000000000       3.671538166702274E-005
   12817.8000000000       3.672401678804918E-005
   12817.9000000000       3.673013497951372E-005
   12818.0000000000       3.673373928948687E-005
   12818.1000000000       3.673467639856273E-005
   12818.2000000000       3.673288908687177E-005
   12818.3000000000       3.672825932282728E-005
   12818.4000000000       3.672134928184967E-005
   12818.5000000000       3.671166621240485E-005
   12818.6000000000       3.669984930910080E-005
   12818.7000000000       3.668570208649555E-005
   12818.8000000000       3.666962093558221E-005
   12818.9000000000       3.665181074975821E-005
   12819.0000000000       3.663248718581051E-005
   12819.1000000000       3.661209437456970E-005
   12819.2000000000       3.659056277616407E-005
   12819.3000000000       3.656875682001920E-005
   12819.4000000000       3.654630845546587E-005
   12819.5000000000       3.652412686122519E-005
   12819.6000000000       3.650205628284428E-005
   12819.7000000000       3.648053802182412E-005
   12819.8000000000       3.645975819944492E-005
   12819.9000000000       3.644013100441069E-005
   12820.0000000000       3.642160410158831E-005
   12820.1000000000       3.640458159398369E-005
   12821.1000000000       3.633615497830863E-005
   12822.1000000000       3.644870418315256E-005
   12823.1000000000       3.666461868531077E-005
   12824.1000000000       3.691463298717527E-005
   12825.1000000000       3.716482738248375E-005
   12826.1000000000       3.740273885554260E-005
   12827.1000000000       3.762476888389390E-005
   12828.1000000000       3.783094341329393E-005
   12830.6000000000       3.829154212289078E-005
   12833.1000000000       3.869210716205347E-005
   12835.6000000000       3.904320259314359E-005
   12838.1000000000       3.935346177922953E-005
   12843.1000000000       3.989355099605854E-005
   12848.1000000000       4.036165188387236E-005
   12853.1000000000       4.077673194754059E-005
   12858.1000000000       4.115029248748992E-005
   12863.1000000000       4.148929061909331E-005
   12868.1000000000       4.179910231813056E-005
   12873.1000000000       4.208395801746225E-005
   12878.1000000000       4.234700073239221E-005
   12883.1000000000       4.259086179896918E-005
   12887.3000000000       4.278224511187646E-005
   12888.1000000000       4.281726046350907E-005
   12893.1000000000       4.302671581666898E-005
   12898.1000000000       4.322154934036629E-005
   12903.1000000000       4.340264347115059E-005
   12908.1000000000       4.357078910146651E-005
   12913.1000000000       4.372679193455174E-005
   12918.1000000000       4.387078759704531E-005
   12930.6000000000       4.418667542233613E-005
   12943.1000000000       4.444709544336799E-005
   12955.6000000000       4.465942545593636E-005
   12968.1000000000       4.482914314928514E-005
   13017.4800000000       4.521004230603615E-005
   13043.1000000000       4.527959505340283E-005
   13118.1000000000       4.520670762299752E-005
   13147.6500000000       4.511253567482492E-005
   13277.8300000000       4.451380243850513E-005
   13408.0000000000       4.380328297092573E-005
   13538.1800000000       4.306888530173293E-005
   13668.3500000000       4.233678904372354E-005
   13798.5300000000       4.161637370823116E-005
   13928.7000000000       4.092347509571820E-005
   14000.0000000000       4.054109462578224E-005
   14058.8800000000       4.022938661681167E-005
   14189.0500000000       3.955279203868668E-005
   14319.2200000000       3.889305701037858E-005
   14449.4000000000       3.824965121771654E-005
   14579.5700000000       3.762235060523065E-005
   14746.9400000000       3.684648487813126E-005
   14914.3100000000       3.608544634745869E-005
   15081.6800000000       3.534783944558548E-005
   15249.0400000000       3.463211040299701E-005
   15416.4100000000       3.393805327703976E-005
   15580.5000000000       3.327803192532903E-005
   15583.7800000000       3.326506906965260E-005
   15655.5000000000       3.298292930093984E-005
   15730.5000000000       3.269194023193804E-005
   15743.0000000000       3.264372669283167E-005
   15751.1500000000       3.261247015663172E-005
   15755.5000000000       3.259573719854990E-005
   15768.0000000000       3.254793912829362E-005
   15780.5000000000       3.250012855515649E-005
   15785.5000000000       3.248096711226196E-005
   15790.5000000000       3.246187549010051E-005
   15795.5000000000       3.244282102834047E-005
   15800.5000000000       3.242378639781282E-005
   15805.5000000000       3.240478217999696E-005
   15810.5000000000       3.238549158346445E-005
   15815.5000000000       3.236658167079366E-005
   15820.5000000000       3.234756487266115E-005
   15825.5000000000       3.232866094668056E-005
   15830.5000000000       3.230967091159108E-005
   15835.5000000000       3.229073254956826E-005
   15840.5000000000       3.227187855285736E-005
   15845.5000000000       3.225305041509043E-005
   15850.5000000000       3.223417327412656E-005
   15855.5000000000       3.221537492295971E-005
   15860.5000000000       3.219656737273019E-005
   15863.0000000000       3.218711722402653E-005
   15865.5000000000       3.217784397893836E-005
   15868.0000000000       3.216838844073364E-005
   15870.5000000000       3.215894665829577E-005
   15871.5000000000       3.215526451736636E-005
   15872.5000000000       3.215151384115584E-005
   15873.5000000000       3.214775428888874E-005
   15874.5000000000       3.214398827702227E-005
   15875.5000000000       3.214028890553347E-005
   15876.5000000000       3.213656671168292E-005
   15877.5000000000       3.213270790294108E-005
   15878.5000000000       3.212895099850285E-005
   15878.6000000000       3.212858956344727E-005
   15878.7000000000       3.212832628335400E-005
   15878.8000000000       3.212780931022044E-005
   15878.9000000000       3.212745118330036E-005
   15879.0000000000       3.212720314221124E-005
   15879.1000000000       3.212673947196688E-005
   15879.2000000000       3.212641217291600E-005
   15879.3000000000       3.212593835051919E-005
   15879.4000000000       3.212563144329547E-005
   15879.5000000000       3.212526507188022E-005
   15879.6000000000       3.212483659916339E-005
   15879.7000000000       3.212457362241557E-005
   15879.8000000000       3.212419070192055E-005
   15879.9000000000       3.212371706275714E-005
   15880.0000000000       3.212341408556988E-005
   15880.1000000000       3.212307410616609E-005
   15880.2000000000       3.212261068594568E-005
   15880.3000000000       3.212226514392976E-005
   15880.4000000000       3.212185190053290E-005
   15880.5000000000       3.212149774219913E-005
   15880.6000000000       3.212116619949976E-005
   15880.7000000000       3.212076751731459E-005
   15880.8000000000       3.212046859523091E-005
   15880.9000000000       3.211997544069522E-005
   15881.0000000000       3.211957677304433E-005
   15881.1000000000       3.211927682470973E-005
   15881.2000000000       3.211893528086965E-005
   15881.3000000000       3.211847382597935E-005
   15881.4000000000       3.211814257515814E-005
   15881.5000000000       3.211774106991646E-005
   15881.6000000000       3.211733923997126E-005
   15881.7000000000       3.211710059066143E-005
   15881.8000000000       3.211659382004590E-005
   15881.9000000000       3.211623299950282E-005
   15882.0000000000       3.211591364109669E-005
   15882.1000000000       3.211554758160565E-005
   15882.2000000000       3.211520839810970E-005
   15882.3000000000       3.211474172516830E-005
   15882.4000000000       3.211439371120792E-005
   15882.5000000000       3.211400944872580E-005
   15883.5000000000       3.211026746370824E-005
   15884.5000000000       3.210650389894774E-005
   15885.5000000000       3.210277886108702E-005
   15886.5000000000       3.209903320049881E-005
   15887.5000000000       3.209522978300574E-005
   15888.5000000000       3.209157230354702E-005
   15889.5000000000       3.208782798018811E-005
   15890.5000000000       3.208406643997742E-005
   15893.0000000000       3.207474473699379E-005
   15895.5000000000       3.206543337996727E-005
   15898.0000000000       3.205603917992841E-005
   15900.5000000000       3.204679929955557E-005
   15905.5000000000       3.202817638252959E-005
   15910.5000000000       3.200952799351079E-005
   15915.5000000000       3.199092308393790E-005
   15918.5100000000       3.197974224473016E-005
   15920.5000000000       3.197229422268767E-005
   15925.5000000000       3.195386801302282E-005
   15930.5000000000       3.193524876834988E-005
   15935.5000000000       3.191664096935898E-005
   15940.5000000000       3.189819078848384E-005
   15945.5000000000       3.187971171095816E-005
   15950.5000000000       3.186128293371634E-005
   15955.5000000000       3.184287219542236E-005
   15960.5000000000       3.182437993487586E-005
   15965.5000000000       3.180589199567995E-005
   15970.5000000000       3.178760558288818E-005
   15975.5000000000       3.176910209464973E-005
   15980.5000000000       3.175080504001421E-005
   15993.0000000000       3.170496919131168E-005
   15996.8000000000       3.169090684963114E-005
   16000.0000000000       3.167918705814738E-005
   16009.3000000000       3.164517931308556E-005
   16014.3000000000       3.162693637889774E-005
   16019.3000000000       3.160862271954404E-005
   16024.3000000000       3.159045760275589E-005
   16029.3000000000       3.157211838389563E-005
   16034.3000000000       3.155396045073839E-005
   16039.3000000000       3.153575437759692E-005
   16044.3000000000       3.151760680235214E-005
   16049.3000000000       3.149936610875568E-005
   16054.3000000000       3.148123274538602E-005
   16059.3000000000       3.146304061809358E-005
   16064.3000000000       3.144507479987838E-005
   16069.3000000000       3.142703445639518E-005
   16074.3000000000       3.140887938425880E-005
   16079.3000000000       3.139095260808535E-005
   16084.3000000000       3.137298806690757E-005
   16085.8800000000       3.136718460420334E-005
   16089.3000000000       3.135499747633115E-005
   16091.8000000000       3.134599025495393E-005
   16094.3000000000       3.133700731576291E-005
   16096.8000000000       3.132805975107030E-005
   16099.3000000000       3.131917034869753E-005
   16100.3000000000       3.131552354704552E-005
   16101.3000000000       3.131189618595636E-005
   16102.3000000000       3.130836229388324E-005
   16103.3000000000       3.130479130944905E-005
   16104.3000000000       3.130126434752807E-005
   16105.3000000000       3.129761081247750E-005
   16106.3000000000       3.129394433551401E-005
   16107.3000000000       3.129043255267624E-005
   16107.4000000000       3.129008592841464E-005
   16107.5000000000       3.128970351175071E-005
   16107.6000000000       3.128937063754835E-005
   16107.7000000000       3.128904162496891E-005
   16107.8000000000       3.128862381264308E-005
   16107.9000000000       3.128823175136583E-005
   16108.0000000000       3.128790320577258E-005
   16108.1000000000       3.128758422821810E-005
   16108.2000000000       3.128716014985207E-005
   16108.3000000000       3.128683507431855E-005
   16108.4000000000       3.128645036246511E-005
   16108.5000000000       3.128610128654157E-005
   16108.6000000000       3.128576059067641E-005
   16108.7000000000       3.128538924139014E-005
   16108.8000000000       3.128497868275802E-005
   16108.9000000000       3.128472222222308E-005
   16109.0000000000       3.128425907528205E-005
   16109.1000000000       3.128402745883116E-005
   16109.2000000000       3.128356883839157E-005
   16109.3000000000       3.128325104669428E-005
   16109.4000000000       3.128287278575845E-005
   16109.5000000000       3.128246664674702E-005
   16109.6000000000       3.128217281295931E-005
   16109.7000000000       3.128176779993115E-005
   16109.8000000000       3.128152003568474E-005
   16109.9000000000       3.128112239884759E-005
   16110.0000000000       3.128070667333856E-005
   16110.1000000000       3.128036036088199E-005
   16110.2000000000       3.128002742726877E-005
   16110.3000000000       3.127967282629767E-005
   16110.4000000000       3.127936665892062E-005
   16110.5000000000       3.127898622566495E-005
   16110.6000000000       3.127869864720450E-005
   16110.7000000000       3.127820989052648E-005
   16110.8000000000       3.127793890520970E-005
   16110.9000000000       3.127747449915952E-005
   16111.0000000000       3.127723388352280E-005
   16111.1000000000       3.127688193954398E-005
   16111.2000000000       3.127655832723861E-005
   16111.3000000000       3.127611953580259E-005
   16112.3000000000       3.127261903174482E-005
   16113.3000000000       3.126899638586319E-005
   16114.3000000000       3.126545933472855E-005
   16115.3000000000       3.126196996474297E-005
   16116.3000000000       3.125833474804624E-005
   16117.3000000000       3.125477988726737E-005
   16118.3000000000       3.125122204700085E-005
   16119.3000000000       3.124765439267052E-005
   16121.8000000000       3.123873873732700E-005
   16124.3000000000       3.122978738709617E-005
   16126.8000000000       3.122088300347077E-005
   16129.3000000000       3.121209505496502E-005
   16134.3000000000       3.119426500486267E-005
   16139.3000000000       3.117648445547666E-005
   16144.3000000000       3.115874746529128E-005
   16149.3000000000       3.114110735408815E-005
   16154.3000000000       3.112341297261581E-005
   16159.3000000000       3.110580222628064E-005
   16164.3000000000       3.108812432678110E-005
   16169.3000000000       3.107049580596722E-005
   16174.3000000000       3.105285445723265E-005
   16179.3000000000       3.103530600505526E-005
   16184.3000000000       3.101762201141767E-005
   16189.3000000000       3.100007377536715E-005
   16194.3000000000       3.098248973844375E-005
   16199.3000000000       3.096486237087418E-005
   16204.3000000000       3.094742859763286E-005
   16209.3000000000       3.092982561956356E-005
   16221.8000000000       3.088577461409150E-005
   16234.3000000000       3.084181875024112E-005
   16246.8000000000       3.079760207521119E-005
   16253.2500000000       3.077473857512557E-005
   16269.7000000000       3.071633970776278E-005
   16282.2000000000       3.067172350447623E-005
   16294.7000000000       3.062673012206945E-005
   16307.2000000000       3.058112824077104E-005
   16312.2000000000       3.056284113780286E-005
   16317.2000000000       3.054428581323546E-005
   16322.2000000000       3.052561277910827E-005
   16327.2000000000       3.050685891131465E-005
   16332.2000000000       3.048799157202691E-005
   16337.2000000000       3.046875955961439E-005
   16342.2000000000       3.044939004083899E-005
   16347.2000000000       3.042975518149772E-005
   16352.2000000000       3.040985177129081E-005
   16357.2000000000       3.038913405857715E-005
   16362.2000000000       3.036364334166084E-005
   16367.2000000000       3.034212605651567E-005
   16372.2000000000       3.032099014323315E-005
   16377.2000000000       3.029942623769453E-005
   16382.2000000000       3.027751874117435E-005
   16387.2000000000       3.025560953724699E-005
   16389.7000000000       3.024463382710840E-005
   16392.2000000000       3.023397678539319E-005
   16394.7000000000       3.022348138899315E-005
   16397.2000000000       3.021319576449898E-005
   16398.2000000000       3.020920877286288E-005
   16399.2000000000       3.020522768373458E-005
   16400.2000000000       3.020146672199758E-005
   16401.2000000000       3.019755958970615E-005
   16402.2000000000       3.019374889008761E-005
   16403.2000000000       3.018996496996708E-005
   16404.2000000000       3.018635427487701E-005
   16405.2000000000       3.018279313111477E-005
   16405.3000000000       3.018248440925867E-005
   16405.4000000000       3.018205781071251E-005
   16405.5000000000       3.018171146556128E-005
   16405.6000000000       3.018129699052092E-005
   16405.7000000000       3.018098631029144E-005
   16405.8000000000       3.018066737638827E-005
   16405.9000000000       3.018025593143444E-005
   16406.0000000000       3.017989547257287E-005
   16406.1000000000       3.017956745103400E-005
   16406.2000000000       3.017916659607085E-005
   16406.3000000000       3.017885300993088E-005
   16406.4000000000       3.017844969851468E-005
   16406.5000000000       3.017812246056307E-005
   16406.6000000000       3.017781783615889E-005
   16406.7000000000       3.017740040360210E-005
   16406.8000000000       3.017711283374125E-005
   16406.9000000000       3.017670003000053E-005
   16407.0000000000       3.017630228853960E-005
   16407.1000000000       3.017602959203353E-005
   16407.2000000000       3.017570219035502E-005
   16407.3000000000       3.017535953424230E-005
   16407.4000000000       3.017499870957547E-005
   16407.5000000000       3.017468942085205E-005
   16407.6000000000       3.017438285187045E-005
   16407.7000000000       3.017406329155565E-005
   16407.8000000000       3.017379466742295E-005
   16407.9000000000       3.017345596726809E-005
   16408.0000000000       3.017312135452696E-005
   16408.1000000000       3.017281452734413E-005
   16408.2000000000       3.017247287507957E-005
   16408.3000000000       3.017211838286047E-005
   16408.4000000000       3.017189677519531E-005
   16408.5000000000       3.017151788428321E-005
   16408.6000000000       3.017115932363312E-005
   16408.7000000000       3.017088234777876E-005
   16408.8000000000       3.017054642210451E-005
   16408.9000000000       3.017026796169502E-005
   16409.0000000000       3.017000666482717E-005
   16409.1000000000       3.016961549088794E-005
   16409.2000000000       3.016938478585026E-005
   16410.2000000000       3.016616920645680E-005
   16411.2000000000       3.016308663650198E-005
   16412.2000000000       3.016011377324601E-005
   16413.2000000000       3.015716387470117E-005
   16414.2000000000       3.015420170696363E-005
   16415.2000000000       3.015138383064490E-005
   16416.2000000000       3.014860465709625E-005
   16417.2000000000       3.014587269851276E-005
   16419.7000000000       3.013927742010192E-005
   16420.6200000000       3.013680367987409E-005
   16422.2000000000       3.013287015070021E-005
   16424.7000000000       3.012685333882496E-005
   16427.2000000000       3.012074296359940E-005
   16432.2000000000       3.010900785857568E-005
   16437.2000000000       3.009717293586152E-005
   16442.2000000000       3.008487484190481E-005
   16447.2000000000       3.007231525924719E-005
   16452.2000000000       3.005935407425649E-005
   16457.2000000000       3.004620454469736E-005
   16462.2000000000       3.003259410406541E-005
   16467.2000000000       3.001865614939076E-005
   16472.2000000000       3.000446137686433E-005
   16477.2000000000       2.999003403538140E-005
   16482.2000000000       2.997539350578324E-005
   16487.2000000000       2.996051108476847E-005
   16492.2000000000       2.994541289640902E-005
   16497.2000000000       2.993024797936738E-005
   16502.2000000000       2.991488918253187E-005
   16507.2000000000       2.989944073395495E-005
   16519.7000000000       2.986025839037487E-005
   16532.2000000000       2.982054339887658E-005
   16544.7000000000       2.978033242650544E-005
   16557.2000000000       2.973977412562642E-005
   16587.9900000000       2.963842259821935E-005
   16656.5000000000       2.940524041830999E-005
   16669.0000000000       2.936083411593994E-005
   16681.5000000000       2.931550504068315E-005
   16694.0000000000       2.926911031293184E-005
   16706.5000000000       2.922128259291917E-005
   16711.5000000000       2.920166620653128E-005
   16716.5000000000       2.918169167750111E-005
   16721.5000000000       2.916138173886053E-005
   16726.5000000000       2.914072927062113E-005
   16731.5000000000       2.911952863492278E-005
   16736.5000000000       2.909781765368937E-005
   16741.5000000000       2.907562357867023E-005
   16746.5000000000       2.905292506399714E-005
   16751.5000000000       2.902937479508781E-005
   16755.3500000000       2.901080225591588E-005
   16756.5000000000       2.900513829106812E-005
   16761.5000000000       2.898028534238051E-005
   16766.5000000000       2.895464081810793E-005
   16771.5000000000       2.892816300099426E-005
   16776.5000000000       2.890092995787362E-005
   16781.5000000000       2.887285672903969E-005
   16786.5000000000       2.884440244011212E-005
   16789.0000000000       2.883013635102120E-005
   16791.5000000000       2.881614212650287E-005
   16794.0000000000       2.880257035545373E-005
   16796.5000000000       2.878966964324634E-005
   16797.5000000000       2.878462285122893E-005
   16798.5000000000       2.877987128324865E-005
   16799.5000000000       2.877530949802216E-005
   16800.5000000000       2.877075088394280E-005
   16801.5000000000       2.876652062422611E-005
   16802.5000000000       2.876243546224622E-005
   16803.5000000000       2.875848297649947E-005
   16804.5000000000       2.875460799440810E-005
   16804.6000000000       2.875422184590083E-005
   16804.7000000000       2.875375193650743E-005
   16804.8000000000       2.875332934406360E-005
   16804.9000000000       2.875293276204455E-005
   16805.0000000000       2.875261629600499E-005
   16805.1000000000       2.875210081663974E-005
   16805.2000000000       2.875180022362618E-005
   16805.3000000000       2.875132315977659E-005
   16805.4000000000       2.875100872429938E-005
   16805.5000000000       2.875050925212082E-005
   16805.6000000000       2.875019558847952E-005
   16805.7000000000       2.874978490181517E-005
   16805.8000000000       2.874936680745299E-005
   16805.9000000000       2.874903990986304E-005
   16806.0000000000       2.874863651396254E-005
   16806.1000000000       2.874828803257140E-005
   16806.2000000000       2.874787523775282E-005
   16806.3000000000       2.874761743708751E-005
   16806.4000000000       2.874727346475768E-005
   16806.5000000000       2.874693309833243E-005
   16806.6000000000       2.874654653607215E-005
   16806.7000000000       2.874635992554193E-005
   16806.8000000000       2.874600455190050E-005
   16806.9000000000       2.874575498107119E-005
   16807.0000000000       2.874551119554628E-005
   16807.1000000000       2.874533955593312E-005
   16807.2000000000       2.874498695799087E-005
   16807.3000000000       2.874474480199664E-005
   16807.4000000000       2.874454906004724E-005
   16807.5000000000       2.874428630683809E-005
   16807.6000000000       2.874407960520954E-005
   16807.7000000000       2.874373013899596E-005
   16807.8000000000       2.874366251304657E-005
   16807.9000000000       2.874340166846046E-005
   16808.0000000000       2.874319109709427E-005
   16808.1000000000       2.874291306956435E-005
   16808.2000000000       2.874284482206532E-005
   16808.3000000000       2.874255140512876E-005
   16808.4000000000       2.874228565882613E-005
   16808.5000000000       2.874206796060643E-005
   16809.5000000000       2.873984099910267E-005
   16810.5000000000       2.873741587329627E-005
   16811.5000000000       2.873528116636669E-005
   16812.5000000000       2.873343171541390E-005
   16813.5000000000       2.873155910405940E-005
   16814.5000000000       2.872997808544165E-005
   16815.5000000000       2.872846555228611E-005
   16816.5000000000       2.872734609278045E-005
   16819.0000000000       2.872454480977230E-005
   16821.5000000000       2.872251272847321E-005
   16824.0000000000       2.872077234028798E-005
   16826.5000000000       2.871942711513755E-005
   16831.5000000000       2.871658706532105E-005
   16836.5000000000       2.871300597261143E-005
   16841.5000000000       2.870893530922059E-005
   16846.5000000000       2.870381053246306E-005
   16851.5000000000       2.869795952858434E-005
   16856.5000000000       2.869141417936978E-005
   16861.5000000000       2.868398459929504E-005
   16866.5000000000       2.867582554741694E-005
   16871.5000000000       2.866707388049002E-005
   16876.5000000000       2.865753680933289E-005
   16881.5000000000       2.864753918827019E-005
   16886.5000000000       2.863701122686459E-005
   16891.5000000000       2.862608031231528E-005
   16896.5000000000       2.861465372708030E-005
   16901.5000000000       2.860300606130904E-005
   16906.5000000000       2.859084636049706E-005
   16919.0000000000       2.855944005708677E-005
   16922.7200000000       2.854975696553831E-005
   16931.5000000000       2.852647231028759E-005
   16944.0000000000       2.849238584649706E-005
   16956.5000000000       2.845726141114994E-005
   17031.5000000000       2.823485395453411E-005
   17090.0900000000       2.805368934154539E-005
   17137.1000000000       2.790540388121208E-005
   17212.1000000000       2.764700021278598E-005
   17224.6000000000       2.760534782523052E-005
   17237.1000000000       2.756356588988852E-005
   17249.6000000000       2.752137962941603E-005
   17257.4600000000       2.749486471330479E-005
   17262.1000000000       2.747928344567648E-005
   17267.1000000000       2.746229165986370E-005
   17272.1000000000       2.744532222226468E-005
   17277.1000000000       2.742831121903333E-005
   17282.1000000000       2.741133940801223E-005
   17287.1000000000       2.739425776910620E-005
   17292.1000000000       2.737726550370482E-005
   17297.1000000000       2.736022552564558E-005
   17302.1000000000       2.734311989689660E-005
   17307.1000000000       2.732614098870249E-005
   17312.1000000000       2.730919449693509E-005
   17317.1000000000       2.729234822706874E-005
   17322.1000000000       2.727555158761369E-005
   17327.1000000000       2.725908830064499E-005
   17332.1000000000       2.724260362124946E-005
   17337.1000000000       2.722654908740982E-005
   17342.1000000000       2.721086166979164E-005
   17344.6000000000       2.720307217797322E-005
   17347.1000000000       2.719540448495846E-005
   17349.6000000000       2.718785734166638E-005
   17352.1000000000       2.718046370587884E-005
   17353.1000000000       2.717748432468508E-005
   17354.1000000000       2.717462763014321E-005
   17355.1000000000       2.717179367686636E-005
   17356.1000000000       2.716890263096435E-005
   17357.1000000000       2.716600662841410E-005
   17358.1000000000       2.716316872424614E-005
   17359.1000000000       2.716022460159068E-005
   17360.1000000000       2.715717318669019E-005
   17360.2000000000       2.715683253146205E-005
   17360.3000000000       2.715653645785821E-005
   17360.4000000000       2.715625000259287E-005
   17360.5000000000       2.715598838165028E-005
   17360.6000000000       2.715560172847489E-005
   17360.7000000000       2.715526900878805E-005
   17360.8000000000       2.715498440023478E-005
   17360.9000000000       2.715457689620342E-005
   17361.0000000000       2.715436155463120E-005
   17361.1000000000       2.715394217227926E-005
   17361.2000000000       2.715365199998142E-005
   17361.3000000000       2.715336836134927E-005
   17361.4000000000       2.715302328422640E-005
   17361.5000000000       2.715274949074801E-005
   17361.6000000000       2.715243658157541E-005
   17361.7000000000       2.715209535394859E-005
   17361.8000000000       2.715187881825228E-005
   17361.9000000000       2.715152052440635E-005
   17362.0000000000       2.715120017762835E-005
   17362.1000000000       2.715097739650736E-005
   17362.2000000000       2.715063942563577E-005
   17362.3000000000       2.715039560958014E-005
   17362.4000000000       2.715007367382944E-005
   17362.5000000000       2.714985696979012E-005
   17362.6000000000       2.714965338798816E-005
   17362.7000000000       2.714942862340260E-005
   17362.8000000000       2.714909202150101E-005
   17362.9000000000       2.714886619212658E-005
   17363.0000000000       2.714861501650073E-005
   17363.1000000000       2.714835847493603E-005
   17363.2000000000       2.714814436122859E-005
   17363.3000000000       2.714782186589909E-005
   17363.4000000000       2.714759090747296E-005
   17363.5000000000       2.714734593639849E-005
   17363.6000000000       2.714717848637816E-005
   17363.7000000000       2.714688156259227E-005
   17363.8000000000       2.714663828504014E-005
   17363.9000000000       2.714637614879312E-005
   17364.0000000000       2.714616602127660E-005
   17364.1000000000       2.714581885162810E-005
   17365.1000000000       2.714322897379669E-005
   17366.1000000000       2.714056559473076E-005
   17367.1000000000       2.713777552330650E-005
   17368.1000000000       2.713505248763376E-005
   17369.1000000000       2.713223579680358E-005
   17370.1000000000       2.712950649237301E-005
   17371.1000000000       2.712673516721198E-005
   17372.1000000000       2.712399809268051E-005
   17374.6000000000       2.711724181470177E-005
   17377.1000000000       2.711072487594586E-005
   17379.6000000000       2.710416211401065E-005
   17382.1000000000       2.709779311949171E-005
   17387.1000000000       2.708532247544694E-005
   17392.1000000000       2.707312446490688E-005
   17397.1000000000       2.706112640646300E-005
   17402.1000000000       2.704948912827458E-005
   17407.1000000000       2.703787290086996E-005
   17412.1000000000       2.702644342295138E-005
   17417.1000000000       2.701503378112839E-005
   17422.1000000000       2.700366185561187E-005
   17424.8200000000       2.699755342272621E-005
   17427.1000000000       2.699238206199927E-005
   17432.1000000000       2.698103671399821E-005
   17437.1000000000       2.696963503440930E-005
   17442.1000000000       2.695830851653229E-005
   17447.1000000000       2.694685152242298E-005
   17452.1000000000       2.693549894627212E-005
   17457.1000000000       2.692403247857089E-005
   17462.1000000000       2.691252505041199E-005
   17474.6000000000       2.688355884060610E-005
   17487.1000000000       2.685425876382517E-005
   17499.6000000000       2.682476549686970E-005
   17512.1000000000       2.679482963829083E-005
   17587.1000000000       2.660924420636506E-005
   17592.1900000000       2.659646877223737E-005
   17662.1000000000       2.641375480848772E-005
   17759.5600000000       2.612538801040858E-005
   17874.1000000000       2.578294741571691E-005
   17926.9300000000       2.561418697503569E-005
   17949.1000000000       2.554102865636003E-005
   18000.0000000000       2.536693166112218E-005
   18024.1000000000       2.528105954026411E-005
   18036.6000000000       2.523560837428979E-005
   18049.1000000000       2.518944685182174E-005
   18061.6000000000       2.514260719429567E-005
   18074.1000000000       2.509521384356278E-005
   18079.1000000000       2.507586547416080E-005
   18084.1000000000       2.505657355021749E-005
   18089.1000000000       2.503721076998032E-005
   18094.1000000000       2.501770801176019E-005
   18094.2900000000       2.501687644997682E-005
   18099.1000000000       2.499804742100304E-005
   18104.1000000000       2.497839186549353E-005
   18109.1000000000       2.495854158398366E-005
   18114.1000000000       2.493870306235516E-005
   18119.1000000000       2.491868722639883E-005
   18124.1000000000       2.489876040165907E-005
   18129.1000000000       2.487879443852778E-005
   18134.1000000000       2.485899956999885E-005
   18139.1000000000       2.483941220848905E-005
   18144.1000000000       2.482018008455969E-005
   18149.1000000000       2.480138195346009E-005
   18154.1000000000       2.478297513213799E-005
   18156.6000000000       2.477409558375859E-005
   18159.1000000000       2.476525947296486E-005
   18161.6000000000       2.475679712630019E-005
   18164.1000000000       2.474824797707565E-005
   18165.1000000000       2.474497218982843E-005
   18166.1000000000       2.474160531227435E-005
   18167.1000000000       2.473833251770054E-005
   18168.1000000000       2.473506481729451E-005
   18169.1000000000       2.473186909470454E-005
   18170.1000000000       2.472870130387096E-005
   18171.1000000000       2.472544079228603E-005
   18172.1000000000       2.472205536097143E-005
   18172.2000000000       2.472171607754130E-005
   18172.3000000000       2.472130693810576E-005
   18172.4000000000       2.472099336100273E-005
   18172.5000000000       2.472054578051190E-005
   18172.6000000000       2.472024283739974E-005
   18172.7000000000       2.471990527342915E-005
   18172.8000000000       2.471940760873817E-005
   18172.9000000000       2.471906944111369E-005
   18173.0000000000       2.471873949962679E-005
   18173.1000000000       2.471828071171901E-005
   18173.2000000000       2.471801089687114E-005
   18173.3000000000       2.471766651549432E-005
   18173.4000000000       2.471722175986145E-005
   18173.5000000000       2.471689672895110E-005
   18173.6000000000       2.471656053498070E-005
   18173.7000000000       2.471626226688359E-005
   18173.8000000000       2.471592049424994E-005
   18173.9000000000       2.471568248197006E-005
   18174.0000000000       2.471535744180952E-005
   18174.1000000000       2.471509958260524E-005
   18174.2000000000       2.471486448763443E-005
   18174.3000000000       2.471465966852213E-005
   18174.4000000000       2.471434569546409E-005
   18174.5000000000       2.471420517454063E-005
   18174.6000000000       2.471396757635442E-005
   18174.7000000000       2.471375614212363E-005
   18174.8000000000       2.471362155409355E-005
   18174.9000000000       2.471340370632053E-005
   18175.0000000000       2.471323454867858E-005
   18175.1000000000       2.471304434872450E-005
   18175.2000000000       2.471294696385159E-005
   18175.3000000000       2.471279662083724E-005
   18175.4000000000       2.471263559435884E-005
   18175.5000000000       2.471240457355457E-005
   18175.6000000000       2.471238385787473E-005
   18175.7000000000       2.471223807254726E-005
   18175.8000000000       2.471205680300836E-005
   18175.9000000000       2.471183859751211E-005
   18176.0000000000       2.471159028958048E-005
   18176.1000000000       2.471152203538085E-005
   18177.1000000000       2.470963544288463E-005
   18178.1000000000       2.470762912598557E-005
   18179.1000000000       2.470554377041124E-005
   18180.1000000000       2.470357026541896E-005
   18181.1000000000       2.470148254370566E-005
   18182.1000000000       2.469958205924244E-005
   18183.1000000000       2.469764687936370E-005
   18184.1000000000       2.469568633204712E-005
   18186.6000000000       2.469094941434449E-005
   18189.1000000000       2.468643620946628E-005
   18191.6000000000       2.468196403387072E-005
   18194.1000000000       2.467782756259334E-005
   18199.1000000000       2.466963380560731E-005
   18204.1000000000       2.466212857030281E-005
   18209.1000000000       2.465488561333510E-005
   18214.1000000000       2.464797981293845E-005
   18219.1000000000       2.464112959756726E-005
   18224.1000000000       2.463444133866303E-005
   18229.1000000000       2.462767632586815E-005
   18234.1000000000       2.462094054530666E-005
   18239.1000000000       2.461398152794701E-005
   18244.1000000000       2.460695086592048E-005
   18249.1000000000       2.459969404853360E-005
   18254.1000000000       2.459232819572089E-005
   18259.1000000000       2.458480423716849E-005
   18261.6600000000       2.458075140429803E-005
   18264.1000000000       2.457702686004829E-005
   18269.1000000000       2.456912905392360E-005
   18274.1000000000       2.456090410890310E-005
   18286.6000000000       2.453977958426477E-005
   18299.1000000000       2.451741351904851E-005
   18311.6000000000       2.449392603989623E-005
   18324.1000000000       2.446891700786976E-005
   18399.1000000000       2.429086227276933E-005
   18429.0300000000       2.420088023344223E-005
   18526.0000000000       2.378246542318232E-005
   18596.4000000000       2.328455830357623E-005
   18601.0000000000       2.324208127329282E-005
   18613.5000000000       2.311461316677032E-005
   18626.0000000000       2.297242033914399E-005
   18638.5000000000       2.281352509819016E-005
   18651.0000000000       2.263562671736935E-005
   18656.0000000000       2.255857918376426E-005
   18661.0000000000       2.247714672484901E-005
   18666.0000000000       2.239140559921849E-005
   18671.0000000000       2.230056014313046E-005
   18676.0000000000       2.220434608887067E-005
   18681.0000000000       2.210169719331633E-005
   18686.0000000000       2.199190632444439E-005
   18691.0000000000       2.187403233316134E-005
   18696.0000000000       2.174762155190355E-005
   18701.0000000000       2.161177716153266E-005
   18706.0000000000       2.146582215657653E-005
   18711.0000000000       2.130766767596367E-005
   18716.0000000000       2.113318712350014E-005
   18721.0000000000       2.093319021933506E-005
   18726.0000000000       2.069426192562019E-005
   18731.0000000000       2.040503364733131E-005
   18733.5000000000       2.023638167253879E-005
   18736.0000000000       2.004475191282911E-005
   18738.5000000000       1.982516127356674E-005
   18741.0000000000       1.956618639252681E-005
   18742.0000000000       1.944663658269918E-005
   18743.0000000000       1.931426095513572E-005
   18744.0000000000       1.916775029886049E-005
   18745.0000000000       1.900698953817083E-005
   18746.0000000000       1.883457934556859E-005
   18747.0000000000       1.865914396138795E-005
   18748.0000000000       1.850461895372573E-005
   18749.0000000000       1.841531644541654E-005
   18749.1000000000       1.841133476654085E-005
   18749.2000000000       1.840818207628487E-005
   18749.3000000000       1.840594911061976E-005
   18749.4000000000       1.840450877687664E-005
   18749.5000000000       1.840389313712592E-005
   18749.6000000000       1.840388387844977E-005
   18749.7000000000       1.840437819502326E-005
   18749.8000000000       1.840556659075856E-005
   18749.9000000000       1.840704314192193E-005
   18750.0000000000       1.840879123823237E-005
   18750.1000000000       1.841077986933152E-005
   18750.2000000000       1.841284406017200E-005
   18750.3000000000       1.841498132546373E-005
   18750.4000000000       1.841701926453087E-005
   18750.5000000000       1.841882322035944E-005
   18750.6000000000       1.842044832003604E-005
   18750.7000000000       1.842168900564988E-005
   18750.8000000000       1.842249303708791E-005
   18750.9000000000       1.842294533692200E-005
   18751.0000000000       1.842292107566691E-005
   18751.1000000000       1.842253643177369E-005
   18751.2000000000       1.842147391778907E-005
   18751.3000000000       1.842027719787761E-005
   18751.4000000000       1.841845220133101E-005
   18751.5000000000       1.841648381685998E-005
   18751.6000000000       1.841412970518990E-005
   18751.7000000000       1.841172750893142E-005
   18751.8000000000       1.840913428768211E-005
   18751.9000000000       1.840648173010791E-005
   18752.0000000000       1.840420241738572E-005
   18752.1000000000       1.840190610815399E-005
   18752.2000000000       1.840013145934115E-005
   18752.3000000000       1.839853322121731E-005
   18752.4000000000       1.839760359163833E-005
   18752.5000000000       1.839727172745276E-005
   18752.6000000000       1.839766721381064E-005
   18752.7000000000       1.839867752773177E-005
   18752.8000000000       1.840062523211870E-005
   18752.9000000000       1.840336905797058E-005
   18753.0000000000       1.840692848789792E-005
   18754.0000000000       1.849339151793512E-005
   18755.0000000000       1.864490481285080E-005
   18756.0000000000       1.881730633606905E-005
   18757.0000000000       1.898641685841748E-005
   18758.0000000000       1.914373212515177E-005
   18759.0000000000       1.928669860490722E-005
   18760.0000000000       1.941533147413057E-005
   18761.0000000000       1.953124854425531E-005
   18763.5000000000       1.978134818883041E-005
   18763.7600000000       1.980479546868145E-005
   18766.0000000000       1.999131814823270E-005
   18768.5000000000       2.017305838463975E-005
   18771.0000000000       2.033198916475390E-005
   18776.0000000000       2.060144277525828E-005
   18781.0000000000       2.082034401006725E-005
   18786.0000000000       2.099999371035373E-005
   18791.0000000000       2.115403927326322E-005
   18796.0000000000       2.129155393823043E-005
   18801.0000000000       2.141665843746932E-005
   18806.0000000000       2.153145381845643E-005
   18811.0000000000       2.163676000215935E-005
   18816.0000000000       2.173312481038845E-005
   18821.0000000000       2.182125852288715E-005
   18826.0000000000       2.190206771584725E-005
   18831.0000000000       2.197638527458512E-005
   18836.0000000000       2.204501155501701E-005
   18841.0000000000       2.210869420465151E-005
   18846.0000000000       2.216763083266238E-005
   18851.0000000000       2.222233635611608E-005
   18863.5000000000       2.234336086984899E-005
   18876.0000000000       2.244454760245372E-005
   18888.5000000000       2.252805009252447E-005
   18901.0000000000       2.259608590062618E-005
   18931.1300000000       2.270829456373025E-005
   18976.0000000000       2.277628400584268E-005
   19051.0000000000       2.273601085289840E-005
   19098.5000000000       2.265600002659062E-005
   19145.6000000000       2.254900205534902E-005
   19220.6000000000       2.233835216684077E-005
   19265.8700000000       2.218147846644522E-005
   19295.6000000000       2.206813170037111E-005
   19308.1000000000       2.201815965307662E-005
   19320.6000000000       2.196648910205403E-005
   19333.1000000000       2.191333869392410E-005
   19345.6000000000       2.185843659148268E-005
   19350.6000000000       2.183600947815451E-005
   19355.6000000000       2.181309871962552E-005
   19360.6000000000       2.179013656562869E-005
   19365.6000000000       2.176672646768742E-005
   19370.6000000000       2.174333669208134E-005
   19375.6000000000       2.171989779772823E-005
   19380.6000000000       2.169619307396009E-005
   19385.6000000000       2.167247714719046E-005
   19390.6000000000       2.164890023570082E-005
   19395.6000000000       2.162531995068223E-005
   19400.6000000000       2.160158933932875E-005
   19405.6000000000       2.157822567387724E-005
   19410.6000000000       2.155532303877944E-005
   19415.6000000000       2.153322711562601E-005
   19420.6000000000       2.151271035023717E-005
   19425.6000000000       2.149402218385100E-005
   19428.1000000000       2.148571852117860E-005
   19430.6000000000       2.147819565565421E-005
   19433.1000000000       2.147174092171312E-005
   19433.2300000000       2.147138264647826E-005
   19435.6000000000       2.146635852155128E-005
   19436.6000000000       2.146450187848305E-005
   19437.6000000000       2.146307252106097E-005
   19438.6000000000       2.146172779135871E-005
   19439.6000000000       2.146065738334326E-005
   19440.6000000000       2.145988460771315E-005
   19441.6000000000       2.145908214255806E-005
   19442.6000000000       2.145836756396967E-005
   19443.6000000000       2.145750447273835E-005
   19443.7000000000       2.145740676151455E-005
   19443.8000000000       2.145733495551308E-005
   19443.9000000000       2.145719366217892E-005
   19444.0000000000       2.145714225781774E-005
   19444.1000000000       2.145698654955710E-005
   19444.2000000000       2.145702562437575E-005
   19444.3000000000       2.145681889271545E-005
   19444.4000000000       2.145677668027638E-005
   19444.5000000000       2.145652286347535E-005
   19444.6000000000       2.145656824916272E-005
   19444.7000000000       2.145636981845668E-005
   19444.8000000000       2.145624893848910E-005
   19444.9000000000       2.145603404035547E-005
   19445.0000000000       2.145595178732348E-005
   19445.1000000000       2.145584875019787E-005
   19445.2000000000       2.145569673996733E-005
   19445.3000000000       2.145547813908476E-005
   19445.4000000000       2.145534991264235E-005
   19445.5000000000       2.145513964803810E-005
   19445.6000000000       2.145501289982752E-005
   19445.7000000000       2.145477160476102E-005
   19445.8000000000       2.145454936370459E-005
   19445.9000000000       2.145443029101037E-005
   19446.0000000000       2.145411161924084E-005
   19446.1000000000       2.145389584099467E-005
   19446.2000000000       2.145372777345782E-005
   19446.3000000000       2.145352580101984E-005
   19446.4000000000       2.145321249412914E-005
   19446.5000000000       2.145292672868004E-005
   19446.6000000000       2.145271604966950E-005
   19446.7000000000       2.145249014745506E-005
   19446.8000000000       2.145230358176163E-005
   19446.9000000000       2.145195359905636E-005
   19447.0000000000       2.145160023582998E-005
   19447.1000000000       2.145135288079620E-005
   19447.2000000000       2.145116798265440E-005
   19447.3000000000       2.145082804458552E-005
   19447.4000000000       2.145053148822527E-005
   19447.5000000000       2.145023254572154E-005
   19447.6000000000       2.144995104477873E-005
   19448.6000000000       2.144701746057399E-005
   19449.6000000000       2.144407166823673E-005
   19450.6000000000       2.144106012171803E-005
   19451.6000000000       2.143809474015609E-005
   19452.6000000000       2.143538466706066E-005
   19453.6000000000       2.143284069521074E-005
   19454.6000000000       2.143053380734334E-005
   19455.6000000000       2.142859057740090E-005
   19458.1000000000       2.142455876042911E-005
   19460.6000000000       2.142155644760930E-005
   19463.1000000000       2.141964399956934E-005
   19465.6000000000       2.141855091148971E-005
   19470.6000000000       2.141822874540268E-005
   19475.6000000000       2.141978620405008E-005
   19480.6000000000       2.142277758392581E-005
   19485.6000000000       2.142650709917609E-005
   19490.6000000000       2.143085237764055E-005
   19495.6000000000       2.143532688607313E-005
   19500.6000000000       2.143977274572377E-005
   19505.6000000000       2.144432902387523E-005
   19510.6000000000       2.144880578815878E-005
   19515.6000000000       2.145309107895770E-005
   19520.6000000000       2.145738761271156E-005
   19525.6000000000       2.146154133942574E-005
   19530.6000000000       2.146553392739143E-005
   19535.6000000000       2.146916033233867E-005
   19540.6000000000       2.147264663551204E-005
   19545.6000000000       2.147569044846043E-005
   19558.1000000000       2.148220166982187E-005
   19570.6000000000       2.148696876738665E-005
   19583.1000000000       2.148998163161414E-005
   19595.6000000000       2.149179184172988E-005
   19600.6000000000       2.149191495388087E-005
   19670.6000000000       2.147465840834089E-005
   19745.6000000000       2.141914318680899E-005
   19767.9700000000       2.140611131600503E-005
   19935.3400000000       2.117910337745264E-005
   20000.0000000000       2.107452992334990E-005
   20102.7000000000       2.089921764080627E-005
   20270.0700000000       2.060160273341059E-005
   20437.4400000000       2.029976913788730E-005
   20604.8100000000       2.001042965361967E-005
   20772.1700000000       1.966118558551341E-005
   20939.5400000000       1.933822729582810E-005
   21106.9100000000       1.899688569370894E-005
   21274.2800000000       1.859960545930881E-005
   21355.0000000000       1.836559010871900E-005
   21430.0000000000       1.810250224918064E-005
   21441.6400000000       1.805628414796287E-005
   21505.0000000000       1.777015465852035E-005
   21517.5000000000       1.770583253040221E-005
   21530.0000000000       1.763812874084126E-005
   21542.5000000000       1.756718993321328E-005
   21555.0000000000       1.749312163125058E-005
   21560.0000000000       1.746261815103227E-005
   21565.0000000000       1.743128670821207E-005
   21570.0000000000       1.739946335566901E-005
   21575.0000000000       1.736691586451793E-005
   21580.0000000000       1.733350614234059E-005
   21585.0000000000       1.729924843556792E-005
   21590.0000000000       1.726400790840275E-005
   21595.0000000000       1.722766152307601E-005
   21600.0000000000       1.719019145647680E-005
   21605.0000000000       1.715152180615850E-005
   21609.0100000000       1.711977913135654E-005
   21610.0000000000       1.711173414095990E-005
   21615.0000000000       1.707021424202053E-005
   21620.0000000000       1.702679652653201E-005
   21625.0000000000       1.698154681685684E-005
   21630.0000000000       1.693466679945554E-005
   21635.0000000000       1.688526630700936E-005
   21637.5000000000       1.685926453531304E-005
   21640.0000000000       1.683241825304681E-005
   21642.5000000000       1.680415309666281E-005
   21645.0000000000       1.677361999069580E-005
   21646.0000000000       1.676045064559154E-005
   21647.0000000000       1.674643707125411E-005
   21648.0000000000       1.673151522862876E-005
   21649.0000000000       1.671582433605959E-005
   21650.0000000000       1.669948344185127E-005
   21651.0000000000       1.668294835870480E-005
   21652.0000000000       1.666697192293036E-005
   21653.0000000000       1.665284011991691E-005
   21653.1000000000       1.665141725708366E-005
   21653.2000000000       1.665027372868826E-005
   21653.3000000000       1.664907268423703E-005
   21653.4000000000       1.664786399046936E-005
   21653.5000000000       1.664673598498041E-005
   21653.6000000000       1.664558758208969E-005
   21653.7000000000       1.664470367922239E-005
   21653.8000000000       1.664354464838364E-005
   21653.9000000000       1.664277132616231E-005
   21654.0000000000       1.664177370854380E-005
   21654.1000000000       1.664108838248542E-005
   21654.2000000000       1.664023672898940E-005
   21654.3000000000       1.663961540877407E-005
   21654.4000000000       1.663892054630295E-005
   21654.5000000000       1.663834757239885E-005
   21654.6000000000       1.663800495885002E-005
   21654.7000000000       1.663741525628030E-005
   21654.8000000000       1.663733324390647E-005
   21654.9000000000       1.663693415249316E-005
   21655.0000000000       1.663685003449861E-005
   21655.1000000000       1.663671374650526E-005
   21655.2000000000       1.663676087849375E-005
   21655.3000000000       1.663662707114649E-005
   21655.4000000000       1.663695565634566E-005
   21655.5000000000       1.663709411889515E-005
   21655.6000000000       1.663738363874925E-005
   21655.7000000000       1.663771011107394E-005
   21655.8000000000       1.663806954865596E-005
   21655.9000000000       1.663866076779081E-005
   21656.0000000000       1.663914416761422E-005
   21656.1000000000       1.663978340766824E-005
   21656.2000000000       1.664035595993273E-005
   21656.3000000000       1.664119863883613E-005
   21656.4000000000       1.664191081845257E-005
   21656.5000000000       1.664275303805437E-005
   21656.6000000000       1.664357135156514E-005
   21656.7000000000       1.664447025986139E-005
   21656.8000000000       1.664539007869045E-005
   21656.9000000000       1.664637714693884E-005
   21657.0000000000       1.664738936357638E-005
   21658.0000000000       1.665896132053968E-005
   21659.0000000000       1.667227561572668E-005
   21660.0000000000       1.668617202275057E-005
   21661.0000000000       1.669971473225553E-005
   21662.0000000000       1.671277469469970E-005
   21663.0000000000       1.672489235309718E-005
   21664.0000000000       1.673612637489280E-005
   21665.0000000000       1.674663113386579E-005
   21667.5000000000       1.677037394461913E-005
   21670.0000000000       1.679190519536628E-005
   21672.5000000000       1.681186509083461E-005
   21675.0000000000       1.683089493245886E-005
   21680.0000000000       1.686635718808374E-005
   21685.0000000000       1.689933255114370E-005
   21690.0000000000       1.693056623061567E-005
   21695.0000000000       1.695988115446640E-005
   21700.0000000000       1.698701042204693E-005
   21705.0000000000       1.701267712136916E-005
   21710.0000000000       1.703685231936776E-005
   21715.0000000000       1.705999308189110E-005
   21720.0000000000       1.708169082012332E-005
   21725.0000000000       1.710251811307317E-005
   21730.0000000000       1.712211648074181E-005
   21735.0000000000       1.714083836462728E-005
   21740.0000000000       1.715875350196828E-005
   21745.0000000000       1.717578530692548E-005
   21750.0000000000       1.719208378628052E-005
   21755.0000000000       1.720772388976443E-005
   21767.5000000000       1.724442088987882E-005
   21776.3800000000       1.726825158004160E-005
   21780.0000000000       1.727755665896370E-005
   21792.5000000000       1.730702842554135E-005
   21805.0000000000       1.733292067454370E-005
   21880.0000000000       1.743040730670070E-005
   21943.7500000000       1.745383100341491E-005
   21955.0000000000       1.745385175237014E-005
   22000.0000000000       1.744372391779400E-005
   22111.1100000000       1.737119161840702E-005
   22278.4800000000       1.719228986050135E-005
   22445.8500000000       1.697957453098107E-005
   22613.2200000000       1.675682109442918E-005
   22780.5900000000       1.655882029996769E-005
   23308.1400000000       1.584874539176440E-005
   23835.6900000000       1.518308394137490E-005
   24000.0000000000       1.498432511646390E-005
   24363.2400000000       1.455839693499015E-005
   24890.7900000000       1.397136033305568E-005
   25418.3400000000       1.337279085612662E-005
   25945.8900000000       1.261722191118552E-005
   25952.0000000000       1.260392234823354E-005
   26000.0000000000       1.248539047144922E-005
   26027.0000000000       1.240865161946210E-005
   26102.0000000000       1.214079988310367E-005
   26114.5000000000       1.208609077093018E-005
   26127.0000000000       1.202674727908594E-005
   26139.5000000000       1.196282154043057E-005
   26152.0000000000       1.189323629361779E-005
   26157.0000000000       1.186370841371216E-005
   26162.0000000000       1.183284916530402E-005
   26167.0000000000       1.180086621384358E-005
   26172.0000000000       1.176736248181397E-005
   26177.0000000000       1.173245019053120E-005
   26182.0000000000       1.169588163890259E-005
   26187.0000000000       1.165776155424140E-005
   26192.0000000000       1.161766390135700E-005
   26197.0000000000       1.157556083783718E-005
   26202.0000000000       1.153113147682212E-005
   26207.0000000000       1.148446339259632E-005
   26212.0000000000       1.143561678746846E-005
   26217.0000000000       1.138472047321519E-005
   26222.0000000000       1.133227996900043E-005
   26227.0000000000       1.128014275037107E-005
   26232.0000000000       1.123332488317540E-005
   26234.5000000000       1.121480075015543E-005
   26237.0000000000       1.120269909313135E-005
   26239.5000000000       1.120091853979417E-005
   26242.0000000000       1.121500725167607E-005
   26243.0000000000       1.122698827006047E-005
   26244.0000000000       1.124376467678416E-005
   26245.0000000000       1.126594963127368E-005
   26246.0000000000       1.129369664849221E-005
   26247.0000000000       1.132668689496938E-005
   26248.0000000000       1.136356007028751E-005
   26249.0000000000       1.140138191196412E-005
   26250.0000000000       1.143516436618056E-005
   26250.1000000000       1.143809841771897E-005
   26250.2000000000       1.144090522258899E-005
   26250.3000000000       1.144362172476945E-005
   26250.4000000000       1.144625598202574E-005
   26250.5000000000       1.144867207034719E-005
   26250.6000000000       1.145109655400097E-005
   26250.7000000000       1.145324293756712E-005
   26250.8000000000       1.145529742145676E-005
   26250.9000000000       1.145719736574903E-005
   26251.0000000000       1.145896718423380E-005
   26251.1000000000       1.146057901847769E-005
   26251.2000000000       1.146202138497494E-005
   26251.3000000000       1.146327273927603E-005
   26251.4000000000       1.146437456484150E-005
   26251.5000000000       1.146529344337663E-005
   26251.6000000000       1.146605030009094E-005
   26251.7000000000       1.146656170849156E-005
   26251.8000000000       1.146695325707735E-005
   26251.9000000000       1.146719073019253E-005
   26252.0000000000       1.146718405954577E-005
   26252.1000000000       1.146700154742680E-005
   26252.2000000000       1.146664724380770E-005
   26252.3000000000       1.146612630857876E-005
   26252.4000000000       1.146545693902362E-005
   26252.5000000000       1.146458679235118E-005
   26252.6000000000       1.146348723216627E-005
   26252.7000000000       1.146228236834301E-005
   26252.8000000000       1.146090355743953E-005
   26252.9000000000       1.145926653975988E-005
   26253.0000000000       1.145753736057485E-005
   26253.1000000000       1.145563456207524E-005
   26253.2000000000       1.145357234104139E-005
   26253.3000000000       1.145138152779779E-005
   26253.4000000000       1.144905173690907E-005
   26253.5000000000       1.144657409741929E-005
   26253.6000000000       1.144395328161739E-005
   26253.7000000000       1.144119557411733E-005
   26253.8000000000       1.143838739730335E-005
   26253.9000000000       1.143535554052158E-005
   26254.0000000000       1.143229925462017E-005
   26255.0000000000       1.139683779238336E-005
   26256.0000000000       1.135753034506457E-005
   26257.0000000000       1.131898407740392E-005
   26258.0000000000       1.128437550434355E-005
   26259.0000000000       1.125504651244906E-005
   26260.0000000000       1.123137244296171E-005
   26261.0000000000       1.121307779829162E-005
   26262.0000000000       1.119967765246878E-005
   26264.5000000000       1.118187037605779E-005
   26267.0000000000       1.117998283615383E-005
   26269.5000000000       1.118831182331564E-005
   26272.0000000000       1.120305029049043E-005
   26277.0000000000       1.124221042775262E-005
   26282.0000000000       1.128659341829213E-005
   26287.0000000000       1.133113232064688E-005
   26292.0000000000       1.137407406218791E-005
   26297.0000000000       1.141496898522734E-005
   26302.0000000000       1.145356478091932E-005
   26307.0000000000       1.148976448643603E-005
   26312.0000000000       1.152373067208799E-005
   26317.0000000000       1.155559163299474E-005
   26322.0000000000       1.158540033501465E-005
   26327.0000000000       1.161363502687602E-005
   26332.0000000000       1.164016472232062E-005
   26337.0000000000       1.166522038788127E-005
   26342.0000000000       1.168882837633641E-005
   26347.0000000000       1.171115399472927E-005
   26352.0000000000       1.173218724837943E-005
   26364.5000000000       1.178036120246980E-005
   26377.0000000000       1.182272147209753E-005
   26389.5000000000       1.186017227985942E-005
   26402.0000000000       1.189299032095374E-005
   26473.4400000000       1.202170196681972E-005
   26477.0000000000       1.202611558687465E-005
   26552.0000000000       1.208243540270865E-005
   27000.9900000000       1.191055544117759E-005
   27528.5400000000       1.151615271347875E-005
   28000.0000000000       1.114775444958425E-005
   28056.0900000000       1.110515919973663E-005
   28583.6400000000       1.071631582398143E-005
   29111.1900000000       1.034806114505118E-005
   29638.7400000000       9.998762851268260E-006
   30000.0000000000       9.769675278626290E-006
   30166.2900000000       9.666812507825486E-006
   30693.8400000000       9.351127279718367E-006
   31221.3900000000       9.050408875815936E-006
   31748.9400000000       8.763509679951922E-006
   32000.0000000000       8.631563541001987E-006
   32276.4900000000       8.489546294159482E-006
   32804.0400000000       8.227676699064274E-006
   33427.5100000000       7.947989407466181E-006
   34000.0000000000       7.689144702736530E-006
   34050.9800000000       7.666688476188761E-006
   34674.4500000000       7.399832977609280E-006
   35297.9200000000       7.146568982592752E-006
   35921.3900000000       6.905981443823726E-006
   36000.0000000000       6.876505107192467E-006
   36544.8500000000       6.677171882233622E-006
   37168.3200000000       6.458966369641185E-006
   37791.7900000000       6.252240023723497E-006
   38000.0000000000       6.185530228239304E-006
   38415.2600000000       6.055523962449383E-006
   39038.7300000000       5.867549551768565E-006
   39662.2000000000       5.667901826978202E-006
   40000.0000000000       5.541452104592082E-006
   40212.0000000000       5.415689345706134E-006
   40285.6700000000       5.347397359429104E-006
   40287.0000000000       5.345904028799122E-006
   40362.0000000000       5.245571696188652E-006
   40374.5000000000       5.224045550800181E-006
   40387.0000000000       5.200228660628107E-006
   40399.5000000000       5.173769116205311E-006
   40412.0000000000       5.144083793338916E-006
   40417.0000000000       5.131157178916493E-006
   40422.0000000000       5.117475361718804E-006
   40427.0000000000       5.103028380810952E-006
   40432.0000000000       5.087746326294031E-006
   40437.0000000000       5.071559212262519E-006
   40442.0000000000       5.054394676873626E-006
   40447.0000000000       5.036128390450445E-006
   40452.0000000000       5.016650617132278E-006
   40457.0000000000       4.995801099411670E-006
   40462.0000000000       4.973463423710327E-006
   40467.0000000000       4.949398431259612E-006
   40472.0000000000       4.923216635697560E-006
   40477.0000000000       4.894459078759087E-006
   40482.0000000000       4.862696074163539E-006
   40487.0000000000       4.827701363908722E-006
   40492.0000000000       4.789864003122620E-006
   40494.5000000000       4.770138529525380E-006
   40497.0000000000       4.749690523517538E-006
   40499.5000000000       4.728348856080413E-006
   40502.0000000000       4.705951200865479E-006
   40503.0000000000       4.696829096085749E-006
   40504.0000000000       4.687795597378952E-006
   40505.0000000000       4.679255032181772E-006
   40506.0000000000       4.671934370810290E-006
   40507.0000000000       4.667080439210691E-006
   40508.0000000000       4.666208684978270E-006
   40509.0000000000       4.670243807039096E-006
   40510.0000000000       4.678133780231112E-006
   40510.1000000000       4.679010631640289E-006
   40510.2000000000       4.679878530186682E-006
   40510.3000000000       4.680736829878506E-006
   40510.4000000000       4.681578284542504E-006
   40510.5000000000       4.682395806729806E-006
   40510.6000000000       4.683186989969545E-006
   40510.7000000000       4.683944870965855E-006
   40510.8000000000       4.684666961976461E-006
   40510.9000000000       4.685336294887353E-006
   40511.0000000000       4.685976894185293E-006
   40511.1000000000       4.686541438537036E-006
   40511.2000000000       4.687072912812299E-006
   40511.3000000000       4.687529159728404E-006
   40511.4000000000       4.687930610029162E-006
   40511.5000000000       4.688252464927538E-006
   40511.6000000000       4.688505047609212E-006
   40511.7000000000       4.688693277345495E-006
   40511.8000000000       4.688793618368064E-006
   40511.9000000000       4.688831333347437E-006
   40512.0000000000       4.688783119908516E-006
   40512.1000000000       4.688662640615275E-006
   40512.2000000000       4.688465448563742E-006
   40512.3000000000       4.688187258060986E-006
   40512.4000000000       4.687853501298680E-006
   40512.5000000000       4.687427713867593E-006
   40512.6000000000       4.686933008710970E-006
   40512.7000000000       4.686387563504188E-006
   40512.8000000000       4.685780782189901E-006
   40512.9000000000       4.685099962707094E-006
   40513.0000000000       4.684371267589479E-006
   40513.1000000000       4.683593600814053E-006
   40513.2000000000       4.682783121654777E-006
   40513.3000000000       4.681917511968020E-006
   40513.4000000000       4.681023511230654E-006
   40513.5000000000       4.680098692221079E-006
   40513.6000000000       4.679167941985435E-006
   40513.7000000000       4.678206379568424E-006
   40513.8000000000       4.677234021457423E-006
   40513.9000000000       4.676254306294564E-006
   40514.0000000000       4.675281413388466E-006
   40515.0000000000       4.666618700940181E-006
   40516.0000000000       4.662196364551933E-006
   40517.0000000000       4.662897373827328E-006
   40518.0000000000       4.667650861218041E-006
   40519.0000000000       4.674836814050219E-006
   40520.0000000000       4.683188096678537E-006
   40521.0000000000       4.691987362084205E-006
   40522.0000000000       4.700828399015051E-006
   40524.5000000000       4.722385564789113E-006
   40527.0000000000       4.742787091955642E-006
   40529.5000000000       4.762235792245884E-006
   40532.0000000000       4.780906843424751E-006
   40537.0000000000       4.816564658954298E-006
   40542.0000000000       4.849327799752393E-006
   40547.0000000000       4.878812927519804E-006
   40552.0000000000       4.905270877524001E-006
   40557.0000000000       4.929106832515468E-006
   40562.0000000000       4.950824449142873E-006
   40567.0000000000       4.970794194277607E-006
   40572.0000000000       4.989249871435331E-006
   40577.0000000000       5.006338076280525E-006
   40582.0000000000       5.022184250476286E-006
   40587.0000000000       5.036933965257890E-006
   40592.0000000000       5.050666190492347E-006
   40597.0000000000       5.063503438383624E-006
   40602.0000000000       5.075484382632154E-006
   40607.0000000000       5.086698983670319E-006
   40612.0000000000       5.097147516003184E-006
   40624.5000000000       5.120622839292655E-006
   40637.0000000000       5.140835000165502E-006
   40649.5000000000       5.158354825381330E-006
   40662.0000000000       5.173550619484319E-006
   40737.0000000000       5.235236222240910E-006
   40812.0000000000       5.265746278497261E-006
   40909.1300000000       5.280471800831015E-006
   41532.6000000000       5.197006219779504E-006
   42000.0000000000       5.084356080972575E-006
   42156.0700000000       5.047528319127618E-006
   42779.5400000000       4.904325802641350E-006
   43403.0100000000       4.767127531416905E-006
   44000.0000000000       4.641073368859181E-006
   44026.4800000000       4.635613445568255E-006
   44649.9500000000       4.519577410725589E-006
   45369.3300000000       4.379199910085152E-006
   46000.0000000000       4.261120385634030E-006
   46088.7200000000       4.244829809499538E-006
   46808.1100000000       4.116827237502383E-006
   47527.4900000000       3.995274060871904E-006
   48000.0000000000       3.918031682301212E-006
   48246.8800000000       3.878535000695556E-006
   48966.2700000000       3.766721235679594E-006
   49685.6600000000       3.659635220985043E-006
   50000.0000000000       3.614258481846674E-006
   50405.0400000000       3.557141551994507E-006
   51124.4300000000       3.459001271334111E-006
   51843.8200000000       3.364817553360602E-006
   52000.0000000000       3.344874220224245E-006
   52563.2000000000       3.274432612318246E-006
   53282.5900000000       3.187622706016893E-006
   54000.0000000000       3.104424313681216E-006
   54001.9800000000       3.104203131834346E-006
   54721.3600000000       3.023994462983814E-006
   55440.7500000000       2.946888992590636E-006
   56000.0000000000       2.888934403277135E-006
   56160.1400000000       2.872660359224313E-006
   56879.5200000000       2.801195096777946E-006
   57598.9100000000       2.732334457422193E-006
   58000.0000000000       2.695047820063123E-006
   58318.3000000000       2.670138310329106E-006
   59133.6000000000       2.597707241414371E-006
   59948.9100000000       2.528041157823253E-006
   60000.0000000000       2.523768564369998E-006
   60764.2100000000       2.461189410605228E-006
   61579.5200000000       2.396930915378615E-006
   62000.0000000000       2.364769646125559E-006
   62394.8200000000       2.335140854944399E-006
   63210.1300000000       2.275690483751363E-006
   64000.0000000000       2.220233271562937E-006
   64025.4300000000       2.218470043990679E-006
   64840.7400000000       2.163363821068810E-006
   65656.0400000000       2.110290673543466E-006
   66000.0000000000       2.088471493068520E-006
   66471.3500000000       2.059125592552940E-006
   67286.6500000000       2.009795691649396E-006
   68000.0000000000       1.968057267831500E-006
   68101.9600000000       1.962188175260018E-006
   68917.2600000000       1.916248802635402E-006
   69732.5700000000       1.871907722511301E-006
   70000.0000000000       1.857689162188264E-006
   70547.8800000000       1.829063733453085E-006
   71363.1800000000       1.787662692010058E-006
   72000.0000000000       1.756297844121680E-006
   72178.4900000000       1.747641131610893E-006
   72993.7900000000       1.708922999361013E-006
   73809.1000000000       1.673077521415983E-006
   74000.0000000000       1.664456542738912E-006
   74720.3200000000       1.633145260277466E-006
   75631.5400000000       1.593689330628613E-006
   76000.0000000000       1.578334214407121E-006
   76542.7700000000       1.556110031568702E-006
   77453.9900000000       1.519802651483014E-006
   78000.0000000000       1.498648277621869E-006
   78365.2100000000       1.484736907565768E-006
   79276.4400000000       1.450849120104745E-006
   80000.0000000000       1.424766131154952E-006
   80187.6600000000       1.418111143592930E-006
   81098.8800000000       1.386452020718352E-006
   82000.0000000000       1.356186303267910E-006
   82010.1100000000       1.355847921612355E-006
   82921.3300000000       1.326231624559002E-006
   83832.5500000000       1.297559512688880E-006
   84000.0000000000       1.292400602038362E-006
   84743.7800000000       1.269822172431592E-006
   85655.0000000000       1.242945775725306E-006
   86000.0000000000       1.232990562848347E-006
   86566.2200000000       1.216910918377211E-006
   87477.4500000000       1.191716229561207E-006
   88000.0000000000       1.177578739714950E-006
   88388.6700000000       1.167228136565321E-006
   89299.8900000000       1.143506478085602E-006
   90000.0000000000       1.125766125485658E-006
   90211.1200000000       1.120499461319930E-006
   91122.3400000000       1.098179220966701E-006
   92000.0000000000       1.077977291387758E-006
   92129.4800000000       1.074939717746167E-006
   93136.6200000000       1.051779793951188E-006
   94000.0000000000       1.032511726792857E-006
   94143.7700000000       1.029353648277903E-006
   95150.9100000000       1.007635207770690E-006
   96000.0000000000       9.898471619189311E-007
   96158.0500000000       9.865898067309160E-007
   97165.1900000000       9.661934316601872E-007
   98000.0000000000       9.497602988681546E-007
   98172.3300000000       9.464198139022543E-007
   99179.4700000000       9.272415576744434E-007
   100000.000000000       9.120435568558278E-007
   100186.620000000       9.086381700465041E-007
   101193.760000000       8.905857220536703E-007
   102000.000000000       8.765156162752071E-007
   102200.900000000       8.730615949603374E-007
   103208.040000000       8.560458304719063E-007
   104000.000000000       8.430107957125359E-007
   104215.180000000       8.395202113871066E-007
   105222.320000000       8.234638361629771E-007
   106000.000000000       8.113779945219444E-007
   106229.470000000       8.078621160450086E-007
   107236.610000000       7.926969775106829E-007
   108000.000000000       7.814813002613887E-007
   108243.750000000       7.779508410042956E-007
   109250.890000000       7.636091173422129E-007
   110000.000000000       7.531973386975093E-007
   110258.030000000       7.496587502396599E-007
   112000.000000000       7.267168533264036E-007
   114000.000000000       7.013172903737740E-007
   116000.000000000       6.771998405408470E-007
   118000.000000000       6.543098540501991E-007
   120000.000000000       6.325549752266514E-007
   122000.000000000       6.118631155345511E-007
   124000.000000000       5.923824515884595E-007
   126000.000000000       5.733853088350131E-007
   128000.000000000       5.554851183930523E-007
   130000.000000000       5.384058359825849E-007
   132000.000000000       5.222359021969005E-007
   134000.000000000       5.066462018704970E-007
   136000.000000000       4.917422047785300E-007
   138000.000000000       4.774823715207944E-007
   140000.000000000       4.638288596566873E-007
   142000.000000000       4.507475380947192E-007
   144000.000000000       4.382095017643704E-007
   146000.000000000       4.261845657883241E-007
   148000.000000000       4.146440380801723E-007
   150000.000000000       4.035625772395997E-007
   152000.000000000       3.929171125526667E-007
   154000.000000000       3.827449868937753E-007
   156000.000000000       3.729018067343411E-007
   158000.000000000       3.634340406717733E-007
   160000.000000000       3.543165579675059E-007
   162000.000000000       3.455386722157584E-007
   164000.000000000       3.370791480736015E-007
   166000.000000000       3.289243630531165E-007
   168000.000000000       3.210604442113371E-007
   170000.000000000       3.134729361308216E-007
   172000.000000000       3.061506842574863E-007
   174000.000000000       2.990800805594407E-007
   176000.000000000       2.922502281078981E-007
   178000.000000000       2.856493361458737E-007
   180000.000000000       2.793043936621366E-007
   182000.000000000       2.731341473189206E-007
   184000.000000000       2.671640635340976E-007
   186000.000000000       2.613890276007006E-007
   188000.000000000       2.558034682764323E-007
   190000.000000000       2.504816478670136E-007
   192000.000000000       2.451622558296699E-007
   194000.000000000       2.400469605863198E-007
   196000.000000000       2.351130000663059E-007
   198000.000000000       2.303322463032407E-007
   200000.000000000       2.256940313151331E-007
   202000.000000000       2.211947320042788E-007
   204000.000000000       2.168289954343353E-007
   206000.000000000       2.125883245545935E-007
   208000.000000000       2.084721341068967E-007
   210000.000000000       2.044722688671589E-007
   212000.000000000       2.005857922141867E-007
   214000.000000000       1.968093620993781E-007
   216000.000000000       1.931378979138805E-007
   218000.000000000       1.895668917097954E-007
   220000.000000000       1.860930659550156E-007
   222000.000000000       1.827151074762133E-007
   224000.000000000       1.794263423169624E-007
   226000.000000000       1.762255046871004E-007
   228000.000000000       1.731084364332562E-007
   230000.000000000       1.700739228328252E-007
   232000.000000000       1.671168525272760E-007
   234000.000000000       1.642374270003036E-007
   236000.000000000       1.614305905968867E-007
   238000.000000000       1.586935997962132E-007
   240000.000000000       1.560262862127790E-007
   242000.000000000       1.534257556940185E-007
   244000.000000000       1.508885155062182E-007
   246000.000000000       1.484144259507375E-007
   248000.000000000       1.459989150194566E-007
   250000.000000000       1.436414843217510E-007
   252000.000000000       1.413419458752713E-007
   254000.000000000       1.390970225548008E-007
   256000.000000000       1.369031079740719E-007
   258000.000000000       1.347613636615820E-007
   260000.000000000       1.326692186631013E-007
   262000.000000000       1.306252362398234E-007
   264000.000000000       1.286279086482585E-007
   266000.000000000       1.266757210288099E-007
   268000.000000000       1.247668196874586E-007
   270000.000000000       1.229010022438882E-007
   272000.000000000       1.210770270294489E-007
   274000.000000000       1.192931380518954E-007
   276000.000000000       1.175478890748944E-007
   278000.000000000       1.158402610166173E-007
   280000.000000000       1.141700071337926E-007
   282000.000000000       1.125346518395051E-007
   284000.000000000       1.109336780376860E-007
   286000.000000000       1.093674299442306E-007
   288000.000000000       1.078339912203810E-007
   290000.000000000       1.063314786720559E-007
   292000.000000000       1.048608129990584E-007
   294000.000000000       1.034200685397710E-007
   296000.000000000       1.020088799438715E-007
   298000.000000000       1.006258878809542E-007
   300000.000000000       9.927129495674915E-008
