 J0347+1624p   18854.0000000000        7.84000000000000     
   40.0000000000000      -4.869426816066097E-013
   43.3900000000000      -1.384523402785843E-012
   46.7800000000000      -5.367564626236354E-012
   65.1800000000000      -9.539184172147361E-011
   83.5700000000000      -3.014045916007514E-010
   101.960000000000      -2.201212158951906E-010
   120.350000000000       4.833023840211943E-010
   138.750000000000       2.779863663513501E-009
   157.140000000000       6.701420355307503E-009
   175.530000000000       9.563341245018482E-009
   193.920000000000       8.349500181286481E-009
   212.320000000000       2.253118444848827E-009
   230.710000000000      -7.122811405801998E-009
   249.100000000000      -1.723936796222774E-008
   267.490000000000      -2.601519429779197E-008
   285.880000000000      -3.244039653400610E-008
   304.280000000000      -3.645746582175270E-008
   322.670000000000      -3.856092244154243E-008
   341.060000000000      -3.943997749686918E-008
   359.450000000000      -3.973760790169874E-008
   377.850000000000      -3.995463354488259E-008
   396.240000000000      -4.043172219475941E-008
   414.630000000000      -4.136971500621604E-008
   433.020000000000      -4.287746078071312E-008
   451.420000000000      -4.498718953956948E-008
   469.810000000000      -4.768889240363243E-008
   488.200000000000      -5.094433684131262E-008
   506.590000000000      -5.469448974881215E-008
   524.980000000000      -5.887169041850999E-008
   543.380000000000      -6.339887089552756E-008
   561.770000000000      -6.818145243136134E-008
   580.160000000000      -7.312412593814969E-008
   598.550000000000      -7.812965447345850E-008
   616.950000000000      -8.307791626480316E-008
   619.350000000000      -8.371563105617428E-008
   635.340000000000      -8.785280376056097E-008
   653.730000000000      -9.232411304321638E-008
   672.120000000000      -9.635209984406627E-008
   690.520000000000      -9.980717750818505E-008
   694.350000000000      -1.004375343176704E-007
   708.910000000000      -1.025012681253086E-007
   727.300000000000      -1.042908386477108E-007
   745.690000000000      -1.049885935330181E-007
   764.080000000000      -1.044263358912168E-007
   769.350000000000      -1.040003493154965E-007
   781.850000000000      -1.024652401475972E-007
   782.480000000000      -1.023676661978463E-007
   794.350000000000      -1.001487963034730E-007
   800.870000000000      -9.861573525144004E-008
   806.850000000000      -9.698552270024034E-008
   819.260000000000      -9.293027393179854E-008
   819.350000000000      -9.289402395438257E-008
   824.350000000000      -9.099329395982126E-008
   829.350000000000      -8.891865479218687E-008
   834.350000000000      -8.667195576562328E-008
   837.650000000000      -8.509667389949562E-008
   839.350000000000      -8.424608115863567E-008
   844.350000000000      -8.163992452746912E-008
   849.350000000000      -7.884933021163142E-008
   854.350000000000      -7.587539008168221E-008
   856.050000000000      -7.481676625760978E-008
   859.350000000000      -7.269326516643932E-008
   864.350000000000      -6.930891682268497E-008
   869.350000000000      -6.572270013640749E-008
   874.350000000000      -6.191955913206446E-008
   874.440000000000      -6.184743478242072E-008
   879.350000000000      -5.789470909847063E-008
   884.350000000000      -5.364709274152775E-008
   889.350000000000      -4.917684490206245E-008
   892.830000000000      -4.592743173973308E-008
   894.350000000000      -4.446439518018557E-008
   899.350000000000      -3.950709282521240E-008
   901.850000000000      -3.694340049943774E-008
   904.350000000000      -3.430934874777904E-008
   906.850000000000      -3.161126201720673E-008
   909.350000000000      -2.884085594389261E-008
   910.350000000000      -2.769534878373566E-008
   911.220000000000      -2.658621200649611E-008
   911.350000000000      -2.639369252093729E-008
   912.350000000000      -2.412631679488390E-008
   913.350000000000      -1.794894724989962E-008
   914.350000000000      -2.544507940955202E-009
   915.350000000000       2.570784952339626E-008
   916.350000000000       6.164632576088637E-008
   917.350000000000       8.984738087220417E-008
   917.450000000000       9.153270498176581E-008
   917.550000000000       9.297667426253716E-008
   917.650000000000       9.416065314170735E-008
   917.750000000000       9.508677035989704E-008
   917.850000000000       9.575638427293558E-008
   917.950000000000       9.617443958621864E-008
   918.050000000000       9.636191994097059E-008
   918.150000000000       9.631390572455325E-008
   918.250000000000       9.607116736284394E-008
   918.350000000000       9.562842253015213E-008
   918.450000000000       9.503646081416170E-008
   918.550000000000       9.428454620543693E-008
   918.650000000000       9.342140613508213E-008
   918.750000000000       9.246625309923702E-008
   918.850000000000       9.143770276813996E-008
   918.950000000000       9.037436257098428E-008
   919.050000000000       8.929315839022199E-008
   919.150000000000       8.823122372312331E-008
   919.250000000000       8.720445451096669E-008
   919.350000000000       8.627152270558390E-008
   919.450000000000       8.540781664548650E-008
   919.550000000000       8.470486884663168E-008
   919.650000000000       8.409703284347869E-008
   919.750000000000       8.368157714805394E-008
   919.850000000000       8.338555882438447E-008
   919.950000000000       8.328931474941322E-008
   920.050000000000       8.335105859415006E-008
   920.150000000000       8.361052744897619E-008
   920.160000000000       8.364771714365950E-008
   920.260000000000       8.407281589936627E-008
   920.360000000000       8.467680152013382E-008
   920.460000000000       8.546601566889613E-008
   920.560000000000       8.638811298687637E-008
   920.660000000000       8.751301269199472E-008
   920.760000000000       8.870038828477930E-008
   920.860000000000       9.015571047724127E-008
   920.960000000000       9.153715515845841E-008
   921.060000000000       9.321807904928067E-008
   921.160000000000       9.477715930116243E-008
   921.260000000000       9.654531285044486E-008
   921.360000000000       9.828431005171808E-008
   921.460000000000       1.000962143384563E-007
   921.560000000000       1.019310907152072E-007
   921.660000000000       1.037692345447255E-007
   921.760000000000       1.056881304286802E-007
   921.860000000000       1.075315993793009E-007
   921.960000000000       1.095974430881183E-007
   922.150000000000       1.134290728246689E-007
   922.250000000000       1.154297804271682E-007
   922.350000000000       1.176859104847929E-007
   922.450000000000       1.199501088929841E-007
   922.550000000000       1.223741320824009E-007
   922.650000000000       1.249269327503660E-007
   922.750000000000       1.275825447014975E-007
   922.850000000000       1.304640330572807E-007
   922.950000000000       1.333811509168453E-007
   923.050000000000       1.366416550469463E-007
   923.150000000000       1.398202587461495E-007
   923.250000000000       1.433624377661377E-007
   923.350000000000       1.468113259571556E-007
   923.450000000000       1.505069810960856E-007
   923.550000000000       1.541693526309091E-007
   923.650000000000       1.578983153252805E-007
   923.750000000000       1.615818561205311E-007
   923.850000000000       1.651870856862988E-007
   923.950000000000       1.687223992332415E-007
   924.050000000000       1.720398206570264E-007
   924.150000000000       1.752385553351598E-007
   924.250000000000       1.781401117383650E-007
   924.350000000000       1.808772132464372E-007
   924.450000000000       1.832410922807311E-007
   924.550000000000       1.854076800386366E-007
   924.650000000000       1.872227912239532E-007
   924.720000000000       1.883448686836876E-007
   924.820000000000       1.897488274427798E-007
   924.920000000000       1.908556975976626E-007
   925.020000000000       1.918346992728015E-007
   925.120000000000       1.926151895024473E-007
   925.220000000000       1.933750848255663E-007
   925.320000000000       1.940514026537224E-007
   925.420000000000       1.948433362512439E-007
   925.520000000000       1.957167917363291E-007
   925.620000000000       1.968197846074435E-007
   925.720000000000       1.982021195243568E-007
   925.820000000000       1.998947849790432E-007
   925.920000000000       2.020671238846863E-007
   926.020000000000       2.046282469208732E-007
   926.120000000000       2.077642839999290E-007
   926.220000000000       2.114178028477699E-007
   926.320000000000       2.156745139883447E-007
   926.420000000000       2.204730398894182E-007
   926.520000000000       2.258905670273780E-007
   926.620000000000       2.317988273195962E-007
   926.720000000000       2.382311611506562E-007
   926.820000000000       2.451160962643223E-007
   926.920000000000       2.523423766082232E-007
   927.020000000000       2.599382551462347E-007
   927.120000000000       2.676962511582409E-007
   927.220000000000       2.755580209164820E-007
   927.320000000000       2.834606396778959E-007
   927.420000000000       2.912432465523148E-007
   927.520000000000       2.988572485176770E-007
   927.620000000000       3.061353975126755E-007
   927.720000000000       3.130286612070548E-007
   927.820000000000       3.193674884514906E-007
   927.920000000000       3.251476491535138E-007
   928.020000000000       3.301759856473331E-007
   928.120000000000       3.345339605088119E-007
   928.220000000000       3.380215633216270E-007
   928.750000000000       3.417432120894236E-007
   928.850000000000       3.396836139361729E-007
   928.950000000000       3.368248464992392E-007
   929.050000000000       3.333357542616624E-007
   929.150000000000       3.291729457967693E-007
   929.250000000000       3.245384027683929E-007
   929.350000000000       3.194543662958686E-007
   929.450000000000       3.141113013041707E-007
   929.550000000000       3.085658810911085E-007
   929.650000000000       3.030360560899642E-007
   929.750000000000       2.975535886244393E-007
   929.850000000000       2.923554899747621E-007
   929.950000000000       2.874775210028999E-007
   930.050000000000       2.830635577270620E-007
   930.150000000000       2.793171865887580E-007
   930.250000000000       2.762853609525297E-007
   930.350000000000       2.740833183258212E-007
   930.450000000000       2.728470057680309E-007
   930.550000000000       2.725821281785445E-007
   930.650000000000       2.734295324407585E-007
   930.750000000000       2.754198685526202E-007
   930.850000000000       2.785818860894773E-007
   930.950000000000       2.829438991908940E-007
   931.050000000000       2.885299487295258E-007
   931.150000000000       2.952666570513262E-007
   931.250000000000       3.031768725850912E-007
   931.350000000000       3.122299489978126E-007
   931.450000000000       3.222679072948645E-007
   931.550000000000       3.333893003664429E-007
   931.650000000000       3.453580344375351E-007
   931.750000000000       3.581420508173704E-007
   931.850000000000       3.716346048441054E-007
   931.950000000000       3.857377487908088E-007
   932.050000000000       4.003427926959407E-007
   932.150000000000       4.152997384336682E-007
   932.250000000000       4.305728903597649E-007
   932.350000000000       4.458793792960869E-007
   932.450000000000       4.613580465794923E-007
   932.550000000000       4.765155471741597E-007
   932.650000000000       4.917026376449656E-007
   932.750000000000       5.063350699254026E-007
   933.750000000000       6.149084031658800E-007
   934.800000000000       6.134546221881042E-007
   935.800000000000       5.086699398568439E-007
   935.900000000000       4.951610394805349E-007
   936.000000000000       4.811056764540102E-007
   936.100000000000       4.672057824640273E-007
   936.200000000000       4.531104791108723E-007
   936.300000000000       4.392399058694731E-007
   936.400000000000       4.255867660455502E-007
   936.500000000000       4.122472839840293E-007
   936.600000000000       3.994695606832651E-007
   936.700000000000       3.871903552412485E-007
   936.800000000000       3.757680256220588E-007
   936.900000000000       3.650257795302026E-007
   937.000000000000       3.553949895153777E-007
   937.100000000000       3.466722856842378E-007
   937.200000000000       3.392199122253934E-007
   937.300000000000       3.329500905819995E-007
   937.400000000000       3.280232770662118E-007
   937.500000000000       3.245662781334588E-007
   937.600000000000       3.224682297634573E-007
   937.700000000000       3.220584204106557E-007
   937.800000000000       3.231041690736709E-007
   937.900000000000       3.258809052423875E-007
   938.000000000000       3.301489771086500E-007
   938.100000000000       3.362113168185195E-007
   938.200000000000       3.437372681787555E-007
   938.300000000000       3.529872908247781E-007
   938.400000000000       3.637388235264364E-007
   938.500000000000       3.760430441023246E-007
   938.600000000000       3.898711961491242E-007
   938.700000000000       4.050046057342941E-007
   938.800000000000       4.217238157036038E-007
   938.900000000000       4.395586825147092E-007
   939.000000000000       4.588185673208950E-007
   939.100000000000       4.790751000257647E-007
   939.200000000000       5.005910980824487E-007
   939.300000000000       5.229343505375885E-007
   939.400000000000       5.463548852582529E-007
   939.500000000000       5.704975605030142E-007
   939.600000000000       5.954876507205727E-007
   939.700000000000       6.211047565401503E-007
   939.800000000000       6.472870909766144E-007
   940.800000000000       9.263746442482916E-007
   941.800000000000       1.185389563779766E-006
   942.800000000000       1.364495298855835E-006
   944.740000000000       1.377324863947315E-006
   945.740000000000       1.203874500311675E-006
   946.740000000000       9.506160218696045E-007
   947.740000000000       6.815662492871259E-007
   947.840000000000       6.562817673341610E-007
   947.940000000000       6.316788010494215E-007
   948.040000000000       6.076013878397485E-007
   948.140000000000       5.843916396827530E-007
   948.240000000000       5.618829659383732E-007
   948.340000000000       5.403785909444926E-007
   948.440000000000       5.198367862172959E-007
   948.540000000000       5.004206606042906E-007
   948.640000000000       4.821857304489629E-007
   948.740000000000       4.652593542150843E-007
   948.840000000000       4.496979215689560E-007
   948.940000000000       4.356276296933170E-007
   949.040000000000       4.231247411321490E-007
   949.140000000000       4.122095431070432E-007
   949.240000000000       4.030382138667485E-007
   949.340000000000       3.956278676432843E-007
   949.440000000000       3.900362876888144E-007
   949.540000000000       3.863376963260596E-007
   949.640000000000       3.845607977701829E-007
   949.740000000000       3.847523320140632E-007
   949.840000000000       3.869176683771501E-007
   949.940000000000       3.910645186362360E-007
   950.040000000000       3.971798642209374E-007
   950.140000000000       4.052460326811418E-007
   950.240000000000       4.152427138210009E-007
   950.340000000000       4.270876445829702E-007
   950.440000000000       4.408513719185810E-007
   950.540000000000       4.563203489545378E-007
   950.640000000000       4.735859737510180E-007
   950.740000000000       4.925511347522935E-007
   950.840000000000       5.131321617300212E-007
   950.940000000000       5.353110752724956E-007
   951.040000000000       5.589596558274689E-007
   951.140000000000       5.841081739726626E-007
   951.240000000000       6.105732208300124E-007
   951.340000000000       6.384707488063896E-007
   951.440000000000       6.675152045712605E-007
   951.540000000000       6.979941192337741E-007
   951.640000000000       7.294319625778782E-007
   951.740000000000       7.622448312415242E-007
   952.740000000000       1.148449614682685E-006
   953.740000000000       1.625257240749332E-006
   954.740000000000       2.144781856510633E-006
   955.740000000000       2.635711615003028E-006
   956.740000000000       3.047753674369298E-006
   957.740000000000       3.371466259809130E-006
   958.740000000000       3.614624829930441E-006
   959.740000000000       3.780129469795065E-006
   962.540000000000       3.845021284343519E-006
   963.540000000000       3.697087542178794E-006
   964.540000000000       3.439805049810832E-006
   965.540000000000       3.086588372298173E-006
   966.540000000000       2.661729411723845E-006
   967.010000000000       2.445982856130729E-006
   967.540000000000       2.196942690489358E-006
   968.540000000000       1.732352362576832E-006
   969.540000000000       1.309317446543985E-006
   970.540000000000       9.566409929456542E-007
   970.640000000000       9.261449009050231E-007
   970.740000000000       8.966864365876753E-007
   970.840000000000       8.681168330232750E-007
   970.940000000000       8.408573792529077E-007
   971.040000000000       8.145821269114517E-007
   971.140000000000       7.897747234470346E-007
   971.240000000000       7.661232091022704E-007
   971.340000000000       7.441363005999087E-007
   971.440000000000       7.235072007165229E-007
   971.540000000000       7.047537729665179E-007
   971.640000000000       6.875242460055121E-007
   971.740000000000       6.723864151031630E-007
   971.840000000000       6.591075957577282E-007
   971.940000000000       6.478547575400076E-007
   972.040000000000       6.388368266647480E-007
   972.140000000000       6.319487153249545E-007
   972.240000000000       6.274996199645672E-007
   972.340000000000       6.252787701395197E-007
   972.440000000000       6.256305744313666E-007
   972.540000000000       6.283178481149142E-007
   972.640000000000       6.336704039501392E-007
   972.740000000000       6.413758511937246E-007
   972.840000000000       6.516838738315196E-007
   972.940000000000       6.643317738600829E-007
   973.040000000000       6.794220585566228E-007
   973.140000000000       6.968203327973883E-007
   973.240000000000       7.164572937685916E-007
   973.340000000000       7.383024655656620E-007
   973.440000000000       7.621521261592025E-007
   973.540000000000       7.880462780082956E-007
   973.640000000000       8.157150400427744E-007
   973.740000000000       8.452071059349285E-007
   973.840000000000       8.762485781163609E-007
   973.940000000000       9.088618660604906E-007
   974.040000000000       9.427868556887339E-007
   974.140000000000       9.780146388269834E-007
   974.240000000000       1.014349780274989E-006
   974.340000000000       1.051768058088620E-006
   974.440000000000       1.090128266961335E-006
   974.540000000000       1.129353624009951E-006
   975.540000000000       1.557356573869828E-006
   976.540000000000       2.047919094777628E-006
   977.540000000000       2.651876255395748E-006
   978.540000000000       3.458151202109401E-006
   979.540000000000       4.539836987559121E-006
   980.540000000000       5.896049593124914E-006
   981.540000000000       7.434245707177949E-006
   982.540000000000       9.082450145625567E-006
   985.040000000000       1.397190357254012E-005
   987.540000000000       1.997320147744652E-005
   990.040000000000       2.422624440989867E-005
   992.540000000000       2.809653606874912E-005
   997.540000000000       4.609098146345096E-005
   1000.72000000000       5.600125940644595E-005
   1005.72000000000       3.986229598263010E-005
   1008.22000000000       2.923454700365590E-005
   1010.72000000000       2.001035780535448E-005
   1013.22000000000       1.304432816979396E-005
   1015.72000000000       8.165116157417624E-006
   1016.72000000000       6.722268674555086E-006
   1017.72000000000       5.532595067942348E-006
   1018.72000000000       4.540877429301032E-006
   1019.72000000000       3.701450312587840E-006
   1020.72000000000       2.984209913367924E-006
   1021.72000000000       2.370406489042130E-006
   1022.72000000000       1.843010356936253E-006
   1022.80000000000       1.804137722191374E-006
   1023.72000000000       1.388241253178036E-006
   1023.82000000000       1.347263461314502E-006
   1023.92000000000       1.307359197190136E-006
   1024.02000000000       1.268540619774849E-006
   1024.12000000000       1.230952095226233E-006
   1024.22000000000       1.194694310213338E-006
   1024.32000000000       1.159990027277080E-006
   1024.42000000000       1.126729684841499E-006
   1024.52000000000       1.095368815827726E-006
   1024.62000000000       1.065761912854465E-006
   1024.72000000000       1.038359825362048E-006
   1024.82000000000       1.012997020098577E-006
   1024.92000000000       9.900940692618704E-007
   1025.02000000000       9.695816810505712E-007
   1025.12000000000       9.516571393379798E-007
   1025.22000000000       9.364578649696879E-007
   1025.32000000000       9.239921496366795E-007
   1025.42000000000       9.145353153529250E-007
   1025.52000000000       9.078916168876561E-007
   1025.62000000000       9.044050603714791E-007
   1025.72000000000       9.038818366809193E-007
   1025.82000000000       9.065850442218524E-007
   1025.92000000000       9.121966056960229E-007
   1026.02000000000       9.209642200505302E-007
   1026.12000000000       9.325997820399255E-007
   1026.22000000000       9.471379320737466E-007
   1026.32000000000       9.644627014322203E-007
   1026.42000000000       9.844185501910961E-007
   1026.52000000000       1.006979676080295E-006
   1026.62000000000       1.031885695966943E-006
   1026.72000000000       1.059139228730794E-006
   1026.82000000000       1.088421451550877E-006
   1026.92000000000       1.119789322118550E-006
   1027.02000000000       1.152890396003767E-006
   1027.12000000000       1.187773140832185E-006
   1027.22000000000       1.224094902689494E-006
   1027.32000000000       1.261838126246416E-006
   1027.42000000000       1.300821121677023E-006
   1027.52000000000       1.340918084137614E-006
   1027.62000000000       1.382079611672774E-006
   1027.72000000000       1.424142720109652E-006
   1028.72000000000       1.884144329814749E-006
   1029.72000000000       2.414552061317132E-006
   1030.72000000000       3.047546631643319E-006
   1031.72000000000       3.793988865420072E-006
   1032.72000000000       4.612306555099116E-006
   1033.72000000000       5.480082304556722E-006
   1034.72000000000       6.533477093302843E-006
   1035.72000000000       8.082889214615325E-006
   1038.22000000000       1.520015431829073E-005
   1040.72000000000       2.591318154599188E-005
   1043.22000000000       3.863788929261202E-005
   1045.72000000000       5.346066296969124E-005
   1050.72000000000       8.282137125190491E-005
   1055.72000000000       9.388111486696580E-005
   1060.72000000000       1.068249403748607E-004
   1065.72000000000       1.772759926894944E-004
   1070.72000000000       1.914048050038687E-004
   1075.72000000000       1.659716573916276E-004
   1078.59000000000       1.831554005627107E-004
   1080.72000000000       2.229408035295656E-004
   1085.72000000000       3.077655278594382E-004
   1090.72000000000       3.352058075128010E-004
   1095.72000000000       3.421348024023493E-004
   1100.72000000000       3.450901854639914E-004
   1105.72000000000       3.450989438611891E-004
   1110.72000000000       3.420346932918946E-004
   1115.72000000000       3.404868779353008E-004
   1125.67000000000       3.339443011932949E-004
   1130.67000000000       3.292692966634571E-004
   1134.38000000000       3.259074160720008E-004
   1135.67000000000       3.239403349513014E-004
   1140.67000000000       3.149431950249441E-004
   1145.67000000000       3.072514773818047E-004
   1150.67000000000       2.948217143052739E-004
   1155.67000000000       2.824791044916899E-004
   1160.67000000000       2.686338705767219E-004
   1165.67000000000       2.463323361128464E-004
   1170.67000000000       2.216321189413101E-004
   1175.67000000000       1.970316877236340E-004
   1180.67000000000       1.633247871513988E-004
   1185.67000000000       1.274504769043490E-004
   1190.17000000000       9.280735070104867E-005
   1190.67000000000       8.918768530786911E-005
   1195.67000000000       5.566377264239161E-005
   1198.17000000000       4.175296267431988E-005
   1200.67000000000       3.038362711692925E-005
   1203.17000000000       2.180569723663103E-005
   1205.67000000000       1.551021098269441E-005
   1206.67000000000       1.355928275097758E-005
   1207.67000000000       1.188568766200329E-005
   1208.67000000000       1.041312540120605E-005
   1209.67000000000       9.075108402236559E-006
   1210.67000000000       7.826610537073583E-006
   1211.67000000000       6.637604856600281E-006
   1212.67000000000       5.491323128345879E-006
   1213.67000000000       4.395569930770998E-006
   1213.77000000000       4.291962819276986E-006
   1213.87000000000       4.190122500491278E-006
   1213.97000000000       4.090437227162567E-006
   1214.07000000000       3.993445715905965E-006
   1214.17000000000       3.898742978249219E-006
   1214.27000000000       3.807955581094982E-006
   1214.37000000000       3.719858489776112E-006
   1214.47000000000       3.636669423301136E-006
   1214.57000000000       3.556970339201902E-006
   1214.67000000000       3.483038422294717E-006
   1214.77000000000       3.413328595642458E-006
   1214.87000000000       3.350269860594936E-006
   1214.97000000000       3.292397298851303E-006
   1215.07000000000       3.241398712789133E-006
   1215.17000000000       3.197091925894173E-006
   1215.27000000000       3.159297001865224E-006
   1215.37000000000       3.129812747463815E-006
   1215.47000000000       3.106383285487758E-006
   1215.57000000000       3.092086910178667E-006
   1215.67000000000       3.084444606860146E-006
   1215.77000000000       3.085465620013647E-006
   1215.87000000000       3.093160726050216E-006
   1215.97000000000       3.110017873006305E-006
   1216.07000000000       3.132899278626775E-006
   1216.17000000000       3.164154918189060E-006
   1216.27000000000       3.201868646846691E-006
   1216.37000000000       3.246354228285954E-006
   1216.47000000000       3.297712343803306E-006
   1216.57000000000       3.354481680615100E-006
   1216.67000000000       3.417549945213422E-006
   1216.77000000000       3.485238872367744E-006
   1216.87000000000       3.558440366736093E-006
   1216.97000000000       3.635473963481356E-006
   1217.07000000000       3.717200073047288E-006
   1217.17000000000       3.801956626335318E-006
   1217.27000000000       3.890468181136030E-006
   1217.37000000000       3.981555043773727E-006
   1217.47000000000       4.075291044301036E-006
   1217.57000000000       4.171346178598287E-006
   1217.67000000000       4.269462527381267E-006
   1218.67000000000       5.315825289822719E-006
   1219.67000000000       6.432271546254185E-006
   1220.67000000000       7.606525996664589E-006
   1221.67000000000       8.816600024001317E-006
   1222.67000000000       1.003301676509666E-005
   1223.67000000000       1.124700579124745E-005
   1224.67000000000       1.248268306853301E-005
   1225.67000000000       1.378386914902549E-005
   1228.17000000000       1.714935187533773E-005
   1230.67000000000       2.041831820152857E-005
   1233.17000000000       2.727081936546309E-005
   1235.67000000000       4.203145303492923E-005
   1240.67000000000       8.562542815796487E-005
   1245.67000000000       1.327804382782448E-004
   1245.96000000000       1.354592967493761E-004
   1250.67000000000       1.782507159180609E-004
   1255.67000000000       2.090702100547211E-004
   1260.67000000000       2.277361279208686E-004
   1265.67000000000       2.562769882459120E-004
   1270.67000000000       2.792009256619280E-004
   1275.67000000000       2.771492132015577E-004
   1280.67000000000       2.838844112793135E-004
   1282.67000000000       2.874562629322136E-004
   1284.41000000000       2.905448982693731E-004
   1290.51000000000       2.959525762735670E-004
   1295.16000000000       3.003053661266888E-004
   1299.70000000000       3.012823280909707E-004
   1303.88000000000       3.045331465988939E-004
   1307.75000000000       3.066147562071280E-004
   1312.15000000000       3.077637580597410E-004
   1315.57000000000       3.094028340342650E-004
   1319.09000000000       3.099369134767389E-004
   1323.63000000000       3.115041923633198E-004
   1328.39000000000       3.112503715470266E-004
   1332.36000000000       3.129620504359739E-004
   1336.24000000000       3.130640987071912E-004
   1339.88000000000       3.122102544416464E-004
   1344.41000000000       3.126870975036242E-004
   1348.38000000000       3.133143638428597E-004
   1353.23000000000       3.139591639754436E-004
   1356.50000000000       3.134305356565047E-004
   1360.88000000000       3.123192999672708E-004
   1365.13000000000       3.110861381163383E-004
   1369.04000000000       3.094266695001436E-004
   1373.49000000000       3.076879813808477E-004
   1376.93000000000       3.055292207308069E-004
   1379.68000000000       3.030610967014334E-004
   1382.98000000000       3.002147547841831E-004
   1385.71000000000       2.985784887016984E-004
   1387.44000000000       2.977621744369651E-004
   1388.84000000000       2.970669553411572E-004
   1389.80000000000       2.965181803936860E-004
   1390.86000000000       2.958343235051223E-004
   1392.37000000000       2.947812565765388E-004
   1393.76000000000       2.938553320791646E-004
   1395.38000000000       2.930188081588442E-004
   1396.44000000000       2.927266329130871E-004
   1397.28000000000       2.926878693347332E-004
   1399.00000000000       2.931829362436007E-004
   1400.40000000000       2.941622693626934E-004
   1401.56000000000       2.953516190188425E-004
   1401.85000000000       2.956942448944170E-004
   1402.92000000000       2.970789139687071E-004
   1403.77000000000       2.982702049715459E-004
   1404.69000000000       2.996047963627151E-004
   1405.85000000000       3.013005245074669E-004
   1407.00000000000       3.029322291672992E-004
   1408.61000000000       3.050539577568183E-004
   1409.90000000000       3.065747431625750E-004
   1410.62000000000       3.073464244235939E-004
   1411.56000000000       3.082727366155674E-004
   1412.85000000000       3.094059951735443E-004
   1414.49000000000       3.106306044328515E-004
   1415.45000000000       3.112339991303265E-004
   1416.53000000000       3.118183211805765E-004
   1417.51000000000       3.122798641055067E-004
   1418.36000000000       3.126378673460101E-004
   1419.80000000000       3.131500144894795E-004
   1421.24000000000       3.135372674743211E-004
   1424.04000000000       3.140094122298503E-004
   1424.20000000000       3.140250692491723E-004
   1426.43000000000       3.141371074313086E-004
   1428.22000000000       3.141135392836221E-004
   1429.78000000000       3.140345508809746E-004
   1432.70000000000       3.137988682746643E-004
   1434.35000000000       3.136324970266796E-004
   1436.47000000000       3.134231051469933E-004
   1438.46000000000       3.132085129974572E-004
   1441.90000000000       3.127903117688660E-004
   1444.65000000000       3.124309715370019E-004
   1447.85000000000       3.119876003095067E-004
   1453.29000000000       3.111992562705038E-004
   1458.14000000000       3.104734677068472E-004
   1463.09000000000       3.097222364970681E-004
   1467.92000000000       3.089844707942467E-004
   1473.30000000000       3.081627314311439E-004
   1480.00000000000       3.071354094840345E-004
   1487.26000000000       3.060233331265924E-004
   1495.19000000000       3.048174516519786E-004
   1503.23000000000       3.036075690751083E-004
   1508.91000000000       3.027582930250143E-004
   1515.04000000000       3.018473102999194E-004
   1519.62000000000       3.011714463075169E-004
   1526.20000000000       3.002053085953696E-004
   1531.77000000000       2.993929708651954E-004
   1537.68000000000       2.985382081805326E-004
   1543.69000000000       2.976764884992051E-004
   1550.70000000000       2.966801669626992E-004
   1556.93000000000       2.958019179777261E-004
   1562.17000000000       2.950686495441288E-004
   1569.62000000000       2.940333028028068E-004
   1576.07000000000       2.931452457207031E-004
   1581.96000000000       2.923433912264596E-004
   1588.63000000000       2.914415222846773E-004
   1595.74000000000       2.904934407588639E-004
   1598.96000000000       2.900658870299164E-004
   1602.73000000000       2.895686773105003E-004
   1606.62000000000       2.890600628989324E-004
   1611.61000000000       2.884113280921175E-004
   1615.27000000000       2.879371355811280E-004
   1618.70000000000       2.874969175667384E-004
   1622.04000000000       2.870682337118173E-004
   1624.30000000000       2.867793497295494E-004
   1626.89000000000       2.864495365075270E-004
   1630.38000000000       2.860065737723084E-004
   1634.43000000000       2.854939733612289E-004
   1638.80000000000       2.849447802821863E-004
   1644.19000000000       2.842722817995823E-004
   1650.79000000000       2.834510512537935E-004
   1657.27000000000       2.826526293459522E-004
   1664.08000000000       2.818199617764096E-004
   1673.34000000000       2.806982659074501E-004
   1682.82000000000       2.795615601096792E-004
   1689.74000000000       2.787412985001939E-004
   1696.20000000000       2.779798877817708E-004
   1703.23000000000       2.771585346191875E-004
   1709.58000000000       2.764219784991967E-004
   1713.03000000000       2.760260738583192E-004
   1720.60000000000       2.751594003485957E-004
   1728.51000000000       2.742619633584527E-004
   1735.98000000000       2.734229958662877E-004
   1745.23000000000       2.723910990274500E-004
   1756.48000000000       2.711539173310080E-004
   1768.52000000000       2.698461379777802E-004
   1776.87000000000       2.689494222018960E-004
   1787.90000000000       2.677765984561988E-004
   1800.49000000000       2.664554861513262E-004
   1811.07000000000       2.653579891182918E-004
   1820.10000000000       2.644315111678041E-004
   1830.02000000000       2.634220280539304E-004
   1838.71000000000       2.625472217493226E-004
   1849.19000000000       2.615013093837126E-004
   1859.00000000000       2.605326025958577E-004
   1869.14000000000       2.595408436488145E-004
   1882.40000000000       2.582601712348577E-004
   1892.10000000000       2.573335581725769E-004
   1902.46000000000       2.563524640303815E-004
   1911.49000000000       2.555062831115107E-004
   1927.99000000000       2.539786795302282E-004
   1936.91000000000       2.531603606154541E-004
   1946.26000000000       2.523118524334474E-004
   1957.85000000000       2.512698826876968E-004
   1965.66000000000       2.505746019689819E-004
   1975.13000000000       2.497404894587397E-004
   1980.59000000000       2.492592704769335E-004
   1986.94000000000       2.487063693221672E-004
   1993.29000000000       2.481536914769991E-004
   1999.66000000000       2.476032162776817E-004
   2000.00000000000       2.475741530254023E-004
   2025.00000000000       2.454431587728772E-004
   2050.20000000000       2.433416166169735E-004
   2050.30000000000       2.433341830305324E-004
   2075.00000000000       2.413115054869262E-004
   2100.00000000000       2.393063023791139E-004
   2120.00000000000       2.377293467933543E-004
   2140.00000000000       2.361770455597757E-004
   2160.00000000000       2.346483884264460E-004
   2180.00000000000       2.331417036848893E-004
   2200.00000000000       2.316554932434655E-004
   2220.00000000000       2.301966812085267E-004
   2240.00000000000       2.287523904405379E-004
   2250.00000000000       2.280382695989659E-004
   2282.00000000000       2.257847505227272E-004
   2290.16000000000       2.252166046103991E-004
   2305.95000000000       2.241290280631911E-004
   2361.74000000000       2.203745249892704E-004
   2417.53000000000       2.167455759939655E-004
   2473.32000000000       2.132394873138888E-004
   2529.11000000000       2.098471511530320E-004
   2584.90000000000       2.065596357912253E-004
   2640.69000000000       2.033723706995272E-004
   2696.48000000000       2.002773362385156E-004
   2752.27000000000       1.972693260325751E-004
   2808.06000000000       1.943442430348435E-004
   2863.84000000000       1.914969097750816E-004
   2919.63000000000       1.887245228713711E-004
   2975.42000000000       1.860210750885382E-004
   3031.21000000000       1.833838657662796E-004
   3087.00000000000       1.808099860480030E-004
   3142.79000000000       1.782969383970128E-004
   3198.58000000000       1.758413943421999E-004
   3254.37000000000       1.734426265516289E-004
   3310.16000000000       1.710947051547243E-004
   3365.95000000000       1.687987239797733E-004
   3421.74000000000       1.665486259796516E-004
   3450.15000000000       1.654228269112239E-004
   3477.53000000000       1.643469825520709E-004
   3525.15000000000       1.625047365255771E-004
   3533.32000000000       1.621917069973184E-004
   3589.10000000000       1.600770541201446E-004
   3600.15000000000       1.596645732599047E-004
   3612.65000000000       1.591978730670352E-004
   3625.15000000000       1.587346127717166E-004
   3637.65000000000       1.582726977655343E-004
   3644.89000000000       1.580025827413862E-004
   3650.15000000000       1.577828254526057E-004
   3655.15000000000       1.575935355255849E-004
   3660.15000000000       1.574073672932219E-004
   3665.15000000000       1.572221998064613E-004
   3670.15000000000       1.570348202767059E-004
   3675.15000000000       1.568481691072597E-004
   3680.15000000000       1.566614549451254E-004
   3685.15000000000       1.564733681605322E-004
   3690.15000000000       1.562849548531717E-004
   3695.15000000000       1.560931692356892E-004
   3700.15000000000       1.559075702948496E-004
   3705.15000000000       1.557662751248863E-004
   3710.15000000000       1.556222595007516E-004
   3715.15000000000       1.555002743750707E-004
   3720.15000000000       1.553978446487289E-004
   3725.15000000000       1.553104198297638E-004
   3730.15000000000       1.552182322910724E-004
   3732.65000000000       1.551603439583280E-004
   3735.15000000000       1.550832318489898E-004
   3737.65000000000       1.549756259503155E-004
   3737.88000000000       1.549639787587104E-004
   3740.15000000000       1.548214558195315E-004
   3741.15000000000       1.547428403504470E-004
   3742.15000000000       1.546523609282009E-004
   3743.15000000000       1.545523707336610E-004
   3744.15000000000       1.544443188832959E-004
   3745.15000000000       1.543247091322577E-004
   3746.15000000000       1.541993337961896E-004
   3747.15000000000       1.540712031210688E-004
   3748.15000000000       1.539514625799903E-004
   3748.25000000000       1.539410882612870E-004
   3748.35000000000       1.539288586595874E-004
   3748.45000000000       1.539189874680183E-004
   3748.55000000000       1.539096487329931E-004
   3748.65000000000       1.538997176965543E-004
   3748.75000000000       1.538913188445994E-004
   3748.85000000000       1.538816088009322E-004
   3748.95000000000       1.538732737108567E-004
   3749.05000000000       1.538656787143536E-004
   3749.15000000000       1.538567942875196E-004
   3749.25000000000       1.538501479526164E-004
   3749.35000000000       1.538442041818223E-004
   3749.45000000000       1.538365516669612E-004
   3749.55000000000       1.538312221189126E-004
   3749.65000000000       1.538266702767101E-004
   3749.75000000000       1.538224236227946E-004
   3749.85000000000       1.538176533521857E-004
   3749.95000000000       1.538146575603220E-004
   3750.05000000000       1.538116566339207E-004
   3750.15000000000       1.538084280378762E-004
   3750.25000000000       1.538070863766525E-004
   3750.35000000000       1.538047298112575E-004
   3750.45000000000       1.538039109991398E-004
   3750.55000000000       1.538041926158221E-004
   3750.65000000000       1.538049671784126E-004
   3750.75000000000       1.538061673605170E-004
   3750.85000000000       1.538064916103771E-004
   3750.95000000000       1.538076979106146E-004
   3751.05000000000       1.538097669215226E-004
   3751.15000000000       1.538130494341410E-004
   3751.25000000000       1.538154204968656E-004
   3751.35000000000       1.538194652700779E-004
   3751.45000000000       1.538236446750912E-004
   3751.55000000000       1.538280222967748E-004
   3751.65000000000       1.538320694876271E-004
   3751.75000000000       1.538376200642580E-004
   3751.85000000000       1.538419934357253E-004
   3751.95000000000       1.538469223556258E-004
   3752.05000000000       1.538539889403072E-004
   3752.15000000000       1.538594088739628E-004
   3753.15000000000       1.539267349750141E-004
   3754.15000000000       1.539979281112458E-004
   3755.15000000000       1.540554155045236E-004
   3756.15000000000       1.540963271240141E-004
   3757.15000000000       1.541128273436076E-004
   3758.15000000000       1.541060003199904E-004
   3759.15000000000       1.540682860958927E-004
   3760.15000000000       1.540018410537954E-004
   3760.63000000000       1.539570684719200E-004
   3761.63000000000       1.538395430254469E-004
   3762.63000000000       1.536948287240131E-004
   3763.63000000000       1.535225072401538E-004
   3764.63000000000       1.533292419933532E-004
   3765.63000000000       1.531132805886883E-004
   3766.63000000000       1.528799900727603E-004
   3767.63000000000       1.526420499846668E-004
   3768.63000000000       1.524270708738863E-004
   3768.73000000000       1.524088927381652E-004
   3768.83000000000       1.523899954555716E-004
   3768.93000000000       1.523726319897866E-004
   3769.03000000000       1.523564116709236E-004
   3769.13000000000       1.523394480413567E-004
   3769.23000000000       1.523245638684822E-004
   3769.33000000000       1.523110605961693E-004
   3769.43000000000       1.522988099952042E-004
   3769.53000000000       1.522868044107156E-004
   3769.63000000000       1.522751395659338E-004
   3769.73000000000       1.522655321999900E-004
   3769.83000000000       1.522576152988132E-004
   3769.93000000000       1.522500264621904E-004
   3770.03000000000       1.522451298077143E-004
   3770.13000000000       1.522389046283074E-004
   3770.23000000000       1.522357821773719E-004
   3770.33000000000       1.522343778695563E-004
   3770.43000000000       1.522341008726231E-004
   3770.53000000000       1.522348930140121E-004
   3770.63000000000       1.522356419038300E-004
   3770.73000000000       1.522398700406678E-004
   3770.83000000000       1.522454289419984E-004
   3770.93000000000       1.522517471049197E-004
   3771.03000000000       1.522596476511742E-004
   3771.13000000000       1.522688558953620E-004
   3771.23000000000       1.522780091404454E-004
   3771.33000000000       1.522899675096867E-004
   3771.43000000000       1.523033685263661E-004
   3771.53000000000       1.523167775884587E-004
   3771.63000000000       1.523321137726460E-004
   3771.73000000000       1.523484254230368E-004
   3771.83000000000       1.523655232485756E-004
   3771.93000000000       1.523854655352231E-004
   3772.03000000000       1.524036445253322E-004
   3772.13000000000       1.524244576261836E-004
   3772.23000000000       1.524464581070347E-004
   3772.33000000000       1.524686706265587E-004
   3772.43000000000       1.524922453854078E-004
   3772.53000000000       1.525146376295088E-004
   3772.63000000000       1.525394803087426E-004
   3773.63000000000       1.528081551685454E-004
   3774.63000000000       1.530953423852888E-004
   3775.63000000000       1.533728543794879E-004
   3776.63000000000       1.536242441210633E-004
   3777.63000000000       1.538428541702953E-004
   3778.63000000000       1.540237666377760E-004
   3779.63000000000       1.541603490184927E-004
   3780.63000000000       1.542476208195319E-004
   3783.13000000000       1.542354386351770E-004
   3785.40000000000       1.539198175827489E-004
   3787.90000000000       1.532222541371304E-004
   3788.90000000000       1.528454676610070E-004
   3789.90000000000       1.524173502726943E-004
   3790.90000000000       1.519468487501501E-004
   3791.90000000000       1.514406248457748E-004
   3792.90000000000       1.509002482624509E-004
   3793.90000000000       1.503363512995850E-004
   3794.90000000000       1.497742316431591E-004
   3795.90000000000       1.492702945967379E-004
   3796.00000000000       1.492283528705778E-004
   3796.10000000000       1.491855752387417E-004
   3796.20000000000       1.491462224085138E-004
   3796.30000000000       1.491067778087542E-004
   3796.40000000000       1.490711614212934E-004
   3796.50000000000       1.490373479312070E-004
   3796.60000000000       1.490046000713366E-004
   3796.70000000000       1.489758656142733E-004
   3796.80000000000       1.489502602543089E-004
   3796.90000000000       1.489254943930937E-004
   3797.00000000000       1.489040437395205E-004
   3797.10000000000       1.488858252437820E-004
   3797.20000000000       1.488719391947789E-004
   3797.30000000000       1.488583836735555E-004
   3797.40000000000       1.488492856008723E-004
   3797.50000000000       1.488436578102622E-004
   3797.60000000000       1.488411611585536E-004
   3797.70000000000       1.488432708141312E-004
   3797.80000000000       1.488475113367045E-004
   3797.90000000000       1.488548740739416E-004
   3798.00000000000       1.488656240262834E-004
   3798.10000000000       1.488802262906109E-004
   3798.20000000000       1.488981180140407E-004
   3798.30000000000       1.489185884672838E-004
   3798.40000000000       1.489443271927682E-004
   3798.50000000000       1.489718343585640E-004
   3798.60000000000       1.490027113348454E-004
   3798.70000000000       1.490375813880147E-004
   3798.80000000000       1.490730323839505E-004
   3798.90000000000       1.491138551755459E-004
   3799.00000000000       1.491564220791586E-004
   3799.10000000000       1.492025503128561E-004
   3799.20000000000       1.492515062887197E-004
   3799.30000000000       1.493018041445602E-004
   3799.40000000000       1.493539664055015E-004
   3799.50000000000       1.494098776152782E-004
   3799.60000000000       1.494665701999602E-004
   3799.70000000000       1.495262515577012E-004
   3799.80000000000       1.495876213903781E-004
   3799.90000000000       1.496495595111558E-004
   3800.90000000000       1.503464267796007E-004
   3801.90000000000       1.511027046120494E-004
   3802.90000000000       1.518648204156813E-004
   3803.90000000000       1.526030734907526E-004
   3804.90000000000       1.533089193802857E-004
   3805.90000000000       1.539726810276772E-004
   3806.90000000000       1.545891868278193E-004
   3807.90000000000       1.551472498418003E-004
   3810.40000000000       1.562399612488505E-004
   3812.90000000000       1.568437019754329E-004
   3815.40000000000       1.568877809659432E-004
   3817.89000000000       1.563140358634226E-004
   3820.39000000000       1.551015086583438E-004
   3822.89000000000       1.532859840206397E-004
   3825.39000000000       1.509205514748218E-004
   3826.39000000000       1.498456177245555E-004
   3827.39000000000       1.487131199534124E-004
   3828.39000000000       1.475315858314067E-004
   3829.39000000000       1.463042007529122E-004
   3830.39000000000       1.450324735721119E-004
   3830.86000000000       1.444236914933743E-004
   3831.39000000000       1.437321545072512E-004
   3832.39000000000       1.424522305249382E-004
   3833.39000000000       1.412915653117270E-004
   3833.49000000000       1.411895346024934E-004
   3833.59000000000       1.410909054478452E-004
   3833.69000000000       1.409946159517669E-004
   3833.79000000000       1.409026665125013E-004
   3833.89000000000       1.408149020705275E-004
   3833.99000000000       1.407324952325426E-004
   3834.09000000000       1.406541992882464E-004
   3834.19000000000       1.405812423344180E-004
   3834.29000000000       1.405133224502108E-004
   3834.39000000000       1.404526630769013E-004
   3834.49000000000       1.403960984596816E-004
   3834.59000000000       1.403462915776548E-004
   3834.69000000000       1.403033470197758E-004
   3834.79000000000       1.402669418785159E-004
   3834.89000000000       1.402372035304163E-004
   3834.99000000000       1.402136760073975E-004
   3835.09000000000       1.401983228962578E-004
   3835.19000000000       1.401911398318716E-004
   3835.29000000000       1.401899740314085E-004
   3835.39000000000       1.401970517016487E-004
   3835.49000000000       1.402107109702627E-004
   3835.59000000000       1.402317289250773E-004
   3835.69000000000       1.402608017711950E-004
   3835.79000000000       1.402973232708509E-004
   3835.89000000000       1.403407996152856E-004
   3835.99000000000       1.403912961292132E-004
   3836.09000000000       1.404486460141179E-004
   3836.19000000000       1.405128106043778E-004
   3836.29000000000       1.405829007616175E-004
   3836.39000000000       1.406601833722373E-004
   3836.49000000000       1.407425403326568E-004
   3836.59000000000       1.408317616783718E-004
   3836.69000000000       1.409260430899005E-004
   3836.79000000000       1.410255319378602E-004
   3836.89000000000       1.411297175037026E-004
   3836.99000000000       1.412382125956995E-004
   3837.09000000000       1.413518516239976E-004
   3837.19000000000       1.414692341063282E-004
   3837.29000000000       1.415896639649578E-004
   3837.39000000000       1.417138684378697E-004
   3838.39000000000       1.431014840958716E-004
   3839.39000000000       1.446230983721497E-004
   3840.39000000000       1.461782779723075E-004
   3841.39000000000       1.477228626304353E-004
   3842.39000000000       1.492382955693819E-004
   3843.39000000000       1.507262102640112E-004
   3844.39000000000       1.521855820120397E-004
   3845.39000000000       1.536030153660631E-004
   3847.89000000000       1.568832932889955E-004
   3850.39000000000       1.596714248600859E-004
   3852.89000000000       1.618820078065015E-004
   3855.39000000000       1.633794430021956E-004
   3860.39000000000       1.644305851133345E-004
   3864.05000000000       1.634890195954635E-004
   3869.05000000000       1.597484502410062E-004
   3871.55000000000       1.568076897458996E-004
   3874.05000000000       1.531319858624406E-004
   3876.55000000000       1.489160883420356E-004
   3879.05000000000       1.441765053051501E-004
   3880.05000000000       1.421324195740151E-004
   3881.05000000000       1.400192647987321E-004
   3882.05000000000       1.378504602473930E-004
   3883.05000000000       1.356271567568795E-004
   3884.05000000000       1.333405014049903E-004
   3885.05000000000       1.310002926979847E-004
   3886.05000000000       1.286688787918144E-004
   3887.05000000000       1.265297557571156E-004
   3887.15000000000       1.263386206585957E-004
   3887.25000000000       1.261540746291717E-004
   3887.35000000000       1.259749944724810E-004
   3887.45000000000       1.258028674007459E-004
   3887.55000000000       1.256388803064987E-004
   3887.65000000000       1.254824377500016E-004
   3887.75000000000       1.253343338461985E-004
   3887.85000000000       1.251948183546210E-004
   3887.95000000000       1.250649761999686E-004
   3888.05000000000       1.249450401897095E-004
   3888.15000000000       1.248353026554766E-004
   3888.25000000000       1.247363133196149E-004
   3888.35000000000       1.246486764374017E-004
   3888.45000000000       1.245718297034266E-004
   3888.55000000000       1.245075731786268E-004
   3888.65000000000       1.244543253923904E-004
   3888.75000000000       1.244142010220099E-004
   3888.85000000000       1.243862146327417E-004
   3888.95000000000       1.243708898546935E-004
   3889.05000000000       1.243683388184374E-004
   3889.15000000000       1.243786784052246E-004
   3889.25000000000       1.244015454007990E-004
   3889.35000000000       1.244373512877899E-004
   3889.45000000000       1.244848684076882E-004
   3889.55000000000       1.245449544055169E-004
   3889.65000000000       1.246176679709520E-004
   3889.75000000000       1.247018635393396E-004
   3889.85000000000       1.247973600078777E-004
   3889.95000000000       1.249044570906403E-004
   3890.05000000000       1.250222113477416E-004
   3890.15000000000       1.251497836977498E-004
   3890.25000000000       1.252880082716304E-004
   3890.35000000000       1.254353041975352E-004
   3890.45000000000       1.255915527396470E-004
   3890.55000000000       1.257564599042683E-004
   3890.65000000000       1.259291002208849E-004
   3890.75000000000       1.261094317602354E-004
   3890.85000000000       1.262962921188755E-004
   3890.95000000000       1.264900535469433E-004
   3891.05000000000       1.266897821393555E-004
   3892.05000000000       1.289236175390308E-004
   3893.05000000000       1.313631956860107E-004
   3894.05000000000       1.338284806218105E-004
   3895.05000000000       1.362595564129429E-004
   3896.05000000000       1.386476433184413E-004
   3897.05000000000       1.410064561664032E-004
   3898.05000000000       1.433380678092918E-004
   3899.05000000000       1.456286473106165E-004
   3901.55000000000       1.511128083235181E-004
   3904.05000000000       1.562650544877560E-004
   3906.55000000000       1.610908788756105E-004
   3909.05000000000       1.653970628054542E-004
   3914.05000000000       1.723100196058815E-004
   3919.05000000000       1.769728459100784E-004
   3923.84000000000       1.794624782076981E-004
   3924.05000000000       1.795296963567729E-004
   3929.05000000000       1.801767856394994E-004
   3930.07000000000       1.800577681252500E-004
   3935.07000000000       1.781494825112001E-004
   3940.07000000000       1.738842015244247E-004
   3945.07000000000       1.669602110447140E-004
   3950.07000000000       1.576854350755576E-004
   3952.57000000000       1.523915865155957E-004
   3955.07000000000       1.466208667210343E-004
   3957.57000000000       1.403485016423061E-004
   3960.07000000000       1.335981760403150E-004
   3961.07000000000       1.308029384934689E-004
   3962.07000000000       1.279787919341952E-004
   3963.07000000000       1.251331767323340E-004
   3964.07000000000       1.222479427195975E-004
   3965.07000000000       1.192915306252196E-004
   3966.07000000000       1.162416904291632E-004
   3967.07000000000       1.131012202860577E-004
   3968.07000000000       1.099989403769270E-004
   3968.17000000000       1.097065322643260E-004
   3968.27000000000       1.094197001602556E-004
   3968.37000000000       1.091400041126293E-004
   3968.47000000000       1.088679681756824E-004
   3968.57000000000       1.086056305671317E-004
   3968.67000000000       1.083525595201938E-004
   3968.77000000000       1.081105036054209E-004
   3968.87000000000       1.078810834591239E-004
   3968.97000000000       1.076651076014937E-004
   3969.07000000000       1.074631420197493E-004
   3969.17000000000       1.072767120619325E-004
   3969.27000000000       1.071063875174853E-004
   3969.37000000000       1.069542066939158E-004
   3969.47000000000       1.068199410176511E-004
   3969.57000000000       1.067048724052400E-004
   3969.67000000000       1.066100293174090E-004
   3969.77000000000       1.065352400041628E-004
   3969.87000000000       1.064816353983228E-004
   3969.97000000000       1.064490600155444E-004
   3970.07000000000       1.064385277594822E-004
   3970.17000000000       1.064492453628746E-004
   3970.27000000000       1.064816395749569E-004
   3970.37000000000       1.065352322508369E-004
   3970.47000000000       1.066104544262870E-004
   3970.57000000000       1.067055140838464E-004
   3970.67000000000       1.068207246417472E-004
   3970.77000000000       1.069548931350697E-004
   3970.87000000000       1.071072505873104E-004
   3970.97000000000       1.072777939206396E-004
   3971.07000000000       1.074641030426117E-004
   3971.17000000000       1.076660081483140E-004
   3971.27000000000       1.078824725823144E-004
   3971.37000000000       1.081119279811232E-004
   3971.47000000000       1.083536497196644E-004
   3971.57000000000       1.086068399367563E-004
   3971.67000000000       1.088695201708301E-004
   3971.77000000000       1.091416407131153E-004
   3971.87000000000       1.094210809490664E-004
   3971.97000000000       1.097080589308982E-004
   3972.07000000000       1.100006891363030E-004
   3973.07000000000       1.131033158168510E-004
   3974.07000000000       1.162450139527115E-004
   3975.07000000000       1.192969385805678E-004
   3976.07000000000       1.222575959430463E-004
   3977.07000000000       1.251513992658954E-004
   3978.07000000000       1.280103079462651E-004
   3979.07000000000       1.308541299333251E-004
   3980.07000000000       1.336801105435216E-004
   3982.57000000000       1.405520431483326E-004
   3985.07000000000       1.470344565547773E-004
   3987.57000000000       1.531329398994658E-004
   3990.07000000000       1.589182292772277E-004
   3995.07000000000       1.696780700849998E-004
   4000.00000000000       1.786490482526102E-004
   4000.07000000000       1.787610692344608E-004
   4005.07000000000       1.857626597600711E-004
   4010.07000000000       1.908521208313378E-004
   4015.07000000000       1.944165363567063E-004
   4016.82000000000       1.953859581738928E-004
   4020.07000000000       1.968076686031347E-004
   4025.07000000000       1.983476753686710E-004
   4030.07000000000       1.992146027125242E-004
   4035.07000000000       1.994642269042168E-004
   4036.73000000000       1.993975401811034E-004
   4041.73000000000       1.987052940904732E-004
   4046.73000000000       1.971885952130890E-004
   4051.73000000000       1.946039719212785E-004
   4056.73000000000       1.906821492343551E-004
   4061.73000000000       1.852462537070370E-004
   4066.73000000000       1.783566465693042E-004
   4071.73000000000       1.703622451417823E-004
   4076.73000000000       1.614688964551829E-004
   4081.73000000000       1.511104262043345E-004
   4084.23000000000       1.452354740927787E-004
   4086.73000000000       1.389339126854531E-004
   4089.23000000000       1.323200158797538E-004
   4091.73000000000       1.253419939242756E-004
   4092.73000000000       1.224371171633145E-004
   4093.73000000000       1.194654228375396E-004
   4094.73000000000       1.164264704577165E-004
   4095.73000000000       1.133046077920077E-004
   4096.73000000000       1.100613107841755E-004
   4097.73000000000       1.066396612475614E-004
   4098.73000000000       1.029902829584666E-004
   4099.73000000000       9.924349227322652E-005
   4099.83000000000       9.888351838907744E-005
   4099.93000000000       9.852950585960555E-005
   4100.03000000000       9.818387037814890E-005
   4100.13000000000       9.784718061386365E-005
   4100.23000000000       9.752090867333031E-005
   4100.33000000000       9.720623107306130E-005
   4100.43000000000       9.690514266335852E-005
   4100.53000000000       9.661830342839159E-005
   4100.63000000000       9.634857111454217E-005
   4100.73000000000       9.609558665412440E-005
   4100.83000000000       9.586217452956194E-005
   4100.93000000000       9.564890014460928E-005
   4101.03000000000       9.545708139796524E-005
   4101.13000000000       9.528858916983044E-005
   4101.23000000000       9.514383769142832E-005
   4101.33000000000       9.502426115409233E-005
   4101.43000000000       9.493026121058039E-005
   4101.53000000000       9.486288891736112E-005
   4101.63000000000       9.482205299316978E-005
   4101.73000000000       9.480873954209917E-005
   4101.83000000000       9.482184494154260E-005
   4101.93000000000       9.486218950610031E-005
   4102.03000000000       9.492936766558636E-005
   4102.13000000000       9.502300633333787E-005
   4102.23000000000       9.514247733059937E-005
   4102.33000000000       9.528689109673885E-005
   4102.43000000000       9.545484464446561E-005
   4102.53000000000       9.564593886807608E-005
   4102.63000000000       9.585904597845348E-005
   4102.73000000000       9.609258280847628E-005
   4102.83000000000       9.634472940471977E-005
   4102.93000000000       9.661472646783933E-005
   4103.03000000000       9.690064077621141E-005
   4103.13000000000       9.720135120572590E-005
   4103.23000000000       9.751562787111750E-005
   4103.33000000000       9.784093412865144E-005
   4103.43000000000       9.817772745234372E-005
   4103.53000000000       9.852253228142363E-005
   4103.63000000000       9.887604244613746E-005
   4103.73000000000       9.923513965500244E-005
   4104.73000000000       1.029743879920800E-004
   4105.73000000000       1.066134256201975E-004
   4106.73000000000       1.100221339363188E-004
   4107.73000000000       1.132499313611705E-004
   4108.73000000000       1.163538274318248E-004
   4109.73000000000       1.193721665133014E-004
   4109.80000000000       1.195811926110347E-004
   4110.73000000000       1.223215535281890E-004
   4111.73000000000       1.252022816487428E-004
   4114.23000000000       1.321139784147803E-004
   4116.73000000000       1.386595901534933E-004
   4119.23000000000       1.448930028430793E-004
   4121.73000000000       1.507132667313473E-004
   4126.73000000000       1.610131909257065E-004
   4131.73000000000       1.699629772786425E-004
   4136.73000000000       1.781911806413896E-004
   4141.73000000000       1.855392263601209E-004
   4146.73000000000       1.916473561635716E-004
   4151.73000000000       1.964190558275878E-004
   4156.73000000000       1.999920841558244E-004
   4161.73000000000       2.026212398245153E-004
   4166.73000000000       2.045468674796491E-004
   4171.73000000000       2.059583388883021E-004
   4176.73000000000       2.069964863536741E-004
   4181.73000000000       2.077561633546818E-004
   4186.73000000000       2.083022614565738E-004
   4191.73000000000       2.086857687342028E-004
   4196.73000000000       2.089382769515114E-004
   4201.73000000000       2.090854328913271E-004
   4202.79000000000       2.091005833725673E-004
   4214.23000000000       2.090495820439103E-004
   4227.96000000000       2.084307594764737E-004
   4240.46000000000       2.072308965063408E-004
   4245.46000000000       2.065148274376724E-004
   4250.46000000000       2.056013790076648E-004
   4255.46000000000       2.044441887775846E-004
   4260.46000000000       2.029800681529250E-004
   4265.46000000000       2.011352238291241E-004
   4270.46000000000       1.988208202809446E-004
   4275.46000000000       1.959516260214012E-004
   4280.46000000000       1.924857013951919E-004
   4285.46000000000       1.884435381458755E-004
   4290.46000000000       1.838923596298725E-004
   4295.46000000000       1.788911251173206E-004
   4295.77000000000       1.785639369515197E-004
   4300.46000000000       1.733124439733567E-004
   4305.46000000000       1.669721927868195E-004
   4310.46000000000       1.596835892657399E-004
   4315.46000000000       1.512920025328220E-004
   4320.46000000000       1.416475600955745E-004
   4322.96000000000       1.363391791534912E-004
   4325.46000000000       1.306911908347763E-004
   4327.96000000000       1.247477644513588E-004
   4330.46000000000       1.184639683755916E-004
   4331.46000000000       1.158371967040862E-004
   4332.46000000000       1.131315534638555E-004
   4333.46000000000       1.103328251085475E-004
   4334.46000000000       1.074143105585760E-004
   4335.46000000000       1.043261908415778E-004
   4336.46000000000       1.009746843499690E-004
   4337.46000000000       9.719763536563544E-005
   4338.46000000000       9.292939199859278E-005
   4338.56000000000       9.249238405253768E-005
   4338.66000000000       9.205802030928680E-005
   4338.76000000000       9.162915121698312E-005
   4338.86000000000       9.120644880041166E-005
   4338.96000000000       9.079319997854748E-005
   4339.06000000000       9.038998513176928E-005
   4339.16000000000       9.000052933918619E-005
   4339.26000000000       8.962633664941909E-005
   4339.36000000000       8.927059684090942E-005
   4339.46000000000       8.893496587767928E-005
   4339.56000000000       8.862323650317743E-005
   4339.66000000000       8.833639477450473E-005
   4339.76000000000       8.807737227979241E-005
   4339.86000000000       8.784764932850481E-005
   4339.96000000000       8.765017051031738E-005
   4340.06000000000       8.748564815801021E-005
   4340.16000000000       8.735566868057695E-005
   4340.26000000000       8.726226066033448E-005
   4340.36000000000       8.720538925280892E-005
   4340.46000000000       8.718636979180480E-005
   4340.56000000000       8.720473438246188E-005
   4340.66000000000       8.726113721815462E-005
   4340.76000000000       8.735414187400686E-005
   4340.86000000000       8.748304389736226E-005
   4340.96000000000       8.764639968011821E-005
   4341.06000000000       8.784400969271210E-005
   4341.16000000000       8.807274003879136E-005
   4341.26000000000       8.833118430993514E-005
   4341.36000000000       8.861749480950055E-005
   4341.46000000000       8.892850748049364E-005
   4341.56000000000       8.926310975763778E-005
   4341.66000000000       8.961776479208543E-005
   4341.76000000000       8.999137928558104E-005
   4341.86000000000       9.037977925156574E-005
   4341.96000000000       9.078229082590223E-005
   4342.06000000000       9.119497393986372E-005
   4342.16000000000       9.161642149055888E-005
   4342.26000000000       9.204463877322941E-005
   4342.36000000000       9.247744046083006E-005
   4342.46000000000       9.291373387399957E-005
   4343.46000000000       9.717003789375894E-005
   4344.46000000000       1.009323478287825E-004
   4345.46000000000       1.042659514159667E-004
   4346.46000000000       1.073347048507711E-004
   4347.46000000000       1.102306609722778E-004
   4348.46000000000       1.130034884577681E-004
   4349.46000000000       1.156813449865650E-004
   4350.46000000000       1.182769196935632E-004
   4352.96000000000       1.244703948009884E-004
   4355.46000000000       1.303064161566847E-004
   4357.96000000000       1.358288411339647E-004
   4360.46000000000       1.409947970574981E-004
   4365.46000000000       1.503092688435996E-004
   4370.46000000000       1.583193875829414E-004
   4375.46000000000       1.651821662427260E-004
   4380.46000000000       1.710606252250986E-004
   4385.46000000000       1.761543107193601E-004
   4388.75000000000       1.791817470243815E-004
   4390.46000000000       1.806558494590831E-004
   4395.46000000000       1.846646246800659E-004
   4400.46000000000       1.881678720129437E-004
   4405.46000000000       1.910990088568635E-004
   4410.46000000000       1.934527878600271E-004
   4415.46000000000       1.952726323860482E-004
   4420.46000000000       1.966490738357817E-004
   4425.46000000000       1.976687782165184E-004
   4430.46000000000       1.984079879960445E-004
   4435.46000000000       1.989306989134328E-004
   4440.46000000000       1.992806184349789E-004
   4452.96000000000       1.996772156121563E-004
   4465.46000000000       1.996593580514874E-004
   4477.96000000000       1.994031364541568E-004
   4481.73000000000       1.992962092521180E-004
   4490.46000000000       1.990015131564547E-004
   4565.46000000000       1.954578975023477E-004
   4574.71000000000       1.949545682801033E-004
   4636.33000000000       1.913630172750931E-004
   4667.70000000000       1.892797873145387E-004
   4711.33000000000       1.855658853512618E-004
   4723.83000000000       1.841342409716272E-004
   4736.33000000000       1.824193496156191E-004
   4748.83000000000       1.803539895328692E-004
   4760.68000000000       1.779698454708891E-004
   4761.33000000000       1.778259180746344E-004
   4766.33000000000       1.766366253033798E-004
   4771.33000000000       1.753218857905087E-004
   4776.33000000000       1.738568487733016E-004
   4781.33000000000       1.722135737812737E-004
   4786.33000000000       1.703562486946278E-004
   4791.33000000000       1.682518108025315E-004
   4796.33000000000       1.658683152774257E-004
   4801.33000000000       1.631699946330636E-004
   4806.33000000000       1.601257272277171E-004
   4811.33000000000       1.567100952003756E-004
   4816.33000000000       1.528800982002134E-004
   4821.33000000000       1.485368338913092E-004
   4826.33000000000       1.435965185635975E-004
   4831.33000000000       1.380435064057382E-004
   4836.33000000000       1.318417333692545E-004
   4841.33000000000       1.247713774939875E-004
   4843.83000000000       1.208781709301964E-004
   4846.33000000000       1.167346401955693E-004
   4848.83000000000       1.123592431719588E-004
   4851.33000000000       1.076902666921064E-004
   4852.33000000000       1.057178860626617E-004
   4853.33000000000       1.036660233835808E-004
   4853.66000000000       1.029691751909218E-004
   4854.33000000000       1.015186673524321E-004
   4855.33000000000       9.924973874769470E-005
   4856.33000000000       9.679980139866059E-005
   4857.33000000000       9.402802130981755E-005
   4858.33000000000       9.062931663090226E-005
   4859.33000000000       8.630066873937315E-005
   4859.43000000000       8.582876408084903E-005
   4859.53000000000       8.535465744677181E-005
   4859.63000000000       8.488214360636912E-005
   4859.73000000000       8.441125671611156E-005
   4859.83000000000       8.394703593247381E-005
   4859.93000000000       8.349037996875229E-005
   4860.03000000000       8.304613259000834E-005
   4860.13000000000       8.261603105269862E-005
   4860.23000000000       8.220470130301984E-005
   4860.33000000000       8.181404567303248E-005
   4860.43000000000       8.144903091779554E-005
   4860.53000000000       8.111113603918043E-005
   4860.63000000000       8.080468840360191E-005
   4860.73000000000       8.053268815938604E-005
   4860.83000000000       8.029691406453425E-005
   4860.93000000000       8.010050758080469E-005
   4861.03000000000       7.994520726814067E-005
   4861.13000000000       7.983322859013806E-005
   4861.23000000000       7.976498461905838E-005
   4861.33000000000       7.974196970819625E-005
   4861.43000000000       7.976361014539069E-005
   4861.53000000000       7.983052860269012E-005
   4861.63000000000       7.994129840937039E-005
   4861.73000000000       8.009539691566445E-005
   4861.83000000000       8.029027147118951E-005
   4861.93000000000       8.052478183949613E-005
   4862.03000000000       8.079538104049126E-005
   4862.13000000000       8.110057552190767E-005
   4862.23000000000       8.143704664007030E-005
   4862.33000000000       8.180061965661932E-005
   4862.43000000000       8.218989310963355E-005
   4862.53000000000       8.259973090320145E-005
   4862.63000000000       8.302834230227298E-005
   4862.73000000000       8.347108601480135E-005
   4862.83000000000       8.392622779231296E-005
   4862.93000000000       8.438895763798915E-005
   4863.03000000000       8.485812059621354E-005
   4863.13000000000       8.532914279220506E-005
   4863.23000000000       8.580159445343801E-005
   4863.33000000000       8.627189237763579E-005
   4864.33000000000       9.058263832879548E-005
   4865.33000000000       9.396080328664617E-005
   4866.33000000000       9.671027315330563E-005
   4867.33000000000       9.913512163297109E-005
   4868.33000000000       1.013770257894051E-004
   4869.33000000000       1.034958675194185E-004
   4870.33000000000       1.055180175933396E-004
   4871.33000000000       1.074576595280273E-004
   4873.83000000000       1.120369254824921E-004
   4876.33000000000       1.163090385562028E-004
   4878.83000000000       1.203363360738167E-004
   4881.33000000000       1.240989009976495E-004
   4886.33000000000       1.308713703304236E-004
   4891.33000000000       1.367292957201449E-004
   4896.33000000000       1.418884277435101E-004
   4901.33000000000       1.463901316342208E-004
   4906.33000000000       1.502584202987340E-004
   4911.33000000000       1.535787005128731E-004
   4916.33000000000       1.564562271637702E-004
   4921.33000000000       1.589331504982364E-004
   4926.33000000000       1.610486610186295E-004
   4931.33000000000       1.628347762457890E-004
   4936.33000000000       1.643312041753358E-004
   4941.33000000000       1.655777734292513E-004
   4946.33000000000       1.666106718446068E-004
   4946.64000000000       1.666692594350246E-004
   4951.33000000000       1.674613678093698E-004
   4956.33000000000       1.681667398775394E-004
   4961.33000000000       1.687404473878890E-004
   4973.83000000000       1.697523795106674E-004
   4986.33000000000       1.703140053668077E-004
   4998.83000000000       1.705463704448558E-004
   5011.33000000000       1.705301166089635E-004
   5039.62000000000       1.699191375033859E-004
   5086.33000000000       1.681445054310049E-004
   5132.61000000000       1.661043800263965E-004
   5161.33000000000       1.648069697084183E-004
   5225.59000000000       1.619021637190827E-004
   5318.57000000000       1.577735757748728E-004
   5411.55000000000       1.537697085627862E-004
   5504.53000000000       1.499012384818523E-004
   5597.52000000000       1.461493507190852E-004
   5690.50000000000       1.425536283793111E-004
   5783.48000000000       1.390831342027952E-004
   5876.46000000000       1.357371008319824E-004
   5969.44000000000       1.324995138430774E-004
   6000.00000000000       1.314581394434778E-004
   6062.43000000000       1.293616477946149E-004
   6155.41000000000       1.262918586437094E-004
   6248.39000000000       1.232126961580459E-004
   6262.81000000000       1.227248870098128E-004
   6337.81000000000       1.200898424887511E-004
   6341.37000000000       1.199547256123807E-004
   6412.81000000000       1.168531599003963E-004
   6425.31000000000       1.161034343909442E-004
   6434.35000000000       1.155006249517840E-004
   6437.81000000000       1.152490380499716E-004
   6450.31000000000       1.142211672056324E-004
   6462.81000000000       1.129730882419155E-004
   6467.81000000000       1.123979260005847E-004
   6472.81000000000       1.117622031072098E-004
   6477.81000000000       1.110600899907807E-004
   6482.81000000000       1.102891734174153E-004
   6487.81000000000       1.094468698113697E-004
   6492.81000000000       1.085113577229799E-004
   6497.81000000000       1.074598867135587E-004
   6502.81000000000       1.062771595664531E-004
   6507.81000000000       1.049471091168996E-004
   6512.81000000000       1.034441606119109E-004
   6517.81000000000       1.017377611874236E-004
   6522.81000000000       9.979324707123577E-005
   6527.33000000000       9.781003760097373E-005
   6527.81000000000       9.758490683242171E-005
   6532.81000000000       9.509372060771574E-005
   6537.81000000000       9.229984848471010E-005
   6542.81000000000       8.909300639093149E-005
   6545.31000000000       8.730953408361896E-005
   6547.81000000000       8.538668917525636E-005
   6550.31000000000       8.331910163611613E-005
   6552.81000000000       8.106132564786097E-005
   6553.81000000000       8.009105641831628E-005
   6554.81000000000       7.906887424462164E-005
   6555.81000000000       7.797995390113434E-005
   6556.81000000000       7.679661024709304E-005
   6557.81000000000       7.546354000710409E-005
   6558.81000000000       7.385382903373906E-005
   6559.81000000000       7.169130589216669E-005
   6560.81000000000       6.868996301351934E-005
   6560.91000000000       6.835238810516537E-005
   6561.01000000000       6.801122878424696E-005
   6561.11000000000       6.767000622800411E-005
   6561.21000000000       6.732933868535592E-005
   6561.31000000000       6.699161965857828E-005
   6561.41000000000       6.666004864669667E-005
   6561.51000000000       6.633529309659662E-005
   6561.61000000000       6.602170333137483E-005
   6561.71000000000       6.571930705166900E-005
   6561.81000000000       6.543322790835039E-005
   6561.91000000000       6.516359501718179E-005
   6562.01000000000       6.491531950759280E-005
   6562.11000000000       6.468877367699023E-005
   6562.21000000000       6.448802277011004E-005
   6562.31000000000       6.431416160173698E-005
   6562.41000000000       6.416839357697556E-005
   6562.51000000000       6.405475280571584E-005
   6562.61000000000       6.397133166284149E-005
   6562.71000000000       6.392223598289119E-005
   6562.81000000000       6.390436425551203E-005
   6562.91000000000       6.392067731310890E-005
   6563.01000000000       6.396777455982343E-005
   6563.11000000000       6.404938046248977E-005
   6563.21000000000       6.416132468543882E-005
   6563.31000000000       6.430540610203834E-005
   6563.41000000000       6.447761306532087E-005
   6563.51000000000       6.467637700482889E-005
   6563.61000000000       6.490121101158082E-005
   6563.71000000000       6.514763194757308E-005
   6563.81000000000       6.541536444980226E-005
   6563.91000000000       6.569983417287382E-005
   6564.01000000000       6.600022200634638E-005
   6564.11000000000       6.631199031285232E-005
   6564.21000000000       6.663474973028014E-005
   6564.31000000000       6.696442162162530E-005
   6564.41000000000       6.730021011472715E-005
   6564.51000000000       6.763900757186148E-005
   6564.61000000000       6.797812146848338E-005
   6564.71000000000       6.831726342424077E-005
   6564.81000000000       6.865303962975160E-005
   6565.81000000000       7.163348229549375E-005
   6566.81000000000       7.377410272375749E-005
   6567.81000000000       7.536080905600723E-005
   6568.81000000000       7.666994807092790E-005
   6569.81000000000       7.782867406023822E-005
   6570.81000000000       7.889218497388666E-005
   6571.81000000000       7.988795576594848E-005
   6572.81000000000       8.083085434943165E-005
   6575.31000000000       8.301755647186935E-005
   6577.81000000000       8.500891995512661E-005
   6580.31000000000       8.685076270390223E-005
   6582.81000000000       8.854802769524348E-005
   6587.81000000000       9.156934969878207E-005
   6592.81000000000       9.416167426571204E-005
   6597.81000000000       9.642985796637776E-005
   6602.81000000000       9.840610455836242E-005
   6607.81000000000       1.001043997125279E-004
   6612.81000000000       1.015519017261197E-004
   6617.81000000000       1.027912758803782E-004
   6620.32000000000       1.033443863915508E-004
   6622.81000000000       1.038451020186902E-004
   6627.81000000000       1.047420613223689E-004
   6632.81000000000       1.055065383385436E-004
   6637.81000000000       1.061513927560369E-004
   6642.81000000000       1.067000189557013E-004
   6647.81000000000       1.071736572223121E-004
   6652.81000000000       1.075769742062431E-004
   6657.81000000000       1.079131994796108E-004
   6662.81000000000       1.081884395076467E-004
   6675.31000000000       1.086864890439917E-004
   6687.81000000000       1.089692873374306E-004
   6700.31000000000       1.090884209553115E-004
   6712.81000000000       1.091081351515978E-004
   6713.30000000000       1.091054229927183E-004
   6787.81000000000       1.080737813020748E-004
   6806.28000000000       1.077099599259504E-004
   6862.81000000000       1.065017417478292E-004
   6899.26000000000       1.056860263371184E-004
   6992.24000000000       1.035610690349519E-004
   7085.23000000000       1.014479551573388E-004
   7178.21000000000       9.938331129869829E-005
   7271.19000000000       9.737618622092777E-005
   7364.17000000000       9.542784870927761E-005
   7457.15000000000       9.353775628775888E-005
   7550.14000000000       9.170283224919715E-005
   7643.12000000000       8.992423997874967E-005
   7736.10000000000       8.819467718240357E-005
   7829.08000000000       8.651531280596679E-005
   7922.06000000000       8.488403533699941E-005
   8000.00000000000       8.355214083584857E-005
   8015.05000000000       8.329861993513094E-005
   8108.03000000000       8.175825952665219E-005
   8201.01000000000       8.025268978074460E-005
   8331.19000000000       7.821556920127025E-005
   8365.02000000000       7.769835958514190E-005
   8440.02000000000       7.656705448814167E-005
   8461.36000000000       7.624857944209387E-005
   8515.02000000000       7.546234628052359E-005
   8527.52000000000       7.528068266363210E-005
   8540.02000000000       7.509987082797720E-005
   8552.52000000000       7.490895660452771E-005
   8565.02000000000       7.472946532161942E-005
   8570.02000000000       7.465797734398073E-005
   8575.02000000000       7.458670105682812E-005
   8580.02000000000       7.451535039503002E-005
   8585.02000000000       7.444402198093795E-005
   8590.02000000000       7.437290150626407E-005
   8591.53000000000       7.435141802903881E-005
   8595.02000000000       7.430153900437127E-005
   8600.02000000000       7.423025574532391E-005
   8605.02000000000       7.415882874971614E-005
   8610.02000000000       7.408730505851515E-005
   8615.02000000000       7.401578178875418E-005
   8620.02000000000       7.394390785377463E-005
   8625.02000000000       7.387182090091025E-005
   8630.02000000000       7.379930709225519E-005
   8635.02000000000       7.372659482397532E-005
   8640.02000000000       7.365367232608950E-005
   8645.02000000000       7.358028210894722E-005
   8647.52000000000       7.354348575557267E-005
   8650.02000000000       7.350676731664682E-005
   8652.52000000000       7.347005669749319E-005
   8655.02000000000       7.343352652085908E-005
   8656.02000000000       7.341905872815344E-005
   8657.02000000000       7.340449385825768E-005
   8658.02000000000       7.339014932184611E-005
   8659.02000000000       7.337565287001656E-005
   8660.02000000000       7.336134192447233E-005
   8661.02000000000       7.334715848616476E-005
   8662.02000000000       7.333292848833241E-005
   8663.02000000000       7.331879585748941E-005
   8663.12000000000       7.331722566871611E-005
   8663.22000000000       7.331581593467539E-005
   8663.32000000000       7.331443164589785E-005
   8663.42000000000       7.331305899244057E-005
   8663.52000000000       7.331169995120553E-005
   8663.62000000000       7.331029889388700E-005
   8663.72000000000       7.330887421743934E-005
   8663.82000000000       7.330738455406475E-005
   8663.92000000000       7.330590146219404E-005
   8664.02000000000       7.330455328443663E-005
   8664.12000000000       7.330312984218593E-005
   8664.22000000000       7.330173656606488E-005
   8664.32000000000       7.330036911119330E-005
   8664.42000000000       7.329893779452592E-005
   8664.52000000000       7.329740092481875E-005
   8664.62000000000       7.329609822457005E-005
   8664.72000000000       7.329463919212721E-005
   8664.82000000000       7.329331644686436E-005
   8664.92000000000       7.329180042020313E-005
   8665.02000000000       7.329040905153137E-005
   8665.12000000000       7.328900368952020E-005
   8665.22000000000       7.328774863666188E-005
   8665.32000000000       7.328643351922898E-005
   8665.42000000000       7.328502136578212E-005
   8665.52000000000       7.328355274757534E-005
   8665.62000000000       7.328209559310833E-005
   8665.72000000000       7.328098316806452E-005
   8665.82000000000       7.327958421303537E-005
   8665.92000000000       7.327817101358995E-005
   8666.02000000000       7.327671343235160E-005
   8666.12000000000       7.327538931541040E-005
   8666.22000000000       7.327410964085362E-005
   8666.32000000000       7.327274503026887E-005
   8666.42000000000       7.327125951952115E-005
   8666.52000000000       7.327000052560764E-005
   8666.62000000000       7.326858001561894E-005
   8666.72000000000       7.326719492911368E-005
   8666.82000000000       7.326588535629487E-005
   8666.92000000000       7.326458579085880E-005
   8667.02000000000       7.326316359741657E-005
   8668.02000000000       7.324950603902988E-005
   8669.02000000000       7.323600108958234E-005
   8670.02000000000       7.322240138977450E-005
   8671.02000000000       7.320885161680756E-005
   8672.02000000000       7.319549820289312E-005
   8673.02000000000       7.318217320025709E-005
   8674.02000000000       7.316874352450744E-005
   8675.02000000000       7.315542290787444E-005
   8677.52000000000       7.312246540554763E-005
   8680.02000000000       7.308928133568735E-005
   8682.52000000000       7.305634016672054E-005
   8685.02000000000       7.302331196577627E-005
   8690.02000000000       7.295652119350804E-005
   8695.02000000000       7.288895803018352E-005
   8700.02000000000       7.282078839164725E-005
   8705.02000000000       7.275142980366053E-005
   8710.47000000000       7.267465586293994E-005
   8715.47000000000       7.260314285879471E-005
   8720.47000000000       7.253048477256175E-005
   8721.71000000000       7.251224793164569E-005
   8725.47000000000       7.245658503094991E-005
   8730.47000000000       7.238191372790322E-005
   8732.97000000000       7.234421985302767E-005
   8735.47000000000       7.230659864453463E-005
   8737.97000000000       7.226887352076860E-005
   8740.47000000000       7.223139412214667E-005
   8741.47000000000       7.221667068473904E-005
   8742.47000000000       7.220180583528123E-005
   8743.47000000000       7.218729422405036E-005
   8744.47000000000       7.217279939798330E-005
   8745.47000000000       7.215845812628110E-005
   8746.47000000000       7.214435774271693E-005
   8747.47000000000       7.213028552848804E-005
   8748.47000000000       7.211664157963043E-005
   8748.57000000000       7.211519202620006E-005
   8748.67000000000       7.211397260384553E-005
   8748.77000000000       7.211261768587402E-005
   8748.87000000000       7.211129358949309E-005
   8748.97000000000       7.210989205055155E-005
   8749.07000000000       7.210844790344879E-005
   8749.17000000000       7.210716046739673E-005
   8749.27000000000       7.210582928178031E-005
   8749.37000000000       7.210455269665706E-005
   8749.47000000000       7.210322416717736E-005
   8749.57000000000       7.210192708175226E-005
   8749.67000000000       7.210051766149068E-005
   8749.77000000000       7.209923573172333E-005
   8749.87000000000       7.209783770168916E-005
   8749.97000000000       7.209663171260536E-005
   8750.07000000000       7.209520990310787E-005
   8750.17000000000       7.209397820146682E-005
   8750.27000000000       7.209245822930280E-005
   8750.37000000000       7.209125032732828E-005
   8750.47000000000       7.208986010869884E-005
   8750.57000000000       7.208856330809068E-005
   8750.67000000000       7.208728182650150E-005
   8750.77000000000       7.208594968700543E-005
   8750.87000000000       7.208460576980256E-005
   8750.97000000000       7.208332715152901E-005
   8751.07000000000       7.208216385981656E-005
   8751.17000000000       7.208067960631812E-005
   8751.27000000000       7.207946363306529E-005
   8751.37000000000       7.207819450667083E-005
   8751.47000000000       7.207688722890706E-005
   8751.57000000000       7.207564474115062E-005
   8751.67000000000       7.207440882406737E-005
   8751.77000000000       7.207308586164474E-005
   8751.87000000000       7.207170633876098E-005
   8751.97000000000       7.207044714917174E-005
   8752.07000000000       7.206919001100462E-005
   8752.17000000000       7.206791008576481E-005
   8752.27000000000       7.206664943027747E-005
   8752.37000000000       7.206537701698318E-005
   8752.47000000000       7.206411266501239E-005
   8753.47000000000       7.205145241465337E-005
   8754.47000000000       7.203923896611846E-005
   8755.47000000000       7.202708696638907E-005
   8756.47000000000       7.201521436934265E-005
   8757.47000000000       7.200329512454241E-005
   8758.47000000000       7.199154732878579E-005
   8759.47000000000       7.198007192808642E-005
   8760.47000000000       7.196848526601404E-005
   8762.97000000000       7.193995988625370E-005
   8765.47000000000       7.191172152574114E-005
   8767.97000000000       7.188341564360294E-005
   8770.47000000000       7.185494154590272E-005
   8775.47000000000       7.179729417837430E-005
   8780.47000000000       7.173832677616123E-005
   8785.47000000000       7.167757872492329E-005
   8790.47000000000       7.161515432037692E-005
   8795.47000000000       7.155105000671527E-005
   8800.47000000000       7.148496485640183E-005
   8805.47000000000       7.141717334715983E-005
   8807.79000000000       7.138496426810423E-005
   8812.79000000000       7.131417753762729E-005
   8817.79000000000       7.124150278609644E-005
   8822.79000000000       7.116693340364400E-005
   8827.79000000000       7.109023571818184E-005
   8832.79000000000       7.101173736283617E-005
   8837.79000000000       7.093104903704302E-005
   8842.79000000000       7.084863379300301E-005
   8845.29000000000       7.080704947623606E-005
   8847.79000000000       7.076520860150879E-005
   8850.29000000000       7.072375983051090E-005
   8851.88000000000       7.069748314478846E-005
   8852.79000000000       7.068259034087301E-005
   8853.79000000000       7.066641395669064E-005
   8854.79000000000       7.065056114729005E-005
   8855.79000000000       7.063482998321619E-005
   8856.79000000000       7.061950952627382E-005
   8857.79000000000       7.060462545675817E-005
   8858.79000000000       7.059010440794197E-005
   8859.79000000000       7.057545194870313E-005
   8860.79000000000       7.055957412570299E-005
   8860.89000000000       7.055799547567406E-005
   8860.99000000000       7.055626520265517E-005
   8861.09000000000       7.055447199401026E-005
   8861.19000000000       7.055264138313741E-005
   8861.29000000000       7.055105342544850E-005
   8861.39000000000       7.054909194961283E-005
   8861.49000000000       7.054751896446999E-005
   8861.59000000000       7.054546268538989E-005
   8861.69000000000       7.054395347295770E-005
   8861.79000000000       7.054193150285621E-005
   8861.89000000000       7.054057837072875E-005
   8861.99000000000       7.053865307938858E-005
   8862.09000000000       7.053719208432888E-005
   8862.19000000000       7.053549741723197E-005
   8862.29000000000       7.053389076600100E-005
   8862.39000000000       7.053261596403314E-005
   8862.49000000000       7.053073606870808E-005
   8862.59000000000       7.052984569826798E-005
   8862.69000000000       7.052821200419606E-005
   8862.79000000000       7.052714768248866E-005
   8862.89000000000       7.052567010697001E-005
   8862.99000000000       7.052512295629942E-005
   8863.09000000000       7.052374049507067E-005
   8863.19000000000       7.052304048061384E-005
   8863.29000000000       7.052201842334579E-005
   8863.39000000000       7.052125449690490E-005
   8863.49000000000       7.052046043124895E-005
   8863.59000000000       7.051964606980926E-005
   8863.69000000000       7.051917087582889E-005
   8863.79000000000       7.051825997680718E-005
   8863.89000000000       7.051787485604154E-005
   8863.99000000000       7.051705769766029E-005
   8864.09000000000       7.051665870761691E-005
   8864.19000000000       7.051587456773068E-005
   8864.29000000000       7.051550287971631E-005
   8864.39000000000       7.051471250803353E-005
   8864.49000000000       7.051425726395077E-005
   8864.59000000000       7.051367118452036E-005
   8864.69000000000       7.051288542925682E-005
   8864.79000000000       7.051222691788070E-005
   8865.79000000000       7.050442562404751E-005
   8866.79000000000       7.049540321375501E-005
   8867.79000000000       7.048617913935715E-005
   8868.79000000000       7.047731683494144E-005
   8869.79000000000       7.046892257761687E-005
   8870.79000000000       7.046079506886571E-005
   8871.79000000000       7.045301594646665E-005
   8872.79000000000       7.044536479093023E-005
   8875.29000000000       7.042694561797633E-005
   8877.79000000000       7.040892228724916E-005
   8880.29000000000       7.039087627906391E-005
   8882.79000000000       7.037270506820025E-005
   8887.79000000000       7.033487703567409E-005
   8892.79000000000       7.029484666690660E-005
   8897.79000000000       7.025193268850326E-005
   8902.79000000000       7.020629114365011E-005
   8907.79000000000       7.015752569760896E-005
   8912.79000000000       7.010603008120136E-005
   8917.79000000000       7.005130976011475E-005
   8922.79000000000       6.999352729376168E-005
   8927.79000000000       6.993242396213486E-005
   8932.79000000000       6.986791909948256E-005
   8937.79000000000       6.980008434481980E-005
   8939.91000000000       6.977019874864239E-005
   8944.91000000000       6.969682908325255E-005
   8949.91000000000       6.961998294644756E-005
   8954.91000000000       6.953917556916702E-005
   8959.91000000000       6.945449368148809E-005
   8964.91000000000       6.936558058700929E-005
   8969.91000000000       6.927238305087625E-005
   8974.91000000000       6.917453539560335E-005
   8979.91000000000       6.907235962769362E-005
   8982.06000000000       6.902695683041554E-005
   8984.91000000000       6.896556404656079E-005
   8989.91000000000       6.885464715533845E-005
   8994.91000000000       6.874021719839314E-005
   8997.41000000000       6.868198386973422E-005
   8999.91000000000       6.862306115228722E-005
   9002.41000000000       6.856416182605924E-005
   9004.91000000000       6.850611962309378E-005
   9005.91000000000       6.848332422109950E-005
   9006.91000000000       6.846098722118180E-005
   9007.91000000000       6.843934940840259E-005
   9008.91000000000       6.841849118710131E-005
   9009.91000000000       6.839877174128744E-005
   9010.91000000000       6.838013045034824E-005
   9011.91000000000       6.836292877202213E-005
   9012.91000000000       6.834765335312831E-005
   9013.01000000000       6.834615521402319E-005
   9013.11000000000       6.834477986248760E-005
   9013.21000000000       6.834339285170533E-005
   9013.31000000000       6.834200002149243E-005
   9013.41000000000       6.834072575195204E-005
   9013.51000000000       6.833927879437269E-005
   9013.61000000000       6.833808087905680E-005
   9013.71000000000       6.833673003753602E-005
   9013.81000000000       6.833550597031396E-005
   9013.91000000000       6.833440502889866E-005
   9014.01000000000       6.833326667488951E-005
   9014.11000000000       6.833214066208285E-005
   9014.21000000000       6.833085592941172E-005
   9014.31000000000       6.832987516011758E-005
   9014.41000000000       6.832868900075731E-005
   9014.51000000000       6.832767014304021E-005
   9014.61000000000       6.832670401655151E-005
   9014.71000000000       6.832558102405472E-005
   9014.81000000000       6.832458894479138E-005
   9014.91000000000       6.832368027185209E-005
   9015.01000000000       6.832275700854554E-005
   9015.11000000000       6.832184842796138E-005
   9015.21000000000       6.832095426542956E-005
   9015.31000000000       6.832009003937333E-005
   9015.41000000000       6.831924246764391E-005
   9015.51000000000       6.831842889744017E-005
   9015.61000000000       6.831766025375402E-005
   9015.71000000000       6.831687266963912E-005
   9015.81000000000       6.831602097839937E-005
   9015.91000000000       6.831539043558025E-005
   9016.01000000000       6.831472256892160E-005
   9016.11000000000       6.831408193739545E-005
   9016.21000000000       6.831348302422296E-005
   9016.31000000000       6.831283446619430E-005
   9016.41000000000       6.831222877836276E-005
   9016.51000000000       6.831163811282226E-005
   9016.61000000000       6.831120314794140E-005
   9016.71000000000       6.831061128581407E-005
   9016.81000000000       6.831006277717680E-005
   9016.91000000000       6.830962485409304E-005
   9017.91000000000       6.830600689789449E-005
   9018.91000000000       6.830410917803571E-005
   9019.91000000000       6.830372806014353E-005
   9020.91000000000       6.830448430642804E-005
   9021.91000000000       6.830625371567147E-005
   9022.91000000000       6.830877154775156E-005
   9023.91000000000       6.831214021999799E-005
   9024.91000000000       6.831581618450419E-005
   9027.41000000000       6.832602271362476E-005
   9029.91000000000       6.833707661209885E-005
   9032.41000000000       6.834799760138797E-005
   9034.91000000000       6.835816633565773E-005
   9039.91000000000       6.837574972779515E-005
   9044.91000000000       6.838744409227795E-005
   9049.91000000000       6.838398479476013E-005
   9054.91000000000       6.838543462870452E-005
   9059.91000000000       6.838299996690176E-005
   9064.91000000000       6.837498100321102E-005
   9069.91000000000       6.836149691058662E-005
   9074.91000000000       6.834246648791345E-005
   9079.91000000000       6.831807774125452E-005
   9084.91000000000       6.828818030733613E-005
   9089.91000000000       6.825298205142871E-005
   9094.91000000000       6.821225422539906E-005
   9099.91000000000       6.816629272338976E-005
   9104.91000000000       6.811456617504891E-005
   9109.91000000000       6.805741112726797E-005
   9112.23000000000       6.802895858054421E-005
   9114.91000000000       6.799370680222173E-005
   9129.02000000000       6.778241393963403E-005
   9134.02000000000       6.769585102123472E-005
   9139.02000000000       6.760177626960729E-005
   9144.02000000000       6.750035793711787E-005
   9149.02000000000       6.739130677988166E-005
   9154.02000000000       6.727452235910249E-005
   9159.02000000000       6.714996991257574E-005
   9164.02000000000       6.701759948870890E-005
   9169.02000000000       6.687744620904528E-005
   9174.02000000000       6.672921071457948E-005
   9179.02000000000       6.657278570872277E-005
   9184.02000000000       6.640778542473839E-005
   9189.02000000000       6.623361549649785E-005
   9194.02000000000       6.605027661171417E-005
   9199.02000000000       6.585877174419114E-005
   9204.02000000000       6.566089470952051E-005
   9209.02000000000       6.545830859758059E-005
   9211.52000000000       6.535574077029564E-005
   9214.02000000000       6.525293288820605E-005
   9216.52000000000       6.515097121737761E-005
   9219.02000000000       6.505097662826099E-005
   9220.02000000000       6.501195030080721E-005
   9221.02000000000       6.497417142580434E-005
   9222.02000000000       6.493790781745793E-005
   9223.02000000000       6.490359544599802E-005
   9224.02000000000       6.487193644830349E-005
   9225.02000000000       6.484347785553853E-005
   9226.02000000000       6.481902121164892E-005
   9227.02000000000       6.479935736713139E-005
   9227.12000000000       6.479767649723174E-005
   9227.22000000000       6.479602036204047E-005
   9227.32000000000       6.479443320651418E-005
   9227.42000000000       6.479281235801546E-005
   9227.52000000000       6.479134953320750E-005
   9227.62000000000       6.478983978771168E-005
   9227.72000000000       6.478848111443000E-005
   9227.82000000000       6.478702347428152E-005
   9227.92000000000       6.478575681268996E-005
   9228.02000000000       6.478429264102801E-005
   9228.12000000000       6.478328053847230E-005
   9228.22000000000       6.478200872414083E-005
   9228.32000000000       6.478089060503286E-005
   9228.42000000000       6.477971190601433E-005
   9228.52000000000       6.477866007794178E-005
   9228.62000000000       6.477777578420082E-005
   9228.72000000000       6.477671559060380E-005
   9228.82000000000       6.477585126808286E-005
   9228.92000000000       6.477488674101887E-005
   9229.02000000000       6.477423188728678E-005
   9229.12000000000       6.477336758940787E-005
   9229.22000000000       6.477271659979247E-005
   9229.32000000000       6.477187288731651E-005
   9229.42000000000       6.477142351763460E-005
   9229.52000000000       6.477073230583487E-005
   9229.62000000000       6.477034044411473E-005
   9229.72000000000       6.476978212165377E-005
   9229.82000000000       6.476929923004099E-005
   9229.92000000000       6.476899756374168E-005
   9230.02000000000       6.476861070533937E-005
   9230.12000000000       6.476848822994372E-005
   9230.22000000000       6.476809046119720E-005
   9230.32000000000       6.476795655100000E-005
   9230.42000000000       6.476769089416385E-005
   9230.52000000000       6.476775092687974E-005
   9230.62000000000       6.476754722371174E-005
   9230.72000000000       6.476757282861074E-005
   9230.82000000000       6.476755528219450E-005
   9230.92000000000       6.476763437480975E-005
   9231.02000000000       6.476782786796334E-005
   9232.02000000000       6.477166603291802E-005
   9233.02000000000       6.478010719907370E-005
   9234.02000000000       6.479278851331200E-005
   9235.02000000000       6.480878511043500E-005
   9236.02000000000       6.482715111154265E-005
   9237.02000000000       6.484762553091402E-005
   9238.02000000000       6.486966253142697E-005
   9239.02000000000       6.489255289834545E-005
   9241.52000000000       6.495268375460766E-005
   9242.41000000000       6.497469042879129E-005
   9244.02000000000       6.501477884665607E-005
   9246.52000000000       6.507750029582858E-005
   9249.02000000000       6.513995540467419E-005
   9254.02000000000       6.526216920712159E-005
   9259.02000000000       6.537930284294885E-005
   9264.02000000000       6.548974958999118E-005
   9269.02000000000       6.559165062862260E-005
   9274.02000000000       6.568435971602993E-005
   9279.02000000000       6.576792310232990E-005
   9284.02000000000       6.584253130661411E-005
   9289.02000000000       6.590879377122494E-005
   9294.02000000000       6.596691882029746E-005
   9299.02000000000       6.601693622540991E-005
   9304.02000000000       6.605909881238944E-005
   9309.02000000000       6.609318326748850E-005
   9314.02000000000       6.611939697187628E-005
   9319.02000000000       6.613793624998841E-005
   9324.02000000000       6.614879529204602E-005
   9329.02000000000       6.615191105935901E-005
   9341.52000000000       6.613065129824489E-005
   9354.02000000000       6.606982699018860E-005
   9366.52000000000       6.597097998511098E-005
   9372.58000000000       6.590986749817374E-005
   9379.02000000000       6.583423781990048E-005
   9395.98000000000       6.558722205671994E-005
   9408.48000000000       6.535741838161873E-005
   9420.98000000000       6.508280555414365E-005
   9433.48000000000       6.475743973523766E-005
   9445.98000000000       6.437445944576377E-005
   9450.98000000000       6.420326169429558E-005
   9455.98000000000       6.401996465405028E-005
   9460.98000000000       6.382441818263508E-005
   9465.98000000000       6.361634980936784E-005
   9470.98000000000       6.339468646690809E-005
   9475.98000000000       6.315929982059386E-005
   9480.98000000000       6.290997154664621E-005
   9485.98000000000       6.264641922145692E-005
   9490.98000000000       6.236766785840396E-005
   9495.98000000000       6.207360978982783E-005
   9500.98000000000       6.176445584381399E-005
   9502.76000000000       6.165061839461399E-005
   9505.98000000000       6.143877419507288E-005
   9510.98000000000       6.109725889569902E-005
   9515.98000000000       6.074034053002897E-005
   9520.98000000000       6.036878799506369E-005
   9525.98000000000       5.998420525375492E-005
   9528.48000000000       5.978713116854701E-005
   9530.98000000000       5.958657343704064E-005
   9533.48000000000       5.938271969026288E-005
   9535.98000000000       5.917718115608591E-005
   9536.98000000000       5.909488126227538E-005
   9537.98000000000       5.901309274203111E-005
   9538.98000000000       5.893185522402856E-005
   9539.98000000000       5.885221885376790E-005
   9540.98000000000       5.877459797301476E-005
   9541.98000000000       5.870047340533343E-005
   9542.98000000000       5.863104555415625E-005
   9543.98000000000       5.856882211329099E-005
   9544.08000000000       5.856321646590710E-005
   9544.18000000000       5.855775840012801E-005
   9544.28000000000       5.855248187218685E-005
   9544.38000000000       5.854724857459919E-005
   9544.48000000000       5.854244938281184E-005
   9544.58000000000       5.853754703755880E-005
   9544.68000000000       5.853299891364760E-005
   9544.78000000000       5.852868147460918E-005
   9544.88000000000       5.852459303154866E-005
   9544.98000000000       5.852072041898373E-005
   9545.08000000000       5.851717596344901E-005
   9545.18000000000       5.851369351605820E-005
   9545.28000000000       5.851070667543074E-005
   9545.38000000000       5.850788926427684E-005
   9545.48000000000       5.850526171346148E-005
   9545.58000000000       5.850330932498274E-005
   9545.68000000000       5.850130992498105E-005
   9545.78000000000       5.849983802446345E-005
   9545.88000000000       5.849841711064661E-005
   9545.98000000000       5.849761858548820E-005
   9546.08000000000       5.849704336644500E-005
   9546.18000000000       5.849683577266173E-005
   9546.28000000000       5.849677163692666E-005
   9546.38000000000       5.849722973058724E-005
   9546.48000000000       5.849782811666256E-005
   9546.58000000000       5.849879640539129E-005
   9546.68000000000       5.850016488496982E-005
   9546.78000000000       5.850171908219615E-005
   9546.88000000000       5.850356938225194E-005
   9546.98000000000       5.850570781431122E-005
   9547.08000000000       5.850820364380428E-005
   9547.18000000000       5.851056400557491E-005
   9547.28000000000       5.851347998672275E-005
   9547.38000000000       5.851642364662019E-005
   9547.48000000000       5.851970612338296E-005
   9547.58000000000       5.852328140355415E-005
   9547.68000000000       5.852676690751469E-005
   9547.78000000000       5.853078497612862E-005
   9547.88000000000       5.853458936413737E-005
   9547.98000000000       5.853871542734387E-005
   9548.98000000000       5.858578664072719E-005
   9549.98000000000       5.864021475394008E-005
   9550.98000000000       5.869916013038395E-005
   9551.98000000000       5.876143672874788E-005
   9552.98000000000       5.882583285122959E-005
   9553.98000000000       5.889175633768015E-005
   9554.98000000000       5.895824764559937E-005
   9555.98000000000       5.902491668026273E-005
   9558.48000000000       5.919177040350551E-005
   9560.98000000000       5.935677527717139E-005
   9563.48000000000       5.951818825568302E-005
   9565.98000000000       5.967582721392064E-005
   9570.98000000000       5.998096494684625E-005
   9575.98000000000       6.027254209307677E-005
   9580.98000000000       6.054875949324242E-005
   9585.98000000000       6.080909113451430E-005
   9590.98000000000       6.105338754856202E-005
   9595.98000000000       6.128148386590317E-005
   9600.98000000000       6.149415485705416E-005
   9605.98000000000       6.169130664153366E-005
   9610.98000000000       6.187362792922554E-005
   9615.98000000000       6.204192103240214E-005
   9620.98000000000       6.219632198066232E-005
   9625.98000000000       6.233756699182992E-005
   9630.98000000000       6.246609228749478E-005
   9632.93000000000       6.251292910818545E-005
   9635.98000000000       6.258196480143394E-005
   9640.98000000000       6.268603535325583E-005
   9645.98000000000       6.277872631033832E-005
   9658.48000000000       6.296899798376542E-005
   9670.98000000000       6.310650656004912E-005
   9683.48000000000       6.319894712095961E-005
   9695.98000000000       6.325159292010171E-005
   9763.11000000000       6.307349445661175E-005
   9770.98000000000       6.301294618709426E-005
   9824.40000000000       6.240499380734898E-005
   9893.28000000000       6.100982498452684E-005
   9899.40000000000       6.083719389164050E-005
   9911.90000000000       6.044049835375607E-005
   9924.40000000000       5.998645336032062E-005
   9936.90000000000       5.946336581456643E-005
   9949.40000000000       5.884960153725704E-005
   9954.40000000000       5.858544372094033E-005
   9959.40000000000       5.830631457979726E-005
   9964.40000000000       5.801122784689464E-005
   9969.40000000000       5.769967781039669E-005
   9974.40000000000       5.737000450835462E-005
   9979.40000000000       5.702078730123757E-005
   9984.40000000000       5.665019076501084E-005
   9989.40000000000       5.625614253699991E-005
   9994.40000000000       5.583669360785043E-005
   9999.40000000000       5.539284362056765E-005
   10000.0000000000       5.533815098362448E-005
   10004.4000000000       5.492231194161121E-005
   10009.4000000000       5.442608053125887E-005
   10014.4000000000       5.390723086815308E-005
   10019.4000000000       5.336378214797031E-005
   10023.4600000000       5.290032495079391E-005
   10024.4000000000       5.279000962631078E-005
   10029.4000000000       5.218516954096129E-005
   10031.9000000000       5.187292067601709E-005
   10034.4000000000       5.155365876648856E-005
   10036.9000000000       5.123019060910341E-005
   10039.4000000000       5.090840511478861E-005
   10040.4000000000       5.078201433499393E-005
   10041.4000000000       5.065756612386094E-005
   10042.4000000000       5.053673268963282E-005
   10043.4000000000       5.042180237802825E-005
   10044.4000000000       5.031725626014581E-005
   10045.4000000000       5.022984614420801E-005
   10046.4000000000       5.016972880034288E-005
   10047.4000000000       5.014673179857434E-005
   10047.5000000000       5.014645831576709E-005
   10047.6000000000       5.014644677455619E-005
   10047.7000000000       5.014659602670453E-005
   10047.8000000000       5.014736044865502E-005
   10047.9000000000       5.014786728397777E-005
   10048.0000000000       5.014900756997206E-005
   10048.1000000000       5.014976262794353E-005
   10048.2000000000       5.015123835178720E-005
   10048.3000000000       5.015214134422254E-005
   10048.4000000000       5.015363377410348E-005
   10048.5000000000       5.015451237846756E-005
   10048.6000000000       5.015592334489571E-005
   10048.7000000000       5.015677458506450E-005
   10048.8000000000       5.015768646134971E-005
   10048.9000000000       5.015847557198874E-005
   10049.0000000000       5.015880500020964E-005
   10049.1000000000       5.015931511330686E-005
   10049.2000000000       5.015888494863183E-005
   10049.3000000000       5.015904735914906E-005
   10049.4000000000       5.015825855012130E-005
   10049.5000000000       5.015778225864198E-005
   10049.6000000000       5.015629617539398E-005
   10049.7000000000       5.015532133745096E-005
   10049.8000000000       5.015346504442923E-005
   10049.9000000000       5.015180775967304E-005
   10050.0000000000       5.014966910387568E-005
   10050.1000000000       5.014752041067043E-005
   10050.2000000000       5.014541920764744E-005
   10050.3000000000       5.014273774079807E-005
   10050.4000000000       5.014037040032599E-005
   10050.5000000000       5.013762637933798E-005
   10050.6000000000       5.013529295150415E-005
   10050.7000000000       5.013260043574268E-005
   10050.8000000000       5.013047567938078E-005
   10050.9000000000       5.012805442021873E-005
   10051.0000000000       5.012602326900406E-005
   10051.1000000000       5.012405593223888E-005
   10051.2000000000       5.012255568509687E-005
   10051.3000000000       5.012127023651909E-005
   10051.4000000000       5.012016393917470E-005
   10052.4000000000       5.012991916492875E-005
   10053.4000000000       5.017651053355687E-005
   10054.4000000000       5.025052040108593E-005
   10055.4000000000       5.034165917804437E-005
   10056.4000000000       5.044276735533437E-005
   10057.4000000000       5.054984595154062E-005
   10058.4000000000       5.066023841161899E-005
   10059.4000000000       5.077260333017997E-005
   10061.9000000000       5.105874682053054E-005
   10064.4000000000       5.134635524716663E-005
   10066.9000000000       5.162894725599606E-005
   10069.4000000000       5.190383263568148E-005
   10074.4000000000       5.243136888234888E-005
   10079.4000000000       5.292752652938320E-005
   10084.4000000000       5.339151085594998E-005
   10089.4000000000       5.382867900190405E-005
   10094.4000000000       5.424124695662215E-005
   10099.4000000000       5.462796440255689E-005
   10104.4000000000       5.498729024058456E-005
   10109.4000000000       5.531930784770359E-005
   10114.4000000000       5.562518865436058E-005
   10119.4000000000       5.590667602753264E-005
   10124.4000000000       5.616605847575756E-005
   10129.4000000000       5.640497188087908E-005
   10134.4000000000       5.662533187895191E-005
   10139.4000000000       5.682855782588294E-005
   10144.4000000000       5.701607483834677E-005
   10149.4000000000       5.718827260998746E-005
   10153.6300000000       5.732226549057970E-005
   10161.9000000000       5.755544987312102E-005
   10174.4000000000       5.784435220754755E-005
   10186.9000000000       5.806650164540548E-005
   10199.4000000000       5.822903436468501E-005
   10274.4000000000       5.848796018691476E-005
   10283.8100000000       5.846685687667050E-005
   10349.4000000000       5.814176474658530E-005
   10413.9800000000       5.765904546140156E-005
   10544.1600000000       5.645884352594252E-005
   10638.1000000000       5.541243031397905E-005
   10674.3300000000       5.492471244967032E-005
   10713.1000000000       5.430588843476670E-005
   10788.1000000000       5.256189634977268E-005
   10800.6000000000       5.215149707654938E-005
   10804.5100000000       5.201143398002424E-005
   10813.1000000000       5.168222055360101E-005
   10825.6000000000       5.114897571877140E-005
   10838.1000000000       5.054217278210917E-005
   10843.1000000000       5.027662071757728E-005
   10848.1000000000       4.999556838681712E-005
   10853.1000000000       4.969923712014810E-005
   10858.1000000000       4.938665444260943E-005
   10863.1000000000       4.905663266821122E-005
   10868.1000000000       4.870803618561183E-005
   10873.1000000000       4.833973746738662E-005
   10878.1000000000       4.795035408395674E-005
   10883.1000000000       4.753849819914048E-005
   10888.1000000000       4.710265419488138E-005
   10893.1000000000       4.664042898677969E-005
   10898.1000000000       4.614945289546846E-005
   10903.1000000000       4.562753739775001E-005
   10908.1000000000       4.507412617558265E-005
   10913.1000000000       4.448726319490508E-005
   10918.1000000000       4.386407254746037E-005
   10920.6000000000       4.353515653010832E-005
   10923.1000000000       4.319070664259133E-005
   10925.6000000000       4.282684588946685E-005
   10928.1000000000       4.243562672583615E-005
   10929.1000000000       4.226930019980600E-005
   10930.1000000000       4.209544633508542E-005
   10931.1000000000       4.191290766062525E-005
   10932.1000000000       4.171974417160497E-005
   10933.1000000000       4.151273047894368E-005
   10934.1000000000       4.128746598651326E-005
   10934.6800000000       4.114564709326314E-005
   10935.1000000000       4.103675255262929E-005
   10936.1000000000       4.076194674307549E-005
   10936.2000000000       4.073431815400052E-005
   10936.3000000000       4.070706366034544E-005
   10936.4000000000       4.068028092544333E-005
   10936.5000000000       4.065385074241596E-005
   10936.6000000000       4.062831295998076E-005
   10936.7000000000       4.060320568877788E-005
   10936.8000000000       4.057929655886586E-005
   10936.9000000000       4.055614596099531E-005
   10937.0000000000       4.053435923569268E-005
   10937.1000000000       4.051367175865758E-005
   10937.2000000000       4.049455825378034E-005
   10937.3000000000       4.047699953318774E-005
   10937.4000000000       4.046110210261307E-005
   10937.5000000000       4.044699080975533E-005
   10937.6000000000       4.043471271723588E-005
   10937.7000000000       4.042458604220552E-005
   10937.8000000000       4.041627694995773E-005
   10937.9000000000       4.041045541521253E-005
   10938.0000000000       4.040654545563485E-005
   10938.1000000000       4.040498575012787E-005
   10938.2000000000       4.040554712662117E-005
   10938.3000000000       4.040845227051867E-005
   10938.4000000000       4.041328905614452E-005
   10938.5000000000       4.042062578592646E-005
   10938.6000000000       4.042963349340115E-005
   10938.7000000000       4.044080371490756E-005
   10938.8000000000       4.045392754856501E-005
   10938.9000000000       4.046878842939509E-005
   10939.0000000000       4.048544302551048E-005
   10939.1000000000       4.050341693850948E-005
   10939.2000000000       4.052301535079208E-005
   10939.3000000000       4.054387568236125E-005
   10939.4000000000       4.056601252098368E-005
   10939.5000000000       4.058895756235201E-005
   10939.6000000000       4.061287671281460E-005
   10939.7000000000       4.063738626535062E-005
   10939.8000000000       4.066289385174854E-005
   10939.9000000000       4.068859337370930E-005
   10940.0000000000       4.071483176161048E-005
   10940.1000000000       4.074121620710656E-005
   10941.1000000000       4.100544220399395E-005
   10942.1000000000       4.124584267835378E-005
   10943.1000000000       4.146055027458401E-005
   10944.1000000000       4.165688091630753E-005
   10945.1000000000       4.183935124039862E-005
   10946.1000000000       4.201075531004417E-005
   10947.1000000000       4.217353884941907E-005
   10948.1000000000       4.232872445278402E-005
   10950.6000000000       4.269161324224171E-005
   10953.1000000000       4.302662372899826E-005
   10955.6000000000       4.334160422010271E-005
   10958.1000000000       4.364045134702098E-005
   10963.1000000000       4.420206400709913E-005
   10968.1000000000       4.472584812385859E-005
   10973.1000000000       4.521385290226846E-005
   10978.1000000000       4.566878226418683E-005
   10983.1000000000       4.609093539984475E-005
   10988.1000000000       4.648282705254297E-005
   10993.1000000000       4.684687784788085E-005
   10998.1000000000       4.718539951412503E-005
   11003.1000000000       4.749999140576171E-005
   11008.1000000000       4.779226857000597E-005
   11013.1000000000       4.806349608018912E-005
   11018.1000000000       4.831502233931773E-005
   11023.1000000000       4.854812858686349E-005
   11028.1000000000       4.876403478354225E-005
   11033.1000000000       4.896355785742436E-005
   11038.1000000000       4.914687273593443E-005
   11050.6000000000       4.954821205305856E-005
   11063.1000000000       4.987022187519590E-005
   11064.8600000000       4.991013516470231E-005
   11075.6000000000       5.012382383818296E-005
   11088.1000000000       5.031837009021624E-005
   11163.1000000000       5.075465483590704E-005
   11195.0300000000       5.072022981883389E-005
   11238.1000000000       5.056962202691910E-005
   11325.2100000000       5.008860047320317E-005
   11455.3800000000       4.921055437825129E-005
   11585.5500000000       4.828921833081554E-005
   11715.7300000000       4.736944093153209E-005
   11845.9000000000       4.642433295067287E-005
   11976.0800000000       4.553868809318226E-005
   12000.0000000000       4.537460325291865E-005
   12106.2500000000       4.465084294407044E-005
   12236.4300000000       4.376704212615617E-005
   12366.6000000000       4.286006585959594E-005
   12496.7800000000       4.184399309733401E-005
   12518.1000000000       4.165095777871319E-005
   12593.1000000000       4.083471943927885E-005
   12626.9500000000       4.034515741917596E-005
   12668.1000000000       3.956575966915911E-005
   12680.6000000000       3.927224399160810E-005
   12693.1000000000       3.894230019667708E-005
   12705.6000000000       3.857029096100510E-005
   12718.1000000000       3.814991036338354E-005
   12723.1000000000       3.796603528319948E-005
   12728.1000000000       3.777177262298840E-005
   12733.1000000000       3.756688672754041E-005
   12738.1000000000       3.735080798344674E-005
   12743.1000000000       3.712253539132511E-005
   12748.1000000000       3.688147998689482E-005
   12753.1000000000       3.662701483182792E-005
   12757.1300000000       3.641143732087245E-005
   12758.1000000000       3.635797408402036E-005
   12763.1000000000       3.607208979238372E-005
   12768.1000000000       3.576957444732988E-005
   12773.1000000000       3.544765964440933E-005
   12778.1000000000       3.510427643865199E-005
   12783.1000000000       3.473656067856538E-005
   12788.1000000000       3.434091176078594E-005
   12793.1000000000       3.391048714806432E-005
   12798.1000000000       3.343239178383344E-005
   12800.6000000000       3.316643246502904E-005
   12803.1000000000       3.287250190774915E-005
   12805.6000000000       3.254324452345967E-005
   12808.1000000000       3.216582496073343E-005
   12809.1000000000       3.199484827089742E-005
   12810.1000000000       3.180707285402549E-005
   12811.1000000000       3.159848086667897E-005
   12812.1000000000       3.136511734110443E-005
   12813.1000000000       3.110354523048170E-005
   12814.1000000000       3.082170706186967E-005
   12815.1000000000       3.056225712259039E-005
   12816.1000000000       3.040814163309106E-005
   12816.2000000000       3.040126074806766E-005
   12816.3000000000       3.039583881141269E-005
   12816.4000000000       3.039181074725801E-005
   12816.5000000000       3.038938448885305E-005
   12816.6000000000       3.038806854100384E-005
   12816.7000000000       3.038795030925712E-005
   12816.8000000000       3.038885969312248E-005
   12816.9000000000       3.039083427564451E-005
   12817.0000000000       3.039315985430245E-005
   12817.1000000000       3.039635484641435E-005
   12817.2000000000       3.039969709940890E-005
   12817.3000000000       3.040342891756822E-005
   12817.4000000000       3.040707722946248E-005
   12817.5000000000       3.041050903282274E-005
   12817.6000000000       3.041384590816477E-005
   12817.7000000000       3.041646945358879E-005
   12817.8000000000       3.041882632544589E-005
   12817.9000000000       3.042032649147220E-005
   12818.0000000000       3.042118410314038E-005
   12818.1000000000       3.042112296687747E-005
   12818.2000000000       3.042056243984990E-005
   12818.3000000000       3.041905330973679E-005
   12818.4000000000       3.041680739545165E-005
   12818.5000000000       3.041391380005434E-005
   12818.6000000000       3.041045274522294E-005
   12818.7000000000       3.040665216068767E-005
   12818.8000000000       3.040238271477816E-005
   12818.9000000000       3.039802284964516E-005
   12819.0000000000       3.039358364207578E-005
   12819.1000000000       3.038959489717950E-005
   12819.2000000000       3.038590244262956E-005
   12819.3000000000       3.038263381058045E-005
   12819.4000000000       3.038017759680055E-005
   12819.5000000000       3.037854829960274E-005
   12819.6000000000       3.037783887485583E-005
   12819.7000000000       3.037864308841238E-005
   12819.8000000000       3.038043063086770E-005
   12819.9000000000       3.038373903246326E-005
   12820.0000000000       3.038844620434567E-005
   12820.1000000000       3.039459095197414E-005
   12821.1000000000       3.054152582288947E-005
   12822.1000000000       3.079386084711927E-005
   12823.1000000000       3.106830114792988E-005
   12824.1000000000       3.132228996899793E-005
   12825.1000000000       3.154803321672975E-005
   12826.1000000000       3.174885062994733E-005
   12827.1000000000       3.192891937808686E-005
   12828.1000000000       3.209211552198055E-005
   12830.6000000000       3.244977158171956E-005
   12833.1000000000       3.275918189858969E-005
   12835.6000000000       3.303263035396974E-005
   12838.1000000000       3.327807073747113E-005
   12843.1000000000       3.371408284334690E-005
   12848.1000000000       3.410142668319348E-005
   12853.1000000000       3.445292959399357E-005
   12858.1000000000       3.477569125386101E-005
   12863.1000000000       3.507306378573607E-005
   12868.1000000000       3.534809096415644E-005
   12873.1000000000       3.560306932143883E-005
   12878.1000000000       3.583962112070499E-005
   12883.1000000000       3.605965569426252E-005
   12887.3000000000       3.623272527346599E-005
   12888.1000000000       3.626432107596810E-005
   12893.1000000000       3.645404786576180E-005
   12898.1000000000       3.663072330753250E-005
   12903.1000000000       3.679460145707943E-005
   12908.1000000000       3.694637730535213E-005
   12913.1000000000       3.708717083216840E-005
   12918.1000000000       3.721660242697499E-005
   12930.6000000000       3.749976001474967E-005
   12943.1000000000       3.773160951828407E-005
   12955.6000000000       3.791930691281097E-005
   12968.1000000000       3.806868191880804E-005
   13017.4800000000       3.839947426295039E-005
   13043.1000000000       3.845804806812479E-005
   13118.1000000000       3.839172859752202E-005
   13147.6500000000       3.831089056368403E-005
   13277.8300000000       3.780463580140789E-005
   13408.0000000000       3.720960573601307E-005
   13538.1800000000       3.659630001481924E-005
   13668.3500000000       3.598529294181772E-005
   13798.5300000000       3.538425061831572E-005
   13928.7000000000       3.480549521855704E-005
   14000.0000000000       3.448639354467110E-005
   14058.8800000000       3.422622264579748E-005
   14189.0500000000       3.366137381521513E-005
   14319.2200000000       3.311043578247120E-005
   14449.4000000000       3.257269014577892E-005
   14579.5700000000       3.204836639779760E-005
   14746.9400000000       3.139913931232919E-005
   14914.3100000000       3.076237637517893E-005
   15081.6800000000       3.014493759649057E-005
   15249.0400000000       2.954546170949161E-005
   15416.4100000000       2.896354076541790E-005
   15580.5000000000       2.841116513790826E-005
   15583.7800000000       2.840016659610892E-005
   15655.5000000000       2.816395140350842E-005
   15730.5000000000       2.792008754035010E-005
   15743.0000000000       2.787974191073677E-005
   15751.1500000000       2.785342774772042E-005
   15755.5000000000       2.783941870693409E-005
   15768.0000000000       2.779918127129352E-005
   15780.5000000000       2.775907964470070E-005
   15785.5000000000       2.774297424504603E-005
   15790.5000000000       2.772704497058164E-005
   15795.5000000000       2.771111194544523E-005
   15800.5000000000       2.769505823189732E-005
   15805.5000000000       2.767898803705293E-005
   15810.5000000000       2.766275183243256E-005
   15815.5000000000       2.764675134460334E-005
   15820.5000000000       2.763084180078593E-005
   15825.5000000000       2.761487821336145E-005
   15830.5000000000       2.759895593854518E-005
   15835.5000000000       2.758298325165719E-005
   15840.5000000000       2.756718418892467E-005
   15845.5000000000       2.755125494650944E-005
   15850.5000000000       2.753547833107679E-005
   15855.5000000000       2.751959251015263E-005
   15860.5000000000       2.750386329718622E-005
   15863.0000000000       2.749601509940947E-005
   15865.5000000000       2.748805119236127E-005
   15868.0000000000       2.748022786082297E-005
   15870.5000000000       2.747233033669649E-005
   15871.5000000000       2.746922453169698E-005
   15872.5000000000       2.746606667440407E-005
   15873.5000000000       2.746289154161060E-005
   15874.5000000000       2.745974002057603E-005
   15875.5000000000       2.745663317200039E-005
   15876.5000000000       2.745344846678790E-005
   15877.5000000000       2.745040399673436E-005
   15878.5000000000       2.744723499056750E-005
   15878.6000000000       2.744695916027187E-005
   15878.7000000000       2.744660003024080E-005
   15878.8000000000       2.744633129049776E-005
   15878.9000000000       2.744604053615211E-005
   15879.0000000000       2.744568014401534E-005
   15879.1000000000       2.744533424615133E-005
   15879.2000000000       2.744506507772887E-005
   15879.3000000000       2.744472513076112E-005
   15879.4000000000       2.744443487080773E-005
   15879.5000000000       2.744416825166289E-005
   15879.6000000000       2.744379844531298E-005
   15879.7000000000       2.744337517097981E-005
   15879.8000000000       2.744314859103144E-005
   15879.9000000000       2.744291757201170E-005
   15880.0000000000       2.744250778431542E-005
   15880.1000000000       2.744223697806451E-005
   15880.2000000000       2.744189218011121E-005
   15880.3000000000       2.744159116228845E-005
   15880.4000000000       2.744128870024304E-005
   15880.5000000000       2.744097146757265E-005
   15880.6000000000       2.744071046585545E-005
   15880.7000000000       2.744026553407370E-005
   15880.8000000000       2.743998887257570E-005
   15880.9000000000       2.743978580429130E-005
   15881.0000000000       2.743946245303608E-005
   15881.1000000000       2.743909292750639E-005
   15881.2000000000       2.743876181992414E-005
   15881.3000000000       2.743858633424463E-005
   15881.4000000000       2.743819499711332E-005
   15881.5000000000       2.743783393623041E-005
   15881.6000000000       2.743755332895789E-005
   15881.7000000000       2.743717533912230E-005
   15881.8000000000       2.743692782684529E-005
   15881.9000000000       2.743666443033032E-005
   15882.0000000000       2.743634042200221E-005
   15882.1000000000       2.743593185246416E-005
   15882.2000000000       2.743566002241226E-005
   15882.3000000000       2.743529764341041E-005
   15882.4000000000       2.743496941488879E-005
   15882.5000000000       2.743472097596277E-005
   15883.5000000000       2.743156788473896E-005
   15884.5000000000       2.742842889992139E-005
   15885.5000000000       2.742540061172193E-005
   15886.5000000000       2.742226918282425E-005
   15887.5000000000       2.741913674932688E-005
   15888.5000000000       2.741601188447449E-005
   15889.5000000000       2.741288383077762E-005
   15890.5000000000       2.740970922701040E-005
   15893.0000000000       2.740185617817610E-005
   15895.5000000000       2.739405870154774E-005
   15898.0000000000       2.738632778935708E-005
   15900.5000000000       2.737863721793697E-005
   15905.5000000000       2.736300428411783E-005
   15910.5000000000       2.734756274262635E-005
   15915.5000000000       2.733202059102180E-005
   15918.5100000000       2.732283958583089E-005
   15920.5000000000       2.731659739714720E-005
   15925.5000000000       2.730112059911340E-005
   15930.5000000000       2.728577587395752E-005
   15935.5000000000       2.727039215649242E-005
   15940.5000000000       2.725492774046685E-005
   15945.5000000000       2.723958795364605E-005
   15950.5000000000       2.722418835122095E-005
   15955.5000000000       2.720874287892080E-005
   15960.5000000000       2.719340610140280E-005
   15965.5000000000       2.717805681413885E-005
   15970.5000000000       2.716267559857599E-005
   15975.5000000000       2.714734565468079E-005
   15980.5000000000       2.713193979589455E-005
   15993.0000000000       2.709360418755117E-005
   15996.8000000000       2.708193278388245E-005
   16000.0000000000       2.707208302117844E-005
   16009.3000000000       2.704362020980361E-005
   16014.3000000000       2.702817989040581E-005
   16019.3000000000       2.701288812305338E-005
   16024.3000000000       2.699753016360205E-005
   16029.3000000000       2.698235307553868E-005
   16034.3000000000       2.696696997809541E-005
   16039.3000000000       2.695171625924335E-005
   16044.3000000000       2.693634065327128E-005
   16049.3000000000       2.692120946638746E-005
   16054.3000000000       2.690583974562605E-005
   16059.3000000000       2.689056256395516E-005
   16064.3000000000       2.687527764820016E-005
   16069.3000000000       2.685998791688759E-005
   16074.3000000000       2.684490892261589E-005
   16079.3000000000       2.682969336597375E-005
   16084.3000000000       2.681460788171603E-005
   16085.8800000000       2.680979824367898E-005
   16089.3000000000       2.679949985208583E-005
   16091.8000000000       2.679199098669733E-005
   16094.3000000000       2.678451220944507E-005
   16096.8000000000       2.677689273829507E-005
   16099.3000000000       2.676944159599010E-005
   16100.3000000000       2.676657509875354E-005
   16101.3000000000       2.676355006142109E-005
   16102.3000000000       2.676052454105825E-005
   16103.3000000000       2.675753821734164E-005
   16104.3000000000       2.675454610666947E-005
   16105.3000000000       2.675168354581499E-005
   16106.3000000000       2.674863915165893E-005
   16107.3000000000       2.674560349754728E-005
   16107.4000000000       2.674516664940007E-005
   16107.5000000000       2.674488070810814E-005
   16107.6000000000       2.674459760071811E-005
   16107.7000000000       2.674431749106967E-005
   16107.8000000000       2.674400816283526E-005
   16107.9000000000       2.674368060330208E-005
   16108.0000000000       2.674343961316273E-005
   16108.1000000000       2.674316082011800E-005
   16108.2000000000       2.674278283670740E-005
   16108.3000000000       2.674240200391503E-005
   16108.4000000000       2.674224121030282E-005
   16108.5000000000       2.674196748962954E-005
   16108.6000000000       2.674150497558471E-005
   16108.7000000000       2.674127518640694E-005
   16108.8000000000       2.674105574086957E-005
   16108.9000000000       2.674066537840370E-005
   16109.0000000000       2.674033478764809E-005
   16109.1000000000       2.673996046170134E-005
   16109.2000000000       2.673979127886152E-005
   16109.3000000000       2.673949622813970E-005
   16109.4000000000       2.673909866268024E-005
   16109.5000000000       2.673891230695651E-005
   16109.6000000000       2.673850144502301E-005
   16109.7000000000       2.673839425460837E-005
   16109.8000000000       2.673795885601198E-005
   16109.9000000000       2.673773266059297E-005
   16110.0000000000       2.673737711262362E-005
   16110.1000000000       2.673710783438468E-005
   16110.2000000000       2.673679947485851E-005
   16110.3000000000       2.673656084297533E-005
   16110.4000000000       2.673619738232378E-005
   16110.5000000000       2.673602066235560E-005
   16110.6000000000       2.673565534280430E-005
   16110.7000000000       2.673541841674377E-005
   16110.8000000000       2.673504782176656E-005
   16110.9000000000       2.673491874866082E-005
   16111.0000000000       2.673450716987498E-005
   16111.1000000000       2.673425181850414E-005
   16111.2000000000       2.673397905496582E-005
   16111.3000000000       2.673364074449662E-005
   16112.3000000000       2.673075401407543E-005
   16113.3000000000       2.672791345954918E-005
   16114.3000000000       2.672493490169519E-005
   16115.3000000000       2.672182915757910E-005
   16116.3000000000       2.671899222422817E-005
   16117.3000000000       2.671601106764124E-005
   16118.3000000000       2.671305681038582E-005
   16119.3000000000       2.671010680559035E-005
   16121.8000000000       2.670272737673185E-005
   16124.3000000000       2.669539635296991E-005
   16126.8000000000       2.668807157876146E-005
   16129.3000000000       2.668069105760884E-005
   16134.3000000000       2.666605435283573E-005
   16139.3000000000       2.665148006014102E-005
   16144.3000000000       2.663700337362601E-005
   16149.3000000000       2.662235320075941E-005
   16154.3000000000       2.660792277267775E-005
   16159.3000000000       2.659332731962730E-005
   16164.3000000000       2.657890006865508E-005
   16169.3000000000       2.656429286997595E-005
   16174.3000000000       2.655001075770175E-005
   16179.3000000000       2.653541565675487E-005
   16184.3000000000       2.652091622892912E-005
   16189.3000000000       2.650647098176337E-005
   16194.3000000000       2.649188389941216E-005
   16199.3000000000       2.647731055700173E-005
   16204.3000000000       2.646275578467599E-005
   16209.3000000000       2.644820048497306E-005
   16221.8000000000       2.641174377543113E-005
   16234.3000000000       2.637501198786984E-005
   16246.8000000000       2.633814829336177E-005
   16253.2500000000       2.631902079521578E-005
   16269.7000000000       2.626965706713663E-005
   16282.2000000000       2.623158699960245E-005
   16294.7000000000       2.619296347995256E-005
   16307.2000000000       2.615346282131454E-005
   16312.2000000000       2.613731393436015E-005
   16317.2000000000       2.612100310989733E-005
   16322.2000000000       2.610443729946562E-005
   16327.2000000000       2.608764328106614E-005
   16332.2000000000       2.607045656484657E-005
   16337.2000000000       2.605311430750099E-005
   16342.2000000000       2.603519227570814E-005
   16347.2000000000       2.601711683575267E-005
   16352.2000000000       2.599839776341206E-005
   16357.2000000000       2.597845534234116E-005
   16362.2000000000       2.595332207997164E-005
   16367.2000000000       2.593221350521456E-005
   16372.2000000000       2.591103734741184E-005
   16377.2000000000       2.588920243281613E-005
   16382.2000000000       2.586657988098455E-005
   16387.2000000000       2.584332391717772E-005
   16389.7000000000       2.583160254962847E-005
   16392.2000000000       2.581963218896919E-005
   16394.7000000000       2.580794430529700E-005
   16397.2000000000       2.579633484369301E-005
   16398.2000000000       2.579192274311468E-005
   16399.2000000000       2.578744706154572E-005
   16400.2000000000       2.578314024572976E-005
   16401.2000000000       2.577905316500521E-005
   16402.2000000000       2.577510819498343E-005
   16403.2000000000       2.577129646123643E-005
   16404.2000000000       2.576757745353936E-005
   16405.2000000000       2.576408358244885E-005
   16405.3000000000       2.576376391041280E-005
   16405.4000000000       2.576334930433791E-005
   16405.5000000000       2.576302781977120E-005
   16405.6000000000       2.576268160196798E-005
   16405.7000000000       2.576236263519188E-005
   16405.8000000000       2.576203741647627E-005
   16405.9000000000       2.576166386579986E-005
   16406.0000000000       2.576136534912962E-005
   16406.1000000000       2.576104477491471E-005
   16406.2000000000       2.576068104766440E-005
   16406.3000000000       2.576042223035778E-005
   16406.4000000000       2.576008816342593E-005
   16406.5000000000       2.575962213381275E-005
   16406.6000000000       2.575933244464619E-005
   16406.7000000000       2.575917500573106E-005
   16406.8000000000       2.575872784646152E-005
   16406.9000000000       2.575844683914368E-005
   16407.0000000000       2.575827567506527E-005
   16407.1000000000       2.575787954142005E-005
   16407.2000000000       2.575760059476817E-005
   16407.3000000000       2.575733891222121E-005
   16407.4000000000       2.575706615835516E-005
   16407.5000000000       2.575679587012618E-005
   16407.6000000000       2.575663044535433E-005
   16407.7000000000       2.575636403233875E-005
   16407.8000000000       2.575601370634178E-005
   16407.9000000000       2.575574707416313E-005
   16408.0000000000       2.575552408976754E-005
   16408.1000000000       2.575535939120870E-005
   16408.2000000000       2.575514335209966E-005
   16408.3000000000       2.575491504143206E-005
   16408.4000000000       2.575472043313365E-005
   16408.5000000000       2.575448540107343E-005
   16408.6000000000       2.575426175707222E-005
   16408.7000000000       2.575410159795670E-005
   16408.8000000000       2.575385346475602E-005
   16408.9000000000       2.575355302929517E-005
   16409.0000000000       2.575340193652343E-005
   16409.1000000000       2.575316331477241E-005
   16409.2000000000       2.575301013378072E-005
   16410.2000000000       2.575095403119891E-005
   16411.2000000000       2.574910581544923E-005
   16412.2000000000       2.574740778485386E-005
   16413.2000000000       2.574568716791712E-005
   16414.2000000000       2.574426510113453E-005
   16415.2000000000       2.574300705289189E-005
   16416.2000000000       2.574185683724233E-005
   16417.2000000000       2.574083819411572E-005
   16419.7000000000       2.573832159468839E-005
   16420.6200000000       2.573762956176613E-005
   16422.2000000000       2.573622032109324E-005
   16424.7000000000       2.573404866288434E-005
   16427.2000000000       2.573201032936400E-005
   16432.2000000000       2.572739112666556E-005
   16437.2000000000       2.572195536717809E-005
   16442.2000000000       2.571595634121366E-005
   16447.2000000000       2.570892191887425E-005
   16452.2000000000       2.570143273104265E-005
   16457.2000000000       2.569312886140768E-005
   16462.2000000000       2.568430091646504E-005
   16467.2000000000       2.567517835549185E-005
   16472.2000000000       2.566539916824870E-005
   16477.2000000000       2.565516521852735E-005
   16482.2000000000       2.564453066308831E-005
   16487.2000000000       2.563363428572446E-005
   16492.2000000000       2.562233759263008E-005
   16497.2000000000       2.561086540664916E-005
   16502.2000000000       2.559907698514193E-005
   16507.2000000000       2.558706249285708E-005
   16519.7000000000       2.555631758772353E-005
   16532.2000000000       2.552459720470677E-005
   16544.7000000000       2.549210828248557E-005
   16557.2000000000       2.545896143002023E-005
   16587.9900000000       2.537511760475980E-005
   16656.5000000000       2.517618502056058E-005
   16669.0000000000       2.513724051754892E-005
   16681.5000000000       2.509662886128231E-005
   16694.0000000000       2.505429716986907E-005
   16706.5000000000       2.500954592045236E-005
   16711.5000000000       2.499109366399619E-005
   16716.5000000000       2.497193886088188E-005
   16721.5000000000       2.495221765244994E-005
   16726.5000000000       2.493187065806267E-005
   16731.5000000000       2.491083140743197E-005
   16736.5000000000       2.488904022273161E-005
   16741.5000000000       2.486625813567536E-005
   16746.5000000000       2.484246377219907E-005
   16751.5000000000       2.481772981216815E-005
   16755.3500000000       2.479791133599337E-005
   16756.5000000000       2.479176539112450E-005
   16761.5000000000       2.476463745602181E-005
   16766.5000000000       2.473624856866763E-005
   16771.5000000000       2.470642857538869E-005
   16776.5000000000       2.467519143514648E-005
   16781.5000000000       2.464247279935936E-005
   16786.5000000000       2.460833302199878E-005
   16789.0000000000       2.459085341774850E-005
   16791.5000000000       2.457316998363915E-005
   16794.0000000000       2.455557330998954E-005
   16796.5000000000       2.453854303124335E-005
   16797.5000000000       2.453184748323663E-005
   16798.5000000000       2.452537469291099E-005
   16799.5000000000       2.451922256655099E-005
   16800.5000000000       2.451329578627058E-005
   16801.5000000000       2.450779431537049E-005
   16802.5000000000       2.450262631045673E-005
   16803.5000000000       2.449786262134276E-005
   16804.5000000000       2.449321949115219E-005
   16804.6000000000       2.449277006493742E-005
   16804.7000000000       2.449246265361636E-005
   16804.8000000000       2.449200447927047E-005
   16804.9000000000       2.449155960513199E-005
   16805.0000000000       2.449102653104215E-005
   16805.1000000000       2.449051054260661E-005
   16805.2000000000       2.449014921213452E-005
   16805.3000000000       2.448964781948015E-005
   16805.4000000000       2.448930906295371E-005
   16805.5000000000       2.448882336745373E-005
   16805.6000000000       2.448849300702528E-005
   16805.7000000000       2.448805881011197E-005
   16805.8000000000       2.448769135692110E-005
   16805.9000000000       2.448735785292066E-005
   16806.0000000000       2.448698662358695E-005
   16806.1000000000       2.448666963810384E-005
   16806.2000000000       2.448626429218350E-005
   16806.3000000000       2.448606801184252E-005
   16806.4000000000       2.448561271005508E-005
   16806.5000000000       2.448533327823637E-005
   16806.6000000000       2.448516175903708E-005
   16806.7000000000       2.448495021317985E-005
   16806.8000000000       2.448466789781402E-005
   16806.9000000000       2.448453819070115E-005
   16807.0000000000       2.448436509696736E-005
   16807.1000000000       2.448410607320891E-005
   16807.2000000000       2.448406380743108E-005
   16807.3000000000       2.448396077707439E-005
   16807.4000000000       2.448391130585344E-005
   16807.5000000000       2.448359112034260E-005
   16807.6000000000       2.448359601873054E-005
   16807.7000000000       2.448358443390846E-005
   16807.8000000000       2.448348935377053E-005
   16807.9000000000       2.448332753673033E-005
   16808.0000000000       2.448334065449438E-005
   16808.1000000000       2.448324064156840E-005
   16808.2000000000       2.448310074753942E-005
   16808.3000000000       2.448302642950826E-005
   16808.4000000000       2.448312136976465E-005
   16808.5000000000       2.448294266915820E-005
   16809.5000000000       2.448243813280910E-005
   16810.5000000000       2.448207683898932E-005
   16811.5000000000       2.448201744635821E-005
   16812.5000000000       2.448233636336150E-005
   16813.5000000000       2.448313954764944E-005
   16814.5000000000       2.448424174071783E-005
   16815.5000000000       2.448551482965310E-005
   16816.5000000000       2.448692770191487E-005
   16819.0000000000       2.449119342211738E-005
   16821.5000000000       2.449580081642456E-005
   16824.0000000000       2.450056328638849E-005
   16826.5000000000       2.450492673629837E-005
   16831.5000000000       2.451299612614931E-005
   16836.5000000000       2.451983020236491E-005
   16841.5000000000       2.452487893051429E-005
   16846.5000000000       2.452850447236274E-005
   16851.5000000000       2.453059962991285E-005
   16856.5000000000       2.453142287341036E-005
   16861.5000000000       2.453094870431216E-005
   16866.5000000000       2.452948385574286E-005
   16871.5000000000       2.452677980757524E-005
   16876.5000000000       2.452316973988483E-005
   16881.5000000000       2.451858604590102E-005
   16886.5000000000       2.451308614345110E-005
   16891.5000000000       2.450708583317734E-005
   16896.5000000000       2.450024105715769E-005
   16901.5000000000       2.449287799928648E-005
   16906.5000000000       2.448483694682778E-005
   16919.0000000000       2.446309664212076E-005
   16922.7200000000       2.445630775944993E-005
   16931.5000000000       2.443901482998543E-005
   16944.0000000000       2.441306501456306E-005
   16956.5000000000       2.438561021046673E-005
   17031.5000000000       2.420250325564927E-005
   17090.0900000000       2.404753833757856E-005
   17137.1000000000       2.391770604084280E-005
   17212.1000000000       2.368442115605416E-005
   17224.6000000000       2.364609421202313E-005
   17237.1000000000       2.360741167983019E-005
   17249.6000000000       2.356834350774754E-005
   17257.4600000000       2.354345358902414E-005
   17262.1000000000       2.352864944198706E-005
   17267.1000000000       2.351278809664778E-005
   17272.1000000000       2.349675031677161E-005
   17277.1000000000       2.348076791027233E-005
   17282.1000000000       2.346455860310822E-005
   17287.1000000000       2.344845135923892E-005
   17292.1000000000       2.343211674468201E-005
   17297.1000000000       2.341570448511939E-005
   17302.1000000000       2.339932544792715E-005
   17307.1000000000       2.338301083150179E-005
   17312.1000000000       2.336648596034381E-005
   17317.1000000000       2.334999647271148E-005
   17322.1000000000       2.333371176011231E-005
   17327.1000000000       2.331742680010387E-005
   17332.1000000000       2.330148149122580E-005
   17337.1000000000       2.328569888664096E-005
   17342.1000000000       2.327027507266829E-005
   17344.6000000000       2.326270678626064E-005
   17347.1000000000       2.325542462963980E-005
   17349.6000000000       2.324834934529898E-005
   17352.1000000000       2.324138461463938E-005
   17353.1000000000       2.323880933579145E-005
   17354.1000000000       2.323609649975266E-005
   17355.1000000000       2.323346515972098E-005
   17356.1000000000       2.323082758043048E-005
   17357.1000000000       2.322839440605462E-005
   17358.1000000000       2.322588389439118E-005
   17359.1000000000       2.322352953616644E-005
   17360.1000000000       2.322089255876667E-005
   17360.2000000000       2.322066706462177E-005
   17360.3000000000       2.322037405003068E-005
   17360.4000000000       2.322015872446327E-005
   17360.5000000000       2.321981525066965E-005
   17360.6000000000       2.321966462288895E-005
   17360.7000000000       2.321939691471947E-005
   17360.8000000000       2.321903333323141E-005
   17360.9000000000       2.321882431168938E-005
   17361.0000000000       2.321846332802774E-005
   17361.1000000000       2.321835587611428E-005
   17361.2000000000       2.321796518485014E-005
   17361.3000000000       2.321766951102048E-005
   17361.4000000000       2.321758900245744E-005
   17361.5000000000       2.321721514669896E-005
   17361.6000000000       2.321700224763782E-005
   17361.7000000000       2.321674420375335E-005
   17361.8000000000       2.321647091605150E-005
   17361.9000000000       2.321622507957325E-005
   17362.0000000000       2.321597770813390E-005
   17362.1000000000       2.321577204449510E-005
   17362.2000000000       2.321553906674467E-005
   17362.3000000000       2.321534260559763E-005
   17362.4000000000       2.321510150241130E-005
   17362.5000000000       2.321492997724918E-005
   17362.6000000000       2.321463201265684E-005
   17362.7000000000       2.321443338448910E-005
   17362.8000000000       2.321418560414959E-005
   17362.9000000000       2.321398199402459E-005
   17363.0000000000       2.321380814165680E-005
   17363.1000000000       2.321364748778752E-005
   17363.2000000000       2.321344232990714E-005
   17363.3000000000       2.321320625917556E-005
   17363.4000000000       2.321302825906205E-005
   17363.5000000000       2.321283673006007E-005
   17363.6000000000       2.321256507329446E-005
   17363.7000000000       2.321247278221594E-005
   17363.8000000000       2.321232977782994E-005
   17363.9000000000       2.321195481247690E-005
   17364.0000000000       2.321175107150797E-005
   17364.1000000000       2.321167813044982E-005
   17365.1000000000       2.320949620846728E-005
   17366.1000000000       2.320731327171102E-005
   17367.1000000000       2.320509941424317E-005
   17368.1000000000       2.320289510868867E-005
   17369.1000000000       2.320085035803840E-005
   17370.1000000000       2.319882076139630E-005
   17371.1000000000       2.319671131961267E-005
   17372.1000000000       2.319487951277578E-005
   17374.6000000000       2.319006627804802E-005
   17377.1000000000       2.318539167670288E-005
   17379.6000000000       2.318096939151822E-005
   17382.1000000000       2.317684339939669E-005
   17387.1000000000       2.316888532385472E-005
   17392.1000000000       2.316145105464780E-005
   17397.1000000000       2.315395390288666E-005
   17402.1000000000       2.314675759918707E-005
   17407.1000000000       2.313971148106381E-005
   17412.1000000000       2.313281673427197E-005
   17417.1000000000       2.312576004180165E-005
   17422.1000000000       2.311879407015371E-005
   17424.8200000000       2.311475805920524E-005
   17427.1000000000       2.311155632611769E-005
   17432.1000000000       2.310438825804330E-005
   17437.1000000000       2.309714416490019E-005
   17442.1000000000       2.308969537227009E-005
   17447.1000000000       2.308222104806141E-005
   17452.1000000000       2.307464428007234E-005
   17457.1000000000       2.306706251921801E-005
   17462.1000000000       2.305920992898727E-005
   17474.6000000000       2.303961042189954E-005
   17487.1000000000       2.301948874220082E-005
   17499.6000000000       2.299887432975354E-005
   17512.1000000000       2.297742685226454E-005
   17587.1000000000       2.283866006702893E-005
   17592.1900000000       2.282847790444686E-005
   17662.1000000000       2.268320191131258E-005
   17759.5600000000       2.244270658320821E-005
   17874.1000000000       2.214159073538153E-005
   17926.9300000000       2.198674675003534E-005
   17949.1000000000       2.191810648272103E-005
   18000.0000000000       2.175134518157361E-005
   18024.1000000000       2.166699681074129E-005
   18036.6000000000       2.162178798624962E-005
   18049.1000000000       2.157545403999811E-005
   18061.6000000000       2.152822944862672E-005
   18074.1000000000       2.147979427677202E-005
   18079.1000000000       2.146025675179009E-005
   18084.1000000000       2.144045142419986E-005
   18089.1000000000       2.142033515099187E-005
   18094.1000000000       2.140022238831818E-005
   18094.2900000000       2.139943406279323E-005
   18099.1000000000       2.137983376329489E-005
   18104.1000000000       2.135940374170715E-005
   18109.1000000000       2.133853122224008E-005
   18114.1000000000       2.131770289647591E-005
   18119.1000000000       2.129660355277144E-005
   18124.1000000000       2.127540117269421E-005
   18129.1000000000       2.125408193938602E-005
   18134.1000000000       2.123277637504959E-005
   18139.1000000000       2.121144162080044E-005
   18144.1000000000       2.119003267651383E-005
   18149.1000000000       2.116892049765874E-005
   18154.1000000000       2.114824728543230E-005
   18156.6000000000       2.113824192502385E-005
   18159.1000000000       2.112840253950429E-005
   18161.6000000000       2.111895047799120E-005
   18164.1000000000       2.110987135586610E-005
   18165.1000000000       2.110619592304049E-005
   18166.1000000000       2.110271745275629E-005
   18167.1000000000       2.109922505531606E-005
   18168.1000000000       2.109585129159810E-005
   18169.1000000000       2.109257504716768E-005
   18170.1000000000       2.108924341082705E-005
   18171.1000000000       2.108599255629757E-005
   18172.1000000000       2.108251198546731E-005
   18172.2000000000       2.108219250152005E-005
   18172.3000000000       2.108181279398111E-005
   18172.4000000000       2.108152051363560E-005
   18172.5000000000       2.108113302920750E-005
   18172.6000000000       2.108080531839019E-005
   18172.7000000000       2.108029240884719E-005
   18172.8000000000       2.108007127439861E-005
   18172.9000000000       2.107955944123129E-005
   18173.0000000000       2.107927834085142E-005
   18173.1000000000       2.107891899273900E-005
   18173.2000000000       2.107862223004595E-005
   18173.3000000000       2.107831274154179E-005
   18173.4000000000       2.107810642940653E-005
   18173.5000000000       2.107767257928350E-005
   18173.6000000000       2.107739669213905E-005
   18173.7000000000       2.107711903560025E-005
   18173.8000000000       2.107681088566312E-005
   18173.9000000000       2.107666576760058E-005
   18174.0000000000       2.107635249248587E-005
   18174.1000000000       2.107619519765443E-005
   18174.2000000000       2.107580388864033E-005
   18174.3000000000       2.107581949296190E-005
   18174.4000000000       2.107556938062825E-005
   18174.5000000000       2.107548737706557E-005
   18174.6000000000       2.107528822220715E-005
   18174.7000000000       2.107516372148953E-005
   18174.8000000000       2.107508472103021E-005
   18174.9000000000       2.107482423631831E-005
   18175.0000000000       2.107487683527830E-005
   18175.1000000000       2.107463713580032E-005
   18175.2000000000       2.107470884025382E-005
   18175.3000000000       2.107445834196083E-005
   18175.4000000000       2.107445576300494E-005
   18175.5000000000       2.107443483499093E-005
   18175.6000000000       2.107429968368144E-005
   18175.7000000000       2.107424023488931E-005
   18175.8000000000       2.107419267049289E-005
   18175.9000000000       2.107422356657859E-005
   18176.0000000000       2.107407302675729E-005
   18176.1000000000       2.107392405925098E-005
   18177.1000000000       2.107308520560837E-005
   18178.1000000000       2.107203311123298E-005
   18179.1000000000       2.107097725082472E-005
   18180.1000000000       2.106999976778118E-005
   18181.1000000000       2.106908877115366E-005
   18182.1000000000       2.106826516599418E-005
   18183.1000000000       2.106741061633063E-005
   18184.1000000000       2.106676442362260E-005
   18186.6000000000       2.106508160295155E-005
   18189.1000000000       2.106375618114162E-005
   18191.6000000000       2.106271599545307E-005
   18194.1000000000       2.106193292174883E-005
   18199.1000000000       2.106100974509402E-005
   18204.1000000000       2.106039243733476E-005
   18209.1000000000       2.105990582428177E-005
   18214.1000000000       2.105932513347104E-005
   18219.1000000000       2.105873315062044E-005
   18224.1000000000       2.105812967906362E-005
   18229.1000000000       2.105728383234431E-005
   18234.1000000000       2.105631243465047E-005
   18239.1000000000       2.105499465265445E-005
   18244.1000000000       2.105349974846267E-005
   18249.1000000000       2.105172921294842E-005
   18254.1000000000       2.104974852759027E-005
   18259.1000000000       2.104731790327109E-005
   18261.6600000000       2.104617698357154E-005
   18264.1000000000       2.104494938173156E-005
   18269.1000000000       2.104204384156785E-005
   18274.1000000000       2.103912184727745E-005
   18286.6000000000       2.103023824998116E-005
   18299.1000000000       2.101992673300464E-005
   18311.6000000000       2.100800220637351E-005
   18324.1000000000       2.099436841700771E-005
   18399.1000000000       2.087952447124578E-005
   18429.0300000000       2.081331829825363E-005
   18526.0000000000       2.047356543306805E-005
   18596.4000000000       2.004720580038697E-005
   18601.0000000000       2.001031378032612E-005
   18613.5000000000       1.990044457149746E-005
   18626.0000000000       1.977810127514814E-005
   18638.5000000000       1.964099116302700E-005
   18651.0000000000       1.948673959972069E-005
   18656.0000000000       1.941979332448689E-005
   18661.0000000000       1.934901993205319E-005
   18666.0000000000       1.927437729646724E-005
   18671.0000000000       1.919559673452421E-005
   18676.0000000000       1.911244208809237E-005
   18681.0000000000       1.902415047236167E-005
   18686.0000000000       1.893057913038631E-005
   18691.0000000000       1.883132763553299E-005
   18696.0000000000       1.872639588389229E-005
   18701.0000000000       1.861569101920761E-005
   18706.0000000000       1.849918370539678E-005
   18711.0000000000       1.837539656833882E-005
   18716.0000000000       1.824124212891158E-005
   18721.0000000000       1.808843603305977E-005
   18726.0000000000       1.790838086566742E-005
   18731.0000000000       1.769593476027851E-005
   18733.5000000000       1.757433658339780E-005
   18736.0000000000       1.743738267667654E-005
   18738.5000000000       1.727890974662676E-005
   18741.0000000000       1.708517147104453E-005
   18742.0000000000       1.699152669889288E-005
   18743.0000000000       1.688386028459470E-005
   18744.0000000000       1.675851637819324E-005
   18745.0000000000       1.661090758156216E-005
   18746.0000000000       1.643455162770226E-005
   18747.0000000000       1.622260951366443E-005
   18748.0000000000       1.597928333990694E-005
   18749.0000000000       1.574052155558199E-005
   18749.1000000000       1.571956119788255E-005
   18749.2000000000       1.569919850943920E-005
   18749.3000000000       1.567972712309020E-005
   18749.4000000000       1.566109849312232E-005
   18749.5000000000       1.564343850422472E-005
   18749.6000000000       1.562679391663970E-005
   18749.7000000000       1.561117029897414E-005
   18749.8000000000       1.559664483944943E-005
   18749.9000000000       1.558315709077465E-005
   18750.0000000000       1.557081396593196E-005
   18750.1000000000       1.555965273737923E-005
   18750.2000000000       1.554957664298801E-005
   18750.3000000000       1.554068461941284E-005
   18750.4000000000       1.553302591148297E-005
   18750.5000000000       1.552648055082375E-005
   18750.6000000000       1.552098441746208E-005
   18750.7000000000       1.551685836708158E-005
   18750.8000000000       1.551377709103841E-005
   18750.9000000000       1.551196672830572E-005
   18751.0000000000       1.551126163526791E-005
   18751.1000000000       1.551164270591825E-005
   18751.2000000000       1.551330820688091E-005
   18751.3000000000       1.551606064019693E-005
   18751.4000000000       1.552010223310226E-005
   18751.5000000000       1.552518056812588E-005
   18751.6000000000       1.553148644983852E-005
   18751.7000000000       1.553908916941183E-005
   18751.8000000000       1.554758179892522E-005
   18751.9000000000       1.555754301252763E-005
   18752.0000000000       1.556836792709888E-005
   18752.1000000000       1.558050065911738E-005
   18752.2000000000       1.559368412876217E-005
   18752.3000000000       1.560791269967229E-005
   18752.4000000000       1.562340983817756E-005
   18752.5000000000       1.563968875530174E-005
   18752.6000000000       1.565703699440870E-005
   18752.7000000000       1.567535503193284E-005
   18752.8000000000       1.569460829951905E-005
   18752.9000000000       1.571464113134858E-005
   18753.0000000000       1.573550211223350E-005
   18754.0000000000       1.597111494838346E-005
   18755.0000000000       1.621168421514062E-005
   18756.0000000000       1.642038217625098E-005
   18757.0000000000       1.659365034881906E-005
   18758.0000000000       1.673809665378904E-005
   18759.0000000000       1.686035219311812E-005
   18760.0000000000       1.696496837070599E-005
   18761.0000000000       1.705531215860204E-005
   18763.5000000000       1.724148616481682E-005
   18763.7600000000       1.725859385479194E-005
   18766.0000000000       1.739189562821455E-005
   18768.5000000000       1.752038266776975E-005
   18771.0000000000       1.763374927866926E-005
   18776.0000000000       1.782979232854489E-005
   18781.0000000000       1.799307764547024E-005
   18786.0000000000       1.812870211537578E-005
   18791.0000000000       1.824577368113521E-005
   18796.0000000000       1.835215746062403E-005
   18801.0000000000       1.845131297402908E-005
   18806.0000000000       1.854424153928720E-005
   18811.0000000000       1.863112093840742E-005
   18816.0000000000       1.871239380377166E-005
   18821.0000000000       1.878785552290292E-005
   18826.0000000000       1.885774807012119E-005
   18831.0000000000       1.892250979410980E-005
   18836.0000000000       1.898270057867069E-005
   18841.0000000000       1.903852726200020E-005
   18846.0000000000       1.909050838853737E-005
   18851.0000000000       1.913842533373285E-005
   18863.5000000000       1.924469638249694E-005
   18876.0000000000       1.933337481570381E-005
   18888.5000000000       1.940671129843480E-005
   18901.0000000000       1.946682658117173E-005
   18931.1300000000       1.956669916432079E-005
   18976.0000000000       1.962829837445658E-005
   19051.0000000000       1.959077642974122E-005
   19098.5000000000       1.951491551989170E-005
   19145.6000000000       1.941198744589260E-005
   19220.6000000000       1.920352681469551E-005
   19265.8700000000       1.904392095407607E-005
   19295.6000000000       1.892609585298333E-005
   19308.1000000000       1.887317863157171E-005
   19320.6000000000       1.881822559913162E-005
   19333.1000000000       1.876078085322920E-005
   19345.6000000000       1.870114488500453E-005
   19350.6000000000       1.867655708306089E-005
   19355.6000000000       1.865167847432357E-005
   19360.6000000000       1.862627166017650E-005
   19365.6000000000       1.860048700759106E-005
   19370.6000000000       1.857451336956134E-005
   19375.6000000000       1.854825653720812E-005
   19380.6000000000       1.852193707570679E-005
   19385.6000000000       1.849525390991063E-005
   19390.6000000000       1.846852773592287E-005
   19395.6000000000       1.844136440021129E-005
   19400.6000000000       1.841393797885554E-005
   19405.6000000000       1.838652893498977E-005
   19410.6000000000       1.835930626928443E-005
   19415.6000000000       1.833222717395540E-005
   19420.6000000000       1.830585019662105E-005
   19425.6000000000       1.828118043336487E-005
   19428.1000000000       1.826964427973372E-005
   19430.6000000000       1.825891702966030E-005
   19433.1000000000       1.824951277469302E-005
   19433.2300000000       1.824908723178028E-005
   19435.6000000000       1.824167021178036E-005
   19436.6000000000       1.823899407607079E-005
   19437.6000000000       1.823673423595692E-005
   19438.6000000000       1.823493843225780E-005
   19439.6000000000       1.823355969599340E-005
   19440.6000000000       1.823265979465916E-005
   19441.6000000000       1.823216893951121E-005
   19442.6000000000       1.823209355266331E-005
   19443.6000000000       1.823221355351403E-005
   19443.7000000000       1.823219913117521E-005
   19443.8000000000       1.823224260445006E-005
   19443.9000000000       1.823220016531310E-005
   19444.0000000000       1.823221976085916E-005
   19444.1000000000       1.823221087567451E-005
   19444.2000000000       1.823209457913122E-005
   19444.3000000000       1.823218174780120E-005
   19444.4000000000       1.823202200975837E-005
   19444.5000000000       1.823209830441900E-005
   19444.6000000000       1.823201028166169E-005
   19444.7000000000       1.823189716880823E-005
   19444.8000000000       1.823200184974810E-005
   19444.9000000000       1.823187765366868E-005
   19445.0000000000       1.823170451258930E-005
   19445.1000000000       1.823161240097666E-005
   19445.2000000000       1.823156407068399E-005
   19445.3000000000       1.823143950396028E-005
   19445.4000000000       1.823127616906408E-005
   19445.5000000000       1.823112629143861E-005
   19445.6000000000       1.823106089011757E-005
   19445.7000000000       1.823087849219351E-005
   19445.8000000000       1.823067963622526E-005
   19445.9000000000       1.823039016681759E-005
   19446.0000000000       1.823026887076007E-005
   19446.1000000000       1.823010446412175E-005
   19446.2000000000       1.822980652202188E-005
   19446.3000000000       1.822956012608429E-005
   19446.4000000000       1.822945129011842E-005
   19446.5000000000       1.822921750961289E-005
   19446.6000000000       1.822897029834388E-005
   19446.7000000000       1.822857106762356E-005
   19446.8000000000       1.822833093959084E-005
   19446.9000000000       1.822805661497034E-005
   19447.0000000000       1.822781560936654E-005
   19447.1000000000       1.822740433787163E-005
   19447.2000000000       1.822718077286530E-005
   19447.3000000000       1.822687340861956E-005
   19447.4000000000       1.822652275597384E-005
   19447.5000000000       1.822620679378808E-005
   19447.6000000000       1.822593689232724E-005
   19448.6000000000       1.822262850145948E-005
   19449.6000000000       1.821960335425795E-005
   19450.6000000000       1.821680181858485E-005
   19451.6000000000       1.821460879425858E-005
   19452.6000000000       1.821284541788359E-005
   19453.6000000000       1.821155575211577E-005
   19454.6000000000       1.821070816965160E-005
   19455.6000000000       1.821025236357679E-005
   19458.1000000000       1.821029299775005E-005
   19460.6000000000       1.821181985952165E-005
   19463.1000000000       1.821456019259485E-005
   19465.6000000000       1.821813788644122E-005
   19470.6000000000       1.822712005719625E-005
   19475.6000000000       1.823747045723425E-005
   19480.6000000000       1.824856994639145E-005
   19485.6000000000       1.825990218030072E-005
   19490.6000000000       1.827135224750790E-005
   19495.6000000000       1.828273075295058E-005
   19500.6000000000       1.829360207837728E-005
   19505.6000000000       1.830411205083742E-005
   19510.6000000000       1.831454236283042E-005
   19515.6000000000       1.832472953305504E-005
   19520.6000000000       1.833466097628543E-005
   19525.6000000000       1.834438098734537E-005
   19530.6000000000       1.835368076391478E-005
   19535.6000000000       1.836283121820380E-005
   19540.6000000000       1.837136341951718E-005
   19545.6000000000       1.837936614119179E-005
   19558.1000000000       1.839790949322958E-005
   19570.6000000000       1.841398111583250E-005
   19583.1000000000       1.842779492938497E-005
   19595.6000000000       1.843954038536745E-005
   19600.6000000000       1.844342339016847E-005
   19670.6000000000       1.847133678162077E-005
   19745.6000000000       1.845220661673795E-005
   19767.9700000000       1.844681246457448E-005
   19935.3400000000       1.827630164061175E-005
   20000.0000000000       1.819089690033354E-005
   20102.7000000000       1.804442630696667E-005
   20270.0700000000       1.779239334772597E-005
   20437.4400000000       1.753551864555922E-005
   20604.8100000000       1.728906837195261E-005
   20772.1700000000       1.699245365253734E-005
   20939.5400000000       1.671713939291544E-005
   21106.9100000000       1.642482603475223E-005
   21274.2800000000       1.607931410888523E-005
   21355.0000000000       1.586948898250514E-005
   21430.0000000000       1.562585343683321E-005
   21441.6400000000       1.558193792593080E-005
   21505.0000000000       1.530530473418645E-005
   21517.5000000000       1.524221896772283E-005
   21530.0000000000       1.517556859719656E-005
   21542.5000000000       1.510532725217317E-005
   21555.0000000000       1.503154251040415E-005
   21560.0000000000       1.500110822561533E-005
   21565.0000000000       1.497003235492413E-005
   21570.0000000000       1.493803497730796E-005
   21575.0000000000       1.490530965947280E-005
   21580.0000000000       1.487190560564500E-005
   21585.0000000000       1.483745944170034E-005
   21590.0000000000       1.480194007990051E-005
   21595.0000000000       1.476550077926226E-005
   21600.0000000000       1.472777336178461E-005
   21605.0000000000       1.468887514392630E-005
   21609.0100000000       1.465676747888023E-005
   21610.0000000000       1.464878485219039E-005
   21615.0000000000       1.460709333401738E-005
   21620.0000000000       1.456317902390092E-005
   21625.0000000000       1.451709430107338E-005
   21630.0000000000       1.446832812897881E-005
   21635.0000000000       1.441565352105366E-005
   21637.5000000000       1.438768677588315E-005
   21640.0000000000       1.435827492317258E-005
   21642.5000000000       1.432738342898715E-005
   21645.0000000000       1.429465963240271E-005
   21646.0000000000       1.428085471576764E-005
   21647.0000000000       1.426642546191567E-005
   21648.0000000000       1.425117419320952E-005
   21649.0000000000       1.423488966477956E-005
   21650.0000000000       1.421743930868188E-005
   21651.0000000000       1.419849702171670E-005
   21652.0000000000       1.417884286381125E-005
   21653.0000000000       1.415965855477047E-005
   21653.1000000000       1.415798993935093E-005
   21653.2000000000       1.415618775888222E-005
   21653.3000000000       1.415450831461882E-005
   21653.4000000000       1.415293917029583E-005
   21653.5000000000       1.415136715246161E-005
   21653.6000000000       1.414986611482901E-005
   21653.7000000000       1.414838209000430E-005
   21653.8000000000       1.414705172627352E-005
   21653.9000000000       1.414589122705471E-005
   21654.0000000000       1.414462263180341E-005
   21654.1000000000       1.414361868425584E-005
   21654.2000000000       1.414238003585534E-005
   21654.3000000000       1.414151454816346E-005
   21654.4000000000       1.414082387675534E-005
   21654.5000000000       1.414013312467341E-005
   21654.6000000000       1.413939493353473E-005
   21654.7000000000       1.413895749964924E-005
   21654.8000000000       1.413853615583344E-005
   21654.9000000000       1.413817519907018E-005
   21655.0000000000       1.413805981194372E-005
   21655.1000000000       1.413797648689182E-005
   21655.2000000000       1.413809405787286E-005
   21655.3000000000       1.413833071236177E-005
   21655.4000000000       1.413857467479357E-005
   21655.5000000000       1.413889524699042E-005
   21655.6000000000       1.413942039926677E-005
   21655.7000000000       1.413999365838618E-005
   21655.8000000000       1.414070655491549E-005
   21655.9000000000       1.414157524066969E-005
   21656.0000000000       1.414240321256059E-005
   21656.1000000000       1.414340942396963E-005
   21656.2000000000       1.414436530362718E-005
   21656.3000000000       1.414560794880690E-005
   21656.4000000000       1.414677353585214E-005
   21656.5000000000       1.414805821081418E-005
   21656.6000000000       1.414937152291849E-005
   21656.7000000000       1.415078289648239E-005
   21656.8000000000       1.415234185188457E-005
   21656.9000000000       1.415370581530120E-005
   21657.0000000000       1.415536201800770E-005
   21658.0000000000       1.417219497582980E-005
   21659.0000000000       1.418955345901883E-005
   21660.0000000000       1.420627919345807E-005
   21661.0000000000       1.422149254648461E-005
   21662.0000000000       1.423550013905250E-005
   21663.0000000000       1.424852107776986E-005
   21664.0000000000       1.426071907596888E-005
   21665.0000000000       1.427227100820229E-005
   21667.5000000000       1.429925907030626E-005
   21670.0000000000       1.432423486408277E-005
   21672.5000000000       1.434805788468897E-005
   21675.0000000000       1.437029444597880E-005
   21680.0000000000       1.441136777903451E-005
   21685.0000000000       1.444839384378810E-005
   21690.0000000000       1.448276541542874E-005
   21695.0000000000       1.451476905811314E-005
   21700.0000000000       1.454449159871621E-005
   21705.0000000000       1.457258699802969E-005
   21710.0000000000       1.459944098658937E-005
   21715.0000000000       1.462493710573552E-005
   21720.0000000000       1.464936580016239E-005
   21725.0000000000       1.467248703379060E-005
   21730.0000000000       1.469446655564288E-005
   21735.0000000000       1.471549596959596E-005
   21740.0000000000       1.473576238062974E-005
   21745.0000000000       1.475517688546336E-005
   21750.0000000000       1.477384620901307E-005
   21755.0000000000       1.479177661121485E-005
   21767.5000000000       1.483361909808358E-005
   21776.3800000000       1.486105864926741E-005
   21780.0000000000       1.487164988338703E-005
   21792.5000000000       1.490581887459754E-005
   21805.0000000000       1.493601606192602E-005
   21880.0000000000       1.505496339095384E-005
   21943.7500000000       1.509114466642638E-005
   21955.0000000000       1.509307599356545E-005
   22000.0000000000       1.508991820505066E-005
   22111.1100000000       1.503388235775331E-005
   22278.4800000000       1.488239379550621E-005
   22445.8500000000       1.470002582622752E-005
   22613.2200000000       1.450864270168918E-005
   22780.5900000000       1.433727400805191E-005
   23308.1400000000       1.372955713747139E-005
   23835.6900000000       1.315956341703274E-005
   24000.0000000000       1.298928337000519E-005
   24363.2400000000       1.262448760534165E-005
   24890.7900000000       1.212125509086892E-005
   25418.3400000000       1.161152766221907E-005
   25945.8900000000       1.096866650416038E-005
   25952.0000000000       1.095714253385766E-005
   26000.0000000000       1.085498369736209E-005
   26027.0000000000       1.078855268545846E-005
   26102.0000000000       1.055702621575736E-005
   26114.5000000000       1.051000685141014E-005
   26127.0000000000       1.045931040924047E-005
   26139.5000000000       1.040485656329437E-005
   26152.0000000000       1.034594743923649E-005
   26157.0000000000       1.032104953024628E-005
   26162.0000000000       1.029508712185883E-005
   26167.0000000000       1.026822910969561E-005
   26172.0000000000       1.024022545174668E-005
   26177.0000000000       1.021108064023950E-005
   26182.0000000000       1.018059615316722E-005
   26187.0000000000       1.014873928304903E-005
   26192.0000000000       1.011524787007083E-005
   26197.0000000000       1.007991786530769E-005
   26202.0000000000       1.004235243439111E-005
   26207.0000000000       1.000227490776487E-005
   26212.0000000000       9.959372175643964E-006
   26217.0000000000       9.913029744351255E-006
   26222.0000000000       9.862615873784047E-006
   26227.0000000000       9.807692569322024E-006
   26232.0000000000       9.749403020996637E-006
   26234.5000000000       9.719714172060868E-006
   26237.0000000000       9.690647092530816E-006
   26239.5000000000       9.664677949900706E-006
   26242.0000000000       9.646651820259306E-006
   26243.0000000000       9.643755940543602E-006
   26244.0000000000       9.644914406681646E-006
   26245.0000000000       9.651411063379771E-006
   26246.0000000000       9.664595460931810E-006
   26247.0000000000       9.686020680584378E-006
   26248.0000000000       9.716546263315393E-006
   26249.0000000000       9.754829972694974E-006
   26250.0000000000       9.795225494146323E-006
   26250.1000000000       9.799021321909467E-006
   26250.2000000000       9.802727392996730E-006
   26250.3000000000       9.806321490410660E-006
   26250.4000000000       9.809788753202918E-006
   26250.5000000000       9.813117267710664E-006
   26250.6000000000       9.816371362910542E-006
   26250.7000000000       9.819359368672172E-006
   26250.8000000000       9.822235220795219E-006
   26250.9000000000       9.824879982861312E-006
   26251.0000000000       9.827403677331358E-006
   26251.1000000000       9.829683393475592E-006
   26251.2000000000       9.831761200350344E-006
   26251.3000000000       9.833588641765140E-006
   26251.4000000000       9.835187838067129E-006
   26251.5000000000       9.836537121556486E-006
   26251.6000000000       9.837643919064380E-006
   26251.7000000000       9.838459631088784E-006
   26251.8000000000       9.839076095544513E-006
   26251.9000000000       9.839428090064792E-006
   26252.0000000000       9.839469088997674E-006
   26252.1000000000       9.839259055808032E-006
   26252.2000000000       9.838782782575074E-006
   26252.3000000000       9.838082909892671E-006
   26252.4000000000       9.837091013079178E-006
   26252.5000000000       9.835895834473048E-006
   26252.6000000000       9.834347438660003E-006
   26252.7000000000       9.832642738402611E-006
   26252.8000000000       9.830709439647061E-006
   26252.9000000000       9.828465583946139E-006
   26253.0000000000       9.826074800012129E-006
   26253.1000000000       9.823456542291645E-006
   26253.2000000000       9.820643161367142E-006
   26253.3000000000       9.817667616732550E-006
   26253.4000000000       9.814487212355969E-006
   26253.5000000000       9.811190856415541E-006
   26253.6000000000       9.807716447090715E-006
   26253.7000000000       9.804124954782398E-006
   26253.8000000000       9.800405627540973E-006
   26253.9000000000       9.796569189017315E-006
   26254.0000000000       9.792663191407310E-006
   26255.0000000000       9.750934640076831E-006
   26256.0000000000       9.711495423854949E-006
   26257.0000000000       9.679728189569114E-006
   26258.0000000000       9.657041706358689E-006
   26259.0000000000       9.642561950174714E-006
   26260.0000000000       9.634841324139548E-006
   26261.0000000000       9.632389932851491E-006
   26262.0000000000       9.634015294768693E-006
   26264.5000000000       9.648819022788583E-006
   26267.0000000000       9.671552491530217E-006
   26269.5000000000       9.697336987659146E-006
   26272.0000000000       9.723708389514050E-006
   26277.0000000000       9.775272316089072E-006
   26282.0000000000       9.823407632824301E-006
   26287.0000000000       9.866967863906118E-006
   26292.0000000000       9.906470507402956E-006
   26297.0000000000       9.942472496643196E-006
   26302.0000000000       9.975594012873063E-006
   26307.0000000000       1.000615453587821E-005
   26312.0000000000       1.003449209594882E-005
   26317.0000000000       1.006096082701734E-005
   26322.0000000000       1.008568798540022E-005
   26327.0000000000       1.010902875046309E-005
   26332.0000000000       1.013102558740766E-005
   26337.0000000000       1.015181636291138E-005
   26342.0000000000       1.017150912108509E-005
   26347.0000000000       1.019015938620999E-005
   26352.0000000000       1.020779778395939E-005
   26364.5000000000       1.024837846444914E-005
   26377.0000000000       1.028438518998971E-005
   26389.5000000000       1.031638869114590E-005
   26402.0000000000       1.034463019508487E-005
   26473.4400000000       1.045683494725568E-005
   26477.0000000000       1.046068750271599E-005
   26552.0000000000       1.050997894508770E-005
   27000.9900000000       1.035852208862669E-005
   27528.5400000000       1.001797266412566E-005
   28000.0000000000       9.702238160534875E-006
   28056.0900000000       9.665698841894758E-006
   28583.6400000000       9.332256500834214E-006
   29111.1900000000       9.016165288562305E-006
   29638.7400000000       8.716097556887410E-006
   30000.0000000000       8.519150654661436E-006
   30166.2900000000       8.430696814161328E-006
   30693.8400000000       8.158727807313634E-006
   31221.3900000000       7.899224027399452E-006
   31748.9400000000       7.651529024752797E-006
   32000.0000000000       7.537578111811065E-006
   32276.4900000000       7.414949165271269E-006
   32804.0400000000       7.188882509510967E-006
   33427.5100000000       6.945608621086493E-006
   34000.0000000000       6.721284422218603E-006
   34050.9800000000       6.701845120706399E-006
   34674.4500000000       6.470707272050690E-006
   35297.9200000000       6.251314106742930E-006
   35921.3900000000       6.042867175597011E-006
   36000.0000000000       6.017327972284445E-006
   36544.8500000000       5.844720401515214E-006
   37168.3200000000       5.656226605022915E-006
   37791.7900000000       5.476512017811565E-006
   38000.0000000000       5.418375342914861E-006
   38415.2600000000       5.305504253618511E-006
   39038.7300000000       5.142387439588977E-006
   39662.2000000000       4.970558874334448E-006
   40000.0000000000       4.863124492861948E-006
   40212.0000000000       4.758882527318139E-006
   40285.6700000000       4.703702337972246E-006
   40287.0000000000       4.702535695997768E-006
   40362.0000000000       4.624092732702070E-006
   40374.5000000000       4.607608940599435E-006
   40387.0000000000       4.589480870171880E-006
   40399.5000000000       4.569427422233888E-006
   40412.0000000000       4.547084652215283E-006
   40417.0000000000       4.537395265328494E-006
   40422.0000000000       4.527173944191174E-006
   40427.0000000000       4.516420141398782E-006
   40432.0000000000       4.505073302839365E-006
   40437.0000000000       4.493080651492770E-006
   40442.0000000000       4.480358148360318E-006
   40447.0000000000       4.466799297252765E-006
   40452.0000000000       4.452253073138210E-006
   40457.0000000000       4.436537567283611E-006
   40462.0000000000       4.419422353174483E-006
   40467.0000000000       4.400572051808675E-006
   40472.0000000000       4.379417258282652E-006
   40477.0000000000       4.355236259648854E-006
   40482.0000000000       4.327093638736498E-006
   40487.0000000000       4.293880359459696E-006
   40492.0000000000       4.254741689709711E-006
   40494.5000000000       4.232526854342875E-006
   40497.0000000000       4.207948394080862E-006
   40499.5000000000       4.180633185344753E-006
   40502.0000000000       4.150194574154620E-006
   40503.0000000000       4.136942352274102E-006
   40504.0000000000       4.122842070018804E-006
   40505.0000000000       4.107766683561853E-006
   40506.0000000000       4.091736627317506E-006
   40507.0000000000       4.075260089990714E-006
   40508.0000000000       4.059736114599341E-006
   40509.0000000000       4.047525580996940E-006
   40510.0000000000       4.040619736518623E-006
   40510.1000000000       4.040220154501809E-006
   40510.2000000000       4.039886299982404E-006
   40510.3000000000       4.039596349002813E-006
   40510.4000000000       4.039356652671214E-006
   40510.5000000000       4.039141136589458E-006
   40510.6000000000       4.038969024521996E-006
   40510.7000000000       4.038829118586412E-006
   40510.8000000000       4.038723032206590E-006
   40510.9000000000       4.038631508173911E-006
   40511.0000000000       4.038567109453204E-006
   40511.1000000000       4.038524755544362E-006
   40511.2000000000       4.038501553296751E-006
   40511.3000000000       4.038478231167009E-006
   40511.4000000000       4.038463821497816E-006
   40511.5000000000       4.038458554386908E-006
   40511.6000000000       4.038464861864658E-006
   40511.7000000000       4.038469815408376E-006
   40511.8000000000       4.038466462422992E-006
   40511.9000000000       4.038465525008345E-006
   40512.0000000000       4.038451854447547E-006
   40512.1000000000       4.038457497525741E-006
   40512.2000000000       4.038429460934951E-006
   40512.3000000000       4.038435556838558E-006
   40512.4000000000       4.038411666136363E-006
   40512.5000000000       4.038404139543526E-006
   40512.6000000000       4.038390119944272E-006
   40512.7000000000       4.038390014770626E-006
   40512.8000000000       4.038384080002251E-006
   40512.9000000000       4.038397229796797E-006
   40513.0000000000       4.038434190085129E-006
   40513.1000000000       4.038470367229144E-006
   40513.2000000000       4.038542999309310E-006
   40513.3000000000       4.038634760196620E-006
   40513.4000000000       4.038758629249786E-006
   40513.5000000000       4.038920472479932E-006
   40513.6000000000       4.039106595575745E-006
   40513.7000000000       4.039329171792893E-006
   40513.8000000000       4.039604318923232E-006
   40513.9000000000       4.039912689918718E-006
   40514.0000000000       4.040275019945081E-006
   40515.0000000000       4.046875037713443E-006
   40516.0000000000       4.058726578571662E-006
   40517.0000000000       4.073823069087191E-006
   40518.0000000000       4.089859834364831E-006
   40519.0000000000       4.105444701582896E-006
   40520.0000000000       4.120104481494010E-006
   40521.0000000000       4.133784998172640E-006
   40522.0000000000       4.146623112785687E-006
   40524.5000000000       4.176059973590463E-006
   40527.0000000000       4.202360559157923E-006
   40529.5000000000       4.225942116839176E-006
   40532.0000000000       4.247136042124923E-006
   40537.0000000000       4.284250939348371E-006
   40542.0000000000       4.315432955630667E-006
   40547.0000000000       4.341490305418510E-006
   40552.0000000000       4.363608697311649E-006
   40557.0000000000       4.382699406169297E-006
   40562.0000000000       4.399470896472987E-006
   40567.0000000000       4.414497705683606E-006
   40572.0000000000       4.428100842253193E-006
   40577.0000000000       4.440535885879042E-006
   40582.0000000000       4.451982133123550E-006
   40587.0000000000       4.462572504451521E-006
   40592.0000000000       4.472440412938972E-006
   40597.0000000000       4.481640337176259E-006
   40602.0000000000       4.490271215656325E-006
   40607.0000000000       4.498344227619884E-006
   40612.0000000000       4.505866430286514E-006
   40624.5000000000       4.522812402056968E-006
   40637.0000000000       4.537421777427429E-006
   40649.5000000000       4.550091727358560E-006
   40662.0000000000       4.561071976290924E-006
   40737.0000000000       4.605990564980542E-006
   40812.0000000000       4.628274469386588E-006
   40909.1300000000       4.638134201179898E-006
   41532.6000000000       4.560413366605496E-006
   42000.0000000000       4.462519226544152E-006
   42156.0700000000       4.430524624886070E-006
   42779.5400000000       4.306082906980665E-006
   43403.0100000000       4.186850421239044E-006
   44000.0000000000       4.077261772170767E-006
   44026.4800000000       4.072497472175213E-006
   44649.9500000000       3.971857899829129E-006
   45369.3300000000       3.849673652463374E-006
   46000.0000000000       3.747144636966975E-006
   46088.7200000000       3.733059998851144E-006
   46808.1100000000       3.621629610927221E-006
   47527.4900000000       3.514991505768362E-006
   48000.0000000000       3.447531730936841E-006
   48246.8800000000       3.413050227482727E-006
   48966.2700000000       3.315484099641475E-006
   49685.6600000000       3.222019154873240E-006
   50000.0000000000       3.182425274539853E-006
   50405.0400000000       3.132558731185359E-006
   51124.4300000000       3.046838085298943E-006
   51843.8200000000       2.964570393300731E-006
   52000.0000000000       2.947161908533017E-006
   52563.2000000000       2.885592887811801E-006
   53282.5900000000       2.809709411592465E-006
   54000.0000000000       2.736969561399221E-006
   54001.9800000000       2.736777490368876E-006
   54721.3600000000       2.666649926852389E-006
   55440.7500000000       2.599274416066621E-006
   56000.0000000000       2.548598600455035E-006
   56160.1400000000       2.534355220048876E-006
   56879.5200000000       2.471851556014218E-006
   57598.9100000000       2.411639412059780E-006
   58000.0000000000       2.379025308085138E-006
   58318.3000000000       2.357384386242973E-006
   59133.6000000000       2.293870816215805E-006
   59948.9100000000       2.232886711796909E-006
   60000.0000000000       2.229146637114115E-006
   60764.2100000000       2.174285411854474E-006
   61579.5200000000       2.117953049339049E-006
   62000.0000000000       2.089760600104445E-006
   62394.8200000000       2.063784411281975E-006
   63210.1300000000       2.011664407450776E-006
   64000.0000000000       1.963001115498094E-006
   64025.4300000000       1.961467915989430E-006
   64840.7400000000       1.913140602274174E-006
   65656.0400000000       1.866556580266273E-006
   66000.0000000000       1.847409807709109E-006
   66471.3500000000       1.821640698762732E-006
   67286.6500000000       1.778344776954393E-006
   68000.0000000000       1.741701687124698E-006
   68101.9600000000       1.736555182315810E-006
   68917.2600000000       1.696226581967765E-006
   69732.5700000000       1.657274705265578E-006
   70000.0000000000       1.644792352016046E-006
   70547.8800000000       1.619641354400691E-006
   71363.1800000000       1.583271102205671E-006
   72000.0000000000       1.555715524083929E-006
   72178.4900000000       1.548119704792648E-006
   72993.7900000000       1.514106396274593E-006
   73809.1000000000       1.482752247376026E-006
   74000.0000000000       1.475188916905093E-006
   74720.3200000000       1.447077370751987E-006
   75631.5400000000       1.412850980457253E-006
   76000.0000000000       1.399322413326005E-006
   76542.7700000000       1.379725928866664E-006
   77453.9900000000       1.347764821448125E-006
   78000.0000000000       1.329131844770232E-006
   78365.2100000000       1.316886900798259E-006
   79276.4400000000       1.287058871756319E-006
   80000.0000000000       1.264079177629733E-006
   80187.6600000000       1.258227128310279E-006
   81098.8800000000       1.230350445149991E-006
   82000.0000000000       1.203671444704961E-006
   82010.1100000000       1.203382725716841E-006
   82921.3300000000       1.177293027347549E-006
   83832.5500000000       1.152033652015993E-006
   84000.0000000000       1.147476469039474E-006
   84743.7800000000       1.127573203606019E-006
   85655.0000000000       1.103891214251030E-006
   86000.0000000000       1.095105224769303E-006
   86566.2200000000       1.080927476311174E-006
   87477.4500000000       1.058677210885667E-006
   88000.0000000000       1.046227020628161E-006
   88388.6700000000       1.037109082692553E-006
   89299.8900000000       1.016187289962916E-006
   90000.0000000000       1.000537470392515E-006
   90211.1200000000       9.958895696217957E-007
   91122.3400000000       9.761895679224888E-007
   92000.0000000000       9.583776467666042E-007
   92129.4800000000       9.556995129251081E-007
   93136.6200000000       9.352544611939218E-007
   94000.0000000000       9.182399567216389E-007
   94143.7700000000       9.154530478682323E-007
   95150.9100000000       8.962710516018777E-007
   96000.0000000000       8.805627362433002E-007
   96158.0500000000       8.776834931598932E-007
   97165.1900000000       8.596658910789583E-007
   98000.0000000000       8.451453136067824E-007
   98172.3300000000       8.421938773516502E-007
   99179.4700000000       8.252458552175617E-007
   100000.000000000       8.118116585010363E-007
   100186.620000000       8.088016276861300E-007
   101193.760000000       7.928428835135393E-007
   102000.000000000       7.804023990489528E-007
   102200.900000000       7.773472567587302E-007
   103208.040000000       7.623010192318711E-007
   104000.000000000       7.507717536212126E-007
   104215.180000000       7.476837720688524E-007
   105222.320000000       7.334822169471739E-007
   106000.000000000       7.227887985515363E-007
   106229.470000000       7.196779379788849E-007
   107236.610000000       7.062581385157413E-007
   108000.000000000       6.963335130494931E-007
   108243.750000000       6.932077877898172E-007
   109250.890000000       6.805149626654973E-007
   110000.000000000       6.712970939407355E-007
   110258.030000000       6.681654720073002E-007
   112000.000000000       6.478465012443758E-007
   114000.000000000       6.253469321686422E-007
   116000.000000000       6.039954372001800E-007
   118000.000000000       5.837107868030955E-007
   120000.000000000       5.644253828461578E-007
   122000.000000000       5.460731821018996E-007
   124000.000000000       5.285593544772596E-007
   126000.000000000       5.119443750071295E-007
   128000.000000000       4.960612599612334E-007
   130000.000000000       4.809008927510983E-007
   132000.000000000       4.665545781054970E-007
   134000.000000000       4.527125638794653E-007
   136000.000000000       4.394730794900326E-007
   138000.000000000       4.268011468979496E-007
   140000.000000000       4.146677858867532E-007
   142000.000000000       4.030414813355675E-007
   144000.000000000       3.918935271115609E-007
   146000.000000000       3.811995656027362E-007
   148000.000000000       3.709350789896744E-007
   150000.000000000       3.610758174053876E-007
   152000.000000000       3.516035836491258E-007
   154000.000000000       3.425597678572715E-007
   156000.000000000       3.337985917289232E-007
   158000.000000000       3.253652103503703E-007
   160000.000000000       3.172485064496110E-007
   162000.000000000       3.094274279082279E-007
   164000.000000000       3.018909215305246E-007
   166000.000000000       2.946251199177823E-007
   168000.000000000       2.876172712509333E-007
   170000.000000000       2.808552018806392E-007
   172000.000000000       2.743256682784480E-007
   174000.000000000       2.680197958807865E-007
   176000.000000000       2.619285271184782E-007
   178000.000000000       2.560402969205674E-007
   180000.000000000       2.503930714322560E-007
   182000.000000000       2.448856820685976E-007
   184000.000000000       2.395577242733520E-007
   186000.000000000       2.343998780532125E-007
   188000.000000000       2.294050447143022E-007
   190000.000000000       2.245504486532546E-007
   192000.000000000       2.198766817362074E-007
   194000.000000000       2.153392668423762E-007
   196000.000000000       2.109367477964660E-007
   198000.000000000       2.066661325708184E-007
   200000.000000000       2.025222931900288E-007
   202000.000000000       1.985013747226601E-007
   204000.000000000       1.945972083790832E-007
   206000.000000000       1.908083322500420E-007
   208000.000000000       1.871260531605945E-007
   210000.000000000       1.835507150171925E-007
   212000.000000000       1.800746086634725E-007
   214000.000000000       1.766961785058642E-007
   216000.000000000       1.734110525557418E-007
   218000.000000000       1.702167273506334E-007
   220000.000000000       1.671088295423591E-007
   222000.000000000       1.640849585217221E-007
   224000.000000000       1.611416026089678E-007
   226000.000000000       1.582765447831932E-007
   228000.000000000       1.554857593288059E-007
   230000.000000000       1.527679018826725E-007
   232000.000000000       1.501218112776781E-007
   234000.000000000       1.475419902023266E-007
   236000.000000000       1.450269610306013E-007
   238000.000000000       1.425759289150128E-007
   240000.000000000       1.401861039650606E-007
   242000.000000000       1.378554042618977E-007
   244000.000000000       1.355825623128543E-007
   246000.000000000       1.333638861179199E-007
   248000.000000000       1.312002467549708E-007
   250000.000000000       1.290877175474183E-007
   252000.000000000       1.270263221145926E-007
   254000.000000000       1.250103659558781E-007
   256000.000000000       1.230459323562861E-007
   258000.000000000       1.211245903298090E-007
   260000.000000000       1.192477380727659E-007
   262000.000000000       1.174141214580142E-007
   264000.000000000       1.156224144392958E-007
   266000.000000000       1.138711179676623E-007
   268000.000000000       1.121593676289691E-007
   270000.000000000       1.104844144596196E-007
   272000.000000000       1.088475937865418E-007
   274000.000000000       1.072466520574749E-007
   276000.000000000       1.056803263787750E-007
   278000.000000000       1.041473843227268E-007
   280000.000000000       1.026474391861408E-007
   282000.000000000       1.011795810105966E-007
   284000.000000000       9.974237027898315E-008
   286000.000000000       9.833601194090091E-008
   288000.000000000       9.695855929238598E-008
   290000.000000000       9.560966822970555E-008
   292000.000000000       9.428859745756718E-008
   294000.000000000       9.299446239397465E-008
   296000.000000000       9.172659773220580E-008
   298000.000000000       9.048442861399206E-008
   300000.000000000       8.926717478178674E-008
