   40.0000000000000      -7.768738635265747E-053
   40.4000000000000      -4.079056653743002E-053
   40.8000000000000      -2.207385141612997E-053
   41.2100000000000      -1.220292775849185E-053
   41.6200000000000      -7.033153961173693E-054
   42.0400000000000      -4.193545975367230E-054
   42.4600000000000      -2.636445718973556E-054
   42.8900000000000      -1.747507782380947E-054
   43.3100000000000      -1.266618150622227E-054
   43.7500000000000      -1.017771777219373E-054
   44.1800000000000      -9.667184931398678E-055
   44.6300000000000      -1.124563050996920E-054
   45.0700000000000      -1.570862733757916E-054
   45.5300000000000      -2.554395953122645E-054
   45.9800000000000      -4.434605373448546E-054
   46.4400000000000      -8.092878533247230E-054
   46.9000000000000      -1.501271697643790E-053
   47.3700000000000      -2.837949799749329E-053
   47.8500000000000      -5.435244537451577E-053
   48.3300000000000      -1.037005205954812E-052
   48.8100000000000      -1.967323208003241E-052
   49.3000000000000      -3.755917447613569E-052
   49.7900000000000      -7.114718052366407E-052
   50.2900000000000      -1.353727869442329E-051
   50.7900000000000      -2.552662780619481E-051
   51.3000000000000      -4.828657956585750E-051
   51.8100000000000      -9.045201282239405E-051
   52.3300000000000      -1.698065598312205E-050
   52.8500000000000      -3.155247588406036E-050
   53.3800000000000      -5.870929119783890E-050
   53.9100000000000      -1.080883121079063E-049
   54.4600000000000      -2.013861015978794E-049
   55.0000000000000      -3.669741816752796E-049
   55.5500000000000      -6.688230693958291E-049
   56.1000000000000      -1.205735183419283E-048
   56.6700000000000      -2.195765292086040E-048
   57.2300000000000      -3.913486598729980E-048
   57.8100000000000      -7.040351116427985E-048
   58.3800000000000      -1.240086604258436E-047
   58.9700000000000      -2.203177818363708E-047
   59.5500000000000      -3.834221161646213E-047
   60.1500000000000      -6.726063503826441E-047
   60.7500000000000      -1.166889492879406E-046
   61.3600000000000      -2.020518992283166E-046
   61.9700000000000      -3.460562397621511E-046
   62.6000000000000      -5.965170138218216E-046
   63.2200000000000      -1.008400966673672E-045
   63.8500000000000      -1.700773916339150E-045
   64.4900000000000      -2.861255589778488E-045
   65.1400000000000      -4.800253213721779E-045
   65.7900000000000      -7.967468311614417E-045
   66.4500000000000      -1.318627948954708E-044
   67.1100000000000      -2.159581602338374E-044
   67.7800000000000      -3.526289326023041E-044
   68.4600000000000      -5.739682542962352E-044
   69.1400000000000      -9.246606962373295E-044
   69.8300000000000      -1.484788734614044E-043
   70.5300000000000      -2.376071218910800E-043
   71.2400000000000      -3.788695672270202E-043
   71.9500000000000      -5.980365173135001E-043
   72.6700000000000      -9.405598252836975E-043
   73.4000000000000      -1.473663365189613E-042
   74.1300000000000      -2.286210528959983E-042
   74.8700000000000      -3.533283726884558E-042
   75.6200000000000      -5.438987193671633E-042
   76.3800000000000      -8.338379481484992E-042
   77.1400000000000      -1.266048016256617E-041
   77.9100000000000      -1.914420452811592E-041
   78.6900000000000      -2.882572540304806E-041
   79.4800000000000      -4.321513584629838E-041
   80.2700000000000      -6.417931657166421E-041
   81.0800000000000      -9.535793064078748E-041
   81.8800000000000      -1.396926799366828E-040
   82.7100000000000      -2.056315845480051E-040
   83.5300000000000      -2.985094457358231E-040
   84.3700000000000      -4.332347211254635E-040
   85.2100000000000      -6.229908876369381E-040
   86.0700000000000      -8.952315818197203E-040
   86.9200000000000      -1.269423167046876E-039
   87.8000000000000      -1.805468348052398E-039
   88.6700000000000      -2.534350380614155E-039
   89.5600000000000      -3.552393683422939E-039
   90.4500000000000      -4.933982720381247E-039
   91.3600000000000      -6.839721510529673E-039
   92.2700000000000      -9.394105789910804E-039
   93.2000000000000      -1.287050649177344E-038
   94.1200000000000      -1.741141147106005E-038
   95.0700000000000      -2.356071966738589E-038
   96.0200000000000      -3.157394943465845E-038
   96.9800000000000      -4.202915101803108E-038
   97.9500000000000      -5.555403333557280E-038
   98.9300000000000      -7.289113018699699E-038
   99.9100000000000      -9.464206734638181E-038
   100.920000000000      -1.225053980413487E-037
   101.920000000000      -1.563776483341002E-037
   102.950000000000      -1.986368860257251E-037
   103.970000000000      -2.485184467307368E-037
   105.020000000000      -3.086115521376233E-037
   106.060000000000      -3.766122301193836E-037
   107.130000000000      -4.542379417499201E-037
   108.190000000000      -5.361553297654152E-037
   109.280000000000      -6.206256840749727E-037
   110.370000000000      -6.970608262929810E-037
   111.480000000000      -7.534574016467591E-037
   112.590000000000      -7.687102216391459E-037
   113.720000000000      -7.127469528416692E-037
   114.850000000000      -5.438416579985259E-037
   116.000000000000      -1.971078685423573E-037
   117.160000000000       4.118366958990626E-037
   118.330000000000       1.400887840805765E-036
   119.510000000000       2.929329137385052E-036
   120.710000000000       5.231694147262391E-036
   121.910000000000       8.555860592111554E-036
   123.140000000000       1.338028933244015E-035
   124.360000000000       2.004974735799676E-035
   125.610000000000       2.945081547977041E-035
   126.860000000000       4.227827068067401E-035
   128.140000000000       6.011280410105135E-035
   129.410000000000       8.410146013178217E-035
   130.710000000000       1.175628927873501E-034
   132.020000000000       1.642693909301323E-034
   133.340000000000       2.310875131087035E-034
   134.670000000000       3.304191783732369E-034
   136.020000000000       4.869830475552997E-034
   137.380000000000       7.465763526857154E-034
   138.760000000000       1.205626770529283E-033
   140.140000000000       2.043217479270246E-033
   141.540000000000       3.647269708785358E-033
   142.250000000000       4.961475624154176E-033
   142.950000000000       6.768109621429978E-033
   144.380000000000       1.296492192094365E-032
   145.830000000000       2.536861801654208E-032
   147.290000000000       5.003430124033048E-032
   148.760000000000       9.885035937896961E-032
   150.250000000000       1.957063630752215E-031
   151.750000000000       3.854562338719589E-031
   152.510000000000       5.411135191864205E-031
   153.270000000000       7.573589597684947E-031
   154.800000000000       1.476361139925377E-030
   155.570000000000       2.055923188842211E-030
   156.350000000000       2.865894144060614E-030
   157.910000000000       5.514161314357856E-030
   158.700000000000       7.642712745504591E-030
   159.490000000000       1.055792383005637E-029
   160.290000000000       1.459595299965066E-029
   161.080000000000       2.003162207882496E-029
   161.890000000000       2.762095432611197E-029
   162.690000000000       3.781160847193697E-029
   163.510000000000       5.199759262903475E-029
   164.320000000000       7.099751497374927E-029
   165.140000000000       9.699936122882145E-029
   165.960000000000       1.320987315716642E-028
   166.790000000000       1.799983659646360E-028
   167.620000000000       2.444857127807801E-028
   169.300000000000       4.500586522419849E-028
   170.990000000000       8.210950227621431E-028
   171.850000000000       1.109735492340206E-027
   172.700000000000       1.490030356145993E-027
   174.430000000000       2.689381235747684E-027
   176.180000000000       4.827788618402425E-027
   177.940000000000       8.591284024345865E-027
   178.830000000000       1.144691697139583E-026
   179.720000000000       1.520669114261933E-026
   180.610000000000       2.014278454267666E-026
   181.510000000000       2.668776468261828E-026
   182.420000000000       3.536652059854700E-026
   183.330000000000       4.673188878413746E-026
   185.160000000000       8.114303054477334E-026
   186.090000000000       1.069459915015728E-025
   187.010000000000       1.401422251644956E-025
   188.880000000000       2.407480968633568E-025
   189.830000000000       3.155801212402062E-025
   190.770000000000       4.113632156852223E-025
   191.730000000000       5.377575872051546E-025
   192.680000000000       6.991260542199488E-025
   193.640000000000       9.089698560405842E-025
   194.610000000000       1.181820237993967E-024
   195.580000000000       1.532444435563225E-024
   196.550000000000       1.981834144338299E-024
   198.520000000000       3.314531946151626E-024
   200.500000000000       5.510343396112339E-024
   202.510000000000       9.187723229657833E-024
   204.530000000000       1.519931316299508E-023
   206.580000000000       2.507239263048981E-023
   207.610000000000       3.211792809561205E-023
   208.650000000000       4.113734795996400E-023
   209.690000000000       5.255676861117095E-023
   210.730000000000       6.697960497629773E-023
   212.840000000000       1.087328007964913E-022
   214.970000000000       1.755763961465175E-022
   216.040000000000       2.225442445790645E-022
   217.120000000000       2.820148010214722E-022
   218.200000000000       3.565175177514318E-022
   219.290000000000       4.505971282369297E-022
   220.380000000000       5.681483106094941E-022
   221.480000000000       7.161862762088331E-022
   222.590000000000       9.025461957147001E-022
   223.700000000000       1.134716114185450E-021
   225.930000000000       1.784788861690701E-021
   227.710000000000       2.545385056883690E-021
   227.910000000000       2.648313618779529E-021
   229.240000000000       3.781236578670871E-021
   230.470000000000       4.798846308889103E-021
   232.780000000000       7.431320221884706E-021
   233.940000000000       9.225444601681335E-021
   235.110000000000       1.144859190329455E-020
   237.460000000000       1.754678031382525E-020
   239.830000000000       2.675820586363834E-020
   242.230000000000       4.066967819834366E-020
   244.650000000000       6.150194971237267E-020
   245.880000000000       7.564682632611551E-020
   247.100000000000       9.269437923519145E-020
   248.330000000000       1.135376841306001E-019
   249.570000000000       1.390076142787765E-019
   252.070000000000       2.077560013150265E-019
   253.330000000000       2.536125360904003E-019
   254.590000000000       3.089641819463208E-019
   255.860000000000       3.762261791217704E-019
   257.130000000000       4.572193580045472E-019
   259.700000000000       6.743374798469437E-019
   261.000000000000       8.183543098689076E-019
   262.300000000000       9.911781063077855E-019
   263.610000000000       1.199915697065862E-018
   264.920000000000       1.449808958561120E-018
   267.570000000000       2.113437249539418E-018
   270.250000000000       3.070299546504726E-018
   272.950000000000       4.438999753582226E-018
   274.320000000000       5.336910205101478E-018
   275.680000000000       6.395976907459726E-018
   278.440000000000       9.184113194962699E-018
   281.220000000000       1.312556472274021E-017
   282.630000000000       1.568853436142166E-017
   284.030000000000       1.869479995779003E-017
   286.870000000000       2.653615504520179E-017
   289.740000000000       3.753762951060351E-017
   292.640000000000       5.291835227333081E-017
   294.100000000000       6.274130784310622E-017
   295.570000000000       7.434526092463773E-017
   298.520000000000       1.039728550343277E-016
   300.020000000000       1.229894038831881E-016
   301.510000000000       1.450744992901592E-016
   304.520000000000       2.015140476779977E-016
   307.570000000000       2.792599224994096E-016
   309.110000000000       3.284529226484701E-016
   310.640000000000       3.852775187071691E-016
   312.200000000000       4.526065115375677E-016
   313.750000000000       5.302941247276708E-016
   315.320000000000       6.215808438930839E-016
   316.890000000000       7.274126135715468E-016
   318.470000000000       8.507593291232149E-016
   320.060000000000       9.944228559227223E-016
   323.270000000000       1.356154079501314E-015
   326.490000000000       1.839724957203035E-015
   329.770000000000       2.494331849914980E-015
   333.050000000000       3.361252165146947E-015
   336.400000000000       4.530600672361229E-015
   339.750000000000       6.070208222314536E-015
   343.160000000000       8.127012925573366E-015
   346.580000000000       1.082623904312435E-014
   350.060000000000       1.440995433390681E-014
   353.540000000000       1.907016550249845E-014
   357.100000000000       2.525461371131183E-014
   360.650000000000       3.323084024552930E-014
   364.270000000000       4.371703686153121E-014
   367.900000000000       5.723849450453141E-014
   371.590000000000       7.486326832675742E-014
   375.290000000000       9.745774079610063E-014
   379.060000000000       1.268190810751746E-013
   382.840000000000       1.642647634659243E-013
   386.680000000000       2.125150248733273E-013
   390.530000000000       2.736979239102005E-013
   394.460000000000       3.525130171162292E-013
   398.380000000000       4.514292628868938E-013
   400.000000000000       4.992891928988568E-013
   404.020000000000       6.388434958220879E-013
   408.040000000000       8.133516118302290E-013
   412.140000000000       1.035357167601713E-012
   416.240000000000       1.311558826248458E-012
   419.230000000000       1.553753863408624E-012
   422.210000000000       1.835133430681015E-012
   425.530000000000       2.202806080987377E-012
   428.850000000000       2.636480208109996E-012
   432.940000000000       3.277060048945786E-012
   437.030000000000       4.056269735795219E-012
   437.470000000000       4.149426320245284E-012
   439.660000000000       4.642626012110852E-012
   441.850000000000       5.188500911354712E-012
   446.270000000000       6.471358213502583E-012
   447.210000000000       6.778757984347414E-012
   450.730000000000       8.051065195965289E-012
   455.240000000000       9.996027491713176E-012
   459.790000000000       1.237967844340770E-011
   462.030000000000       1.373222347455859E-011
   464.390000000000       1.530038874123537E-011
   467.210000000000       1.738492464625852E-011
   469.030000000000       1.886287908047647E-011
   473.720000000000       2.320724302315656E-011
   478.460000000000       2.849335791744402E-011
   482.030000000000       3.316401694642250E-011
   483.240000000000       3.489659808073423E-011
   484.330000000000       3.652636387262800E-011
   488.080000000000       4.266857059738192E-011
   490.520000000000       4.714694963611040E-011
   492.960000000000       5.204201387776370E-011
   497.030000000000       6.122677062323514E-011
   497.890000000000       6.334368449152106E-011
   498.210000000000       6.414794533947158E-011
   502.870000000000       7.687516199313610E-011
   503.600000000000       7.905161385125512E-011
   504.000000000000       8.026344306211433E-011
   507.890000000000       2.048495315736684E-010
   508.210000000000       2.111080489641239E-010
   509.330000000000       2.492002628054658E-010
   512.970000000000       2.681376379805858E-010
   514.210000000000       2.638327513174627E-010
   518.100000000000       3.035838824315538E-010
   520.210000000000       3.285398244890992E-010
   520.610000000000       3.397948624973751E-010
   521.010000000000       3.551890952743021E-010
   521.410000000000       3.778585537668254E-010
   521.810000000000       4.153911480372620E-010
   522.610000000000       4.024251311640395E-010
   523.010000000000       3.719639400594208E-010
   523.280000000000       3.627365661647111E-010
   523.810000000000       3.551281248153522E-010
   524.210000000000       3.538450134494514E-010
   526.210000000000       3.653405109678062E-010
   528.520000000000       2.960129701824059E-010
   529.030000000000       3.009016010194851E-010
   529.330000000000       3.041005959600198E-010
   530.210000000000       3.115405323240356E-010
   533.030000000000       3.676825305929148E-010
   533.800000000000       3.932408673476727E-010
   535.030000000000       4.536266724520471E-010
   535.430000000000       4.826196261389326E-010
   535.830000000000       5.201928818706326E-010
   536.210000000000       5.691691158534208E-010
   536.630000000000       6.536721529412219E-010
   537.430000000000       6.248538404566275E-010
   537.830000000000       5.467376789070098E-010
   538.230000000000       5.042385912961997E-010
   538.630000000000       4.779346735532502E-010
   539.030000000000       4.606708529801824E-010
   541.030000000000       4.320770276646445E-010
   544.330000000000       4.536654732322970E-010
   545.030000000000       4.639469319006129E-010
   546.210000000000       4.841705785442131E-010
   549.980000000000       5.694919763356649E-010
   551.030000000000       5.984256145187949E-010
   555.480000000000       7.462794129599163E-010
   560.330000000000       1.136224192753570E-008
   561.030000000000       1.049760566205263E-008
   562.210000000000       9.122800275001698E-009
   566.640000000000       4.993551084738834E-009
   570.330000000000       2.802805691885280E-009
   572.310000000000       2.097900533353396E-009
   576.330000000000       1.493416223256345E-009
   577.030000000000       1.453963126069731E-009
   578.030000000000       1.413712787534207E-009
   580.330000000000       1.393353095234179E-009
   582.330000000000       1.529808238852055E-009
   582.730000000000       1.599739956712469E-009
   583.130000000000       1.710325484175396E-009
   583.530000000000       1.857740107778380E-009
   583.810000000000       2.101748622046876E-009
   583.930000000000       2.205391809865790E-009
   584.730000000000       2.187146388731888E-009
   585.130000000000       1.880473526665764E-009
   585.530000000000       1.777189615402246E-009
   585.930000000000       1.708473703350928E-009
   586.330000000000       1.681199090522286E-009
   588.330000000000       1.769915187365335E-009
   589.650000000000       1.935960046902784E-009
   592.030000000000       2.401481425380829E-009
   592.330000000000       2.481312301477140E-009
   595.550000000000       3.886978904698869E-009
   597.210000000000       5.256992121469719E-009
   598.330000000000       6.614508548214543E-009
   601.500000000000       3.385921890550616E-009
   604.510000000000       4.114821255215322E-009
   607.520000000000       1.192117148299372E-008
   608.330000000000       1.447795250485089E-008
   612.030000000000       2.087675106389973E-008
   613.590000000000       2.174608885899541E-008
   616.660000000000       2.628562081412473E-008
   619.730000000000       3.747062371271106E-008
   622.210000000000       5.229170974511764E-008
   624.330000000000       6.873605128102283E-008
   625.920000000000       8.244553510363876E-008
   632.180000000000       1.418996092037339E-007
   637.030000000000       1.905222076765478E-007
   638.510000000000       2.057598652950258E-007
   639.330000000000       2.143454508403515E-007
   644.890000000000       2.779802240522503E-007
   648.110000000000       3.222078985125841E-007
   651.340000000000       3.730522958928517E-007
   657.850000000000       4.949996344452802E-007
   659.330000000000       5.261041857434876E-007
   664.430000000000       6.411605614392095E-007
   671.080000000000       8.050754510828258E-007
   677.790000000000       9.850066621383263E-007
   681.180000000000       1.081813945303514E-006
   684.560000000000       3.995328500860175E-006
   691.440000000000       4.298630753691188E-006
   698.320000000000       4.616053703398438E-006
   705.340000000000       4.957129097114329E-006
   712.360000000000       5.314705351553659E-006
   719.520000000000       5.695794643165125E-006
   726.680000000000       6.093548944568245E-006
   733.980000000000       6.516326057311483E-006
   741.280000000000       6.956568370707920E-006
   748.730000000000       7.423903908502059E-006
   756.180000000000       7.909453980548043E-006
   763.780000000000       8.423507889610064E-006
   771.380000000000       8.956407080391113E-006
   779.140000000000       9.519830825678524E-006
   786.890000000000       1.010186958301141E-005
   794.800000000000       1.071555426660383E-005
   802.710000000000       1.135122895295969E-005
   810.770000000000       1.202378247949283E-005
   818.840000000000       1.271833668457212E-005
   822.930000000000       1.307836697480702E-005
   827.030000000000       1.344449386702012E-005
   830.210000000000       1.373217242722829E-005
   835.300000000000       1.419915508210515E-005
   837.260000000000       1.438116502201649E-005
   843.650000000000       1.498261709669170E-005
   849.190000000000       1.551412244236835E-005
   850.690000000000       1.565960545337287E-005
   852.090000000000       1.579608175793856E-005
   855.210000000000       1.610215437067639E-005
   860.610000000000       1.663864922886790E-005
   862.260000000000       1.680434057612259E-005
   869.210000000000       1.751062143745077E-005
   870.690000000000       1.766280313291657E-005
   871.970000000000       1.779496981450376E-005
   874.190000000000       1.802519414557620E-005
   875.210000000000       1.813144926226594E-005
   877.910000000000       1.841409518510592E-005
   882.260000000000       1.887363018978574E-005
   885.690000000000       1.923961676599682E-005
   886.690000000000       1.934697278927996E-005
   890.210000000000       1.972676332796016E-005
   892.220000000000       1.994517226543641E-005
   894.190000000000       2.016017830430753E-005
   895.550000000000       2.030925363491214E-005
   896.970000000000       2.046533053803615E-005
   897.260000000000       2.049724364678233E-005
   901.690000000000       2.098947212792413E-005
   904.510000000000       2.130690870484956E-005
   906.210000000000       2.149928883661975E-005
   909.190000000000       2.183832976244121E-005
   911.690000000000       2.212335207966719E-005
   913.260000000000       2.230352382274071E-005
   913.550000000000       2.233683945162764E-005
   916.210000000000       2.265050076457522E-005
   916.970000000000       2.275119739947200E-005
   917.220000000000       2.278620397989843E-005
   917.690000000000       2.285381841989026E-005
   921.690000000000       2.347459878061475E-005
   922.210000000000       2.354256542968582E-005
   922.690000000000       2.333353882030559E-005
   923.260000000000       2.310531408870795E-005
   923.690000000000       2.360202060701407E-005
   924.090000000000       2.392187937946859E-005
   924.490000000000       2.407017814731578E-005
   924.890000000000       2.409710989666208E-005
   925.130000000000       2.404385663202264E-005
   925.190000000000       2.401916183577922E-005
   925.290000000000       2.396580954990165E-005
   926.090000000000       2.264086717480585E-005
   926.210000000000       2.247246003656753E-005
   926.490000000000       2.306783832039854E-005
   926.890000000000       2.398155382859108E-005
   927.290000000000       2.444072975977493E-005
   927.690000000000       2.466983323735728E-005
   928.210000000000       2.481422887283874E-005
   928.610000000000       2.486263591108171E-005
   929.010000000000       2.485148871895478E-005
   929.260000000000       2.479920389244819E-005
   929.690000000000       2.456535777323101E-005
   929.810000000000       2.444309446048895E-005
   930.610000000000       2.137490161960884E-005
   931.010000000000       2.228634272753867E-005
   931.410000000000       2.417484165153839E-005
   931.810000000000       2.493078422472169E-005
   931.970000000000       2.510506335866051E-005
   932.210000000000       2.530111719515960E-005
   933.260000000000       2.573085038053998E-005
   933.690000000000       2.582063897715449E-005
   934.210000000000       2.589794323988355E-005
   935.190000000000       2.594025398120268E-005
   935.660000000000       2.588103709999796E-005
   936.060000000000       2.575548079840541E-005
   936.460000000000       2.550614693058823E-005
   936.860000000000       2.494735532505506E-005
   937.220000000000       2.372444781603446E-005
   937.660000000000       1.858563887846945E-005
   938.060000000000       2.069030447274304E-005
   938.460000000000       2.429850685074855E-005
   938.860000000000       2.548865929827464E-005
   939.260000000000       2.605072776327533E-005
   939.690000000000       2.640257954509078E-005
   941.190000000000       2.700509295503350E-005
   941.260000000000       2.702232601216344E-005
   944.210000000000       2.751323105826588E-005
   945.190000000000       2.760823861972644E-005
   947.190000000000       2.748406768009243E-005
   947.590000000000       2.732817582356342E-005
   947.970000000000       2.708516733200580E-005
   948.390000000000       2.657163136176111E-005
   948.790000000000       2.554340893722122E-005
   949.590000000000       1.324517817365937E-005
   949.690000000000       9.627292322251145E-006
   949.990000000000       1.724613102613154E-005
   950.130000000000       2.086604121668272E-005
   950.390000000000       2.410190199624485E-005
   950.650000000000       2.562794453902546E-005
   951.190000000000       2.713134873254695E-005
   952.220000000000       2.816897423180599E-005
   953.190000000000       2.862063594446299E-005
   954.210000000000       2.890876548369006E-005
   957.190000000000       2.943598265050451E-005
   957.970000000000       2.955260097243832E-005
   960.150000000000       2.986860796191971E-005
   961.260000000000       3.002614290797380E-005
   963.190000000000       3.029533941564186E-005
   963.970000000000       3.040189108444544E-005
   965.690000000000       3.062859733802243E-005
   967.970000000000       3.087910654993093E-005
   968.220000000000       3.089762431272764E-005
   969.760000000000       3.088301604425880E-005
   969.970000000000       3.084597224386884E-005
   970.130000000000       3.080651497041094E-005
   970.370000000000       3.072310230932511E-005
   970.770000000000       3.048646594872802E-005
   971.170000000000       3.002681009631046E-005
   971.570000000000       2.906486817955897E-005
   972.370000000000       1.518054076090425E-005
   972.770000000000       1.868341503992957E-005
   973.170000000000       2.736140138947836E-005
   973.570000000000       2.956184899038367E-005
   973.970000000000       3.053530857234039E-005
   975.970000000000       3.192709206512836E-005
   977.260000000000       3.223717062640808E-005
   978.220000000000       3.241603266707447E-005
   979.450000000000       3.262082785757165E-005
   979.970000000000       3.270305986245481E-005
   980.690000000000       3.281468078310557E-005
   984.220000000000       3.334323920828597E-005
   984.790000000000       3.342740110089428E-005
   985.130000000000       3.347748026908555E-005
   985.210000000000       3.348927664318516E-005
   985.970000000000       3.360113726062529E-005
   988.220000000000       3.393194524045761E-005
   989.190000000000       3.407451428545203E-005
   990.220000000000       3.422598221270837E-005
   990.620000000000       3.428487265148699E-005
   991.020000000000       3.434376155182856E-005
   991.420000000000       3.440265400272287E-005
   991.820000000000       3.446154137588516E-005
   992.260000000000       3.452633322579249E-005
   992.620000000000       3.457942516722971E-005
   993.020000000000       3.463841698034706E-005
   993.420000000000       3.469740586538593E-005
   993.820000000000       3.475639776623724E-005
   994.220000000000       3.481548864338288E-005
   995.970000000000       3.507415585247172E-005
   996.220000000000       3.511115345504631E-005
   999.140000000000       3.554410387160394E-005
   1000.22000000000       3.570478346777356E-005
   1000.69000000000       3.577517425921357E-005
   1001.13000000000       3.584116307263302E-005
   1004.19000000000       3.630069453706787E-005
   1005.21000000000       3.645427834735095E-005
   1006.22000000000       3.660635968618227E-005
   1009.13000000000       3.704512608160609E-005
   1009.79000000000       3.714462486017191E-005
   1011.13000000000       3.734662847857755E-005
   1011.97000000000       3.747304130776222E-005
   1012.26000000000       3.751664712718978E-005
   1016.22000000000       3.810542111694200E-005
   1017.13000000000       3.823659035003002E-005
   1019.22000000000       3.852019858482900E-005
   1021.13000000000       3.871119233221130E-005
   1023.13000000000       3.850001680141038E-005
   1023.53000000000       3.822920249392839E-005
   1023.93000000000       3.770751496074249E-005
   1024.19000000000       3.710940725243996E-005
   1024.33000000000       3.664268380899877E-005
   1024.73000000000       3.424350081003387E-005
   1025.53000000000       8.371295071663577E-006
   1025.69000000000       1.388916379040283E-006
   1025.93000000000       1.004648837793754E-005
   1026.33000000000       2.863932071678588E-005
   1026.73000000000       3.470831035135789E-005
   1026.97000000000       3.639228986770895E-005
   1027.13000000000       3.713756411864890E-005
   1029.13000000000       3.976159898668491E-005
   1029.42000000000       3.987165354623942E-005
   1029.79000000000       3.999125390877895E-005
   1030.21000000000       4.010827904090095E-005
   1032.22000000000       4.053778027379911E-005
   1033.13000000000       4.070184680377606E-005
   1037.26000000000       4.138870489216997E-005
   1039.13000000000       4.168968928131039E-005
   1039.71000000000       4.178263394455816E-005
   1044.79000000000       4.259417404995430E-005
   1046.97000000000       4.294245141375646E-005
   1047.22000000000       4.298243669325264E-005
   1049.13000000000       4.328803491898606E-005
   1049.19000000000       4.329762935571757E-005
   1050.11000000000       4.344498353029000E-005
   1055.36000000000       4.428801992978693E-005
   1060.61000000000       4.513525533626416E-005
   1065.13000000000       4.586812895972202E-005
   1067.22000000000       4.620802325634367E-005
   1070.79000000000       4.679003841718230E-005
   1071.21000000000       4.685871489772575E-005
   1071.97000000000       4.698287412680101E-005
   1076.79000000000       4.777262087970112E-005
   1080.13000000000       4.832183816111580E-005
   1080.79000000000       4.843060361693710E-005
   1081.93000000000       4.861854008617489E-005
   1082.79000000000       4.876039251311489E-005
   1083.19000000000       4.882637050296378E-005
   1083.59000000000       4.889244857026553E-005
   1083.99000000000       4.895852655064400E-005
   1084.39000000000       4.902460159384013E-005
   1085.19000000000       4.915685785789027E-005
   1085.59000000000       4.922303590439510E-005
   1085.99000000000       4.928921394863213E-005
   1086.39000000000       4.935538897796472E-005
   1086.79000000000       4.942156958233095E-005
   1088.79000000000       4.975305523847748E-005
   1092.22000000000       5.032265644782563E-005
   1092.74000000000       5.040912662065345E-005
   1098.79000000000       5.141787059655263E-005
   1100.13000000000       5.164198741225605E-005
   1103.67000000000       5.223903581635207E-005
   1108.79000000000       5.310516398923034E-005
   1114.71000000000       5.411041628070998E-005
   1114.96000000000       5.415300047743538E-005
   1124.79000000000       5.583113586910319E-005
   1125.13000000000       5.588930888190092E-005
   1125.86000000000       5.601435178982117E-005
   1137.11000000000       5.794793713564752E-005
   1139.79000000000       5.841031113166213E-005
   1139.97000000000       5.844139407690297E-005
   1148.49000000000       5.991526680858478E-005
   1159.79000000000       6.187846809320571E-005
   1159.97000000000       6.190985422187911E-005
   1165.77000000000       6.292082539301857E-005
   1171.57000000000       6.393379315638981E-005
   1174.96000000000       6.452667932703902E-005
   1183.29000000000       6.598540226214842E-005
   1184.79000000000       6.624826437129411E-005
   1190.96000000000       6.732990518241315E-005
   1195.12000000000       6.805845495627782E-005
   1200.96000000000       6.907709344045358E-005
   1206.96000000000       7.009340342772271E-005
   1207.07000000000       7.011093641792732E-005
   1210.96000000000       7.058716396197974E-005
   1212.96000000000       7.020849411695707E-005
   1213.36000000000       6.981315331489331E-005
   1213.76000000000       6.906108467913996E-005
   1214.16000000000       6.752270870637132E-005
   1214.56000000000       6.391041282893216E-005
   1214.57000000000       6.376885311410993E-005
   1215.36000000000       2.446345145365611E-005
   1215.37000000000       2.338924137066257E-005
   1215.76000000000       4.569211765272907E-006
   1216.16000000000       4.155426331789317E-005
   1216.56000000000       6.006233665243017E-005
   1216.96000000000       6.638949150354552E-005
   1218.96000000000       7.163834733227168E-005
   1219.14000000000       7.174490569754459E-005
   1222.96000000000       7.289421739817211E-005
   1228.96000000000       7.403434051611123E-005
   1231.33000000000       7.446248281414936E-005
   1238.96000000000       7.582624249220685E-005
   1243.65000000000       7.666062626597390E-005
   1254.96000000000       7.866928882196067E-005
   1256.08000000000       7.886804706507683E-005
   1268.64000000000       8.109455150113322E-005
   1269.96000000000       8.132838211607295E-005
   1281.33000000000       8.333981637672749E-005
   1289.96000000000       8.486358800080915E-005
   1294.14000000000       8.560053798733774E-005
   1307.08000000000       8.788493253013093E-005
   1314.97000000000       8.927787843081040E-005
   1324.16000000000       9.089591876893867E-005
   1333.36000000000       9.251073895052792E-005
   1340.02000000000       9.367623591129442E-005
   1346.69000000000       9.484032022838003E-005
   1353.42000000000       9.601158911782447E-005
   1360.16000000000       9.718104831238947E-005
   1373.76000000000       9.952923035927968E-005
   1387.50000000000       1.018844658910933E-004
   1394.43000000000       1.030663711037034E-004
   1401.37000000000       1.042452605382690E-004
   1415.38000000000       1.066179219092083E-004
   1429.54000000000       1.089935348961696E-004
   1436.69000000000       1.101853082853178E-004
   1443.83000000000       1.113681147146361E-004
   1451.05000000000       1.125588839888214E-004
   1458.27000000000       1.137426322862241E-004
   1465.56000000000       1.149323879072165E-004
   1472.85000000000       1.161141463789194E-004
   1487.58000000000       1.184805939633026E-004
   1495.02000000000       1.196653267924642E-004
   1502.46000000000       1.208430087879267E-004
   1517.48000000000       1.232023391109775E-004
   1532.66000000000       1.255546474993630E-004
   1547.99000000000       1.278938939010588E-004
   1555.73000000000       1.290625099535347E-004
   1563.46000000000       1.302191447974145E-004
   1565.20000000000       1.304788358067594E-004
   1579.10000000000       1.325323689450804E-004
   1585.20000000000       1.334242858673100E-004
   1594.89000000000       1.348285430733207E-004
   1600.20000000000       1.355916221753102E-004
   1610.84000000000       1.371136523326552E-004
   1616.20000000000       1.378736709216445E-004
   1626.20000000000       1.392788548611060E-004
   1626.95000000000       1.393837060731406E-004
   1632.20000000000       1.401137476590225E-004
   1636.20000000000       1.406670156225786E-004
   1638.20000000000       1.409426723829171E-004
   1638.60000000000       1.409985878942793E-004
   1639.00000000000       1.410535182018365E-004
   1639.40000000000       1.411084286605555E-004
   1639.80000000000       1.411633739442940E-004
   1640.60000000000       1.412722012347559E-004
   1641.00000000000       1.413281552405503E-004
   1641.40000000000       1.413830658655191E-004
   1641.80000000000       1.414380064065750E-004
   1642.20000000000       1.414929160935235E-004
   1643.22000000000       1.416317400514706E-004
   1644.20000000000       1.417665738759824E-004
   1648.20000000000       1.423118450673032E-004
   1654.20000000000       1.431247449900225E-004
   1659.65000000000       1.438577782372584E-004
   1664.20000000000       1.444669471050819E-004
   1676.25000000000       1.460607910422003E-004
   1680.20000000000       1.465780634879800E-004
   1693.01000000000       1.482378229464954E-004
   1695.20000000000       1.485184204509905E-004
   1709.94000000000       1.503917559891728E-004
   1715.20000000000       1.510528184586236E-004
   1727.04000000000       1.525216739756738E-004
   1740.20000000000       1.541263446097361E-004
   1750.98000000000       1.554184318969990E-004
   1761.75000000000       1.566895452286296E-004
   1770.56000000000       1.577140119115426E-004
   1779.37000000000       1.587254865231836E-004
   1788.27000000000       1.597339454924646E-004
   1797.16000000000       1.607274227107870E-004
   1806.15000000000       1.617198891656930E-004
   1815.13000000000       1.626973555261551E-004
   1824.21000000000       1.636727881034160E-004
   1833.29000000000       1.646332606385037E-004
   1842.45000000000       1.655887168432264E-004
   1851.62000000000       1.665312065927808E-004
   1860.88000000000       1.674676990625383E-004
   1870.13000000000       1.683881548958614E-004
   1888.84000000000       1.702081532071881E-004
   1907.72000000000       1.719871409405692E-004
   1917.26000000000       1.728656347168967E-004
   1926.80000000000       1.737280962411829E-004
   1936.44000000000       1.745855972327829E-004
   1946.07000000000       1.754261110536960E-004
   1965.53000000000       1.770801592696388E-004
   1985.19000000000       1.786892190415842E-004
   2005.04000000000       1.802058734264931E-004
   2015.06000000000       1.808992958812850E-004
   2025.09000000000       1.815786967406767E-004
   2045.34000000000       1.829055369658825E-004
   2050.05000000000       1.832062886020386E-004
   2050.45000000000       1.832312414196252E-004
   2065.79000000000       1.841853779942783E-004
   2076.12000000000       1.848098480767032E-004
   2086.45000000000       1.854192857121654E-004
   2107.31000000000       1.866051936362880E-004
   2117.85000000000       1.871826151154281E-004
   2128.39000000000       1.877460932503477E-004
   2139.03000000000       1.882995441683428E-004
   2149.67000000000       1.888380280132586E-004
   2160.42000000000       1.893665045923038E-004
   2171.17000000000       1.898799775454938E-004
   2192.88000000000       1.908739978704950E-004
   2214.81000000000       1.918179875213334E-004
   2225.88000000000       1.922735290603880E-004
   2236.96000000000       1.927140724569753E-004
   2248.14000000000       1.931435881111624E-004
   2259.33000000000       1.935591510660725E-004
   2281.92000000000       1.943542591453384E-004
   2304.74000000000       1.950993907212291E-004
   2310.75000000000       1.952861676767407E-004
   2327.79000000000       1.957955662144775E-004
   2330.75000000000       1.958804390657440E-004
   2345.75000000000       1.962979160807043E-004
   2351.06000000000       1.964397582714464E-004
   2361.75000000000       1.967173842517154E-004
   2371.75000000000       1.969660754877967E-004
   2374.58000000000       1.970349783689672E-004
   2377.75000000000       1.971108814256646E-004
   2381.75000000000       1.972047472165880E-004
   2383.75000000000       1.972517071907701E-004
   2384.15000000000       1.972606862985951E-004
   2384.55000000000       1.972696710657779E-004
   2384.95000000000       1.972796491359582E-004
   2385.35000000000       1.972886589716035E-004
   2386.15000000000       1.973066168399889E-004
   2386.55000000000       1.973156000886609E-004
   2386.95000000000       1.973256151302748E-004
   2387.35000000000       1.973345697052178E-004
   2387.75000000000       1.973435727469388E-004
   2389.75000000000       1.973885093119431E-004
   2393.75000000000       1.974783999682374E-004
   2398.32000000000       1.975792472832970E-004
   2399.75000000000       1.976102268860059E-004
   2409.75000000000       1.978228908945271E-004
   2411.56000000000       1.978598250904188E-004
   2422.30000000000       1.980765083995179E-004
   2425.75000000000       1.981434194638436E-004
   2436.56000000000       1.983460739402824E-004
   2440.75000000000       1.984219695526280E-004
   2446.53000000000       1.985238165095018E-004
   2456.56000000000       1.986935388375211E-004
   2460.75000000000       1.987614300285410E-004
   2470.99000000000       1.989211253394726E-004
   2471.56000000000       1.989301421452659E-004
   2485.75000000000       1.991357519426736E-004
   2487.56000000000       1.991607324798665E-004
   2495.70000000000       1.992695118100324E-004
   2497.56000000000       1.992934466868965E-004
   2503.56000000000       1.993693241207619E-004
   2507.56000000000       1.994182382661215E-004
   2509.56000000000       1.994421702728016E-004
   2509.96000000000       1.994461448551537E-004
   2510.36000000000       1.994511594840929E-004
   2510.76000000000       1.994561641949613E-004
   2511.16000000000       1.994601425865970E-004
   2511.96000000000       1.994701069018052E-004
   2512.36000000000       1.994750916609074E-004
   2512.76000000000       1.994790961914226E-004
   2513.16000000000       1.994841006723843E-004
   2513.56000000000       1.994880792942144E-004
   2515.56000000000       1.995110424190782E-004
   2519.56000000000       1.995559513831622E-004
   2520.66000000000       1.995678990987481E-004
   2525.56000000000       1.996207990152114E-004
   2535.56000000000       1.997225705334397E-004
   2545.87000000000       1.998183325406229E-004
   2551.56000000000       1.998672513564424E-004
   2566.56000000000       1.999849165618196E-004
   2571.32000000000       2.000188160673965E-004
   2586.56000000000       2.001155297364749E-004
   2597.04000000000       2.001713450894485E-004
   2600.81000000000       2.001902627125474E-004
   2601.21000000000       2.001793293388068E-004
   2611.56000000000       2.002221493772141E-004
   2623.01000000000       2.002609718402761E-004
   2633.67000000000       2.002931290896614E-004
   2648.20000000000       2.003633099719952E-004
   2649.24000000000       2.003715936574431E-004
   2658.67000000000       2.004642007362143E-004
   2663.80000000000       2.005337880506848E-004
   2668.20000000000       2.006032813172702E-004
   2675.73000000000       2.007429704916328E-004
   2678.67000000000       2.008028785320898E-004
   2683.20000000000       2.008988686779497E-004
   2688.80000000000       2.010196248838278E-004
   2693.67000000000       2.011227782689470E-004
   2699.20000000000       2.012208034572453E-004
   2702.49000000000       2.012580484084019E-004
   2708.80000000000       2.012211106001985E-004
   2709.20000000000       2.012097605915698E-004
   2709.67000000000       2.011942797379471E-004
   2715.20000000000       2.007728494767517E-004
   2719.20000000000       2.000458497290809E-004
   2719.67000000000       1.999183159341295E-004
   2721.20000000000       1.993690551223136E-004
   2721.60000000000       1.992246133214158E-004
   2722.00000000000       1.990401606543497E-004
   2722.40000000000       1.987903484149342E-004
   2722.80000000000       1.984174339813788E-004
   2723.60000000000       1.978284184186773E-004
   2723.80000000000       1.980905462277517E-004
   2724.40000000000       1.987483433676803E-004
   2724.80000000000       1.990999162552923E-004
   2725.20000000000       1.994020337379289E-004
   2725.67000000000       1.997016265110047E-004
   2727.20000000000       2.004197668760298E-004
   2729.07000000000       2.009655677607732E-004
   2729.51000000000       2.010583932543344E-004
   2731.20000000000       2.013091397339949E-004
   2731.67000000000       2.013707928276658E-004
   2732.07000000000       2.014232972053765E-004
   2732.47000000000       2.014747811632431E-004
   2732.87000000000       2.015232039860999E-004
   2733.27000000000       2.015695682172403E-004
   2734.07000000000       2.016550503372398E-004
   2734.47000000000       2.016941813766581E-004
   2734.87000000000       2.017322748576580E-004
   2735.27000000000       2.017683471904924E-004
   2735.67000000000       2.018023611414674E-004
   2737.20000000000       2.019116272984773E-004
   2737.67000000000       2.019373906535473E-004
   2739.80000000000       2.020188352773470E-004
   2741.67000000000       2.020417248187337E-004
   2747.20000000000       2.018200918480182E-004
   2747.67000000000       2.017739085772266E-004
   2749.80000000000       2.014921094060458E-004
   2754.07000000000       2.006493538613059E-004
   2755.80000000000       2.002404351896255E-004
   2756.81000000000       1.998887032486807E-004
   2757.67000000000       1.995135391821820E-004
   2759.80000000000       1.984311717867532E-004
   2761.80000000000       1.967234168282515E-004
   2762.20000000000       1.962349929917930E-004
   2762.60000000000       1.956429585954879E-004
   2763.00000000000       1.948003238453307E-004
   2763.40000000000       1.934202060221426E-004
   2764.20000000000       1.909838611521423E-004
   2764.60000000000       1.926706108620853E-004
   2765.00000000000       1.939647331456228E-004
   2765.40000000000       1.950090194130108E-004
   2765.80000000000       1.958731489217772E-004
   2767.80000000000       1.985653507297749E-004
   2771.80000000000       2.010665073874356E-004
   2773.67000000000       2.016768279014880E-004
   2774.07000000000       2.017851917950536E-004
   2777.80000000000       2.024926580651782E-004
   2778.20000000000       2.025629641379657E-004
   2784.38000000000       2.033811573722898E-004
   2787.80000000000       2.036479788188547E-004
   2788.67000000000       2.036968436987706E-004
   2789.07000000000       2.037161924205406E-004
   2798.20000000000       2.037470894192002E-004
   2803.80000000000       2.032449723716235E-004
   2805.07000000000       2.030895900673721E-004
   2808.67000000000       2.025546607832594E-004
   2812.22000000000       2.016003492383305E-004
   2815.07000000000       2.005305751992075E-004
   2818.80000000000       1.988295956578884E-004
   2821.07000000000       1.972448521061564E-004
   2823.20000000000       1.950559776045183E-004
   2825.07000000000       1.928955716168141E-004
   2827.07000000000       1.896517299005081E-004
   2827.47000000000       1.883168729590425E-004
   2827.87000000000       1.864516762406737E-004
   2828.27000000000       1.836657762006199E-004
   2828.67000000000       1.789341334943377E-004
   2829.47000000000       1.706748770004778E-004
   2829.87000000000       1.760344918561476E-004
   2830.27000000000       1.798500146629633E-004
   2830.67000000000       1.827420920755837E-004
   2831.07000000000       1.849789666004396E-004
   2833.07000000000       1.915014090898295E-004
   2833.67000000000       1.927535349334372E-004
   2837.07000000000       1.975665082759639E-004
   2838.80000000000       1.991435246143239E-004
   2840.34000000000       2.001728078221385E-004
   2843.07000000000       2.014752205741156E-004
   2845.10000000000       2.022320390869577E-004
   2853.07000000000       2.034809055139378E-004
   2863.80000000000       2.045615243907522E-004
   2868.75000000000       2.047903924828237E-004
   2869.07000000000       2.048003574804498E-004
   2870.10000000000       2.048281445280573E-004
   2884.07000000000       2.049011684497078E-004
   2890.10000000000       2.047811639682497E-004
   2897.43000000000       2.044811281522643E-004
   2904.07000000000       2.040377536470381E-004
   2905.10000000000       2.039550364857793E-004
   2921.10000000000       2.016055858598413E-004
   2926.41000000000       1.994419769072991E-004
   2929.07000000000       1.977166271917182E-004
   2931.10000000000       1.961585616918884E-004
   2937.10000000000       1.928895501317832E-004
   2941.10000000000       1.856566285263038E-004
   2943.10000000000       1.769632113007459E-004
   2943.50000000000       1.735748240840604E-004
   2943.90000000000       1.688185621792503E-004
   2944.30000000000       1.615635289517136E-004
   2944.70000000000       1.488573907732133E-004
   2945.50000000000       1.309422673098244E-004
   2945.90000000000       1.444221411327195E-004
   2946.30000000000       1.530993378687938E-004
   2946.70000000000       1.591941263121291E-004
   2947.10000000000       1.637876227202137E-004
   2949.10000000000       1.776170977842518E-004
   2953.10000000000       1.903185959144076E-004
   2955.67000000000       1.947840320153186E-004
   2959.10000000000       1.979741034193656E-004
   2969.10000000000       2.018978955078821E-004
   2985.10000000000       2.026108088318558E-004
   3000.10000000000       2.030592510599863E-004
   3015.08000000000       2.030940601286085E-004
   3020.10000000000       2.030260942999967E-004
   3045.10000000000       2.025493811602081E-004
   3064.00000000000       2.021253123810629E-004
   3075.68000000000       2.018458698938111E-004
   3087.74000000000       2.015367000238369E-004
   3089.00000000000       2.015017126498203E-004
   3103.52000000000       2.010634904424498E-004
   3106.44000000000       2.009637914811696E-004
   3109.00000000000       2.008731120425931E-004
   3112.74000000000       2.007356348568086E-004
   3121.80000000000       2.003653242934670E-004
   3122.20000000000       2.003444571426660E-004
   3124.00000000000       2.002629017836752E-004
   3128.52000000000       2.000432559967806E-004
   3132.74000000000       1.998148572118722E-004
   3137.51000000000       1.995151620174959E-004
   3140.00000000000       1.993335680974170E-004
   3147.74000000000       1.985829297928905E-004
   3148.52000000000       1.984835627426305E-004
   3150.00000000000       1.982807394171206E-004
   3156.00000000000       1.972823782215188E-004
   3160.00000000000       1.965365927304913E-004
   3162.00000000000       1.963183289082696E-004
   3162.40000000000       1.963161795046872E-004
   3162.80000000000       1.963374120402521E-004
   3163.20000000000       1.963656471359378E-004
   3163.52000000000       1.963619315458421E-004
   3163.60000000000       1.963546954243292E-004
   3164.40000000000       1.960682679497425E-004
   3164.80000000000       1.957458333453064E-004
   3165.20000000000       1.952705426278197E-004
   3165.60000000000       1.946811932538013E-004
   3166.00000000000       1.940954638240360E-004
   3168.00000000000       1.918954878499244E-004
   3168.88000000000       1.911091217213980E-004
   3172.00000000000       1.916940720887099E-004
   3173.74000000000       1.927309257104930E-004
   3178.00000000000       1.921178975986350E-004
   3179.52000000000       1.903950402512604E-004
   3179.74000000000       1.900738178956002E-004
   3183.74000000000       1.790905208366738E-004
   3185.74000000000       1.630350464504943E-004
   3186.14000000000       1.571300289368120E-004
   3186.54000000000       1.491668248522316E-004
   3186.94000000000       1.375279662900074E-004
   3187.34000000000       1.181772996936794E-004
   3188.00000000000       9.686164261901088E-005
   3188.14000000000       1.043458331575676E-004
   3188.54000000000       1.217149098623378E-004
   3188.94000000000       1.336900577683173E-004
   3189.34000000000       1.421955099138818E-004
   3189.74000000000       1.487485054758572E-004
   3191.74000000000       1.680374602745277E-004
   3195.52000000000       1.830525448253997E-004
   3195.74000000000       1.835715524281876E-004
   3199.52000000000       1.897946705524266E-004
   3200.57000000000       1.909286559293097E-004
   3201.52000000000       1.917974888045459E-004
   3201.74000000000       1.919800901000427E-004
   3202.32000000000       1.924323402398236E-004
   3202.72000000000       1.927207489216749E-004
   3203.12000000000       1.929921218218327E-004
   3203.92000000000       1.934879572802513E-004
   3204.00000000000       1.935344660619659E-004
   3204.32000000000       1.937144449848263E-004
   3204.72000000000       1.939269304462286E-004
   3205.12000000000       1.941275434605003E-004
   3205.52000000000       1.943151997457359E-004
   3207.52000000000       1.950989221258566E-004
   3211.52000000000       1.960814298062059E-004
   3211.74000000000       1.961198806537118E-004
   3217.52000000000       1.967922270086199E-004
   3219.00000000000       1.968981579398368E-004
   3227.52000000000       1.972596182069640E-004
   3227.74000000000       1.972654661422362E-004
   3232.57000000000       1.973507165802172E-004
   3239.00000000000       1.973774753905291E-004
   3242.74000000000       1.973577287427104E-004
   3243.52000000000       1.973505979931438E-004
   3254.55000000000       1.971918426084399E-004
   3258.52000000000       1.971178318170267E-004
   3262.74000000000       1.970359561963459E-004
   3264.00000000000       1.970110175694651E-004
   3264.90000000000       1.969920510144713E-004
   3278.52000000000       1.966804082195969E-004
   3279.55000000000       1.966476863495779E-004
   3287.74000000000       1.962426987473577E-004
   3297.55000000000       1.961780984606118E-004
   3299.55000000000       1.961450892758302E-004
   3303.52000000000       1.960691475635650E-004
   3314.55000000000       1.958070026444479E-004
   3330.52000000000       1.952783768568632E-004
   3340.55000000000       1.946948092617563E-004
   3346.55000000000       1.941353994820020E-004
   3347.59000000000       1.940023266266336E-004
   3350.55000000000       1.934693654831284E-004
   3352.55000000000       1.929505341883167E-004
   3352.95000000000       1.928310968227121E-004
   3353.35000000000       1.927040704244827E-004
   3353.75000000000       1.925745489470257E-004
   3354.15000000000       1.924591705958396E-004
   3354.95000000000       1.927593925995319E-004
   3355.35000000000       1.929060432813243E-004
   3355.75000000000       1.929894198866824E-004
   3356.15000000000       1.930832431246015E-004
   3356.55000000000       1.931728834068697E-004
   3358.55000000000       1.935235649203338E-004
   3362.55000000000       1.938915380232467E-004
   3363.83000000000       1.939447786010443E-004
   3368.55000000000       1.940210595605457E-004
   3372.59000000000       1.940553902691704E-004
   3378.55000000000       1.940374662101720E-004
   3392.59000000000       1.937955154698443E-004
   3394.55000000000       1.937446453329099E-004
   3397.47000000000       1.936607572155739E-004
   3407.59000000000       1.933107476764804E-004
   3409.55000000000       1.932296451678613E-004
   3421.80000000000       1.925361115725811E-004
   3422.20000000000       1.924820065914272E-004
   3423.59000000000       1.923663003812353E-004
   3429.55000000000       1.917886152999469E-004
   3431.44000000000       1.915751159123434E-004
   3433.59000000000       1.912787938479054E-004
   3439.59000000000       1.901213287957293E-004
   3443.59000000000       1.886811859979739E-004
   3445.59000000000       1.872367982023866E-004
   3445.99000000000       1.868453897770550E-004
   3446.39000000000       1.863959807647053E-004
   3446.79000000000       1.858805553008551E-004
   3447.19000000000       1.853504427680702E-004
   3447.99000000000       1.866403118089398E-004
   3448.39000000000       1.870767095720090E-004
   3448.79000000000       1.873823510985040E-004
   3449.19000000000       1.877847775356443E-004
   3449.59000000000       1.880877065599587E-004
   3451.59000000000       1.890506535035016E-004
   3454.55000000000       1.898875547270209E-004
   3455.59000000000       1.900741287826782E-004
   3461.59000000000       1.906821124734745E-004
   3465.76000000000       1.908495157531663E-004
   3471.59000000000       1.909126063538334E-004
   3487.59000000000       1.908637341737290E-004
   3500.41000000000       1.906661564198239E-004
   3502.59000000000       1.906248423361565E-004
   3513.64000000000       1.904185683371625E-004
   3522.59000000000       1.902699002372906E-004
   3534.20000000000       1.901077705925300E-004
   3535.42000000000       1.900937791909139E-004
   3538.64000000000       1.900575740539758E-004
   3547.59000000000       1.899669449123158E-004
   3552.00000000000       1.899233442996050E-004
   3558.64000000000       1.898542152659982E-004
   3559.20000000000       1.898478030086656E-004
   3570.77000000000       1.896865438851581E-004
   3573.64000000000       1.896277671773121E-004
   3577.00000000000       1.895435074364043E-004
   3579.20000000000       1.894759637116432E-004
   3589.64000000000       1.888631374678514E-004
   3594.20000000000       1.882716526540369E-004
   3597.00000000000       1.877786603279028E-004
   3599.64000000000       1.871035206458083E-004
   3605.01000000000       1.847942724398491E-004
   3605.64000000000       1.844270731157217E-004
   3606.48000000000       1.838541490503919E-004
   3609.64000000000       1.806516211122647E-004
   3610.20000000000       1.798035785903675E-004
   3611.64000000000       1.766003883540034E-004
   3612.00000000000       1.753896970800858E-004
   3612.44000000000       1.735342163573421E-004
   3612.84000000000       1.714117372993032E-004
   3613.24000000000       1.686986631891571E-004
   3614.04000000000       1.750042816123343E-004
   3614.44000000000       1.774042987565880E-004
   3614.84000000000       1.788543477599422E-004
   3615.24000000000       1.799468607200825E-004
   3615.64000000000       1.807979568831227E-004
   3617.64000000000       1.818253480204981E-004
   3620.20000000000       1.831658142997129E-004
   3621.64000000000       1.836192368762243E-004
   3626.20000000000       1.837692922998966E-004
   3627.64000000000       1.834962309476597E-004
   3628.00000000000       1.834036328674109E-004
   3630.01000000000       1.826541025832777E-004
   3632.20000000000       1.815275157964917E-004
   3632.60000000000       1.813214880610054E-004
   3633.00000000000       1.811149727956088E-004
   3633.40000000000       1.809456419334202E-004
   3633.80000000000       1.808731710609056E-004
   3634.60000000000       1.811762326829546E-004
   3635.00000000000       1.815966687229657E-004
   3635.40000000000       1.820284212007848E-004
   3635.80000000000       1.824348108956031E-004
   3636.20000000000       1.828075826656814E-004
   3637.64000000000       1.837931011587765E-004
   3638.00000000000       1.839475178459837E-004
   3642.20000000000       1.858173901141335E-004
   3642.55000000000       1.859638501654489E-004
   3644.00000000000       1.865301124448735E-004
   3648.00000000000       1.876772149130732E-004
   3650.00000000000       1.879983983013967E-004
   3650.40000000000       1.880368936860007E-004
   3650.80000000000       1.880649413398112E-004
   3651.20000000000       1.880803622080496E-004
   3651.60000000000       1.880735954512057E-004
   3652.40000000000       1.879838985977591E-004
   3652.80000000000       1.881111263353398E-004
   3653.20000000000       1.882235391173571E-004
   3653.60000000000       1.883297277822058E-004
   3654.00000000000       1.884286268198578E-004
   3656.00000000000       1.888167712030222E-004
   3658.20000000000       1.891184490784471E-004
   3660.00000000000       1.893056787378227E-004
   3665.01000000000       1.895992410684502E-004
   3666.00000000000       1.896185763202494E-004
   3668.64000000000       1.896094635613083E-004
   3674.20000000000       1.892835617954486E-004
   3676.00000000000       1.890766384652797E-004
   3678.97000000000       1.886057163060367E-004
   3679.80000000000       1.884420973159702E-004
   3680.20000000000       1.883531904254004E-004
   3681.01000000000       1.881730688318877E-004
   3688.64000000000       1.857525963582943E-004
   3689.20000000000       1.855180549484036E-004
   3691.01000000000       1.846955907840451E-004
   3692.00000000000       1.841956749126379E-004
   3695.00000000000       1.823628354372968E-004
   3697.01000000000       1.807353283587831E-004
   3701.01000000000       1.761042359097251E-004
   3703.01000000000       1.724244364350346E-004
   3703.41000000000       1.716370678992523E-004
   3703.81000000000       1.708070823497341E-004
   3704.21000000000       1.699394695537106E-004
   3704.61000000000       1.689986454942244E-004
   3705.41000000000       1.699402059056241E-004
   3705.81000000000       1.711735513385910E-004
   3706.21000000000       1.723687011330412E-004
   3706.61000000000       1.734918444669362E-004
   3707.00000000000       1.744872755602313E-004
   3709.01000000000       1.781366910554284E-004
   3711.00000000000       1.797266090634415E-004
   3713.01000000000       1.811074660198877E-004
   3713.64000000000       1.815716404570775E-004
   3715.76000000000       1.830265072913803E-004
   3719.01000000000       1.849022052681371E-004
   3719.60000000000       1.852058128503501E-004
   3721.00000000000       1.858597542446359E-004
   3727.00000000000       1.878819342462928E-004
   3729.01000000000       1.882971031915967E-004
   3731.00000000000       1.885653222189576E-004
   3733.00000000000       1.883359798564553E-004
   3733.40000000000       1.880977134297302E-004
   3733.80000000000       1.876053493942831E-004
   3734.20000000000       1.864735529242792E-004
   3734.60000000000       1.866508240391652E-004
   3735.40000000000       1.873686612511688E-004
   3735.80000000000       1.876623410920345E-004
   3736.20000000000       1.879452517575781E-004
   3736.60000000000       1.882120694265244E-004
   3737.00000000000       1.884522522095130E-004
   3739.00000000000       1.893987313545639E-004
   3743.00000000000       1.904765925740990E-004
   3744.60000000000       1.907747646150293E-004
   3745.01000000000       1.908404601967786E-004
   3749.00000000000       1.913733500529661E-004
   3752.00000000000       1.916207515748336E-004
   3752.92000000000       1.916744985336418E-004
   3759.00000000000       1.918206690633012E-004
   3760.01000000000       1.918115568029803E-004
   3764.60000000000       1.916489854089301E-004
   3767.50000000000       1.914381461408991E-004
   3771.79000000000       1.909624570721945E-004
   3775.00000000000       1.904664346056570E-004
   3779.60000000000       1.895199900562701E-004
   3780.01000000000       1.894211184634275E-004
   3787.89000000000       1.869676928222018E-004
   3788.65000000000       1.866675026642162E-004
   3790.00000000000       1.861044318968818E-004
   3790.45000000000       1.859073045162451E-004
   3792.50000000000       1.849457340474275E-004
   3795.60000000000       1.832646117585531E-004
   3796.79000000000       1.825319603281253E-004
   3805.01000000000       1.756041862500915E-004
   3805.60000000000       1.749241483163536E-004
   3810.00000000000       1.690353464416623E-004
   3811.60000000000       1.667897512604969E-004
   3812.50000000000       1.650605236505393E-004
   3812.89000000000       1.642565141921498E-004
   3813.65000000000       1.625879084957504E-004
   3815.60000000000       1.570935055780299E-004
   3816.79000000000       1.526766430070309E-004
   3817.60000000000       1.494262970037211E-004
   3818.00000000000       1.478869463996647E-004
   3818.40000000000       1.463082094655542E-004
   3818.80000000000       1.443448772988505E-004
   3819.20000000000       1.425298122956952E-004
   3820.00000000000       1.406248547428224E-004
   3820.40000000000       1.438369785277353E-004
   3820.80000000000       1.470515197741502E-004
   3821.20000000000       1.500006451404029E-004
   3821.60000000000       1.526089381959762E-004
   3823.60000000000       1.616730831826760E-004
   3826.53000000000       1.689725091384538E-004
   3827.50000000000       1.703840142182299E-004
   3828.35000000000       1.712034006293818E-004
   3831.79000000000       1.734491165017375E-004
   3832.89000000000       1.744749968503803E-004
   3833.60000000000       1.751006522818566E-004
   3835.00000000000       1.762802533184044E-004
   3835.91000000000       1.770177109867790E-004
   3843.50000000000       1.818334397970734E-004
   3847.79000000000       1.838359145199318E-004
   3848.65000000000       1.841691031534839E-004
   3851.53000000000       1.850926818309811E-004
   3853.50000000000       1.855712340230449E-004
   3857.79000000000       1.862518149163682E-004
   3859.50000000000       1.863719593857021E-004
   3860.91000000000       1.863664273208383E-004
   3863.50000000000       1.858920332821893E-004
   3863.79000000000       1.857818345310265E-004
   3864.65000000000       1.853549130432552E-004
   3865.50000000000       1.847241128350123E-004
   3865.90000000000       1.843185120670976E-004
   3866.30000000000       1.838026139928767E-004
   3866.64000000000       1.832300502869226E-004
   3867.10000000000       1.820648453612257E-004
   3867.79000000000       1.790781575028717E-004
   3867.90000000000       1.794846732938348E-004
   3868.30000000000       1.805275660016194E-004
   3868.70000000000       1.811417556835551E-004
   3869.10000000000       1.815998856124215E-004
   3869.50000000000       1.819707656063779E-004
   3869.79000000000       1.821901890243456E-004
   3870.19000000000       1.824436644174422E-004
   3870.59000000000       1.826530643582613E-004
   3870.99000000000       1.828270062397375E-004
   3871.39000000000       1.829667298014034E-004
   3871.50000000000       1.829992326408705E-004
   3872.19000000000       1.831711798456786E-004
   3872.59000000000       1.832516849824470E-004
   3872.99000000000       1.833169866217391E-004
   3873.39000000000       1.833650309479565E-004
   3873.79000000000       1.833967581210558E-004
   3874.60000000000       1.834036759914699E-004
   3875.50000000000       1.833132607827921E-004
   3875.79000000000       1.832612178461093E-004
   3879.79000000000       1.808983233144771E-004
   3880.65000000000       1.798094208367056E-004
   3880.91000000000       1.794193609381920E-004
   3881.50000000000       1.784108234579204E-004
   3883.89000000000       1.719099236660179E-004
   3884.65000000000       1.684413890964035E-004
   3885.79000000000       1.607687897267057E-004
   3886.29000000000       1.560190503376690E-004
   3886.53000000000       1.532793426474752E-004
   3886.69000000000       1.512438144229908E-004
   3887.05000000000       1.458005213650950E-004
   3887.45000000000       1.378421461722230E-004
   3887.49000000000       1.368851947062603E-004
   3887.85000000000       1.264134059515712E-004
   3888.25000000000       1.090402705137336E-004
   3888.29000000000       1.068940149855368E-004
   3888.69000000000       9.521692041090195E-005
   3889.05000000000       1.046237152232833E-004
   3889.09000000000       1.063778146485475E-004
   3889.45000000000       1.204420912177768E-004
   3889.73000000000       1.287817817910208E-004
   3889.89000000000       1.327048306460299E-004
   3890.25000000000       1.398257398239515E-004
   3890.65000000000       1.458057244775335E-004
   3891.50000000000       1.551207730859792E-004
   3891.89000000000       1.582933424195480E-004
   3892.65000000000       1.632195610638616E-004
   3893.88000000000       1.692134680529965E-004
   3894.60000000000       1.719099192961363E-004
   3895.79000000000       1.754304005499849E-004
   3895.91000000000       1.757339534172071E-004
   3896.65000000000       1.774433906433448E-004
   3901.89000000000       1.845805667578557E-004
   3902.53000000000       1.850885823662336E-004
   3905.30000000000       1.868304161506461E-004
   3907.50000000000       1.878044246602847E-004
   3909.27000000000       1.883851114694733E-004
   3909.73000000000       1.885119222513456E-004
   3911.79000000000       1.889680812948435E-004
   3911.91000000000       1.889887269569516E-004
   3912.53000000000       1.890917845422527E-004
   3913.88000000000       1.892703870848964E-004
   3918.53000000000       1.895158185745804E-004
   3919.60000000000       1.895020352859286E-004
   3921.91000000000       1.893740536896875E-004
   3922.50000000000       1.893231560713444E-004
   3923.97000000000       1.891736380051462E-004
   3924.53000000000       1.891097731737477E-004
   3924.93000000000       1.890648642059439E-004
   3925.33000000000       1.890199531813040E-004
   3925.73000000000       1.889667132090993E-004
   3926.13000000000       1.889029450904754E-004
   3926.20000000000       1.888924920342106E-004
   3926.79000000000       1.888131886236478E-004
   3926.93000000000       1.888050412315911E-004
   3927.33000000000       1.888016703714509E-004
   3927.73000000000       1.888172288924781E-004
   3927.91000000000       1.888281832703642E-004
   3928.13000000000       1.888454823475442E-004
   3928.53000000000       1.888811013371639E-004
   3928.88000000000       1.889145021393937E-004
   3930.53000000000       1.890470734824089E-004
   3931.91000000000       1.891158390341099E-004
   3933.91000000000       1.891319627649502E-004
   3934.27000000000       1.891211934432152E-004
   3934.53000000000       1.891110006300639E-004
   3935.11000000000       1.890796015525475E-004
   3935.51000000000       1.890504085226738E-004
   3936.31000000000       1.889692790702755E-004
   3936.71000000000       1.889459502267207E-004
   3937.11000000000       1.889195706892461E-004
   3937.51000000000       1.888901340386553E-004
   3937.91000000000       1.888545891456147E-004
   3939.91000000000       1.886158573818768E-004
   3940.53000000000       1.885194396958288E-004
   3942.50000000000       1.881313579338643E-004
   3942.89000000000       1.880379398966301E-004
   3943.65000000000       1.878357838970982E-004
   3943.91000000000       1.877600016002763E-004
   3944.36000000000       1.876202830278729E-004
   3944.88000000000       1.874454020071171E-004
   3946.79000000000       1.866520941375416E-004
   3948.97000000000       1.854492777060336E-004
   3949.91000000000       1.848353129676985E-004
   3950.53000000000       1.844001359956507E-004
   3951.20000000000       1.839005178631553E-004
   3954.27000000000       1.810344068357327E-004
   3954.88000000000       1.802924147034238E-004
   3956.73000000000       1.774965408123474E-004
   3959.91000000000       1.698994734904729E-004
   3960.73000000000       1.669482004755253E-004
   3962.73000000000       1.556787426263040E-004
   3963.13000000000       1.518975429292595E-004
   3963.53000000000       1.469370588717049E-004
   3963.93000000000       1.399309643911920E-004
   3964.33000000000       1.294796795021391E-004
   3964.88000000000       1.353246352918020E-004
   3965.13000000000       1.483143116337957E-004
   3965.53000000000       1.584471381018536E-004
   3965.93000000000       1.638692391348108E-004
   3966.33000000000       1.671417061163573E-004
   3966.73000000000       1.690835289620108E-004
   3967.28000000000       1.700041574397927E-004
   3967.50000000000       1.700283289506835E-004
   3968.08000000000       1.697165741400985E-004
   3968.48000000000       1.695362747957887E-004
   3968.73000000000       1.695828766332971E-004
   3968.97000000000       1.698033393873894E-004
   3969.27000000000       1.703189369105498E-004
   3969.28000000000       1.703401510408756E-004
   3969.68000000000       1.714109507783640E-004
   3970.00000000000       1.725309377888765E-004
   3970.48000000000       1.745129082361244E-004
   3970.88000000000       1.762197384350475E-004
   3971.20000000000       1.773669414373334E-004
   3971.79000000000       1.786355282469035E-004
   3972.73000000000       1.792584089428852E-004
   3975.91000000000       1.804817206963236E-004
   3976.88000000000       1.807415776970426E-004
   3978.73000000000       1.811218796607241E-004
   3981.53000000000       1.813302997233580E-004
   3982.88000000000       1.812843702981516E-004
   3983.80000000000       1.812026667777326E-004
   3985.27000000000       1.809887007225622E-004
   3986.20000000000       1.807987190141118E-004
   3987.89000000000       1.803437544138337E-004
   3988.65000000000       1.800939208447072E-004
   3990.00000000000       1.795828876065753E-004
   3990.91000000000       1.791920909359474E-004
   3992.88000000000       1.782351622786440E-004
   3995.27000000000       1.768921397983105E-004
   3999.97000000000       1.736293041786290E-004
   4000.51000000000       1.731897994909446E-004
   4001.27000000000       1.725460819153792E-004
   4001.53000000000       1.723186224910262E-004
   4002.20000000000       1.717129167102311E-004
   4004.73000000000       1.691459005831900E-004
   4005.00000000000       1.688422413998773E-004
   4005.27000000000       1.685335318072602E-004
   4007.27000000000       1.660705006184356E-004
   4007.67000000000       1.655405871643609E-004
   4008.07000000000       1.649659505631294E-004
   4008.47000000000       1.643329634617114E-004
   4008.87000000000       1.636468771426405E-004
   4008.88000000000       1.636285364197145E-004
   4009.67000000000       1.624427364578539E-004
   4009.97000000000       1.621178216746062E-004
   4010.47000000000       1.616022051571289E-004
   4010.87000000000       1.611870930449957E-004
   4011.27000000000       1.607576301024831E-004
   4012.20000000000       1.596838637994509E-004
   4013.27000000000       1.582875154810647E-004
   4015.97000000000       1.537081735934793E-004
   4017.27000000000       1.507618719163556E-004
   4018.20000000000       1.482743662981745E-004
   4019.73000000000       1.433352434378926E-004
   4019.97000000000       1.424482048849572E-004
   4020.80000000000       1.391058760656281E-004
   4021.00000000000       1.382316040319633E-004
   4021.97000000000       1.335562794334107E-004
   4022.20000000000       1.323306698730784E-004
   4022.77000000000       1.290832720433356E-004
   4023.17000000000       1.266297691834944E-004
   4023.57000000000       1.240385777180672E-004
   4023.64000000000       1.235694870672494E-004
   4023.88000000000       1.219273093943683E-004
   4024.20000000000       1.196574989253725E-004
   4024.37000000000       1.184185403867497E-004
   4024.60000000000       1.166705016065624E-004
   4025.00000000000       1.132700513916198E-004
   4025.40000000000       1.081394656805069E-004
   4025.57000000000       1.050694119804353E-004
   4025.80000000000       1.035747146362712E-004
   4025.97000000000       1.047316095590464E-004
   4026.53000000000       1.056191480819303E-004
   4026.60000000000       1.062055862770190E-004
   4027.00000000000       1.102059126549016E-004
   4027.40000000000       1.143452401408183E-004
   4027.80000000000       1.183088197163766E-004
   4028.20000000000       1.220702848097370E-004
   4030.20000000000       1.370062904772289E-004
   4031.00000000000       1.414328757015228E-004
   4031.97000000000       1.459906315093424E-004
   4033.27000000000       1.510261819837320E-004
   4034.20000000000       1.540369631697933E-004
   4035.91000000000       1.586247379134786E-004
   4037.00000000000       1.610382407153342E-004
   4037.97000000000       1.628873247843236E-004
   4039.73000000000       1.655623269345879E-004
   4040.20000000000       1.661303226886684E-004
   4041.00000000000       1.669505937384914E-004
   4043.00000000000       1.683443120490011E-004
   4043.40000000000       1.684959459814984E-004
   4043.76000000000       1.685526027372149E-004
   4043.88000000000       1.685488359510994E-004
   4044.20000000000       1.684639058174703E-004
   4044.60000000000       1.681573884175973E-004
   4045.40000000000       1.673023982806991E-004
   4045.51000000000       1.672797898524996E-004
   4045.80000000000       1.673318267361764E-004
   4046.20000000000       1.675277272626050E-004
   4046.60000000000       1.677700098194345E-004
   4047.00000000000       1.680498417069535E-004
   4047.97000000000       1.688192998121525E-004
   4049.00000000000       1.696389467997863E-004
   4049.27000000000       1.698503256923383E-004
   4050.20000000000       1.705703822539942E-004
   4053.00000000000       1.726698436656948E-004
   4059.00000000000       1.766594531480259E-004
   4060.51000000000       1.775172222825778E-004
   4063.87000000000       1.792055805500162E-004
   4064.27000000000       1.793899168660260E-004
   4064.73000000000       1.795973381171138E-004
   4065.80000000000       1.800655153852955E-004
   4066.20000000000       1.802356439230499E-004
   4068.76000000000       1.812579131247745E-004
   4068.97000000000       1.813363858156454E-004
   4076.51000000000       1.837171459673483E-004
   4078.97000000000       1.843168277534978E-004
   4080.80000000000       1.847105789513184E-004
   4081.20000000000       1.847907278122582E-004
   4084.27000000000       1.853360749441651E-004
   4085.00000000000       1.854470053495150E-004
   4086.51000000000       1.856546796406034E-004
   4088.76000000000       1.859108531356535E-004
   4092.51000000000       1.862147728144535E-004
   4093.97000000000       1.862957736786932E-004
   4096.51000000000       1.863824901973255E-004
   4096.80000000000       1.863881596373968E-004
   4098.51000000000       1.863959836583312E-004
   4098.91000000000       1.863923977920723E-004
   4099.31000000000       1.863857680596411E-004
   4099.71000000000       1.863771480331945E-004
   4100.00000000000       1.863696457304423E-004
   4100.11000000000       1.863674849414442E-004
   4100.91000000000       1.863421354922087E-004
   4101.20000000000       1.863326648611317E-004
   4101.71000000000       1.863149339145821E-004
   4102.11000000000       1.862962566489924E-004
   4102.51000000000       1.862746115320002E-004
   4103.76000000000       1.861965649232400E-004
   4104.51000000000       1.861321498740564E-004
   4106.80000000000       1.858191578793888E-004
   4108.51000000000       1.854457520997130E-004
   4109.27000000000       1.852403447397726E-004
   4112.80000000000       1.839021490705120E-004
   4113.97000000000       1.832539506127746E-004
   4114.51000000000       1.828992999830807E-004
   4116.80000000000       1.807733120452028E-004
   4118.80000000000       1.768943512147511E-004
   4119.20000000000       1.754695606810185E-004
   4119.60000000000       1.735197555442587E-004
   4120.00000000000       1.705196667525702E-004
   4120.40000000000       1.649536385335361E-004
   4121.20000000000       1.427082626773109E-004
   4121.60000000000       1.512760910202972E-004
   4122.00000000000       1.564996950608202E-004
   4122.40000000000       1.597353584309642E-004
   4122.80000000000       1.621351928273480E-004
   4123.97000000000       1.664814972347825E-004
   4124.51000000000       1.678769086194532E-004
   4124.80000000000       1.685440299600808E-004
   4126.20000000000       1.712775424366551E-004
   4128.80000000000       1.746310367560477E-004
   4129.76000000000       1.753881081879350E-004
   4134.80000000000       1.767664754658027E-004
   4135.76000000000       1.767281412883421E-004
   4139.76000000000       1.756413303220451E-004
   4140.51000000000       1.752681842563247E-004
   4141.76000000000       1.745157956146574E-004
   4142.16000000000       1.740622369059603E-004
   4142.56000000000       1.734575003675712E-004
   4142.96000000000       1.727304683220733E-004
   4143.36000000000       1.721526732674857E-004
   4144.16000000000       1.710157099114757E-004
   4144.56000000000       1.714330001868576E-004
   4144.80000000000       1.717432211952068E-004
   4144.97000000000       1.719706935588670E-004
   4145.36000000000       1.725117079064170E-004
   4145.76000000000       1.730733378635464E-004
   4147.76000000000       1.755553183305992E-004
   4151.76000000000       1.789174842492534E-004
   4154.97000000000       1.806800625916189E-004
   4155.51000000000       1.809354060939966E-004
   4157.76000000000       1.819017974796899E-004
   4160.80000000000       1.829845392765974E-004
   4164.97000000000       1.839935297090521E-004
   4166.97000000000       1.842328509239970E-004
   4167.37000000000       1.842476934088815E-004
   4167.76000000000       1.842405604030199E-004
   4168.17000000000       1.841995982956103E-004
   4168.57000000000       1.840972907226228E-004
   4169.37000000000       1.837770683996757E-004
   4169.77000000000       1.840093795045985E-004
   4170.17000000000       1.841986431888747E-004
   4170.57000000000       1.843565840264754E-004
   4170.97000000000       1.844977636600102E-004
   4172.97000000000       1.850668663482948E-004
   4175.51000000000       1.856048956273735E-004
   4175.80000000000       1.856581628408867E-004
   4176.97000000000       1.858578794090264E-004
   4182.97000000000       1.866849471494040E-004
   4183.76000000000       1.867750488221778E-004
   4187.01000000000       1.871129341725535E-004
   4192.97000000000       1.875627495828156E-004
   4195.80000000000       1.877107367997182E-004
   4198.76000000000       1.878311724854345E-004
   4200.51000000000       1.878893994620586E-004
   4208.97000000000       1.880626404504410E-004
   4218.76000000000       1.880678597477231E-004
   4220.80000000000       1.880520748785865E-004
   4223.97000000000       1.880173102965632E-004
   4228.88000000000       1.879424745718233E-004
   4239.16000000000       1.877203634277425E-004
   4243.76000000000       1.875992157417662E-004
   4243.97000000000       1.875932175472561E-004
   4264.16000000000       1.869335144764356E-004
   4268.97000000000       1.867443725526003E-004
   4271.17000000000       1.866513621409225E-004
   4284.16000000000       1.860364695957201E-004
   4287.93000000000       1.858469414189277E-004
   4299.16000000000       1.851862500820923E-004
   4312.93000000000       1.841160074592551E-004
   4313.88000000000       1.840288701374468E-004
   4315.16000000000       1.839097358922931E-004
   4325.16000000000       1.828436680408404E-004
   4331.16000000000       1.820463423052930E-004
   4332.93000000000       1.817804231349715E-004
   4335.16000000000       1.814190036676015E-004
   4337.16000000000       1.810592382798814E-004
   4337.55000000000       1.809838478379527E-004
   4337.96000000000       1.809033440136620E-004
   4338.36000000000       1.808228478589613E-004
   4338.76000000000       1.807412866948700E-004
   4339.56000000000       1.805701123431723E-004
   4339.96000000000       1.804753436124561E-004
   4340.36000000000       1.803711789636402E-004
   4340.76000000000       1.803102027953247E-004
   4341.16000000000       1.802624112517117E-004
   4343.16000000000       1.799333180097166E-004
   4347.16000000000       1.791164625738375E-004
   4347.93000000000       1.789372744519130E-004
   4353.16000000000       1.775640585702269E-004
   4357.02000000000       1.763765877839522E-004
   4362.55000000000       1.743816536314962E-004
   4363.16000000000       1.741345523043620E-004
   4363.93000000000       1.738114559382121E-004
   4371.48000000000       1.698793489507091E-004
   4373.93000000000       1.682733837009770E-004
   4379.16000000000       1.639405412962355E-004
   4379.93000000000       1.631112480138364E-004
   4382.55000000000       1.598777948233705E-004
   4383.93000000000       1.583977758694816E-004
   4385.93000000000       1.518638623398022E-004
   4386.33000000000       1.499936927807069E-004
   4386.73000000000       1.478088171355366E-004
   4387.13000000000       1.444687003577618E-004
   4387.53000000000       1.379972566289351E-004
   4388.33000000000       1.378914199803009E-004
   4388.73000000000       1.400807341189961E-004
   4389.13000000000       1.422320755734940E-004
   4389.53000000000       1.441994528707141E-004
   4389.93000000000       1.459950788046644E-004
   4391.93000000000       1.529118128893259E-004
   4394.16000000000       1.576449082240137E-004
   4395.93000000000       1.601908444714723E-004
   4396.48000000000       1.608446135810274E-004
   4397.55000000000       1.619821978871626E-004
   4400.59000000000       1.645279011528431E-004
   4401.93000000000       1.654129571312256E-004
   4411.93000000000       1.690117051800462E-004
   4413.55000000000       1.692111267293437E-004
   4414.16000000000       1.692656349145070E-004
   4416.48000000000       1.693796518398450E-004
   4417.00000000000       1.693861857121808E-004
   4423.55000000000       1.688465054180885E-004
   4427.93000000000       1.678073630106118E-004
   4429.55000000000       1.672562168753893E-004
   4431.48000000000       1.664538020848374E-004
   4433.55000000000       1.653509808152735E-004
   4435.55000000000       1.638268903581282E-004
   4435.95000000000       1.634046101324629E-004
   4436.35000000000       1.629039463751878E-004
   4436.75000000000       1.622709948895733E-004
   4437.15000000000       1.613607971039993E-004
   4437.95000000000       1.593617509988893E-004
   4438.35000000000       1.599020366068997E-004
   4438.75000000000       1.601837786950294E-004
   4439.15000000000       1.603563264868139E-004
   4439.55000000000       1.604535499160994E-004
   4441.55000000000       1.602792262448723E-004
   4442.00000000000       1.601547779481089E-004
   4442.93000000000       1.598308903971674E-004
   4444.60000000000       1.590486265910892E-004
   4445.55000000000       1.584862970541718E-004
   4447.48000000000       1.570521705768577E-004
   4451.55000000000       1.529924253832632E-004
   4457.48000000000       1.450134860920527E-004
   4461.55000000000       1.362233251201316E-004
   4462.00000000000       1.350240882506411E-004
   4462.93000000000       1.323380890831758E-004
   4463.48000000000       1.305694627743240E-004
   4467.48000000000       1.113586104257657E-004
   4469.48000000000       9.890645115707438E-005
   4469.88000000000       9.839082784261401E-005
   4470.28000000000       1.036884618043466E-004
   4470.68000000000       1.017240255512146E-004
   4471.08000000000       9.633064142788647E-005
   4471.88000000000       9.352775603872235E-005
   4472.28000000000       9.453331925507782E-005
   4472.68000000000       9.665641960440578E-005
   4473.08000000000       9.909839338238636E-005
   4473.48000000000       1.018044126328149E-004
   4475.48000000000       1.158378085743107E-004
   4477.00000000000       1.242460909521046E-004
   4477.55000000000       1.267767972987427E-004
   4479.48000000000       1.341196321314588E-004
   4485.48000000000       1.488269660529537E-004
   4487.93000000000       1.528046045712011E-004
   4489.04000000000       1.542992601704829E-004
   4492.55000000000       1.581989400012990E-004
   4493.00000000000       1.586276798515201E-004
   4495.48000000000       1.607262642496885E-004
   4503.00000000000       1.649896798424201E-004
   4509.00000000000       1.666418744364665E-004
   4511.48000000000       1.670417874982228E-004
   4512.55000000000       1.669729783060953E-004
   4513.00000000000       1.668788135250067E-004
   4515.00000000000       1.658639603431961E-004
   4515.40000000000       1.654950808672430E-004
   4515.80000000000       1.650299729281202E-004
   4516.20000000000       1.644252719236551E-004
   4516.60000000000       1.635734969700247E-004
   4517.40000000000       1.607037777469011E-004
   4517.80000000000       1.600707153355321E-004
   4518.20000000000       1.600533460119199E-004
   4518.60000000000       1.602015650840936E-004
   4519.00000000000       1.604121253734008E-004
   4521.00000000000       1.618931491224224E-004
   4525.00000000000       1.645267716253259E-004
   4526.48000000000       1.653035570468402E-004
   4531.00000000000       1.671380954257298E-004
   4533.93000000000       1.680811421761334E-004
   4537.55000000000       1.690711832229726E-004
   4541.00000000000       1.698648928720741E-004
   4546.48000000000       1.708746072974784E-004
   4557.00000000000       1.721364290086871E-004
   4571.48000000000       1.730137822965228E-004
   4572.00000000000       1.730356567894142E-004
   4579.27000000000       1.733040122265675E-004
   4586.29000000000       1.735005950963460E-004
   4592.00000000000       1.736205287635409E-004
   4611.29000000000       1.737622230671735E-004
   4613.20000000000       1.737499025372242E-004
   4617.00000000000       1.737122881055135E-004
   4625.07000000000       1.735740831957781E-004
   4631.29000000000       1.734192332146791E-004
   4638.20000000000       1.732093124845641E-004
   4646.29000000000       1.729262013199735E-004
   4658.20000000000       1.724436717485649E-004
   4662.29000000000       1.722602232331188E-004
   4671.32000000000       1.717962446093263E-004
   4672.29000000000       1.717391172979233E-004
   4673.20000000000       1.716840652598564E-004
   4678.29000000000       1.713345907787460E-004
   4682.29000000000       1.709990812480536E-004
   4684.29000000000       1.708076175939937E-004
   4684.69000000000       1.707655123600582E-004
   4685.09000000000       1.707224335241620E-004
   4685.50000000000       1.706773351357306E-004
   4685.90000000000       1.706332622723220E-004
   4686.69000000000       1.705430910636114E-004
   4687.09000000000       1.704960145203502E-004
   4687.50000000000       1.704469433902158E-004
   4687.90000000000       1.703988905871713E-004
   4688.29000000000       1.703508596350308E-004
   4689.20000000000       1.702368132156882E-004
   4690.29000000000       1.700938341216392E-004
   4694.29000000000       1.694324263777342E-004
   4699.20000000000       1.680652650519758E-004
   4700.29000000000       1.676357832137342E-004
   4705.20000000000       1.644482994388320E-004
   4709.20000000000       1.577246239681401E-004
   4710.29000000000       1.538611568109065E-004
   4711.20000000000       1.487128666312784E-004
   4711.60000000000       1.454040766521923E-004
   4712.00000000000       1.408981786505034E-004
   4712.40000000000       1.341334012359003E-004
   4712.80000000000       1.220965382374961E-004
   4713.60000000000       1.009723847480314E-004
   4714.00000000000       1.127667492941892E-004
   4714.40000000000       1.213469412498829E-004
   4714.80000000000       1.274386540166408E-004
   4715.20000000000       1.318288844441107E-004
   4717.20000000000       1.449176170096438E-004
   4718.03000000000       1.483638483214508E-004
   4721.20000000000       1.561107007237900E-004
   4726.29000000000       1.620451978244585E-004
   4727.20000000000       1.627167114293636E-004
   4737.20000000000       1.666612970451355E-004
   4741.29000000000       1.673459803020803E-004
   4753.20000000000       1.681019117034205E-004
   4759.86000000000       1.682180406874450E-004
   4761.29000000000       1.682265195941495E-004
   4765.21000000000       1.682183443460092E-004
   4768.20000000000       1.681865610798912E-004
   4784.86000000000       1.677115697717955E-004
   4786.29000000000       1.676584051284600E-004
   4788.20000000000       1.675862216292951E-004
   4804.86000000000       1.669215062832022E-004
   4811.00000000000       1.666355255915445E-004
   4812.86000000000       1.665425621413543E-004
   4813.20000000000       1.665255979152443E-004
   4819.86000000000       1.661658197176839E-004
   4821.93000000000       1.660449437071544E-004
   4835.86000000000       1.651070471776481E-004
   4845.86000000000       1.642310782678765E-004
   4846.93000000000       1.641221864861622E-004
   4851.86000000000       1.635626737156883E-004
   4855.86000000000       1.629988890545085E-004
   4857.86000000000       1.626295912211429E-004
   4858.26000000000       1.625403789245513E-004
   4858.66000000000       1.624430512578624E-004
   4859.06000000000       1.623375139396871E-004
   4859.46000000000       1.622226182004219E-004
   4860.26000000000       1.619783226120461E-004
   4860.66000000000       1.619045653511834E-004
   4860.99000000000       1.619352785087102E-004
   4861.46000000000       1.619461106418136E-004
   4861.86000000000       1.617505194278815E-004
   4863.86000000000       1.616711572840698E-004
   4866.93000000000       1.613794338208741E-004
   4867.86000000000       1.612455175520344E-004
   4871.00000000000       1.607165108772022E-004
   4873.86000000000       1.601522214552989E-004
   4881.93000000000       1.581301229116614E-004
   4883.86000000000       1.575305202117483E-004
   4887.00000000000       1.564358983162422E-004
   4897.00000000000       1.515978801003972E-004
   4897.93000000000       1.510060285352807E-004
   4899.86000000000       1.496799567780631E-004
   4903.00000000000       1.472288362708206E-004
   4907.00000000000       1.435239067481347E-004
   4907.93000000000       1.425337342393739E-004
   4909.00000000000       1.414255986986827E-004
   4909.40000000000       1.410447178765184E-004
   4909.60000000000       1.408607913859163E-004
   4910.20000000000       1.403353856312775E-004
   4910.60000000000       1.405204531577668E-004
   4911.40000000000       1.413280948392481E-004
   4911.80000000000       1.412109938320508E-004
   4912.20000000000       1.408893377194904E-004
   4912.60000000000       1.404254983345255E-004
   4913.00000000000       1.398480907525159E-004
   4913.93000000000       1.381448413562603E-004
   4914.86000000000       1.359470453509742E-004
   4915.68000000000       1.334644874777622E-004
   4917.93000000000       1.227163280263552E-004
   4919.00000000000       1.161387308625124E-004
   4919.93000000000       1.105497724697124E-004
   4920.33000000000       1.102775612299709E-004
   4920.73000000000       1.162389619642772E-004
   4921.13000000000       1.159173322357115E-004
   4921.53000000000       1.087574870290971E-004
   4922.33000000000       9.502018372349506E-005
   4922.73000000000       9.799268534609241E-005
   4923.13000000000       1.012817164798271E-004
   4923.53000000000       1.045490436298608E-004
   4923.93000000000       1.077152454014348E-004
   4925.00000000000       1.148596030641748E-004
   4925.93000000000       1.198158451747764E-004
   4929.93000000000       1.329006115022714E-004
   4934.86000000000       1.413508457629730E-004
   4935.93000000000       1.426826456157984E-004
   4940.68000000000       1.471987953150864E-004
   4945.93000000000       1.506026502852176E-004
   4947.74000000000       1.515224172742769E-004
   4951.00000000000       1.529091800849430E-004
   4958.70000000000       1.551034629411367E-004
   4959.86000000000       1.553377388373644E-004
   4960.68000000000       1.554928431866852E-004
   4961.93000000000       1.557130028086434E-004
   4966.00000000000       1.563002031883992E-004
   4972.74000000000       1.568724259278207E-004
   4975.68000000000       1.569608010916028E-004
   4976.93000000000       1.569730025632288E-004
   4986.00000000000       1.565267875959147E-004
   4991.68000000000       1.555022487809007E-004
   4992.74000000000       1.552396832186315E-004
   4996.93000000000       1.538578211988337E-004
   5001.68000000000       1.511612405491552E-004
   5007.68000000000       1.441863677455601E-004
   5008.28000000000       1.430597716283915E-004
   5011.00000000000       1.358888777108717E-004
   5011.68000000000       1.331945270818571E-004
   5013.68000000000       1.202520732811307E-004
   5014.08000000000       1.158254491356348E-004
   5014.48000000000       1.100661324615848E-004
   5014.88000000000       1.026024153107409E-004
   5015.28000000000       9.427095797051482E-005
   5016.08000000000       9.969735324593240E-005
   5016.48000000000       1.112916176734696E-004
   5016.88000000000       1.192600527701490E-004
   5017.28000000000       1.248664254896687E-004
   5017.68000000000       1.290347577392302E-004
   5019.68000000000       1.407939072160140E-004
   5021.93000000000       1.469180809457390E-004
   5023.68000000000       1.496816942979762E-004
   5029.68000000000       1.540071116640165E-004
   5033.74000000000       1.549423348589825E-004
   5039.68000000000       1.540976127816985E-004
   5043.74000000000       1.473030707388757E-004
   5045.74000000000       1.462445296521946E-004
   5046.14000000000       1.454861571507404E-004
   5046.54000000000       1.442413883949946E-004
   5046.94000000000       1.422051949422916E-004
   5047.34000000000       1.385340704127401E-004
   5048.14000000000       1.322704450963735E-004
   5048.54000000000       1.359853168221714E-004
   5048.94000000000       1.383443592464716E-004
   5049.34000000000       1.400826358556183E-004
   5049.74000000000       1.414641779224454E-004
   5051.74000000000       1.459743230853156E-004
   5055.68000000000       1.506304994789330E-004
   5058.37000000000       1.523241844590814E-004
   5061.74000000000       1.536977300215626E-004
   5070.68000000000       1.555540077184974E-004
   5071.74000000000       1.556812870381043E-004
   5087.74000000000       1.564661941174918E-004
   5090.68000000000       1.564952841846376E-004
   5102.74000000000       1.564604490123048E-004
   5108.95000000000       1.563714213371866E-004
   5115.68000000000       1.562385401819001E-004
   5122.74000000000       1.560747114779553E-004
   5147.74000000000       1.554983582002805E-004
   5160.04000000000       1.551235596166985E-004
   5185.84000000000       1.543062448614495E-004
   5211.64000000000       1.534621049031892E-004
   5263.76000000000       1.517291476200400E-004
   5290.08000000000       1.508542716678930E-004
   5316.40000000000       1.499794264386301E-004
   5342.98000000000       1.490976033170726E-004
   5369.56000000000       1.482149110683983E-004
   5396.41000000000       1.472567024439446E-004
   5423.25000000000       1.463948617537710E-004
   5477.49000000000       1.446215323559506E-004
   5504.88000000000       1.437289562318730E-004
   5532.26000000000       1.428701122661764E-004
   5559.92000000000       1.419686506431401E-004
   5587.58000000000       1.410543218346596E-004
   5615.52000000000       1.401111326834296E-004
   5643.46000000000       1.391740604742890E-004
   5699.90000000000       1.371379230001688E-004
   5728.40000000000       1.359252250405980E-004
   5756.89000000000       1.345974560829958E-004
   5775.62000000000       1.335398045819889E-004
   5800.62000000000       1.316433721070101E-004
   5814.46000000000       1.301231374964016E-004
   5820.62000000000       1.293142768066259E-004
   5835.62000000000       1.265857724789032E-004
   5851.62000000000       1.211561627871845E-004
   5861.62000000000       1.144953565395419E-004
   5867.62000000000       1.065221755880317E-004
   5871.62000000000       9.586089553791017E-005
   5872.61000000000       9.190683268817848E-005
   5873.62000000000       8.757334830308274E-005
   5874.02000000000       8.600188187398783E-005
   5874.42000000000       8.455086879196363E-005
   5874.82000000000       8.311328211879245E-005
   5875.22000000000       8.174805060984783E-005
   5876.02000000000       8.174634579674272E-005
   5876.42000000000       8.215709702787822E-005
   5876.82000000000       8.387893806184412E-005
   5877.22000000000       8.546858200552308E-005
   5877.62000000000       8.713760011919056E-005
   5879.62000000000       9.607055256444772E-005
   5883.62000000000       1.071833173809311E-004
   5889.62000000000       1.150866026621260E-004
   5899.62000000000       1.212174461713523E-004
   5915.62000000000       1.254557928359127E-004
   5930.62000000000       1.271155774460473E-004
   5931.33000000000       1.271642636515865E-004
   5950.62000000000       1.279840359801939E-004
   5968.00000000000       1.281981134885037E-004
   5990.65000000000       1.281133893147863E-004
   5993.00000000000       1.280890832282958E-004
   6013.00000000000       1.277990683656017E-004
   6028.00000000000       1.275041637614328E-004
   6044.00000000000       1.271358822836564E-004
   6050.55000000000       1.269394384387972E-004
   6054.00000000000       1.267972091364648E-004
   6060.00000000000       1.263903838746173E-004
   6064.00000000000       1.255654368747632E-004
   6066.00000000000       1.240578304923364E-004
   6066.40000000000       1.233814676174667E-004
   6066.80000000000       1.223429130141313E-004
   6067.20000000000       1.206622152567479E-004
   6067.60000000000       1.201381402084374E-004
   6068.40000000000       1.208949630806780E-004
   6068.80000000000       1.213664176473815E-004
   6069.20000000000       1.217530198214090E-004
   6069.60000000000       1.220748898965950E-004
   6070.00000000000       1.223519809938951E-004
   6072.00000000000       1.233060871565165E-004
   6076.00000000000       1.242201566169670E-004
   6082.00000000000       1.247776117122533E-004
   6092.00000000000       1.250634383370243E-004
   6108.00000000000       1.250553457941786E-004
   6111.06000000000       1.250260402300325E-004
   6123.00000000000       1.248649856847938E-004
   6143.00000000000       1.245027232430197E-004
   6168.00000000000       1.239684776787083E-004
   6200.95000000000       1.231614085886238E-004
   6233.89000000000       1.223524122636783E-004
   6296.23000000000       1.207908821370467E-004
   6327.71000000000       1.199942649240479E-004
   6359.19000000000       1.191947128791405E-004
   6422.78000000000       1.176373188723890E-004
   6460.81000000000       1.166251953498501E-004
   6485.81000000000       1.159382307748774E-004
   6487.01000000000       1.159042570987268E-004
   6505.81000000000       1.153634374264888E-004
   6520.81000000000       1.149107253599809E-004
   6532.00000000000       1.145510967002917E-004
   6536.81000000000       1.143873163149281E-004
   6546.81000000000       1.140121440815700E-004
   6551.88000000000       1.137740476999996E-004
   6552.81000000000       1.137212879643851E-004
   6556.81000000000       1.133941218318881E-004
   6558.81000000000       1.130471464851564E-004
   6559.21000000000       1.129347235047929E-004
   6559.61000000000       1.127943568332920E-004
   6560.01000000000       1.126140294196761E-004
   6560.41000000000       1.123746590300984E-004
   6561.21000000000       1.115757557582300E-004
   6561.61000000000       1.108609153664397E-004
   6562.01000000000       1.096309649551792E-004
   6562.41000000000       1.070865033792059E-004
   6562.81000000000       1.046029641851073E-004
   6564.81000000000       1.118872002942928E-004
   6568.81000000000       1.128928247458983E-004
   6574.81000000000       1.128123177129767E-004
   6577.00000000000       1.127232112015585E-004
   6578.15000000000       1.126712293211396E-004
   6584.81000000000       1.123205057839378E-004
   6592.00000000000       1.118612921202817E-004
   6600.81000000000       1.111678838444461E-004
   6603.15000000000       1.109514167266933E-004
   6608.00000000000       1.104355098071670E-004
   6615.81000000000       1.092904962040313E-004
   6617.40000000000       1.089854561667898E-004
   6618.00000000000       1.088614374452252E-004
   6623.15000000000       1.075299802733393E-004
   6624.00000000000       1.072397483923303E-004
   6628.00000000000       1.052846602615599E-004
   6630.00000000000       1.037761412551089E-004
   6630.40000000000       1.034231579301556E-004
   6630.80000000000       1.030668508487147E-004
   6631.20000000000       1.026893869648755E-004
   6631.60000000000       1.025968933376218E-004
   6632.40000000000       1.057981016247773E-004
   6632.80000000000       1.067530543811099E-004
   6633.20000000000       1.073465467232078E-004
   6633.60000000000       1.077650581049472E-004
   6634.00000000000       1.080749400767511E-004
   6635.81000000000       1.087985185126794E-004
   6638.15000000000       1.090549708616047E-004
   6640.00000000000       1.090507181251764E-004
   6646.00000000000       1.084773215487570E-004
   6654.15000000000       1.068416429038748E-004
   6656.00000000000       1.063042320857569E-004
   6660.81000000000       1.044770306407642E-004
   6664.15000000000       1.026647078308583E-004
   6670.15000000000       9.706885139484297E-005
   6672.00000000000       9.401654882844035E-005
   6674.15000000000       8.865212505913254E-005
   6676.15000000000       8.047341450707146E-005
   6676.55000000000       7.857446185678116E-005
   6676.95000000000       7.673264012979331E-005
   6677.35000000000       7.505957564505288E-005
   6677.75000000000       7.356118657018798E-005
   6678.55000000000       7.335357045272750E-005
   6678.95000000000       7.427206009534782E-005
   6679.35000000000       7.549321306867916E-005
   6679.75000000000       7.673559240973566E-005
   6680.15000000000       7.808764996941122E-005
   6682.15000000000       8.521000418213790E-005
   6683.58000000000       8.904572879869846E-005
   6686.15000000000       9.372263931070383E-005
   6687.00000000000       9.483142037471383E-005
   6692.15000000000       9.944929702839753E-005
   6702.15000000000       1.038152046004459E-004
   6707.00000000000       1.050254932559739E-004
   6718.15000000000       1.066960907935005E-004
   6732.00000000000       1.078255128644222E-004
   6733.15000000000       1.078902746331749E-004
   6750.41000000000       1.084052490965380E-004
   6753.15000000000       1.084357823762004E-004
   6778.15000000000       1.084845188561218E-004
   6817.92000000000       1.079797962679751E-004
   6852.00000000000       1.073604348959939E-004
   6886.09000000000       1.066756241563153E-004
   6954.96000000000       1.051700608981297E-004
   6965.19000000000       1.049281497704991E-004
   6990.19000000000       1.042907688475575E-004
   7010.19000000000       1.036584516816368E-004
   7024.50000000000       1.030191664161302E-004
   7025.19000000000       1.029803780749372E-004
   7041.19000000000       1.015280607729765E-004
   7051.19000000000       9.907896693454994E-005
   7057.19000000000       9.517614210082603E-005
   7061.19000000000       8.849490822382562E-005
   7063.19000000000       8.085792909310601E-005
   7063.59000000000       7.857009409693936E-005
   7063.99000000000       7.609560956593555E-005
   7064.39000000000       7.361227698158654E-005
   7064.79000000000       7.135081601046360E-005
   7065.59000000000       6.965733875703263E-005
   7065.99000000000       7.041581686680007E-005
   7066.39000000000       7.247211101564936E-005
   7066.79000000000       7.453778263356487E-005
   7067.19000000000       7.674888494088082E-005
   7069.19000000000       8.543554455854281E-005
   7073.19000000000       9.297175598928181E-005
   7079.19000000000       9.723982798106150E-005
   7089.19000000000       9.982818145985752E-005
   7094.75000000000       1.004343596866363E-004
   7105.19000000000       1.009785684203824E-004
   7120.19000000000       1.011922791046620E-004
   7140.19000000000       1.010734335520060E-004
   7165.19000000000       1.007234866481667E-004
   7181.35000000000       1.004557642010202E-004
   7206.35000000000       9.997049555519878E-005
   7226.35000000000       9.953621161806669E-005
   7237.35000000000       9.926112659255915E-005
   7241.35000000000       9.914743593402459E-005
   7257.35000000000       9.849579202463309E-005
   7267.35000000000       9.749891826883720E-005
   7273.35000000000       9.573148918079420E-005
   7277.35000000000       9.202529391731223E-005
   7279.35000000000       8.656988269947045E-005
   7279.75000000000       8.454500507378721E-005
   7280.15000000000       8.186105637805081E-005
   7280.55000000000       7.820710516679000E-005
   7280.95000000000       7.325552577718189E-005
   7281.75000000000       6.931976290525951E-005
   7282.15000000000       7.292108941490846E-005
   7282.55000000000       7.636763236205245E-005
   7282.95000000000       7.936827887013654E-005
   7283.35000000000       8.178714634191751E-005
   7285.35000000000       8.851684536668923E-005
   7289.35000000000       9.358198127926239E-005
   7295.35000000000       9.601640454008162E-005
   7305.35000000000       9.719037959519860E-005
   7309.73000000000       9.735410187611836E-005
   7321.35000000000       9.746882858108895E-005
   7336.35000000000       9.735991514856674E-005
   7356.35000000000       9.707006303635583E-005
   7381.35000000000       9.664051955315286E-005
   7436.40000000000       9.563570543015868E-005
   7456.65000000000       9.526087154020991E-005
   7531.22000000000       9.388800626239068E-005
   7606.53000000000       9.252417494411322E-005
   7644.56000000000       9.184194089250351E-005
   7682.60000000000       9.116581176605196E-005
   7721.01000000000       9.048978145342372E-005
   7759.42000000000       8.982015346378833E-005
   7798.22000000000       8.915161654153952E-005
   7837.02000000000       8.848840048736892E-005
   7846.10000000000       8.833412532977733E-005
   7915.39000000000       8.716907318048301E-005
   7994.54000000000       8.586366604843899E-005
   8041.78000000000       8.509771765254446E-005
   8081.99000000000       8.445322970928443E-005
   8122.20000000000       8.381565747899818E-005
   8192.40000000000       8.271913963724085E-005
   8200.91000000000       8.258759383175238E-005
   8201.11000000000       8.258449472755865E-005
   8203.42000000000       8.254887888282535E-005
   8262.40000000000       8.164712380691302E-005
   8285.46000000000       8.129884501316391E-005
   8368.31000000000       8.006698580363020E-005
   8410.15000000000       7.945656768052063E-005
   8452.00000000000       7.885388712080563E-005
   8536.52000000000       7.766022806367080E-005
   8579.20000000000       7.706935454517957E-005
   8621.88000000000       7.648631962442872E-005
   8708.10000000000       7.533281162927649E-005
   8751.64000000000       7.476263938477993E-005
   8795.18000000000       7.420071791568286E-005
   8839.16000000000       7.364133460587484E-005
   8883.13000000000       7.308998117028363E-005
   8971.96000000000       7.199889408349613E-005
   9016.82000000000       7.145873976462810E-005
   9061.68000000000       7.092536835375936E-005
   9106.99000000000       7.039327427942514E-005
   9152.30000000000       6.986735175144496E-005
   9198.06000000000       6.934230597865015E-005
   9243.82000000000       6.882303395903302E-005
   9290.04000000000       6.830443661331633E-005
   9336.26000000000       6.779110032724655E-005
   9429.62000000000       6.676950521534530E-005
   9523.92000000000       6.575693043532788E-005
   9571.54000000000       6.525308532409541E-005
   9619.16000000000       6.475420389610083E-005
   9715.35000000000       6.375962497458041E-005
   9812.50000000000       6.277262470075197E-005
   9910.63000000000       6.179321806160870E-005
   9960.18000000000       6.130572864833713E-005
   10009.7400000000       6.082152090267203E-005
   10059.7900000000       6.033678176733370E-005
   10109.8300000000       5.985876621474259E-005
   10160.3800000000       5.937952050212307E-005
   10210.9300000000       5.890466156594620E-005
   10261.9900000000       5.842959554367921E-005
   10313.0400000000       5.795932316447719E-005
   10364.6100000000       5.748894917624680E-005
   10416.1700000000       5.702357191514327E-005
   10468.2500000000       5.655828972972733E-005
   10520.3300000000       5.609781283425179E-005
   10625.5400000000       5.518245145011713E-005
   10678.6700000000       5.472757294954170E-005
   10731.7900000000       5.427769795339833E-005
   10785.4500000000       5.382822514512760E-005
   10839.1100000000       5.338355130744596E-005
   10893.3100000000       5.293868435825285E-005
   10947.5000000000       5.249708110301278E-005
   11056.9800000000       5.162949887305123E-005
   11167.5500000000       5.076998604397317E-005
   11223.3900000000       5.034313514531725E-005
   11279.2200000000       4.992128927194036E-005
   11392.0200000000       4.908400867064738E-005
   11505.9400000000       4.825834122139474E-005
   11563.4600000000       4.784881035266411E-005
   11621.0000000000       4.744408535991355E-005
   11679.1000000000       4.704036325147624E-005
   11737.2100000000       4.664134088820830E-005
   11795.8900000000       4.624919127738686E-005
   11854.5800000000       4.585557900314525E-005
   11913.8500000000       4.546306712319118E-005
   11973.1200000000       4.507526111624353E-005
   12032.9900000000       4.468825534970494E-005
   12092.8500000000       4.430615401507180E-005
   12153.3200000000       4.392495495529364E-005
   12213.7800000000       4.354846147939816E-005
   12335.9200000000       4.281619336746519E-005
   12397.6000000000       4.244739851034357E-005
   12459.2800000000       4.208131540905659E-005
   12583.8700000000       4.135576059161719E-005
   12646.7900000000       4.099608696740777E-005
   12709.7100000000       4.064081664800747E-005
   12836.8100000000       3.992975780330415E-005
   12900.9900000000       3.958841338105527E-005
   12965.1800000000       3.924484457666809E-005
   13094.8300000000       3.856311998438115E-005
   13225.7800000000       3.789170489555287E-005
   13291.9100000000       3.755915139614922E-005
   13358.0300000000       3.723090180396905E-005
   13491.6100000000       3.658030438850344E-005
   13626.5300000000       3.593991345108818E-005
   13694.6600000000       3.562276886320375E-005
   13762.8000000000       3.530962869922812E-005
   13900.4200000000       3.468945408291366E-005
   14039.4300000000       3.407898715488153E-005
   14109.6200000000       3.377675543417447E-005
   14179.8200000000       3.347832486184206E-005
   14321.6200000000       3.288727135629610E-005
   14464.8400000000       3.230572352430583E-005
   14579.5000000000       3.185093100725737E-005
   14579.6500000000       3.185033113345910E-005
   14609.4800000000       3.173358144199529E-005
   14755.5800000000       3.117064623405412E-005
   14903.1300000000       3.061681469707221E-005
   15052.1700000000       3.007199370537878E-005
   15202.6900000000       2.953617692631513E-005
   15278.7000000000       2.927087000971324E-005
   15354.7100000000       2.900916754873673E-005
   15508.2600000000       2.849076415128477E-005
   15585.8000000000       2.823427155050478E-005
   15663.3400000000       2.798117694994886E-005
   15741.6600000000       2.772888878187870E-005
   15819.9800000000       2.748010406208161E-005
   15899.0800000000       2.723222387933192E-005
   15978.1800000000       2.698775163615972E-005
   16058.0700000000       2.674418313936713E-005
   16137.9600000000       2.650391818989226E-005
   16218.6500000000       2.626455658648725E-005
   16299.3400000000       2.602860362118324E-005
   16462.3300000000       2.556170661530544E-005
   16626.9600000000       2.510302481790012E-005
   16793.2300000000       2.465245228923922E-005
   16961.1600000000       2.420988514346173E-005
   17130.7700000000       2.377501799422468E-005
   17216.4200000000       2.355988231011797E-005
   17302.0800000000       2.334754483226346E-005
   17388.5900000000       2.313610881246424E-005
   17475.1000000000       2.292746939881571E-005
   17562.4800000000       2.271952487938701E-005
   17649.8500000000       2.251448365969477E-005
   17826.3500000000       2.210838968759408E-005
   17915.4800000000       2.190734252147799E-005
   18004.6100000000       2.170899050738035E-005
   18094.6400000000       2.151133658037361E-005
   18184.6600000000       2.131628424331358E-005
   18366.5100000000       2.093017351463659E-005
   18458.3400000000       2.073901388144857E-005
   18550.1700000000       2.055045466636294E-005
   18642.9200000000       2.036219928631164E-005
   18735.6700000000       2.016275775927056E-005
   18829.3500000000       1.999157768106389E-005
   18923.0300000000       1.980980618869299E-005
   19017.6500000000       1.962814236318082E-005
   19112.2600000000       1.944887918824151E-005
   19207.8200000000       1.927021254434054E-005
   19303.3800000000       1.909384669410142E-005
   19496.4200000000       1.874481613464882E-005
   19593.9000000000       1.857215057756946E-005
   19691.3800000000       1.840178764959887E-005
   19789.8400000000       1.823202123731085E-005
   19888.3000000000       1.806455459427592E-005
   20087.1800000000       1.773312701507218E-005
   20288.0500000000       1.740739944653735E-005
   20389.4900000000       1.724623474016230E-005
   20490.9300000000       1.708727432359878E-005
   20593.3900000000       1.692880790827139E-005
   20695.8400000000       1.677264973885371E-005
   20799.3200000000       1.661698549703368E-005
   20902.8000000000       1.646352659082186E-005
   21111.8300000000       1.615980684928892E-005
   21217.3900000000       1.600954662879908E-005
   21322.9500000000       1.586138619806068E-005
   21536.1800000000       1.556807145170701E-005
   21751.5400000000       1.528015820144209E-005
   21860.2900000000       1.513780373318067E-005
   21969.0500000000       1.500153462221507E-005
   22078.9000000000       1.486138097211682E-005
   22188.7400000000       1.472322820017261E-005
   22410.6300000000       1.444992125437485E-005
   22634.7400000000       1.418151781230846E-005
   22780.4100000000       1.401115402317785E-005
   22780.7600000000       1.401065355502396E-005
   22861.0800000000       1.391802028057434E-005
   22975.3900000000       1.378777069115816E-005
   23089.7000000000       1.365922178428947E-005
   23320.5900000000       1.340512436100962E-005
   23553.8000000000       1.315563082728206E-005
   23789.3300000000       1.291064035871695E-005
   24027.2300000000       1.267015231544807E-005
   24267.5000000000       1.243396440900209E-005
   24388.8400000000       1.231722334330401E-005
   24510.1700000000       1.220208103213710E-005
   24755.2800000000       1.197449855764740E-005
   25002.8300000000       1.175101725864956E-005
   25252.8600000000       1.153163699188800E-005
   25379.1200000000       1.142320056384280E-005
   25505.3800000000       1.131636385281450E-005
   25632.9100000000       1.120992710848802E-005
   25760.4400000000       1.110499175861999E-005
   26018.0400000000       1.089742013665503E-005
   26278.2200000000       1.069344959006917E-005
   26541.0000000000       1.049388689627805E-005
   26673.7100000000       1.039515530983428E-005
   26806.4100000000       1.029772511460199E-005
   26940.4500000000       1.020079483137432E-005
   27074.4800000000       1.010526532262128E-005
   27345.2200000000       9.916275849427808E-006
   27481.9500000000       9.822887343611802E-006
   27618.6800000000       9.730819254098548E-006
   27756.7700000000       9.639171605474052E-006
   27894.8600000000       9.548824089261780E-006
   28034.3400000000       9.458857159358869E-006
   28173.8100000000       9.370190517780022E-006
   28314.6800000000       9.281903938412893E-006
   28455.5500000000       9.194867761638462E-006
   28740.1100000000       9.022806132309988E-006
   29027.5100000000       8.853924922221291E-006
   29172.6400000000       8.770469711077033E-006
   29317.7800000000       8.688184824424368E-006
   29610.9600000000       8.525504973069704E-006
   29907.0700000000       8.365836023752571E-006
   30206.1400000000       8.209117173071173E-006
   30508.2000000000       8.055298991384993E-006
   30660.7400000000       7.979265375475512E-006
   30813.2800000000       7.904321621341321E-006
   31121.4100000000       7.756144638531299E-006
   31277.0200000000       7.682901461498751E-006
   31432.6300000000       7.610708383534794E-006
   31746.9600000000       7.467963023285953E-006
   32064.4200000000       7.327857960921550E-006
   32224.7500000000       7.258615996878822E-006
   32385.0700000000       7.190354189215823E-006
   32546.9900000000       7.122402355045616E-006
   32708.9200000000       7.055400976516216E-006
   32803.8500000000       7.016568617093694E-006
   32804.2500000000       7.016408631110795E-006
   33036.0100000000       6.922958831128159E-006
   33366.3700000000       6.792967245144327E-006
   33533.2000000000       6.728727051506061E-006
   33700.0300000000       6.665396868062448E-006
   34037.0300000000       6.540197224393940E-006
   34207.2200000000       6.479489656960780E-006
   34377.4000000000       6.418440370183269E-006
   34721.1800000000       6.297741886908234E-006
   35068.3900000000       6.179304582001216E-006
   35419.0700000000       6.063078454699109E-006
   35596.1600000000       6.005640690901162E-006
   35773.2600000000       5.949032999263064E-006
   35952.1300000000       5.892665683943105E-006
   36131.0000000000       5.837118792732424E-006
   36492.3000000000       5.727295569361073E-006
   36857.2300000000       5.619533095843984E-006
   37225.8000000000       5.513781568949511E-006
   37598.0500000000       5.410020897714220E-006
   37974.0400000000       5.308191129118166E-006
   38163.9100000000       5.257866616526397E-006
   38353.7800000000       5.208272182815801E-006
   38545.5500000000       5.158898232269114E-006
   38737.3200000000       5.110224355833991E-006
   38931.0000000000       5.061770355674506E-006
   39124.6900000000       5.014017233023255E-006
   39515.9400000000       4.919600750650652E-006
   39713.5200000000       4.872947833888308E-006
   39911.1000000000       4.826965289704490E-006
   40310.2100000000       4.736030727654488E-006
   40713.3100000000       4.646836738255227E-006
   41120.4400000000       4.559333382644330E-006
   41531.6400000000       4.473440578613811E-006
   41946.9600000000       4.389158724704583E-006
   42366.4300000000       4.306457569802885E-006
   42790.0900000000       4.225307012568433E-006
   43004.0500000000       4.185196621672558E-006
   43218.0000000000       4.145666676623509E-006
   43650.1800000000       4.067516948122714E-006
   44086.6800000000       3.990837786705566E-006
   44307.1100000000       3.952938685422627E-006
   44527.5400000000       3.915589296744980E-006
   44649.7500000000       3.895104458880794E-006
   44650.1500000000       3.895044263007185E-006
   44972.8200000000       3.841741222988652E-006
   45422.5500000000       3.769283676755433E-006
   45649.6600000000       3.733474988209315E-006
   45876.7700000000       3.698176161256597E-006
   46106.1600000000       3.663027515156811E-006
   46335.5400000000       3.628389320140950E-006
   46567.2200000000       3.593911067926371E-006
   46798.9000000000       3.559912729932000E-006
   47266.8900000000       3.492716663857998E-006
   47739.5500000000       3.426781199896089E-006
   48216.9500000000       3.362065663734151E-006
   48699.1200000000       3.298560638978735E-006
   48942.6100000000       3.267183365712887E-006
   49186.1100000000       3.236245959963756E-006
   49677.9700000000       3.175343414630246E-006
   49926.3600000000       3.145116262115537E-006
   50174.7500000000       3.115309162140689E-006
   50676.5000000000       3.056395419087255E-006
   50929.8800000000       3.027288519399767E-006
   51183.2600000000       2.998592020087132E-006
   51695.0900000000       2.941858640165682E-006
   52212.0400000000       2.886196075705038E-006
   52473.1000000000       2.858689634939577E-006
   52734.1600000000       2.831573617834012E-006
   53261.5000000000       2.777971616592898E-006
   53794.1200000000       2.725369737774167E-006
   54063.0900000000       2.699373827370308E-006
   54332.0600000000       2.673748532210928E-006
   54875.3800000000       2.623097046496688E-006
   55149.7600000000       2.598071654930473E-006
   55424.1300000000       2.573396180050591E-006
   55701.2500000000       2.548830952305057E-006
   55978.3800000000       2.524625747001745E-006
   56258.2700000000       2.500520631247656E-006
   56538.1600000000       2.476765229929630E-006
   56820.8500000000       2.453110131583204E-006
   57103.5400000000       2.429805249423952E-006
   57674.5800000000       2.383715203133091E-006
   57962.9500000000       2.360940475675742E-006
   58251.3200000000       2.338495930618680E-006
   58318.1000000000       2.333344593412818E-006
   58318.5000000000       2.333314602150396E-006
   58833.8400000000       2.294126443468288E-006
   59128.0100000000       2.272191750017495E-006
   59422.1800000000       2.250577232484952E-006
   59719.2900000000       2.229063014230181E-006
   60016.4000000000       2.207858569323409E-006
   60316.4800000000       2.186743963751607E-006
   60616.5600000000       2.165929886258276E-006
   61222.7300000000       2.124791097534733E-006
   61834.9500000000       2.084422748057042E-006
   62453.3000000000       2.044815045238673E-006
   63077.8300000000       2.005946888096268E-006
   63708.6100000000       1.967809461267751E-006
   64345.7000000000       1.930391647805444E-006
   64667.4200000000       1.911897933969144E-006
   64989.1500000000       1.893674217264928E-006
   65314.1000000000       1.875530740311329E-006
   65639.0500000000       1.857647240971370E-006
   65967.2400000000       1.839843686533897E-006
   66295.4400000000       1.822290013178646E-006
   66958.3900000000       1.787603077591210E-006
   67293.1900000000       1.770540658247002E-006
   67627.9800000000       1.753647034333711E-006
   67966.1200000000       1.736823567602376E-006
   68304.2600000000       1.720240366122254E-006
   68987.3000000000       1.687463855141097E-006
   69332.2300000000       1.671270383305695E-006
   69677.1700000000       1.655307343294073E-006
   70025.5600000000       1.639424309981568E-006
   70373.9500000000       1.623760884171955E-006
   70725.8100000000       1.608167822726859E-006
   71077.6900000000       1.592794646439078E-006
   71788.4600000000       1.562418845618822E-006
   72506.3400000000       1.532622925216015E-006
   73231.4100000000       1.503377205323399E-006
   73808.9000000000       1.480682515983820E-006
   73809.3000000000       1.480672825118325E-006
   73963.7200000000       1.474691586418527E-006
   74333.5400000000       1.460508519315692E-006
   74703.3600000000       1.446535884149219E-006
   75450.3900000000       1.418920444099661E-006
   76204.8900000000       1.391825411314410E-006
   76966.9400000000       1.365240051876956E-006
   77351.7700000000       1.352097308728901E-006
   77736.6100000000       1.339155100294517E-006
   78125.3000000000       1.326262643925591E-006
   78513.9800000000       1.313560063368160E-006
   78906.5500000000       1.300917532889379E-006
   79299.1200000000       1.288455241509787E-006
   79695.6100000000       1.276052951693162E-006
   80092.1100000000       1.263820591313673E-006
   80492.5700000000       1.251647976613502E-006
   80893.0300000000       1.239655604817726E-006
   81701.9600000000       1.215941331612623E-006
   82110.4700000000       1.204228941457049E-006
   82518.9800000000       1.192686983563669E-006
   83344.1700000000       1.169862350207812E-006
   83760.8900000000       1.158580318861078E-006
   84177.6200000000       1.147468038263616E-006
   85019.3900000000       1.125504089914316E-006
   85444.4800000000       1.114652038192451E-006
   85869.5900000000       1.103960020120877E-006
   86728.2800000000       1.082816117780447E-006
   87595.5600000000       1.062092259689259E-006
   88471.5200000000       1.041748502569450E-006
   88913.8800000000       1.031696691871782E-006
   89356.2300000000       1.021784773225254E-006
   89803.0200000000       1.011922794383639E-006
   90249.8000000000       1.002201084341083E-006
   91122.1400000000       9.836235351863040E-007
   91122.5500000000       9.836145111878783E-007
   91152.3000000000       9.829904122864698E-007
   91608.0600000000       9.734976007147665E-007
   92063.8200000000       9.641428646880045E-007
   92524.1400000000       9.548300878528060E-007
   92984.4600000000       9.456533755830678E-007
   93914.3000000000       9.275149929104564E-007
   94853.4500000000       9.097206334995655E-007
   95801.9800000000       8.922653612529336E-007
   96280.9800000000       8.836417799010887E-007
   96760.0000000000       8.751411629835988E-007
   97243.8000000000       8.666816038421395E-007
   97727.6000000000       8.583430412190980E-007
   98704.8800000000       8.418649829310996E-007
   99691.9200000000       8.256999815046270E-007
