 WD0611-6931s   17749.0000000000        8.14000000000000     
   40.0000000000000      -3.216631794503535E-013
   43.3900000000000      -8.821867817513092E-013
   46.7800000000000      -3.297584312646367E-012
   65.1800000000000      -5.793418890808278E-011
   83.5700000000000      -1.997513665371666E-010
   101.960000000000      -2.613508748985700E-010
   120.350000000000      -2.550042531045339E-011
   138.750000000000       9.106504419910758E-010
   157.140000000000       2.555000236821681E-009
   175.530000000000       3.911131467500769E-009
   193.920000000000       3.778293937492782E-009
   212.320000000000       1.723266319599583E-009
   230.710000000000      -1.745999048165939E-009
   249.100000000000      -5.683179991536756E-009
   267.490000000000      -9.248830482218958E-009
   285.880000000000      -1.198572591397787E-008
   304.280000000000      -1.380904621445529E-008
   322.670000000000      -1.486880039900587E-008
   341.060000000000      -1.541071368404209E-008
   359.450000000000      -1.567837853067010E-008
   377.850000000000      -1.586921636454344E-008
   396.240000000000      -1.612194069152189E-008
   414.630000000000      -1.652147094097862E-008
   433.020000000000      -1.711538065313340E-008
   451.420000000000      -1.792106592373326E-008
   469.810000000000      -1.893620574921441E-008
   488.200000000000      -2.014787485509337E-008
   506.590000000000      -2.153390318820380E-008
   524.980000000000      -2.306798985244968E-008
   543.380000000000      -2.472070585773332E-008
   561.770000000000      -2.645607822748785E-008
   580.160000000000      -2.823949495753071E-008
   598.550000000000      -3.003167865560713E-008
   616.950000000000      -3.179106327205311E-008
   619.350000000000      -3.201588544197621E-008
   635.340000000000      -3.347152566019732E-008
   653.730000000000      -3.502564003339365E-008
   672.120000000000      -3.640162302431065E-008
   690.520000000000      -3.754813566852523E-008
   694.350000000000      -3.775206126736191E-008
   708.910000000000      -3.839241114044391E-008
   727.300000000000      -3.887766970435110E-008
   745.690000000000      -3.892776930247398E-008
   764.080000000000      -3.846966844366560E-008
   769.350000000000      -3.823099858185571E-008
   781.850000000000      -3.745040585066094E-008
   782.480000000000      -3.740281203444306E-008
   794.350000000000      -3.634871427376329E-008
   800.870000000000      -3.563915673465276E-008
   806.850000000000      -3.489365568648145E-008
   819.260000000000      -3.306514177065425E-008
   819.350000000000      -3.304995686302364E-008
   824.350000000000      -3.219985484912065E-008
   829.350000000000      -3.127522167334814E-008
   834.350000000000      -3.027825645938606E-008
   837.650000000000      -2.958021762066663E-008
   839.350000000000      -2.920320958432282E-008
   844.350000000000      -2.804998878483864E-008
   849.350000000000      -2.681657188383252E-008
   854.350000000000      -2.550271518974722E-008
   856.050000000000      -2.503615343740709E-008
   859.350000000000      -2.409776444658001E-008
   864.350000000000      -2.260380083551868E-008
   869.350000000000      -2.101920275218774E-008
   874.350000000000      -1.933885129961457E-008
   874.440000000000      -1.930682288725135E-008
   879.350000000000      -1.755847988388717E-008
   884.350000000000      -1.567827938564653E-008
   889.350000000000      -1.369508645287334E-008
   892.830000000000      -1.225319220226734E-008
   894.350000000000      -1.160348015072807E-008
   899.350000000000      -9.397708396299454E-009
   901.850000000000      -8.255715178747129E-009
   904.350000000000      -7.081539122222691E-009
   906.850000000000      -5.877515586698545E-009
   909.350000000000      -4.643112764097258E-009
   910.350000000000      -4.136493439105539E-009
   911.220000000000      -3.653978298279543E-009
   911.350000000000      -3.571154348536180E-009
   912.350000000000      -2.626187741184206E-009
   913.350000000000      -1.106058465369730E-010
   914.350000000000       6.199155482808841E-009
   915.350000000000       1.795271560154563E-008
   916.350000000000       3.316478728088907E-008
   917.350000000000       4.531412257693534E-008
   917.450000000000       4.606011550570634E-008
   917.550000000000       4.670442319538205E-008
   917.650000000000       4.724143039950296E-008
   917.750000000000       4.767048187992722E-008
   917.850000000000       4.799327319748495E-008
   917.950000000000       4.821342340257783E-008
   918.050000000000       4.833755192145079E-008
   918.150000000000       4.836747778271710E-008
   918.250000000000       4.831625097440633E-008
   918.350000000000       4.818646671673427E-008
   918.450000000000       4.799572682748913E-008
   918.550000000000       4.774488637302965E-008
   918.650000000000       4.744839842374174E-008
   918.750000000000       4.711963772204145E-008
   918.850000000000       4.676404363828690E-008
   918.950000000000       4.639988484625711E-008
   919.050000000000       4.603080542975509E-008
   919.150000000000       4.567701937235404E-008
   919.250000000000       4.534453393414257E-008
   919.350000000000       4.505644520301378E-008
   919.450000000000       4.480125766369786E-008
   919.550000000000       4.461734643807691E-008
   919.650000000000       4.448277434896322E-008
   919.750000000000       4.442921316256456E-008
   919.850000000000       4.443098022056222E-008
   919.950000000000       4.451793284286130E-008
   920.050000000000       4.467729699760438E-008
   920.150000000000       4.491862174694179E-008
   920.160000000000       4.494704617530745E-008
   920.260000000000       4.526066196357752E-008
   920.360000000000       4.564708093591377E-008
   920.460000000000       4.611145157972926E-008
   920.560000000000       4.663187507690245E-008
   920.660000000000       4.723230073887388E-008
   920.760000000000       4.785841191050859E-008
   920.860000000000       4.859188018817539E-008
   920.960000000000       4.929587200190650E-008
   921.060000000000       5.011180954642888E-008
   921.160000000000       5.087579281819310E-008
   921.260000000000       5.172108039568852E-008
   921.360000000000       5.255313875122656E-008
   921.460000000000       5.340785411433765E-008
   921.560000000000       5.426779279173897E-008
   921.660000000000       5.512689761013764E-008
   921.760000000000       5.601109311560843E-008
   921.860000000000       5.686682177327591E-008
   921.960000000000       5.781085692815660E-008
   922.150000000000       5.956547798022865E-008
   922.250000000000       6.048556691170537E-008
   922.350000000000       6.151150458435134E-008
   922.450000000000       6.254912936438866E-008
   922.550000000000       6.365295732991660E-008
   922.650000000000       6.481538256941945E-008
   922.750000000000       6.602843039815085E-008
   922.850000000000       6.733448382118042E-008
   922.950000000000       6.866825728671964E-008
   923.050000000000       7.014471524468054E-008
   923.150000000000       7.159987921706128E-008
   923.250000000000       7.319433422575577E-008
   923.350000000000       7.476105983160210E-008
   923.450000000000       7.642382483764513E-008
   923.550000000000       7.807780216963717E-008
   923.650000000000       7.974872722277779E-008
   923.750000000000       8.139554575805196E-008
   923.850000000000       8.300278500233255E-008
   923.950000000000       8.456311969859925E-008
   924.050000000000       8.602629407192040E-008
   924.150000000000       8.741762830111989E-008
   924.250000000000       8.867850139714156E-008
   924.350000000000       8.984073855857199E-008
   924.450000000000       9.084165625996117E-008
   924.550000000000       9.173160698352384E-008
   924.650000000000       9.246784487080507E-008
   924.720000000000       9.290906425193172E-008
   924.820000000000       9.343807521904120E-008
   924.920000000000       9.384189069835819E-008
   925.020000000000       9.417106684573513E-008
   925.120000000000       9.442531197643934E-008
   925.220000000000       9.465247098793766E-008
   925.320000000000       9.485917224944675E-008
   925.420000000000       9.511123249279423E-008
   925.520000000000       9.541533890284792E-008
   925.620000000000       9.582345812896511E-008
   925.720000000000       9.636640591459725E-008
   925.820000000000       9.706704238392778E-008
   925.920000000000       9.798200729271844E-008
   926.020000000000       9.910006542508270E-008
   926.120000000000       1.004780449982705E-007
   926.220000000000       1.021193253747842E-007
   926.320000000000       1.040253556563324E-007
   926.420000000000       1.062056469692299E-007
   926.520000000000       1.086672815248383E-007
   926.620000000000       1.113751188841302E-007
   926.720000000000       1.143206288055559E-007
   926.820000000000       1.174850142141080E-007
   926.920000000000       1.208148685702908E-007
   927.020000000000       1.243119791438862E-007
   927.120000000000       1.278962415077567E-007
   927.220000000000       1.315260253202895E-007
   927.320000000000       1.351847069169307E-007
   927.420000000000       1.387817935269458E-007
   927.520000000000       1.423092477034228E-007
   927.620000000000       1.456763877015245E-007
   927.720000000000       1.488727819395225E-007
   927.820000000000       1.518086019590783E-007
   927.920000000000       1.544910671337137E-007
   928.020000000000       1.568260598933748E-007
   928.120000000000       1.588460512006466E-007
   928.220000000000       1.604656651904545E-007
   928.750000000000       1.622286810333225E-007
   928.850000000000       1.612828827891559E-007
   928.950000000000       1.599681103101114E-007
   929.050000000000       1.583575979580608E-007
   929.150000000000       1.564320363699256E-007
   929.250000000000       1.542885928398589E-007
   929.350000000000       1.519311900198334E-007
   929.450000000000       1.494557615861962E-007
   929.550000000000       1.468790414542994E-007
   929.650000000000       1.443109640036786E-007
   929.750000000000       1.417532593971797E-007
   929.850000000000       1.393297399710582E-007
   929.950000000000       1.370449188619103E-007
   930.050000000000       1.349762721074374E-007
   930.150000000000       1.332048323368395E-007
   930.250000000000       1.317562925708300E-007
   930.350000000000       1.306894972777473E-007
   930.450000000000       1.300505337830966E-007
   930.550000000000       1.298629382940774E-007
   930.650000000000       1.301693214340465E-007
   930.750000000000       1.310054625709027E-007
   930.850000000000       1.323499574481861E-007
   930.950000000000       1.342489514285892E-007
   931.050000000000       1.366867599191569E-007
   931.150000000000       1.396496731338985E-007
   931.250000000000       1.431252104328821E-007
   931.350000000000       1.471090923800745E-007
   931.450000000000       1.515304126697765E-007
   931.550000000000       1.564172887549696E-007
   931.650000000000       1.616809391596026E-007
   931.750000000000       1.672868103853517E-007
   931.850000000000       1.732064668653725E-007
   931.950000000000       1.793682734815710E-007
   932.050000000000       1.857493876953525E-007
   932.150000000000       1.922626086035271E-007
   932.250000000000       1.989014711638485E-007
   932.350000000000       2.055416330230080E-007
   932.450000000000       2.122293139731336E-007
   932.550000000000       2.187799184251164E-007
   932.650000000000       2.253092041497251E-007
   932.750000000000       2.316064503341758E-007
   933.750000000000       2.779545795360446E-007
   934.800000000000       2.782070946926248E-007
   935.800000000000       2.344768399151686E-007
   935.900000000000       2.286895225181354E-007
   936.000000000000       2.226693883980391E-007
   936.100000000000       2.166797698758212E-007
   936.200000000000       2.105857618728205E-007
   936.300000000000       2.045728286880560E-007
   936.400000000000       1.986136716699853E-007
   936.500000000000       1.927947134238971E-007
   936.600000000000       1.871750248999729E-007
   936.700000000000       1.817857031919875E-007
   936.800000000000       1.767194875133143E-007
   936.900000000000       1.719770565277491E-007
   937.000000000000       1.676763667947601E-007
   937.100000000000       1.637905509948618E-007
   937.200000000000       1.604441451708762E-007
   937.300000000000       1.576171262195897E-007
   937.400000000000       1.553839406829261E-007
   937.500000000000       1.537777817992986E-007
   937.600000000000       1.527971236912762E-007
   937.700000000000       1.525239136218881E-007
   937.800000000000       1.529253828167222E-007
   937.900000000000       1.540432565278381E-007
   938.000000000000       1.558473620285117E-007
   938.100000000000       1.583976124044044E-007
   938.200000000000       1.616102458963228E-007
   938.300000000000       1.655351688445071E-007
   938.400000000000       1.701140137855182E-007
   938.500000000000       1.753370979929954E-007
   938.600000000000       1.811905374533832E-007
   938.700000000000       1.875992967211761E-007
   938.800000000000       1.946102084369927E-007
   938.900000000000       2.020992476362123E-007
   939.000000000000       2.101033654136970E-007
   939.100000000000       2.185178355696386E-007
   939.200000000000       2.273633579116726E-007
   939.300000000000       2.365323915522289E-007
   939.400000000000       2.460505613875368E-007
   939.500000000000       2.558233908176874E-007
   939.600000000000       2.658444905151742E-007
   939.700000000000       2.760664331623475E-007
   939.800000000000       2.864352422350540E-007
   940.800000000000       3.925687740472544E-007
   941.800000000000       4.855799393160597E-007
   942.800000000000       5.483953008278363E-007
   944.740000000000       5.565282159177412E-007
   945.740000000000       4.986924000563825E-007
   946.740000000000       4.090640948608504E-007
   947.740000000000       3.061851620237697E-007
   947.840000000000       2.960595811151060E-007
   947.940000000000       2.861089381950800E-007
   948.040000000000       2.763200162422485E-007
   948.140000000000       2.667862259711424E-007
   948.240000000000       2.575048155777751E-007
   948.340000000000       2.485501417219546E-007
   948.440000000000       2.399659514352893E-007
   948.540000000000       2.317811480949489E-007
   948.640000000000       2.240755530891871E-007
   948.740000000000       2.168631500971198E-007
   948.840000000000       2.102228570282342E-007
   948.940000000000       2.041781181124584E-007
   949.040000000000       1.987914017719158E-007
   949.140000000000       1.940786929816463E-007
   949.240000000000       1.900964973831043E-007
   949.340000000000       1.868841126977487E-007
   949.440000000000       1.844392083874814E-007
   949.540000000000       1.828365759965429E-007
   949.640000000000       1.820490574990117E-007
   949.740000000000       1.821429026644730E-007
   949.840000000000       1.830636868667265E-007
   949.940000000000       1.848727924277104E-007
   950.040000000000       1.875131491914967E-007
   950.140000000000       1.910170630668792E-007
   950.240000000000       1.953252303712617E-007
   950.340000000000       2.004368380492303E-007
   950.440000000000       2.063405679557937E-007
   950.540000000000       2.129608077584130E-007
   950.640000000000       2.203211361645135E-007
   950.740000000000       2.283486803880708E-007
   950.840000000000       2.370357090776168E-007
   950.940000000000       2.463164364309123E-007
   951.040000000000       2.561756555080063E-007
   951.140000000000       2.665639448648548E-007
   951.240000000000       2.774418493982821E-007
   951.340000000000       2.887966277934510E-007
   951.440000000000       3.005514348470505E-007
   951.540000000000       3.127560490571570E-007
   951.640000000000       3.252647465571495E-007
   951.740000000000       3.381800872872567E-007
   952.740000000000       4.827603099713010E-007
   953.740000000000       6.485098000758784E-007
   954.740000000000       8.215846573301707E-007
   955.740000000000       9.818629179154661E-007
   956.740000000000       1.115023945535166E-006
   957.740000000000       1.218806410628938E-006
   958.740000000000       1.296334338991771E-006
   959.740000000000       1.349533766507436E-006
   962.540000000000       1.378898678670336E-006
   963.540000000000       1.337558793182116E-006
   964.540000000000       1.261529771716109E-006
   965.540000000000       1.153256961419643E-006
   966.540000000000       1.018802349914309E-006
   967.010000000000       9.489887884750519E-007
   967.540000000000       8.671695225224188E-007
   968.540000000000       7.104606987304943E-007
   969.540000000000       5.607574273946451E-007
   970.540000000000       4.262834737425103E-007
   970.640000000000       4.140619466026114E-007
   970.740000000000       4.021402905153757E-007
   970.840000000000       3.905061905862726E-007
   970.940000000000       3.792877929873868E-007
   971.040000000000       3.684149338830226E-007
   971.140000000000       3.580447082198072E-007
   971.240000000000       3.481132710103759E-007
   971.340000000000       3.387877799280140E-007
   971.440000000000       3.300073268184759E-007
   971.540000000000       3.219359744892745E-007
   971.640000000000       3.145101860114895E-007
   971.740000000000       3.079061728847941E-007
   971.840000000000       3.020805340460678E-007
   971.940000000000       2.971090029150535E-007
   972.040000000000       2.930640845887124E-007
   972.140000000000       2.899410226424001E-007
   972.240000000000       2.878358970028321E-007
   972.340000000000       2.867076262012692E-007
   972.440000000000       2.866597006815926E-007
   972.540000000000       2.876496393704635E-007
   972.640000000000       2.897429496767366E-007
   972.740000000000       2.928771206824479E-007
   972.840000000000       2.971050324408884E-007
   972.940000000000       3.023468178701331E-007
   973.040000000000       3.086077343662586E-007
   973.140000000000       3.158516748541856E-007
   973.240000000000       3.240288422212593E-007
   973.340000000000       3.331148295684528E-007
   973.440000000000       3.430342480047157E-007
   973.540000000000       3.537593593426824E-007
   973.640000000000       3.652147518960190E-007
   973.740000000000       3.773608321781563E-007
   973.840000000000       3.901179577641103E-007
   973.940000000000       4.034493916148641E-007
   974.040000000000       4.172720195456522E-007
   974.140000000000       4.315395396023106E-007
   974.240000000000       4.461979036736870E-007
   974.340000000000       4.611925362753346E-007
   974.440000000000       4.764892074914215E-007
   974.540000000000       4.920343489628517E-007
   975.540000000000       6.555906736891133E-007
   976.540000000000       8.313200783263791E-007
   977.540000000000       1.035725536949521E-006
   978.540000000000       1.294603674877468E-006
   979.540000000000       1.624207940486449E-006
   980.540000000000       2.016216599386212E-006
   981.540000000000       2.436844059423894E-006
   982.540000000000       2.864010645345300E-006
   985.040000000000       4.076514651756088E-006
   987.540000000000       5.583133153447552E-006
   990.040000000000       6.680310442855288E-006
   992.540000000000       7.790558736049029E-006
   997.540000000000       1.348885591670947E-005
   1000.72000000000       1.702536288282208E-005
   1005.72000000000       1.178109002040453E-005
   1008.22000000000       8.560649317102093E-006
   1010.72000000000       5.969120795748436E-006
   1013.22000000000       4.112010828118649E-006
   1015.72000000000       2.815561485904090E-006
   1016.72000000000       2.416546110013691E-006
   1017.72000000000       2.072173992560230E-006
   1018.72000000000       1.769127499948676E-006
   1019.72000000000       1.498330062281235E-006
   1020.72000000000       1.254995384987748E-006
   1021.72000000000       1.036298671817660E-006
   1022.72000000000       8.368746081967344E-007
   1022.80000000000       8.215640568582328E-007
   1023.72000000000       6.509514495554279E-007
   1023.82000000000       6.334067688076873E-007
   1023.92000000000       6.161851614129057E-007
   1024.02000000000       5.993217312839413E-007
   1024.12000000000       5.828689502052111E-007
   1024.22000000000       5.669110653388407E-007
   1024.32000000000       5.515168218670708E-007
   1024.42000000000       5.367107913520095E-007
   1024.52000000000       5.226434927586194E-007
   1024.62000000000       5.093383916113353E-007
   1024.72000000000       4.969208492801584E-007
   1024.82000000000       4.854308400849406E-007
   1024.92000000000       4.749779798245057E-007
   1025.02000000000       4.656152493690554E-007
   1025.12000000000       4.574093997508061E-007
   1025.22000000000       4.504350855818793E-007
   1025.32000000000       4.447321880924414E-007
   1025.42000000000       4.403821088848945E-007
   1025.52000000000       4.373748705248807E-007
   1025.62000000000       4.357953135054429E-007
   1025.72000000000       4.356457354565772E-007
   1025.82000000000       4.369307674066989E-007
   1025.92000000000       4.396307634103487E-007
   1026.02000000000       4.437546484271636E-007
   1026.12000000000       4.492500423537559E-007
   1026.22000000000       4.560576863927916E-007
   1026.32000000000       4.641646345568505E-007
   1026.42000000000       4.734702019104576E-007
   1026.52000000000       4.839471977911320E-007
   1026.62000000000       4.955008061660781E-007
   1026.72000000000       5.080632705567117E-007
   1026.82000000000       5.215533630010264E-007
   1026.92000000000       5.358925168402937E-007
   1027.02000000000       5.510073070428293E-007
   1027.12000000000       5.668090786298415E-007
   1027.22000000000       5.832199297840189E-007
   1027.32000000000       6.001492685073415E-007
   1027.42000000000       6.175581234618870E-007
   1027.52000000000       6.353369662712019E-007
   1027.62000000000       6.534816888662280E-007
   1027.72000000000       6.718938683692088E-007
   1028.72000000000       8.649549750900638E-007
   1029.72000000000       1.071438609426801E-006
   1030.72000000000       1.304031153031804E-006
   1031.72000000000       1.567390431310080E-006
   1032.72000000000       1.845393335402758E-006
   1033.72000000000       2.125482017411087E-006
   1034.72000000000       2.442744726409820E-006
   1035.72000000000       2.884930273657418E-006
   1038.22000000000       4.860275563571111E-006
   1040.72000000000       7.885834672945005E-006
   1043.22000000000       1.175932129159810E-005
   1045.72000000000       1.677733654254744E-005
   1050.72000000000       2.827274612906781E-005
   1055.72000000000       3.328496138937370E-005
   1060.72000000000       3.961454886487517E-005
   1065.72000000000       8.127147045812610E-005
   1070.72000000000       9.199516138286751E-005
   1075.72000000000       7.329882757180095E-005
   1078.59000000000       8.468069534773985E-005
   1080.72000000000       1.162032685956641E-004
   1085.72000000000       1.966507079631746E-004
   1090.72000000000       2.273829279390982E-004
   1095.72000000000       2.363729983860952E-004
   1100.72000000000       2.409242269992753E-004
   1105.72000000000       2.417928246051003E-004
   1110.72000000000       2.388234483037643E-004
   1115.72000000000       2.379431237842215E-004
   1125.67000000000       2.318216235206419E-004
   1130.67000000000       2.265797927122652E-004
   1134.38000000000       2.231718359874749E-004
   1135.67000000000       2.210287722603873E-004
   1140.67000000000       2.110591369105699E-004
   1145.67000000000       2.025142250294878E-004
   1150.67000000000       1.893170795159301E-004
   1155.67000000000       1.767649688396358E-004
   1160.67000000000       1.637798882057899E-004
   1165.67000000000       1.424102314131421E-004
   1170.67000000000       1.208758743650150E-004
   1175.67000000000       1.016241102033742E-004
   1180.67000000000       7.766688677389395E-005
   1185.67000000000       5.551686643448253E-005
   1190.17000000000       3.721212237202472E-005
   1190.67000000000       3.547310904198526E-005
   1195.67000000000       2.101189756409031E-005
   1198.17000000000       1.578609973006044E-005
   1200.67000000000       1.187535435975144E-005
   1203.17000000000       9.025666652664223E-006
   1205.67000000000       6.919128566010975E-006
   1206.67000000000       6.225801733372999E-006
   1207.67000000000       5.599666713541055E-006
   1208.67000000000       5.021538717336536E-006
   1209.67000000000       4.474337744983516E-006
   1210.67000000000       3.945750226317856E-006
   1211.67000000000       3.424341528840045E-006
   1212.67000000000       2.895655638993699E-006
   1213.67000000000       2.353711836669604E-006
   1213.77000000000       2.300401011495398E-006
   1213.87000000000       2.247671365935295E-006
   1213.97000000000       2.195808404121810E-006
   1214.07000000000       2.144952862291583E-006
   1214.17000000000       2.095186561506511E-006
   1214.27000000000       2.047067069434179E-006
   1214.37000000000       2.000377601391728E-006
   1214.47000000000       1.955908806172837E-006
   1214.57000000000       1.913371105932600E-006
   1214.67000000000       1.873570376754127E-006
   1214.77000000000       1.836174937769086E-006
   1214.87000000000       1.802077634172197E-006
   1214.97000000000       1.770926453920445E-006
   1215.07000000000       1.743376468236227E-006
   1215.17000000000       1.719461801941071E-006
   1215.27000000000       1.699226219671594E-006
   1215.37000000000       1.683308068647615E-006
   1215.47000000000       1.671061605395552E-006
   1215.57000000000       1.663560004843117E-006
   1215.67000000000       1.660049245282190E-006
   1215.77000000000       1.661033609926335E-006
   1215.87000000000       1.666019033986006E-006
   1215.97000000000       1.675781102290250E-006
   1216.07000000000       1.689209797472805E-006
   1216.17000000000       1.707017201839954E-006
   1216.27000000000       1.728508025335945E-006
   1216.37000000000       1.753682982064964E-006
   1216.47000000000       1.782510189643941E-006
   1216.57000000000       1.814416384869048E-006
   1216.67000000000       1.849490420786205E-006
   1216.77000000000       1.887211992785300E-006
   1216.87000000000       1.927597070812823E-006
   1216.97000000000       1.970121101800418E-006
   1217.07000000000       2.014799899575738E-006
   1217.17000000000       2.061106983392291E-006
   1217.27000000000       2.109039515977703E-006
   1217.37000000000       2.158231238523278E-006
   1217.47000000000       2.208472874178825E-006
   1217.57000000000       2.259669215850180E-006
   1217.67000000000       2.311623141589306E-006
   1218.67000000000       2.844105715520866E-006
   1219.67000000000       3.374122854551196E-006
   1220.67000000000       3.907807095132284E-006
   1221.67000000000       4.448080008551978E-006
   1222.67000000000       4.985291199477874E-006
   1223.67000000000       5.511096874805156E-006
   1224.67000000000       6.025235455634579E-006
   1225.67000000000       6.531071773314165E-006
   1228.17000000000       7.771776482279151E-006
   1230.67000000000       9.222998834714638E-006
   1233.17000000000       1.188467207679013E-005
   1235.67000000000       1.705448213023282E-005
   1240.67000000000       3.464054818811417E-005
   1245.67000000000       5.960772541907029E-005
   1245.96000000000       6.121415419483157E-005
   1250.67000000000       8.946643309653144E-005
   1255.67000000000       1.135325634277379E-004
   1260.67000000000       1.310974453495412E-004
   1265.67000000000       1.602092491441572E-004
   1270.67000000000       1.857241938727320E-004
   1275.67000000000       1.835851274484860E-004
   1280.67000000000       1.923047226677849E-004
   1282.67000000000       1.967478722222476E-004
   1284.41000000000       2.006804205441871E-004
   1290.51000000000       2.083942312147538E-004
   1295.16000000000       2.143710350236881E-004
   1299.70000000000       2.160219912270118E-004
   1303.88000000000       2.205322489044512E-004
   1307.75000000000       2.237977228773922E-004
   1312.15000000000       2.260300771674967E-004
   1315.57000000000       2.289522105523638E-004
   1319.09000000000       2.302838134661853E-004
   1323.63000000000       2.332450138005411E-004
   1328.39000000000       2.335851873928051E-004
   1332.36000000000       2.363102250986931E-004
   1336.24000000000       2.368577276796972E-004
   1339.88000000000       2.361277210153315E-004
   1344.41000000000       2.373725234533655E-004
   1348.38000000000       2.388396191090354E-004
   1353.23000000000       2.405515571727855E-004
   1356.50000000000       2.404028650596023E-004
   1360.88000000000       2.398306712811540E-004
   1365.13000000000       2.389096879941234E-004
   1369.04000000000       2.368873108747760E-004
   1373.49000000000       2.347442587521801E-004
   1376.93000000000       2.321860215360700E-004
   1379.68000000000       2.291777462428188E-004
   1382.98000000000       2.256435519752601E-004
   1385.71000000000       2.235672794287467E-004
   1387.44000000000       2.224929269159885E-004
   1388.84000000000       2.215518400676944E-004
   1389.80000000000       2.208038218160154E-004
   1390.86000000000       2.198746760476902E-004
   1392.37000000000       2.184643610245302E-004
   1393.76000000000       2.172543344963884E-004
   1395.38000000000       2.162178344812086E-004
   1396.44000000000       2.159141434147363E-004
   1397.28000000000       2.159514631851906E-004
   1399.00000000000       2.168505436236146E-004
   1400.40000000000       2.184092275218543E-004
   1401.56000000000       2.202456865978542E-004
   1401.85000000000       2.207722842366856E-004
   1402.92000000000       2.228929019806714E-004
   1403.77000000000       2.247188658136695E-004
   1404.69000000000       2.267725832309052E-004
   1405.85000000000       2.293969075337326E-004
   1407.00000000000       2.319470502746760E-004
   1408.61000000000       2.353032605992441E-004
   1409.90000000000       2.377434842684283E-004
   1410.62000000000       2.389940164146852E-004
   1411.56000000000       2.405119416827400E-004
   1412.85000000000       2.423932660842620E-004
   1414.49000000000       2.444657908379357E-004
   1415.45000000000       2.455097207231548E-004
   1416.53000000000       2.465426618962163E-004
   1417.51000000000       2.473791313209089E-004
   1418.36000000000       2.480396439696474E-004
   1419.80000000000       2.490190473195731E-004
   1421.24000000000       2.498112445395728E-004
   1424.04000000000       2.509278727557695E-004
   1424.20000000000       2.509744304187718E-004
   1426.43000000000       2.514601242186809E-004
   1428.22000000000       2.516745356580754E-004
   1429.78000000000       2.517727938930451E-004
   1432.70000000000       2.518159477072911E-004
   1434.35000000000       2.517902551926715E-004
   1436.47000000000       2.517646276913717E-004
   1438.46000000000       2.517113786085431E-004
   1441.90000000000       2.515469436624647E-004
   1444.65000000000       2.513742838560676E-004
   1447.85000000000       2.511340145218342E-004
   1453.29000000000       2.506694719711882E-004
   1458.14000000000       2.502132154598875E-004
   1463.09000000000       2.497273395827415E-004
   1467.92000000000       2.492449855018784E-004
   1473.30000000000       2.487012077787994E-004
   1480.00000000000       2.480096982160024E-004
   1487.26000000000       2.472492653157868E-004
   1495.19000000000       2.464147367621354E-004
   1503.23000000000       2.455776244137294E-004
   1508.91000000000       2.449876634385784E-004
   1515.04000000000       2.443475734440169E-004
   1519.62000000000       2.438701666216509E-004
   1526.20000000000       2.431833552081544E-004
   1531.77000000000       2.426018128489281E-004
   1537.68000000000       2.419898751268745E-004
   1543.69000000000       2.413718754135081E-004
   1550.70000000000       2.406591577148895E-004
   1556.93000000000       2.400294721993028E-004
   1562.17000000000       2.395008865410207E-004
   1569.62000000000       2.387520388811629E-004
   1576.07000000000       2.381091308715479E-004
   1581.96000000000       2.375301831769020E-004
   1588.63000000000       2.368817971939608E-004
   1595.74000000000       2.362082259429840E-004
   1598.96000000000       2.359073364933173E-004
   1602.73000000000       2.355567182110210E-004
   1606.62000000000       2.352014125667057E-004
   1611.61000000000       2.347487968119101E-004
   1615.27000000000       2.344187604620357E-004
   1618.70000000000       2.341122592976830E-004
   1622.04000000000       2.338130331161067E-004
   1624.30000000000       2.336106507347915E-004
   1626.89000000000       2.333803957300113E-004
   1630.38000000000       2.330706047809685E-004
   1634.43000000000       2.327092051256443E-004
   1638.80000000000       2.323225910453553E-004
   1644.19000000000       2.318472792021963E-004
   1650.79000000000       2.312621232533677E-004
   1657.27000000000       2.306924885837762E-004
   1664.08000000000       2.300975266441349E-004
   1673.34000000000       2.292908656906484E-004
   1682.82000000000       2.284708350143531E-004
   1689.74000000000       2.278785842401921E-004
   1696.20000000000       2.273286477544092E-004
   1703.23000000000       2.267345849553694E-004
   1709.58000000000       2.262013173133865E-004
   1713.03000000000       2.259149183572854E-004
   1720.60000000000       2.252874346351874E-004
   1728.51000000000       2.246380376861726E-004
   1735.98000000000       2.240299414357790E-004
   1745.23000000000       2.232800381187616E-004
   1756.48000000000       2.223824821677561E-004
   1768.52000000000       2.214327109801995E-004
   1776.87000000000       2.207811964326589E-004
   1787.90000000000       2.199278072756199E-004
   1800.49000000000       2.189673085697259E-004
   1811.07000000000       2.181685522203855E-004
   1820.10000000000       2.174938724878913E-004
   1830.02000000000       2.167570573250663E-004
   1838.71000000000       2.161188574085907E-004
   1849.19000000000       2.153559385444652E-004
   1859.00000000000       2.146483827257702E-004
   1869.14000000000       2.139242705513895E-004
   1882.40000000000       2.129892123578275E-004
   1892.10000000000       2.123123233835213E-004
   1902.46000000000       2.115953780672404E-004
   1911.49000000000       2.109764977409369E-004
   1927.99000000000       2.098599320980953E-004
   1936.91000000000       2.092607184543240E-004
   1946.26000000000       2.086400381447481E-004
   1957.85000000000       2.078780330839175E-004
   1965.66000000000       2.073690082203915E-004
   1975.13000000000       2.067621171728013E-004
   1980.59000000000       2.064095353500647E-004
   1986.94000000000       2.060049064913578E-004
   1993.29000000000       2.055990341127621E-004
   1999.66000000000       2.051967524437419E-004
   2000.00000000000       2.051746419606212E-004
   2025.00000000000       2.036140677650981E-004
   2050.20000000000       2.020751985706117E-004
   2050.30000000000       2.020700262442348E-004
   2075.00000000000       2.005834899669922E-004
   2100.00000000000       1.991098809626680E-004
   2120.00000000000       1.979497136533110E-004
   2140.00000000000       1.968077414459710E-004
   2160.00000000000       1.956817225866140E-004
   2180.00000000000       1.945715542193755E-004
   2200.00000000000       1.934752778257357E-004
   2220.00000000000       1.924021119959717E-004
   2240.00000000000       1.913357759794905E-004
   2250.00000000000       1.908078745170672E-004
   2282.00000000000       1.891412330911782E-004
   2290.16000000000       1.887212436923018E-004
   2305.95000000000       1.879156602559068E-004
   2361.74000000000       1.851331215100241E-004
   2417.53000000000       1.824363161357252E-004
   2473.32000000000       1.798249696057425E-004
   2529.11000000000       1.772921370979290E-004
   2584.90000000000       1.748314335021192E-004
   2640.69000000000       1.724409822107708E-004
   2696.48000000000       1.701139649468046E-004
   2752.27000000000       1.678452070210840E-004
   2808.06000000000       1.656342875610893E-004
   2863.84000000000       1.634755998295355E-004
   2919.63000000000       1.613689031600980E-004
   2975.42000000000       1.593085194070044E-004
   3031.21000000000       1.572921120623025E-004
   3087.00000000000       1.553195240639687E-004
   3142.79000000000       1.533880676292192E-004
   3198.58000000000       1.514953994165495E-004
   3254.37000000000       1.496406732934176E-004
   3310.16000000000       1.478207158050716E-004
   3365.95000000000       1.460359870339342E-004
   3421.74000000000       1.442823730575837E-004
   3450.15000000000       1.434023614763603E-004
   3477.53000000000       1.425608175539088E-004
   3525.15000000000       1.411169662318942E-004
   3533.32000000000       1.408716888325448E-004
   3589.10000000000       1.392095432176419E-004
   3600.15000000000       1.388845867798744E-004
   3612.65000000000       1.385169382005236E-004
   3625.15000000000       1.381517406632728E-004
   3637.65000000000       1.377873081257648E-004
   3644.89000000000       1.375734611163773E-004
   3650.15000000000       1.373936270166971E-004
   3655.15000000000       1.372434004263871E-004
   3660.15000000000       1.370966318531706E-004
   3665.15000000000       1.369490583036390E-004
   3670.15000000000       1.368007526509268E-004
   3675.15000000000       1.366521908927214E-004
   3680.15000000000       1.365040290783220E-004
   3685.15000000000       1.363556965102004E-004
   3690.15000000000       1.362058934195407E-004
   3695.15000000000       1.360534043547453E-004
   3700.15000000000       1.359033932346701E-004
   3705.15000000000       1.357746428888769E-004
   3710.15000000000       1.356458445473309E-004
   3715.15000000000       1.355310290040894E-004
   3720.15000000000       1.354260138682367E-004
   3725.15000000000       1.353301338182044E-004
   3730.15000000000       1.352304926082682E-004
   3732.65000000000       1.351744366872509E-004
   3735.15000000000       1.351081779562962E-004
   3737.65000000000       1.350228889598454E-004
   3737.88000000000       1.350139134881708E-004
   3740.15000000000       1.349125979630333E-004
   3741.15000000000       1.348601094509011E-004
   3742.15000000000       1.348003920662042E-004
   3743.15000000000       1.347362395282768E-004
   3744.15000000000       1.346676389299112E-004
   3745.15000000000       1.345940440669036E-004
   3746.15000000000       1.345176648440710E-004
   3747.15000000000       1.344409600193629E-004
   3748.15000000000       1.343699912275563E-004
   3748.25000000000       1.343641063768903E-004
   3748.35000000000       1.343568357280469E-004
   3748.45000000000       1.343511567111345E-004
   3748.55000000000       1.343458457276077E-004
   3748.65000000000       1.343402473814371E-004
   3748.75000000000       1.343350286744891E-004
   3748.85000000000       1.343287494897137E-004
   3748.95000000000       1.343233749061238E-004
   3749.05000000000       1.343194276105019E-004
   3749.15000000000       1.343128541949028E-004
   3749.25000000000       1.343091603295235E-004
   3749.35000000000       1.343045651919146E-004
   3749.45000000000       1.342996941117438E-004
   3749.55000000000       1.342962019030378E-004
   3749.65000000000       1.342931746314542E-004
   3749.75000000000       1.342898036233159E-004
   3749.85000000000       1.342858166236094E-004
   3749.95000000000       1.342836429228681E-004
   3750.05000000000       1.342809943794514E-004
   3750.15000000000       1.342777262135233E-004
   3750.25000000000       1.342755901623101E-004
   3750.35000000000       1.342730234582947E-004
   3750.45000000000       1.342720971815483E-004
   3750.55000000000       1.342707360683779E-004
   3750.65000000000       1.342699309710689E-004
   3750.75000000000       1.342691644342484E-004
   3750.85000000000       1.342683660415653E-004
   3750.95000000000       1.342667459674917E-004
   3751.05000000000       1.342670277992021E-004
   3751.15000000000       1.342670508812591E-004
   3751.25000000000       1.342666300208662E-004
   3751.35000000000       1.342674923661444E-004
   3751.45000000000       1.342684567188668E-004
   3751.55000000000       1.342698103900795E-004
   3751.65000000000       1.342696437477777E-004
   3751.75000000000       1.342714012736271E-004
   3751.85000000000       1.342711644027527E-004
   3751.95000000000       1.342720870440209E-004
   3752.05000000000       1.342757209868850E-004
   3752.15000000000       1.342759381290196E-004
   3753.15000000000       1.342956512279935E-004
   3754.15000000000       1.343182632037515E-004
   3755.15000000000       1.343337917355679E-004
   3756.15000000000       1.343414187553465E-004
   3757.15000000000       1.343353423422061E-004
   3758.15000000000       1.343183362376344E-004
   3759.15000000000       1.342821494085078E-004
   3760.15000000000       1.342332461096861E-004
   3760.63000000000       1.342019774117054E-004
   3761.63000000000       1.341237351195961E-004
   3762.63000000000       1.340323531557874E-004
   3763.63000000000       1.339249015344963E-004
   3764.63000000000       1.338079786673404E-004
   3765.63000000000       1.336798605622917E-004
   3766.63000000000       1.335442278519499E-004
   3767.63000000000       1.334081129607049E-004
   3768.63000000000       1.332896037274448E-004
   3768.73000000000       1.332789818476204E-004
   3768.83000000000       1.332680606034184E-004
   3768.93000000000       1.332590456640055E-004
   3769.03000000000       1.332502314323667E-004
   3769.13000000000       1.332409018500733E-004
   3769.23000000000       1.332329564149717E-004
   3769.33000000000       1.332249308585553E-004
   3769.43000000000       1.332184595762289E-004
   3769.53000000000       1.332121433058751E-004
   3769.63000000000       1.332044909533398E-004
   3769.73000000000       1.331996943501135E-004
   3769.83000000000       1.331950315211203E-004
   3769.93000000000       1.331913241075607E-004
   3770.03000000000       1.331877058514223E-004
   3770.13000000000       1.331842921175061E-004
   3770.23000000000       1.331822846194068E-004
   3770.33000000000       1.331806385667761E-004
   3770.43000000000       1.331800561658722E-004
   3770.53000000000       1.331802099340183E-004
   3770.63000000000       1.331800195246748E-004
   3770.73000000000       1.331814172650393E-004
   3770.83000000000       1.331836432220466E-004
   3770.93000000000       1.331861848768047E-004
   3771.03000000000       1.331907894444999E-004
   3771.13000000000       1.331947801672809E-004
   3771.23000000000       1.331983606155982E-004
   3771.33000000000       1.332041227584941E-004
   3771.43000000000       1.332098331491759E-004
   3771.53000000000       1.332161409474144E-004
   3771.63000000000       1.332232505958760E-004
   3771.73000000000       1.332311805873142E-004
   3771.83000000000       1.332387767744293E-004
   3771.93000000000       1.332492900284997E-004
   3772.03000000000       1.332577553794608E-004
   3772.13000000000       1.332678711889399E-004
   3772.23000000000       1.332787503034150E-004
   3772.33000000000       1.332892781299411E-004
   3772.43000000000       1.333009054110035E-004
   3772.53000000000       1.333114389572136E-004
   3772.63000000000       1.333239379176909E-004
   3773.63000000000       1.334585205128989E-004
   3774.63000000000       1.336056292215767E-004
   3775.63000000000       1.337490450193966E-004
   3776.63000000000       1.338789596542441E-004
   3777.63000000000       1.339907354952443E-004
   3778.63000000000       1.340796098684844E-004
   3779.63000000000       1.341425323838377E-004
   3780.63000000000       1.341787419734071E-004
   3783.13000000000       1.341345871454496E-004
   3785.40000000000       1.339202979211603E-004
   3787.90000000000       1.334861689258782E-004
   3788.90000000000       1.332581897019830E-004
   3789.90000000000       1.330022828701914E-004
   3790.90000000000       1.327232667388171E-004
   3791.90000000000       1.324267365431323E-004
   3792.90000000000       1.321112899923476E-004
   3793.90000000000       1.317862718997557E-004
   3794.90000000000       1.314671687216042E-004
   3795.90000000000       1.311898827129651E-004
   3796.00000000000       1.311682151045829E-004
   3796.10000000000       1.311449736406238E-004
   3796.20000000000       1.311235072603707E-004
   3796.30000000000       1.311027232856367E-004
   3796.40000000000       1.310836097644348E-004
   3796.50000000000       1.310660500749085E-004
   3796.60000000000       1.310485672624624E-004
   3796.70000000000       1.310336596933500E-004
   3796.80000000000       1.310215371453419E-004
   3796.90000000000       1.310076959411277E-004
   3797.00000000000       1.309979002156095E-004
   3797.10000000000       1.309891844093916E-004
   3797.20000000000       1.309831474281559E-004
   3797.30000000000       1.309759621640884E-004
   3797.40000000000       1.309720023950275E-004
   3797.50000000000       1.309700532024298E-004
   3797.60000000000       1.309696447535026E-004
   3797.70000000000       1.309725270420687E-004
   3797.80000000000       1.309753594556227E-004
   3797.90000000000       1.309808628665912E-004
   3798.00000000000       1.309876137890892E-004
   3798.10000000000       1.309962037781624E-004
   3798.20000000000       1.310069136985323E-004
   3798.30000000000       1.310194924082671E-004
   3798.40000000000       1.310350027599592E-004
   3798.50000000000       1.310510353075944E-004
   3798.60000000000       1.310684173431628E-004
   3798.70000000000       1.310890087800584E-004
   3798.80000000000       1.311089346944690E-004
   3798.90000000000       1.311328035805110E-004
   3799.00000000000       1.311568174799894E-004
   3799.10000000000       1.311837872563711E-004
   3799.20000000000       1.312121885199151E-004
   3799.30000000000       1.312401573999706E-004
   3799.40000000000       1.312699238102499E-004
   3799.50000000000       1.313021337072312E-004
   3799.60000000000       1.313343948419207E-004
   3799.70000000000       1.313688906844100E-004
   3799.80000000000       1.314037950559532E-004
   3799.90000000000       1.314390282922906E-004
   3800.90000000000       1.318412646498073E-004
   3801.90000000000       1.322834829800632E-004
   3802.90000000000       1.327314087856457E-004
   3803.90000000000       1.331664907136553E-004
   3804.90000000000       1.335829449029847E-004
   3805.90000000000       1.339734263230468E-004
   3806.90000000000       1.343347165125765E-004
   3807.90000000000       1.346617703321828E-004
   3810.40000000000       1.352928296353199E-004
   3812.90000000000       1.356230399832207E-004
   3815.40000000000       1.356016176512373E-004
   3817.89000000000       1.351911834705362E-004
   3820.39000000000       1.343809671456910E-004
   3822.89000000000       1.331960114412971E-004
   3825.39000000000       1.316674548583147E-004
   3826.39000000000       1.309768310109900E-004
   3827.39000000000       1.302530399982376E-004
   3828.39000000000       1.295011913200608E-004
   3829.39000000000       1.287249285845138E-004
   3830.39000000000       1.279251854116987E-004
   3830.86000000000       1.275444769134155E-004
   3831.39000000000       1.271127431404051E-004
   3832.39000000000       1.263236789113537E-004
   3833.39000000000       1.256246195526128E-004
   3833.49000000000       1.255646430145894E-004
   3833.59000000000       1.255066596229908E-004
   3833.69000000000       1.254499599620666E-004
   3833.79000000000       1.253955361642909E-004
   3833.89000000000       1.253448448544417E-004
   3833.99000000000       1.252971093265495E-004
   3834.09000000000       1.252525604230241E-004
   3834.19000000000       1.252107705912750E-004
   3834.29000000000       1.251722921924652E-004
   3834.39000000000       1.251383003458517E-004
   3834.49000000000       1.251068932526146E-004
   3834.59000000000       1.250789128510940E-004
   3834.69000000000       1.250562716342508E-004
   3834.79000000000       1.250372947081708E-004
   3834.89000000000       1.250230857251373E-004
   3834.99000000000       1.250110077752396E-004
   3835.09000000000       1.250047152080753E-004
   3835.19000000000       1.250039198577826E-004
   3835.29000000000       1.250057397482255E-004
   3835.39000000000       1.250134757363897E-004
   3835.49000000000       1.250249601278996E-004
   3835.59000000000       1.250401910024405E-004
   3835.69000000000       1.250610976380237E-004
   3835.79000000000       1.250858342231354E-004
   3835.89000000000       1.251160094445795E-004
   3835.99000000000       1.251493499976565E-004
   3836.09000000000       1.251870201142268E-004
   3836.19000000000       1.252283763153670E-004
   3836.29000000000       1.252733769049630E-004
   3836.39000000000       1.253243706105109E-004
   3836.49000000000       1.253770468965175E-004
   3836.59000000000       1.254346129003254E-004
   3836.69000000000       1.254955864262181E-004
   3836.79000000000       1.255590893156079E-004
   3836.89000000000       1.256258430423387E-004
   3836.99000000000       1.256941226572893E-004
   3837.09000000000       1.257679087413718E-004
   3837.19000000000       1.258433081165406E-004
   3837.29000000000       1.259206056381868E-004
   3837.39000000000       1.259995004698095E-004
   3838.39000000000       1.268960456095722E-004
   3839.39000000000       1.278893829166038E-004
   3840.39000000000       1.289123398841911E-004
   3841.39000000000       1.299320760805778E-004
   3842.39000000000       1.309337330117006E-004
   3843.39000000000       1.319191824231156E-004
   3844.39000000000       1.328871266465911E-004
   3845.39000000000       1.338265617543825E-004
   3847.89000000000       1.359917975316892E-004
   3850.39000000000       1.378162867378710E-004
   3852.89000000000       1.392457956269994E-004
   3855.39000000000       1.401824160842710E-004
   3860.39000000000       1.406990843965167E-004
   3864.05000000000       1.398696871372087E-004
   3869.05000000000       1.370313010796761E-004
   3871.55000000000       1.348898014931372E-004
   3874.05000000000       1.322600846967311E-004
   3876.55000000000       1.292677540317626E-004
   3879.05000000000       1.259102861833446E-004
   3880.05000000000       1.244644732152708E-004
   3881.05000000000       1.229741199398298E-004
   3882.05000000000       1.214512983753750E-004
   3883.05000000000       1.198927889628402E-004
   3884.05000000000       1.182928526810401E-004
   3885.05000000000       1.166614255126434E-004
   3886.05000000000       1.150510768016459E-004
   3887.05000000000       1.135975870280360E-004
   3887.15000000000       1.134693573945359E-004
   3887.25000000000       1.133461796538814E-004
   3887.35000000000       1.132271177813133E-004
   3887.45000000000       1.131131512670440E-004
   3887.55000000000       1.130045736426471E-004
   3887.65000000000       1.129014480028960E-004
   3887.75000000000       1.128038059202932E-004
   3887.85000000000       1.127129706019417E-004
   3887.95000000000       1.126285876082783E-004
   3888.05000000000       1.125500157295972E-004
   3888.15000000000       1.124793109653317E-004
   3888.25000000000       1.124160246437613E-004
   3888.35000000000       1.123595710284004E-004
   3888.45000000000       1.123111503877863E-004
   3888.55000000000       1.122709765612467E-004
   3888.65000000000       1.122387990310983E-004
   3888.75000000000       1.122141922036405E-004
   3888.85000000000       1.121986684641300E-004
   3888.95000000000       1.121912682565052E-004
   3889.05000000000       1.121920260538662E-004
   3889.15000000000       1.122019105936714E-004
   3889.25000000000       1.122195224566092E-004
   3889.35000000000       1.122455541600000E-004
   3889.45000000000       1.122804458728334E-004
   3889.55000000000       1.123233667341502E-004
   3889.65000000000       1.123740558225191E-004
   3889.75000000000       1.124329729613289E-004
   3889.85000000000       1.124996238781996E-004
   3889.95000000000       1.125735405897348E-004
   3890.05000000000       1.126556689503883E-004
   3890.15000000000       1.127440049685416E-004
   3890.25000000000       1.128393531863377E-004
   3890.35000000000       1.129413356909144E-004
   3890.45000000000       1.130498035355622E-004
   3890.55000000000       1.131636508538505E-004
   3890.65000000000       1.132836528637165E-004
   3890.75000000000       1.134086808342692E-004
   3890.85000000000       1.135387859111099E-004
   3890.95000000000       1.136741795964689E-004
   3891.05000000000       1.138130305582787E-004
   3892.05000000000       1.153866044970752E-004
   3893.05000000000       1.171301340998962E-004
   3894.05000000000       1.189072663115335E-004
   3895.05000000000       1.206699698760549E-004
   3896.05000000000       1.224055174517245E-004
   3897.05000000000       1.241270464876412E-004
   3898.05000000000       1.258354928756567E-004
   3899.05000000000       1.275211868973607E-004
   3901.55000000000       1.315643137792874E-004
   3904.05000000000       1.353725321191466E-004
   3906.55000000000       1.389604557976153E-004
   3909.05000000000       1.421936411146637E-004
   3914.05000000000       1.474772201352321E-004
   3919.05000000000       1.510920100673889E-004
   3923.84000000000       1.530057107921137E-004
   3924.05000000000       1.530559665053438E-004
   3929.05000000000       1.534578276572366E-004
   3930.07000000000       1.533311900996407E-004
   3935.07000000000       1.516235061962482E-004
   3940.07000000000       1.480258484659119E-004
   3945.07000000000       1.423498973891048E-004
   3950.07000000000       1.348199704093479E-004
   3952.57000000000       1.305415768908565E-004
   3955.07000000000       1.259206183217415E-004
   3957.57000000000       1.209526283471322E-004
   3960.07000000000       1.156342775726996E-004
   3961.07000000000       1.134397726688557E-004
   3962.07000000000       1.112321867566254E-004
   3963.07000000000       1.090202847814945E-004
   3964.07000000000       1.067861474154899E-004
   3965.07000000000       1.045037822339917E-004
   3966.07000000000       1.021577833726362E-004
   3967.07000000000       9.975968841974462E-005
   3968.07000000000       9.742221770734283E-005
   3968.17000000000       9.720394523454146E-005
   3968.27000000000       9.699019600712219E-005
   3968.37000000000       9.678209660934537E-005
   3968.47000000000       9.658029563910537E-005
   3968.57000000000       9.638548047834233E-005
   3968.67000000000       9.619823513900935E-005
   3968.77000000000       9.601945727948689E-005
   3968.87000000000       9.585021085719372E-005
   3968.97000000000       9.569068769784424E-005
   3969.07000000000       9.554234285309313E-005
   3969.17000000000       9.540530342754313E-005
   3969.27000000000       9.528042787511012E-005
   3969.37000000000       9.516872951540670E-005
   3969.47000000000       9.507059971330154E-005
   3969.57000000000       9.498653401526526E-005
   3969.67000000000       9.491724360382744E-005
   3969.77000000000       9.486284403687930E-005
   3969.87000000000       9.482411526171929E-005
   3969.97000000000       9.480084636478861E-005
   3970.07000000000       9.479328035666250E-005
   3970.17000000000       9.480193795756542E-005
   3970.27000000000       9.482608155820899E-005
   3970.37000000000       9.486603489087663E-005
   3970.47000000000       9.492156972836122E-005
   3970.57000000000       9.499193099488901E-005
   3970.67000000000       9.507707905883248E-005
   3970.77000000000       9.517617873320333E-005
   3970.87000000000       9.528894026141440E-005
   3970.97000000000       9.541487228375691E-005
   3971.07000000000       9.555294312308223E-005
   3971.17000000000       9.570265230577478E-005
   3971.27000000000       9.586305769501669E-005
   3971.37000000000       9.603364818546951E-005
   3971.47000000000       9.621333921224204E-005
   3971.57000000000       9.640155609511306E-005
   3971.67000000000       9.659756841273151E-005
   3971.77000000000       9.680065464284901E-005
   3971.87000000000       9.700979821238315E-005
   3971.97000000000       9.722464007054456E-005
   3972.07000000000       9.744434610476708E-005
   3973.07000000000       9.979421913940564E-005
   3974.07000000000       1.022070214078450E-004
   3975.07000000000       1.045705010122527E-004
   3976.07000000000       1.068738152382447E-004
   3977.07000000000       1.091334962844028E-004
   3978.07000000000       1.113786186099220E-004
   3979.07000000000       1.136257070465113E-004
   3980.07000000000       1.158722950836624E-004
   3982.57000000000       1.213665343695261E-004
   3985.07000000000       1.265966717573100E-004
   3987.57000000000       1.315920822697481E-004
   3990.07000000000       1.363935507291465E-004
   3995.07000000000       1.454064764157637E-004
   4000.00000000000       1.530429732231152E-004
   4000.07000000000       1.531395030650620E-004
   4005.07000000000       1.592977254302965E-004
   4010.07000000000       1.639408377060579E-004
   4015.07000000000       1.672993293985666E-004
   4016.82000000000       1.682279643126648E-004
   4020.07000000000       1.696048201091012E-004
   4025.07000000000       1.711069034373770E-004
   4030.07000000000       1.719516850291536E-004
   4035.07000000000       1.721765289324129E-004
   4036.73000000000       1.720999373303837E-004
   4041.73000000000       1.713751929151113E-004
   4046.73000000000       1.698392835858530E-004
   4051.73000000000       1.672826078052812E-004
   4056.73000000000       1.635033199579475E-004
   4061.73000000000       1.583872215845505E-004
   4066.73000000000       1.520538362881030E-004
   4071.73000000000       1.449142688564035E-004
   4076.73000000000       1.372344370596853E-004
   4081.73000000000       1.285131779929767E-004
   4084.23000000000       1.236093787687217E-004
   4086.73000000000       1.183848694018474E-004
   4089.23000000000       1.129537234202800E-004
   4091.73000000000       1.072718870498035E-004
   4092.73000000000       1.049156799468748E-004
   4093.73000000000       1.025078970265528E-004
   4094.73000000000       1.000460316341070E-004
   4095.73000000000       9.751507557031469E-005
   4096.73000000000       9.488798576121914E-005
   4097.73000000000       9.213320486753816E-005
   4098.73000000000       8.924187838509820E-005
   4099.73000000000       8.636100497677954E-005
   4099.83000000000       8.609003555629619E-005
   4099.93000000000       8.582473552873975E-005
   4100.03000000000       8.556651720111341E-005
   4100.13000000000       8.531590606675357E-005
   4100.23000000000       8.507410713001750E-005
   4100.33000000000       8.484169432448095E-005
   4100.43000000000       8.462021878443316E-005
   4100.53000000000       8.440991882907742E-005
   4100.63000000000       8.421241434130081E-005
   4100.73000000000       8.402811542789550E-005
   4100.83000000000       8.385840820658496E-005
   4100.93000000000       8.370383314337851E-005
   4101.03000000000       8.356523062032025E-005
   4101.13000000000       8.344366586344798E-005
   4101.23000000000       8.333948884825156E-005
   4101.33000000000       8.325356134943841E-005
   4101.43000000000       8.318621253039808E-005
   4101.53000000000       8.313789169853527E-005
   4101.63000000000       8.310897450519452E-005
   4101.73000000000       8.309947299199504E-005
   4101.83000000000       8.310917968163338E-005
   4101.93000000000       8.313833978606838E-005
   4102.03000000000       8.318694048376109E-005
   4102.13000000000       8.325445580382628E-005
   4102.23000000000       8.334070362246106E-005
   4102.33000000000       8.344505023949427E-005
   4102.43000000000       8.356673951850597E-005
   4102.53000000000       8.370549619765139E-005
   4102.63000000000       8.386031861848988E-005
   4102.73000000000       8.403030094821948E-005
   4102.83000000000       8.421468699637746E-005
   4102.93000000000       8.441246977988070E-005
   4103.03000000000       8.462265752785495E-005
   4103.13000000000       8.484436044558737E-005
   4103.23000000000       8.507682497005002E-005
   4103.33000000000       8.531866816217329E-005
   4103.43000000000       8.556951642648250E-005
   4103.53000000000       8.582760532077770E-005
   4103.63000000000       8.609296651132657E-005
   4103.73000000000       8.636392586704129E-005
   4104.73000000000       8.924397920493065E-005
   4105.73000000000       9.213230303241552E-005
   4106.73000000000       9.488243797547528E-005
   4107.73000000000       9.750328186746588E-005
   4108.73000000000       1.000264488273317E-004
   4109.73000000000       1.024790044068717E-004
   4109.80000000000       1.026487412899643E-004
   4110.73000000000       1.048761803304512E-004
   4111.73000000000       1.072213671478449E-004
   4114.23000000000       1.128735704368835E-004
   4116.73000000000       1.182772484289437E-004
   4119.23000000000       1.234803754055953E-004
   4121.73000000000       1.283805781954220E-004
   4126.73000000000       1.371564811656475E-004
   4131.73000000000       1.450253404220981E-004
   4136.73000000000       1.525570996475325E-004
   4141.73000000000       1.595398386045020E-004
   4146.73000000000       1.655503739521751E-004
   4151.73000000000       1.704341675935993E-004
   4156.73000000000       1.742572848184323E-004
   4161.73000000000       1.771996177306565E-004
   4166.73000000000       1.794508860332054E-004
   4171.73000000000       1.811703206916254E-004
   4176.73000000000       1.824858212653374E-004
   4181.73000000000       1.834925158055222E-004
   4186.73000000000       1.842547956966082E-004
   4191.73000000000       1.848282268949556E-004
   4196.73000000000       1.852472952383779E-004
   4201.73000000000       1.855401030890405E-004
   4202.79000000000       1.855837000194606E-004
   4214.23000000000       1.857839262494572E-004
   4227.96000000000       1.853297746845265E-004
   4240.46000000000       1.841196914658954E-004
   4245.46000000000       1.833471901133595E-004
   4250.46000000000       1.823408130567170E-004
   4255.46000000000       1.810576876507595E-004
   4260.46000000000       1.794390001125800E-004
   4265.46000000000       1.774153466403827E-004
   4270.46000000000       1.749129306587162E-004
   4275.46000000000       1.718621238529848E-004
   4280.46000000000       1.682320423656886E-004
   4285.46000000000       1.640576125215085E-004
   4290.46000000000       1.594227767862022E-004
   4295.46000000000       1.544212940283043E-004
   4295.77000000000       1.540979014838891E-004
   4300.46000000000       1.489872746391359E-004
   4305.46000000000       1.430075209934294E-004
   4310.46000000000       1.363532835462643E-004
   4315.46000000000       1.289334989162251E-004
   4320.46000000000       1.206641156668351E-004
   4322.96000000000       1.162005667229361E-004
   4325.46000000000       1.115008124758467E-004
   4327.96000000000       1.065786753824808E-004
   4330.46000000000       1.013866768245626E-004
   4331.46000000000       9.921817445776071E-005
   4332.46000000000       9.698540414513894E-005
   4333.46000000000       9.467632098988086E-005
   4334.46000000000       9.226611096515266E-005
   4335.46000000000       8.971301079657666E-005
   4336.46000000000       8.694743561369024E-005
   4337.46000000000       8.386157478006841E-005
   4338.46000000000       8.044255892256897E-005
   4338.56000000000       8.009699881094588E-005
   4338.66000000000       7.975407204544832E-005
   4338.76000000000       7.941630676775694E-005
   4338.86000000000       7.908377125352185E-005
   4338.96000000000       7.875935884541536E-005
   4339.06000000000       7.844348386907768E-005
   4339.16000000000       7.813873067350161E-005
   4339.26000000000       7.784661765395055E-005
   4339.36000000000       7.756928174651769E-005
   4339.46000000000       7.730811077720292E-005
   4339.56000000000       7.706560451046269E-005
   4339.66000000000       7.684274000216981E-005
   4339.76000000000       7.664150199307784E-005
   4339.86000000000       7.646365648257200E-005
   4339.96000000000       7.631051106421359E-005
   4340.06000000000       7.618332892255126E-005
   4340.16000000000       7.608304043723187E-005
   4340.26000000000       7.601088364400886E-005
   4340.36000000000       7.596688563917946E-005
   4340.46000000000       7.595227004480521E-005
   4340.56000000000       7.596667119040139E-005
   4340.66000000000       7.601064581246259E-005
   4340.76000000000       7.608267465393201E-005
   4340.86000000000       7.618276682349988E-005
   4340.96000000000       7.630967981409463E-005
   4341.06000000000       7.646299498641805E-005
   4341.16000000000       7.664052790907739E-005
   4341.26000000000       7.684151920959965E-005
   4341.36000000000       7.706440345367924E-005
   4341.46000000000       7.730660552047429E-005
   4341.56000000000       7.756757629526043E-005
   4341.66000000000       7.784458494934364E-005
   4341.76000000000       7.813670107748381E-005
   4341.86000000000       7.844084650410087E-005
   4341.96000000000       7.875646957866030E-005
   4342.06000000000       7.908081857442433E-005
   4342.16000000000       7.941275371008824E-005
   4342.26000000000       7.975038884110581E-005
   4342.36000000000       8.009272997119551E-005
   4342.46000000000       8.043805623960477E-005
   4343.46000000000       8.385186866134635E-005
   4344.46000000000       8.693037937896014E-005
   4345.46000000000       8.968662189050124E-005
   4346.46000000000       9.222864225937280E-005
   4347.46000000000       9.462543933698104E-005
   4348.46000000000       9.691937145418098E-005
   4349.46000000000       9.913484485878840E-005
   4350.46000000000       1.012838544718817E-004
   4352.96000000000       1.064189149785123E-004
   4355.46000000000       1.112716160240354E-004
   4357.96000000000       1.158894301678962E-004
   4360.46000000000       1.202584220819492E-004
   4365.46000000000       1.283088678205009E-004
   4370.46000000000       1.354728412947206E-004
   4375.46000000000       1.418372231784679E-004
   4380.46000000000       1.475049471527308E-004
   4385.46000000000       1.526109059995507E-004
   4388.75000000000       1.557335465693051E-004
   4390.46000000000       1.572802185513055E-004
   4395.46000000000       1.615565346440528E-004
   4400.46000000000       1.653849447309306E-004
   4405.46000000000       1.686780989261128E-004
   4410.46000000000       1.714188517577579E-004
   4415.46000000000       1.736334089357308E-004
   4420.46000000000       1.753943418235650E-004
   4425.46000000000       1.767770340517501E-004
   4430.46000000000       1.778497288568461E-004
   4435.46000000000       1.786710474500820E-004
   4440.46000000000       1.792843750240544E-004
   4452.96000000000       1.802134659837997E-004
   4465.46000000000       1.805898057709810E-004
   4477.96000000000       1.806363612749401E-004
   4481.73000000000       1.806085090007886E-004
   4490.46000000000       1.804783711453223E-004
   4565.46000000000       1.779122194993906E-004
   4574.71000000000       1.775000963423954E-004
   4636.33000000000       1.743902691140229E-004
   4667.70000000000       1.724353606554415E-004
   4711.33000000000       1.685806899318048E-004
   4723.83000000000       1.669783065801039E-004
   4736.33000000000       1.650104336511189E-004
   4748.83000000000       1.626237273421232E-004
   4760.68000000000       1.598842433738132E-004
   4761.33000000000       1.597201041820258E-004
   4766.33000000000       1.583657877808274E-004
   4771.33000000000       1.568792713522744E-004
   4776.33000000000       1.552351829360246E-004
   4781.33000000000       1.534031084020395E-004
   4786.33000000000       1.513490122647968E-004
   4791.33000000000       1.490441828938422E-004
   4796.33000000000       1.464647955145868E-004
   4801.33000000000       1.435926747115013E-004
   4806.33000000000       1.404183432665209E-004
   4811.33000000000       1.369449186427129E-004
   4816.33000000000       1.331613124674624E-004
   4821.33000000000       1.289988636903179E-004
   4826.33000000000       1.244007177016167E-004
   4831.33000000000       1.193608844417094E-004
   4836.33000000000       1.138616390094020E-004
   4841.33000000000       1.077465170296039E-004
   4843.83000000000       1.044320850743330E-004
   4846.33000000000       1.009288070796507E-004
   4848.83000000000       9.723598939163398E-005
   4851.33000000000       9.329215466309943E-005
   4852.33000000000       9.162497424942121E-005
   4853.33000000000       8.989073281779097E-005
   4853.66000000000       8.930184702615073E-005
   4854.33000000000       8.807631031832159E-005
   4855.33000000000       8.615657950657693E-005
   4856.33000000000       8.407849112450997E-005
   4857.33000000000       8.172242399051533E-005
   4858.33000000000       7.884721277793081E-005
   4859.33000000000       7.523558223101193E-005
   4859.43000000000       7.484533643361834E-005
   4859.53000000000       7.445384930986964E-005
   4859.63000000000       7.406424197087278E-005
   4859.73000000000       7.367662217860560E-005
   4859.83000000000       7.329505818812823E-005
   4859.93000000000       7.292011977927409E-005
   4860.03000000000       7.255586056186957E-005
   4860.13000000000       7.220362107910267E-005
   4860.23000000000       7.186716339020682E-005
   4860.33000000000       7.154789478189368E-005
   4860.43000000000       7.124977147534157E-005
   4860.53000000000       7.097417901325863E-005
   4860.63000000000       7.072425985735274E-005
   4860.73000000000       7.050276220632874E-005
   4860.83000000000       7.031081777535738E-005
   4860.93000000000       7.015111198753596E-005
   4861.03000000000       7.002476947496821E-005
   4861.13000000000       6.993386475162330E-005
   4861.23000000000       6.987860995272164E-005
   4861.33000000000       6.985996985474016E-005
   4861.43000000000       6.987772170748464E-005
   4861.53000000000       6.993211653715294E-005
   4861.63000000000       7.002237490550978E-005
   4861.73000000000       7.014785437354079E-005
   4861.83000000000       7.030674316236086E-005
   4861.93000000000       7.049787594462194E-005
   4862.03000000000       7.071848620224288E-005
   4862.13000000000       7.096765273483340E-005
   4862.23000000000       7.124238656759065E-005
   4862.33000000000       7.153960610562724E-005
   4862.43000000000       7.185798817974676E-005
   4862.53000000000       7.219355736002911E-005
   4862.63000000000       7.254474022685841E-005
   4862.73000000000       7.290807603682739E-005
   4862.83000000000       7.328202741080775E-005
   4862.93000000000       7.366266541317041E-005
   4863.03000000000       7.404909091820193E-005
   4863.13000000000       7.443777735821196E-005
   4863.23000000000       7.482817963991928E-005
   4863.33000000000       7.521736860563902E-005
   4864.33000000000       7.881704651286715E-005
   4865.33000000000       8.167846453927693E-005
   4866.33000000000       8.401903457342473E-005
   4867.33000000000       8.607986669317776E-005
   4868.33000000000       8.798034120063377E-005
   4869.33000000000       8.977488067572839E-005
   4870.33000000000       9.148794446169886E-005
   4871.33000000000       9.313200276748156E-005
   4873.83000000000       9.701142132876289E-005
   4876.33000000000       1.006299902910614E-004
   4878.83000000000       1.040493269628620E-004
   4881.33000000000       1.072689094815760E-004
   4886.33000000000       1.131654211741575E-004
   4891.33000000000       1.184097194579782E-004
   4896.33000000000       1.231543330484449E-004
   4901.33000000000       1.274188449100742E-004
   4906.33000000000       1.312116891048887E-004
   4911.33000000000       1.345927156894523E-004
   4916.33000000000       1.376320681256418E-004
   4921.33000000000       1.403392691804169E-004
   4926.33000000000       1.427228050048282E-004
   4931.33000000000       1.447947370829869E-004
   4936.33000000000       1.465794859413729E-004
   4941.33000000000       1.481036505670410E-004
   4946.33000000000       1.494030846420408E-004
   4946.64000000000       1.494775727444934E-004
   4951.33000000000       1.505063148210082E-004
   4956.33000000000       1.514518169664564E-004
   4961.33000000000       1.522558566579229E-004
   4973.83000000000       1.537939992318779E-004
   4986.33000000000       1.548111128591759E-004
   4998.83000000000       1.554245639804158E-004
   5011.33000000000       1.557112192877352E-004
   5039.62000000000       1.555706382464569E-004
   5086.33000000000       1.542516455847630E-004
   5132.61000000000       1.525265164873386E-004
   5161.33000000000       1.513999189774570E-004
   5225.59000000000       1.488468769964115E-004
   5318.57000000000       1.451747589482322E-004
   5411.55000000000       1.415916842150049E-004
   5504.53000000000       1.381160253128468E-004
   5597.52000000000       1.347257914137230E-004
   5690.50000000000       1.314807195182789E-004
   5783.48000000000       1.283434633295193E-004
   5876.46000000000       1.253132646553086E-004
   5969.44000000000       1.223735486797680E-004
   6000.00000000000       1.214263142315403E-004
   6062.43000000000       1.195135800390634E-004
   6155.41000000000       1.166868136540658E-004
   6248.39000000000       1.137793488864559E-004
   6262.81000000000       1.133090483577119E-004
   6337.81000000000       1.107174224005189E-004
   6341.37000000000       1.105804180440702E-004
   6412.81000000000       1.072965703158123E-004
   6425.31000000000       1.064470760900553E-004
   6434.35000000000       1.057614147110669E-004
   6437.81000000000       1.054723459038089E-004
   6450.31000000000       1.042888786676748E-004
   6462.81000000000       1.028497142568744E-004
   6467.81000000000       1.021892579467486E-004
   6472.81000000000       1.014649112591976E-004
   6477.81000000000       1.006719081050566E-004
   6482.81000000000       9.980861489692495E-005
   6487.81000000000       9.887368021355890E-005
   6492.81000000000       9.785189781892279E-005
   6497.81000000000       9.672550624081837E-005
   6502.81000000000       9.548243622382963E-005
   6507.81000000000       9.411278479407751E-005
   6512.81000000000       9.259725648626249E-005
   6517.81000000000       9.091293812106226E-005
   6522.81000000000       8.903514980794084E-005
   6527.33000000000       8.716026021602109E-005
   6527.81000000000       8.695071803221726E-005
   6532.81000000000       8.466251577102829E-005
   6537.81000000000       8.215568988484347E-005
   6542.81000000000       7.929997520551962E-005
   6545.31000000000       7.771620567308373E-005
   6547.81000000000       7.601939037446162E-005
   6550.31000000000       7.420818171922163E-005
   6552.81000000000       7.223908698632626E-005
   6553.81000000000       7.139364926786310E-005
   6554.81000000000       7.050280446976862E-005
   6555.81000000000       6.955273163387265E-005
   6556.81000000000       6.851853823860760E-005
   6557.81000000000       6.735090906208500E-005
   6558.81000000000       6.593818832976193E-005
   6559.81000000000       6.403220408996011E-005
   6560.81000000000       6.135441795403963E-005
   6560.91000000000       6.105043886429497E-005
   6561.01000000000       6.074275320697716E-005
   6561.11000000000       6.043453976631105E-005
   6561.21000000000       6.012612651200855E-005
   6561.31000000000       5.982003588903486E-005
   6561.41000000000       5.951867675011634E-005
   6561.51000000000       5.922354865470158E-005
   6561.61000000000       5.893755120155833E-005
   6561.71000000000       5.866208860169152E-005
   6561.81000000000       5.840062343582275E-005
   6561.91000000000       5.815446619381280E-005
   6562.01000000000       5.792718941309280E-005
   6562.11000000000       5.771998698011368E-005
   6562.21000000000       5.753592380634014E-005
   6562.31000000000       5.737641668718560E-005
   6562.41000000000       5.724273703954863E-005
   6562.51000000000       5.713785302175756E-005
   6562.61000000000       5.706148530536263E-005
   6562.71000000000       5.701586034622296E-005
   6562.81000000000       5.699983489966310E-005
   6562.91000000000       5.701461228942888E-005
   6563.01000000000       5.705854722536200E-005
   6563.11000000000       5.713352316505831E-005
   6563.21000000000       5.723691525237733E-005
   6563.31000000000       5.736913939585838E-005
   6563.41000000000       5.752741170830856E-005
   6563.51000000000       5.770983513644962E-005
   6563.61000000000       5.791566562241070E-005
   6563.71000000000       5.814149712107135E-005
   6563.81000000000       5.838609482417420E-005
   6563.91000000000       5.864616717181077E-005
   6564.01000000000       5.892006663712886E-005
   6564.11000000000       5.920441257823592E-005
   6564.21000000000       5.949798377600931E-005
   6564.31000000000       5.979781537272348E-005
   6564.41000000000       6.010233205134370E-005
   6564.51000000000       6.040921059220867E-005
   6564.61000000000       6.071572475176924E-005
   6564.71000000000       6.102163725302879E-005
   6564.81000000000       6.132415187420688E-005
   6565.81000000000       6.398490737013705E-005
   6566.81000000000       6.587293819743472E-005
   6567.81000000000       6.726670238385369E-005
   6568.81000000000       6.841463403614103E-005
   6569.81000000000       6.942849113532883E-005
   6570.81000000000       7.035760130248921E-005
   6571.81000000000       7.122681426664066E-005
   6572.81000000000       7.204970450983478E-005
   6575.31000000000       7.396047725551833E-005
   6577.81000000000       7.570907533453061E-005
   6580.31000000000       7.733948495038864E-005
   6582.81000000000       7.885247711553558E-005
   6587.81000000000       8.155642793730283E-005
   6592.81000000000       8.389888333678335E-005
   6597.81000000000       8.600447691115263E-005
   6602.81000000000       8.789763401329738E-005
   6607.81000000000       8.957103618947424E-005
   6612.81000000000       9.103844263524518E-005
   6617.81000000000       9.233093204121036E-005
   6620.32000000000       9.292128135600569E-005
   6622.81000000000       9.346505351235933E-005
   6627.81000000000       9.446089500817734E-005
   6632.81000000000       9.533719917103948E-005
   6637.81000000000       9.610277285664150E-005
   6642.81000000000       9.677651967209660E-005
   6647.81000000000       9.737337741114446E-005
   6652.81000000000       9.789662028704719E-005
   6657.81000000000       9.834891729324783E-005
   6662.81000000000       9.873554000486784E-005
   6675.31000000000       9.948532381912826E-005
   6687.81000000000       9.997788820861536E-005
   6700.31000000000       1.002710666662192E-004
   6712.81000000000       1.004412252656900E-004
   6713.30000000000       1.004432595620614E-004
   6787.81000000000       9.991099040251806E-005
   6806.28000000000       9.962877455811035E-005
   6862.81000000000       9.862894777250152E-005
   6899.26000000000       9.792632192092394E-005
   6992.24000000000       9.603926883190062E-005
   7085.23000000000       9.412540395517539E-005
   7178.21000000000       9.224445617936951E-005
   7271.19000000000       9.041176444813232E-005
   7364.17000000000       8.863051897158214E-005
   7457.15000000000       8.690069925090978E-005
   7550.14000000000       8.522073622651901E-005
   7643.12000000000       8.359271096684452E-005
   7736.10000000000       8.200727885325570E-005
   7829.08000000000       8.046709447039132E-005
   7922.06000000000       7.897042991424919E-005
   8000.00000000000       7.774796595072460E-005
   8015.05000000000       7.751527422933040E-005
   8108.03000000000       7.610084424043213E-005
   8201.01000000000       7.471855117669524E-005
   8331.19000000000       7.284861754063585E-005
   8365.02000000000       7.237327757036607E-005
   8440.02000000000       7.133380984742579E-005
   8461.36000000000       7.104131069160585E-005
   8515.02000000000       7.031570157317353E-005
   8527.52000000000       7.014808984068590E-005
   8540.02000000000       6.998086501679102E-005
   8552.52000000000       6.980131492376162E-005
   8565.02000000000       6.963516463090509E-005
   8570.02000000000       6.956890864788726E-005
   8575.02000000000       6.950298735891725E-005
   8580.02000000000       6.943706316874196E-005
   8585.02000000000       6.937112099291320E-005
   8590.02000000000       6.930533731295173E-005
   8591.53000000000       6.928548120541843E-005
   8595.02000000000       6.923949980653824E-005
   8600.02000000000       6.917371352620575E-005
   8605.02000000000       6.910788952884631E-005
   8610.02000000000       6.904201267209061E-005
   8615.02000000000       6.897633421098881E-005
   8620.02000000000       6.891036680054912E-005
   8625.02000000000       6.884439571947172E-005
   8630.02000000000       6.877815161936141E-005
   8635.02000000000       6.871196737823215E-005
   8640.02000000000       6.864585872276644E-005
   8645.02000000000       6.857940704332798E-005
   8647.52000000000       6.854618538854794E-005
   8650.02000000000       6.851312928601374E-005
   8652.52000000000       6.848003954700907E-005
   8655.02000000000       6.844715962154125E-005
   8656.02000000000       6.843408501172271E-005
   8657.02000000000       6.842103023504276E-005
   8658.02000000000       6.840796112169589E-005
   8659.02000000000       6.839483108789850E-005
   8660.02000000000       6.838181340962024E-005
   8661.02000000000       6.836885171822226E-005
   8662.02000000000       6.835583983376660E-005
   8663.02000000000       6.834294180890933E-005
   8663.12000000000       6.834141958639273E-005
   8663.22000000000       6.834020705458448E-005
   8663.32000000000       6.833890684423711E-005
   8663.42000000000       6.833759445179667E-005
   8663.52000000000       6.833640557682987E-005
   8663.62000000000       6.833518535590264E-005
   8663.72000000000       6.833387268447367E-005
   8663.82000000000       6.833239997683520E-005
   8663.92000000000       6.833106456130866E-005
   8664.02000000000       6.832982063892788E-005
   8664.12000000000       6.832860111588802E-005
   8664.22000000000       6.832731039612856E-005
   8664.32000000000       6.832598535465381E-005
   8664.42000000000       6.832468748386997E-005
   8664.52000000000       6.832331831012766E-005
   8664.62000000000       6.832204714288796E-005
   8664.72000000000       6.832074484676858E-005
   8664.82000000000       6.831949134988939E-005
   8664.92000000000       6.831817314846097E-005
   8665.02000000000       6.831679184189280E-005
   8665.12000000000       6.831556637837158E-005
   8665.22000000000       6.831438072970979E-005
   8665.32000000000       6.831321376160975E-005
   8665.42000000000       6.831183434340952E-005
   8665.52000000000       6.831046277526383E-005
   8665.62000000000       6.830914621982173E-005
   8665.72000000000       6.830813251139056E-005
   8665.82000000000       6.830676198782357E-005
   8665.92000000000       6.830540125336283E-005
   8666.02000000000       6.830405390455853E-005
   8666.12000000000       6.830289771975835E-005
   8666.22000000000       6.830168681321499E-005
   8666.32000000000       6.830034974375236E-005
   8666.42000000000       6.829897742394323E-005
   8666.52000000000       6.829782203648727E-005
   8666.62000000000       6.829646995339109E-005
   8666.72000000000       6.829516868475125E-005
   8666.82000000000       6.829399552487818E-005
   8666.92000000000       6.829270659429209E-005
   8667.02000000000       6.829137817593512E-005
   8668.02000000000       6.827858593931908E-005
   8669.02000000000       6.826590839097651E-005
   8670.02000000000       6.825312799968374E-005
   8671.02000000000       6.824030876879812E-005
   8672.02000000000       6.822765055867463E-005
   8673.02000000000       6.821504963430601E-005
   8674.02000000000       6.820236261278505E-005
   8675.02000000000       6.818968090040394E-005
   8677.52000000000       6.815829176809011E-005
   8680.02000000000       6.812673097782383E-005
   8682.52000000000       6.809544290863241E-005
   8685.02000000000       6.806411171612285E-005
   8690.02000000000       6.800115721784308E-005
   8695.02000000000       6.793775678299620E-005
   8700.02000000000       6.787430380122278E-005
   8705.02000000000       6.781019578306945E-005
   8710.47000000000       6.773983479066869E-005
   8715.47000000000       6.767480463862354E-005
   8720.47000000000       6.760920301540736E-005
   8721.71000000000       6.759275825283693E-005
   8725.47000000000       6.754300422235104E-005
   8730.47000000000       6.747658368196290E-005
   8732.97000000000       6.744332046745075E-005
   8735.47000000000       6.741014439644434E-005
   8737.97000000000       6.737703066379257E-005
   8740.47000000000       6.734402211390588E-005
   8741.47000000000       6.733106556114258E-005
   8742.47000000000       6.731791004198596E-005
   8743.47000000000       6.730503398810925E-005
   8744.47000000000       6.729211552405761E-005
   8745.47000000000       6.727931037786584E-005
   8746.47000000000       6.726673002304828E-005
   8747.47000000000       6.725393667107734E-005
   8748.47000000000       6.724146893411731E-005
   8748.57000000000       6.724015627062793E-005
   8748.67000000000       6.723899307057629E-005
   8748.77000000000       6.723765124280447E-005
   8748.87000000000       6.723653865082328E-005
   8748.97000000000       6.723517207930106E-005
   8749.07000000000       6.723386119639933E-005
   8749.17000000000       6.723274296166300E-005
   8749.27000000000       6.723150487779923E-005
   8749.37000000000       6.723036992057778E-005
   8749.47000000000       6.722904801378285E-005
   8749.57000000000       6.722790733784669E-005
   8749.67000000000       6.722655098856770E-005
   8749.77000000000       6.722534722982892E-005
   8749.87000000000       6.722405026187557E-005
   8749.97000000000       6.722288658384474E-005
   8750.07000000000       6.722157084325844E-005
   8750.17000000000       6.722041696560722E-005
   8750.27000000000       6.721894964324030E-005
   8750.37000000000       6.721782098498051E-005
   8750.47000000000       6.721649618759070E-005
   8750.57000000000       6.721537365743767E-005
   8750.67000000000       6.721420173825678E-005
   8750.77000000000       6.721287578692820E-005
   8750.87000000000       6.721159821581493E-005
   8750.97000000000       6.721041614092341E-005
   8751.07000000000       6.720926991522727E-005
   8751.17000000000       6.720787939465247E-005
   8751.27000000000       6.720673869907589E-005
   8751.37000000000       6.720556777771889E-005
   8751.47000000000       6.720431094014951E-005
   8751.57000000000       6.720314989274526E-005
   8751.67000000000       6.720195247628863E-005
   8751.77000000000       6.720073161919243E-005
   8751.87000000000       6.719937154740864E-005
   8751.97000000000       6.719813646922277E-005
   8752.07000000000       6.719696323183004E-005
   8752.17000000000       6.719566966231491E-005
   8752.27000000000       6.719452856086801E-005
   8752.37000000000       6.719340660464411E-005
   8752.47000000000       6.719211508912690E-005
   8753.47000000000       6.717993752366436E-005
   8754.47000000000       6.716792556104727E-005
   8755.47000000000       6.715587338139331E-005
   8756.47000000000       6.714410362429927E-005
   8757.47000000000       6.713226438720635E-005
   8758.47000000000       6.712039612886835E-005
   8759.47000000000       6.710886039665268E-005
   8760.47000000000       6.709711293621734E-005
   8762.97000000000       6.706818974631689E-005
   8765.47000000000       6.703943254520229E-005
   8767.97000000000       6.701082675362435E-005
   8770.47000000000       6.698211924651992E-005
   8775.47000000000       6.692462952647061E-005
   8780.47000000000       6.686654260422393E-005
   8785.47000000000       6.680762784490454E-005
   8790.47000000000       6.674786584294230E-005
   8795.47000000000       6.668733223678881E-005
   8800.47000000000       6.662571825104954E-005
   8805.47000000000       6.656334370740467E-005
   8807.79000000000       6.653389006722557E-005
   8812.79000000000       6.646998009503987E-005
   8817.79000000000       6.640517931074157E-005
   8822.79000000000       6.633936814878597E-005
   8827.79000000000       6.627240400902253E-005
   8832.79000000000       6.620462970055829E-005
   8837.79000000000       6.613604579996735E-005
   8842.79000000000       6.606659248281264E-005
   8845.29000000000       6.603188734926097E-005
   8847.79000000000       6.599704926669028E-005
   8850.29000000000       6.596276966355068E-005
   8851.88000000000       6.594105891380288E-005
   8852.79000000000       6.592873454838639E-005
   8853.79000000000       6.591522937665627E-005
   8854.79000000000       6.590202315427168E-005
   8855.79000000000       6.588888980361994E-005
   8856.79000000000       6.587599685608878E-005
   8857.79000000000       6.586338346221968E-005
   8858.79000000000       6.585078888287392E-005
   8859.79000000000       6.583801971525866E-005
   8860.79000000000       6.582444091253131E-005
   8860.89000000000       6.582317774655963E-005
   8860.99000000000       6.582162410591786E-005
   8861.09000000000       6.582014776392375E-005
   8861.19000000000       6.581860577621376E-005
   8861.29000000000       6.581717412747868E-005
   8861.39000000000       6.581552274445168E-005
   8861.49000000000       6.581415477535143E-005
   8861.59000000000       6.581248371782431E-005
   8861.69000000000       6.581105821333642E-005
   8861.79000000000       6.580946713575482E-005
   8861.89000000000       6.580827411596172E-005
   8861.99000000000       6.580656546225205E-005
   8862.09000000000       6.580527508465644E-005
   8862.19000000000       6.580380880956303E-005
   8862.29000000000       6.580244423889142E-005
   8862.39000000000       6.580120233075406E-005
   8862.49000000000       6.579961505339764E-005
   8862.59000000000       6.579863849807914E-005
   8862.69000000000       6.579722540612311E-005
   8862.79000000000       6.579616545083758E-005
   8862.89000000000       6.579487479844823E-005
   8862.99000000000       6.579416612151655E-005
   8863.09000000000       6.579287291613298E-005
   8863.19000000000       6.579201869738902E-005
   8863.29000000000       6.579107248298932E-005
   8863.39000000000       6.579013013686692E-005
   8863.49000000000       6.578923634117404E-005
   8863.59000000000       6.578838275385871E-005
   8863.69000000000       6.578759368118272E-005
   8863.79000000000       6.578671663156805E-005
   8863.89000000000       6.578606492620895E-005
   8863.99000000000       6.578517381621844E-005
   8864.09000000000       6.578453197631251E-005
   8864.19000000000       6.578366446188783E-005
   8864.29000000000       6.578296052762521E-005
   8864.39000000000       6.578212877359285E-005
   8864.49000000000       6.578136297195975E-005
   8864.59000000000       6.578059255658516E-005
   8864.69000000000       6.577975310007833E-005
   8864.79000000000       6.577891149130665E-005
   8865.79000000000       6.576980133512526E-005
   8866.79000000000       6.575980176494958E-005
   8867.79000000000       6.574958340970883E-005
   8868.79000000000       6.573933479197769E-005
   8869.79000000000       6.572943564277948E-005
   8870.79000000000       6.571964249631075E-005
   8871.79000000000       6.571018720838902E-005
   8872.79000000000       6.570067658164345E-005
   8875.29000000000       6.567755950571514E-005
   8877.79000000000       6.565484849272074E-005
   8880.29000000000       6.563220875798243E-005
   8882.79000000000       6.560976186723486E-005
   8887.79000000000       6.556399825691486E-005
   8892.79000000000       6.551733575581855E-005
   8897.79000000000       6.546930729686521E-005
   8902.79000000000       6.541989748165547E-005
   8907.79000000000       6.536872606191383E-005
   8912.79000000000       6.531626404961091E-005
   8917.79000000000       6.526188560926977E-005
   8922.79000000000       6.520584818562708E-005
   8927.79000000000       6.514820538277714E-005
   8932.79000000000       6.508853669772187E-005
   8937.79000000000       6.502720919107696E-005
   8939.91000000000       6.500056295000090E-005
   8944.91000000000       6.493615850305607E-005
   8949.91000000000       6.486994739101586E-005
   8954.91000000000       6.480154034617742E-005
   8959.91000000000       6.473121484357548E-005
   8964.91000000000       6.465863300886325E-005
   8969.91000000000       6.458375495934745E-005
   8974.91000000000       6.450652192952948E-005
   8979.91000000000       6.442713540958454E-005
   8982.06000000000       6.439225888573184E-005
   8984.91000000000       6.434540686502337E-005
   8989.91000000000       6.426182773070546E-005
   8994.91000000000       6.417670381521867E-005
   8997.41000000000       6.413378343731252E-005
   8999.91000000000       6.409086596580292E-005
   9002.41000000000       6.404826601737515E-005
   9004.91000000000       6.400658677894092E-005
   9005.91000000000       6.399034270499738E-005
   9006.91000000000       6.397434993554836E-005
   9007.91000000000       6.395893472625500E-005
   9008.91000000000       6.394383057141969E-005
   9009.91000000000       6.392966845254882E-005
   9010.91000000000       6.391597931067688E-005
   9011.91000000000       6.390300486804754E-005
   9012.91000000000       6.389116241088688E-005
   9013.01000000000       6.388992382035384E-005
   9013.11000000000       6.388885758460929E-005
   9013.21000000000       6.388774767391701E-005
   9013.31000000000       6.388657839182943E-005
   9013.41000000000       6.388551257946785E-005
   9013.51000000000       6.388434837522477E-005
   9013.61000000000       6.388330520735629E-005
   9013.71000000000       6.388216030707134E-005
   9013.81000000000       6.388115600490189E-005
   9013.91000000000       6.388013630958050E-005
   9014.01000000000       6.387910300633362E-005
   9014.11000000000       6.387815938519627E-005
   9014.21000000000       6.387705440527293E-005
   9014.31000000000       6.387611331217957E-005
   9014.41000000000       6.387500929327548E-005
   9014.51000000000       6.387409522670385E-005
   9014.61000000000       6.387318083129093E-005
   9014.71000000000       6.387214908326283E-005
   9014.81000000000       6.387108075857726E-005
   9014.91000000000       6.387017332609733E-005
   9015.01000000000       6.386933011825510E-005
   9015.11000000000       6.386842759136807E-005
   9015.21000000000       6.386743085948226E-005
   9015.31000000000       6.386644187601077E-005
   9015.41000000000       6.386561806046411E-005
   9015.51000000000       6.386463407575055E-005
   9015.61000000000       6.386383810262289E-005
   9015.71000000000       6.386288263596383E-005
   9015.81000000000       6.386197311106732E-005
   9015.91000000000       6.386118035915261E-005
   9016.01000000000       6.386038735179486E-005
   9016.11000000000       6.385956344474068E-005
   9016.21000000000       6.385876536709676E-005
   9016.31000000000       6.385790852609018E-005
   9016.41000000000       6.385715247026030E-005
   9016.51000000000       6.385635104840711E-005
   9016.61000000000       6.385560999145638E-005
   9016.71000000000       6.385473082502557E-005
   9016.81000000000       6.385393011435690E-005
   9016.91000000000       6.385322347274802E-005
   9017.91000000000       6.384631594859336E-005
   9018.91000000000       6.384016160086713E-005
   9019.91000000000       6.383491492675872E-005
   9020.91000000000       6.383029662873484E-005
   9021.91000000000       6.382629643217713E-005
   9022.91000000000       6.382270873770233E-005
   9023.91000000000       6.381982377651420E-005
   9024.91000000000       6.381710773241163E-005
   9027.41000000000       6.381113626395802E-005
   9029.91000000000       6.380627097881222E-005
   9032.41000000000       6.380144382416574E-005
   9034.91000000000       6.379650853306608E-005
   9039.91000000000       6.378547085658444E-005
   9044.91000000000       6.377023038459241E-005
   9049.91000000000       6.373860447997042E-005
   9054.91000000000       6.371771965506022E-005
   9059.91000000000       6.369585612433777E-005
   9064.91000000000       6.367075148774962E-005
   9069.91000000000       6.364264368013504E-005
   9074.91000000000       6.361111737486415E-005
   9079.91000000000       6.357657772196428E-005
   9084.91000000000       6.353862199094737E-005
   9089.91000000000       6.349755266274877E-005
   9094.91000000000       6.345299124929613E-005
   9099.91000000000       6.340534399248598E-005
   9104.91000000000       6.335403331367249E-005
   9109.91000000000       6.329931485914926E-005
   9112.23000000000       6.327277989098419E-005
   9114.91000000000       6.324061957918189E-005
   9129.02000000000       6.305498549514527E-005
   9134.02000000000       6.298196332449496E-005
   9139.02000000000       6.290424651264415E-005
   9144.02000000000       6.282201054756119E-005
   9149.02000000000       6.273504130362133E-005
   9154.02000000000       6.264342835063421E-005
   9159.02000000000       6.254705062000264E-005
   9164.02000000000       6.244624211741998E-005
   9169.02000000000       6.234081591320018E-005
   9174.02000000000       6.223080674682564E-005
   9179.02000000000       6.211627456383670E-005
   9184.02000000000       6.199710344662054E-005
   9189.02000000000       6.187294049057875E-005
   9194.02000000000       6.174412011184978E-005
   9199.02000000000       6.161131334556287E-005
   9204.02000000000       6.147575127324623E-005
   9209.02000000000       6.133869858390710E-005
   9211.52000000000       6.126993175337029E-005
   9214.02000000000       6.120178963770010E-005
   9216.52000000000       6.113483249380492E-005
   9219.02000000000       6.107006802598854E-005
   9220.02000000000       6.104503358847773E-005
   9221.02000000000       6.102110109741695E-005
   9222.02000000000       6.099818284155101E-005
   9223.02000000000       6.097671143012378E-005
   9224.02000000000       6.095700263472106E-005
   9225.02000000000       6.093914541057430E-005
   9226.02000000000       6.092355546550541E-005
   9227.02000000000       6.091009509744421E-005
   9227.12000000000       6.090886580532225E-005
   9227.22000000000       6.090767955494095E-005
   9227.32000000000       6.090649606076789E-005
   9227.42000000000       6.090531642314844E-005
   9227.52000000000       6.090422142567981E-005
   9227.62000000000       6.090300858532051E-005
   9227.72000000000       6.090199801364212E-005
   9227.82000000000       6.090076495333562E-005
   9227.92000000000       6.089976024664701E-005
   9228.02000000000       6.089844206713324E-005
   9228.12000000000       6.089773591744396E-005
   9228.22000000000       6.089666950916455E-005
   9228.32000000000       6.089570214937757E-005
   9228.42000000000       6.089465157700552E-005
   9228.52000000000       6.089368568308728E-005
   9228.62000000000       6.089289269286258E-005
   9228.72000000000       6.089197424374043E-005
   9228.82000000000       6.089116688545067E-005
   9228.92000000000       6.089026233181189E-005
   9229.02000000000       6.088957723330742E-005
   9229.12000000000       6.088886021513470E-005
   9229.22000000000       6.088812931561069E-005
   9229.32000000000       6.088731090997963E-005
   9229.42000000000       6.088683362993724E-005
   9229.52000000000       6.088613806498186E-005
   9229.62000000000       6.088556396536169E-005
   9229.72000000000       6.088500163672917E-005
   9229.82000000000       6.088439656855285E-005
   9229.92000000000       6.088402021839234E-005
   9230.02000000000       6.088336295654734E-005
   9230.12000000000       6.088313761086162E-005
   9230.22000000000       6.088259752178414E-005
   9230.32000000000       6.088222331646777E-005
   9230.42000000000       6.088173999132566E-005
   9230.52000000000       6.088154349324976E-005
   9230.62000000000       6.088093501340614E-005
   9230.72000000000       6.088069243070653E-005
   9230.82000000000       6.088039007510890E-005
   9230.92000000000       6.088000004846563E-005
   9231.02000000000       6.087990217070837E-005
   9232.02000000000       6.087797765856249E-005
   9233.02000000000       6.087826755491081E-005
   9234.02000000000       6.088107398798515E-005
   9235.02000000000       6.088565578183173E-005
   9236.02000000000       6.089185575231303E-005
   9237.02000000000       6.089963722800532E-005
   9238.02000000000       6.090858069803570E-005
   9239.02000000000       6.091805189651364E-005
   9241.52000000000       6.094464901158941E-005
   9242.41000000000       6.095476200801180E-005
   9244.02000000000       6.097335602088884E-005
   9246.52000000000       6.100308608353687E-005
   9249.02000000000       6.103340641327810E-005
   9254.02000000000       6.109336028400633E-005
   9259.02000000000       6.115138081195192E-005
   9264.02000000000       6.120633281020525E-005
   9269.02000000000       6.125658659129957E-005
   9274.02000000000       6.130206745317188E-005
   9279.02000000000       6.134235059639706E-005
   9284.02000000000       6.137739027980854E-005
   9289.02000000000       6.140748123920776E-005
   9294.02000000000       6.143253778353234E-005
   9299.02000000000       6.145268529808656E-005
   9304.02000000000       6.146778545246702E-005
   9309.02000000000       6.147756981652686E-005
   9314.02000000000       6.148219449010507E-005
   9319.02000000000       6.148173388724093E-005
   9324.02000000000       6.147596860972532E-005
   9329.02000000000       6.146491107083751E-005
   9341.52000000000       6.141675039285606E-005
   9354.02000000000       6.133986733673256E-005
   9366.52000000000       6.123471279565986E-005
   9372.58000000000       6.117375555520120E-005
   9379.02000000000       6.110084910570579E-005
   9395.98000000000       6.087201904214037E-005
   9408.48000000000       6.066692338585263E-005
   9420.98000000000       6.042799963086294E-005
   9433.48000000000       6.015158353344275E-005
   9445.98000000000       5.983365803360306E-005
   9450.98000000000       5.969376336158892E-005
   9455.98000000000       5.954551894507010E-005
   9460.98000000000       5.938896766980893E-005
   9465.98000000000       5.922398460366176E-005
   9470.98000000000       5.904987058052547E-005
   9475.98000000000       5.886674488731864E-005
   9480.98000000000       5.867433045169264E-005
   9485.98000000000       5.847264856946394E-005
   9490.98000000000       5.826119504805120E-005
   9495.98000000000       5.803981984276244E-005
   9500.98000000000       5.780922166198223E-005
   9502.76000000000       5.772474653577378E-005
   9505.98000000000       5.756850311267025E-005
   9510.98000000000       5.731835164215906E-005
   9515.98000000000       5.705913334839103E-005
   9520.98000000000       5.679141491291362E-005
   9525.98000000000       5.651691421608781E-005
   9528.48000000000       5.637740191636231E-005
   9530.98000000000       5.623673700434475E-005
   9533.48000000000       5.609506019931445E-005
   9535.98000000000       5.595402791804646E-005
   9536.98000000000       5.589823066282723E-005
   9537.98000000000       5.584326776035036E-005
   9538.98000000000       5.578934290042853E-005
   9539.98000000000       5.573716808196511E-005
   9540.98000000000       5.568703731259249E-005
   9541.98000000000       5.564003730578620E-005
   9542.98000000000       5.559651570517234E-005
   9543.98000000000       5.555774740392438E-005
   9544.08000000000       5.555428890306893E-005
   9544.18000000000       5.555088886637119E-005
   9544.28000000000       5.554751028474753E-005
   9544.38000000000       5.554420003413081E-005
   9544.48000000000       5.554132783865861E-005
   9544.58000000000       5.553814086729152E-005
   9544.68000000000       5.553535552663595E-005
   9544.78000000000       5.553255286555655E-005
   9544.88000000000       5.552996730897130E-005
   9544.98000000000       5.552748872542180E-005
   9545.08000000000       5.552522878899326E-005
   9545.18000000000       5.552288001149303E-005
   9545.28000000000       5.552090463509707E-005
   9545.38000000000       5.551911078021097E-005
   9545.48000000000       5.551731055872066E-005
   9545.58000000000       5.551599327252192E-005
   9545.68000000000       5.551445142059087E-005
   9545.78000000000       5.551345872139942E-005
   9545.88000000000       5.551238975299898E-005
   9545.98000000000       5.551166900153874E-005
   9546.08000000000       5.551112855329902E-005
   9546.18000000000       5.551086625333585E-005
   9546.28000000000       5.551045957956098E-005
   9546.38000000000       5.551061913993403E-005
   9546.48000000000       5.551063624055789E-005
   9546.58000000000       5.551089920165707E-005
   9546.68000000000       5.551145882068727E-005
   9546.78000000000       5.551225160691919E-005
   9546.88000000000       5.551303749277920E-005
   9546.98000000000       5.551398918009421E-005
   9547.08000000000       5.551533997977764E-005
   9547.18000000000       5.551632104435893E-005
   9547.28000000000       5.551788699225623E-005
   9547.38000000000       5.551928129404792E-005
   9547.48000000000       5.552095448211529E-005
   9547.58000000000       5.552287367341644E-005
   9547.68000000000       5.552464517707667E-005
   9547.78000000000       5.552674543779036E-005
   9547.88000000000       5.552864608837282E-005
   9547.98000000000       5.553086677410258E-005
   9548.98000000000       5.555612782147394E-005
   9549.98000000000       5.558612892969956E-005
   9550.98000000000       5.561975498838775E-005
   9551.98000000000       5.565624073445847E-005
   9552.98000000000       5.569482016689220E-005
   9553.98000000000       5.573524406697523E-005
   9554.98000000000       5.577655511492936E-005
   9555.98000000000       5.581862485426662E-005
   9558.48000000000       5.592547410430289E-005
   9560.98000000000       5.603291980730033E-005
   9563.48000000000       5.613907636914094E-005
   9565.98000000000       5.624391579305214E-005
   9570.98000000000       5.644886172118932E-005
   9575.98000000000       5.664656022038840E-005
   9580.98000000000       5.683540308993960E-005
   9585.98000000000       5.701493851325228E-005
   9590.98000000000       5.718503456285843E-005
   9595.98000000000       5.734499151698652E-005
   9600.98000000000       5.749555343379984E-005
   9605.98000000000       5.763616929379407E-005
   9610.98000000000       5.776716720196791E-005
   9615.98000000000       5.788897651277852E-005
   9620.98000000000       5.800145598908596E-005
   9625.98000000000       5.810539968407064E-005
   9630.98000000000       5.820045619270446E-005
   9632.93000000000       5.823548423921231E-005
   9635.98000000000       5.828724696759345E-005
   9640.98000000000       5.836568042868306E-005
   9645.98000000000       5.843632756205647E-005
   9658.48000000000       5.858327820863296E-005
   9670.98000000000       5.869119613650635E-005
   9683.48000000000       5.876481759983552E-005
   9695.98000000000       5.880647692889283E-005
   9763.11000000000       5.863433359540778E-005
   9770.98000000000       5.857714536633459E-005
   9824.40000000000       5.799367688526486E-005
   9893.28000000000       5.662756127663742E-005
   9899.40000000000       5.645988139915429E-005
   9911.90000000000       5.607721124027073E-005
   9924.40000000000       5.564398577029982E-005
   9936.90000000000       5.515175315781127E-005
   9949.40000000000       5.457871292231747E-005
   9954.40000000000       5.433691894534077E-005
   9959.40000000000       5.408380054758430E-005
   9964.40000000000       5.381826581884595E-005
   9969.40000000000       5.354044198942341E-005
   9974.40000000000       5.324903813744513E-005
   9979.40000000000       5.294321272746132E-005
   9984.40000000000       5.262181771089135E-005
   9989.40000000000       5.228350607056168E-005
   9994.40000000000       5.192684964633488E-005
   9999.40000000000       5.155315831728754E-005
   10000.0000000000       5.150739639681650E-005
   10004.4000000000       5.116046438718464E-005
   10009.4000000000       5.074934518912600E-005
   10014.4000000000       5.032289668093801E-005
   10019.4000000000       4.988164772974770E-005
   10023.4600000000       4.951082329426561E-005
   10024.4000000000       4.942348482554093E-005
   10029.4000000000       4.895098584267324E-005
   10031.9000000000       4.871119775708661E-005
   10034.4000000000       4.846962010689336E-005
   10036.9000000000       4.822959067135470E-005
   10039.4000000000       4.799784173900848E-005
   10040.4000000000       4.790981740283732E-005
   10041.4000000000       4.782557331756916E-005
   10042.4000000000       4.774636825929050E-005
   10043.4000000000       4.767398146076837E-005
   10044.4000000000       4.761190675987492E-005
   10045.4000000000       4.756465781481063E-005
   10046.4000000000       4.753814751292723E-005
   10047.4000000000       4.753679962896765E-005
   10047.5000000000       4.753791786782890E-005
   10047.6000000000       4.753916438958698E-005
   10047.7000000000       4.754045017609060E-005
   10047.8000000000       4.754217506423984E-005
   10047.9000000000       4.754352403682474E-005
   10048.0000000000       4.754544506091838E-005
   10048.1000000000       4.754686028605017E-005
   10048.2000000000       4.754886010227012E-005
   10048.3000000000       4.755029544534162E-005
   10048.4000000000       4.755221417184172E-005
   10048.5000000000       4.755330580878297E-005
   10048.6000000000       4.755502044399439E-005
   10048.7000000000       4.755605631164167E-005
   10048.8000000000       4.755709247393197E-005
   10048.9000000000       4.755804530573675E-005
   10049.0000000000       4.755844791642736E-005
   10049.1000000000       4.755916362407341E-005
   10049.2000000000       4.755879138203381E-005
   10049.3000000000       4.755897597837920E-005
   10049.4000000000       4.755824379020778E-005
   10049.5000000000       4.755781074999593E-005
   10049.6000000000       4.755634584798483E-005
   10049.7000000000       4.755539280086136E-005
   10049.8000000000       4.755344290350654E-005
   10049.9000000000       4.755196513266775E-005
   10050.0000000000       4.754971188819318E-005
   10050.1000000000       4.754751349662449E-005
   10050.2000000000       4.754533558143338E-005
   10050.3000000000       4.754242623654661E-005
   10050.4000000000       4.753996308300074E-005
   10050.5000000000       4.753687587364170E-005
   10050.6000000000       4.753423168581419E-005
   10050.7000000000       4.753100874588089E-005
   10050.8000000000       4.752835056928093E-005
   10050.9000000000       4.752527433799936E-005
   10051.0000000000       4.752251135500918E-005
   10051.1000000000       4.751962454446269E-005
   10051.2000000000       4.751716924131551E-005
   10051.3000000000       4.751466985354145E-005
   10051.4000000000       4.751230056662679E-005
   10052.4000000000       4.750140690532080E-005
   10053.4000000000       4.751550352474799E-005
   10054.4000000000       4.755050614611108E-005
   10055.4000000000       4.760033327789899E-005
   10056.4000000000       4.765993324635212E-005
   10057.4000000000       4.772656592497857E-005
   10058.4000000000       4.779828140121069E-005
   10059.4000000000       4.787353273039047E-005
   10061.9000000000       4.807294513699364E-005
   10064.4000000000       4.828067814335226E-005
   10066.9000000000       4.848904899995329E-005
   10069.4000000000       4.869526142623860E-005
   10074.4000000000       4.909886189469489E-005
   10079.4000000000       4.948763825475900E-005
   10084.4000000000       4.985832589225663E-005
   10089.4000000000       5.021233982959849E-005
   10094.4000000000       5.054975354658097E-005
   10099.4000000000       5.086890009115818E-005
   10104.4000000000       5.116852286356239E-005
   10109.4000000000       5.144860393149918E-005
   10114.4000000000       5.170987043794130E-005
   10119.4000000000       5.195358300672463E-005
   10124.4000000000       5.218111644222240E-005
   10129.4000000000       5.239350551998307E-005
   10134.4000000000       5.259207075596367E-005
   10139.4000000000       5.277778567500138E-005
   10144.4000000000       5.295150375862004E-005
   10149.4000000000       5.311329313425757E-005
   10153.6300000000       5.324079931599437E-005
   10161.9000000000       5.346689564839045E-005
   10174.4000000000       5.375575375179738E-005
   10186.9000000000       5.398805683662194E-005
   10199.4000000000       5.416771670545489E-005
   10274.4000000000       5.457283441955256E-005
   10283.8100000000       5.456930776336399E-005
   10349.4000000000       5.435218669286793E-005
   10413.9800000000       5.394921314406963E-005
   10544.1600000000       5.284324746793556E-005
   10638.1000000000       5.180010364590733E-005
   10674.3300000000       5.129136026074065E-005
   10713.1000000000       5.063339971157666E-005
   10788.1000000000       4.878309382724592E-005
   10800.6000000000       4.835870552788257E-005
   10804.5100000000       4.821524139332737E-005
   10813.1000000000       4.788101354944041E-005
   10825.6000000000       4.734724991653019E-005
   10838.1000000000       4.675073652291652E-005
   10843.1000000000       4.649302375445147E-005
   10848.1000000000       4.622245993505567E-005
   10853.1000000000       4.593934876391760E-005
   10858.1000000000       4.564320418432308E-005
   10863.1000000000       4.533329785068156E-005
   10868.1000000000       4.500875221285411E-005
   10873.1000000000       4.466913630174795E-005
   10878.1000000000       4.431357364149693E-005
   10883.1000000000       4.394164107655617E-005
   10888.1000000000       4.355212583615954E-005
   10893.1000000000       4.314297596134591E-005
   10898.1000000000       4.271238530736114E-005
   10903.1000000000       4.225806210373081E-005
   10908.1000000000       4.177980673320120E-005
   10913.1000000000       4.127661696394814E-005
   10918.1000000000       4.074656151251032E-005
   10920.6000000000       4.046961921313707E-005
   10923.1000000000       4.018262333308367E-005
   10925.6000000000       3.988238517843490E-005
   10928.1000000000       3.956094291869438E-005
   10929.1000000000       3.942468625646912E-005
   10930.1000000000       3.928240011097660E-005
   10931.1000000000       3.913344346129947E-005
   10932.1000000000       3.897637803433938E-005
   10933.1000000000       3.880832958918073E-005
   10934.1000000000       3.862610757550232E-005
   10934.6800000000       3.851173880449957E-005
   10935.1000000000       3.842452323244408E-005
   10936.1000000000       3.820616309894649E-005
   10936.2000000000       3.818443987534534E-005
   10936.3000000000       3.816297751903209E-005
   10936.4000000000       3.814195400886939E-005
   10936.5000000000       3.812128469709637E-005
   10936.6000000000       3.810133672511930E-005
   10936.7000000000       3.808162960504196E-005
   10936.8000000000       3.806305495530033E-005
   10936.9000000000       3.804498059613873E-005
   10937.0000000000       3.802800555126110E-005
   10937.1000000000       3.801181653850948E-005
   10937.2000000000       3.799709427780886E-005
   10937.3000000000       3.798344348708808E-005
   10937.4000000000       3.797105150140533E-005
   10937.5000000000       3.796012428971490E-005
   10937.6000000000       3.795051224112049E-005
   10937.7000000000       3.794269688148777E-005
   10937.8000000000       3.793626287496599E-005
   10937.9000000000       3.793173198336587E-005
   10938.0000000000       3.792851925029153E-005
   10938.1000000000       3.792737019667371E-005
   10938.2000000000       3.792761575747873E-005
   10938.3000000000       3.792978537035753E-005
   10938.4000000000       3.793344027554569E-005
   10938.5000000000       3.793908598437900E-005
   10938.6000000000       3.794588642249391E-005
   10938.7000000000       3.795441796973579E-005
   10938.8000000000       3.796451342212111E-005
   10938.9000000000       3.797586186259148E-005
   10939.0000000000       3.798880935828313E-005
   10939.1000000000       3.800251590138404E-005
   10939.2000000000       3.801769678531838E-005
   10939.3000000000       3.803376836402322E-005
   10939.4000000000       3.805086146111204E-005
   10939.5000000000       3.806861776674436E-005
   10939.6000000000       3.808730062487463E-005
   10939.7000000000       3.810614907400321E-005
   10939.8000000000       3.812616176503945E-005
   10939.9000000000       3.814609783038752E-005
   10940.0000000000       3.816665821320828E-005
   10940.1000000000       3.818730166376301E-005
   10941.1000000000       3.839593989265700E-005
   10942.1000000000       3.858803420046129E-005
   10943.1000000000       3.876075672478606E-005
   10944.1000000000       3.891903185876376E-005
   10945.1000000000       3.906638497076490E-005
   10946.1000000000       3.920529914725609E-005
   10947.1000000000       3.933745582279849E-005
   10948.1000000000       3.946367613816627E-005
   10950.6000000000       3.975953629140383E-005
   10953.1000000000       4.003365360685791E-005
   10955.6000000000       4.029411025392067E-005
   10958.1000000000       4.054394414975106E-005
   10963.1000000000       4.101864717741645E-005
   10968.1000000000       4.146508094977014E-005
   10973.1000000000       4.188465029774754E-005
   10978.1000000000       4.227897877668908E-005
   10983.1000000000       4.264828449774534E-005
   10988.1000000000       4.299457706209716E-005
   10993.1000000000       4.332005562724328E-005
   10998.1000000000       4.362677653575659E-005
   11003.1000000000       4.391570054385899E-005
   11008.1000000000       4.418765324781074E-005
   11013.1000000000       4.444329581499494E-005
   11018.1000000000       4.468332741284435E-005
   11023.1000000000       4.490867150647180E-005
   11028.1000000000       4.512000911089088E-005
   11033.1000000000       4.531787801507673E-005
   11038.1000000000       4.550220457871310E-005
   11050.6000000000       4.591580438516782E-005
   11063.1000000000       4.626030502861826E-005
   11064.8600000000       4.630404853677034E-005
   11075.6000000000       4.654398894234891E-005
   11088.1000000000       4.677354635747949E-005
   11163.1000000000       4.743225851845750E-005
   11195.0300000000       4.747679816192101E-005
   11238.1000000000       4.741351546039712E-005
   11325.2100000000       4.705807232840612E-005
   11455.3800000000       4.630154800211849E-005
   11585.5500000000       4.546899851464054E-005
   11715.7300000000       4.462379403635684E-005
   11845.9000000000       4.372673604986144E-005
   11976.0800000000       4.290217328647918E-005
   12000.0000000000       4.274736444858115E-005
   12106.2500000000       4.206084571335771E-005
   12236.4300000000       4.121274546636893E-005
   12366.6000000000       4.032022804416217E-005
   12496.7800000000       3.927152298072213E-005
   12518.1000000000       3.906509394012642E-005
   12593.1000000000       3.817547701570470E-005
   12626.9500000000       3.763971709408941E-005
   12668.1000000000       3.680210262923517E-005
   12680.6000000000       3.649379146865707E-005
   12693.1000000000       3.615223697461083E-005
   12705.6000000000       3.577340121598371E-005
   12718.1000000000       3.535234896987309E-005
   12723.1000000000       3.517041950041074E-005
   12728.1000000000       3.497958187357155E-005
   12733.1000000000       3.477970877203139E-005
   12738.1000000000       3.457040389180873E-005
   12743.1000000000       3.435074739275526E-005
   12748.1000000000       3.412045126145512E-005
   12753.1000000000       3.387912629192647E-005
   12757.1300000000       3.367579874475964E-005
   12758.1000000000       3.362559007684916E-005
   12763.1000000000       3.335818570318915E-005
   12768.1000000000       3.307692298775953E-005
   12773.1000000000       3.277944964089568E-005
   12778.1000000000       3.246359159218167E-005
   12783.1000000000       3.212689536603684E-005
   12788.1000000000       3.176611705308173E-005
   12793.1000000000       3.137578718549433E-005
   12798.1000000000       3.094605193236842E-005
   12800.6000000000       3.070867710524214E-005
   12803.1000000000       3.044824332003168E-005
   12805.6000000000       3.015952153693768E-005
   12808.1000000000       2.983426378368058E-005
   12809.1000000000       2.968968603909191E-005
   12810.1000000000       2.953345076635166E-005
   12811.1000000000       2.936355268054273E-005
   12812.1000000000       2.917897626496609E-005
   12813.1000000000       2.898153284561303E-005
   12814.1000000000       2.878526795718717E-005
   12815.1000000000       2.863324456779021E-005
   12816.1000000000       2.859073321726560E-005
   12816.2000000000       2.859389811465306E-005
   12816.3000000000       2.859823942161920E-005
   12816.4000000000       2.860357378170066E-005
   12816.5000000000       2.861014172262116E-005
   12816.6000000000       2.861732347726194E-005
   12816.7000000000       2.862525979336227E-005
   12816.8000000000       2.863376748416743E-005
   12816.9000000000       2.864278744241656E-005
   12817.0000000000       2.865168356227721E-005
   12817.1000000000       2.866085523016362E-005
   12817.2000000000       2.866971497279504E-005
   12817.3000000000       2.867842741899518E-005
   12817.4000000000       2.868633926334810E-005
   12817.5000000000       2.869360889591714E-005
   12817.6000000000       2.870007522282092E-005
   12817.7000000000       2.870526333621867E-005
   12817.8000000000       2.870972072755284E-005
   12817.9000000000       2.871263422263454E-005
   12818.0000000000       2.871446246887718E-005
   12818.1000000000       2.871469869191546E-005
   12818.2000000000       2.871385874631111E-005
   12818.3000000000       2.871145216038154E-005
   12818.4000000000       2.870780535238204E-005
   12818.5000000000       2.870292202047448E-005
   12818.6000000000       2.869688693804238E-005
   12818.7000000000       2.868990037628038E-005
   12818.8000000000       2.868196185616446E-005
   12818.9000000000       2.867329687079407E-005
   12819.0000000000       2.866398542201780E-005
   12819.1000000000       2.865453160179049E-005
   12819.2000000000       2.864493007127901E-005
   12819.3000000000       2.863514657484090E-005
   12819.4000000000       2.862568701342051E-005
   12819.5000000000       2.861655073944949E-005
   12819.6000000000       2.860778575084785E-005
   12819.7000000000       2.860013247285368E-005
   12819.8000000000       2.859301110605009E-005
   12819.9000000000       2.858697698935209E-005
   12820.0000000000       2.858197783562218E-005
   12820.1000000000       2.857810288326761E-005
   12821.1000000000       2.861407806844175E-005
   12822.1000000000       2.875969879476612E-005
   12823.1000000000       2.894928827077628E-005
   12824.1000000000       2.913992804252790E-005
   12825.1000000000       2.931762580276443E-005
   12826.1000000000       2.948056983249785E-005
   12827.1000000000       2.962979880972481E-005
   12828.1000000000       2.976730950360299E-005
   12830.6000000000       3.007464370333334E-005
   12833.1000000000       3.034535690518655E-005
   12835.6000000000       3.058733797865059E-005
   12838.1000000000       3.080607181147549E-005
   12843.1000000000       3.119789987283706E-005
   12848.1000000000       3.154938745744302E-005
   12853.1000000000       3.187018422398962E-005
   12858.1000000000       3.216633323631462E-005
   12863.1000000000       3.244065151524667E-005
   12868.1000000000       3.269603539188645E-005
   12873.1000000000       3.293441157183270E-005
   12878.1000000000       3.315734215238643E-005
   12883.1000000000       3.336671286784323E-005
   12887.3000000000       3.353280822958960E-005
   12888.1000000000       3.356327431807643E-005
   12893.1000000000       3.374741736406602E-005
   12898.1000000000       3.392066394046110E-005
   12903.1000000000       3.408304737715539E-005
   12908.1000000000       3.423508481560402E-005
   12913.1000000000       3.437764052107494E-005
   12918.1000000000       3.451035154650449E-005
   12930.6000000000       3.480732752442418E-005
   12943.1000000000       3.505901105786465E-005
   12955.6000000000       3.527092861187627E-005
   12968.1000000000       3.544735128809092E-005
   13017.4800000000       3.589171699286037E-005
   13043.1000000000       3.600471637504464E-005
   13118.1000000000       3.606378693502065E-005
   13147.6500000000       3.602000001327048E-005
   13277.8300000000       3.562510406572468E-005
   13408.0000000000       3.509975389037708E-005
   13538.1800000000       3.453928506909007E-005
   13668.3500000000       3.397360613127857E-005
   13798.5300000000       3.341376263075274E-005
   13928.7000000000       3.287871184955016E-005
   14000.0000000000       3.257901480113483E-005
   14058.8800000000       3.233460225125844E-005
   14189.0500000000       3.180403274875593E-005
   14319.2200000000       3.128630149701556E-005
   14449.4000000000       3.078097315658540E-005
   14579.5700000000       3.028806599244677E-005
   14746.9400000000       2.968151423732393E-005
   14914.3100000000       2.908229037430694E-005
   15081.6800000000       2.850116700583092E-005
   15249.0400000000       2.793714956032665E-005
   15416.4100000000       2.738949032920170E-005
   15580.5000000000       2.686892018283216E-005
   15583.7800000000       2.685855668827218E-005
   15655.5000000000       2.663597985856744E-005
   15730.5000000000       2.640616834391927E-005
   15743.0000000000       2.636821620149788E-005
   15751.1500000000       2.634341745191949E-005
   15755.5000000000       2.633024379698516E-005
   15768.0000000000       2.629231760211404E-005
   15780.5000000000       2.625455756302801E-005
   15785.5000000000       2.623945420890977E-005
   15790.5000000000       2.622442169541127E-005
   15795.5000000000       2.620948538025763E-005
   15800.5000000000       2.619438730359941E-005
   15805.5000000000       2.617928189766136E-005
   15810.5000000000       2.616399878062115E-005
   15815.5000000000       2.614895985291513E-005
   15820.5000000000       2.613407475460477E-005
   15825.5000000000       2.611898733058677E-005
   15830.5000000000       2.610409754503049E-005
   15835.5000000000       2.608907607744153E-005
   15840.5000000000       2.607417045237938E-005
   15845.5000000000       2.605921447175759E-005
   15850.5000000000       2.604442703931552E-005
   15855.5000000000       2.602941870664249E-005
   15860.5000000000       2.601466628527344E-005
   15863.0000000000       2.600726577999916E-005
   15865.5000000000       2.599976316786279E-005
   15868.0000000000       2.599237090688231E-005
   15870.5000000000       2.598502058921452E-005
   15871.5000000000       2.598201636106377E-005
   15872.5000000000       2.597904840047180E-005
   15873.5000000000       2.597605507178297E-005
   15874.5000000000       2.597313672422717E-005
   15875.5000000000       2.597017405296427E-005
   15876.5000000000       2.596714763109108E-005
   15877.5000000000       2.596433128209281E-005
   15878.5000000000       2.596137368308684E-005
   15878.6000000000       2.596105399078198E-005
   15878.7000000000       2.596064645056728E-005
   15878.8000000000       2.596054245995880E-005
   15878.9000000000       2.596024540144631E-005
   15879.0000000000       2.595984710263270E-005
   15879.1000000000       2.595950917082313E-005
   15879.2000000000       2.595923123282492E-005
   15879.3000000000       2.595897792248150E-005
   15879.4000000000       2.595866430006705E-005
   15879.5000000000       2.595840642277284E-005
   15879.6000000000       2.595810007721997E-005
   15879.7000000000       2.595770827741855E-005
   15879.8000000000       2.595742315963239E-005
   15879.9000000000       2.595722895883306E-005
   15880.0000000000       2.595683053010772E-005
   15880.1000000000       2.595655040917201E-005
   15880.2000000000       2.595628995864391E-005
   15880.3000000000       2.595601651402362E-005
   15880.4000000000       2.595570984906885E-005
   15880.5000000000       2.595541996395070E-005
   15880.6000000000       2.595514067088031E-005
   15880.7000000000       2.595471467918901E-005
   15880.8000000000       2.595437462367025E-005
   15880.9000000000       2.595432614362818E-005
   15881.0000000000       2.595400643743292E-005
   15881.1000000000       2.595362173977578E-005
   15881.2000000000       2.595333949026391E-005
   15881.3000000000       2.595312739735574E-005
   15881.4000000000       2.595275213951028E-005
   15881.5000000000       2.595244191738594E-005
   15881.6000000000       2.595221496666164E-005
   15881.7000000000       2.595177102548894E-005
   15881.8000000000       2.595161949606283E-005
   15881.9000000000       2.595134628986754E-005
   15882.0000000000       2.595104890759401E-005
   15882.1000000000       2.595058539136884E-005
   15882.2000000000       2.595030594620435E-005
   15882.3000000000       2.595000358989887E-005
   15882.4000000000       2.594981832643029E-005
   15882.5000000000       2.594954267205538E-005
   15883.5000000000       2.594650194491184E-005
   15884.5000000000       2.594356886610496E-005
   15885.5000000000       2.594072279615970E-005
   15886.5000000000       2.593776598710649E-005
   15887.5000000000       2.593478914115805E-005
   15888.5000000000       2.593183785840283E-005
   15889.5000000000       2.592886314987067E-005
   15890.5000000000       2.592586285039913E-005
   15893.0000000000       2.591844115502681E-005
   15895.5000000000       2.591111073647791E-005
   15898.0000000000       2.590382494948687E-005
   15900.5000000000       2.589641648302249E-005
   15905.5000000000       2.588169702950262E-005
   15910.5000000000       2.586710052066834E-005
   15915.5000000000       2.585235661982018E-005
   15918.5100000000       2.584357821596136E-005
   15920.5000000000       2.583780555216108E-005
   15925.5000000000       2.582306375224214E-005
   15930.5000000000       2.580852425477882E-005
   15935.5000000000       2.579395919964244E-005
   15940.5000000000       2.577934547953094E-005
   15945.5000000000       2.576480079787847E-005
   15950.5000000000       2.575017174554506E-005
   15955.5000000000       2.573551475231714E-005
   15960.5000000000       2.572101940024090E-005
   15965.5000000000       2.570659582215425E-005
   15970.5000000000       2.569195263240940E-005
   15975.5000000000       2.567753702297254E-005
   15980.5000000000       2.566295225565152E-005
   15993.0000000000       2.562667997811764E-005
   15996.8000000000       2.561581689774200E-005
   16000.0000000000       2.560645046882244E-005
   16009.3000000000       2.557966461769752E-005
   16014.3000000000       2.556510934812581E-005
   16019.3000000000       2.555068735418849E-005
   16024.3000000000       2.553623434792383E-005
   16029.3000000000       2.552192193276491E-005
   16034.3000000000       2.550747780618261E-005
   16039.3000000000       2.549312829413685E-005
   16044.3000000000       2.547867054627749E-005
   16049.3000000000       2.546443053848904E-005
   16054.3000000000       2.544997470507117E-005
   16059.3000000000       2.543570926285432E-005
   16064.3000000000       2.542124754774323E-005
   16069.3000000000       2.540686893162970E-005
   16074.3000000000       2.539278832061225E-005
   16079.3000000000       2.537845692802413E-005
   16084.3000000000       2.536424851943326E-005
   16085.8800000000       2.535980333797010E-005
   16089.3000000000       2.535008641112784E-005
   16091.8000000000       2.534302306373622E-005
   16094.3000000000       2.533592016744753E-005
   16096.8000000000       2.532869372666160E-005
   16099.3000000000       2.532164255736888E-005
   16100.3000000000       2.531893790863373E-005
   16101.3000000000       2.531607906294919E-005
   16102.3000000000       2.531327268646576E-005
   16103.3000000000       2.531040540855227E-005
   16104.3000000000       2.530755542843849E-005
   16105.3000000000       2.530484952199947E-005
   16106.3000000000       2.530201476663043E-005
   16107.3000000000       2.529910089862023E-005
   16107.4000000000       2.529871245798850E-005
   16107.5000000000       2.529843260671803E-005
   16107.6000000000       2.529815302021773E-005
   16107.7000000000       2.529791222222073E-005
   16107.8000000000       2.529757920152220E-005
   16107.9000000000       2.529734475951197E-005
   16108.0000000000       2.529710864086888E-005
   16108.1000000000       2.529677280951849E-005
   16108.2000000000       2.529647085584560E-005
   16108.3000000000       2.529614517682397E-005
   16108.4000000000       2.529597508384031E-005
   16108.5000000000       2.529568386461035E-005
   16108.6000000000       2.529526511265181E-005
   16108.7000000000       2.529497822859936E-005
   16108.8000000000       2.529486171579000E-005
   16108.9000000000       2.529444559069483E-005
   16109.0000000000       2.529417074603633E-005
   16109.1000000000       2.529372336754091E-005
   16109.2000000000       2.529365993937366E-005
   16109.3000000000       2.529334887794641E-005
   16109.4000000000       2.529292513122038E-005
   16109.5000000000       2.529276884342117E-005
   16109.6000000000       2.529245290261707E-005
   16109.7000000000       2.529229518150311E-005
   16109.8000000000       2.529188930351737E-005
   16109.9000000000       2.529162862802141E-005
   16110.0000000000       2.529135753835050E-005
   16110.1000000000       2.529108941968580E-005
   16110.2000000000       2.529086654392351E-005
   16110.3000000000       2.529057926201005E-005
   16110.4000000000       2.529019273947183E-005
   16110.5000000000       2.529001313190790E-005
   16110.6000000000       2.528967781430229E-005
   16110.7000000000       2.528947762442983E-005
   16110.8000000000       2.528911271163950E-005
   16110.9000000000       2.528903080518305E-005
   16111.0000000000       2.528858909155079E-005
   16111.1000000000       2.528831152063122E-005
   16111.2000000000       2.528802831497065E-005
   16111.3000000000       2.528778543128484E-005
   16112.3000000000       2.528497283764311E-005
   16113.3000000000       2.528231283416848E-005
   16114.3000000000       2.527944881174977E-005
   16115.3000000000       2.527653616449394E-005
   16116.3000000000       2.527378153859064E-005
   16117.3000000000       2.527096569180941E-005
   16118.3000000000       2.526819411771620E-005
   16119.3000000000       2.526530138197599E-005
   16121.8000000000       2.525832666900800E-005
   16124.3000000000       2.525133401795803E-005
   16126.8000000000       2.524436381161607E-005
   16129.3000000000       2.523727610921126E-005
   16134.3000000000       2.522327407681242E-005
   16139.3000000000       2.520936210463038E-005
   16144.3000000000       2.519550540993126E-005
   16149.3000000000       2.518147349613603E-005
   16154.3000000000       2.516755908869105E-005
   16159.3000000000       2.515360230339848E-005
   16164.3000000000       2.513973614351515E-005
   16169.3000000000       2.512582132181253E-005
   16174.3000000000       2.511209539211485E-005
   16179.3000000000       2.509812624422188E-005
   16184.3000000000       2.508434709557429E-005
   16189.3000000000       2.507045348144556E-005
   16194.3000000000       2.505655581371301E-005
   16199.3000000000       2.504269640160243E-005
   16204.3000000000       2.502871920320999E-005
   16209.3000000000       2.501485872613484E-005
   16221.8000000000       2.498024327881404E-005
   16234.3000000000       2.494530835984595E-005
   16246.8000000000       2.491048364755891E-005
   16253.2500000000       2.489240262378952E-005
   16269.7000000000       2.484599108027530E-005
   16282.2000000000       2.481036149678531E-005
   16294.7000000000       2.477451058889508E-005
   16307.2000000000       2.473818282573139E-005
   16312.2000000000       2.472339233160662E-005
   16317.2000000000       2.470859028426993E-005
   16322.2000000000       2.469363318068712E-005
   16327.2000000000       2.467855650741862E-005
   16332.2000000000       2.466316599903000E-005
   16337.2000000000       2.464784843261187E-005
   16342.2000000000       2.463209063454744E-005
   16347.2000000000       2.461631741269027E-005
   16352.2000000000       2.460020704545445E-005
   16357.2000000000       2.458297271909721E-005
   16362.2000000000       2.456114925089292E-005
   16367.2000000000       2.454346983691753E-005
   16372.2000000000       2.452598515156648E-005
   16377.2000000000       2.450824120850141E-005
   16382.2000000000       2.449020747493012E-005
   16387.2000000000       2.447188509847166E-005
   16389.7000000000       2.446283317235156E-005
   16392.2000000000       2.445358975893435E-005
   16394.7000000000       2.444461118023030E-005
   16397.2000000000       2.443577322079852E-005
   16398.2000000000       2.443237859449190E-005
   16399.2000000000       2.442896819074699E-005
   16400.2000000000       2.442556685299238E-005
   16401.2000000000       2.442245165580798E-005
   16402.2000000000       2.441932818750945E-005
   16403.2000000000       2.441635209235900E-005
   16404.2000000000       2.441334064674175E-005
   16405.2000000000       2.441022014264006E-005
   16405.3000000000       2.440992709885757E-005
   16405.4000000000       2.440968105832473E-005
   16405.5000000000       2.440940363840459E-005
   16405.6000000000       2.440905996660649E-005
   16405.7000000000       2.440875563601544E-005
   16405.8000000000       2.440847099708719E-005
   16405.9000000000       2.440818182309482E-005
   16406.0000000000       2.440788197709763E-005
   16406.1000000000       2.440760393791422E-005
   16406.2000000000       2.440728744332497E-005
   16406.3000000000       2.440696992394940E-005
   16406.4000000000       2.440674293362687E-005
   16406.5000000000       2.440633105122916E-005
   16406.6000000000       2.440598661807082E-005
   16406.7000000000       2.440587357848658E-005
   16406.8000000000       2.440552284078013E-005
   16406.9000000000       2.440520456781426E-005
   16407.0000000000       2.440504337964042E-005
   16407.1000000000       2.440469560635932E-005
   16407.2000000000       2.440438109641188E-005
   16407.3000000000       2.440412925785468E-005
   16407.4000000000       2.440395994150534E-005
   16407.5000000000       2.440362018137281E-005
   16407.6000000000       2.440347773440080E-005
   16407.7000000000       2.440319424014043E-005
   16407.8000000000       2.440280441893575E-005
   16407.9000000000       2.440262771133309E-005
   16408.0000000000       2.440235530495615E-005
   16408.1000000000       2.440219309750735E-005
   16408.2000000000       2.440194166141441E-005
   16408.3000000000       2.440171489645278E-005
   16408.4000000000       2.440146898954087E-005
   16408.5000000000       2.440128608245888E-005
   16408.6000000000       2.440106161626104E-005
   16408.7000000000       2.440083600770838E-005
   16408.8000000000       2.440065028138896E-005
   16408.9000000000       2.440030297244562E-005
   16409.0000000000       2.440004923504541E-005
   16409.1000000000       2.439988993340786E-005
   16409.2000000000       2.439962844370291E-005
   16410.2000000000       2.439734142483824E-005
   16411.2000000000       2.439504779657727E-005
   16412.2000000000       2.439284669860140E-005
   16413.2000000000       2.439055973235117E-005
   16414.2000000000       2.438850278784105E-005
   16415.2000000000       2.438652037904332E-005
   16416.2000000000       2.438459866071937E-005
   16417.2000000000       2.438270792614549E-005
   16419.7000000000       2.437814316524248E-005
   16420.6200000000       2.437669206114077E-005
   16422.2000000000       2.437393728369104E-005
   16424.7000000000       2.436968913746584E-005
   16427.2000000000       2.436570914299514E-005
   16432.2000000000       2.435738633304662E-005
   16437.2000000000       2.434870338263233E-005
   16442.2000000000       2.433995025526552E-005
   16447.2000000000       2.433056899613484E-005
   16452.2000000000       2.432107040434302E-005
   16457.2000000000       2.431106562110697E-005
   16462.2000000000       2.430080968802056E-005
   16467.2000000000       2.429045463570089E-005
   16472.2000000000       2.427970201446583E-005
   16477.2000000000       2.426865921963838E-005
   16482.2000000000       2.425740977963870E-005
   16487.2000000000       2.424599880856355E-005
   16492.2000000000       2.423442438161541E-005
   16497.2000000000       2.422268648719357E-005
   16502.2000000000       2.421086288362566E-005
   16507.2000000000       2.419882440662570E-005
   16519.7000000000       2.416830347348061E-005
   16532.2000000000       2.413728267216072E-005
   16544.7000000000       2.410573581469608E-005
   16557.2000000000       2.407388240474179E-005
   16587.9900000000       2.399385400651558E-005
   16656.5000000000       2.380743464735011E-005
   16669.0000000000       2.377165801883288E-005
   16681.5000000000       2.373484556986667E-005
   16694.0000000000       2.369676292076448E-005
   16706.5000000000       2.365731722875575E-005
   16711.5000000000       2.364128001779024E-005
   16716.5000000000       2.362467748914591E-005
   16721.5000000000       2.360775265525474E-005
   16726.5000000000       2.359052190087743E-005
   16731.5000000000       2.357285874420484E-005
   16736.5000000000       2.355482477618508E-005
   16741.5000000000       2.353619895914007E-005
   16746.5000000000       2.351683934430036E-005
   16751.5000000000       2.349719134454373E-005
   16755.3500000000       2.348143349214291E-005
   16756.5000000000       2.347674872024402E-005
   16761.5000000000       2.345557659551849E-005
   16766.5000000000       2.343388182616206E-005
   16771.5000000000       2.341132689500172E-005
   16776.5000000000       2.338807029667198E-005
   16781.5000000000       2.336415157532531E-005
   16786.5000000000       2.333972379792358E-005
   16789.0000000000       2.332736780460119E-005
   16791.5000000000       2.331507944821815E-005
   16794.0000000000       2.330297913480693E-005
   16796.5000000000       2.329124533059925E-005
   16797.5000000000       2.328683847807550E-005
   16798.5000000000       2.328243188169233E-005
   16799.5000000000       2.327821997382276E-005
   16800.5000000000       2.327425303702262E-005
   16801.5000000000       2.327048410249578E-005
   16802.5000000000       2.326692124512002E-005
   16803.5000000000       2.326343352070604E-005
   16804.5000000000       2.325981129950787E-005
   16804.6000000000       2.325944741277099E-005
   16804.7000000000       2.325924176180733E-005
   16804.8000000000       2.325891279641423E-005
   16804.9000000000       2.325857853926899E-005
   16805.0000000000       2.325806587268806E-005
   16805.1000000000       2.325772857146215E-005
   16805.2000000000       2.325739703278676E-005
   16805.3000000000       2.325694536682749E-005
   16805.4000000000       2.325666229766102E-005
   16805.5000000000       2.325627804930123E-005
   16805.6000000000       2.325598435482083E-005
   16805.7000000000       2.325562239540225E-005
   16805.8000000000       2.325531950986875E-005
   16805.9000000000       2.325494430988513E-005
   16806.0000000000       2.325463836298714E-005
   16806.1000000000       2.325440225323185E-005
   16806.2000000000       2.325410058207732E-005
   16806.3000000000       2.325391250316844E-005
   16806.4000000000       2.325344032571716E-005
   16806.5000000000       2.325323278387783E-005
   16806.6000000000       2.325305630299279E-005
   16806.7000000000       2.325274218056730E-005
   16806.8000000000       2.325252705443205E-005
   16806.9000000000       2.325241201200593E-005
   16807.0000000000       2.325217868708739E-005
   16807.1000000000       2.325191536367175E-005
   16807.2000000000       2.325188871733997E-005
   16807.3000000000       2.325174357201492E-005
   16807.4000000000       2.325160724475124E-005
   16807.5000000000       2.325131153425635E-005
   16807.6000000000       2.325125885775392E-005
   16807.7000000000       2.325122654177130E-005
   16807.8000000000       2.325095541403144E-005
   16807.9000000000       2.325083442908229E-005
   16808.0000000000       2.325077988303681E-005
   16808.1000000000       2.325063676076627E-005
   16808.2000000000       2.325037624098259E-005
   16808.3000000000       2.325028424674328E-005
   16808.4000000000       2.325029168350034E-005
   16808.5000000000       2.325005831208643E-005
   16809.5000000000       2.324867373321003E-005
   16810.5000000000       2.324729005292381E-005
   16811.5000000000       2.324591232943782E-005
   16812.5000000000       2.324463668458280E-005
   16813.5000000000       2.324381596152835E-005
   16814.5000000000       2.324315407052243E-005
   16815.5000000000       2.324255501089367E-005
   16816.5000000000       2.324204136422416E-005
   16819.0000000000       2.324153695657103E-005
   16821.5000000000       2.324130601274105E-005
   16824.0000000000       2.324134122706322E-005
   16826.5000000000       2.324112574609936E-005
   16831.5000000000       2.324083475857813E-005
   16836.5000000000       2.324019615601994E-005
   16841.5000000000       2.323853039644793E-005
   16846.5000000000       2.323625914085015E-005
   16851.5000000000       2.323308480058105E-005
   16856.5000000000       2.322916832492073E-005
   16861.5000000000       2.322463972283425E-005
   16866.5000000000       2.321960035861254E-005
   16871.5000000000       2.321379947321389E-005
   16876.5000000000       2.320750797846836E-005
   16881.5000000000       2.320069784428882E-005
   16886.5000000000       2.319326813162088E-005
   16891.5000000000       2.318555940527194E-005
   16896.5000000000       2.317729408756448E-005
   16901.5000000000       2.316881130591991E-005
   16906.5000000000       2.315984166277371E-005
   16919.0000000000       2.313655608132102E-005
   16922.7200000000       2.312939887519450E-005
   16931.5000000000       2.311178913743883E-005
   16944.0000000000       2.308577413462347E-005
   16956.5000000000       2.305884919686421E-005
   17031.5000000000       2.288487148027812E-005
   17090.0900000000       2.274114565372797E-005
   17137.1000000000       2.262263942233619E-005
   17212.1000000000       2.241081978980958E-005
   17224.6000000000       2.237710147967654E-005
   17237.1000000000       2.234321730911586E-005
   17249.6000000000       2.230929871717804E-005
   17257.4600000000       2.228770935171943E-005
   17262.1000000000       2.227491194971808E-005
   17267.1000000000       2.226124129256162E-005
   17272.1000000000       2.224740079330354E-005
   17277.1000000000       2.223369857023878E-005
   17282.1000000000       2.221993455272859E-005
   17287.1000000000       2.220612317486983E-005
   17292.1000000000       2.219222552725448E-005
   17297.1000000000       2.217832730870066E-005
   17302.1000000000       2.216453630258817E-005
   17307.1000000000       2.215078581523401E-005
   17312.1000000000       2.213691612714112E-005
   17317.1000000000       2.212307866103222E-005
   17322.1000000000       2.210945634226554E-005
   17327.1000000000       2.209577627866725E-005
   17332.1000000000       2.208252145156577E-005
   17337.1000000000       2.206943135365793E-005
   17342.1000000000       2.205642118144210E-005
   17344.6000000000       2.205004675189890E-005
   17347.1000000000       2.204389136462002E-005
   17349.6000000000       2.203778051279868E-005
   17352.1000000000       2.203169403266307E-005
   17353.1000000000       2.202943775271674E-005
   17354.1000000000       2.202703262057882E-005
   17355.1000000000       2.202466767990768E-005
   17356.1000000000       2.202229330883280E-005
   17357.1000000000       2.202010696043738E-005
   17358.1000000000       2.201775451641147E-005
   17359.1000000000       2.201548179128478E-005
   17360.1000000000       2.201308769569593E-005
   17360.2000000000       2.201281669166226E-005
   17360.3000000000       2.201253135119722E-005
   17360.4000000000       2.201237162475263E-005
   17360.5000000000       2.201194453284166E-005
   17360.6000000000       2.201183717883800E-005
   17360.7000000000       2.201157848444609E-005
   17360.8000000000       2.201121780709490E-005
   17360.9000000000       2.201107725663788E-005
   17361.0000000000       2.201070430960643E-005
   17361.1000000000       2.201054914101228E-005
   17361.2000000000       2.201021905976421E-005
   17361.3000000000       2.200992967595107E-005
   17361.4000000000       2.200983542954156E-005
   17361.5000000000       2.200945870217356E-005
   17361.6000000000       2.200921940069748E-005
   17361.7000000000       2.200901061393682E-005
   17361.8000000000       2.200874698142880E-005
   17361.9000000000       2.200852657306464E-005
   17362.0000000000       2.200831363923117E-005
   17362.1000000000       2.200811943925130E-005
   17362.2000000000       2.200785148422192E-005
   17362.3000000000       2.200768968486464E-005
   17362.4000000000       2.200747036990894E-005
   17362.5000000000       2.200725570862295E-005
   17362.6000000000       2.200694856849655E-005
   17362.7000000000       2.200675091551983E-005
   17362.8000000000       2.200657502465868E-005
   17362.9000000000       2.200636565702130E-005
   17363.0000000000       2.200627196524337E-005
   17363.1000000000       2.200608593896282E-005
   17363.2000000000       2.200586100216697E-005
   17363.3000000000       2.200567738251472E-005
   17363.4000000000       2.200552561737358E-005
   17363.5000000000       2.200532338424234E-005
   17363.6000000000       2.200503605352128E-005
   17363.7000000000       2.200500363006908E-005
   17363.8000000000       2.200478826146528E-005
   17363.9000000000       2.200452726250544E-005
   17364.0000000000       2.200431994638327E-005
   17364.1000000000       2.200430982828664E-005
   17365.1000000000       2.200227083872300E-005
   17366.1000000000       2.200009092241127E-005
   17367.1000000000       2.199785005394570E-005
   17368.1000000000       2.199567384088430E-005
   17369.1000000000       2.199362468136154E-005
   17370.1000000000       2.199147833523321E-005
   17371.1000000000       2.198939702754957E-005
   17372.1000000000       2.198740142144962E-005
   17374.6000000000       2.198232400390478E-005
   17377.1000000000       2.197716025477904E-005
   17379.6000000000       2.197231068366065E-005
   17382.1000000000       2.196757017265491E-005
   17387.1000000000       2.195817125142566E-005
   17392.1000000000       2.194928418095031E-005
   17397.1000000000       2.194036145952304E-005
   17402.1000000000       2.193156861059020E-005
   17407.1000000000       2.192301648967095E-005
   17412.1000000000       2.191460560316180E-005
   17417.1000000000       2.190616826623660E-005
   17422.1000000000       2.189775962731417E-005
   17424.8200000000       2.189296437763307E-005
   17427.1000000000       2.188919260466324E-005
   17432.1000000000       2.188067854630224E-005
   17437.1000000000       2.187225463058591E-005
   17442.1000000000       2.186362435007251E-005
   17447.1000000000       2.185504290712050E-005
   17452.1000000000       2.184633521693811E-005
   17457.1000000000       2.183771895822853E-005
   17462.1000000000       2.182894440035528E-005
   17474.6000000000       2.180714059864546E-005
   17487.1000000000       2.178504648882557E-005
   17499.6000000000       2.176270749455211E-005
   17512.1000000000       2.173989986815164E-005
   17587.1000000000       2.159775249067029E-005
   17592.1900000000       2.158754667860485E-005
   17662.1000000000       2.144540855584626E-005
   17759.5600000000       2.120821404148637E-005
   17874.1000000000       2.092825876923684E-005
   17926.9300000000       2.078797632731452E-005
   17949.1000000000       2.072668617116222E-005
   18000.0000000000       2.058005302592666E-005
   18024.1000000000       2.050745769811664E-005
   18036.6000000000       2.046890337711071E-005
   18049.1000000000       2.042968237705162E-005
   18061.6000000000       2.039012080521457E-005
   18074.1000000000       2.034962053372501E-005
   18079.1000000000       2.033346442980594E-005
   18084.1000000000       2.031715995322573E-005
   18089.1000000000       2.030052713192668E-005
   18094.1000000000       2.028399869778849E-005
   18094.2900000000       2.028337611027099E-005
   18099.1000000000       2.026741063564016E-005
   18104.1000000000       2.025069169232231E-005
   18109.1000000000       2.023381546608413E-005
   18114.1000000000       2.021690542369982E-005
   18119.1000000000       2.019995383646743E-005
   18124.1000000000       2.018302936272638E-005
   18129.1000000000       2.016605804608819E-005
   18134.1000000000       2.014908272114651E-005
   18139.1000000000       2.013228248421706E-005
   18144.1000000000       2.011542638262407E-005
   18149.1000000000       2.009900221784306E-005
   18154.1000000000       2.008292254948007E-005
   18156.6000000000       2.007512317708837E-005
   18159.1000000000       2.006749970908897E-005
   18161.6000000000       2.006005734773060E-005
   18164.1000000000       2.005294586764713E-005
   18165.1000000000       2.005003719018241E-005
   18166.1000000000       2.004725910925161E-005
   18167.1000000000       2.004441841699410E-005
   18168.1000000000       2.004172120493075E-005
   18169.1000000000       2.003905606875008E-005
   18170.1000000000       2.003631712559403E-005
   18171.1000000000       2.003361572765700E-005
   18172.1000000000       2.003069350485086E-005
   18172.2000000000       2.003037810438391E-005
   18172.3000000000       2.003008522484964E-005
   18172.4000000000       2.002977283900103E-005
   18172.5000000000       2.002947804508458E-005
   18172.6000000000       2.002918866992018E-005
   18172.7000000000       2.002871572819636E-005
   18172.8000000000       2.002858668000012E-005
   18172.9000000000       2.002809731555298E-005
   18173.0000000000       2.002782587768761E-005
   18173.1000000000       2.002752502179315E-005
   18173.2000000000       2.002718979680821E-005
   18173.3000000000       2.002689584729163E-005
   18173.4000000000       2.002684622138771E-005
   18173.5000000000       2.002638927137679E-005
   18173.6000000000       2.002607328961618E-005
   18173.7000000000       2.002586837952506E-005
   18173.8000000000       2.002558530066401E-005
   18173.9000000000       2.002538925612843E-005
   18174.0000000000       2.002509686196226E-005
   18174.1000000000       2.002498542056871E-005
   18174.2000000000       2.002458346491436E-005
   18174.3000000000       2.002457388308660E-005
   18174.4000000000       2.002435208059749E-005
   18174.5000000000       2.002423200644719E-005
   18174.6000000000       2.002402883920202E-005
   18174.7000000000       2.002389004675297E-005
   18174.8000000000       2.002374291681261E-005
   18174.9000000000       2.002350342247955E-005
   18175.0000000000       2.002352347831774E-005
   18175.1000000000       2.002320826295965E-005
   18175.2000000000       2.002329893829625E-005
   18175.3000000000       2.002300371541238E-005
   18175.4000000000       2.002292044507049E-005
   18175.5000000000       2.002296457278327E-005
   18175.6000000000       2.002267729159000E-005
   18175.7000000000       2.002253806159705E-005
   18175.8000000000       2.002247358610645E-005
   18175.9000000000       2.002250583195415E-005
   18176.0000000000       2.002242249028636E-005
   18176.1000000000       2.002214792967042E-005
   18177.1000000000       2.002088283001256E-005
   18178.1000000000       2.001922534164130E-005
   18179.1000000000       2.001764076656150E-005
   18180.1000000000       2.001603927462734E-005
   18181.1000000000       2.001460169442430E-005
   18182.1000000000       2.001305877042261E-005
   18183.1000000000       2.001155383773647E-005
   18184.1000000000       2.001020964881631E-005
   18186.6000000000       2.000681593943170E-005
   18189.1000000000       2.000340131093612E-005
   18191.6000000000       2.000034664328228E-005
   18194.1000000000       1.999736942838713E-005
   18199.1000000000       1.999206708759314E-005
   18204.1000000000       1.998699262866956E-005
   18209.1000000000       1.998217142821679E-005
   18214.1000000000       1.997734157691787E-005
   18219.1000000000       1.997268127898550E-005
   18224.1000000000       1.996797079583553E-005
   18229.1000000000       1.996321635560835E-005
   18234.1000000000       1.995832418910489E-005
   18239.1000000000       1.995334999059727E-005
   18244.1000000000       1.994823315172556E-005
   18249.1000000000       1.994289344589289E-005
   18254.1000000000       1.993745654932942E-005
   18259.1000000000       1.993169921551756E-005
   18261.6600000000       1.992888300939555E-005
   18264.1000000000       1.992606820799441E-005
   18269.1000000000       1.992000427510596E-005
   18274.1000000000       1.991399866005171E-005
   18286.6000000000       1.989769802463124E-005
   18299.1000000000       1.988036672518104E-005
   18311.6000000000       1.986179113031654E-005
   18324.1000000000       1.984182862472714E-005
   18399.1000000000       1.969441447317526E-005
   18429.0300000000       1.961622543035334E-005
   18526.0000000000       1.923325792960938E-005
   18596.4000000000       1.877198309793820E-005
   18601.0000000000       1.873308160914853E-005
   18613.5000000000       1.861876388238907E-005
   18626.0000000000       1.849329036512541E-005
   18638.5000000000       1.835456772043831E-005
   18651.0000000000       1.820046363250049E-005
   18656.0000000000       1.813402070284819E-005
   18661.0000000000       1.806423744671658E-005
   18666.0000000000       1.799103923368597E-005
   18671.0000000000       1.791445615681950E-005
   18676.0000000000       1.783397684266329E-005
   18681.0000000000       1.774924543693728E-005
   18686.0000000000       1.766002643396095E-005
   18691.0000000000       1.756626793083979E-005
   18696.0000000000       1.746757921166034E-005
   18701.0000000000       1.736371209265373E-005
   18706.0000000000       1.725490041366263E-005
   18711.0000000000       1.713973567977256E-005
   18716.0000000000       1.701591062393323E-005
   18721.0000000000       1.687593265140326E-005
   18726.0000000000       1.671218177907300E-005
   18731.0000000000       1.652000423766235E-005
   18733.5000000000       1.641066839503160E-005
   18736.0000000000       1.628823154734640E-005
   18738.5000000000       1.614739750284452E-005
   18741.0000000000       1.597720279696435E-005
   18742.0000000000       1.589599075368157E-005
   18743.0000000000       1.580325393133969E-005
   18744.0000000000       1.569579272091767E-005
   18745.0000000000       1.556950410104063E-005
   18746.0000000000       1.541887568449978E-005
   18747.0000000000       1.523588389436366E-005
   18748.0000000000       1.501655489027646E-005
   18749.0000000000       1.477958810864375E-005
   18749.1000000000       1.475703718858595E-005
   18749.2000000000       1.473487183399824E-005
   18749.3000000000       1.471330976520599E-005
   18749.4000000000       1.469236302473818E-005
   18749.5000000000       1.467213628776686E-005
   18749.6000000000       1.465277108743232E-005
   18749.7000000000       1.463438667364448E-005
   18749.8000000000       1.461690490312075E-005
   18749.9000000000       1.460051083893850E-005
   18750.0000000000       1.458532598172545E-005
   18750.1000000000       1.457137864883162E-005
   18750.2000000000       1.455861434858695E-005
   18750.3000000000       1.454722684385515E-005
   18750.4000000000       1.453725081383378E-005
   18750.5000000000       1.452872942297643E-005
   18750.6000000000       1.452153663794527E-005
   18750.7000000000       1.451602885313787E-005
   18750.8000000000       1.451195326375654E-005
   18750.9000000000       1.450955376286908E-005
   18751.0000000000       1.450859870975472E-005
   18751.1000000000       1.450913713903773E-005
   18751.2000000000       1.451154875401574E-005
   18751.3000000000       1.451516938453632E-005
   18751.4000000000       1.452061590624111E-005
   18751.5000000000       1.452742619374445E-005
   18751.6000000000       1.453573063538209E-005
   18751.7000000000       1.454552799081478E-005
   18751.8000000000       1.455666160482376E-005
   18751.9000000000       1.456921562322495E-005
   18752.0000000000       1.458285123907698E-005
   18752.1000000000       1.459798941140722E-005
   18752.2000000000       1.461400170333713E-005
   18752.3000000000       1.463123304392585E-005
   18752.4000000000       1.464946910935599E-005
   18752.5000000000       1.466846406871784E-005
   18752.6000000000       1.468828931150394E-005
   18752.7000000000       1.470904268441297E-005
   18752.8000000000       1.473032346794845E-005
   18752.9000000000       1.475222985692591E-005
   18753.0000000000       1.477462148732712E-005
   18754.0000000000       1.500886302857844E-005
   18755.0000000000       1.522558791418089E-005
   18756.0000000000       1.540572505635555E-005
   18757.0000000000       1.555357233083897E-005
   18758.0000000000       1.567687459434349E-005
   18759.0000000000       1.578148665587122E-005
   18760.0000000000       1.587147685859765E-005
   18761.0000000000       1.594964098203638E-005
   18763.5000000000       1.611284078410810E-005
   18763.7600000000       1.612798283627132E-005
   18766.0000000000       1.624628941157880E-005
   18768.5000000000       1.636094101641366E-005
   18771.0000000000       1.646271000643114E-005
   18776.0000000000       1.663969192647007E-005
   18781.0000000000       1.678798486489110E-005
   18786.0000000000       1.691223979970526E-005
   18791.0000000000       1.702039472825090E-005
   18796.0000000000       1.711956870306654E-005
   18801.0000000000       1.721239367106619E-005
   18806.0000000000       1.729981801347747E-005
   18811.0000000000       1.738188879805534E-005
   18816.0000000000       1.745924927491313E-005
   18821.0000000000       1.753174309048443E-005
   18826.0000000000       1.759951496153785E-005
   18831.0000000000       1.766303878514223E-005
   18836.0000000000       1.772257235338449E-005
   18841.0000000000       1.777843166409929E-005
   18846.0000000000       1.783088480796925E-005
   18851.0000000000       1.787959139632323E-005
   18863.5000000000       1.798930384314941E-005
   18876.0000000000       1.808320980278379E-005
   18888.5000000000       1.816320683353752E-005
   18901.0000000000       1.823098171973625E-005
   18931.1300000000       1.835228908914531E-005
   18976.0000000000       1.844542081317168E-005
   19051.0000000000       1.845048581803895E-005
   19098.5000000000       1.839724172701710E-005
   19145.6000000000       1.831572518476704E-005
   19220.6000000000       1.814422300762954E-005
   19265.8700000000       1.801109601904011E-005
   19295.6000000000       1.791412047709996E-005
   19308.1000000000       1.787107492270382E-005
   19320.6000000000       1.782688996420721E-005
   19333.1000000000       1.778109230348383E-005
   19345.6000000000       1.773406319392775E-005
   19350.6000000000       1.771481546162740E-005
   19355.6000000000       1.769541886954916E-005
   19360.6000000000       1.767571607793420E-005
   19365.6000000000       1.765591424438286E-005
   19370.6000000000       1.763596222837949E-005
   19375.6000000000       1.761584576434244E-005
   19380.6000000000       1.759592815030953E-005
   19385.6000000000       1.757592424071942E-005
   19390.6000000000       1.755590323153889E-005
   19395.6000000000       1.753581860763962E-005
   19400.6000000000       1.751591074771113E-005
   19405.6000000000       1.749616009887370E-005
   19410.6000000000       1.747687078155984E-005
   19415.6000000000       1.745813136092794E-005
   19420.6000000000       1.743994753052407E-005
   19425.6000000000       1.742338056557814E-005
   19428.1000000000       1.741570983456067E-005
   19430.6000000000       1.740876307774336E-005
   19433.1000000000       1.740269971269357E-005
   19433.2300000000       1.740239350564192E-005
   19435.6000000000       1.739774469655723E-005
   19436.6000000000       1.739595966120710E-005
   19437.6000000000       1.739440618302615E-005
   19438.6000000000       1.739322056536699E-005
   19439.6000000000       1.739227566856685E-005
   19440.6000000000       1.739141232477315E-005
   19441.6000000000       1.739068869351553E-005
   19442.6000000000       1.739012519681447E-005
   19443.6000000000       1.738964160243107E-005
   19443.7000000000       1.738954490412166E-005
   19443.8000000000       1.738950772212680E-005
   19443.9000000000       1.738949746111853E-005
   19444.0000000000       1.738942373465799E-005
   19444.1000000000       1.738937699339250E-005
   19444.2000000000       1.738917398654559E-005
   19444.3000000000       1.738923728906007E-005
   19444.4000000000       1.738901574364387E-005
   19444.5000000000       1.738908439062200E-005
   19444.6000000000       1.738882931071571E-005
   19444.7000000000       1.738873611267946E-005
   19444.8000000000       1.738879244120485E-005
   19444.9000000000       1.738866348098816E-005
   19445.0000000000       1.738844228657290E-005
   19445.1000000000       1.738833617942624E-005
   19445.2000000000       1.738821563142594E-005
   19445.3000000000       1.738809536675384E-005
   19445.4000000000       1.738794922692865E-005
   19445.5000000000       1.738783792824268E-005
   19445.6000000000       1.738769041338049E-005
   19445.7000000000       1.738761931394167E-005
   19445.8000000000       1.738742776422429E-005
   19445.9000000000       1.738712125827454E-005
   19446.0000000000       1.738714160999772E-005
   19446.1000000000       1.738693890472407E-005
   19446.2000000000       1.738666139846763E-005
   19446.3000000000       1.738645949455800E-005
   19446.4000000000       1.738647126783225E-005
   19446.5000000000       1.738624580322614E-005
   19446.6000000000       1.738607968875112E-005
   19446.7000000000       1.738572767753027E-005
   19446.8000000000       1.738553946354319E-005
   19446.9000000000       1.738533986112221E-005
   19447.0000000000       1.738524262031940E-005
   19447.1000000000       1.738489696849043E-005
   19447.2000000000       1.738467590227504E-005
   19447.3000000000       1.738454010515471E-005
   19447.4000000000       1.738426697218596E-005
   19447.5000000000       1.738408382632626E-005
   19447.6000000000       1.738377609505080E-005
   19448.6000000000       1.738142503224928E-005
   19449.6000000000       1.737902377988669E-005
   19450.6000000000       1.737661891724160E-005
   19451.6000000000       1.737459566656506E-005
   19452.6000000000       1.737269798426526E-005
   19453.6000000000       1.737105894355295E-005
   19454.6000000000       1.736968988628027E-005
   19455.6000000000       1.736853607595869E-005
   19458.1000000000       1.736631935464961E-005
   19460.6000000000       1.736503018255398E-005
   19463.1000000000       1.736458840279850E-005
   19465.6000000000       1.736484050050737E-005
   19470.6000000000       1.736685066287362E-005
   19475.6000000000       1.737029181942304E-005
   19480.6000000000       1.737434866155274E-005
   19485.6000000000       1.737903679273683E-005
   19490.6000000000       1.738404748237311E-005
   19495.6000000000       1.738929812152869E-005
   19500.6000000000       1.739451702839124E-005
   19505.6000000000       1.739953797783453E-005
   19510.6000000000       1.740471040024189E-005
   19515.6000000000       1.740992163235880E-005
   19520.6000000000       1.741505948788225E-005
   19525.6000000000       1.742008756133860E-005
   19530.6000000000       1.742496677373755E-005
   19535.6000000000       1.742995951480061E-005
   19540.6000000000       1.743442180174941E-005
   19545.6000000000       1.743861182959075E-005
   19558.1000000000       1.744839351594794E-005
   19570.6000000000       1.745681691119015E-005
   19583.1000000000       1.746393016494128E-005
   19595.6000000000       1.746983196831131E-005
   19600.6000000000       1.747172530050354E-005
   19670.6000000000       1.748162470356664E-005
   19745.6000000000       1.745815271713880E-005
   19767.9700000000       1.745694632508645E-005
   19935.3400000000       1.730188494421022E-005
   20000.0000000000       1.722486708636103E-005
   20102.7000000000       1.709166840507497E-005
   20270.0700000000       1.686050470591128E-005
   20437.4400000000       1.662289753178543E-005
   20604.8100000000       1.639745967548995E-005
   20772.1700000000       1.610057771054065E-005
   20939.5400000000       1.583243428289044E-005
   21106.9100000000       1.554294385551707E-005
   21274.2800000000       1.519505870636691E-005
   21355.0000000000       1.498572364788264E-005
   21430.0000000000       1.474951375158966E-005
   21441.6400000000       1.470793022685898E-005
   21505.0000000000       1.445319620628042E-005
   21517.5000000000       1.439656232588907E-005
   21530.0000000000       1.433736299736662E-005
   21542.5000000000       1.427563105514360E-005
   21555.0000000000       1.421171806986255E-005
   21560.0000000000       1.418551412271979E-005
   21565.0000000000       1.415902600382926E-005
   21570.0000000000       1.413181954949864E-005
   21575.0000000000       1.410416146739603E-005
   21580.0000000000       1.407618209800866E-005
   21585.0000000000       1.404744604292751E-005
   21590.0000000000       1.401789778470201E-005
   21595.0000000000       1.398774034522447E-005
   21600.0000000000       1.395660413946496E-005
   21605.0000000000       1.392475408664363E-005
   21609.0100000000       1.389850397166020E-005
   21610.0000000000       1.389198875548578E-005
   21615.0000000000       1.385784445707383E-005
   21620.0000000000       1.382193032947425E-005
   21625.0000000000       1.378434915059933E-005
   21630.0000000000       1.374487853966873E-005
   21635.0000000000       1.370267459709066E-005
   21637.5000000000       1.368045629074829E-005
   21640.0000000000       1.365713506298531E-005
   21642.5000000000       1.363279033978607E-005
   21645.0000000000       1.360716521290450E-005
   21646.0000000000       1.359643023229183E-005
   21647.0000000000       1.358526355586433E-005
   21648.0000000000       1.357364079920705E-005
   21649.0000000000       1.356137982070738E-005
   21650.0000000000       1.354851237367203E-005
   21651.0000000000       1.353503271491323E-005
   21652.0000000000       1.352161434308923E-005
   21653.0000000000       1.350885780485279E-005
   21653.1000000000       1.350782835129937E-005
   21653.2000000000       1.350657510939411E-005
   21653.3000000000       1.350546923139043E-005
   21653.4000000000       1.350445344892504E-005
   21653.5000000000       1.350347214630221E-005
   21653.6000000000       1.350237335759821E-005
   21653.7000000000       1.350140149477787E-005
   21653.8000000000       1.350055814573898E-005
   21653.9000000000       1.349982318050560E-005
   21654.0000000000       1.349890898790336E-005
   21654.1000000000       1.349828567044529E-005
   21654.2000000000       1.349740391201645E-005
   21654.3000000000       1.349680632750616E-005
   21654.4000000000       1.349631467423408E-005
   21654.5000000000       1.349582683752319E-005
   21654.6000000000       1.349534109761996E-005
   21654.7000000000       1.349503454821009E-005
   21654.8000000000       1.349473070211514E-005
   21654.9000000000       1.349437749814609E-005
   21655.0000000000       1.349430542850519E-005
   21655.1000000000       1.349417427755628E-005
   21655.2000000000       1.349436030219459E-005
   21655.3000000000       1.349440287548670E-005
   21655.4000000000       1.349451604984819E-005
   21655.5000000000       1.349469152722507E-005
   21655.6000000000       1.349501812127518E-005
   21655.7000000000       1.349536502743659E-005
   21655.8000000000       1.349573792146533E-005
   21655.9000000000       1.349633162172956E-005
   21656.0000000000       1.349675224114579E-005
   21656.1000000000       1.349745942276979E-005
   21656.2000000000       1.349796289656695E-005
   21656.3000000000       1.349880140702687E-005
   21656.4000000000       1.349942092958312E-005
   21656.5000000000       1.350028212793808E-005
   21656.6000000000       1.350104207540734E-005
   21656.7000000000       1.350195851827067E-005
   21656.8000000000       1.350297281909889E-005
   21656.9000000000       1.350373702110402E-005
   21657.0000000000       1.350480674582667E-005
   21658.0000000000       1.351525337749406E-005
   21659.0000000000       1.352649926637386E-005
   21660.0000000000       1.353781626474587E-005
   21661.0000000000       1.354860817219484E-005
   21662.0000000000       1.355873629470638E-005
   21663.0000000000       1.356831398447749E-005
   21664.0000000000       1.357739837774732E-005
   21665.0000000000       1.358600173748862E-005
   21667.5000000000       1.360622191885595E-005
   21670.0000000000       1.362495325838006E-005
   21672.5000000000       1.364293809151958E-005
   21675.0000000000       1.365973900463894E-005
   21680.0000000000       1.369109372768011E-005
   21685.0000000000       1.371951385241838E-005
   21690.0000000000       1.374606029652713E-005
   21695.0000000000       1.377083778870363E-005
   21700.0000000000       1.379375184735377E-005
   21705.0000000000       1.381516372423502E-005
   21710.0000000000       1.383580044278430E-005
   21715.0000000000       1.385541774471653E-005
   21720.0000000000       1.387438077918389E-005
   21725.0000000000       1.389223072035323E-005
   21730.0000000000       1.390937823602014E-005
   21735.0000000000       1.392591352884540E-005
   21740.0000000000       1.394187755926779E-005
   21745.0000000000       1.395731961676399E-005
   21750.0000000000       1.397226758024135E-005
   21755.0000000000       1.398674971186633E-005
   21767.5000000000       1.402087215372018E-005
   21776.3800000000       1.404370529219224E-005
   21780.0000000000       1.405258018205208E-005
   21792.5000000000       1.408157729390598E-005
   21805.0000000000       1.410758706311734E-005
   21880.0000000000       1.421627168537286E-005
   21943.7500000000       1.425721092851241E-005
   21955.0000000000       1.426061789062613E-005
   22000.0000000000       1.426460987917445E-005
   22111.1100000000       1.422885104134899E-005
   22278.4800000000       1.410363018894739E-005
   22445.8500000000       1.394166306115739E-005
   22613.2200000000       1.376681625566923E-005
   22780.5900000000       1.362025051600764E-005
   23308.1400000000       1.304420006702976E-005
   23835.6900000000       1.250375069030581E-005
   24000.0000000000       1.234228661802871E-005
   24363.2400000000       1.199636522988378E-005
   24890.7900000000       1.151902114804937E-005
   25418.3400000000       1.101573249095870E-005
   25945.8900000000       1.035096142871254E-005
   25952.0000000000       1.033897389889473E-005
   26000.0000000000       1.023359343814857E-005
   26027.0000000000       1.016615737709958E-005
   26102.0000000000       9.937648244246498E-006
   26114.5000000000       9.892403829526426E-006
   26127.0000000000       9.844222454887550E-006
   26139.5000000000       9.792940393694922E-006
   26152.0000000000       9.738180565344536E-006
   26157.0000000000       9.715169072525832E-006
   26162.0000000000       9.691384431265774E-006
   26167.0000000000       9.666871292700368E-006
   26172.0000000000       9.641517746017311E-006
   26177.0000000000       9.615266683956123E-006
   26182.0000000000       9.588070868248155E-006
   26187.0000000000       9.559867884726921E-006
   26192.0000000000       9.530562192931856E-006
   26197.0000000000       9.499960683556284E-006
   26202.0000000000       9.467991137011959E-006
   26207.0000000000       9.434508736816459E-006
   26212.0000000000       9.399476733517618E-006
   26217.0000000000       9.362773874430195E-006
   26222.0000000000       9.324421870520665E-006
   26227.0000000000       9.284893431578451E-006
   26232.0000000000       9.246448281812244E-006
   26234.5000000000       9.228907223106330E-006
   26237.0000000000       9.214091323994648E-006
   26239.5000000000       9.204317960116880E-006
   26242.0000000000       9.203642958373561E-006
   26243.0000000000       9.207501494654901E-006
   26244.0000000000       9.214911229530288E-006
   26245.0000000000       9.226600332877047E-006
   26246.0000000000       9.243193588225422E-006
   26247.0000000000       9.265167803916506E-006
   26248.0000000000       9.292212539023658E-006
   26249.0000000000       9.322438437323791E-006
   26250.0000000000       9.351570438874253E-006
   26250.1000000000       9.354183084684831E-006
   26250.2000000000       9.356725668376289E-006
   26250.3000000000       9.359172602162588E-006
   26250.4000000000       9.361526320397901E-006
   26250.5000000000       9.363776852582244E-006
   26250.6000000000       9.365919684027858E-006
   26250.7000000000       9.367921146037247E-006
   26250.8000000000       9.369825682859224E-006
   26250.9000000000       9.371569060682450E-006
   26251.0000000000       9.373219552750534E-006
   26251.1000000000       9.374700650134454E-006
   26251.2000000000       9.376044711430665E-006
   26251.3000000000       9.377216869661655E-006
   26251.4000000000       9.378252041303995E-006
   26251.5000000000       9.379122407822466E-006
   26251.6000000000       9.379811910661078E-006
   26251.7000000000       9.380346342027418E-006
   26251.8000000000       9.380718510662214E-006
   26251.9000000000       9.380921174823266E-006
   26252.0000000000       9.380933603770579E-006
   26252.1000000000       9.380802214320558E-006
   26252.2000000000       9.380455023522975E-006
   26252.3000000000       9.379978451781207E-006
   26252.4000000000       9.379305935661746E-006
   26252.5000000000       9.378509564141005E-006
   26252.6000000000       9.377498118440409E-006
   26252.7000000000       9.376360227660355E-006
   26252.8000000000       9.375060040285038E-006
   26252.9000000000       9.373574057426139E-006
   26253.0000000000       9.371983793599279E-006
   26253.1000000000       9.370230921202768E-006
   26253.2000000000       9.368343743786699E-006
   26253.3000000000       9.366330947165280E-006
   26253.4000000000       9.364176246239012E-006
   26253.5000000000       9.361927935265725E-006
   26253.6000000000       9.359548329158486E-006
   26253.7000000000       9.357090527773177E-006
   26253.8000000000       9.354524831579601E-006
   26253.9000000000       9.351858223292487E-006
   26254.0000000000       9.349116834680770E-006
   26255.0000000000       9.318762850414287E-006
   26256.0000000000       9.287363078544658E-006
   26257.0000000000       9.259125076388852E-006
   26258.0000000000       9.235957748196428E-006
   26259.0000000000       9.218149043672043E-006
   26260.0000000000       9.205291408609361E-006
   26261.0000000000       9.196679114775518E-006
   26262.0000000000       9.191598861142595E-006
   26264.5000000000       9.189265144722712E-006
   26267.0000000000       9.195995683988234E-006
   26269.5000000000       9.207758026772576E-006
   26272.0000000000       9.222199700478883E-006
   26277.0000000000       9.254405540018281E-006
   26282.0000000000       9.287635853079980E-006
   26287.0000000000       9.319621278769321E-006
   26292.0000000000       9.349948615600608E-006
   26297.0000000000       9.378544223284650E-006
   26302.0000000000       9.405561548667642E-006
   26307.0000000000       9.431020860767837E-006
   26312.0000000000       9.455051183139219E-006
   26317.0000000000       9.477819857805314E-006
   26322.0000000000       9.499404827552602E-006
   26327.0000000000       9.519952085486140E-006
   26332.0000000000       9.539526210064493E-006
   26337.0000000000       9.558157484829828E-006
   26342.0000000000       9.575973020359166E-006
   26347.0000000000       9.592987416711950E-006
   26352.0000000000       9.609194354840368E-006
   26364.5000000000       9.646884194846931E-006
   26377.0000000000       9.680934393538772E-006
   26389.5000000000       9.711717493533103E-006
   26402.0000000000       9.739430491039977E-006
   26473.4400000000       9.855847471259740E-006
   26477.0000000000       9.860071038303463E-006
   26552.0000000000       9.920896568827035E-006
   27000.9900000000       9.827780134599889E-006
   27528.5400000000       9.520440872264404E-006
   28000.0000000000       9.220308968360489E-006
   28056.0900000000       9.185580354177595E-006
   28583.6400000000       8.868677412375021E-006
   29111.1900000000       8.568495204020127E-006
   29638.7400000000       8.283741072941997E-006
   30000.0000000000       8.096960106449589E-006
   30166.2900000000       8.013105147809150E-006
   30693.8400000000       7.755413723914885E-006
   31221.3900000000       7.509663874691214E-006
   31748.9400000000       7.275125460399360E-006
   32000.0000000000       7.167242311735719E-006
   32276.4900000000       7.051126708779734E-006
   32804.0400000000       6.836999630577267E-006
   33427.5100000000       6.612199983151658E-006
   34000.0000000000       6.398897332042520E-006
   34050.9800000000       6.380411562204549E-006
   34674.4500000000       6.160593532954674E-006
   35297.9200000000       5.951925182335091E-006
   35921.3900000000       5.753655100886843E-006
   36000.0000000000       5.729363874035961E-006
   36544.8500000000       5.565164653696483E-006
   37168.3200000000       5.385776889940225E-006
   37791.7900000000       5.214858697026044E-006
   38000.0000000000       5.159588761345317E-006
   38415.2600000000       5.052100953869746E-006
   39038.7300000000       4.896827691764482E-006
   39662.2000000000       4.724954399110317E-006
   40000.0000000000       4.612904991881247E-006
   40212.0000000000       4.501820496844216E-006
   40285.6700000000       4.444953589562775E-006
   40287.0000000000       4.443775004769659E-006
   40362.0000000000       4.366078038105224E-006
   40374.5000000000       4.350208630990212E-006
   40387.0000000000       4.332985037621627E-006
   40399.5000000000       4.314150608213072E-006
   40412.0000000000       4.293402941386879E-006
   40417.0000000000       4.284465800923732E-006
   40422.0000000000       4.275088736155675E-006
   40427.0000000000       4.265251597694155E-006
   40432.0000000000       4.254920250188998E-006
   40437.0000000000       4.244046303996309E-006
   40442.0000000000       4.232551980305867E-006
   40447.0000000000       4.220359656182339E-006
   40452.0000000000       4.207374805079528E-006
   40457.0000000000       4.193456187615925E-006
   40462.0000000000       4.178433424533584E-006
   40467.0000000000       4.162060749366607E-006
   40472.0000000000       4.143883504098273E-006
   40477.0000000000       4.123272373966902E-006
   40482.0000000000       4.099459241970536E-006
   40487.0000000000       4.071534141130867E-006
   40492.0000000000       4.038793793593207E-006
   40494.5000000000       4.020269573389765E-006
   40497.0000000000       3.999723667686041E-006
   40499.5000000000       3.976595221014647E-006
   40502.0000000000       3.950182415940234E-006
   40503.0000000000       3.938350363156739E-006
   40504.0000000000       3.925460302370367E-006
   40505.0000000000       3.911271380459651E-006
   40506.0000000000       3.895585525821268E-006
   40507.0000000000       3.878428678403143E-006
   40508.0000000000       3.860465360388053E-006
   40509.0000000000       3.843342124121587E-006
   40510.0000000000       3.829380864470179E-006
   40510.1000000000       3.828229304505344E-006
   40510.2000000000       3.827147126461807E-006
   40510.3000000000       3.826117577599974E-006
   40510.4000000000       3.825149552798197E-006
   40510.5000000000       3.824225219741359E-006
   40510.6000000000       3.823375979077581E-006
   40510.7000000000       3.822566386111636E-006
   40510.8000000000       3.821831621941675E-006
   40510.9000000000       3.821143061286649E-006
   40511.0000000000       3.820516062514410E-006
   40511.1000000000       3.819952174499822E-006
   40511.2000000000       3.819437907844565E-006
   40511.3000000000       3.818989214938448E-006
   40511.4000000000       3.818587661073394E-006
   40511.5000000000       3.818256511776890E-006
   40511.6000000000       3.817986712462515E-006
   40511.7000000000       3.817773331056829E-006
   40511.8000000000       3.817615012834550E-006
   40511.9000000000       3.817508694089020E-006
   40512.0000000000       3.817463683059457E-006
   40512.1000000000       3.817483622443780E-006
   40512.2000000000       3.817544157120641E-006
   40512.3000000000       3.817695776490697E-006
   40512.4000000000       3.817861977202222E-006
   40512.5000000000       3.818128569343715E-006
   40512.6000000000       3.818435398725315E-006
   40512.7000000000       3.818796269804573E-006
   40512.8000000000       3.819204109957663E-006
   40512.9000000000       3.819686697961351E-006
   40513.0000000000       3.820237894111729E-006
   40513.1000000000       3.820821828384639E-006
   40513.2000000000       3.821484752919643E-006
   40513.3000000000       3.822196054024339E-006
   40513.4000000000       3.822979899548851E-006
   40513.5000000000       3.823815199693902E-006
   40513.6000000000       3.824698800641327E-006
   40513.7000000000       3.825631607231899E-006
   40513.8000000000       3.826635681279397E-006
   40513.9000000000       3.827689548229519E-006
   40514.0000000000       3.828794090992968E-006
   40515.0000000000       3.842424550005283E-006
   40516.0000000000       3.859211116587738E-006
   40517.0000000000       3.876809812767702E-006
   40518.0000000000       3.893590946966594E-006
   40519.0000000000       3.908895698905086E-006
   40520.0000000000       3.922724032824516E-006
   40521.0000000000       3.935234384140241E-006
   40522.0000000000       3.946700375434486E-006
   40524.5000000000       3.972199699453055E-006
   40527.0000000000       3.994380254125856E-006
   40529.5000000000       4.013991018202257E-006
   40532.0000000000       4.031567553360112E-006
   40537.0000000000       4.062424884669570E-006
   40542.0000000000       4.088441615715385E-006
   40547.0000000000       4.110300883704605E-006
   40552.0000000000       4.128976624538436E-006
   40557.0000000000       4.145224042638539E-006
   40562.0000000000       4.159645363888741E-006
   40567.0000000000       4.172713899904354E-006
   40572.0000000000       4.184655061149286E-006
   40577.0000000000       4.195654443482957E-006
   40582.0000000000       4.205860981974468E-006
   40587.0000000000       4.215357058525647E-006
   40592.0000000000       4.224255905426327E-006
   40597.0000000000       4.232577142488388E-006
   40602.0000000000       4.240414496039553E-006
   40607.0000000000       4.247783858771848E-006
   40612.0000000000       4.254694569386868E-006
   40624.5000000000       4.270374689303512E-006
   40637.0000000000       4.284107685427603E-006
   40649.5000000000       4.296222176295186E-006
   40662.0000000000       4.306922269626615E-006
   40737.0000000000       4.353164391410854E-006
   40812.0000000000       4.379168377726242E-006
   40909.1300000000       4.394756260851763E-006
   41532.6000000000       4.342728646997977E-006
   42000.0000000000       4.249545696781514E-006
   42156.0700000000       4.219074966734712E-006
   42779.5400000000       4.100605262470746E-006
   43403.0100000000       3.987097194676115E-006
   44000.0000000000       3.882775272738434E-006
   44026.4800000000       3.878244135996439E-006
   44649.9500000000       3.784638892866078E-006
   45369.3300000000       3.668286849945490E-006
   46000.0000000000       3.570616829997906E-006
   46088.7200000000       3.557193693221155E-006
   46808.1100000000       3.451062172086381E-006
   47527.4900000000       3.349569042883923E-006
   48000.0000000000       3.285331066871552E-006
   48246.8800000000       3.252496032578431E-006
   48966.2700000000       3.159577233939872E-006
   49685.6600000000       3.070566432159217E-006
   50000.0000000000       3.032851983953861E-006
   50405.0400000000       2.985368452627585E-006
   51124.4300000000       2.903731291057903E-006
   51843.8200000000       2.825380268631064E-006
   52000.0000000000       2.808799705913179E-006
   52563.2000000000       2.750167748245092E-006
   53282.5900000000       2.677897723492890E-006
   54000.0000000000       2.608615959271146E-006
   54001.9800000000       2.608433829756204E-006
   54721.3600000000       2.541640837561757E-006
   55440.7500000000       2.477428654092997E-006
   56000.0000000000       2.429153415175055E-006
   56160.1400000000       2.415585380456262E-006
   56879.5200000000       2.356034751382136E-006
   57598.9100000000       2.298676526414694E-006
   58000.0000000000       2.267599939155212E-006
   58318.3000000000       2.247474157814966E-006
   59133.6000000000       2.186971916548225E-006
   59948.9100000000       2.128858397621718E-006
   60000.0000000000       2.125295447856565E-006
   60764.2100000000       2.073033829076415E-006
   61579.5200000000       2.019365227059420E-006
   62000.0000000000       1.992496352416408E-006
   62394.8200000000       1.967753863284194E-006
   63210.1300000000       1.918090460012636E-006
   64000.0000000000       1.871727505840903E-006
   64025.4300000000       1.870263635582894E-006
   64840.7400000000       1.824224808390994E-006
   65656.0400000000       1.779833557211079E-006
   66000.0000000000       1.761595283507243E-006
   66471.3500000000       1.737043116614737E-006
   67286.6500000000       1.695790183040971E-006
   68000.0000000000       1.660884007865941E-006
   68101.9600000000       1.655983615073744E-006
   68917.2600000000       1.617551262680580E-006
   69732.5700000000       1.580435049609956E-006
   70000.0000000000       1.568546880126691E-006
   70547.8800000000       1.544577629186701E-006
   71363.1800000000       1.509935314856747E-006
   72000.0000000000       1.483667598050723E-006
   72178.4900000000       1.476442217130322E-006
   72993.7900000000       1.444024019814065E-006
   73809.1000000000       1.414251998395030E-006
   74000.0000000000       1.407035910568912E-006
   74720.3200000000       1.380305683548273E-006
   75631.5400000000       1.347636586930367E-006
   76000.0000000000       1.334737095533828E-006
   76542.7700000000       1.316071811515199E-006
   77453.9900000000       1.285621372318711E-006
   78000.0000000000       1.267858190653470E-006
   78365.2100000000       1.256189696609574E-006
   79276.4400000000       1.227770409912732E-006
   80000.0000000000       1.205871902572386E-006
   80187.6600000000       1.200293478913551E-006
   81098.8800000000       1.173727200841515E-006
   82000.0000000000       1.148302577507873E-006
   82010.1100000000       1.148025313789308E-006
   82921.3300000000       1.123169346280563E-006
   83832.5500000000       1.099099292417958E-006
   84000.0000000000       1.094757604823214E-006
   84743.7800000000       1.075785151965659E-006
   85655.0000000000       1.053214353337692E-006
   86000.0000000000       1.044847111237777E-006
   86566.2200000000       1.031337937598352E-006
   87477.4500000000       1.010133034296631E-006
   88000.0000000000       9.982663837340290E-007
   88388.6700000000       9.895757967250717E-007
   89299.8900000000       9.696368462152817E-007
   90000.0000000000       9.547212237289546E-007
   90211.1200000000       9.502914524842569E-007
   91122.3400000000       9.315170047631358E-007
   92000.0000000000       9.145550488337753E-007
   92129.4800000000       9.120029892446468E-007
   93136.6200000000       8.925165268199584E-007
   94000.0000000000       8.763017134741847E-007
   94143.7700000000       8.736445105986814E-007
   95150.9100000000       8.553624603550383E-007
   96000.0000000000       8.403918584558716E-007
   96158.0500000000       8.376469788316107E-007
   97165.1900000000       8.204741750927154E-007
   98000.0000000000       8.066348739714100E-007
   98172.3300000000       8.038220036975210E-007
   99179.4700000000       7.876676077469463E-007
   100000.000000000       7.748627594026609E-007
   100186.620000000       7.719951828796021E-007
   101193.760000000       7.567834642010623E-007
   102000.000000000       7.449253828732609E-007
   102200.900000000       7.420134480327104E-007
   103208.040000000       7.276720541756947E-007
   104000.000000000       7.166826359550851E-007
   104215.180000000       7.137388647755850E-007
   105222.320000000       7.002023032061405E-007
   106000.000000000       6.900089361842506E-007
   106229.470000000       6.870441978414352E-007
   107236.610000000       6.742510828531510E-007
   108000.000000000       6.647905111724374E-007
   108243.750000000       6.618116924069011E-007
   109250.890000000       6.497122102970661E-007
   110000.000000000       6.409249018523590E-007
   110258.030000000       6.379397975172835E-007
   112000.000000000       6.185610223242538E-007
   114000.000000000       5.971131579902870E-007
   116000.000000000       5.767565113150417E-007
   118000.000000000       5.574183752900323E-007
   120000.000000000       5.390307396636951E-007
   122000.000000000       5.215345330366489E-007
   124000.000000000       5.048603043158302E-007
   126000.000000000       4.889934519712578E-007
   128000.000000000       4.738483369565004E-007
   130000.000000000       4.593914673073487E-007
   132000.000000000       4.456971734841828E-007
   134000.000000000       4.324985358253596E-007
   136000.000000000       4.198725543206870E-007
   138000.000000000       4.077867399734088E-007
   140000.000000000       3.962151504463200E-007
   142000.000000000       3.851270414756412E-007
   144000.000000000       3.744944701612649E-007
   146000.000000000       3.642938076933399E-007
   148000.000000000       3.545025654115387E-007
   150000.000000000       3.450980797120687E-007
   152000.000000000       3.360621777428215E-007
   154000.000000000       3.274244565070424E-007
   156000.000000000       3.190670181560041E-007
   158000.000000000       3.110213143422832E-007
   160000.000000000       3.032771884122748E-007
   162000.000000000       2.958150188397081E-007
   164000.000000000       2.886245754920147E-007
   166000.000000000       2.816919650703679E-007
   168000.000000000       2.750043622928464E-007
   170000.000000000       2.685522381026073E-007
   172000.000000000       2.623208495956247E-007
   174000.000000000       2.563031169038194E-007
   176000.000000000       2.504900671016954E-007
   178000.000000000       2.448708192383040E-007
   180000.000000000       2.394701959761184E-007
   182000.000000000       2.342131491502542E-007
   184000.000000000       2.291280090910109E-007
   186000.000000000       2.242043992712750E-007
   188000.000000000       2.194383438453763E-007
   190000.000000000       2.148153023726043E-007
   192000.000000000       2.103442358716610E-007
   194000.000000000       2.060098629094280E-007
   196000.000000000       2.018064436515423E-007
   198000.000000000       1.977289445103008E-007
   200000.000000000       1.937733355378423E-007
   202000.000000000       1.899341012175101E-007
   204000.000000000       1.862059314633870E-007
   206000.000000000       1.825883649961195E-007
   208000.000000000       1.790717900846597E-007
   210000.000000000       1.756579778406733E-007
   212000.000000000       1.723384268423298E-007
   214000.000000000       1.691114751596611E-007
   216000.000000000       1.659747107618390E-007
   218000.000000000       1.629227315059605E-007
   220000.000000000       1.599551603297612E-007
   222000.000000000       1.570664545395473E-007
   224000.000000000       1.542550599709591E-007
   226000.000000000       1.515184647418709E-007
   228000.000000000       1.488528728331433E-007
   230000.000000000       1.462560699572635E-007
   232000.000000000       1.437292700576201E-007
   234000.000000000       1.412633871235173E-007
   236000.000000000       1.388611507979741E-007
   238000.000000000       1.365197445120672E-007
   240000.000000000       1.342364231858416E-007
   242000.000000000       1.320088540632379E-007
   244000.000000000       1.298372317891803E-007
   246000.000000000       1.277173356438471E-007
   248000.000000000       1.256498818170996E-007
   250000.000000000       1.236313857612874E-007
   252000.000000000       1.216613465180763E-007
   254000.000000000       1.197349581165914E-007
   256000.000000000       1.178573471497444E-007
   258000.000000000       1.160210037452490E-007
   260000.000000000       1.142267255391050E-007
   262000.000000000       1.124745749935701E-007
   264000.000000000       1.107613321828733E-007
   266000.000000000       1.090876840086942E-007
   268000.000000000       1.074514570050729E-007
   270000.000000000       1.058511721544271E-007
   272000.000000000       1.042857263812366E-007
   274000.000000000       1.027551950411505E-007
   276000.000000000       1.012575420055174E-007
   278000.000000000       9.979209308536027E-008
   280000.000000000       9.835808957867980E-008
   282000.000000000       9.695457952072931E-008
   284000.000000000       9.558058078103213E-008
   286000.000000000       9.423562576142353E-008
   288000.000000000       9.291857520275267E-008
   290000.000000000       9.162859649295278E-008
   292000.000000000       9.036532988468216E-008
   294000.000000000       8.912772101556571E-008
   296000.000000000       8.791523324193561E-008
   298000.000000000       8.672718011825331E-008
   300000.000000000       8.556305502541298E-008
