   40.0000000000000       5.578954240887431E-012
   43.3900000000000       1.518977284998432E-011
   46.7800000000000       5.695720290292026E-011
   65.1800000000000       1.044463984016685E-009
   83.5700000000000       4.900324937893222E-009
   101.960000000000       1.241082602017479E-008
   120.350000000000       1.460149037221960E-008
   138.750000000000       1.087533171395280E-009
   157.140000000000      -2.619076235333037E-008
   175.530000000000      -5.084788004274792E-008
   193.920000000000      -5.334300153104317E-008
   212.320000000000      -2.535719667609347E-008
   230.710000000000       2.624201687398661E-008
   249.100000000000       8.675648887963908E-008
   267.490000000000       1.426057839943659E-007
   285.880000000000       1.860945100615920E-007
   304.280000000000       2.154908402753293E-007
   322.670000000000       2.329106479258717E-007
   341.060000000000       2.420945387075855E-007
   359.450000000000       2.468251975314241E-007
   377.850000000000       2.502061042882462E-007
   396.240000000000       2.544351717929299E-007
   414.630000000000       2.608768065518183E-007
   433.020000000000       2.703043618136495E-007
   451.420000000000       2.830257536307372E-007
   469.810000000000       2.990382714981455E-007
   488.200000000000       3.181864848628694E-007
   506.590000000000       3.401888143438359E-007
   524.980000000000       3.647191241218991E-007
   543.380000000000       3.914435882441116E-007
   561.770000000000       4.199727538407787E-007
   580.160000000000       4.500039121303571E-007
   598.550000000000       4.812167273344394E-007
   616.950000000000       5.133574481152558E-007
   619.350000000000       5.176078289874242E-007
   635.340000000000       5.462564027349157E-007
   653.730000000000       5.797443385514032E-007
   672.120000000000       6.137977735750604E-007
   690.520000000000       6.484721831273283E-007
   694.350000000000       6.557856271112435E-007
   708.910000000000       6.838796765161802E-007
   727.300000000000       7.202703163235776E-007
   745.690000000000       7.579407375965429E-007
   764.080000000000       7.973013632614861E-007
   769.350000000000       8.089533554704052E-007
   781.850000000000       8.374359796946335E-007
   782.480000000000       8.389048554279340E-007
   794.350000000000       8.671983805981160E-007
   800.870000000000       8.832930918199699E-007
   806.850000000000       8.984825238760562E-007
   819.260000000000       9.312234764861221E-007
   819.350000000000       9.314568775690853E-007
   824.350000000000       9.451707786316244E-007
   829.350000000000       9.592338132632326E-007
   834.350000000000       9.736385728865663E-007
   837.650000000000       9.833349329314934E-007
   839.350000000000       9.883724029410157E-007
   844.350000000000       1.003545330371667E-006
   849.350000000000       1.019084934468500E-006
   854.350000000000       1.035036176999110E-006
   856.050000000000       1.040549974720776E-006
   859.350000000000       1.051420125153068E-006
   864.350000000000       1.068276643591753E-006
   869.350000000000       1.085592591146484E-006
   874.350000000000       1.103382703270951E-006
   874.440000000000       1.103696379239532E-006
   879.350000000000       1.121665370684057E-006
   884.350000000000       1.140496837979758E-006
   889.350000000000       1.159857434932369E-006
   892.830000000000       1.173662006000643E-006
   894.350000000000       1.179785687304866E-006
   899.350000000000       1.200282153273948E-006
   901.850000000000       1.210752395174541E-006
   904.350000000000       1.221381442767940E-006
   906.850000000000       1.232160976602637E-006
   909.350000000000       1.243083387085851E-006
   910.350000000000       1.247498644621763E-006
   911.220000000000       1.251420769626095E-006
   911.350000000000       1.252028064075884E-006
   912.350000000000       1.257466492163617E-006
   913.350000000000       1.267251943791913E-006
   914.350000000000       1.289073089031005E-006
   915.350000000000       1.330167484467081E-006
   916.350000000000       1.384089366749793E-006
   917.350000000000       1.421153237151249E-006
   917.450000000000       1.422529282642965E-006
   917.550000000000       1.423330025013602E-006
   917.650000000000       1.423607639380293E-006
   917.750000000000       1.423377077941455E-006
   917.850000000000       1.422589364878533E-006
   917.950000000000       1.421317010403610E-006
   918.050000000000       1.419592094493899E-006
   918.150000000000       1.417454971476478E-006
   918.250000000000       1.414951563375546E-006
   918.350000000000       1.412152429899401E-006
   918.450000000000       1.409042937969846E-006
   918.550000000000       1.405801705487768E-006
   918.650000000000       1.402392366172171E-006
   918.750000000000       1.398939202111790E-006
   918.850000000000       1.395450663890937E-006
   918.950000000000       1.392086702444257E-006
   919.050000000000       1.388773257285488E-006
   919.150000000000       1.385735832163312E-006
   919.250000000000       1.382960057250558E-006
   919.350000000000       1.380568898974728E-006
   919.450000000000       1.378571311640791E-006
   919.550000000000       1.377110479139011E-006
   919.650000000000       1.376068500483918E-006
   919.750000000000       1.375654530738382E-006
   919.850000000000       1.375721048437241E-006
   919.950000000000       1.376419169624230E-006
   920.050000000000       1.377718140965403E-006
   920.150000000000       1.379582979460132E-006
   920.160000000000       1.379839489004388E-006
   920.260000000000       1.382330921658152E-006
   920.360000000000       1.385429963280375E-006
   920.460000000000       1.389159639968958E-006
   920.560000000000       1.393359757675555E-006
   920.660000000000       1.398209668652039E-006
   920.760000000000       1.403414691802962E-006
   920.860000000000       1.409422039807241E-006
   920.960000000000       1.415386832424630E-006
   921.060000000000       1.422254333613064E-006
   921.160000000000       1.428917106189336E-006
   921.260000000000       1.436226158221649E-006
   921.360000000000       1.443685630567002E-006
   921.460000000000       1.451368724928379E-006
   921.560000000000       1.459267743991824E-006
   921.660000000000       1.467229096538235E-006
   921.760000000000       1.475497073442765E-006
   921.860000000000       1.483672737793787E-006
   921.960000000000       1.492430200230387E-006
   922.150000000000       1.508864694314896E-006
   922.250000000000       1.517395907913295E-006
   922.350000000000       1.526511695536678E-006
   922.450000000000       1.535667672282327E-006
   922.550000000000       1.545034783411673E-006
   922.650000000000       1.554633859283345E-006
   922.750000000000       1.564327394863003E-006
   922.850000000000       1.574380431746356E-006
   922.950000000000       1.584397709691443E-006
   923.050000000000       1.595027615268655E-006
   923.150000000000       1.605204728599370E-006
   923.250000000000       1.616070662699554E-006
   923.350000000000       1.626469072205289E-006
   923.450000000000       1.637199357785945E-006
   923.550000000000       1.647641994727768E-006
   923.650000000000       1.657995631874337E-006
   923.750000000000       1.668039752511597E-006
   923.850000000000       1.677624265765700E-006
   923.950000000000       1.686860779347878E-006
   924.050000000000       1.695393452028984E-006
   924.150000000000       1.703406838557527E-006
   924.250000000000       1.710585871278083E-006
   924.350000000000       1.717186131584054E-006
   924.450000000000       1.722820699358593E-006
   924.550000000000       1.727818451183088E-006
   924.650000000000       1.731977289289050E-006
   924.720000000000       1.734468117725903E-006
   924.820000000000       1.737535305206380E-006
   924.920000000000       1.739939523539088E-006
   925.020000000000       1.742022122952376E-006
   925.120000000000       1.743724154948506E-006
   925.220000000000       1.745468410743211E-006
   925.320000000000       1.747206128059384E-006
   925.420000000000       1.749300145068957E-006
   925.520000000000       1.751776291757682E-006
   925.620000000000       1.754993641901209E-006
   925.720000000000       1.759096603537618E-006
   925.820000000000       1.764184624503900E-006
   925.920000000000       1.770601762751094E-006
   926.020000000000       1.778224020735452E-006
   926.120000000000       1.787425363125478E-006
   926.220000000000       1.798108500225547E-006
   926.320000000000       1.810438221120211E-006
   926.420000000000       1.824277859490868E-006
   926.520000000000       1.839737012602323E-006
   926.620000000000       1.856527358302918E-006
   926.720000000000       1.874665689645338E-006
   926.820000000000       1.893893774710076E-006
   926.920000000000       1.914032141789104E-006
   927.020000000000       1.934932545161651E-006
   927.120000000000       1.956197489689598E-006
   927.220000000000       1.977615103166886E-006
   927.320000000000       1.998902756327953E-006
   927.420000000000       2.019773400269192E-006
   927.520000000000       2.039867360586751E-006
   927.620000000000       2.058926948257012E-006
   927.720000000000       2.076602823592917E-006
   927.820000000000       2.092680270221386E-006
   927.920000000000       2.106842473983858E-006
   928.020000000000       2.118856428828011E-006
   928.120000000000       2.128609659823019E-006
   928.220000000000       2.135870967473968E-006
   928.750000000000       2.130080566317901E-006
   928.850000000000       2.120861031670419E-006
   928.950000000000       2.109305460394877E-006
   929.050000000000       2.095775015993761E-006
   929.150000000000       2.080451574012988E-006
   929.250000000000       2.063590051716983E-006
   929.350000000000       2.045690538059743E-006
   929.450000000000       2.026910634629034E-006
   929.550000000000       2.007902623941080E-006
   929.650000000000       1.988833863463576E-006
   929.750000000000       1.970403261249132E-006
   929.850000000000       1.952774021413878E-006
   929.950000000000       1.936621829495122E-006
   930.050000000000       1.922084983138763E-006
   930.150000000000       1.909794773989279E-006
   930.250000000000       1.900011563218069E-006
   930.350000000000       1.892974251689191E-006
   930.450000000000       1.889268712474468E-006
   930.550000000000       1.888699564634816E-006
   930.650000000000       1.891976018051825E-006
   930.750000000000       1.898790076532741E-006
   930.850000000000       1.909603776509840E-006
   930.950000000000       1.924067955744795E-006
   931.050000000000       1.942576070585288E-006
   931.150000000000       1.964538398336641E-006
   931.250000000000       1.990193850198713E-006
   931.350000000000       2.019161589728475E-006
   931.450000000000       2.051182349011430E-006
   931.550000000000       2.086180518542855E-006
   931.650000000000       2.123509814769838E-006
   931.750000000000       2.163176024160271E-006
   931.850000000000       2.204509977369040E-006
   931.950000000000       2.247434347757832E-006
   932.050000000000       2.291292112839601E-006
   932.150000000000       2.335988165298856E-006
   932.250000000000       2.380861128752374E-006
   932.350000000000       2.425701694016319E-006
   932.450000000000       2.470238912099981E-006
   932.550000000000       2.513772860786981E-006
   932.650000000000       2.556604459299780E-006
   932.750000000000       2.597766514161631E-006
   933.750000000000       2.894308024719306E-006
   934.800000000000       2.902586708587713E-006
   935.800000000000       2.609366386287009E-006
   935.900000000000       2.567436084711302E-006
   936.000000000000       2.524071658795927E-006
   936.100000000000       2.480062215376542E-006
   936.200000000000       2.435108858246335E-006
   936.300000000000       2.390066367799918E-006
   936.400000000000       2.345109826971880E-006
   936.500000000000       2.300812397792334E-006
   936.600000000000       2.257561283129474E-006
   936.700000000000       2.215867610323883E-006
   936.800000000000       2.176143092746243E-006
   936.900000000000       2.138950329215505E-006
   937.000000000000       2.104559403337437E-006
   937.100000000000       2.073410918571648E-006
   937.200000000000       2.046284950248850E-006
   937.300000000000       2.023163830820799E-006
   937.400000000000       2.004488515378391E-006
   937.500000000000       1.990819359978894E-006
   937.600000000000       1.981869359718170E-006
   937.700000000000       1.978421121711623E-006
   937.800000000000       1.980188955856302E-006
   937.900000000000       1.987530790778901E-006
   938.000000000000       2.000203904536070E-006
   938.100000000000       2.018564112407615E-006
   938.200000000000       2.041898160289015E-006
   938.300000000000       2.070641988249414E-006
   938.400000000000       2.104196919222232E-006
   938.500000000000       2.142394305953416E-006
   938.600000000000       2.185134715719366E-006
   938.700000000000       2.231792747395360E-006
   938.800000000000       2.282101897378054E-006
   938.900000000000       2.335637566433695E-006
   939.000000000000       2.392087448876145E-006
   939.100000000000       2.450921960996726E-006
   939.200000000000       2.511859714593350E-006
   939.300000000000       2.574448887983317E-006
   939.400000000000       2.638123231124406E-006
   939.500000000000       2.702748934632228E-006
   939.600000000000       2.767587181730114E-006
   939.700000000000       2.832791663152461E-006
   939.800000000000       2.897598125556734E-006
   940.800000000000       3.480569933865535E-006
   941.800000000000       3.875095255418483E-006
   942.800000000000       4.082132596995378E-006
   944.740000000000       4.056748704852316E-006
   945.740000000000       3.849076883388085E-006
   946.740000000000       3.477724846355475E-006
   947.740000000000       2.923566779536586E-006
   947.840000000000       2.861889115748574E-006
   947.940000000000       2.799412786749352E-006
   948.040000000000       2.737401687281040E-006
   948.140000000000       2.675682656298565E-006
   948.240000000000       2.614592287582950E-006
   948.340000000000       2.555232919926002E-006
   948.440000000000       2.496691409861018E-006
   948.540000000000       2.441230432802781E-006
   948.640000000000       2.387225164319330E-006
   948.740000000000       2.337316351376526E-006
   948.840000000000       2.289648560659904E-006
   948.940000000000       2.246917182730950E-006
   949.040000000000       2.207433604798346E-006
   949.140000000000       2.173234032911211E-006
   949.240000000000       2.143888506045117E-006
   949.340000000000       2.119270527604775E-006
   949.440000000000       2.101380504791815E-006
   949.540000000000       2.087611651784445E-006
   949.640000000000       2.081516449705900E-006
   949.740000000000       2.080058300575309E-006
   949.840000000000       2.085890545773553E-006
   949.940000000000       2.096454738920808E-006
   950.040000000000       2.114765724555249E-006
   950.140000000000       2.137283990048086E-006
   950.240000000000       2.166755835645251E-006
   950.340000000000       2.201103229419111E-006
   950.440000000000       2.240620929606375E-006
   950.540000000000       2.285701337579744E-006
   950.640000000000       2.334304938330149E-006
   950.740000000000       2.388332204153948E-006
   950.840000000000       2.444963949463763E-006
   950.940000000000       2.506166194191233E-006
   951.040000000000       2.569370234215359E-006
   951.140000000000       2.636201347391433E-006
   951.240000000000       2.704437667300095E-006
   951.340000000000       2.775113054423863E-006
   951.440000000000       2.847072717717379E-006
   951.540000000000       2.920040711318958E-006
   951.640000000000       2.994435893570240E-006
   951.740000000000       3.068812056730480E-006
   952.740000000000       3.814323331376843E-006
   953.740000000000       4.555267474008928E-006
   954.740000000000       5.383438159078922E-006
   955.740000000000       6.314882831866011E-006
   956.740000000000       7.242411459070513E-006
   957.740000000000       8.042950617131557E-006
   958.740000000000       8.642250692693041E-006
   959.740000000000       9.001682344837389E-006
   962.540000000000       8.758410450237220E-006
   963.540000000000       8.207683369681285E-006
   964.540000000000       7.440995529691127E-006
   965.540000000000       6.575874759101015E-006
   966.540000000000       5.741557495773348E-006
   967.010000000000       5.386146843969764E-006
   967.540000000000       5.018709964787999E-006
   968.540000000000       4.398821650150940E-006
   969.540000000000       3.788753612498594E-006
   970.540000000000       3.100402965970801E-006
   970.640000000000       3.028737080720508E-006
   970.740000000000       2.957055529363281E-006
   970.840000000000       2.886090672593062E-006
   970.940000000000       2.816251563333864E-006
   971.040000000000       2.746907609956237E-006
   971.140000000000       2.680348782598108E-006
   971.240000000000       2.614331191227138E-006
   971.340000000000       2.552291050071822E-006
   971.440000000000       2.491447806881769E-006
   971.540000000000       2.435666410873940E-006
   971.640000000000       2.381725933589901E-006
   971.740000000000       2.333492848446615E-006
   971.840000000000       2.288213118454541E-006
   971.940000000000       2.248623195569223E-006
   972.040000000000       2.214096061840218E-006
   972.140000000000       2.183899350651373E-006
   972.240000000000       2.161247466395273E-006
   972.340000000000       2.141689020788825E-006
   972.440000000000       2.130849598940724E-006
   972.540000000000       2.123571867606640E-006
   972.640000000000       2.124561830136284E-006
   972.740000000000       2.129152787531499E-006
   972.840000000000       2.142472360388942E-006
   972.940000000000       2.158753964516254E-006
   973.040000000000       2.182779835191539E-006
   973.140000000000       2.210971233382245E-006
   973.240000000000       2.244495954550633E-006
   973.340000000000       2.283626320785351E-006
   973.440000000000       2.325751071545095E-006
   973.540000000000       2.374108018796350E-006
   973.640000000000       2.424225585248737E-006
   973.740000000000       2.480050126433825E-006
   973.840000000000       2.537129905898794E-006
   973.940000000000       2.599042923692224E-006
   974.040000000000       2.661728531839301E-006
   974.140000000000       2.728377480417860E-006
   974.240000000000       2.795896549201257E-006
   974.340000000000       2.865978701354526E-006
   974.440000000000       2.937384343132273E-006
   974.540000000000       3.010195631722982E-006
   975.540000000000       3.803955413226506E-006
   976.540000000000       4.747105261346260E-006
   977.540000000000       5.983913541705135E-006
   978.540000000000       7.768429812852895E-006
   979.540000000000       1.048271355605207E-005
   980.540000000000       1.449369582391590E-005
   981.540000000000       1.994945254508746E-005
   982.540000000000       2.674698409278038E-005
   985.040000000000       4.857523733822267E-005
   987.540000000000       7.413903153737662E-005
   990.040000000000       9.291463281102146E-005
   992.540000000000       1.080459529553988E-004
   997.540000000000       1.601093001249400E-004
   1000.72000000000       1.836072024645371E-004
   1005.72000000000       1.353502447220106E-004
   1008.22000000000       1.012191838712948E-004
   1010.72000000000       6.884836570841859E-005
   1013.22000000000       4.269056537008390E-005
   1015.72000000000       2.411656555599549E-005
   1016.72000000000       1.885468478756249E-005
   1017.72000000000       1.479405692331937E-005
   1018.72000000000       1.172453884131400E-005
   1019.72000000000       9.422373265810851E-006
   1020.72000000000       7.708841665221794E-006
   1021.72000000000       6.412651091476768E-006
   1022.72000000000       5.343132158130466E-006
   1022.80000000000       5.261193486371993E-006
   1023.72000000000       4.330927903727431E-006
   1023.82000000000       4.231704922572158E-006
   1023.92000000000       4.133144034417790E-006
   1024.02000000000       4.035877669604122E-006
   1024.12000000000       3.940963708857469E-006
   1024.22000000000       3.846748653375680E-006
   1024.32000000000       3.757057096525277E-006
   1024.42000000000       3.668282442306935E-006
   1024.52000000000       3.585486432243084E-006
   1024.62000000000       3.504397798395684E-006
   1024.72000000000       3.430613838242834E-006
   1024.82000000000       3.359345866388463E-006
   1024.92000000000       3.296633303290689E-006
   1025.02000000000       3.238021463867400E-006
   1025.12000000000       3.187569160521987E-006
   1025.22000000000       3.144474465500639E-006
   1025.32000000000       3.107730518055864E-006
   1025.42000000000       3.081747054504767E-006
   1025.52000000000       3.060501214040843E-006
   1025.62000000000       3.051839876112693E-006
   1025.72000000000       3.048583059908704E-006
   1025.82000000000       3.057110815187810E-006
   1025.92000000000       3.071306313126240E-006
   1026.02000000000       3.098119153997568E-006
   1026.12000000000       3.129476470829944E-006
   1026.22000000000       3.172133640690545E-006
   1026.32000000000       3.220908219549844E-006
   1026.42000000000       3.277650739946290E-006
   1026.52000000000       3.342456958648784E-006
   1026.62000000000       3.411775502184340E-006
   1026.72000000000       3.489920828478768E-006
   1026.82000000000       3.570886838398631E-006
   1026.92000000000       3.659595630276971E-006
   1027.02000000000       3.750175777375517E-006
   1027.12000000000       3.847287541651677E-006
   1027.22000000000       3.945379943095789E-006
   1027.32000000000       4.048521735319349E-006
   1027.42000000000       4.152474377163982E-006
   1027.52000000000       4.259436603216899E-006
   1027.62000000000       4.367590243920851E-006
   1027.72000000000       4.477000820000015E-006
   1028.72000000000       5.597981801621825E-006
   1029.72000000000       6.759236950945534E-006
   1030.72000000000       8.106657229191421E-006
   1031.72000000000       9.857319331217113E-006
   1032.72000000000       1.218714074852114E-005
   1033.72000000000       1.522274263665160E-005
   1034.72000000000       1.934108225008143E-005
   1035.72000000000       2.526527872749312E-005
   1038.22000000000       5.076130158027558E-005
   1040.72000000000       8.832944645954895E-005
   1043.22000000000       1.302209617046431E-004
   1045.72000000000       1.742311749640790E-004
   1050.72000000000       2.504006025427546E-004
   1055.72000000000       2.782965252919306E-004
   1060.72000000000       3.107712656696773E-004
   1065.72000000000       4.415529936246418E-004
   1070.72000000000       4.635170862323599E-004
   1075.72000000000       4.250307958707322E-004
   1078.59000000000       4.580225978428048E-004
   1080.72000000000       5.226790196682722E-004
   1085.72000000000       6.517555580647509E-004
   1090.72000000000       6.915619059935614E-004
   1095.72000000000       7.009573234559727E-004
   1100.72000000000       7.037833781087318E-004
   1105.72000000000       7.024980844832246E-004
   1110.72000000000       6.969653619721873E-004
   1115.72000000000       6.925203010814286E-004
   1125.67000000000       6.795425170040796E-004
   1130.67000000000       6.721561840016499E-004
   1134.38000000000       6.657405175387096E-004
   1135.67000000000       6.624501023811242E-004
   1140.67000000000       6.480950272232383E-004
   1145.67000000000       6.356995006435285E-004
   1150.67000000000       6.157061327477146E-004
   1155.67000000000       5.954135157184211E-004
   1160.67000000000       5.707001387460830E-004
   1165.67000000000       5.361394673308033E-004
   1170.67000000000       4.950593007430176E-004
   1175.67000000000       4.506099685963971E-004
   1180.67000000000       3.906335661791221E-004
   1185.67000000000       3.224388295104664E-004
   1190.17000000000       2.518897522112503E-004
   1190.67000000000       2.440031756291819E-004
   1195.67000000000       1.649513531786759E-004
   1198.17000000000       1.273146915521890E-004
   1200.67000000000       9.331868351145306E-005
   1203.17000000000       6.495460340482383E-005
   1205.67000000000       4.228967423000589E-005
   1206.67000000000       3.527738202133953E-005
   1207.67000000000       2.949131684022283E-005
   1208.67000000000       2.481465101170019E-005
   1209.67000000000       2.114306966088803E-005
   1210.67000000000       1.830836123598876E-005
   1211.67000000000       1.602359583584780E-005
   1212.67000000000       1.391779584298707E-005
   1213.67000000000       1.166398750385583E-005
   1213.77000000000       1.142978349430997E-005
   1213.87000000000       1.119705380172230E-005
   1213.97000000000       1.096702511227304E-005
   1214.07000000000       1.073625463105112E-005
   1214.17000000000       1.051499262239589E-005
   1214.27000000000       1.029104012423344E-005
   1214.37000000000       1.008290351580466E-005
   1214.47000000000       9.872353876262320E-006
   1214.57000000000       9.682156283689704E-006
   1214.67000000000       9.491718103720542E-006
   1214.77000000000       9.324679313450768E-006
   1214.87000000000       9.161621531958031E-006
   1214.97000000000       9.021274253637335E-006
   1215.07000000000       8.893746551510384E-006
   1215.17000000000       8.783450496708650E-006
   1215.27000000000       8.697213114625073E-006
   1215.37000000000       8.621127585697279E-006
   1215.47000000000       8.578112635731312E-006
   1215.57000000000       8.542441657870404E-006
   1215.67000000000       8.542302236649542E-006
   1215.77000000000       8.549555235380912E-006
   1215.87000000000       8.592106078582328E-006
   1215.97000000000       8.641745130099823E-006
   1216.07000000000       8.724651420140948E-006
   1216.17000000000       8.816586489606661E-006
   1216.27000000000       8.933103324652266E-006
   1216.37000000000       9.065307122152751E-006
   1216.47000000000       9.210322674273828E-006
   1216.57000000000       9.376739079795096E-006
   1216.67000000000       9.546745807717762E-006
   1216.77000000000       9.738825268782183E-006
   1216.87000000000       9.929754963365056E-006
   1216.97000000000       1.013953504715453E-005
   1217.07000000000       1.034576918647879E-005
   1217.17000000000       1.056625003232697E-005
   1217.27000000000       1.078223909668127E-005
   1217.37000000000       1.100648575231743E-005
   1217.47000000000       1.122722595097345E-005
   1217.57000000000       1.144961895187661E-005
   1217.67000000000       1.167035009511435E-005
   1218.67000000000       1.364994900817845E-005
   1219.67000000000       1.516386557380955E-005
   1220.67000000000       1.654751628456041E-005
   1221.67000000000       1.828240516535208E-005
   1222.67000000000       2.077862237878462E-005
   1223.67000000000       2.424316955200247E-005
   1224.67000000000       2.876084578193387E-005
   1225.67000000000       3.449014879075781E-005
   1228.17000000000       5.098699513526682E-005
   1230.67000000000       6.307384412735745E-005
   1233.17000000000       8.770911900486138E-005
   1235.67000000000       1.349248970592591E-004
   1240.67000000000       2.412628332007457E-004
   1245.67000000000       3.340423621891471E-004
   1245.96000000000       3.389350032646813E-004
   1250.67000000000       4.135491155226878E-004
   1255.67000000000       4.640789699552294E-004
   1260.67000000000       4.921999019394877E-004
   1265.67000000000       5.307159681451097E-004
   1270.67000000000       5.596620281283572E-004
   1275.67000000000       5.599944036879093E-004
   1280.67000000000       5.682393424330740E-004
   1282.67000000000       5.724115008010479E-004
   1284.41000000000       5.757541663707083E-004
   1290.51000000000       5.812979572151978E-004
   1295.16000000000       5.864105777446972E-004
   1299.70000000000       5.875057028713945E-004
   1303.88000000000       5.911061615265175E-004
   1307.75000000000       5.929891111513043E-004
   1312.15000000000       5.931965261508526E-004
   1315.57000000000       5.939575426504933E-004
   1319.09000000000       5.937855359660298E-004
   1323.63000000000       5.940933414937991E-004
   1328.39000000000       5.926914904796804E-004
   1332.36000000000       5.940426276533556E-004
   1336.24000000000       5.937514611850271E-004
   1339.88000000000       5.921480052533168E-004
   1344.41000000000       5.915265909999706E-004
   1348.38000000000       5.913227402667672E-004
   1353.23000000000       5.907570782411861E-004
   1356.50000000000       5.889381336019004E-004
   1360.88000000000       5.855240060496103E-004
   1365.13000000000       5.823794210046616E-004
   1369.04000000000       5.796574082890840E-004
   1373.49000000000       5.766709616688430E-004
   1376.93000000000       5.730318887446595E-004
   1379.68000000000       5.692093689672624E-004
   1382.98000000000       5.648587540827882E-004
   1385.71000000000       5.622965945301935E-004
   1387.44000000000       5.610884466179699E-004
   1388.84000000000       5.601917322415481E-004
   1389.80000000000       5.595530296885513E-004
   1390.86000000000       5.588144581012218E-004
   1392.37000000000       5.577370034264140E-004
   1393.76000000000       5.568251797806894E-004
   1395.38000000000       5.560308742154012E-004
   1396.44000000000       5.557724317067470E-004
   1397.28000000000       5.557574403942932E-004
   1399.00000000000       5.562785955834376E-004
   1400.40000000000       5.572566556150937E-004
   1401.56000000000       5.584273268214959E-004
   1401.85000000000       5.587637329707906E-004
   1402.92000000000       5.601093489349483E-004
   1403.77000000000       5.612604610757687E-004
   1404.69000000000       5.625348919596831E-004
   1405.85000000000       5.641341891129933E-004
   1407.00000000000       5.656547279857174E-004
   1408.61000000000       5.676024390407974E-004
   1409.90000000000       5.689645870905800E-004
   1410.62000000000       5.696447570812343E-004
   1411.56000000000       5.704425560740904E-004
   1412.85000000000       5.713876348876701E-004
   1414.49000000000       5.723539093873930E-004
   1415.45000000000       5.727934518726880E-004
   1416.53000000000       5.731788439545352E-004
   1417.51000000000       5.734520728927658E-004
   1418.36000000000       5.736405356736693E-004
   1419.80000000000       5.738506742898320E-004
   1421.24000000000       5.739255862829232E-004
   1424.04000000000       5.737581099391904E-004
   1424.20000000000       5.737368483789523E-004
   1426.43000000000       5.733242641465491E-004
   1428.22000000000       5.728755343301937E-004
   1429.78000000000       5.724253783989882E-004
   1432.70000000000       5.714899362249741E-004
   1434.35000000000       5.709251548248610E-004
   1436.47000000000       5.701992309632693E-004
   1438.46000000000       5.694946797306110E-004
   1441.90000000000       5.682286437869190E-004
   1444.65000000000       5.671896405720225E-004
   1447.85000000000       5.659568603100148E-004
   1453.29000000000       5.638276667479116E-004
   1458.14000000000       5.619121969708694E-004
   1463.09000000000       5.599518239631342E-004
   1467.92000000000       5.580408376998397E-004
   1473.30000000000       5.559233722315632E-004
   1480.00000000000       5.533000054268035E-004
   1487.26000000000       5.504774723818228E-004
   1495.19000000000       5.474287179486181E-004
   1503.23000000000       5.443724562810283E-004
   1508.91000000000       5.422350096777770E-004
   1515.04000000000       5.399508915254802E-004
   1519.62000000000       5.382554219155113E-004
   1526.20000000000       5.358410187770262E-004
   1531.77000000000       5.338158428842735E-004
   1537.68000000000       5.316863172044801E-004
   1543.69000000000       5.295415949261530E-004
   1550.70000000000       5.270638639657440E-004
   1556.93000000000       5.248854970320110E-004
   1562.17000000000       5.230678683896497E-004
   1569.62000000000       5.205103746170094E-004
   1576.07000000000       5.183184198040930E-004
   1581.96000000000       5.163349526350142E-004
   1588.63000000000       5.141143379433092E-004
   1595.74000000000       5.117716662743566E-004
   1598.96000000000       5.107192773385051E-004
   1602.73000000000       5.094963612525965E-004
   1606.62000000000       5.082407830082613E-004
   1611.61000000000       5.066410131562011E-004
   1615.27000000000       5.054749395204016E-004
   1618.70000000000       5.043885752667011E-004
   1622.04000000000       5.033354692215682E-004
   1624.30000000000       5.026257022315458E-004
   1626.89000000000       5.018156694759799E-004
   1630.38000000000       5.007292717019383E-004
   1634.43000000000       4.994762798248323E-004
   1638.80000000000       4.981308678325438E-004
   1644.19000000000       4.964821621692837E-004
   1650.79000000000       4.944824150453990E-004
   1657.27000000000       4.925366090962272E-004
   1664.08000000000       4.905087779983030E-004
   1673.34000000000       4.877847199524897E-004
   1682.82000000000       4.850328010201634E-004
   1689.74000000000       4.830476621148024E-004
   1696.20000000000       4.812111151981889E-004
   1703.23000000000       4.792311273801943E-004
   1709.58000000000       4.774590944865673E-004
   1713.03000000000       4.765027429098046E-004
   1720.60000000000       4.744199267271568E-004
   1728.51000000000       4.722677579711970E-004
   1735.98000000000       4.702541401049710E-004
   1745.23000000000       4.677915727105347E-004
   1756.48000000000       4.648348975672864E-004
   1768.52000000000       4.617190712118632E-004
   1776.87000000000       4.595866407620943E-004
   1787.90000000000       4.568054296067376E-004
   1800.49000000000       4.536777398317120E-004
   1811.07000000000       4.510873442886428E-004
   1820.10000000000       4.489034633163223E-004
   1830.02000000000       4.465312167251736E-004
   1838.71000000000       4.444752022370306E-004
   1849.19000000000       4.420251676467236E-004
   1859.00000000000       4.397608442112948E-004
   1869.14000000000       4.374477500443018E-004
   1882.40000000000       4.344635078023464E-004
   1892.10000000000       4.323102824096018E-004
   1902.46000000000       4.300379437778941E-004
   1911.49000000000       4.280782744533020E-004
   1927.99000000000       4.245485836515516E-004
   1936.91000000000       4.226687216434647E-004
   1946.26000000000       4.207165994278926E-004
   1957.85000000000       4.183254474992166E-004
   1965.66000000000       4.167304493638164E-004
   1975.13000000000       4.148169291785285E-004
   1980.59000000000       4.137211939546318E-004
   1986.94000000000       4.124540957707385E-004
   1993.29000000000       4.111965912534591E-004
   1999.66000000000       4.099441523137808E-004
   2000.00000000000       4.098776878613660E-004
   2025.00000000000       4.050389535198136E-004
   2050.20000000000       4.002894967188494E-004
   2050.30000000000       4.002700417529551E-004
   2075.00000000000       3.957258670305499E-004
   2100.00000000000       3.912361635711044E-004
   2120.00000000000       3.877210252426428E-004
   2140.00000000000       3.842716540409734E-004
   2160.00000000000       3.808858009221370E-004
   2180.00000000000       3.775613507591735E-004
   2200.00000000000       3.742963700933364E-004
   2220.00000000000       3.710928957795334E-004
   2240.00000000000       3.679387971738529E-004
   2250.00000000000       3.663829297267595E-004
   2282.00000000000       3.614899121424326E-004
   2290.16000000000       3.602616510820429E-004
   2305.95000000000       3.579124452402974E-004
   2361.74000000000       3.498445243354035E-004
   2417.53000000000       3.421246373790260E-004
   2473.32000000000       3.347258454554617E-004
   2529.11000000000       3.276238630495633E-004
   2584.90000000000       3.207992526230690E-004
   2640.69000000000       3.142321567053785E-004
   2696.48000000000       3.079064026060229E-004
   2752.27000000000       3.018078288737514E-004
   2808.06000000000       2.959210915454370E-004
   2863.84000000000       2.902352892508127E-004
   2919.63000000000       2.847372547969440E-004
   2975.42000000000       2.794166814756006E-004
   3031.21000000000       2.742661761249370E-004
   3087.00000000000       2.692744345077193E-004
   3142.79000000000       2.644351072880224E-004
   3198.58000000000       2.597389079078826E-004
   3254.37000000000       2.551809061978485E-004
   3310.16000000000       2.507531894928716E-004
   3365.95000000000       2.464507900664457E-004
   3421.74000000000       2.422666304682648E-004
   3450.15000000000       2.401810657317011E-004
   3477.53000000000       2.381982353436790E-004
   3525.15000000000       2.348118094506654E-004
   3533.32000000000       2.342379970655368E-004
   3589.10000000000       2.303843441470128E-004
   3600.15000000000       2.296315507697819E-004
   3612.65000000000       2.287869070931482E-004
   3625.15000000000       2.279464748470181E-004
   3637.65000000000       2.271107994444376E-004
   3644.89000000000       2.266243970859300E-004
   3650.15000000000       2.262371527755784E-004
   3655.15000000000       2.258986731268860E-004
   3660.15000000000       2.255644091568547E-004
   3665.15000000000       2.252317027543894E-004
   3670.15000000000       2.248981408589736E-004
   3675.15000000000       2.245648981565191E-004
   3680.15000000000       2.242306824577089E-004
   3685.15000000000       2.238963048368622E-004
   3690.15000000000       2.235609721831444E-004
   3695.15000000000       2.232253833108193E-004
   3700.15000000000       2.228902081530135E-004
   3705.15000000000       2.225689387840794E-004
   3710.15000000000       2.222504504705176E-004
   3715.15000000000       2.219431499605269E-004
   3720.15000000000       2.216488065680434E-004
   3725.15000000000       2.213620208109574E-004
   3730.15000000000       2.210721381061933E-004
   3732.65000000000       2.209211360823017E-004
   3735.15000000000       2.207587859804442E-004
   3737.65000000000       2.205832456896373E-004
   3737.88000000000       2.205665512493325E-004
   3740.15000000000       2.203839952106014E-004
   3741.15000000000       2.202955743900802E-004
   3742.15000000000       2.202028118096820E-004
   3743.15000000000       2.201060840923115E-004
   3744.15000000000       2.200056314552131E-004
   3745.15000000000       2.199027138080247E-004
   3746.15000000000       2.197985014996203E-004
   3747.15000000000       2.196978558887753E-004
   3748.15000000000       2.196026689464681E-004
   3748.25000000000       2.195935759192133E-004
   3748.35000000000       2.195842978163654E-004
   3748.45000000000       2.195754810658410E-004
   3748.55000000000       2.195667526514303E-004
   3748.65000000000       2.195576656788417E-004
   3748.75000000000       2.195494919127539E-004
   3748.85000000000       2.195418388594556E-004
   3748.95000000000       2.195334042670415E-004
   3749.05000000000       2.195250743161962E-004
   3749.15000000000       2.195174888845901E-004
   3749.25000000000       2.195096498236033E-004
   3749.35000000000       2.195023821418295E-004
   3749.45000000000       2.194948231286420E-004
   3749.55000000000       2.194873230761772E-004
   3749.65000000000       2.194808539556372E-004
   3749.75000000000       2.194731516164971E-004
   3749.85000000000       2.194668286881679E-004
   3749.95000000000       2.194604534647910E-004
   3750.05000000000       2.194537611461588E-004
   3750.15000000000       2.194476833089034E-004
   3750.25000000000       2.194421623832297E-004
   3750.35000000000       2.194357332014487E-004
   3750.45000000000       2.194300388376854E-004
   3750.55000000000       2.194242610550488E-004
   3750.65000000000       2.194184911159103E-004
   3750.75000000000       2.194135455380805E-004
   3750.85000000000       2.194082982434602E-004
   3750.95000000000       2.194040987679156E-004
   3751.05000000000       2.193982774283450E-004
   3751.15000000000       2.193933952048478E-004
   3751.25000000000       2.193896988846730E-004
   3751.35000000000       2.193845871182758E-004
   3751.45000000000       2.193802053927802E-004
   3751.55000000000       2.193751526061112E-004
   3751.65000000000       2.193725319594143E-004
   3751.75000000000       2.193678739295939E-004
   3751.85000000000       2.193645775364285E-004
   3751.95000000000       2.193614437063054E-004
   3752.05000000000       2.193563946493340E-004
   3752.15000000000       2.193530355492966E-004
   3753.15000000000       2.193206896379144E-004
   3754.15000000000       2.192913373398443E-004
   3755.15000000000       2.192604411352639E-004
   3756.15000000000       2.192223632832612E-004
   3757.15000000000       2.191760041645336E-004
   3758.15000000000       2.191164722735571E-004
   3759.15000000000       2.190467461062568E-004
   3760.15000000000       2.189598087348681E-004
   3760.63000000000       2.189130031952278E-004
   3761.63000000000       2.188046452832030E-004
   3762.63000000000       2.186820164333817E-004
   3763.63000000000       2.185491549469130E-004
   3764.63000000000       2.184065077058213E-004
   3765.63000000000       2.182562051208562E-004
   3766.63000000000       2.181008245995909E-004
   3767.63000000000       2.179502523080848E-004
   3768.63000000000       2.178160052849799E-004
   3768.73000000000       2.178047026556917E-004
   3768.83000000000       2.177933560304508E-004
   3768.93000000000       2.177819203092707E-004
   3769.03000000000       2.177708033142510E-004
   3769.13000000000       2.177608714769320E-004
   3769.23000000000       2.177504721459006E-004
   3769.33000000000       2.177410470199257E-004
   3769.43000000000       2.177318803838086E-004
   3769.53000000000       2.177224255480214E-004
   3769.63000000000       2.177146391506410E-004
   3769.73000000000       2.177065653313157E-004
   3769.83000000000       2.176993269985060E-004
   3769.93000000000       2.176918089266940E-004
   3770.03000000000       2.176858682594224E-004
   3770.13000000000       2.176797268035584E-004
   3770.23000000000       2.176744489438267E-004
   3770.33000000000       2.176689115870395E-004
   3770.43000000000       2.176647550411703E-004
   3770.53000000000       2.176604864789967E-004
   3770.63000000000       2.176571350285792E-004
   3770.73000000000       2.176544119924925E-004
   3770.83000000000       2.176518267367493E-004
   3770.93000000000       2.176497895005708E-004
   3771.03000000000       2.176480357675565E-004
   3771.13000000000       2.176471169346422E-004
   3771.23000000000       2.176471546739691E-004
   3771.33000000000       2.176473192000362E-004
   3771.43000000000       2.176483407594059E-004
   3771.53000000000       2.176493307620190E-004
   3771.63000000000       2.176506924280168E-004
   3771.73000000000       2.176520333709131E-004
   3771.83000000000       2.176549035758520E-004
   3771.93000000000       2.176572882725825E-004
   3772.03000000000       2.176603180752805E-004
   3772.13000000000       2.176642416598476E-004
   3772.23000000000       2.176683612889868E-004
   3772.33000000000       2.176724461264263E-004
   3772.43000000000       2.176774736394011E-004
   3772.53000000000       2.176825675037940E-004
   3772.63000000000       2.176877637909064E-004
   3773.63000000000       2.177546773006521E-004
   3774.63000000000       2.178350851990190E-004
   3775.63000000000       2.179152165617381E-004
   3776.63000000000       2.179856902484881E-004
   3777.63000000000       2.180403351215998E-004
   3778.63000000000       2.180770317292471E-004
   3779.63000000000       2.180919417843235E-004
   3780.63000000000       2.180800136514875E-004
   3783.13000000000       2.179359251080424E-004
   3785.40000000000       2.176539660607983E-004
   3787.90000000000       2.171706271600135E-004
   3788.90000000000       2.169291827224157E-004
   3789.90000000000       2.166638279226055E-004
   3790.90000000000       2.163794366115620E-004
   3791.90000000000       2.160763265562932E-004
   3792.90000000000       2.157601214372107E-004
   3793.90000000000       2.154378377921104E-004
   3794.90000000000       2.151302900546936E-004
   3795.90000000000       2.148677322732781E-004
   3796.00000000000       2.148444563353261E-004
   3796.10000000000       2.148239962779589E-004
   3796.20000000000       2.148042117324075E-004
   3796.30000000000       2.147846804344168E-004
   3796.40000000000       2.147661925272247E-004
   3796.50000000000       2.147497754196052E-004
   3796.60000000000       2.147338929923619E-004
   3796.70000000000       2.147192433032432E-004
   3796.80000000000       2.147047712288903E-004
   3796.90000000000       2.146934361112147E-004
   3797.00000000000       2.146822838197680E-004
   3797.10000000000       2.146724643702452E-004
   3797.20000000000       2.146645099082450E-004
   3797.30000000000       2.146581271492044E-004
   3797.40000000000       2.146529362005413E-004
   3797.50000000000       2.146490018552839E-004
   3797.60000000000       2.146469355293828E-004
   3797.70000000000       2.146455487232455E-004
   3797.80000000000       2.146465964133683E-004
   3797.90000000000       2.146484484976270E-004
   3798.00000000000       2.146525784523633E-004
   3798.10000000000       2.146581613142003E-004
   3798.20000000000       2.146646851042914E-004
   3798.30000000000       2.146726974067427E-004
   3798.40000000000       2.146821652183734E-004
   3798.50000000000       2.146933841216696E-004
   3798.60000000000       2.147071560263586E-004
   3798.70000000000       2.147201895183466E-004
   3798.80000000000       2.147368836883493E-004
   3798.90000000000       2.147529481134792E-004
   3799.00000000000       2.147713151693739E-004
   3799.10000000000       2.147905295599914E-004
   3799.20000000000       2.148106128117352E-004
   3799.30000000000       2.148333972936877E-004
   3799.40000000000       2.148563437589003E-004
   3799.50000000000       2.148797993948281E-004
   3799.60000000000       2.149056056099421E-004
   3799.70000000000       2.149315733585045E-004
   3799.80000000000       2.149583640754714E-004
   3799.90000000000       2.149866594373718E-004
   3800.90000000000       2.153072131413603E-004
   3801.90000000000       2.156709474909094E-004
   3802.90000000000       2.160456581232738E-004
   3803.90000000000       2.164100389635243E-004
   3804.90000000000       2.167533519740165E-004
   3805.90000000000       2.170731558993777E-004
   3806.90000000000       2.173649247159938E-004
   3807.90000000000       2.176205499198965E-004
   3810.40000000000       2.180850919519835E-004
   3812.90000000000       2.182638322913497E-004
   3815.40000000000       2.181173113850654E-004
   3817.89000000000       2.176099609785253E-004
   3820.39000000000       2.167320741304634E-004
   3822.89000000000       2.155081708851994E-004
   3825.39000000000       2.139600309109378E-004
   3826.39000000000       2.132636386500572E-004
   3827.39000000000       2.125346610386447E-004
   3828.39000000000       2.117812544538421E-004
   3829.39000000000       2.110044331487902E-004
   3830.39000000000       2.102042747845260E-004
   3830.86000000000       2.098238501879913E-004
   3831.39000000000       2.093983400242884E-004
   3832.39000000000       2.086261111678014E-004
   3833.39000000000       2.079599653088730E-004
   3833.49000000000       2.079029820871102E-004
   3833.59000000000       2.078484893365380E-004
   3833.69000000000       2.077970096123496E-004
   3833.79000000000       2.077488750757561E-004
   3833.89000000000       2.077014520418153E-004
   3833.99000000000       2.076576053723229E-004
   3834.09000000000       2.076162017205994E-004
   3834.19000000000       2.075785506990839E-004
   3834.29000000000       2.075443157718954E-004
   3834.39000000000       2.075127699354243E-004
   3834.49000000000       2.074854421298600E-004
   3834.59000000000       2.074614816607009E-004
   3834.69000000000       2.074405832046461E-004
   3834.79000000000       2.074236690452605E-004
   3834.89000000000       2.074107267707563E-004
   3834.99000000000       2.074024122462357E-004
   3835.09000000000       2.073980007696387E-004
   3835.19000000000       2.073962499610594E-004
   3835.29000000000       2.074001604826757E-004
   3835.39000000000       2.074060495054774E-004
   3835.49000000000       2.074179335863120E-004
   3835.59000000000       2.074339533791323E-004
   3835.69000000000       2.074533368117324E-004
   3835.79000000000       2.074767224476050E-004
   3835.89000000000       2.075041421497164E-004
   3835.99000000000       2.075353427383325E-004
   3836.09000000000       2.075713300320126E-004
   3836.19000000000       2.076105389813066E-004
   3836.29000000000       2.076537422684561E-004
   3836.39000000000       2.076992996897263E-004
   3836.49000000000       2.077493979474804E-004
   3836.59000000000       2.078024148302056E-004
   3836.69000000000       2.078590329528098E-004
   3836.79000000000       2.079185371169441E-004
   3836.89000000000       2.079813168433987E-004
   3836.99000000000       2.080477855296345E-004
   3837.09000000000       2.081148293549935E-004
   3837.19000000000       2.081862758602983E-004
   3837.29000000000       2.082594331313285E-004
   3837.39000000000       2.083354193102088E-004
   3838.39000000000       2.091924483043814E-004
   3839.39000000000       2.101607223410337E-004
   3840.39000000000       2.111667793583865E-004
   3841.39000000000       2.121699645441580E-004
   3842.39000000000       2.131541310902525E-004
   3843.39000000000       2.141172173833375E-004
   3844.39000000000       2.150573443147062E-004
   3845.39000000000       2.159650097351229E-004
   3847.89000000000       2.180360219202155E-004
   3850.39000000000       2.197547888850562E-004
   3852.89000000000       2.210721582868435E-004
   3855.39000000000       2.218966285534530E-004
   3860.39000000000       2.221665795439246E-004
   3864.05000000000       2.211045392106231E-004
   3869.05000000000       2.178330300523289E-004
   3871.55000000000       2.154134527410267E-004
   3874.05000000000       2.124545054440476E-004
   3876.55000000000       2.090853472862310E-004
   3879.05000000000       2.053014960552622E-004
   3880.05000000000       2.036736951789200E-004
   3881.05000000000       2.019945322962567E-004
   3882.05000000000       2.002808867524804E-004
   3883.05000000000       1.985318449597582E-004
   3884.05000000000       1.967401450072799E-004
   3885.05000000000       1.949192295333069E-004
   3886.05000000000       1.931424818446847E-004
   3887.05000000000       1.915793333727691E-004
   3887.15000000000       1.914438374774457E-004
   3887.25000000000       1.913140135076981E-004
   3887.35000000000       1.911892561501828E-004
   3887.45000000000       1.910697271369685E-004
   3887.55000000000       1.909566024487423E-004
   3887.65000000000       1.908502900902855E-004
   3887.75000000000       1.907497045159682E-004
   3887.85000000000       1.906555528197024E-004
   3887.95000000000       1.905691616621525E-004
   3888.05000000000       1.904898727306791E-004
   3888.15000000000       1.904182295869172E-004
   3888.25000000000       1.903541482795249E-004
   3888.35000000000       1.902979169281484E-004
   3888.45000000000       1.902494368248285E-004
   3888.55000000000       1.902104852159745E-004
   3888.65000000000       1.901781879315372E-004
   3888.75000000000       1.901555617672800E-004
   3888.85000000000       1.901409864386523E-004
   3888.95000000000       1.901355691051342E-004
   3889.05000000000       1.901389336007169E-004
   3889.15000000000       1.901505849201434E-004
   3889.25000000000       1.901714025355567E-004
   3889.35000000000       1.902009553001481E-004
   3889.45000000000       1.902380150194890E-004
   3889.55000000000       1.902845651372595E-004
   3889.65000000000       1.903394815364016E-004
   3889.75000000000       1.904025259301780E-004
   3889.85000000000       1.904735148605198E-004
   3889.95000000000       1.905529093174759E-004
   3890.05000000000       1.906399904532182E-004
   3890.15000000000       1.907343599746485E-004
   3890.25000000000       1.908369785188302E-004
   3890.35000000000       1.909460841887237E-004
   3890.45000000000       1.910613370488726E-004
   3890.55000000000       1.911843643375954E-004
   3890.65000000000       1.913129916238321E-004
   3890.75000000000       1.914481025937201E-004
   3890.85000000000       1.915881924814415E-004
   3890.95000000000       1.917341516563452E-004
   3891.05000000000       1.918856362622391E-004
   3892.05000000000       1.936147684470108E-004
   3893.05000000000       1.955688675020100E-004
   3894.05000000000       1.975817986968874E-004
   3895.05000000000       1.995795345787752E-004
   3896.05000000000       2.015505694265678E-004
   3897.05000000000       2.035044148668548E-004
   3898.05000000000       2.054425077195875E-004
   3899.05000000000       2.073496029684351E-004
   3901.55000000000       2.119106285363668E-004
   3904.05000000000       2.161662157589523E-004
   3906.55000000000       2.201230993490112E-004
   3909.05000000000       2.236452995301428E-004
   3914.05000000000       2.292944191326105E-004
   3919.05000000000       2.330479383829075E-004
   3923.84000000000       2.349200497089857E-004
   3924.05000000000       2.349635080379886E-004
   3929.05000000000       2.351121995476502E-004
   3930.07000000000       2.349033217586188E-004
   3935.07000000000       2.326196082486825E-004
   3940.07000000000       2.281543249979838E-004
   3945.07000000000       2.212540139919635E-004
   3950.07000000000       2.120358424096369E-004
   3952.57000000000       2.067232898417782E-004
   3955.07000000000       2.009307323452379E-004
   3957.57000000000       1.946626787450625E-004
   3960.07000000000       1.879132005315539E-004
   3961.07000000000       1.851150049292549E-004
   3962.07000000000       1.822941761844956E-004
   3963.07000000000       1.794602278447058E-004
   3964.07000000000       1.765930982662721E-004
   3965.07000000000       1.736526326715219E-004
   3966.07000000000       1.706173366121352E-004
   3967.07000000000       1.675137211975634E-004
   3968.07000000000       1.645133503960565E-004
   3968.17000000000       1.642348606914107E-004
   3968.27000000000       1.639635216611476E-004
   3968.37000000000       1.636992092996485E-004
   3968.47000000000       1.634430076757385E-004
   3968.57000000000       1.631966469231372E-004
   3968.67000000000       1.629599760491717E-004
   3968.77000000000       1.627338303969977E-004
   3968.87000000000       1.625206814530771E-004
   3968.97000000000       1.623196850461292E-004
   3969.07000000000       1.621329778971323E-004
   3969.17000000000       1.619601730792346E-004
   3969.27000000000       1.618034393174732E-004
   3969.37000000000       1.616635479961207E-004
   3969.47000000000       1.615398693467110E-004
   3969.57000000000       1.614341713706769E-004
   3969.67000000000       1.613473127519809E-004
   3969.77000000000       1.612783049932578E-004
   3969.87000000000       1.612294980969264E-004
   3969.97000000000       1.611996930945120E-004
   3970.07000000000       1.611900669752473E-004
   3970.17000000000       1.611994529118355E-004
   3970.27000000000       1.612285498638011E-004
   3970.37000000000       1.612776158221469E-004
   3970.47000000000       1.613460360024476E-004
   3970.57000000000       1.614323859853289E-004
   3970.67000000000       1.615382117203133E-004
   3970.77000000000       1.616608583824992E-004
   3970.87000000000       1.618008833324965E-004
   3970.97000000000       1.619576615353726E-004
   3971.07000000000       1.621293178063032E-004
   3971.17000000000       1.623164107662292E-004
   3971.27000000000       1.625168496805850E-004
   3971.37000000000       1.627301795492538E-004
   3971.47000000000       1.629556235947285E-004
   3971.57000000000       1.631925074051922E-004
   3971.67000000000       1.634385989014751E-004
   3971.77000000000       1.636944022323320E-004
   3971.87000000000       1.639581526826233E-004
   3971.97000000000       1.642298420964041E-004
   3972.07000000000       1.645082019900146E-004
   3973.07000000000       1.675088024978374E-004
   3974.07000000000       1.706160181048328E-004
   3975.07000000000       1.736593041071339E-004
   3976.07000000000       1.766129582334003E-004
   3977.07000000000       1.795010262830729E-004
   3978.07000000000       1.823640760969652E-004
   3979.07000000000       1.852262301248603E-004
   3980.07000000000       1.880790558608845E-004
   3982.57000000000       1.950272658427234E-004
   3985.07000000000       2.015999984516995E-004
   3987.57000000000       2.078259919689190E-004
   3990.07000000000       2.137326212703383E-004
   3995.07000000000       2.245817885294774E-004
   4000.00000000000       2.335645835317626E-004
   4000.07000000000       2.336784850171577E-004
   4005.07000000000       2.408342084534313E-004
   4010.07000000000       2.461920784334680E-004
   4015.07000000000       2.500191600338884E-004
   4016.82000000000       2.510652394478406E-004
   4020.07000000000       2.525953103124464E-004
   4025.07000000000       2.542151621815864E-004
   4030.07000000000       2.550463402165534E-004
   4035.07000000000       2.551404584467451E-004
   4036.73000000000       2.549902964432131E-004
   4041.73000000000       2.539498139962220E-004
   4046.73000000000       2.519388836160959E-004
   4051.73000000000       2.487199503107574E-004
   4056.73000000000       2.440296167349557E-004
   4061.73000000000       2.376827580577520E-004
   4066.73000000000       2.297389302056913E-004
   4071.73000000000       2.206689757263554E-004
   4076.73000000000       2.108018699367654E-004
   4081.73000000000       1.994756324233615E-004
   4084.23000000000       1.930014413329232E-004
   4086.73000000000       1.860103299957778E-004
   4089.23000000000       1.786664590429405E-004
   4091.73000000000       1.709430558513455E-004
   4092.73000000000       1.677194694861755E-004
   4093.73000000000       1.644016160368527E-004
   4094.73000000000       1.609766580001348E-004
   4095.73000000000       1.574178420514713E-004
   4096.73000000000       1.536873346030116E-004
   4097.73000000000       1.497525141142662E-004
   4098.73000000000       1.456476517310918E-004
   4099.73000000000       1.416728259889323E-004
   4099.83000000000       1.413081375823302E-004
   4099.93000000000       1.409527523649074E-004
   4100.03000000000       1.406093511148944E-004
   4100.13000000000       1.402776166750263E-004
   4100.23000000000       1.399584321154226E-004
   4100.33000000000       1.396541499293711E-004
   4100.43000000000       1.393648877114548E-004
   4100.53000000000       1.390914692920224E-004
   4100.63000000000       1.388364354274147E-004
   4100.73000000000       1.385988595678231E-004
   4100.83000000000       1.383813687760608E-004
   4100.93000000000       1.381835340641449E-004
   4101.03000000000       1.380060298932990E-004
   4101.13000000000       1.378517016439160E-004
   4101.23000000000       1.377191207520640E-004
   4101.33000000000       1.376096937428012E-004
   4101.43000000000       1.375243285440948E-004
   4101.53000000000       1.374627872831057E-004
   4101.63000000000       1.374251174189177E-004
   4101.73000000000       1.374124636371284E-004
   4101.83000000000       1.374229287319951E-004
   4101.93000000000       1.374581917689637E-004
   4102.03000000000       1.375176908763763E-004
   4102.13000000000       1.376010855145715E-004
   4102.23000000000       1.377073294100138E-004
   4102.33000000000       1.378378364745334E-004
   4102.43000000000       1.379903972441607E-004
   4102.53000000000       1.381644275005378E-004
   4102.63000000000       1.383600531060422E-004
   4102.73000000000       1.385761042440621E-004
   4102.83000000000       1.388104213815257E-004
   4102.93000000000       1.390635809306464E-004
   4103.03000000000       1.393342413999473E-004
   4103.13000000000       1.396210313534862E-004
   4103.23000000000       1.399233035277964E-004
   4103.33000000000       1.402393357687026E-004
   4103.43000000000       1.405690819214959E-004
   4103.53000000000       1.409094169319846E-004
   4103.63000000000       1.412625931757209E-004
   4103.73000000000       1.416239640282200E-004
   4104.73000000000       1.455702378773373E-004
   4105.73000000000       1.496412778562769E-004
   4106.73000000000       1.535398535355820E-004
   4107.73000000000       1.572318282163877E-004
   4108.73000000000       1.607482734656296E-004
   4109.73000000000       1.641282436248521E-004
   4109.80000000000       1.643608797987903E-004
   4110.73000000000       1.673993612710076E-004
   4111.73000000000       1.705744526011989E-004
   4114.23000000000       1.781716388560299E-004
   4116.73000000000       1.853906199560220E-004
   4119.23000000000       1.922631895419144E-004
   4121.73000000000       1.986374693261385E-004
   4126.73000000000       2.098336824903725E-004
   4131.73000000000       2.197152054251045E-004
   4136.73000000000       2.290261091579251E-004
   4141.73000000000       2.374779517869766E-004
   4146.73000000000       2.445858542417524E-004
   4151.73000000000       2.502507065378133E-004
   4156.73000000000       2.546245652077622E-004
   4161.73000000000       2.579486931762303E-004
   4166.73000000000       2.604476471530975E-004
   4171.73000000000       2.623192620916145E-004
   4176.73000000000       2.637153070707198E-004
   4181.73000000000       2.647445812798722E-004
   4186.73000000000       2.654904339019060E-004
   4191.73000000000       2.660138582833286E-004
   4196.73000000000       2.663611052970117E-004
   4201.73000000000       2.665603095909749E-004
   4202.79000000000       2.665793482324246E-004
   4214.23000000000       2.664933516164455E-004
   4227.96000000000       2.655961750289129E-004
   4240.46000000000       2.638716848212880E-004
   4245.46000000000       2.628534091270706E-004
   4250.46000000000       2.615676161054230E-004
   4255.46000000000       2.599677804197453E-004
   4260.46000000000       2.579854811121825E-004
   4265.46000000000       2.555411797406667E-004
   4270.46000000000       2.525480089756649E-004
   4275.46000000000       2.489184954451259E-004
   4280.46000000000       2.445967200564119E-004
   4285.46000000000       2.395772224022337E-004
   4290.46000000000       2.339253656549354E-004
   4295.46000000000       2.277192248850854E-004
   4295.77000000000       2.273153500878502E-004
   4300.46000000000       2.208785314876350E-004
   4305.46000000000       2.132584630942118E-004
   4310.46000000000       2.046953434308261E-004
   4315.46000000000       1.950132079883390E-004
   4320.46000000000       1.840491955020657E-004
   4322.96000000000       1.780514690556401E-004
   4325.46000000000       1.716670472167433E-004
   4327.96000000000       1.649049646815598E-004
   4330.46000000000       1.576972236232495E-004
   4331.46000000000       1.546561361970431E-004
   4332.46000000000       1.514945624000776E-004
   4333.46000000000       1.481813289044810E-004
   4334.46000000000       1.446680565710411E-004
   4335.46000000000       1.408732955346594E-004
   4336.46000000000       1.366732072375992E-004
   4337.46000000000       1.319175448332170E-004
   4338.46000000000       1.266663376931129E-004
   4338.56000000000       1.261400724226158E-004
   4338.66000000000       1.256187739232081E-004
   4338.76000000000       1.251070875488396E-004
   4338.86000000000       1.246039930596349E-004
   4338.96000000000       1.241142041225567E-004
   4339.06000000000       1.236379108001655E-004
   4339.16000000000       1.231791749236918E-004
   4339.26000000000       1.227405046195429E-004
   4339.36000000000       1.223243560245966E-004
   4339.46000000000       1.219332776782235E-004
   4339.56000000000       1.215705286980269E-004
   4339.66000000000       1.212375934913124E-004
   4339.76000000000       1.209378800193938E-004
   4339.86000000000       1.206722968370161E-004
   4339.96000000000       1.204441046943485E-004
   4340.06000000000       1.202542779488738E-004
   4340.16000000000       1.201045751568457E-004
   4340.26000000000       1.199964690417981E-004
   4340.36000000000       1.199305345764649E-004
   4340.46000000000       1.199081590535028E-004
   4340.56000000000       1.199283937268993E-004
   4340.66000000000       1.199924283858807E-004
   4340.76000000000       1.200982694079198E-004
   4340.86000000000       1.202449960717411E-004
   4340.96000000000       1.204322309798711E-004
   4341.06000000000       1.206589701498447E-004
   4341.16000000000       1.209213430091115E-004
   4341.26000000000       1.212192630066747E-004
   4341.36000000000       1.215500128860133E-004
   4341.46000000000       1.219104968477771E-004
   4341.56000000000       1.222987014886637E-004
   4341.66000000000       1.227115642255631E-004
   4341.76000000000       1.231487186803222E-004
   4341.86000000000       1.236041608097851E-004
   4341.96000000000       1.240781028342476E-004
   4342.06000000000       1.245656199664898E-004
   4342.16000000000       1.250655311147212E-004
   4342.26000000000       1.255753521878729E-004
   4342.36000000000       1.260931302481014E-004
   4342.46000000000       1.266169289045255E-004
   4343.46000000000       1.318375314934605E-004
   4344.46000000000       1.365588967837724E-004
   4345.46000000000       1.407192748099681E-004
   4346.46000000000       1.444726127024419E-004
   4347.46000000000       1.479403467231475E-004
   4348.46000000000       1.512034842954593E-004
   4349.46000000000       1.543140104041197E-004
   4350.46000000000       1.572995221426710E-004
   4352.96000000000       1.643531389545673E-004
   4355.46000000000       1.709419100669336E-004
   4357.96000000000       1.771335643533796E-004
   4360.46000000000       1.829188711641295E-004
   4365.46000000000       1.934080885821211E-004
   4370.46000000000       2.025605110985338E-004
   4375.46000000000       2.105483477144903E-004
   4380.46000000000       2.175514875701381E-004
   4385.46000000000       2.237543251602133E-004
   4388.75000000000       2.274848298045959E-004
   4390.46000000000       2.293082423396817E-004
   4395.46000000000       2.342656681943535E-004
   4400.46000000000       2.386054680206361E-004
   4405.46000000000       2.422646761040503E-004
   4410.46000000000       2.452502524425206E-004
   4415.46000000000       2.476304904570862E-004
   4420.46000000000       2.494926544651494E-004
   4425.46000000000       2.509225630389700E-004
   4430.46000000000       2.520002033374315E-004
   4435.46000000000       2.527949778427866E-004
   4440.46000000000       2.533547500804683E-004
   4452.96000000000       2.540761548451438E-004
   4465.46000000000       2.541698534121749E-004
   4477.96000000000       2.539021111569108E-004
   4481.73000000000       2.537742638119760E-004
   4490.46000000000       2.534078721065570E-004
   4565.46000000000       2.487299846347010E-004
   4574.71000000000       2.480587260083901E-004
   4636.33000000000       2.432142110183995E-004
   4667.70000000000       2.403874651920203E-004
   4711.33000000000       2.352935997329722E-004
   4723.83000000000       2.333018242819849E-004
   4736.33000000000       2.309206295376918E-004
   4748.83000000000       2.280741506843652E-004
   4760.68000000000       2.248407074243072E-004
   4761.33000000000       2.246478858113192E-004
   4766.33000000000       2.230622305768631E-004
   4771.33000000000       2.213223865139449E-004
   4776.33000000000       2.194006610817666E-004
   4781.33000000000       2.172585255593862E-004
   4786.33000000000       2.148474670059031E-004
   4791.33000000000       2.121294537829097E-004
   4796.33000000000       2.090658449381100E-004
   4801.33000000000       2.056236306576854E-004
   4806.33000000000       2.017799579745207E-004
   4811.33000000000       1.975308261146133E-004
   4816.33000000000       1.928573285377117E-004
   4821.33000000000       1.876616120300379E-004
   4826.33000000000       1.818483688288193E-004
   4831.33000000000       1.753877352430426E-004
   4836.33000000000       1.682241551068031E-004
   4841.33000000000       1.601016400036470E-004
   4843.83000000000       1.556335883982961E-004
   4846.33000000000       1.508648367958490E-004
   4848.83000000000       1.457867189708116E-004
   4851.33000000000       1.402898540898922E-004
   4852.33000000000       1.379300580637004E-004
   4853.33000000000       1.354356242679656E-004
   4853.66000000000       1.345780378768711E-004
   4854.33000000000       1.327722087014137E-004
   4855.33000000000       1.298826051708101E-004
   4856.33000000000       1.266557893211386E-004
   4857.33000000000       1.228712830176014E-004
   4858.33000000000       1.181712764987308E-004
   4859.33000000000       1.124045627591870E-004
   4859.43000000000       1.117973222564184E-004
   4859.53000000000       1.111915363566122E-004
   4859.63000000000       1.105921429308702E-004
   4859.73000000000       1.099989977948602E-004
   4859.83000000000       1.094179810240512E-004
   4859.93000000000       1.088503530633882E-004
   4860.03000000000       1.083017832689649E-004
   4860.13000000000       1.077730695266651E-004
   4860.23000000000       1.072706559699015E-004
   4860.33000000000       1.067955297316218E-004
   4860.43000000000       1.063537336988902E-004
   4860.53000000000       1.059464069653549E-004
   4860.63000000000       1.055784829737269E-004
   4860.73000000000       1.052528576961188E-004
   4860.83000000000       1.049717462387010E-004
   4860.93000000000       1.047382696657334E-004
   4861.03000000000       1.045538415167787E-004
   4861.13000000000       1.044214221750887E-004
   4861.23000000000       1.043404227553582E-004
   4861.33000000000       1.043132971016016E-004
   4861.43000000000       1.043377748752479E-004
   4861.53000000000       1.044165236427378E-004
   4861.63000000000       1.045461472030572E-004
   4861.73000000000       1.047280917113250E-004
   4861.83000000000       1.049588010589733E-004
   4861.93000000000       1.052376385875574E-004
   4862.03000000000       1.055605650851027E-004
   4862.13000000000       1.059257213442750E-004
   4862.23000000000       1.063302935331603E-004
   4862.33000000000       1.067693908727287E-004
   4862.43000000000       1.072417427027648E-004
   4862.53000000000       1.077413643251280E-004
   4862.63000000000       1.082673856772781E-004
   4862.73000000000       1.088128347845595E-004
   4862.83000000000       1.093776551854848E-004
   4862.93000000000       1.099556111490842E-004
   4863.03000000000       1.105459932172898E-004
   4863.13000000000       1.111424008720068E-004
   4863.23000000000       1.117450894912711E-004
   4863.33000000000       1.123491316562063E-004
   4864.33000000000       1.180822148385827E-004
   4865.33000000000       1.227449912604681E-004
   4866.33000000000       1.264888807320828E-004
   4867.33000000000       1.296723621151585E-004
   4868.33000000000       1.325152365136800E-004
   4869.33000000000       1.351307248041460E-004
   4870.33000000000       1.375753927883711E-004
   4871.33000000000       1.398835358962494E-004
   4873.83000000000       1.452389022485472E-004
   4876.33000000000       1.501598763796316E-004
   4878.83000000000       1.547574370624843E-004
   4881.33000000000       1.590381888996726E-004
   4886.33000000000       1.667453602428545E-004
   4891.33000000000       1.734425826949385E-004
   4896.33000000000       1.793807894000555E-004
   4901.33000000000       1.846216307887426E-004
   4906.33000000000       1.891992327906565E-004
   4911.33000000000       1.932138265524010E-004
   4916.33000000000       1.967614250975167E-004
   4921.33000000000       1.998694443270460E-004
   4926.33000000000       2.025514422423730E-004
   4931.33000000000       2.048354418587932E-004
   4936.33000000000       2.067614924632578E-004
   4941.33000000000       2.083725415407256E-004
   4946.33000000000       2.097146701894983E-004
   4946.64000000000       2.097901694514958E-004
   4951.33000000000       2.108280192354167E-004
   4956.33000000000       2.117587064231780E-004
   4961.33000000000       2.125270194509943E-004
   4973.83000000000       2.139319311176864E-004
   4986.33000000000       2.147610974337952E-004
   4998.83000000000       2.151477609191971E-004
   5011.33000000000       2.151890421456935E-004
   5039.62000000000       2.144495888232376E-004
   5086.33000000000       2.121294856087277E-004
   5132.61000000000       2.094280140431054E-004
   5161.33000000000       2.077048936774823E-004
   5225.59000000000       2.038483189397459E-004
   5318.57000000000       1.983665172271785E-004
   5411.55000000000       1.930559903687867E-004
   5504.53000000000       1.879370969927708E-004
   5597.52000000000       1.829789536434399E-004
   5690.50000000000       1.782336109324504E-004
   5783.48000000000       1.736679772525262E-004
   5876.46000000000       1.692735947044900E-004
   5969.44000000000       1.650277419478532E-004
   6000.00000000000       1.636626455133377E-004
   6062.43000000000       1.609154722408331E-004
   6155.41000000000       1.568947071247038E-004
   6248.39000000000       1.528431256631791E-004
   6262.81000000000       1.522011460401119E-004
   6337.81000000000       1.487336035324060E-004
   6341.37000000000       1.485576382346662E-004
   6412.81000000000       1.444650667256125E-004
   6425.31000000000       1.434779429167210E-004
   6434.35000000000       1.426853014369455E-004
   6437.81000000000       1.423535135079678E-004
   6450.31000000000       1.410088436824003E-004
   6462.81000000000       1.393820707669718E-004
   6467.81000000000       1.386313628913615E-004
   6472.81000000000       1.378081976752241E-004
   6477.81000000000       1.369113005963114E-004
   6482.81000000000       1.359300755915316E-004
   6487.81000000000       1.348544560160450E-004
   6492.81000000000       1.336707942810831E-004
   6497.81000000000       1.323658918920665E-004
   6502.81000000000       1.309174940145975E-004
   6507.81000000000       1.292983194321921E-004
   6512.81000000000       1.274802459619165E-004
   6517.81000000000       1.254369208554536E-004
   6522.81000000000       1.231411509600721E-004
   6527.33000000000       1.208275990464958E-004
   6527.81000000000       1.205651998203822E-004
   6532.81000000000       1.176616250746771E-004
   6537.81000000000       1.143998211620919E-004
   6542.81000000000       1.106973039943787E-004
   6545.31000000000       1.086485349353657E-004
   6547.81000000000       1.064163281499484E-004
   6550.31000000000       1.039618337587157E-004
   6552.81000000000       1.012096257107146E-004
   6553.81000000000       9.999886496740494E-005
   6554.81000000000       9.869771757362530E-005
   6555.81000000000       9.727785756195669E-005
   6556.81000000000       9.568933646319590E-005
   6557.81000000000       9.383972142978351E-005
   6558.81000000000       9.155551108170268E-005
   6559.81000000000       8.859342556854732E-005
   6560.81000000000       8.494304077902773E-005
   6560.91000000000       8.456461726983278E-005
   6561.01000000000       8.418859325322953E-005
   6561.11000000000       8.381843554044585E-005
   6561.21000000000       8.345409110892145E-005
   6561.31000000000       8.309892025975125E-005
   6561.41000000000       8.275449987683841E-005
   6561.51000000000       8.242195363001126E-005
   6561.61000000000       8.210438997270608E-005
   6561.71000000000       8.180222302850461E-005
   6561.81000000000       8.151884778753512E-005
   6561.91000000000       8.125519235957318E-005
   6562.01000000000       8.101406664787539E-005
   6562.11000000000       8.079594694989399E-005
   6562.21000000000       8.060454746685382E-005
   6562.31000000000       8.043960443387046E-005
   6562.41000000000       8.030231441400130E-005
   6562.51000000000       8.019585292364331E-005
   6562.61000000000       8.011815317452208E-005
   6562.71000000000       8.007249793415505E-005
   6562.81000000000       8.005532221962021E-005
   6562.91000000000       8.006984409795875E-005
   6563.01000000000       8.011284230507258E-005
   6563.11000000000       8.018821542197328E-005
   6563.21000000000       8.029229050440160E-005
   6563.31000000000       8.042682086694999E-005
   6563.41000000000       8.058941024529219E-005
   6563.51000000000       8.077820284267943E-005
   6563.61000000000       8.099382596217066E-005
   6563.71000000000       8.123235276931549E-005
   6563.81000000000       8.149365342445448E-005
   6563.91000000000       8.177405180111985E-005
   6564.01000000000       8.207370532808759E-005
   6564.11000000000       8.238841577568417E-005
   6564.21000000000       8.271820029241910E-005
   6564.31000000000       8.306005697365018E-005
   6564.41000000000       8.341257433218028E-005
   6564.51000000000       8.377419690731770E-005
   6564.61000000000       8.414149519340580E-005
   6564.71000000000       8.451480464698942E-005
   6564.81000000000       8.488995608259860E-005
   6565.81000000000       8.851106218155519E-005
   6566.81000000000       9.144183805740294E-005
   6567.81000000000       9.369265941328786E-005
   6568.81000000000       9.550854045347761E-005
   6569.81000000000       9.706178862010261E-005
   6570.81000000000       9.844550481686443E-005
   6571.81000000000       9.970982159534061E-005
   6572.81000000000       1.008827746043511E-004
   6575.31000000000       1.035357045062118E-004
   6577.81000000000       1.058859181692107E-004
   6580.31000000000       1.080088686924931E-004
   6582.81000000000       1.099425693182397E-004
   6587.81000000000       1.134006303006645E-004
   6592.81000000000       1.163995479254458E-004
   6597.81000000000       1.190167984969446E-004
   6602.81000000000       1.212967163872492E-004
   6607.81000000000       1.232794968395126E-004
   6612.81000000000       1.249948906146710E-004
   6617.81000000000       1.264781023568829E-004
   6620.32000000000       1.271439502914490E-004
   6622.81000000000       1.277480501972115E-004
   6627.81000000000       1.288350471942640E-004
   6632.81000000000       1.297761713637221E-004
   6637.81000000000       1.305896204975508E-004
   6642.81000000000       1.312897717558863E-004
   6647.81000000000       1.318904084252182E-004
   6652.81000000000       1.324055937385062E-004
   6657.81000000000       1.328441433726354E-004
   6662.81000000000       1.332094574391945E-004
   6675.31000000000       1.338714629001763E-004
   6687.81000000000       1.342535084929693E-004
   6700.31000000000       1.344268944222880E-004
   6712.81000000000       1.344702714321195E-004
   6713.30000000000       1.344669904509816E-004
   6787.81000000000       1.331966146673455E-004
   6806.28000000000       1.327345711070235E-004
   6862.81000000000       1.311987271412594E-004
   6899.26000000000       1.301608594672850E-004
   6992.24000000000       1.274415822343934E-004
   7085.23000000000       1.247268227002699E-004
   7178.21000000000       1.220766447779911E-004
   7271.19000000000       1.195014974882890E-004
   7364.17000000000       1.170057027647821E-004
   7457.15000000000       1.145871000384344E-004
   7550.14000000000       1.122419402320525E-004
   7643.12000000000       1.099719645974025E-004
   7736.10000000000       1.077672485687404E-004
   7829.08000000000       1.056288569845452E-004
   7922.06000000000       1.035537292341921E-004
   8000.00000000000       1.018620767393699E-004
   8015.05000000000       1.015401293647936E-004
   8108.03000000000       9.958522644207560E-005
   8201.01000000000       9.768073874177854E-005
   8331.19000000000       9.510689515023656E-005
   8365.02000000000       9.445373352300064E-005
   8440.02000000000       9.302785601437354E-005
   8461.36000000000       9.262712187233074E-005
   8515.02000000000       9.163157355332699E-005
   8527.52000000000       9.140195662934792E-005
   8540.02000000000       9.117258462858033E-005
   8552.52000000000       9.093039409118597E-005
   8565.02000000000       9.070276848109713E-005
   8570.02000000000       9.061217798977765E-005
   8575.02000000000       9.052180977777341E-005
   8580.02000000000       9.043152524079685E-005
   8585.02000000000       9.034139008267933E-005
   8590.02000000000       9.025130139676172E-005
   8591.53000000000       9.022383523091452E-005
   8595.02000000000       9.016128810944126E-005
   8600.02000000000       9.007155506930978E-005
   8605.02000000000       8.998152320158197E-005
   8610.02000000000       8.989172764229606E-005
   8615.02000000000       8.980195298285436E-005
   8620.02000000000       8.971199056917514E-005
   8625.02000000000       8.962212663547312E-005
   8630.02000000000       8.953267405220192E-005
   8635.02000000000       8.944281230627695E-005
   8640.02000000000       8.935291875566491E-005
   8645.02000000000       8.926358922295794E-005
   8647.52000000000       8.921905135324337E-005
   8650.02000000000       8.917439124800857E-005
   8652.52000000000       8.912993877664273E-005
   8655.02000000000       8.908538148693838E-005
   8656.02000000000       8.906756253890465E-005
   8657.02000000000       8.904981152191272E-005
   8658.02000000000       8.903213858089989E-005
   8659.02000000000       8.901460547540298E-005
   8660.02000000000       8.899692274874540E-005
   8661.02000000000       8.897913230762241E-005
   8662.02000000000       8.896129673666413E-005
   8663.02000000000       8.894364049252198E-005
   8663.12000000000       8.894210270550697E-005
   8663.22000000000       8.894021389937160E-005
   8663.32000000000       8.893830159587240E-005
   8663.42000000000       8.893662640585853E-005
   8663.52000000000       8.893496251529403E-005
   8663.62000000000       8.893301821381920E-005
   8663.72000000000       8.893135628218625E-005
   8663.82000000000       8.892947097549069E-005
   8663.92000000000       8.892780713620765E-005
   8664.02000000000       8.892597398461915E-005
   8664.12000000000       8.892423681062496E-005
   8664.22000000000       8.892234852326258E-005
   8664.32000000000       8.892063206454785E-005
   8664.42000000000       8.891887467416242E-005
   8664.52000000000       8.891714513425782E-005
   8664.62000000000       8.891546273938946E-005
   8664.72000000000       8.891349782550319E-005
   8664.82000000000       8.891174061280043E-005
   8664.92000000000       8.890998220736924E-005
   8665.02000000000       8.890842285830579E-005
   8665.12000000000       8.890665825730338E-005
   8665.22000000000       8.890460431434077E-005
   8665.32000000000       8.890285901081659E-005
   8665.42000000000       8.890124425257289E-005
   8665.52000000000       8.889962294143156E-005
   8665.62000000000       8.889778578855335E-005
   8665.72000000000       8.889573280465384E-005
   8665.82000000000       8.889419607159361E-005
   8665.92000000000       8.889254700761852E-005
   8666.02000000000       8.889068352093186E-005
   8666.12000000000       8.888900826386283E-005
   8666.22000000000       8.888712012245948E-005
   8666.32000000000       8.888550666469926E-005
   8666.42000000000       8.888363827023164E-005
   8666.52000000000       8.888191577100223E-005
   8666.62000000000       8.888026928895859E-005
   8666.72000000000       8.887841571077719E-005
   8666.82000000000       8.887672384413438E-005
   8666.92000000000       8.887485172351187E-005
   8667.02000000000       8.887318416386740E-005
   8668.02000000000       8.885567784622066E-005
   8669.02000000000       8.883807601085704E-005
   8670.02000000000       8.882057143378738E-005
   8671.02000000000       8.880303010140802E-005
   8672.02000000000       8.878544843872649E-005
   8673.02000000000       8.876776802124389E-005
   8674.02000000000       8.875053736006564E-005
   8675.02000000000       8.873298951192696E-005
   8677.52000000000       8.868920058784716E-005
   8680.02000000000       8.864573274621131E-005
   8682.52000000000       8.860219070412383E-005
   8685.02000000000       8.855847655805061E-005
   8690.02000000000       8.847150731089648E-005
   8695.02000000000       8.838459201213636E-005
   8700.02000000000       8.829730330166728E-005
   8705.02000000000       8.820983770449577E-005
   8710.47000000000       8.811393440351168E-005
   8715.47000000000       8.802602206980356E-005
   8720.47000000000       8.793759463195188E-005
   8721.71000000000       8.791559726588362E-005
   8725.47000000000       8.784891495591553E-005
   8730.47000000000       8.776050369616471E-005
   8732.97000000000       8.771619908501002E-005
   8735.47000000000       8.767201296157148E-005
   8737.97000000000       8.762811548144036E-005
   8740.47000000000       8.758456508069729E-005
   8741.47000000000       8.756707735310824E-005
   8742.47000000000       8.754968630356304E-005
   8743.47000000000       8.753236971822586E-005
   8744.47000000000       8.751542567552534E-005
   8745.47000000000       8.749812538216844E-005
   8746.47000000000       8.748069730914234E-005
   8747.47000000000       8.746368480916729E-005
   8748.47000000000       8.744668731539339E-005
   8748.57000000000       8.744503242630693E-005
   8748.67000000000       8.744308156872482E-005
   8748.77000000000       8.744155893011704E-005
   8748.87000000000       8.743970203224729E-005
   8748.97000000000       8.743810978803538E-005
   8749.07000000000       8.743647691881413E-005
   8749.17000000000       8.743470336144004E-005
   8749.27000000000       8.743306416576527E-005
   8749.37000000000       8.743122582279870E-005
   8749.47000000000       8.742943752685134E-005
   8749.57000000000       8.742768977699528E-005
   8749.67000000000       8.742609354723485E-005
   8749.77000000000       8.742444488168135E-005
   8749.87000000000       8.742278984852821E-005
   8749.97000000000       8.742102746087400E-005
   8750.07000000000       8.741939007967986E-005
   8750.17000000000       8.741747827350223E-005
   8750.27000000000       8.741588719101109E-005
   8750.37000000000       8.741424086534786E-005
   8750.47000000000       8.741245998230887E-005
   8750.57000000000       8.741067890049668E-005
   8750.67000000000       8.740902177787593E-005
   8750.77000000000       8.740747126497911E-005
   8750.87000000000       8.740583820494777E-005
   8750.97000000000       8.740415503725650E-005
   8751.07000000000       8.740211852995889E-005
   8751.17000000000       8.740052068798924E-005
   8751.27000000000       8.739886962771175E-005
   8751.37000000000       8.739719172716243E-005
   8751.47000000000       8.739564339924424E-005
   8751.57000000000       8.739375637121712E-005
   8751.67000000000       8.739208968177419E-005
   8751.77000000000       8.739048698490413E-005
   8751.87000000000       8.738888062523774E-005
   8751.97000000000       8.738702523946267E-005
   8752.07000000000       8.738533365320256E-005
   8752.17000000000       8.738362310671038E-005
   8752.27000000000       8.738190765987464E-005
   8752.37000000000       8.738015674828160E-005
   8752.47000000000       8.737859488816187E-005
   8753.47000000000       8.736162401090764E-005
   8754.47000000000       8.734482183699143E-005
   8755.47000000000       8.732795271580037E-005
   8756.47000000000       8.731120897896740E-005
   8757.47000000000       8.729465214811513E-005
   8758.47000000000       8.727781234745570E-005
   8759.47000000000       8.726118172661145E-005
   8760.47000000000       8.724460629943327E-005
   8762.97000000000       8.720328993086168E-005
   8765.47000000000       8.716218317499982E-005
   8767.97000000000       8.712102212432416E-005
   8770.47000000000       8.708028542385268E-005
   8775.47000000000       8.699855610012969E-005
   8780.47000000000       8.691663697665739E-005
   8785.47000000000       8.683431060676041E-005
   8790.47000000000       8.675133385364441E-005
   8795.47000000000       8.666780785006590E-005
   8800.47000000000       8.658356370229018E-005
   8805.47000000000       8.649827934776035E-005
   8807.79000000000       8.645862830718337E-005
   8812.79000000000       8.637238096079995E-005
   8817.79000000000       8.628522076079695E-005
   8822.79000000000       8.619747335266912E-005
   8827.79000000000       8.610899477573419E-005
   8832.79000000000       8.601992117711860E-005
   8837.79000000000       8.593014858597867E-005
   8842.79000000000       8.583996678052795E-005
   8845.29000000000       8.579521412931773E-005
   8847.79000000000       8.575067505658371E-005
   8850.29000000000       8.570650958599609E-005
   8851.88000000000       8.567885514455227E-005
   8852.79000000000       8.566317555236992E-005
   8853.79000000000       8.564595176826778E-005
   8854.79000000000       8.562887436218594E-005
   8855.79000000000       8.561177060557235E-005
   8856.79000000000       8.559505997936144E-005
   8857.79000000000       8.557827752691842E-005
   8858.79000000000       8.556162572680406E-005
   8859.79000000000       8.554496974983665E-005
   8860.79000000000       8.552731217519719E-005
   8860.89000000000       8.552519062167301E-005
   8860.99000000000       8.552348848595960E-005
   8861.09000000000       8.552160285234492E-005
   8861.19000000000       8.551957771382435E-005
   8861.29000000000       8.551788349559820E-005
   8861.39000000000       8.551574008675698E-005
   8861.49000000000       8.551408447361286E-005
   8861.59000000000       8.551208054317554E-005
   8861.69000000000       8.551024353274082E-005
   8861.79000000000       8.550827090133059E-005
   8861.89000000000       8.550658378881660E-005
   8861.99000000000       8.550444420422349E-005
   8862.09000000000       8.550279529476718E-005
   8862.19000000000       8.550101904386538E-005
   8862.29000000000       8.549922942438548E-005
   8862.39000000000       8.549745868366558E-005
   8862.49000000000       8.549551410873351E-005
   8862.59000000000       8.549398672667841E-005
   8862.69000000000       8.549220474229628E-005
   8862.79000000000       8.549068633006163E-005
   8862.89000000000       8.548899907827285E-005
   8862.99000000000       8.548754417789161E-005
   8863.09000000000       8.548587513341274E-005
   8863.19000000000       8.548480688690371E-005
   8863.29000000000       8.548317731675474E-005
   8863.39000000000       8.548177514599840E-005
   8863.49000000000       8.548038564967486E-005
   8863.59000000000       8.547914901475179E-005
   8863.69000000000       8.547778854474237E-005
   8863.79000000000       8.547623167521924E-005
   8863.89000000000       8.547530539864933E-005
   8863.99000000000       8.547376850412778E-005
   8864.09000000000       8.547271234953831E-005
   8864.19000000000       8.547124190015214E-005
   8864.29000000000       8.546992145180072E-005
   8864.39000000000       8.546866737557362E-005
   8864.49000000000       8.546738593768471E-005
   8864.59000000000       8.546589595403103E-005
   8864.69000000000       8.546468949337658E-005
   8864.79000000000       8.546315712889481E-005
   8865.79000000000       8.544909417274843E-005
   8866.79000000000       8.543392246435315E-005
   8867.79000000000       8.541855885489856E-005
   8868.79000000000       8.540345566020521E-005
   8869.79000000000       8.538830754765572E-005
   8870.79000000000       8.537326569680509E-005
   8871.79000000000       8.535851885007516E-005
   8872.79000000000       8.534393402015228E-005
   8875.29000000000       8.530761213739726E-005
   8877.79000000000       8.527151305064234E-005
   8880.29000000000       8.523631050333205E-005
   8882.79000000000       8.520091355802750E-005
   8887.79000000000       8.513083052781774E-005
   8892.79000000000       8.505987230633041E-005
   8897.79000000000       8.498820840833273E-005
   8902.79000000000       8.491534646737417E-005
   8907.79000000000       8.484127440428546E-005
   8912.79000000000       8.476571109865130E-005
   8917.79000000000       8.468913620895025E-005
   8922.79000000000       8.461100289599995E-005
   8927.79000000000       8.453124883434899E-005
   8932.79000000000       8.445030776191049E-005
   8937.79000000000       8.436744426046499E-005
   8939.91000000000       8.433210933503803E-005
   8944.91000000000       8.424715129565621E-005
   8949.91000000000       8.416053334525229E-005
   8954.91000000000       8.407243269113450E-005
   8959.91000000000       8.398236293313030E-005
   8964.91000000000       8.389053678142699E-005
   8969.91000000000       8.379705931359757E-005
   8974.91000000000       8.370141494670244E-005
   8979.91000000000       8.360381887944424E-005
   8982.06000000000       8.356135096465925E-005
   8984.91000000000       8.350457583171516E-005
   8989.91000000000       8.340350348006034E-005
   8994.91000000000       8.330170603474084E-005
   8997.41000000000       8.325043599862138E-005
   8999.91000000000       8.319979733675942E-005
   9002.41000000000       8.314996285089057E-005
   9004.91000000000       8.310144957517581E-005
   9005.91000000000       8.308259608878483E-005
   9006.91000000000       8.306434561894617E-005
   9007.91000000000       8.304632965686706E-005
   9008.91000000000       8.302861090578649E-005
   9009.91000000000       8.301156057373926E-005
   9010.91000000000       8.299499762507429E-005
   9011.91000000000       8.297869652935670E-005
   9012.91000000000       8.296315064328833E-005
   9013.01000000000       8.296180522119260E-005
   9013.11000000000       8.296024294971195E-005
   9013.21000000000       8.295871508154568E-005
   9013.31000000000       8.295751210033306E-005
   9013.41000000000       8.295599806873556E-005
   9013.51000000000       8.295449687165580E-005
   9013.61000000000       8.295301069971676E-005
   9013.71000000000       8.295151751514864E-005
   9013.81000000000       8.294997531190681E-005
   9013.91000000000       8.294856096334002E-005
   9014.01000000000       8.294700651525218E-005
   9014.11000000000       8.294576904672066E-005
   9014.21000000000       8.294430696231821E-005
   9014.31000000000       8.294293537979708E-005
   9014.41000000000       8.294150895008546E-005
   9014.51000000000       8.293999280298949E-005
   9014.61000000000       8.293878575156364E-005
   9014.71000000000       8.293732828041764E-005
   9014.81000000000       8.293588698638734E-005
   9014.91000000000       8.293440550223932E-005
   9015.01000000000       8.293319745878440E-005
   9015.11000000000       8.293154684180838E-005
   9015.21000000000       8.293041591086964E-005
   9015.31000000000       8.292897318894882E-005
   9015.41000000000       8.292769357804287E-005
   9015.51000000000       8.292626293504454E-005
   9015.61000000000       8.292480084389093E-005
   9015.71000000000       8.292361366113531E-005
   9015.81000000000       8.292209874951348E-005
   9015.91000000000       8.292097787085666E-005
   9016.01000000000       8.291943076891699E-005
   9016.11000000000       8.291814924595112E-005
   9016.21000000000       8.291689214464732E-005
   9016.31000000000       8.291552872108391E-005
   9016.41000000000       8.291427187202310E-005
   9016.51000000000       8.291283097695647E-005
   9016.61000000000       8.291141895283100E-005
   9016.71000000000       8.291024623049882E-005
   9016.81000000000       8.290884971407653E-005
   9016.91000000000       8.290776447999848E-005
   9017.91000000000       8.289521805087023E-005
   9018.91000000000       8.288369445644017E-005
   9019.91000000000       8.287251930015424E-005
   9020.91000000000       8.286188913489123E-005
   9021.91000000000       8.285143026855406E-005
   9022.91000000000       8.284190214036541E-005
   9023.91000000000       8.283219310395302E-005
   9024.91000000000       8.282318360103279E-005
   9027.41000000000       8.280203071642429E-005
   9029.91000000000       8.278194742168877E-005
   9032.41000000000       8.276266276361309E-005
   9034.91000000000       8.274368275562723E-005
   9039.91000000000       8.270509694873860E-005
   9044.91000000000       8.266252337822733E-005
   9049.91000000000       8.260180875407482E-005
   9054.91000000000       8.255468904053427E-005
   9059.91000000000       8.250690518661148E-005
   9064.91000000000       8.245663685915470E-005
   9069.91000000000       8.240336060429858E-005
   9074.91000000000       8.234758125145524E-005
   9079.91000000000       8.228897792709898E-005
   9084.91000000000       8.222764745099276E-005
   9089.91000000000       8.216349256446840E-005
   9094.91000000000       8.209669564533601E-005
   9099.91000000000       8.202708325104235E-005
   9104.91000000000       8.195440272238273E-005
   9109.91000000000       8.187894944971175E-005
   9112.23000000000       8.184298800113781E-005
   9114.91000000000       8.180005577287133E-005
   9129.02000000000       8.156087904697537E-005
   9134.02000000000       8.146998518083511E-005
   9139.02000000000       8.137510871655185E-005
   9144.02000000000       8.127640004828536E-005
   9149.02000000000       8.117386128593670E-005
   9154.02000000000       8.106723957930174E-005
   9159.02000000000       8.095687620216157E-005
   9164.02000000000       8.084250627857425E-005
   9169.02000000000       8.072446562337802E-005
   9174.02000000000       8.060257052235233E-005
   9179.02000000000       8.047675554603110E-005
   9184.02000000000       8.034701351964242E-005
   9189.02000000000       8.021317756113109E-005
   9194.02000000000       8.007530102959583E-005
   9199.02000000000       7.993369876037265E-005
   9204.02000000000       7.978955013480124E-005
   9209.02000000000       7.964419311779817E-005
   9211.52000000000       7.957187223727878E-005
   9214.02000000000       7.950017264820740E-005
   9216.52000000000       7.943040260822207E-005
   9219.02000000000       7.936362047629116E-005
   9220.02000000000       7.933819997945410E-005
   9221.02000000000       7.931382327807233E-005
   9222.02000000000       7.929084317462056E-005
   9223.02000000000       7.926922450526567E-005
   9224.02000000000       7.924919239434603E-005
   9225.02000000000       7.923095113850960E-005
   9226.02000000000       7.921446054474897E-005
   9227.02000000000       7.919960973850658E-005
   9227.12000000000       7.919824471743904E-005
   9227.22000000000       7.919679459594775E-005
   9227.32000000000       7.919540465997350E-005
   9227.42000000000       7.919402412625804E-005
   9227.52000000000       7.919269402085661E-005
   9227.62000000000       7.919124418051087E-005
   9227.72000000000       7.918999814727987E-005
   9227.82000000000       7.918857008452797E-005
   9227.92000000000       7.918728784858405E-005
   9228.02000000000       7.918603271782228E-005
   9228.12000000000       7.918468077144390E-005
   9228.22000000000       7.918340627415205E-005
   9228.32000000000       7.918210268817634E-005
   9228.42000000000       7.918082767722340E-005
   9228.52000000000       7.917966893243815E-005
   9228.62000000000       7.917842213683367E-005
   9228.72000000000       7.917715016922299E-005
   9228.82000000000       7.917603281013248E-005
   9228.92000000000       7.917480443474986E-005
   9229.02000000000       7.917365811208946E-005
   9229.12000000000       7.917235909659848E-005
   9229.22000000000       7.917135823869385E-005
   9229.32000000000       7.917024459486486E-005
   9229.42000000000       7.916911108820629E-005
   9229.52000000000       7.916804316319749E-005
   9229.62000000000       7.916699326503738E-005
   9229.72000000000       7.916591792672761E-005
   9229.82000000000       7.916485783811416E-005
   9229.92000000000       7.916387146550798E-005
   9230.02000000000       7.916284208936296E-005
   9230.12000000000       7.916189505636337E-005
   9230.22000000000       7.916078497915182E-005
   9230.32000000000       7.915987864069864E-005
   9230.42000000000       7.915887496030437E-005
   9230.52000000000       7.915787994780367E-005
   9230.62000000000       7.915699737625030E-005
   9230.72000000000       7.915604934011684E-005
   9230.82000000000       7.915502904285491E-005
   9230.92000000000       7.915416777400150E-005
   9231.02000000000       7.915319384828751E-005
   9232.02000000000       7.914488909826459E-005
   9233.02000000000       7.913830733494356E-005
   9234.02000000000       7.913332810939991E-005
   9235.02000000000       7.913015320366459E-005
   9236.02000000000       7.912862402547685E-005
   9237.02000000000       7.912838132171501E-005
   9238.02000000000       7.912933819313747E-005
   9239.02000000000       7.913159905490500E-005
   9241.52000000000       7.914018410126610E-005
   9242.41000000000       7.914397774978456E-005
   9244.02000000000       7.915166446418197E-005
   9246.52000000000       7.916491043340121E-005
   9249.02000000000       7.917868262524383E-005
   9254.02000000000       7.920655228871585E-005
   9259.02000000000       7.923280814425761E-005
   9264.02000000000       7.925592164353231E-005
   9269.02000000000       7.927510411305291E-005
   9274.02000000000       7.928940980727375E-005
   9279.02000000000       7.929931374883383E-005
   9284.02000000000       7.930481002599079E-005
   9289.02000000000       7.930581750029088E-005
   9294.02000000000       7.930248321585095E-005
   9299.02000000000       7.929468873255732E-005
   9304.02000000000       7.928259925998886E-005
   9309.02000000000       7.926600254282279E-005
   9314.02000000000       7.924484118032772E-005
   9319.02000000000       7.921894279366432E-005
   9324.02000000000       7.918865170903980E-005
   9329.02000000000       7.915364147834964E-005
   9341.52000000000       7.904768307632775E-005
   9354.02000000000       7.891633977716100E-005
   9366.52000000000       7.875963272877669E-005
   9372.58000000000       7.867471934526013E-005
   9379.02000000000       7.857700093366244E-005
   9395.98000000000       7.828647726651104E-005
   9408.48000000000       7.803932508520126E-005
   9420.98000000000       7.776122801978430E-005
   9433.48000000000       7.744900938250067E-005
   9445.98000000000       7.709905605646595E-005
   9450.98000000000       7.694771835263014E-005
   9455.98000000000       7.678887535529007E-005
   9460.98000000000       7.662248793585832E-005
   9465.98000000000       7.644840177799747E-005
   9470.98000000000       7.626612457541200E-005
   9475.98000000000       7.607553506655033E-005
   9480.98000000000       7.587666027583299E-005
   9485.98000000000       7.566934551545187E-005
   9490.98000000000       7.545318013163255E-005
   9495.98000000000       7.522831527014028E-005
   9500.98000000000       7.499458562413899E-005
   9502.76000000000       7.490938645904407E-005
   9505.98000000000       7.475161347168146E-005
   9510.98000000000       7.449934396666474E-005
   9515.98000000000       7.423817139669026E-005
   9520.98000000000       7.396874686779083E-005
   9525.98000000000       7.369218436594869E-005
   9528.48000000000       7.355214294918609E-005
   9530.98000000000       7.341071767559662E-005
   9533.48000000000       7.326931917380217E-005
   9535.98000000000       7.312993303171420E-005
   9536.98000000000       7.307567761181634E-005
   9537.98000000000       7.302281699084422E-005
   9538.98000000000       7.297178507053174E-005
   9539.98000000000       7.292284152618384E-005
   9540.98000000000       7.287647334273413E-005
   9541.98000000000       7.283284216247788E-005
   9542.98000000000       7.279230524737594E-005
   9543.98000000000       7.275597227219054E-005
   9544.08000000000       7.275263882565099E-005
   9544.18000000000       7.274938833555999E-005
   9544.28000000000       7.274623138695067E-005
   9544.38000000000       7.274320699655002E-005
   9544.48000000000       7.274014721622382E-005
   9544.58000000000       7.273735118063862E-005
   9544.68000000000       7.273457525645480E-005
   9544.78000000000       7.273184182711554E-005
   9544.88000000000       7.272929381245597E-005
   9544.98000000000       7.272678053303055E-005
   9545.08000000000       7.272448447377889E-005
   9545.18000000000       7.272228536507906E-005
   9545.28000000000       7.272022085452131E-005
   9545.38000000000       7.271823996158630E-005
   9545.48000000000       7.271643055659048E-005
   9545.58000000000       7.271479795663340E-005
   9545.68000000000       7.271337526060057E-005
   9545.78000000000       7.271195103653589E-005
   9545.88000000000       7.271068675276949E-005
   9545.98000000000       7.270965796867420E-005
   9546.08000000000       7.270870020235741E-005
   9546.18000000000       7.270792454900763E-005
   9546.28000000000       7.270735435116299E-005
   9546.38000000000       7.270680430220728E-005
   9546.48000000000       7.270647746928307E-005
   9546.58000000000       7.270632821034691E-005
   9546.68000000000       7.270637244161881E-005
   9546.78000000000       7.270627898143799E-005
   9546.88000000000       7.270660713439390E-005
   9546.98000000000       7.270691012020146E-005
   9547.08000000000       7.270731616827138E-005
   9547.18000000000       7.270795466460725E-005
   9547.28000000000       7.270863203633621E-005
   9547.38000000000       7.270940870039040E-005
   9547.48000000000       7.271035202992752E-005
   9547.58000000000       7.271124635939884E-005
   9547.68000000000       7.271235040392753E-005
   9547.78000000000       7.271345480388695E-005
   9547.88000000000       7.271479944345783E-005
   9547.98000000000       7.271607945798910E-005
   9548.98000000000       7.273242142742676E-005
   9549.98000000000       7.275311454722378E-005
   9550.98000000000       7.277663475557129E-005
   9551.98000000000       7.280303926653622E-005
   9552.98000000000       7.283195947281815E-005
   9553.98000000000       7.286291452637123E-005
   9554.98000000000       7.289564462546715E-005
   9555.98000000000       7.292970673889934E-005
   9558.48000000000       7.301850511801222E-005
   9560.98000000000       7.310908542174300E-005
   9563.48000000000       7.319968454368641E-005
   9565.98000000000       7.328875590105402E-005
   9570.98000000000       7.346242446648401E-005
   9575.98000000000       7.362886796747844E-005
   9580.98000000000       7.378635045709165E-005
   9585.98000000000       7.393438299573604E-005
   9590.98000000000       7.407278293473961E-005
   9595.98000000000       7.420206626428110E-005
   9600.98000000000       7.432214514862837E-005
   9605.98000000000       7.443325804060746E-005
   9610.98000000000       7.453529708045113E-005
   9615.98000000000       7.462879372086130E-005
   9620.98000000000       7.471404564015133E-005
   9625.98000000000       7.479098784748382E-005
   9630.98000000000       7.486017083789556E-005
   9632.93000000000       7.488496978217681E-005
   9635.98000000000       7.492120564526196E-005
   9640.98000000000       7.497504547020161E-005
   9645.98000000000       7.502152043696377E-005
   9658.48000000000       7.511013234366680E-005
   9670.98000000000       7.516287057448507E-005
   9683.48000000000       7.518357298832481E-005
   9695.98000000000       7.517456157150380E-005
   9763.11000000000       7.475129471539319E-005
   9770.98000000000       7.466629613673142E-005
   9824.40000000000       7.389894428940877E-005
   9893.28000000000       7.230577349456136E-005
   9899.40000000000       7.211816065244838E-005
   9911.90000000000       7.169485862299979E-005
   9924.40000000000       7.122053211257662E-005
   9936.90000000000       7.068558940280601E-005
   9949.40000000000       7.006581706306543E-005
   9954.40000000000       6.980569988811843E-005
   9959.40000000000       6.953370700900685E-005
   9964.40000000000       6.924961756748734E-005
   9969.40000000000       6.895235606413952E-005
   9974.40000000000       6.864146178847392E-005
   9979.40000000000       6.831557655133426E-005
   9984.40000000000       6.797358045423944E-005
   9989.40000000000       6.761390333975519E-005
   9994.40000000000       6.723511140082463E-005
   9999.40000000000       6.683793860086824E-005
   10000.0000000000       6.678945167187479E-005
   10004.4000000000       6.642067253695392E-005
   10009.4000000000       6.598262214668281E-005
   10014.4000000000       6.552767534824648E-005
   10019.4000000000       6.505640832711967E-005
   10023.4600000000       6.466035296261009E-005
   10024.4000000000       6.456696867850775E-005
   10029.4000000000       6.406230842171834E-005
   10031.9000000000       6.380678928190838E-005
   10034.4000000000       6.354955756305120E-005
   10036.9000000000       6.329468904424333E-005
   10039.4000000000       6.305206185154010E-005
   10040.4000000000       6.296149698383968E-005
   10041.4000000000       6.287679983069426E-005
   10042.4000000000       6.279974654198157E-005
   10043.4000000000       6.273302285255439E-005
   10044.4000000000       6.268033186848512E-005
   10045.4000000000       6.264649516809461E-005
   10046.4000000000       6.263650995993683E-005
   10047.4000000000       6.265157370695319E-005
   10047.5000000000       6.265422175016203E-005
   10047.6000000000       6.265701429647804E-005
   10047.7000000000       6.265968562265030E-005
   10047.8000000000       6.266264363724789E-005
   10047.9000000000       6.266516214213729E-005
   10048.0000000000       6.266832324636661E-005
   10048.1000000000       6.267076462624097E-005
   10048.2000000000       6.267382606509126E-005
   10048.3000000000       6.267601821330925E-005
   10048.4000000000       6.267879477961220E-005
   10048.5000000000       6.268070295422305E-005
   10048.6000000000       6.268300261855289E-005
   10048.7000000000       6.268454734730309E-005
   10048.8000000000       6.268617865157162E-005
   10048.9000000000       6.268740341270792E-005
   10049.0000000000       6.268791833309481E-005
   10049.1000000000       6.268881157299993E-005
   10049.2000000000       6.268842159679412E-005
   10049.3000000000       6.268865076519784E-005
   10049.4000000000       6.268756057647580E-005
   10049.5000000000       6.268680363628068E-005
   10049.6000000000       6.268479755598072E-005
   10049.7000000000       6.268357602563132E-005
   10049.8000000000       6.268091429785524E-005
   10049.9000000000       6.267846521659706E-005
   10050.0000000000       6.267552449603030E-005
   10050.1000000000       6.267215177374064E-005
   10050.2000000000       6.266875078422537E-005
   10050.3000000000       6.266468000619961E-005
   10050.4000000000       6.266107646293614E-005
   10050.5000000000       6.265655596933491E-005
   10050.6000000000       6.265252726508069E-005
   10050.7000000000       6.264772948939505E-005
   10050.8000000000       6.264351775603090E-005
   10050.9000000000       6.263853698370917E-005
   10051.0000000000       6.263424426808396E-005
   10051.1000000000       6.262951802781966E-005
   10051.2000000000       6.262501857793843E-005
   10051.3000000000       6.262061205220817E-005
   10051.4000000000       6.261620165081060E-005
   10052.4000000000       6.258342184675410E-005
   10053.4000000000       6.257572436281490E-005
   10054.4000000000       6.259186358170266E-005
   10055.4000000000       6.262672015067032E-005
   10056.4000000000       6.267573815217519E-005
   10057.4000000000       6.273487100633803E-005
   10058.4000000000       6.280139684435750E-005
   10059.4000000000       6.287384761258641E-005
   10061.9000000000       6.307070928158314E-005
   10064.4000000000       6.327918124294505E-005
   10066.9000000000       6.348970986638620E-005
   10069.4000000000       6.369803246794016E-005
   10074.4000000000       6.410621190220139E-005
   10079.4000000000       6.449819908737571E-005
   10084.4000000000       6.487072735546584E-005
   10089.4000000000       6.522472185919087E-005
   10094.4000000000       6.556032561873707E-005
   10099.4000000000       6.587596543979415E-005
   10104.4000000000       6.617029417945770E-005
   10109.4000000000       6.644380731048104E-005
   10114.4000000000       6.669725185248223E-005
   10119.4000000000       6.693211998500161E-005
   10124.4000000000       6.715023853554552E-005
   10129.4000000000       6.735317331042523E-005
   10134.4000000000       6.754141417286181E-005
   10139.4000000000       6.771641455240174E-005
   10144.4000000000       6.787876815210794E-005
   10149.4000000000       6.802892008086098E-005
   10153.6300000000       6.814631302444508E-005
   10161.9000000000       6.835172389642892E-005
   10174.4000000000       6.860809027759836E-005
   10186.9000000000       6.880574687262782E-005
   10199.4000000000       6.895037707169049E-005
   10274.4000000000       6.914144473303776E-005
   10283.8100000000       6.911149907677133E-005
   10349.4000000000       6.871147000803252E-005
   10413.9800000000       6.813082677985075E-005
   10544.1600000000       6.667510468278843E-005
   10638.1000000000       6.538371866811386E-005
   10674.3300000000       6.477827910089536E-005
   10713.1000000000       6.401308222651591E-005
   10788.1000000000       6.192383066417604E-005
   10800.6000000000       6.145100823547473E-005
   10804.5100000000       6.129132025315885E-005
   10813.1000000000       6.091936863900432E-005
   10825.6000000000       6.032541778189608E-005
   10838.1000000000       5.966058754015013E-005
   10843.1000000000       5.937278595216790E-005
   10848.1000000000       5.907025324630306E-005
   10853.1000000000       5.875330544256331E-005
   10858.1000000000       5.842101885536732E-005
   10863.1000000000       5.807254213044658E-005
   10868.1000000000       5.770695751014176E-005
   10873.1000000000       5.732323339650603E-005
   10878.1000000000       5.692124043031932E-005
   10883.1000000000       5.650008329425403E-005
   10888.1000000000       5.605788875710936E-005
   10893.1000000000       5.559235846625735E-005
   10898.1000000000       5.510023091353223E-005
   10903.1000000000       5.457813639716522E-005
   10908.1000000000       5.402404443287731E-005
   10913.1000000000       5.343394198361765E-005
   10918.1000000000       5.280265271448133E-005
   10920.6000000000       5.246858836708207E-005
   10923.1000000000       5.211894811290860E-005
   10925.6000000000       5.175006403637781E-005
   10928.1000000000       5.135216172190499E-005
   10929.1000000000       5.118272731647559E-005
   10930.1000000000       5.100666195607537E-005
   10931.1000000000       5.082346276451303E-005
   10932.1000000000       5.063183023412939E-005
   10933.1000000000       5.042955565270619E-005
   10934.1000000000       5.021095642465662E-005
   10934.6800000000       5.007346992154052E-005
   10935.1000000000       4.996797011195608E-005
   10936.1000000000       4.970368867823270E-005
   10936.2000000000       4.967747347378194E-005
   10936.3000000000       4.965157339671603E-005
   10936.4000000000       4.962616077254864E-005
   10936.5000000000       4.960108745166447E-005
   10936.6000000000       4.957693409958641E-005
   10936.7000000000       4.955322048699828E-005
   10936.8000000000       4.953074954262723E-005
   10936.9000000000       4.950882421154228E-005
   10937.0000000000       4.948856698927419E-005
   10937.1000000000       4.946910293538784E-005
   10937.2000000000       4.945129427308244E-005
   10937.3000000000       4.943456769212986E-005
   10937.4000000000       4.941992006244006E-005
   10937.5000000000       4.940662635170039E-005
   10937.6000000000       4.939518903770266E-005
   10937.7000000000       4.938569910981901E-005
   10937.8000000000       4.937767471334658E-005
   10937.9000000000       4.937227517342024E-005
   10938.0000000000       4.936836369894680E-005
   10938.1000000000       4.936681791287950E-005
   10938.2000000000       4.936705082921099E-005
   10938.3000000000       4.936979071468980E-005
   10938.4000000000       4.937388358106188E-005
   10938.5000000000       4.938046865700683E-005
   10938.6000000000       4.938860552603260E-005
   10938.7000000000       4.939887992485592E-005
   10938.8000000000       4.941079921017104E-005
   10938.9000000000       4.942430808066660E-005
   10939.0000000000       4.943955339154283E-005
   10939.1000000000       4.945600449943873E-005
   10939.2000000000       4.947427846935063E-005
   10939.3000000000       4.949325326948853E-005
   10939.4000000000       4.951381475575291E-005
   10939.5000000000       4.953498023023408E-005
   10939.6000000000       4.955733028661281E-005
   10939.7000000000       4.958029528349362E-005
   10939.8000000000       4.960383502417686E-005
   10939.9000000000       4.962797346644027E-005
   10940.0000000000       4.965255482109200E-005
   10940.1000000000       4.967745616789558E-005
   10941.1000000000       4.992833163430878E-005
   10942.1000000000       5.015794738189023E-005
   10943.1000000000       5.036308521405132E-005
   10944.1000000000       5.055189890033952E-005
   10945.1000000000       5.072972868848143E-005
   10946.1000000000       5.089900211453891E-005
   10947.1000000000       5.106109540157356E-005
   10948.1000000000       5.121631760590594E-005
   10950.6000000000       5.157834467123579E-005
   10953.1000000000       5.191088664000344E-005
   10955.6000000000       5.222354916426757E-005
   10958.1000000000       5.252019558856695E-005
   10963.1000000000       5.307487593874982E-005
   10968.1000000000       5.358653991410546E-005
   10973.1000000000       5.406028583267661E-005
   10978.1000000000       5.450032090597913E-005
   10983.1000000000       5.490867802304257E-005
   10988.1000000000       5.528896568020058E-005
   10993.1000000000       5.564433984999223E-005
   10998.1000000000       5.597718416389377E-005
   11003.1000000000       5.628949382169833E-005
   11008.1000000000       5.658211164126531E-005
   11013.1000000000       5.685545217138466E-005
   11018.1000000000       5.711042042596899E-005
   11023.1000000000       5.734806552850433E-005
   11028.1000000000       5.756949443809017E-005
   11033.1000000000       5.777546098251911E-005
   11038.1000000000       5.796594469758949E-005
   11050.6000000000       5.838791827333414E-005
   11063.1000000000       5.873235744692226E-005
   11064.8600000000       5.877535132766656E-005
   11075.6000000000       5.900922699457739E-005
   11088.1000000000       5.922673498429919E-005
   11163.1000000000       5.976090995576524E-005
   11195.0300000000       5.973987189842557E-005
   11238.1000000000       5.958467133138342E-005
   11325.2100000000       5.904146905468647E-005
   11455.3800000000       5.801089077217801E-005
   11585.5500000000       5.691311698183638E-005
   11715.7300000000       5.581218904520818E-005
   11845.9000000000       5.466997627360682E-005
   11976.0800000000       5.360618239548457E-005
   12000.0000000000       5.340823360707647E-005
   12106.2500000000       5.253446844830305E-005
   12236.4300000000       5.146385778016292E-005
   12366.6000000000       5.035661099104811E-005
   12496.7800000000       4.909814507791695E-005
   12518.1000000000       4.885679598757956E-005
   12593.1000000000       4.783668440227133E-005
   12626.9500000000       4.723173474790649E-005
   12668.1000000000       4.628750757036105E-005
   12680.6000000000       4.593800777971100E-005
   12693.1000000000       4.554908555061167E-005
   12705.6000000000       4.511573957435653E-005
   12718.1000000000       4.463122069441125E-005
   12723.1000000000       4.442131614177862E-005
   12728.1000000000       4.420032906690967E-005
   12733.1000000000       4.396815308605898E-005
   12738.1000000000       4.372407701568376E-005
   12743.1000000000       4.346738807783713E-005
   12748.1000000000       4.319687390625309E-005
   12753.1000000000       4.291163337705929E-005
   12757.1300000000       4.267041835169238E-005
   12758.1000000000       4.261041806591325E-005
   12763.1000000000       4.229076155221758E-005
   12768.1000000000       4.195121439032567E-005
   12773.1000000000       4.158818245599114E-005
   12778.1000000000       4.119776526643651E-005
   12783.1000000000       4.077458978237826E-005
   12788.1000000000       4.031186336737645E-005
   12793.1000000000       3.979850522075549E-005
   12798.1000000000       3.921704918148361E-005
   12800.6000000000       3.888827751862060E-005
   12803.1000000000       3.852087379832347E-005
   12805.6000000000       3.810730247328725E-005
   12808.1000000000       3.763918374404614E-005
   12809.1000000000       3.743286373213470E-005
   12810.1000000000       3.721335793951537E-005
   12811.1000000000       3.698183764704258E-005
   12812.1000000000       3.674378125086830E-005
   12813.1000000000       3.651437564895863E-005
   12814.1000000000       3.633012148342891E-005
   12815.1000000000       3.625838984950097E-005
   12816.1000000000       3.636505624656214E-005
   12816.2000000000       3.638505073325208E-005
   12816.3000000000       3.640658207495688E-005
   12816.4000000000       3.642870229039433E-005
   12816.5000000000       3.645191136932639E-005
   12816.6000000000       3.647552502686430E-005
   12816.7000000000       3.649965169817273E-005
   12816.8000000000       3.652355657991531E-005
   12816.9000000000       3.654743271016230E-005
   12817.0000000000       3.657058488608401E-005
   12817.1000000000       3.659311882356363E-005
   12817.2000000000       3.661421838795525E-005
   12817.3000000000       3.663419917156776E-005
   12817.4000000000       3.665250277872488E-005
   12817.5000000000       3.666874000928402E-005
   12817.6000000000       3.668295009539947E-005
   12817.7000000000       3.669475106813139E-005
   12817.8000000000       3.670397567402651E-005
   12817.9000000000       3.671050047424942E-005
   12818.0000000000       3.671431423211768E-005
   12818.1000000000       3.671533799333184E-005
   12818.2000000000       3.671349978727618E-005
   12818.3000000000       3.670864304615855E-005
   12818.4000000000       3.670132647248246E-005
   12818.5000000000       3.669107101965135E-005
   12818.6000000000       3.667850031658326E-005
   12818.7000000000       3.666342015182110E-005
   12818.8000000000       3.664625736074614E-005
   12818.9000000000       3.662710190579315E-005
   12819.0000000000       3.660628185838233E-005
   12819.1000000000       3.658421303236848E-005
   12819.2000000000       3.656074540356875E-005
   12819.3000000000       3.653678855941760E-005
   12819.4000000000       3.651197309014900E-005
   12819.5000000000       3.648720122419106E-005
   12819.6000000000       3.646227055758735E-005
   12819.7000000000       3.643773725729875E-005
   12819.8000000000       3.641366701039670E-005
   12819.9000000000       3.639061021905388E-005
   12820.0000000000       3.636836171302898E-005
   12820.1000000000       3.634743096379932E-005
   12821.1000000000       3.623227693915784E-005
   12822.1000000000       3.629547789251844E-005
   12823.1000000000       3.647109617256116E-005
   12824.1000000000       3.669162866333212E-005
   12825.1000000000       3.692067432699952E-005
   12826.1000000000       3.714303901165732E-005
   12827.1000000000       3.735323948951652E-005
   12828.1000000000       3.755020185576004E-005
   12830.6000000000       3.799432554439467E-005
   12833.1000000000       3.838355806352176E-005
   12835.6000000000       3.872612612951836E-005
   12838.1000000000       3.902974827948634E-005
   12843.1000000000       3.955988476337710E-005
   12848.1000000000       4.002081338599438E-005
   12853.1000000000       4.043024101310043E-005
   12858.1000000000       4.079900853715918E-005
   12863.1000000000       4.113404849726750E-005
   12868.1000000000       4.144067007744192E-005
   12873.1000000000       4.172309894822482E-005
   12878.1000000000       4.198440036762188E-005
   12883.1000000000       4.222717591935994E-005
   12887.3000000000       4.241811394312298E-005
   12888.1000000000       4.245308455108552E-005
   12893.1000000000       4.266265378462539E-005
   12898.1000000000       4.285809165533435E-005
   12903.1000000000       4.304018590103875E-005
   12908.1000000000       4.320976187475254E-005
   12913.1000000000       4.336752815018863E-005
   12918.1000000000       4.351361347577035E-005
   12930.6000000000       4.383591742515347E-005
   12943.1000000000       4.410415857155955E-005
   12955.6000000000       4.432528207182269E-005
   12968.1000000000       4.450436059783154E-005
   13017.4800000000       4.492236936213857E-005
   13043.1000000000       4.500879500415132E-005
   13118.1000000000       4.497260733848100E-005
   13147.6500000000       4.488847712990895E-005
   13277.8300000000       4.431644779652536E-005
   13408.0000000000       4.361889318957984E-005
   13538.1800000000       4.289211903286853E-005
   13668.3500000000       4.216538068546438E-005
   13798.5300000000       4.144930056930897E-005
   13928.7000000000       4.076177786618929E-005
   14000.0000000000       4.038097738189019E-005
   14058.8800000000       4.007051620884000E-005
   14189.0500000000       3.939666787726810E-005
   14319.2200000000       3.873959125590256E-005
   14449.4000000000       3.809872718687532E-005
   14579.5700000000       3.747395226374239E-005
   14746.9400000000       3.670227715936379E-005
   14914.3100000000       3.594418715628672E-005
   15081.6800000000       3.520938526832223E-005
   15249.0400000000       3.449645958034010E-005
   15416.4100000000       3.380508956622045E-005
   15580.5000000000       3.314747904013113E-005
   15583.7800000000       3.313454005264413E-005
   15655.5000000000       3.285344647440989E-005
   15730.5000000000       3.256351122553817E-005
   15743.0000000000       3.251548754117931E-005
   15751.1500000000       3.248435048269671E-005
   15755.5000000000       3.246769993001598E-005
   15768.0000000000       3.242005376512846E-005
   15780.5000000000       3.237244204626789E-005
   15785.5000000000       3.235334549078741E-005
   15790.5000000000       3.233436168368555E-005
   15795.5000000000       3.231537014130546E-005
   15800.5000000000       3.229640184932421E-005
   15805.5000000000       3.227746460372304E-005
   15810.5000000000       3.225827461868308E-005
   15815.5000000000       3.223943211339467E-005
   15820.5000000000       3.222046747668342E-005
   15825.5000000000       3.220164959526151E-005
   15830.5000000000       3.218274916874138E-005
   15835.5000000000       3.216388827855691E-005
   15840.5000000000       3.214513909364604E-005
   15845.5000000000       3.212635059144795E-005
   15850.5000000000       3.210755280270800E-005
   15855.5000000000       3.208883905156271E-005
   15860.5000000000       3.207008113223083E-005
   15863.0000000000       3.206069360010107E-005
   15865.5000000000       3.205141822737049E-005
   15868.0000000000       3.204201134790621E-005
   15870.5000000000       3.203259734934355E-005
   15871.5000000000       3.202893018666093E-005
   15872.5000000000       3.202517837530896E-005
   15873.5000000000       3.202144912425161E-005
   15874.5000000000       3.201768064257015E-005
   15875.5000000000       3.201397310519846E-005
   15876.5000000000       3.201028358131029E-005
   15877.5000000000       3.200644970666870E-005
   15878.5000000000       3.200271309770524E-005
   15878.6000000000       3.200234349900330E-005
   15878.7000000000       3.200207977527872E-005
   15878.8000000000       3.200155478715586E-005
   15878.9000000000       3.200120300136050E-005
   15879.0000000000       3.200094765960105E-005
   15879.1000000000       3.200050082853288E-005
   15879.2000000000       3.200018328367282E-005
   15879.3000000000       3.199970384431727E-005
   15879.4000000000       3.199940424351330E-005
   15879.5000000000       3.199900915674947E-005
   15879.6000000000       3.199861094519922E-005
   15879.7000000000       3.199832245282735E-005
   15879.8000000000       3.199793624918187E-005
   15879.9000000000       3.199751085371712E-005
   15880.0000000000       3.199718198795448E-005
   15880.1000000000       3.199684108664900E-005
   15880.2000000000       3.199636192501442E-005
   15880.3000000000       3.199601404195574E-005
   15880.4000000000       3.199562044555726E-005
   15880.5000000000       3.199526512210868E-005
   15880.6000000000       3.199494559027383E-005
   15880.7000000000       3.199452869259364E-005
   15880.8000000000       3.199425568232708E-005
   15880.9000000000       3.199373771509229E-005
   15881.0000000000       3.199335879188518E-005
   15881.1000000000       3.199305362580616E-005
   15881.2000000000       3.199268652942948E-005
   15881.3000000000       3.199228108941314E-005
   15881.4000000000       3.199192498967878E-005
   15881.5000000000       3.199153782710552E-005
   15881.6000000000       3.199110709524477E-005
   15881.7000000000       3.199086763887840E-005
   15881.8000000000       3.199040462168124E-005
   15881.9000000000       3.199002120567866E-005
   15882.0000000000       3.198970049671493E-005
   15882.1000000000       3.198933999729809E-005
   15882.2000000000       3.198900609963025E-005
   15882.3000000000       3.198853836048455E-005
   15882.4000000000       3.198816045705818E-005
   15882.5000000000       3.198777214922790E-005
   15883.5000000000       3.198408142768360E-005
   15884.5000000000       3.198031735812889E-005
   15885.5000000000       3.197661347698263E-005
   15886.5000000000       3.197288322575622E-005
   15887.5000000000       3.196909043119625E-005
   15888.5000000000       3.196543764135062E-005
   15889.5000000000       3.196171797259568E-005
   15890.5000000000       3.195797804662116E-005
   15893.0000000000       3.194865131889533E-005
   15895.5000000000       3.193937892027958E-005
   15898.0000000000       3.192999939625668E-005
   15900.5000000000       3.192080560557420E-005
   15905.5000000000       3.190224796285801E-005
   15910.5000000000       3.188362393439533E-005
   15915.5000000000       3.186509218285461E-005
   15918.5100000000       3.185394845106307E-005
   15920.5000000000       3.184653334489680E-005
   15925.5000000000       3.182813821993744E-005
   15930.5000000000       3.180957003554825E-005
   15935.5000000000       3.179103978592515E-005
   15940.5000000000       3.177263753466086E-005
   15945.5000000000       3.175422561898086E-005
   15950.5000000000       3.173581174761986E-005
   15955.5000000000       3.171745649434948E-005
   15960.5000000000       3.169901768830400E-005
   15965.5000000000       3.168060987802591E-005
   15970.5000000000       3.166236429681233E-005
   15975.5000000000       3.164394072668845E-005
   15980.5000000000       3.162566592059348E-005
   15993.0000000000       3.157998996848602E-005
   15996.8000000000       3.156598279052840E-005
   16000.0000000000       3.155430830655598E-005
   16009.3000000000       3.152041528166046E-005
   16014.3000000000       3.150222584496550E-005
   16019.3000000000       3.148397431976409E-005
   16024.3000000000       3.146587419360575E-005
   16029.3000000000       3.144764664631683E-005
   16034.3000000000       3.142952630924771E-005
   16039.3000000000       3.141139938478482E-005
   16044.3000000000       3.139329901953293E-005
   16049.3000000000       3.137515866508812E-005
   16054.3000000000       3.135709775414867E-005
   16059.3000000000       3.133897439232882E-005
   16064.3000000000       3.132108482507575E-005
   16069.3000000000       3.130308443968065E-005
   16074.3000000000       3.128502501600263E-005
   16079.3000000000       3.126713980928628E-005
   16084.3000000000       3.124922121027660E-005
   16085.8800000000       3.124345070538775E-005
   16089.3000000000       3.123127239726153E-005
   16091.8000000000       3.122231095637031E-005
   16094.3000000000       3.121337573818360E-005
   16096.8000000000       3.120443143578754E-005
   16099.3000000000       3.119555740794442E-005
   16100.3000000000       3.119194246145882E-005
   16101.3000000000       3.118832614678129E-005
   16102.3000000000       3.118479178012732E-005
   16103.3000000000       3.118122870191722E-005
   16104.3000000000       3.117770518616456E-005
   16105.3000000000       3.117407455767879E-005
   16106.3000000000       3.117041300995439E-005
   16107.3000000000       3.116691648851750E-005
   16107.4000000000       3.116657753945880E-005
   16107.5000000000       3.116616747677369E-005
   16107.6000000000       3.116584365308989E-005
   16107.7000000000       3.116551776775759E-005
   16107.8000000000       3.116513620727406E-005
   16107.9000000000       3.116470817794032E-005
   16108.0000000000       3.116439098270195E-005
   16108.1000000000       3.116408688027019E-005
   16108.2000000000       3.116365128357329E-005
   16108.3000000000       3.116331014942222E-005
   16108.4000000000       3.116294079196614E-005
   16108.5000000000       3.116258894165365E-005
   16108.6000000000       3.116225078868312E-005
   16108.7000000000       3.116189076993547E-005
   16108.8000000000       3.116147112509890E-005
   16108.9000000000       3.116120436295312E-005
   16109.0000000000       3.116076081937893E-005
   16109.1000000000       3.116053747891452E-005
   16109.2000000000       3.116005287704341E-005
   16109.3000000000       3.115973220035831E-005
   16109.4000000000       3.115939166502508E-005
   16109.5000000000       3.115897996094857E-005
   16109.6000000000       3.115864919321543E-005
   16109.7000000000       3.115828350374438E-005
   16109.8000000000       3.115801983738801E-005
   16109.9000000000       3.115761243478283E-005
   16110.0000000000       3.115721217871002E-005
   16110.1000000000       3.115686667793073E-005
   16110.2000000000       3.115653713989772E-005
   16110.3000000000       3.115615122394330E-005
   16110.4000000000       3.115584663950909E-005
   16110.5000000000       3.115550876334299E-005
   16110.6000000000       3.115518925507286E-005
   16110.7000000000       3.115472352446563E-005
   16110.8000000000       3.115443767297105E-005
   16110.9000000000       3.115399020278270E-005
   16111.0000000000       3.115374333536098E-005
   16111.1000000000       3.115337470566395E-005
   16111.2000000000       3.115306850764201E-005
   16111.3000000000       3.115262592418908E-005
   16112.3000000000       3.114912019411473E-005
   16113.3000000000       3.114553560081756E-005
   16114.3000000000       3.114199933795801E-005
   16115.3000000000       3.113847077405715E-005
   16116.3000000000       3.113488139372828E-005
   16117.3000000000       3.113130167280381E-005
   16118.3000000000       3.112777120987284E-005
   16119.3000000000       3.112420554980954E-005
   16121.8000000000       3.111530466172626E-005
   16124.3000000000       3.110636376638912E-005
   16126.8000000000       3.109749294474258E-005
   16129.3000000000       3.108869123084123E-005
   16134.3000000000       3.107091579330775E-005
   16139.3000000000       3.105313150106630E-005
   16144.3000000000       3.103540658515247E-005
   16149.3000000000       3.101779476287861E-005
   16154.3000000000       3.100013009851612E-005
   16159.3000000000       3.098249046123710E-005
   16164.3000000000       3.096486730320095E-005
   16169.3000000000       3.094720695821788E-005
   16174.3000000000       3.092960538544540E-005
   16179.3000000000       3.091205648353941E-005
   16184.3000000000       3.089439313719919E-005
   16189.3000000000       3.087687925935487E-005
   16194.3000000000       3.085927343664520E-005
   16199.3000000000       3.084166730813671E-005
   16204.3000000000       3.082426173261912E-005
   16209.3000000000       3.080667723547616E-005
   16221.8000000000       3.076271120322352E-005
   16234.3000000000       3.071884802620506E-005
   16246.8000000000       3.067478390494065E-005
   16253.2500000000       3.065204064171870E-005
   16269.7000000000       3.059388186299322E-005
   16282.2000000000       3.054952110449217E-005
   16294.7000000000       3.050486492172054E-005
   16307.2000000000       3.045971225909686E-005
   16312.2000000000       3.044158387278914E-005
   16317.2000000000       3.042326795643979E-005
   16322.2000000000       3.040487668399689E-005
   16327.2000000000       3.038636408744587E-005
   16332.2000000000       3.036778451185676E-005
   16337.2000000000       3.034891640359969E-005
   16342.2000000000       3.032992649768475E-005
   16347.2000000000       3.031074051926279E-005
   16352.2000000000       3.029133541888206E-005
   16357.2000000000       3.027118496398358E-005
   16362.2000000000       3.024646959225714E-005
   16367.2000000000       3.022565988818521E-005
   16372.2000000000       3.020528064432515E-005
   16377.2000000000       3.018459884534576E-005
   16382.2000000000       3.016368736155315E-005
   16387.2000000000       3.014289127309564E-005
   16389.7000000000       3.013250570521720E-005
   16392.2000000000       3.012238564728922E-005
   16394.7000000000       3.011244830532983E-005
   16397.2000000000       3.010269296773684E-005
   16398.2000000000       3.009889413208198E-005
   16399.2000000000       3.009511004181495E-005
   16400.2000000000       3.009149239803149E-005
   16401.2000000000       3.008773251632314E-005
   16402.2000000000       3.008405410063947E-005
   16403.2000000000       3.008039790038406E-005
   16404.2000000000       3.007685835456119E-005
   16405.2000000000       3.007336522035982E-005
   16405.3000000000       3.007306007666222E-005
   16405.4000000000       3.007263450097497E-005
   16405.5000000000       3.007230026308743E-005
   16405.6000000000       3.007190080170157E-005
   16405.7000000000       3.007159379355825E-005
   16405.8000000000       3.007126956539656E-005
   16405.9000000000       3.007087594903832E-005
   16406.0000000000       3.007050668766773E-005
   16406.1000000000       3.007017579992838E-005
   16406.2000000000       3.006980355967899E-005
   16406.3000000000       3.006951409893227E-005
   16406.4000000000       3.006906406929532E-005
   16406.5000000000       3.006874229908564E-005
   16406.6000000000       3.006845930884360E-005
   16406.7000000000       3.006807075267037E-005
   16406.8000000000       3.006771790938797E-005
   16406.9000000000       3.006734655648033E-005
   16407.0000000000       3.006697302433290E-005
   16407.1000000000       3.006667579967499E-005
   16407.2000000000       3.006635130548567E-005
   16407.3000000000       3.006602961909739E-005
   16407.4000000000       3.006565113230239E-005
   16407.5000000000       3.006536603480508E-005
   16407.6000000000       3.006503053701264E-005
   16407.7000000000       3.006472863288768E-005
   16407.8000000000       3.006444800824861E-005
   16407.9000000000       3.006407688531107E-005
   16408.0000000000       3.006376813264139E-005
   16408.1000000000       3.006344528784460E-005
   16408.2000000000       3.006311467417557E-005
   16408.3000000000       3.006276169057687E-005
   16408.4000000000       3.006253005645074E-005
   16408.5000000000       3.006213443151534E-005
   16408.6000000000       3.006178127675729E-005
   16408.7000000000       3.006150818309243E-005
   16408.8000000000       3.006115184745627E-005
   16408.9000000000       3.006085434498621E-005
   16409.0000000000       3.006059750213191E-005
   16409.1000000000       3.006019959242908E-005
   16409.2000000000       3.005995638364510E-005
   16410.2000000000       3.005668296046625E-005
   16411.2000000000       3.005351542420909E-005
   16412.2000000000       3.005044493228061E-005
   16413.2000000000       3.004736031990644E-005
   16414.2000000000       3.004425322062081E-005
   16415.2000000000       3.004127358488876E-005
   16416.2000000000       3.003832168253395E-005
   16417.2000000000       3.003541981569689E-005
   16419.7000000000       3.002832169478450E-005
   16420.6200000000       3.002566558250268E-005
   16422.2000000000       3.002138390185673E-005
   16424.7000000000       3.001480601273483E-005
   16427.2000000000       3.000815424827484E-005
   16432.2000000000       2.999537262814720E-005
   16437.2000000000       2.998255585113530E-005
   16442.2000000000       2.996944177038729E-005
   16447.2000000000       2.995612729961667E-005
   16452.2000000000       2.994254922647823E-005
   16457.2000000000       2.992879729436568E-005
   16462.2000000000       2.991471130939521E-005
   16467.2000000000       2.990034150405654E-005
   16472.2000000000       2.988576726729654E-005
   16477.2000000000       2.987101107698768E-005
   16482.2000000000       2.985607940163802E-005
   16487.2000000000       2.984095273311560E-005
   16492.2000000000       2.982562906957317E-005
   16497.2000000000       2.981025870451107E-005
   16502.2000000000       2.979472311686323E-005
   16507.2000000000       2.977914910862481E-005
   16519.7000000000       2.973968591260368E-005
   16532.2000000000       2.969980297207041E-005
   16544.7000000000       2.965947913775499E-005
   16557.2000000000       2.961886054849199E-005
   16587.9900000000       2.951764248772901E-005
   16656.5000000000       2.928586350352315E-005
   16669.0000000000       2.924198245467378E-005
   16681.5000000000       2.919731278870297E-005
   16694.0000000000       2.915176197658828E-005
   16706.5000000000       2.910494433738369E-005
   16711.5000000000       2.908581907501356E-005
   16716.5000000000       2.906639188268818E-005
   16721.5000000000       2.904670399916017E-005
   16726.5000000000       2.902669703188292E-005
   16731.5000000000       2.900623048508350E-005
   16736.5000000000       2.898539367119863E-005
   16741.5000000000       2.896409202285521E-005
   16746.5000000000       2.894241454099689E-005
   16751.5000000000       2.891999363223692E-005
   16755.3500000000       2.890241156074104E-005
   16756.5000000000       2.889703449422504E-005
   16761.5000000000       2.887359122799060E-005
   16766.5000000000       2.884947913150407E-005
   16771.5000000000       2.882476454028091E-005
   16776.5000000000       2.879946267140255E-005
   16781.5000000000       2.877356113404921E-005
   16786.5000000000       2.874747717266902E-005
   16789.0000000000       2.873449441818808E-005
   16791.5000000000       2.872179568699284E-005
   16794.0000000000       2.870951413209497E-005
   16796.5000000000       2.869785414000588E-005
   16797.5000000000       2.869328179296824E-005
   16798.5000000000       2.868893237620824E-005
   16799.5000000000       2.868478104045178E-005
   16800.5000000000       2.868061054492127E-005
   16801.5000000000       2.867667410257684E-005
   16802.5000000000       2.867286727126417E-005
   16803.5000000000       2.866914569291350E-005
   16804.5000000000       2.866545309272531E-005
   16804.6000000000       2.866506402399320E-005
   16804.7000000000       2.866463791057519E-005
   16804.8000000000       2.866424582122607E-005
   16804.9000000000       2.866381841542308E-005
   16805.0000000000       2.866353636721007E-005
   16805.1000000000       2.866302166033601E-005
   16805.2000000000       2.866272720559301E-005
   16805.3000000000       2.866227917278216E-005
   16805.4000000000       2.866196770266592E-005
   16805.5000000000       2.866149304635296E-005
   16805.6000000000       2.866118719464514E-005
   16805.7000000000       2.866080296857763E-005
   16805.8000000000       2.866037613543349E-005
   16805.9000000000       2.866007712252159E-005
   16806.0000000000       2.865969591447478E-005
   16806.1000000000       2.865932633958792E-005
   16806.2000000000       2.865891031660159E-005
   16806.3000000000       2.865866760045954E-005
   16806.4000000000       2.865829015609646E-005
   16806.5000000000       2.865798220291221E-005
   16806.6000000000       2.865763643598617E-005
   16806.7000000000       2.865741176801124E-005
   16806.8000000000       2.865705785207960E-005
   16806.9000000000       2.865681480367332E-005
   16807.0000000000       2.865654849366145E-005
   16807.1000000000       2.865636141916276E-005
   16807.2000000000       2.865600118051322E-005
   16807.3000000000       2.865576782517866E-005
   16807.4000000000       2.865553133456705E-005
   16807.5000000000       2.865527283405539E-005
   16807.6000000000       2.865505785508085E-005
   16807.7000000000       2.865470042354140E-005
   16807.8000000000       2.865461450054002E-005
   16807.9000000000       2.865435548684290E-005
   16808.0000000000       2.865413337389895E-005
   16808.1000000000       2.865383051033406E-005
   16808.2000000000       2.865372638017434E-005
   16808.3000000000       2.865343053844070E-005
   16808.4000000000       2.865314438688290E-005
   16808.5000000000       2.865291050481376E-005
   16809.5000000000       2.865051020978089E-005
   16810.5000000000       2.864788613279441E-005
   16811.5000000000       2.864546320151026E-005
   16812.5000000000       2.864327999724085E-005
   16813.5000000000       2.864106285682431E-005
   16814.5000000000       2.863906383402228E-005
   16815.5000000000       2.863713225412367E-005
   16816.5000000000       2.863553370933266E-005
   16819.0000000000       2.863152211032218E-005
   16821.5000000000       2.862823266589364E-005
   16824.0000000000       2.862521818268169E-005
   16826.5000000000       2.862259042284119E-005
   16831.5000000000       2.861740784997749E-005
   16836.5000000000       2.861174866615512E-005
   16841.5000000000       2.860580920670410E-005
   16846.5000000000       2.859903582716471E-005
   16851.5000000000       2.859169829604022E-005
   16856.5000000000       2.858380147895676E-005
   16861.5000000000       2.857520479977209E-005
   16866.5000000000       2.856597429224159E-005
   16871.5000000000       2.855627904638660E-005
   16876.5000000000       2.854594321644313E-005
   16881.5000000000       2.853516735350215E-005
   16886.5000000000       2.852398822985515E-005
   16891.5000000000       2.851249797119491E-005
   16896.5000000000       2.850055731994370E-005
   16901.5000000000       2.848842766685862E-005
   16906.5000000000       2.847589261145614E-005
   16919.0000000000       2.844368041437139E-005
   16922.7200000000       2.843383688307768E-005
   16931.5000000000       2.841011027012369E-005
   16944.0000000000       2.837564872202925E-005
   16956.5000000000       2.834027850602007E-005
   17031.5000000000       2.811795174233763E-005
   17090.0900000000       2.793809295936063E-005
   17137.1000000000       2.779139397728968E-005
   17212.1000000000       2.753659041778653E-005
   17224.6000000000       2.749574944639734E-005
   17237.1000000000       2.745487744571347E-005
   17249.6000000000       2.741361380399855E-005
   17257.4600000000       2.738774597277189E-005
   17262.1000000000       2.737252257792074E-005
   17267.1000000000       2.735594866543031E-005
   17272.1000000000       2.733943235008683E-005
   17277.1000000000       2.732291162951062E-005
   17282.1000000000       2.730635038537439E-005
   17287.1000000000       2.728976052215173E-005
   17292.1000000000       2.727326999540939E-005
   17297.1000000000       2.725672917612483E-005
   17302.1000000000       2.724014576364725E-005
   17307.1000000000       2.722369924056161E-005
   17312.1000000000       2.720729531509034E-005
   17317.1000000000       2.719098653889382E-005
   17322.1000000000       2.717471617515510E-005
   17327.1000000000       2.715878030158863E-005
   17332.1000000000       2.714280851080999E-005
   17337.1000000000       2.712718003360087E-005
   17342.1000000000       2.711193334864924E-005
   17344.6000000000       2.710433336563380E-005
   17347.1000000000       2.709680844617604E-005
   17349.6000000000       2.708942662980577E-005
   17352.1000000000       2.708214244564993E-005
   17353.1000000000       2.707918042033317E-005
   17354.1000000000       2.707636117709811E-005
   17355.1000000000       2.707351848523050E-005
   17356.1000000000       2.707066112052119E-005
   17357.1000000000       2.706778968783950E-005
   17358.1000000000       2.706494610536951E-005
   17359.1000000000       2.706202455426834E-005
   17360.1000000000       2.705898556124115E-005
   17360.2000000000       2.705866716103593E-005
   17360.3000000000       2.705837072006229E-005
   17360.4000000000       2.705804264032036E-005
   17360.5000000000       2.705778790344367E-005
   17360.6000000000       2.705742201731016E-005
   17360.7000000000       2.705709227965805E-005
   17360.8000000000       2.705678561991544E-005
   17360.9000000000       2.705639553234509E-005
   17361.0000000000       2.705619053228937E-005
   17361.1000000000       2.705580610793429E-005
   17361.2000000000       2.705548181091271E-005
   17361.3000000000       2.705520653979772E-005
   17361.4000000000       2.705486991666251E-005
   17361.5000000000       2.705458015291733E-005
   17361.6000000000       2.705426583197641E-005
   17361.7000000000       2.705395595024366E-005
   17361.8000000000       2.705370706697671E-005
   17361.9000000000       2.705335477705787E-005
   17362.0000000000       2.705303040437976E-005
   17362.1000000000       2.705280804170882E-005
   17362.2000000000       2.705249149937238E-005
   17362.3000000000       2.705225885006615E-005
   17362.4000000000       2.705193165332970E-005
   17362.5000000000       2.705171968682053E-005
   17362.6000000000       2.705148439288401E-005
   17362.7000000000       2.705126442836904E-005
   17362.8000000000       2.705093216517949E-005
   17362.9000000000       2.705070052321376E-005
   17363.0000000000       2.705043177393368E-005
   17363.1000000000       2.705015885064091E-005
   17363.2000000000       2.704996880130807E-005
   17363.3000000000       2.704967250716250E-005
   17363.4000000000       2.704944446552493E-005
   17363.5000000000       2.704916838395593E-005
   17363.6000000000       2.704899526267744E-005
   17363.7000000000       2.704871825743409E-005
   17363.8000000000       2.704847560712909E-005
   17363.9000000000       2.704819532922567E-005
   17364.0000000000       2.704799003391622E-005
   17364.1000000000       2.704763695040376E-005
   17365.1000000000       2.704503459756311E-005
   17366.1000000000       2.704237158722753E-005
   17367.1000000000       2.703960400457515E-005
   17368.1000000000       2.703683130327155E-005
   17369.1000000000       2.703400659965625E-005
   17370.1000000000       2.703125056819184E-005
   17371.1000000000       2.702846072552620E-005
   17372.1000000000       2.702569385445648E-005
   17374.6000000000       2.701882727474496E-005
   17377.1000000000       2.701219227418075E-005
   17379.6000000000       2.700547287377221E-005
   17382.1000000000       2.699893521978515E-005
   17387.1000000000       2.698608000944107E-005
   17392.1000000000       2.697343405889411E-005
   17397.1000000000       2.696096033204682E-005
   17402.1000000000       2.694881238903139E-005
   17407.1000000000       2.693670830830091E-005
   17412.1000000000       2.692475884926533E-005
   17417.1000000000       2.691285618778244E-005
   17422.1000000000       2.690098573627376E-005
   17424.8200000000       2.689461938828524E-005
   17427.1000000000       2.688923641596661E-005
   17432.1000000000       2.687741929684502E-005
   17437.1000000000       2.686559393096440E-005
   17442.1000000000       2.685380741179664E-005
   17447.1000000000       2.684194741683649E-005
   17452.1000000000       2.683019178122825E-005
   17457.1000000000       2.681830624615024E-005
   17462.1000000000       2.680642500704774E-005
   17474.6000000000       2.677658785302136E-005
   17487.1000000000       2.674646769692691E-005
   17499.6000000000       2.671622976531309E-005
   17512.1000000000       2.668565153263788E-005
   17587.1000000000       2.649727686233676E-005
   17592.1900000000       2.648435179149571E-005
   17662.1000000000       2.630074487410049E-005
   17759.5600000000       2.601052188857028E-005
   17874.1000000000       2.567127882152198E-005
   17926.9300000000       2.550543789758566E-005
   17949.1000000000       2.543382223372727E-005
   18000.0000000000       2.526413549840149E-005
   18024.1000000000       2.518085346283735E-005
   18036.6000000000       2.513693558333987E-005
   18049.1000000000       2.509240489381063E-005
   18061.6000000000       2.504730792283218E-005
   18074.1000000000       2.500176518828766E-005
   18079.1000000000       2.498322789240729E-005
   18084.1000000000       2.496473347058204E-005
   18089.1000000000       2.494617686186173E-005
   18094.1000000000       2.492755125246063E-005
   18094.2900000000       2.492676138228784E-005
   18099.1000000000       2.490877505372339E-005
   18104.1000000000       2.489001726806049E-005
   18109.1000000000       2.487111423262066E-005
   18114.1000000000       2.485224942061365E-005
   18119.1000000000       2.483324797302787E-005
   18124.1000000000       2.481432399661319E-005
   18129.1000000000       2.479542307511443E-005
   18134.1000000000       2.477671019533456E-005
   18139.1000000000       2.475819583159437E-005
   18144.1000000000       2.474002332464511E-005
   18149.1000000000       2.472222078026626E-005
   18154.1000000000       2.470485942446785E-005
   18156.6000000000       2.469641671242728E-005
   18159.1000000000       2.468801423962314E-005
   18161.6000000000       2.467994456775326E-005
   18164.1000000000       2.467175093850689E-005
   18165.1000000000       2.466858342992297E-005
   18166.1000000000       2.466533397511638E-005
   18167.1000000000       2.466218508591982E-005
   18168.1000000000       2.465904130263021E-005
   18169.1000000000       2.465595198662357E-005
   18170.1000000000       2.465286244028777E-005
   18171.1000000000       2.464973404787949E-005
   18172.1000000000       2.464643203513839E-005
   18172.2000000000       2.464612115256254E-005
   18172.3000000000       2.464572634671475E-005
   18172.4000000000       2.464540667296330E-005
   18172.5000000000       2.464498116776514E-005
   18172.6000000000       2.464468817200425E-005
   18172.7000000000       2.464431696615873E-005
   18172.8000000000       2.464385819832789E-005
   18172.9000000000       2.464352983193302E-005
   18173.0000000000       2.464321229598176E-005
   18173.1000000000       2.464275576236831E-005
   18173.2000000000       2.464249798818500E-005
   18173.3000000000       2.464217272957809E-005
   18173.4000000000       2.464172057690521E-005
   18173.5000000000       2.464141982098277E-005
   18173.6000000000       2.464106028180309E-005
   18173.7000000000       2.464078732410238E-005
   18173.8000000000       2.464042007541426E-005
   18173.9000000000       2.464019365769483E-005
   18174.0000000000       2.463987404713678E-005
   18174.1000000000       2.463962147202981E-005
   18174.2000000000       2.463935641530676E-005
   18174.3000000000       2.463915766396178E-005
   18174.4000000000       2.463883895495155E-005
   18174.5000000000       2.463868229890775E-005
   18174.6000000000       2.463844363321999E-005
   18174.7000000000       2.463824421289209E-005
   18174.8000000000       2.463810213428623E-005
   18174.9000000000       2.463783097312674E-005
   18175.0000000000       2.463768482301190E-005
   18175.1000000000       2.463747520191753E-005
   18175.2000000000       2.463735882240675E-005
   18175.3000000000       2.463718771460993E-005
   18175.4000000000       2.463703644241268E-005
   18175.5000000000       2.463678333868035E-005
   18175.6000000000       2.463673819419687E-005
   18175.7000000000       2.463657887030580E-005
   18175.8000000000       2.463636811859603E-005
   18175.9000000000       2.463616138921207E-005
   18176.0000000000       2.463588567391456E-005
   18176.1000000000       2.463579851193683E-005
   18177.1000000000       2.463377668776316E-005
   18178.1000000000       2.463162752952202E-005
   18179.1000000000       2.462936814234453E-005
   18180.1000000000       2.462720080180539E-005
   18181.1000000000       2.462496674432606E-005
   18182.1000000000       2.462288953932433E-005
   18183.1000000000       2.462077637066786E-005
   18184.1000000000       2.461865136467348E-005
   18186.6000000000       2.461341088618894E-005
   18189.1000000000       2.460840284818470E-005
   18191.6000000000       2.460335141437945E-005
   18194.1000000000       2.459861241836896E-005
   18199.1000000000       2.458923430813393E-005
   18204.1000000000       2.458044719257039E-005
   18209.1000000000       2.457190440728443E-005
   18214.1000000000       2.456364725810306E-005
   18219.1000000000       2.455547815598187E-005
   18224.1000000000       2.454750343425593E-005
   18229.1000000000       2.453947726372627E-005
   18234.1000000000       2.453151129962159E-005
   18239.1000000000       2.452334917224711E-005
   18244.1000000000       2.451510748386666E-005
   18249.1000000000       2.450673362050163E-005
   18254.1000000000       2.449823444420703E-005
   18259.1000000000       2.448961025952481E-005
   18261.6600000000       2.448503241160894E-005
   18264.1000000000       2.448077882670761E-005
   18269.1000000000       2.447181311124345E-005
   18274.1000000000       2.446257774161188E-005
   18286.6000000000       2.443896471409764E-005
   18299.1000000000       2.441421127873991E-005
   18311.6000000000       2.438834756475679E-005
   18324.1000000000       2.436113040367563E-005
   18399.1000000000       2.417053723734396E-005
   18429.0300000000       2.407568011758879E-005
   18526.0000000000       2.363871814170951E-005
   18596.4000000000       2.312420684629686E-005
   18601.0000000000       2.308060351572282E-005
   18613.5000000000       2.295021963292315E-005
   18626.0000000000       2.280530656843551E-005
   18638.5000000000       2.264394939915337E-005
   18651.0000000000       2.246382374098413E-005
   18656.0000000000       2.238596794792036E-005
   18661.0000000000       2.230380806202495E-005
   18666.0000000000       2.221738641684218E-005
   18671.0000000000       2.212604529312746E-005
   18676.0000000000       2.202944038458664E-005
   18681.0000000000       2.192660480909491E-005
   18686.0000000000       2.181675971562964E-005
   18691.0000000000       2.169906633598745E-005
   18696.0000000000       2.157291254200721E-005
   18701.0000000000       2.143747969974573E-005
   18706.0000000000       2.129186024135459E-005
   18711.0000000000       2.113413783541741E-005
   18716.0000000000       2.096026534854127E-005
   18721.0000000000       2.076146918960413E-005
   18726.0000000000       2.052462606242328E-005
   18731.0000000000       2.023839278233426E-005
   18733.5000000000       2.007150419703759E-005
   18736.0000000000       1.988188101857933E-005
   18738.5000000000       1.966449565604802E-005
   18741.0000000000       1.940879861974688E-005
   18742.0000000000       1.929128978905155E-005
   18743.0000000000       1.916180374343417E-005
   18744.0000000000       1.901923598497991E-005
   18745.0000000000       1.886372868372799E-005
   18746.0000000000       1.869805777254575E-005
   18747.0000000000       1.853092394881243E-005
   18748.0000000000       1.838546106099703E-005
   18749.0000000000       1.830342047651529E-005
   18749.1000000000       1.829994717745534E-005
   18749.2000000000       1.829732825762593E-005
   18749.3000000000       1.829552797324802E-005
   18749.4000000000       1.829447153991382E-005
   18749.5000000000       1.829419873228512E-005
   18749.6000000000       1.829449450890617E-005
   18749.7000000000       1.829527836659780E-005
   18749.8000000000       1.829671664269602E-005
   18749.9000000000       1.829838677608462E-005
   18750.0000000000       1.830032049843285E-005
   18750.1000000000       1.830240537102669E-005
   18750.2000000000       1.830460904068864E-005
   18750.3000000000       1.830685800344963E-005
   18750.4000000000       1.830898386839173E-005
   18750.5000000000       1.831081520904142E-005
   18750.6000000000       1.831250763502153E-005
   18750.7000000000       1.831378259474933E-005
   18750.8000000000       1.831461588267953E-005
   18750.9000000000       1.831509380251272E-005
   18751.0000000000       1.831510620070670E-005
   18751.1000000000       1.831472279489088E-005
   18751.2000000000       1.831364855893293E-005
   18751.3000000000       1.831243779039874E-005
   18751.4000000000       1.831061845974470E-005
   18751.5000000000       1.830860335629916E-005
   18751.6000000000       1.830621854395172E-005
   18751.7000000000       1.830377044979324E-005
   18751.8000000000       1.830106675372939E-005
   18751.9000000000       1.829836879373481E-005
   18752.0000000000       1.829591895899683E-005
   18752.1000000000       1.829346839485741E-005
   18752.2000000000       1.829151324601812E-005
   18752.3000000000       1.828968124128701E-005
   18752.4000000000       1.828851024649508E-005
   18752.5000000000       1.828783466394819E-005
   18752.6000000000       1.828788289764927E-005
   18752.7000000000       1.828850227276948E-005
   18752.8000000000       1.829004631221056E-005
   18752.9000000000       1.829229618585190E-005
   18753.0000000000       1.829535663012257E-005
   18754.0000000000       1.837448542658388E-005
   18755.0000000000       1.851697520213895E-005
   18756.0000000000       1.868099713467895E-005
   18757.0000000000       1.884336483243458E-005
   18758.0000000000       1.899544762120614E-005
   18759.0000000000       1.913452013776991E-005
   18760.0000000000       1.926031527884479E-005
   18761.0000000000       1.937421729727500E-005
   18763.5000000000       1.962114363865823E-005
   18763.7600000000       1.964435177667662E-005
   18766.0000000000       1.982896807250636E-005
   18768.5000000000       2.000879842778199E-005
   18771.0000000000       2.016600377952304E-005
   18776.0000000000       2.043271191583368E-005
   18781.0000000000       2.064972077813159E-005
   18786.0000000000       2.082836849078980E-005
   18791.0000000000       2.098199783115594E-005
   18796.0000000000       2.111926474867723E-005
   18801.0000000000       2.124422692496129E-005
   18806.0000000000       2.135884755624871E-005
   18811.0000000000       2.146404131865577E-005
   18816.0000000000       2.156046861680455E-005
   18821.0000000000       2.164883503179485E-005
   18826.0000000000       2.173007436571762E-005
   18831.0000000000       2.180498499109842E-005
   18836.0000000000       2.187435929827628E-005
   18841.0000000000       2.193885055380860E-005
   18846.0000000000       2.199873575141941E-005
   18851.0000000000       2.205440427319595E-005
   18863.5000000000       2.217810918322577E-005
   18876.0000000000       2.228217506767069E-005
   18888.5000000000       2.236881221265724E-005
   18901.0000000000       2.244012235933766E-005
   18931.1300000000       2.256036986013968E-005
   18976.0000000000       2.263908005942300E-005
   19051.0000000000       2.261235822990362E-005
   19098.5000000000       2.253935659004160E-005
   19145.6000000000       2.243882702716091E-005
   19220.6000000000       2.223939157797452E-005
   19265.8700000000       2.209051531025697E-005
   19295.6000000000       2.198340670936916E-005
   19308.1000000000       2.193637628557701E-005
   19320.6000000000       2.188789979396823E-005
   19333.1000000000       2.183818464571208E-005
   19345.6000000000       2.178700244149525E-005
   19350.6000000000       2.176615467458050E-005
   19355.6000000000       2.174489666700256E-005
   19360.6000000000       2.172362541066344E-005
   19365.6000000000       2.170194032314301E-005
   19370.6000000000       2.168035851999649E-005
   19375.6000000000       2.165873095729605E-005
   19380.6000000000       2.163694799550183E-005
   19385.6000000000       2.161522157104086E-005
   19390.6000000000       2.159365899299988E-005
   19395.6000000000       2.157216569329746E-005
   19400.6000000000       2.155060622666829E-005
   19405.6000000000       2.152950538486230E-005
   19410.6000000000       2.150898050539799E-005
   19415.6000000000       2.148918925482345E-005
   19420.6000000000       2.147091106943069E-005
   19425.6000000000       2.145439292919153E-005
   19428.1000000000       2.144708533839889E-005
   19430.6000000000       2.144042531995911E-005
   19433.1000000000       2.143465242559859E-005
   19433.2300000000       2.143436619439285E-005
   19435.6000000000       2.142979284643848E-005
   19436.6000000000       2.142806170130321E-005
   19437.6000000000       2.142670637566081E-005
   19438.6000000000       2.142538489818631E-005
   19439.6000000000       2.142426945919943E-005
   19440.6000000000       2.142336223743299E-005
   19441.6000000000       2.142242415336311E-005
   19442.6000000000       2.142151167124090E-005
   19443.6000000000       2.142044837486390E-005
   19443.7000000000       2.142033506620023E-005
   19443.8000000000       2.142021724093016E-005
   19443.9000000000       2.142005288713379E-005
   19444.0000000000       2.141997944528626E-005
   19444.1000000000       2.141979708960730E-005
   19444.2000000000       2.141980376390708E-005
   19444.3000000000       2.141960941389369E-005
   19444.4000000000       2.141954432962967E-005
   19444.5000000000       2.141928946824015E-005
   19444.6000000000       2.141930950043410E-005
   19444.7000000000       2.141912534071671E-005
   19444.8000000000       2.141898115145683E-005
   19444.9000000000       2.141878917880661E-005
   19445.0000000000       2.141867101275145E-005
   19445.1000000000       2.141856076874970E-005
   19445.2000000000       2.141840529787551E-005
   19445.3000000000       2.141821514462990E-005
   19445.4000000000       2.141803852155829E-005
   19445.5000000000       2.141784797757335E-005
   19445.6000000000       2.141772623246410E-005
   19445.7000000000       2.141745973591215E-005
   19445.8000000000       2.141723429160353E-005
   19445.9000000000       2.141715022809243E-005
   19446.0000000000       2.141681979140523E-005
   19446.1000000000       2.141663466999281E-005
   19446.2000000000       2.141643500817758E-005
   19446.3000000000       2.141625694962891E-005
   19446.4000000000       2.141594334082837E-005
   19446.5000000000       2.141570305066308E-005
   19446.6000000000       2.141551479351151E-005
   19446.7000000000       2.141526691642920E-005
   19446.8000000000       2.141511640700454E-005
   19446.9000000000       2.141477001767101E-005
   19447.0000000000       2.141444712378417E-005
   19447.1000000000       2.141420851779728E-005
   19447.2000000000       2.141405744159996E-005
   19447.3000000000       2.141372395173428E-005
   19447.4000000000       2.141345504592896E-005
   19447.5000000000       2.141316729846481E-005
   19447.6000000000       2.141295002980076E-005
   19448.6000000000       2.141023291647519E-005
   19449.6000000000       2.140751801989027E-005
   19450.6000000000       2.140469598066509E-005
   19451.6000000000       2.140185662648572E-005
   19452.6000000000       2.139918915182714E-005
   19453.6000000000       2.139667316167912E-005
   19454.6000000000       2.139434278845829E-005
   19455.6000000000       2.139229757438198E-005
   19458.1000000000       2.138780871006445E-005
   19460.6000000000       2.138420249934867E-005
   19463.1000000000       2.138146702148664E-005
   19465.6000000000       2.137943971636223E-005
   19470.6000000000       2.137713402435018E-005
   19475.6000000000       2.137656946678271E-005
   19480.6000000000       2.137741846845089E-005
   19485.6000000000       2.137900156901656E-005
   19490.6000000000       2.138125347524367E-005
   19495.6000000000       2.138374834914979E-005
   19500.6000000000       2.138627808101149E-005
   19505.6000000000       2.138899507720609E-005
   19510.6000000000       2.139172276065112E-005
   19515.6000000000       2.139431185124135E-005
   19520.6000000000       2.139695545291029E-005
   19525.6000000000       2.139958452504856E-005
   19530.6000000000       2.140200747179731E-005
   19535.6000000000       2.140421463996801E-005
   19540.6000000000       2.140629272304826E-005
   19545.6000000000       2.140800478497994E-005
   19558.1000000000       2.141143504099789E-005
   19570.6000000000       2.141341073135613E-005
   19583.1000000000       2.141397247401212E-005
   19595.6000000000       2.141355451971102E-005
   19600.6000000000       2.141286340752749E-005
   19670.6000000000       2.138734988827318E-005
   19745.6000000000       2.132752644282801E-005
   19767.9700000000       2.131506613526306E-005
   19935.3400000000       2.108725032397664E-005
   20000.0000000000       2.098346394562634E-005
   20102.7000000000       2.080967680621683E-005
   20270.0700000000       2.051470609016736E-005
   20437.4400000000       2.021535176189541E-005
   20604.8100000000       1.992910392061025E-005
   20772.1700000000       1.957648330935881E-005
   20939.5400000000       1.925273512145598E-005
   21106.9100000000       1.890957409982752E-005
   21274.2800000000       1.850957156355414E-005
   21355.0000000000       1.827518308907604E-005
   21430.0000000000       1.801449059912083E-005
   21441.6400000000       1.796911273221538E-005
   21505.0000000000       1.769070449920872E-005
   21517.5000000000       1.762865948678665E-005
   21530.0000000000       1.756355665426277E-005
   21542.5000000000       1.749558797370898E-005
   21555.0000000000       1.742482279762602E-005
   21560.0000000000       1.739581483147844E-005
   21565.0000000000       1.736601101546009E-005
   21570.0000000000       1.733582092405951E-005
   21575.0000000000       1.730494447917632E-005
   21580.0000000000       1.727330867735069E-005
   21585.0000000000       1.724092952238519E-005
   21590.0000000000       1.720769972055596E-005
   21595.0000000000       1.717345107665554E-005
   21600.0000000000       1.713825446528959E-005
   21605.0000000000       1.710197577409746E-005
   21609.0100000000       1.707220068329242E-005
   21610.0000000000       1.706468164377352E-005
   21615.0000000000       1.702585129275933E-005
   21620.0000000000       1.698526429485558E-005
   21625.0000000000       1.694305319852878E-005
   21630.0000000000       1.689945989478998E-005
   21635.0000000000       1.685369424308082E-005
   21637.5000000000       1.682967433733833E-005
   21640.0000000000       1.680479104208219E-005
   21642.5000000000       1.677862660428246E-005
   21645.0000000000       1.675037043733762E-005
   21646.0000000000       1.673823916663201E-005
   21647.0000000000       1.672537890046007E-005
   21648.0000000000       1.671179564451247E-005
   21649.0000000000       1.669761573460591E-005
   21650.0000000000       1.668306415818172E-005
   21651.0000000000       1.666851934864987E-005
   21652.0000000000       1.665472369287377E-005
   21653.0000000000       1.664256726698877E-005
   21653.1000000000       1.664134790097713E-005
   21653.2000000000       1.664037705704925E-005
   21653.3000000000       1.663934209586065E-005
   21653.4000000000       1.663829198048379E-005
   21653.5000000000       1.663731723693928E-005
   21653.6000000000       1.663633030966837E-005
   21653.7000000000       1.663555234398784E-005
   21653.8000000000       1.663452397915180E-005
   21653.9000000000       1.663386127305038E-005
   21654.0000000000       1.663299607001387E-005
   21654.1000000000       1.663238701288792E-005
   21654.2000000000       1.663160415940079E-005
   21654.3000000000       1.663106933190367E-005
   21654.4000000000       1.663049345542323E-005
   21654.5000000000       1.662998463091568E-005
   21654.6000000000       1.662964162681340E-005
   21654.7000000000       1.662911398073233E-005
   21654.8000000000       1.662903684427198E-005
   21654.9000000000       1.662866008524051E-005
   21655.0000000000       1.662858761802795E-005
   21655.1000000000       1.662843333070616E-005
   21655.2000000000       1.662845628198921E-005
   21655.3000000000       1.662832086765143E-005
   21655.4000000000       1.662859719842259E-005
   21655.5000000000       1.662867949655246E-005
   21655.6000000000       1.662892846907396E-005
   21655.7000000000       1.662918804114826E-005
   21655.8000000000       1.662944861891150E-005
   21655.9000000000       1.662996216203715E-005
   21656.0000000000       1.663035545910753E-005
   21656.1000000000       1.663086962755114E-005
   21656.2000000000       1.663134938265262E-005
   21656.3000000000       1.663206644886499E-005
   21656.4000000000       1.663262761704348E-005
   21656.5000000000       1.663330677172354E-005
   21656.6000000000       1.663398622414797E-005
   21656.7000000000       1.663473161418065E-005
   21656.8000000000       1.663549648767476E-005
   21656.9000000000       1.663629998506691E-005
   21657.0000000000       1.663712788609950E-005
   21658.0000000000       1.664670405954384E-005
   21659.0000000000       1.665784263132134E-005
   21660.0000000000       1.666973300099466E-005
   21661.0000000000       1.668152528508697E-005
   21662.0000000000       1.669306193429864E-005
   21663.0000000000       1.670385398500426E-005
   21664.0000000000       1.671396975370419E-005
   21665.0000000000       1.672343983854134E-005
   21667.5000000000       1.674486716848566E-005
   21670.0000000000       1.676429412217920E-005
   21672.5000000000       1.678229336409517E-005
   21675.0000000000       1.679939944533926E-005
   21680.0000000000       1.683126374170762E-005
   21685.0000000000       1.686097768971369E-005
   21690.0000000000       1.688919893447216E-005
   21695.0000000000       1.691566514597262E-005
   21700.0000000000       1.694023882973821E-005
   21705.0000000000       1.696346465526342E-005
   21710.0000000000       1.698531259851530E-005
   21715.0000000000       1.700626433784715E-005
   21720.0000000000       1.702591211669841E-005
   21725.0000000000       1.704480658187112E-005
   21730.0000000000       1.706260566028997E-005
   21735.0000000000       1.707958792607952E-005
   21740.0000000000       1.709590729731745E-005
   21745.0000000000       1.711141783391398E-005
   21750.0000000000       1.712629286964310E-005
   21755.0000000000       1.714056228370435E-005
   21767.5000000000       1.717413250283424E-005
   21776.3800000000       1.719605234341021E-005
   21780.0000000000       1.720455968552086E-005
   21792.5000000000       1.723174443078033E-005
   21805.0000000000       1.725566271271203E-005
   21880.0000000000       1.734645485161848E-005
   21943.7500000000       1.736909053785526E-005
   21955.0000000000       1.736923763059944E-005
   22000.0000000000       1.736008205744886E-005
   22111.1100000000       1.729128013999796E-005
   22278.4800000000       1.711753565415443E-005
   22445.8500000000       1.690852420457415E-005
   22613.2200000000       1.668848511092605E-005
   22780.5900000000       1.649604252459451E-005
   23308.1400000000       1.578850016648260E-005
   23835.6900000000       1.512524935914800E-005
   24000.0000000000       1.492717422848550E-005
   24363.2400000000       1.450279978959312E-005
   24890.7900000000       1.391787574061453E-005
   25418.3400000000       1.331527075376615E-005
   25945.8900000000       1.254591976341470E-005
   25952.0000000000       1.253235505855154E-005
   26000.0000000000       1.241189620626696E-005
   26027.0000000000       1.233430075272826E-005
   26102.0000000000       1.206570544662819E-005
   26114.5000000000       1.201125325831905E-005
   26127.0000000000       1.195245398681966E-005
   26139.5000000000       1.188927356503384E-005
   26152.0000000000       1.182079954384407E-005
   26157.0000000000       1.179181424185258E-005
   26162.0000000000       1.176162059855022E-005
   26167.0000000000       1.173037342567554E-005
   26172.0000000000       1.169773627964268E-005
   26177.0000000000       1.166377996248335E-005
   26182.0000000000       1.162838269218590E-005
   26187.0000000000       1.159157068323612E-005
   26192.0000000000       1.155302740435387E-005
   26197.0000000000       1.151275515049183E-005
   26202.0000000000       1.147055561916047E-005
   26207.0000000000       1.142662089321275E-005
   26212.0000000000       1.138114786675118E-005
   26217.0000000000       1.133452880004111E-005
   26222.0000000000       1.128759346937062E-005
   26227.0000000000       1.124257355593598E-005
   26232.0000000000       1.120497300425103E-005
   26234.5000000000       1.119198352963168E-005
   26237.0000000000       1.118614235710843E-005
   26239.5000000000       1.119094544048351E-005
   26242.0000000000       1.121116768905803E-005
   26243.0000000000       1.122510306870512E-005
   26244.0000000000       1.124327978447495E-005
   26245.0000000000       1.126606121928935E-005
   26246.0000000000       1.129336629794845E-005
   26247.0000000000       1.132464709086171E-005
   26248.0000000000       1.135843603621439E-005
   26249.0000000000       1.139201740504537E-005
   26250.0000000000       1.142120040623902E-005
   26250.1000000000       1.142371339973342E-005
   26250.2000000000       1.142607006614212E-005
   26250.3000000000       1.142837391588974E-005
   26250.4000000000       1.143061403241390E-005
   26250.5000000000       1.143266637440608E-005
   26250.6000000000       1.143470158876059E-005
   26250.7000000000       1.143649532429029E-005
   26250.8000000000       1.143820264994055E-005
   26250.9000000000       1.143980950584586E-005
   26251.0000000000       1.144127984812048E-005
   26251.1000000000       1.144262932580656E-005
   26251.2000000000       1.144381961352492E-005
   26251.3000000000       1.144485111384999E-005
   26251.4000000000       1.144575844307948E-005
   26251.5000000000       1.144653775916803E-005
   26251.6000000000       1.144713642887574E-005
   26251.7000000000       1.144755598291841E-005
   26251.8000000000       1.144785625079756E-005
   26251.9000000000       1.144805544411840E-005
   26252.0000000000       1.144804310523726E-005
   26252.1000000000       1.144788312421120E-005
   26252.2000000000       1.144755295777598E-005
   26252.3000000000       1.144710537879443E-005
   26252.4000000000       1.144653120161170E-005
   26252.5000000000       1.144578100441644E-005
   26252.6000000000       1.144488028826219E-005
   26252.7000000000       1.144384243993241E-005
   26252.8000000000       1.144266022396470E-005
   26252.9000000000       1.144129486914676E-005
   26253.0000000000       1.143981573348252E-005
   26253.1000000000       1.143820911184606E-005
   26253.2000000000       1.143645626157710E-005
   26253.3000000000       1.143459010089379E-005
   26253.4000000000       1.143263380494098E-005
   26253.5000000000       1.143050157321468E-005
   26253.6000000000       1.142827492533066E-005
   26253.7000000000       1.142591578592606E-005
   26253.8000000000       1.142352845587948E-005
   26253.9000000000       1.142091414072247E-005
   26254.0000000000       1.141828365205989E-005
   26255.0000000000       1.138748720062082E-005
   26256.0000000000       1.135238997320032E-005
   26257.0000000000       1.131696406087617E-005
   26258.0000000000       1.128408153221815E-005
   26259.0000000000       1.125520311283497E-005
   26260.0000000000       1.123092487132251E-005
   26261.0000000000       1.121125521587863E-005
   26262.0000000000       1.119589099835652E-005
   26264.5000000000       1.117196717849230E-005
   26267.0000000000       1.116348215636614E-005
   26269.5000000000       1.116556518102632E-005
   26272.0000000000       1.117479149943637E-005
   26277.0000000000       1.120478627217691E-005
   26282.0000000000       1.124211688398549E-005
   26287.0000000000       1.128121510698179E-005
   26292.0000000000       1.131995947675975E-005
   26297.0000000000       1.135752055971707E-005
   26302.0000000000       1.139345029422742E-005
   26307.0000000000       1.142748796572660E-005
   26312.0000000000       1.145969641067323E-005
   26317.0000000000       1.149004575697645E-005
   26322.0000000000       1.151861514897238E-005
   26327.0000000000       1.154576558151884E-005
   26332.0000000000       1.157139124221551E-005
   26337.0000000000       1.159565024526950E-005
   26342.0000000000       1.161858008641686E-005
   26347.0000000000       1.164034097362846E-005
   26352.0000000000       1.166088564251916E-005
   26364.5000000000       1.170809106063679E-005
   26377.0000000000       1.174987250998598E-005
   26389.5000000000       1.178698244264019E-005
   26402.0000000000       1.181969883037697E-005
   26473.4400000000       1.195004534717676E-005
   26477.0000000000       1.195456795720986E-005
   26552.0000000000       1.201453201406089E-005
   27000.9900000000       1.185852810794704E-005
   27528.5400000000       1.147052919254500E-005
   28000.0000000000       1.110324586638535E-005
   28056.0900000000       1.106079386163212E-005
   28583.6400000000       1.067315536212247E-005
   29111.1900000000       1.030607593589772E-005
   29638.7400000000       9.957960296894793E-006
   30000.0000000000       9.729713040058201E-006
   30166.2900000000       9.627245456855036E-006
   30693.8400000000       9.312771328965835E-006
   31221.3900000000       9.013250425242861E-006
   31748.9400000000       8.727569104364598E-006
   32000.0000000000       8.596197643367925E-006
   32276.4900000000       8.454819034065381E-006
   32804.0400000000       8.194172350273843E-006
   33427.5100000000       7.917377152684325E-006
   34000.0000000000       7.659435351693857E-006
   34050.9800000000       7.637059808928851E-006
   34674.4500000000       7.371166136836511E-006
   35297.9200000000       7.118815296991006E-006
   35921.3900000000       6.879099324981149E-006
   36000.0000000000       6.849728072190754E-006
   36544.8500000000       6.651130227251812E-006
   37168.3200000000       6.433806151870282E-006
   37791.7900000000       6.227789243103881E-006
   38000.0000000000       6.161297263058492E-006
   38415.2600000000       6.031715334291507E-006
   39038.7300000000       5.844404112297276E-006
   39662.2000000000       5.642829119747584E-006
   40000.0000000000       5.513593922663333E-006
   40212.0000000000       5.384071399340944E-006
   40285.6700000000       5.314333145183829E-006
   40287.0000000000       5.312820679561217E-006
   40362.0000000000       5.211338619717750E-006
   40374.5000000000       5.189721030721129E-006
   40387.0000000000       5.165874887635657E-006
   40399.5000000000       5.139463991326555E-006
   40412.0000000000       5.109929902386907E-006
   40417.0000000000       5.097096846183649E-006
   40422.0000000000       5.083524570097724E-006
   40427.0000000000       5.069206987910446E-006
   40432.0000000000       5.054069304683667E-006
   40437.0000000000       5.038042189326363E-006
   40442.0000000000       5.021059585240306E-006
   40447.0000000000       5.003000209632776E-006
   40452.0000000000       4.983761071500707E-006
   40457.0000000000       4.963200032020950E-006
   40462.0000000000       4.941227159043964E-006
   40467.0000000000       4.917643312742333E-006
   40472.0000000000       4.892089888338602E-006
   40477.0000000000       4.864146468547897E-006
   40482.0000000000       4.833427048590232E-006
   40487.0000000000       4.799730417655669E-006
   40492.0000000000       4.763376385394818E-006
   40494.5000000000       4.744426306822102E-006
   40497.0000000000       4.724757677974051E-006
   40499.5000000000       4.704138667786098E-006
   40502.0000000000       4.682380426908218E-006
   40503.0000000000       4.673495943205492E-006
   40504.0000000000       4.664706780845567E-006
   40505.0000000000       4.656416699752004E-006
   40506.0000000000       4.649336933953229E-006
   40507.0000000000       4.644625674573520E-006
   40508.0000000000       4.643616251524570E-006
   40509.0000000000       4.647045939454080E-006
   40510.0000000000       4.653876612662767E-006
   40510.1000000000       4.654634828703851E-006
   40510.2000000000       4.655386028742614E-006
   40510.3000000000       4.656127297194437E-006
   40510.4000000000       4.656856414596913E-006
   40510.5000000000       4.657561391615340E-006
   40510.6000000000       4.658243819882134E-006
   40510.7000000000       4.658897526976549E-006
   40510.8000000000       4.659517746743731E-006
   40510.9000000000       4.660093949499448E-006
   40511.0000000000       4.660644769874535E-006
   40511.1000000000       4.661131253778517E-006
   40511.2000000000       4.661590707730808E-006
   40511.3000000000       4.661979657712568E-006
   40511.4000000000       4.662324744212131E-006
   40511.5000000000       4.662598699554844E-006
   40511.6000000000       4.662815028914806E-006
   40511.7000000000       4.662975856990653E-006
   40511.8000000000       4.663060775372843E-006
   40511.9000000000       4.663093928805784E-006
   40512.0000000000       4.663046997754696E-006
   40512.1000000000       4.662944167295192E-006
   40512.2000000000       4.662770394460709E-006
   40512.3000000000       4.662525878361045E-006
   40512.4000000000       4.662239941194315E-006
   40512.5000000000       4.661867404157575E-006
   40512.6000000000       4.661440396737140E-006
   40512.7000000000       4.660967873309813E-006
   40512.8000000000       4.660442380017835E-006
   40512.9000000000       4.659851320969440E-006
   40513.0000000000       4.659219389973697E-006
   40513.1000000000       4.658548805609525E-006
   40513.2000000000       4.657844151392379E-006
   40513.3000000000       4.657094521521687E-006
   40513.4000000000       4.656316228308333E-006
   40513.5000000000       4.655515212062166E-006
   40513.6000000000       4.654705452540673E-006
   40513.7000000000       4.653872421517988E-006
   40513.8000000000       4.653026217130786E-006
   40513.9000000000       4.652174576764591E-006
   40514.0000000000       4.651330252665312E-006
   40515.0000000000       4.643774020219751E-006
   40516.0000000000       4.639948620920175E-006
   40517.0000000000       4.640743646261269E-006
   40518.0000000000       4.645304984848539E-006
   40519.0000000000       4.652207852463123E-006
   40520.0000000000       4.660275587712978E-006
   40521.0000000000       4.668807685892106E-006
   40522.0000000000       4.677393144853539E-006
   40524.5000000000       4.698277783036058E-006
   40527.0000000000       4.717947071896011E-006
   40529.5000000000       4.736614364219884E-006
   40532.0000000000       4.754507427836354E-006
   40537.0000000000       4.788687460395610E-006
   40542.0000000000       4.820163093537556E-006
   40547.0000000000       4.848620584535670E-006
   40552.0000000000       4.874277464019464E-006
   40557.0000000000       4.897502339242162E-006
   40562.0000000000       4.918756580894942E-006
   40567.0000000000       4.938377255273077E-006
   40572.0000000000       4.956562261793912E-006
   40577.0000000000       4.973428599430909E-006
   40582.0000000000       4.989085185603214E-006
   40587.0000000000       5.003671459856604E-006
   40592.0000000000       5.017262260365396E-006
   40597.0000000000       5.029971966703195E-006
   40602.0000000000       5.041847351064220E-006
   40607.0000000000       5.052968397720951E-006
   40612.0000000000       5.063344850314381E-006
   40624.5000000000       5.086714291444892E-006
   40637.0000000000       5.106925663361184E-006
   40649.5000000000       5.124527147212660E-006
   40662.0000000000       5.139865122713240E-006
   40737.0000000000       5.202978824318115E-006
   40812.0000000000       5.235214525886401E-006
   40909.1300000000       5.252107417779221E-006
   41532.6000000000       5.176198989464558E-006
   42000.0000000000       5.063954747255060E-006
   42156.0700000000       5.027256016122427E-006
   42779.5400000000       4.884558926522453E-006
   43403.0100000000       4.747850483207868E-006
   44000.0000000000       4.622247768640235E-006
   44026.4800000000       4.616805425134130E-006
   44649.9500000000       4.501718553553462E-006
   45369.3300000000       4.361858462882556E-006
   46000.0000000000       4.244232223802722E-006
   46088.7200000000       4.228010743727391E-006
   46808.1100000000       4.100501405089663E-006
   47527.4900000000       3.979358370852795E-006
   48000.0000000000       3.902408578625148E-006
   48246.8800000000       3.863057484747295E-006
   48966.2700000000       3.751664336157566E-006
   49685.6600000000       3.644982443357140E-006
   50000.0000000000       3.599776803828812E-006
   50405.0400000000       3.542877527509246E-006
   51124.4300000000       3.445109043903602E-006
   51843.8200000000       3.351286701777579E-006
   52000.0000000000       3.331423399154325E-006
   52563.2000000000       3.261246264455809E-006
   53282.5900000000       3.174766012736311E-006
   54000.0000000000       3.091889733075104E-006
   54001.9800000000       3.091668737820824E-006
   54721.3600000000       3.011769442975679E-006
   55440.7500000000       2.934946783129583E-006
   56000.0000000000       2.877213724284421E-006
   56160.1400000000       2.860999510482023E-006
   56879.5200000000       2.789806220044038E-006
   57598.9100000000       2.721210707367674E-006
   58000.0000000000       2.684065973832167E-006
   58318.3000000000       2.659344939355119E-006
   59133.6000000000       2.587183772218195E-006
   59948.9100000000       2.517798775024212E-006
   60000.0000000000       2.513543466107103E-006
   60764.2100000000       2.451201485064848E-006
   61579.5200000000       2.387194679471146E-006
   62000.0000000000       2.355156262382486E-006
   62394.8200000000       2.325646380707229E-006
   63210.1300000000       2.266427898847537E-006
   64000.0000000000       2.211185179700572E-006
   64025.4300000000       2.209433532893514E-006
   64840.7400000000       2.154545185982632E-006
   65656.0400000000       2.101679564042269E-006
   66000.0000000000       2.079945956988892E-006
   66471.3500000000       2.050713260033176E-006
   67286.6500000000       2.001578927722130E-006
   68000.0000000000       1.960004992894333E-006
   68101.9600000000       1.954157891817657E-006
   68917.2600000000       1.908405687965857E-006
   69732.5700000000       1.864237782637719E-006
   70000.0000000000       1.850076514858135E-006
   70547.8800000000       1.821567535260423E-006
   71363.1800000000       1.780328949587760E-006
   72000.0000000000       1.749088911324156E-006
   72178.4900000000       1.740463243015674E-006
   72993.7900000000       1.701900639164999E-006
   73809.1000000000       1.666207251542060E-006
   74000.0000000000       1.657623318958359E-006
   74720.3200000000       1.626369359387038E-006
   75631.5400000000       1.587136516703080E-006
   76000.0000000000       1.571846061127395E-006
   76542.7700000000       1.549710954169615E-006
   77453.9900000000       1.513548947848587E-006
   78000.0000000000       1.492479528083419E-006
   78365.2100000000       1.478625303746218E-006
   79276.4400000000       1.444877662448538E-006
   80000.0000000000       1.418898869579390E-006
   80187.6600000000       1.412270400142410E-006
   81098.8800000000       1.380739326778342E-006
   82000.0000000000       1.350594781643822E-006
   82010.1100000000       1.350259548836982E-006
   82921.3300000000       1.320761413803541E-006
   83832.5500000000       1.292207818903121E-006
   84000.0000000000       1.287066780907645E-006
   84743.7800000000       1.264581521359921E-006
   85655.0000000000       1.237814805586250E-006
   86000.0000000000       1.227898912567434E-006
   86566.2200000000       1.211887763476590E-006
   87477.4500000000       1.186789101643389E-006
   88000.0000000000       1.172710620703246E-006
   88388.6700000000       1.162404324199600E-006
   89299.8900000000       1.138781585630640E-006
   90000.0000000000       1.121112595740772E-006
   90211.1200000000       1.115869189276614E-006
   91122.3400000000       1.093639029251097E-006
   92000.0000000000       1.073516685409638E-006
   92129.4800000000       1.070491549103627E-006
   93136.6200000000       1.047426679563563E-006
   94000.0000000000       1.028236914877728E-006
   94143.7700000000       1.025092487749018E-006
   95150.9100000000       1.003463118300079E-006
   96000.0000000000       9.857482970552121E-007
   96158.0500000000       9.825047410986633E-007
   97165.1900000000       9.621919893408350E-007
   98000.0000000000       9.458259792194776E-007
   98172.3300000000       9.424999015716095E-007
   99179.4700000000       9.234008179925928E-007
   100000.000000000       9.082648486370317E-007
   100186.620000000       9.048732871168225E-007
   101193.760000000       8.868956524867173E-007
   102000.000000000       8.728830194596678E-007
   102200.900000000       8.694431945567858E-007
   103208.040000000       8.524978726305934E-007
   104000.000000000       8.395162558068853E-007
   104215.180000000       8.360401870232750E-007
   105222.320000000       8.200503427831738E-007
   106000.000000000       8.080143242828570E-007
   106229.470000000       8.045128739865981E-007
   107236.610000000       7.894102792153696E-007
   108000.000000000       7.782412164672507E-007
   108243.750000000       7.747250565915202E-007
   109250.890000000       7.604427230521085E-007
   110000.000000000       7.500740605640296E-007
   110258.030000000       7.465503593004045E-007
   112000.000000000       7.236950388092543E-007
   114000.000000000       6.984006701510935E-007
   116000.000000000       6.743850951544949E-007
   118000.000000000       6.515903237797016E-007
   120000.000000000       6.299254971905000E-007
   122000.000000000       6.093184636540627E-007
   124000.000000000       5.898926645736023E-007
   126000.000000000       5.710014052350958E-007
   128000.000000000       5.531764025161599E-007
   130000.000000000       5.361679397135909E-007
   132000.000000000       5.200591255310172E-007
   134000.000000000       5.045348881283001E-007
   136000.000000000       4.896928487614128E-007
   138000.000000000       4.754924257001595E-007
   140000.000000000       4.618954371112165E-007
   142000.000000000       4.488687867885823E-007
   144000.000000000       4.363831345014659E-007
   146000.000000000       4.244081523936817E-007
   148000.000000000       4.129156691074719E-007
   150000.000000000       4.018802388487236E-007
   152000.000000000       3.912791601603983E-007
   154000.000000000       3.811453485721929E-007
   156000.000000000       3.713432756403942E-007
   158000.000000000       3.619145812720801E-007
   160000.000000000       3.528354341573656E-007
   162000.000000000       3.440938159289492E-007
   164000.000000000       3.356694463482678E-007
   166000.000000000       3.275486934059748E-007
   168000.000000000       3.197178005531057E-007
   170000.000000000       3.121617487565610E-007
   172000.000000000       3.048700070306950E-007
   174000.000000000       2.978284451926006E-007
   176000.000000000       2.910269866890133E-007
   178000.000000000       2.844536093966223E-007
   180000.000000000       2.781312977506787E-007
   182000.000000000       2.719865141208532E-007
   184000.000000000       2.660413793616595E-007
   186000.000000000       2.602903901661928E-007
   188000.000000000       2.547275080105813E-007
   190000.000000000       2.494153702702561E-007
   192000.000000000       2.441280367311554E-007
   194000.000000000       2.390371528644809E-007
   196000.000000000       2.341238337534472E-007
   198000.000000000       2.293630599304150E-007
   200000.000000000       2.247440208958318E-007
   202000.000000000       2.202634525859568E-007
   204000.000000000       2.159156285701365E-007
   206000.000000000       2.116928458969084E-007
   208000.000000000       2.075935191624670E-007
   210000.000000000       2.036100044979604E-007
   212000.000000000       1.997400576711423E-007
   214000.000000000       1.959791767030844E-007
   216000.000000000       1.923227480656685E-007
   218000.000000000       1.887668033927362E-007
   220000.000000000       1.853074239338458E-007
   222000.000000000       1.819432480225415E-007
   224000.000000000       1.786681735883876E-007
   226000.000000000       1.754806231822314E-007
   228000.000000000       1.723766146694838E-007
   230000.000000000       1.693548107430832E-007
   232000.000000000       1.664097119544752E-007
   234000.000000000       1.635425188030506E-007
   236000.000000000       1.607471343371858E-007
   238000.000000000       1.580215129694866E-007
   240000.000000000       1.553650346113745E-007
   242000.000000000       1.527755153099540E-007
   244000.000000000       1.502487336967301E-007
   246000.000000000       1.477846160896863E-007
   248000.000000000       1.453793265080915E-007
   250000.000000000       1.430316746483667E-007
   252000.000000000       1.407418388177473E-007
   254000.000000000       1.385058667456447E-007
   256000.000000000       1.363211703146316E-007
   258000.000000000       1.341884782417272E-007
   260000.000000000       1.321050290682906E-007
   262000.000000000       1.300693320828879E-007
   264000.000000000       1.280804881372476E-007
   266000.000000000       1.261363348843599E-007
   268000.000000000       1.242352468717409E-007
   270000.000000000       1.223772447899879E-007
   272000.000000000       1.205610079282522E-007
   274000.000000000       1.187842322136931E-007
   276000.000000000       1.170462238515960E-007
   278000.000000000       1.153459062921209E-007
   280000.000000000       1.136824121949557E-007
   282000.000000000       1.120538496280088E-007
   284000.000000000       1.104596068992631E-007
   286000.000000000       1.088996515753680E-007
   288000.000000000       1.073727042786712E-007
   290000.000000000       1.058764952742942E-007
   292000.000000000       1.044118686016440E-007
   294000.000000000       1.029770843453929E-007
   296000.000000000       1.015717576757000E-007
   298000.000000000       1.001946112487397E-007
   300000.000000000       9.884557848847063E-008
