   40.0000000000000       8.147970562810286E-050
   40.4000000000000       4.277975264011064E-050
   40.8000000000000       2.314733644211743E-050
   41.2100000000000       1.279169078560512E-050
   41.6200000000000       7.364926541022938E-051
   42.0400000000000       4.378542968839973E-051
   42.4600000000000       2.730994109923541E-051
   42.8900000000000       1.772055994571163E-051
   43.3100000000000       1.220728689283456E-051
   43.7500000000000       8.697098284219174E-052
   44.1800000000000       6.540741548913468E-052
   44.6300000000000       5.040026874986814E-052
   45.0700000000000       3.953926376283941E-052
   45.5300000000000       2.918170337642448E-052
   45.9800000000000       1.689525749920094E-052
   46.4400000000000      -2.444151805550030E-053
   46.9000000000000      -3.634079528948033E-052
   47.3700000000000      -1.003977270630445E-051
   47.8500000000000      -2.244525410119644E-051
   48.3300000000000      -4.607507222251431E-051
   48.8100000000000      -9.081562567894997E-051
   49.3000000000000      -1.772825336812824E-050
   49.7900000000000      -3.406307297751513E-050
   50.2900000000000      -6.551030826508424E-050
   50.7900000000000      -1.246628882523140E-049
   51.3000000000000      -2.379008735240686E-049
   51.8100000000000      -4.495967979497500E-049
   52.3300000000000      -8.518651154283422E-049
   52.8500000000000      -1.598023550383912E-048
   53.3800000000000      -3.003133019859111E-048
   53.9100000000000      -5.585191829077868E-048
   54.4600000000000      -1.051672948152521E-047
   55.0000000000000      -1.936385303732763E-047
   55.5500000000000      -3.566292020106289E-047
   56.1000000000000      -6.495889152047958E-047
   56.6700000000000      -1.195412006158691E-046
   57.2300000000000      -2.152015147163102E-046
   57.8100000000000      -3.910596689099836E-046
   58.3800000000000      -6.954216006557391E-046
   58.9700000000000      -1.247317279479824E-045
   59.5500000000000      -2.190307030568549E-045
   60.1500000000000      -3.876611913150576E-045
   60.7500000000000      -6.782839441481711E-045
   61.3600000000000      -1.184193429578239E-044
   61.9700000000000      -2.044140837079097E-044
   62.6000000000000      -3.550802170431881E-044
   63.2200000000000      -6.045803246028165E-044
   63.8500000000000      -1.026755191573440E-043
   64.4900000000000      -1.738840730139687E-043
   65.1400000000000      -2.935834317904718E-043
   65.7900000000000      -4.902251967604516E-043
   66.4500000000000      -8.160009985137988E-043
   67.1100000000000      -1.343644501379695E-042
   67.7800000000000      -2.205318924738515E-042
   68.4600000000000      -3.607211477657523E-042
   69.1400000000000      -5.837981227549842E-042
   69.8300000000000      -9.415431330551246E-042
   70.5300000000000      -1.512971872851666E-041
   71.2400000000000      -2.421906248549233E-041
   71.9500000000000      -3.836848892859573E-041
   72.6700000000000      -6.055066337242768E-041
   73.4000000000000      -9.517598893007513E-041
   74.1300000000000      -1.480934476955799E-040
   74.8700000000000      -2.295107392858275E-040
   75.6200000000000      -3.542127749135165E-040
   76.3800000000000      -5.443382213335779E-040
   77.1400000000000      -8.282961520746324E-040
   77.9100000000000      -1.255007096976608E-039
   78.6900000000000      -1.893167405474480E-039
   79.4800000000000      -2.842956979399124E-039
   80.2700000000000      -4.228410773598364E-039
   81.0800000000000      -6.291084165855276E-039
   81.8800000000000      -9.226766824952541E-039
   82.7100000000000      -1.359625007130694E-038
   83.5300000000000      -1.975477494624887E-038
   84.3700000000000      -2.869216128639218E-038
   85.2100000000000      -4.128444079566502E-038
   86.0700000000000      -5.935421424061080E-038
   86.9200000000000      -8.419302216977589E-038
   87.8000000000000      -1.197743842122141E-037
   88.6700000000000      -1.681492360823645E-037
   89.5600000000000      -2.356970624686468E-037
   90.4500000000000      -3.273337523583888E-037
   91.3600000000000      -4.536800758746508E-037
   92.2700000000000      -6.229431622715611E-037
   93.2000000000000      -8.531574169919251E-037
   94.1200000000000      -1.153668001729336E-036
   95.0700000000000      -1.560327894625306E-036
   96.0200000000000      -2.089855185861136E-036
   96.9800000000000      -2.780224366746344E-036
   97.9500000000000      -3.672650187882676E-036
   98.9300000000000      -4.815806144421252E-036
   99.9100000000000      -6.249226859636601E-036
   100.920000000000      -8.084801810063012E-036
   101.920000000000      -1.031591774103374E-035
   102.950000000000      -1.310046794559588E-035
   103.970000000000      -1.639062804634987E-035
   105.020000000000      -2.036249159863666E-035
   106.060000000000      -2.487373420252578E-035
   107.130000000000      -3.005624555152282E-035
   108.190000000000      -3.558943057222405E-035
   109.280000000000      -4.141270907433274E-035
   110.370000000000      -4.691115340347099E-035
   111.480000000000      -5.144472206528918E-035
   112.590000000000      -5.383086798537774E-035
   113.720000000000      -5.247745045109225E-035
   114.850000000000      -4.515094339128450E-035
   116.000000000000      -2.854362720041338E-035
   117.160000000000       1.543267109119763E-036
   118.330000000000       5.066075973322646E-035
   119.510000000000       1.258772915452632E-034
   120.710000000000       2.368142242935619E-034
   121.910000000000       3.919509776641822E-034
   123.140000000000       6.071171401468164E-034
   124.360000000000       8.868151070063598E-034
   125.610000000000       1.249382616619415E-033
   126.860000000000       1.690269978570845E-033
   128.140000000000       2.211097120760236E-033
   129.410000000000       2.764457042917853E-033
   130.710000000000       3.301619089966102E-033
   132.020000000000       3.697991402969351E-033
   133.340000000000       3.783953720260603E-033
   134.670000000000       3.361536533702640E-033
   136.020000000000       2.301535499679241E-033
   137.380000000000       8.876304717748055E-034
   138.760000000000       5.741737207746174E-034
   140.140000000000       5.801278234459675E-033
   141.540000000000       2.797248514168033E-032
   142.250000000000       5.297669957441728E-032
   142.950000000000       9.331383088999851E-032
   144.380000000000       2.609202192071422E-031
   145.830000000000       6.572013042505563E-031
   147.290000000000       1.538616750506949E-030
   148.760000000000       3.416387772774598E-030
   150.250000000000       7.327798637475621E-030
   151.750000000000       1.522782025584174E-029
   152.510000000000       2.179673159893818E-029
   153.270000000000       3.097555311610019E-029
   154.800000000000       6.164765322122303E-029
   155.570000000000       8.637744175556481E-029
   156.350000000000       1.208896586460222E-028
   157.910000000000       2.330562036791271E-028
   158.700000000000       3.225606807821268E-028
   159.490000000000       4.443208805425237E-028
   160.290000000000       6.117249064929907E-028
   161.080000000000       8.352725039315127E-028
   161.890000000000       1.144575055326824E-027
   162.690000000000       1.556061172686762E-027
   163.510000000000       2.122966949740250E-027
   164.320000000000       2.874283638782007E-027
   165.140000000000       3.891031290667925E-027
   165.960000000000       5.248059714536062E-027
   166.790000000000       7.077862410054570E-027
   167.620000000000       9.511664293453898E-027
   169.300000000000       1.711609391832266E-026
   170.990000000000       3.048721444975595E-026
   171.850000000000       4.069144328611803E-026
   172.700000000000       5.395147960124225E-026
   174.430000000000       9.486703854113969E-026
   176.180000000000       1.657697785606577E-025
   177.940000000000       2.870125623568113E-025
   178.830000000000       3.770999643314175E-025
   179.720000000000       4.939930871600859E-025
   180.610000000000       6.452137020467710E-025
   181.510000000000       8.428064444486171E-025
   182.420000000000       1.100948877483581E-024
   183.330000000000       1.433972237066483E-024
   185.160000000000       2.419019868471376E-024
   186.090000000000       3.141940204596751E-024
   187.010000000000       4.058243385361328E-024
   188.880000000000       6.770743358124711E-024
   189.830000000000       8.745259322156890E-024
   190.770000000000       1.123496571705131E-023
   191.730000000000       1.447104066311724E-023
   192.680000000000       1.854119676853754E-023
   193.640000000000       2.375550390767718E-023
   194.610000000000       3.043399090328870E-023
   195.580000000000       3.888909675855074E-023
   196.550000000000       4.956539512686811E-023
   198.520000000000       8.049924251282728E-023
   200.500000000000       1.299613415600063E-022
   202.510000000000       2.103183419543044E-022
   204.530000000000       3.377794988593545E-022
   206.580000000000       5.409283002628859E-022
   207.610000000000       6.828178082637034E-022
   208.650000000000       8.617610907538857E-022
   209.690000000000       1.084966404850936E-021
   210.730000000000       1.362770230477407E-021
   212.840000000000       2.148722987548200E-021
   214.970000000000       3.370661776493794E-021
   216.040000000000       4.211363984003951E-021
   217.120000000000       5.260547161586651E-021
   218.200000000000       6.556058002352221E-021
   219.290000000000       8.168595586254389E-021
   220.380000000000       1.015465982515987E-020
   221.480000000000       1.262042720041006E-020
   222.590000000000       1.568031665658048E-020
   223.700000000000       1.943853721006936E-020
   225.930000000000       2.973363913455101E-020
   227.710000000000       4.148489825914526E-020
   227.910000000000       4.305992635069782E-020
   229.240000000000       6.392056684105277E-020
   230.470000000000       8.001068829701625E-020
   232.780000000000       1.207703451455591E-019
   233.940000000000       1.480351813525254E-019
   235.110000000000       1.813846141080058E-019
   237.460000000000       2.710755793721030E-019
   239.830000000000       4.031581160988913E-019
   242.230000000000       5.976548988893540E-019
   244.650000000000       8.816936709052672E-019
   245.880000000000       1.071088035298437E-018
   247.100000000000       1.296511486275726E-018
   248.330000000000       1.568744150163238E-018
   249.570000000000       1.897347138016257E-018
   252.070000000000       2.767564307358505E-018
   253.330000000000       3.337775559833448E-018
   254.590000000000       4.017747652588460E-018
   255.860000000000       4.834054947969333E-018
   257.130000000000       5.805298048532640E-018
   259.700000000000       8.361027533364786E-018
   261.000000000000       1.002703427335054E-017
   262.300000000000       1.200260103830501E-017
   263.610000000000       1.436061654282195E-017
   264.920000000000       1.715039788642115E-017
   267.570000000000       2.442625922969747E-017
   270.250000000000       3.467496311514497E-017
   272.950000000000       4.899931752732730E-017
   274.320000000000       5.824053141253714E-017
   275.680000000000       6.901597032248129E-017
   278.440000000000       9.689167702855496E-017
   281.220000000000       1.354179953191939E-016
   282.630000000000       1.600638790261871E-016
   284.030000000000       1.886507494353699E-016
   286.870000000000       2.619550121610482E-016
   289.740000000000       3.625615372888792E-016
   292.640000000000       5.001723752651461E-016
   294.100000000000       5.866739225889929E-016
   295.570000000000       6.877649720554550E-016
   298.520000000000       9.416391089076933E-016
   300.020000000000       1.102064695494179E-015
   301.510000000000       1.286416765571886E-015
   304.520000000000       1.749952680319913E-015
   307.570000000000       2.375254502666920E-015
   309.110000000000       2.764924277205648E-015
   310.640000000000       3.210419909660590E-015
   312.200000000000       3.732872641297745E-015
   313.750000000000       4.329538021271162E-015
   315.320000000000       5.023536802406039E-015
   316.890000000000       5.819966125651926E-015
   318.470000000000       6.738866760533349E-015
   320.060000000000       7.798432410624414E-015
   323.270000000000       1.042538198800761E-014
   326.490000000000       1.386821639155582E-014
   329.770000000000       1.843765354446070E-014
   333.050000000000       2.437228616215996E-014
   336.400000000000       3.222360205243070E-014
   339.750000000000       4.236451674111411E-014
   343.160000000000       5.565698952057868E-014
   346.580000000000       7.277511876528902E-014
   350.060000000000       9.508220301810581E-014
   353.540000000000       1.235582537805022E-013
   357.100000000000       1.606613917392615E-013
   360.650000000000       2.076515526097096E-013
   364.270000000000       2.683255221258634E-013
   367.900000000000       3.451793252442364E-013
   371.590000000000       4.435975255759251E-013
   375.290000000000       5.675756459681917E-013
   379.060000000000       7.259069677985752E-013
   382.840000000000       9.243889803025951E-013
   386.680000000000       1.175815400566160E-012
   390.530000000000       1.489285405334813E-012
   394.460000000000       1.886379809480637E-012
   398.380000000000       2.376554566651290E-012
   400.000000000000       2.611057066241221E-012
   404.020000000000       3.286803925374857E-012
   408.040000000000       4.118196925174738E-012
   412.140000000000       5.159010786290632E-012
   416.240000000000       6.433406559516686E-012
   419.230000000000       7.536009819508859E-012
   422.210000000000       8.802709165666237E-012
   425.530000000000       1.043861805524996E-011
   428.850000000000       1.234488609305068E-011
   432.940000000000       1.512310829632209E-011
   437.030000000000       1.845417834554583E-011
   437.470000000000       1.884928384456118E-011
   439.660000000000       2.093189358405029E-011
   441.850000000000       2.321961798075719E-011
   446.270000000000       2.853518917495543E-011
   447.210000000000       2.979776110319121E-011
   450.730000000000       3.498453590529080E-011
   455.240000000000       4.280932701988963E-011
   459.790000000000       5.226049837804298E-011
   462.030000000000       5.756733524476901E-011
   464.390000000000       6.367555910644701E-011
   467.210000000000       7.173081699930815E-011
   469.030000000000       7.740157825442458E-011
   473.720000000000       9.390468324782795E-011
   478.460000000000       1.137063631644090E-010
   482.030000000000       1.309927382033353E-010
   483.240000000000       1.373617588258853E-010
   484.330000000000       1.433329871571649E-010
   488.080000000000       1.656809485552385E-010
   490.520000000000       1.818348486597636E-010
   492.960000000000       1.993724659448786E-010
   497.030000000000       2.319828140314040E-010
   497.890000000000       2.394494281684933E-010
   498.210000000000       2.422817104661641E-010
   502.870000000000       2.866856034173155E-010
   503.600000000000       2.942442197317063E-010
   504.000000000000       2.984531289422792E-010
   507.890000000000       7.532054757624585E-010
   508.210000000000       7.712914121076915E-010
   509.330000000000       8.868419238037602E-010
   512.970000000000       9.448351937211813E-010
   514.210000000000       9.402685435000793E-010
   518.100000000000       1.078229068321373E-009
   520.210000000000       1.163386707732308E-009
   520.610000000000       1.196114060648872E-009
   521.010000000000       1.240620610662856E-009
   521.410000000000       1.306458631343162E-009
   521.810000000000       1.413298392240859E-009
   522.610000000000       1.382448165208008E-009
   523.010000000000       1.302995778887726E-009
   523.280000000000       1.283651369074085E-009
   523.810000000000       1.276141470638964E-009
   524.210000000000       1.282545302978445E-009
   526.210000000000       1.356212487772879E-009
   528.520000000000       1.428507532340170E-009
   529.030000000000       1.452320246847559E-009
   529.330000000000       1.466323117996725E-009
   530.210000000000       1.509421968788429E-009
   533.030000000000       1.644525812009360E-009
   533.800000000000       1.688898873041479E-009
   535.030000000000       1.787522723795259E-009
   535.430000000000       1.836753493510255E-009
   535.830000000000       1.905135591763578E-009
   536.210000000000       2.003685733271336E-009
   536.630000000000       2.196781389110635E-009
   537.430000000000       2.145358536924382E-009
   537.830000000000       2.010240284611753E-009
   538.230000000000       1.971562265456307E-009
   538.630000000000       1.969101858391352E-009
   539.030000000000       1.983329116099068E-009
   541.030000000000       2.136185405779018E-009
   544.330000000000       2.500562468737463E-009
   545.030000000000       2.588292649010864E-009
   546.210000000000       2.745939431891700E-009
   549.980000000000       3.331344681610179E-009
   551.030000000000       3.518779795828122E-009
   555.480000000000       4.505713425355228E-009
   560.330000000000       6.119503671154515E-008
   561.030000000000       5.700658996287410E-008
   562.210000000000       5.027718488267852E-008
   566.640000000000       2.914803314491639E-008
   570.330000000000       1.672344205955728E-008
   572.310000000000       1.226324161336779E-008
   576.330000000000       7.973360517372204E-009
   577.030000000000       7.688773687990635E-009
   578.030000000000       7.398915387344474E-009
   580.330000000000       6.996327324257983E-009
   582.330000000000       6.850356606891873E-009
   582.730000000000       6.855179231021416E-009
   583.130000000000       6.886751940773488E-009
   583.530000000000       6.982388775360611E-009
   583.810000000000       7.216601473478049E-009
   583.930000000000       7.355138146989334E-009
   584.730000000000       7.422971544692184E-009
   585.130000000000       7.255948345233184E-009
   585.530000000000       7.339962578954515E-009
   585.930000000000       7.492388071606873E-009
   586.330000000000       7.670338384482330E-009
   588.330000000000       8.816895006666661E-009
   589.650000000000       9.790346435210901E-009
   592.030000000000       1.239572035033195E-008
   592.330000000000       1.287596108631120E-008
   595.550000000000       2.169942667589595E-008
   597.210000000000       2.991324600520482E-008
   598.330000000000       3.752446177543135E-008
   601.500000000000       1.715013851331023E-008
   604.510000000000       2.117015329115976E-008
   607.520000000000       6.102957696479820E-008
   608.330000000000       7.286822189635739E-008
   612.030000000000       1.025137381029507E-007
   613.590000000000       1.070796370746466E-007
   616.660000000000       1.283838563482863E-007
   619.730000000000       1.776651042738700E-007
   622.210000000000       2.401181511407048E-007
   624.330000000000       3.071274247270194E-007
   625.920000000000       3.618293713396245E-007
   632.180000000000       5.920385657879251E-007
   637.030000000000       7.750754186269683E-007
   638.510000000000       8.316846683420201E-007
   639.330000000000       8.634137512193853E-007
   644.890000000000       1.094342167634343E-006
   648.110000000000       1.249968661300656E-006
   651.340000000000       1.424533318865718E-006
   657.850000000000       1.828153812213208E-006
   659.330000000000       1.928323130675832E-006
   664.430000000000       2.291206042770032E-006
   671.080000000000       2.791951371056596E-006
   677.790000000000       3.323964280370440E-006
   681.180000000000       3.603492446434369E-006
   684.560000000000       9.214545571483354E-006
   691.440000000000       9.810243334777571E-006
   698.320000000000       1.042737358226556E-005
   705.340000000000       1.108252804098811E-005
   712.360000000000       1.176168660548861E-005
   719.520000000000       1.247791369394988E-005
   726.680000000000       1.321773932508502E-005
   733.980000000000       1.399598561941326E-005
   741.280000000000       1.479814810838837E-005
   748.730000000000       1.564095348220335E-005
   756.180000000000       1.650790523919466E-005
   763.780000000000       1.741653678211432E-005
   771.380000000000       1.834913922437655E-005
   779.140000000000       1.932553489264104E-005
   786.890000000000       2.032423840215411E-005
   794.800000000000       2.136724723870003E-005
   802.710000000000       2.243579948011957E-005
   810.770000000000       2.355323709097683E-005
   818.840000000000       2.469545228031917E-005
   822.930000000000       2.528305437565503E-005
   827.030000000000       2.587778738750026E-005
   830.210000000000       2.634288070151786E-005
   835.300000000000       2.709421360271862E-005
   837.260000000000       2.738576639704335E-005
   843.650000000000       2.834458306607573E-005
   849.190000000000       2.918588704560847E-005
   850.690000000000       2.941519862999728E-005
   852.090000000000       2.962989722300935E-005
   855.210000000000       3.011028276204350E-005
   860.610000000000       3.094824932630211E-005
   862.260000000000       3.120580505857330E-005
   869.210000000000       3.229899502209939E-005
   870.690000000000       3.253335883903755E-005
   871.970000000000       3.273652570859825E-005
   874.190000000000       3.308989855756620E-005
   875.210000000000       3.325266000799029E-005
   877.910000000000       3.368468651592946E-005
   882.260000000000       3.438442854868963E-005
   885.690000000000       3.493924198194380E-005
   886.690000000000       3.510154103936089E-005
   890.210000000000       3.567454526171760E-005
   892.220000000000       3.600284925528860E-005
   894.190000000000       3.632552215294735E-005
   895.550000000000       3.654869868873270E-005
   896.970000000000       3.678224243916342E-005
   897.260000000000       3.682991360352803E-005
   901.690000000000       3.756259963672739E-005
   904.510000000000       3.803247136412732E-005
   906.210000000000       3.831652714910189E-005
   909.190000000000       3.881573426828242E-005
   911.690000000000       3.922994556861343E-005
   913.260000000000       3.949243941678004E-005
   913.550000000000       3.954087046658833E-005
   916.210000000000       3.999214751597070E-005
   916.970000000000       4.013473287017587E-005
   917.220000000000       4.018387817805438E-005
   917.690000000000       4.027824808239929E-005
   921.690000000000       4.125655659373687E-005
   922.210000000000       4.130557692638255E-005
   922.690000000000       4.094928959879939E-005
   923.260000000000       4.079284720326385E-005
   923.690000000000       4.150123137908247E-005
   924.090000000000       4.213607243772758E-005
   924.490000000000       4.246094029730935E-005
   924.890000000000       4.241181130739405E-005
   925.130000000000       4.216391836344722E-005
   925.190000000000       4.207121665374870E-005
   925.290000000000       4.188815610282093E-005
   926.090000000000       3.954802229087574E-005
   926.210000000000       3.940042345137591E-005
   926.490000000000       4.014433424282504E-005
   926.890000000000       4.182082353996871E-005
   927.290000000000       4.307732569588675E-005
   927.690000000000       4.380787933421710E-005
   928.210000000000       4.423157097422801E-005
   928.610000000000       4.429286579730699E-005
   929.010000000000       4.409522920365396E-005
   929.260000000000       4.377642276376202E-005
   929.690000000000       4.266917594553268E-005
   929.810000000000       4.217218924059201E-005
   930.610000000000       3.573372343176154E-005
   931.010000000000       3.697382393604197E-005
   931.410000000000       4.100572093739026E-005
   931.810000000000       4.349446290346034E-005
   931.970000000000       4.414226257622694E-005
   932.210000000000       4.487906880648245E-005
   933.260000000000       4.633726354711871E-005
   933.690000000000       4.656557195716618E-005
   934.210000000000       4.670591351475242E-005
   935.190000000000       4.651975434012490E-005
   935.660000000000       4.608814882300834E-005
   936.060000000000       4.539491869105038E-005
   936.460000000000       4.415674661475046E-005
   936.860000000000       4.159953989931485E-005
   937.220000000000       3.699420059254249E-005
   937.660000000000       2.704437842982311E-005
   938.060000000000       3.003456489801326E-005
   938.460000000000       3.865594572290642E-005
   938.860000000000       4.323704574170328E-005
   939.260000000000       4.554792931536486E-005
   939.690000000000       4.692142272153691E-005
   941.190000000000       4.899218731441853E-005
   941.260000000000       4.904270311453246E-005
   944.210000000000       5.010213243376594E-005
   945.190000000000       5.010916485764817E-005
   947.190000000000       4.862887402259994E-005
   947.590000000000       4.773410605430904E-005
   947.970000000000       4.645118966673977E-005
   948.390000000000       4.394692456388726E-005
   948.790000000000       3.932598698025560E-005
   949.590000000000       1.361873927097128E-005
   949.690000000000       1.165479250690541E-005
   949.990000000000       1.790026184722581E-005
   950.130000000000       2.417624983103041E-005
   950.390000000000       3.328449985322094E-005
   950.650000000000       3.904745188608146E-005
   951.190000000000       4.539181644496527E-005
   952.220000000000       4.975686992935215E-005
   953.190000000000       5.147556725975394E-005
   954.210000000000       5.244486018734610E-005
   957.190000000000       5.377986225293943E-005
   957.970000000000       5.401044177050305E-005
   960.150000000000       5.458382638659396E-005
   961.260000000000       5.484839580217109E-005
   963.190000000000       5.526750652745423E-005
   963.970000000000       5.541832498420779E-005
   965.690000000000       5.568725124548972E-005
   967.970000000000       5.573347686704362E-005
   968.220000000000       5.569014053795199E-005
   969.760000000000       5.479410351157346E-005
   969.970000000000       5.450630027531434E-005
   970.130000000000       5.423439096811850E-005
   970.370000000000       5.371430812083434E-005
   970.770000000000       5.239560019754594E-005
   971.170000000000       5.006674541397820E-005
   971.570000000000       4.560196871171000E-005
   972.370000000000       1.289417792953454E-005
   972.770000000000       1.677208708845336E-005
   973.170000000000       3.817664665928266E-005
   973.570000000000       4.699830024653802E-005
   973.970000000000       5.122698127362356E-005
   975.970000000000       5.700948630457445E-005
   977.260000000000       5.800836023544487E-005
   978.220000000000       5.849922399270086E-005
   979.450000000000       5.899182457407987E-005
   979.970000000000       5.917192729748671E-005
   980.690000000000       5.940180059137475E-005
   984.220000000000       6.036228415052334E-005
   984.790000000000       6.050278598471802E-005
   985.130000000000       6.058550319884048E-005
   985.210000000000       6.060492545174360E-005
   985.970000000000       6.078731570952134E-005
   988.220000000000       6.131654652972903E-005
   989.190000000000       6.154225214476175E-005
   990.220000000000       6.178026253081269E-005
   990.620000000000       6.187330875033466E-005
   991.020000000000       6.196611371925565E-005
   991.420000000000       6.205841797724641E-005
   991.820000000000       6.215026147948999E-005
   992.260000000000       6.225091396105448E-005
   992.620000000000       6.233289177676842E-005
   993.020000000000       6.242360870737222E-005
   993.420000000000       6.251399914967089E-005
   993.820000000000       6.260424308201932E-005
   994.220000000000       6.269445988228978E-005
   995.970000000000       6.309363641480722E-005
   996.220000000000       6.315077200911998E-005
   999.140000000000       6.381029139265609E-005
   1000.22000000000       6.405641765872141E-005
   1000.69000000000       6.416422849578939E-005
   1001.13000000000       6.426522191830041E-005
   1004.19000000000       6.496845217957577E-005
   1005.21000000000       6.520265260498693E-005
   1006.22000000000       6.543403971287287E-005
   1009.13000000000       6.609565384665929E-005
   1009.79000000000       6.624380879313938E-005
   1011.13000000000       6.654102609222003E-005
   1011.97000000000       6.672390682325312E-005
   1012.26000000000       6.678615940362300E-005
   1016.22000000000       6.755465914323580E-005
   1017.13000000000       6.769159203150131E-005
   1019.22000000000       6.787405275554594E-005
   1021.13000000000       6.763954154892350E-005
   1023.13000000000       6.512304361429002E-005
   1023.53000000000       6.337522782214259E-005
   1023.93000000000       6.036840577551120E-005
   1024.19000000000       5.725807878841029E-005
   1024.33000000000       5.501556051154803E-005
   1024.73000000000       4.528541742668792E-005
   1025.53000000000       6.284769400915857E-006
   1025.69000000000       3.897363721380253E-006
   1025.93000000000       7.018511890114273E-006
   1026.33000000000       2.931498306646651E-005
   1026.73000000000       4.628953930601748E-005
   1026.97000000000       5.274773068500533E-005
   1027.13000000000       5.594945647234316E-005
   1029.13000000000       6.839775717470864E-005
   1029.42000000000       6.883811127361456E-005
   1029.79000000000       6.928270782221435E-005
   1030.21000000000       6.968507229815242E-005
   1032.22000000000       7.090983895805645E-005
   1033.13000000000       7.129101236278351E-005
   1037.26000000000       7.259587974594718E-005
   1039.13000000000       7.308093335612826E-005
   1039.71000000000       7.322729449910324E-005
   1044.79000000000       7.446783841627997E-005
   1046.97000000000       7.498904562447083E-005
   1047.22000000000       7.504868620048786E-005
   1049.13000000000       7.550288206761958E-005
   1049.19000000000       7.551716364337466E-005
   1050.11000000000       7.573589801373535E-005
   1055.36000000000       7.698701606681936E-005
   1060.61000000000       7.824085121520947E-005
   1065.13000000000       7.930875135660533E-005
   1067.22000000000       7.980559624525051E-005
   1070.79000000000       8.065999451742591E-005
   1071.21000000000       8.076101107586604E-005
   1071.97000000000       8.094364731536558E-005
   1076.79000000000       8.210301538610437E-005
   1080.13000000000       8.289885501927280E-005
   1080.79000000000       8.305572522604568E-005
   1081.93000000000       8.332704659253830E-005
   1082.79000000000       8.353228947106475E-005
   1083.19000000000       8.362806953693829E-005
   1083.59000000000       8.372356533474791E-005
   1083.99000000000       8.381943283387895E-005
   1084.39000000000       8.391505025986039E-005
   1085.19000000000       8.410710888590898E-005
   1085.59000000000       8.420293475810277E-005
   1085.99000000000       8.429895128763808E-005
   1086.39000000000       8.439499152968306E-005
   1086.79000000000       8.449109147067984E-005
   1088.79000000000       8.497152499229096E-005
   1092.22000000000       8.579607810196014E-005
   1092.74000000000       8.592118405919697E-005
   1098.79000000000       8.737783888324820E-005
   1100.13000000000       8.770060361711277E-005
   1103.67000000000       8.855739884824673E-005
   1108.79000000000       8.979786299652780E-005
   1114.71000000000       9.123252105272248E-005
   1114.96000000000       9.129304129744349E-005
   1124.79000000000       9.367692694916097E-005
   1125.13000000000       9.375923616022960E-005
   1125.86000000000       9.393625425369403E-005
   1137.11000000000       9.666525591331499E-005
   1139.79000000000       9.731548345282119E-005
   1139.97000000000       9.735900239491462E-005
   1148.49000000000       9.942498959372465E-005
   1159.79000000000       1.021616875314119E-004
   1159.97000000000       1.022052940163660E-004
   1165.77000000000       1.036088069359810E-004
   1171.57000000000       1.050115333906264E-004
   1174.96000000000       1.058296038233898E-004
   1183.29000000000       1.078424452767649E-004
   1184.79000000000       1.082044723884558E-004
   1190.96000000000       1.096907593337683E-004
   1195.12000000000       1.106860158409673E-004
   1200.96000000000       1.120412533723929E-004
   1206.96000000000       1.131249963353375E-004
   1207.07000000000       1.131354960829609E-004
   1210.96000000000       1.127067806386484E-004
   1212.96000000000       1.093591364991882E-004
   1213.36000000000       1.070498895431040E-004
   1213.76000000000       1.029843410512272E-004
   1214.16000000000       9.555261313246413E-005
   1214.56000000000       8.146974592343309E-005
   1214.57000000000       8.099211685377220E-005
   1215.36000000000       2.042499907897437E-005
   1215.37000000000       1.966041868727714E-005
   1215.76000000000       9.582942474958756E-006
   1216.16000000000       3.661294249001073E-005
   1216.56000000000       6.947846069609660E-005
   1216.96000000000       8.947321505619716E-005
   1218.96000000000       1.126646503281270E-004
   1219.14000000000       1.130894480059174E-004
   1222.96000000000       1.166722870958850E-004
   1228.96000000000       1.187168288440017E-004
   1231.33000000000       1.193455986593837E-004
   1238.96000000000       1.211409601222530E-004
   1243.65000000000       1.222376629162555E-004
   1254.96000000000       1.248789770036928E-004
   1256.08000000000       1.251410753296887E-004
   1268.64000000000       1.280605014922080E-004
   1269.96000000000       1.283635257268110E-004
   1281.33000000000       1.309873136950752E-004
   1289.96000000000       1.329637520684427E-004
   1294.14000000000       1.339174814543032E-004
   1307.08000000000       1.368575790297867E-004
   1314.97000000000       1.386387440397445E-004
   1324.16000000000       1.407000460399230E-004
   1333.36000000000       1.427476708426017E-004
   1340.02000000000       1.442205627953527E-004
   1346.69000000000       1.456864787810702E-004
   1353.42000000000       1.471566238542817E-004
   1360.16000000000       1.486199487668091E-004
   1373.76000000000       1.515441017181805E-004
   1387.50000000000       1.544592872845306E-004
   1394.43000000000       1.559143143955004E-004
   1401.37000000000       1.573602014578534E-004
   1415.38000000000       1.602507287525609E-004
   1429.54000000000       1.631283826221599E-004
   1436.69000000000       1.645639330141940E-004
   1443.83000000000       1.659858718082620E-004
   1451.05000000000       1.674105857748942E-004
   1458.27000000000       1.688236674294915E-004
   1465.56000000000       1.702372465874161E-004
   1472.85000000000       1.716379612304569E-004
   1487.58000000000       1.744284137166591E-004
   1495.02000000000       1.758173277697870E-004
   1502.46000000000       1.771942519618870E-004
   1517.48000000000       1.799347557430366E-004
   1532.66000000000       1.826468668851333E-004
   1547.99000000000       1.853263994765464E-004
   1555.73000000000       1.866565461651820E-004
   1563.46000000000       1.879692446692994E-004
   1565.20000000000       1.882631728089358E-004
   1579.10000000000       1.905801156867314E-004
   1585.20000000000       1.915812813791124E-004
   1594.89000000000       1.931520307573875E-004
   1600.20000000000       1.940027348414487E-004
   1610.84000000000       1.956910115926306E-004
   1616.20000000000       1.965306745834200E-004
   1626.20000000000       1.980765407300890E-004
   1626.95000000000       1.981916230811726E-004
   1632.20000000000       1.989924654059263E-004
   1636.20000000000       1.995979689701660E-004
   1638.20000000000       1.998989795994581E-004
   1638.60000000000       1.999587629995090E-004
   1639.00000000000       2.000185639608148E-004
   1639.40000000000       2.000785561267635E-004
   1639.80000000000       2.001379073987675E-004
   1640.60000000000       2.002522386100129E-004
   1641.00000000000       2.003170365698108E-004
   1641.40000000000       2.003778128219839E-004
   1641.80000000000       2.004379968658236E-004
   1642.20000000000       2.004977638005579E-004
   1643.22000000000       2.006500838414214E-004
   1644.20000000000       2.007960513299296E-004
   1648.20000000000       2.013893472933911E-004
   1654.20000000000       2.022715721851765E-004
   1659.65000000000       2.030643565467256E-004
   1664.20000000000       2.037210598442859E-004
   1676.25000000000       2.054343207856700E-004
   1680.20000000000       2.059878484144064E-004
   1693.01000000000       2.077562291309528E-004
   1695.20000000000       2.080544836718583E-004
   1709.94000000000       2.100337286239066E-004
   1715.20000000000       2.107279287467820E-004
   1727.04000000000       2.122644123961338E-004
   1740.20000000000       2.139319334129147E-004
   1750.98000000000       2.152663723257423E-004
   1761.75000000000       2.165712713036916E-004
   1770.56000000000       2.176178539584748E-004
   1779.37000000000       2.186458322614593E-004
   1788.27000000000       2.196657951800071E-004
   1797.16000000000       2.206655632914614E-004
   1806.15000000000       2.216585603540431E-004
   1815.13000000000       2.226326148219098E-004
   1824.21000000000       2.235977940095648E-004
   1833.29000000000       2.245441756830683E-004
   1842.45000000000       2.254801511965538E-004
   1851.62000000000       2.263974592951265E-004
   1860.88000000000       2.273051889604818E-004
   1870.13000000000       2.281918838764200E-004
   1888.84000000000       2.299292692493590E-004
   1907.72000000000       2.316055086890222E-004
   1917.26000000000       2.324246479256856E-004
   1926.80000000000       2.332248682156908E-004
   1936.44000000000       2.340135838394611E-004
   1946.07000000000       2.347825989815791E-004
   1965.53000000000       2.362779848260258E-004
   1985.19000000000       2.377114494542257E-004
   2005.04000000000       2.390425577823501E-004
   2015.06000000000       2.396454731369556E-004
   2025.09000000000       2.402307856826304E-004
   2045.34000000000       2.413561164476048E-004
   2050.05000000000       2.416075065975225E-004
   2050.45000000000       2.416288860855011E-004
   2065.79000000000       2.424194395795796E-004
   2076.12000000000       2.429292510314799E-004
   2086.45000000000       2.434206175625325E-004
   2107.31000000000       2.443596894519053E-004
   2117.85000000000       2.448086769291118E-004
   2128.39000000000       2.452389502091014E-004
   2139.03000000000       2.456560059256224E-004
   2149.67000000000       2.460552245121605E-004
   2160.42000000000       2.464404755500952E-004
   2171.17000000000       2.468091138019840E-004
   2192.88000000000       2.474997633879307E-004
   2214.81000000000       2.481291567153241E-004
   2225.88000000000       2.484206585814220E-004
   2236.96000000000       2.486957914107253E-004
   2248.14000000000       2.489568090538653E-004
   2259.33000000000       2.492011884227731E-004
   2281.92000000000       2.496442660420573E-004
   2304.74000000000       2.500262031979737E-004
   2310.75000000000       2.501161988908715E-004
   2327.79000000000       2.503480310267397E-004
   2330.75000000000       2.503843345260714E-004
   2345.75000000000       2.505549267977129E-004
   2351.06000000000       2.506084682106196E-004
   2361.75000000000       2.507077719085509E-004
   2371.75000000000       2.507884742693936E-004
   2374.58000000000       2.508097191854275E-004
   2377.75000000000       2.508317103100620E-004
   2381.75000000000       2.508581288650857E-004
   2383.75000000000       2.508711061122867E-004
   2384.15000000000       2.508734592996670E-004
   2384.55000000000       2.508758316431609E-004
   2384.95000000000       2.508783999206344E-004
   2385.35000000000       2.508808379155796E-004
   2386.15000000000       2.508855461599411E-004
   2386.55000000000       2.508881049779467E-004
   2386.95000000000       2.508906805611454E-004
   2387.35000000000       2.508928307450665E-004
   2387.75000000000       2.508950994421859E-004
   2389.75000000000       2.509067533724136E-004
   2393.75000000000       2.509278274798905E-004
   2398.32000000000       2.509504290221878E-004
   2399.75000000000       2.509562892578086E-004
   2409.75000000000       2.509980592023319E-004
   2411.56000000000       2.510038848728776E-004
   2422.30000000000       2.510341667735168E-004
   2425.75000000000       2.510414469831605E-004
   2436.56000000000       2.510561143568004E-004
   2440.75000000000       2.510590567804599E-004
   2446.53000000000       2.510596681566274E-004
   2456.56000000000       2.510530526257252E-004
   2460.75000000000       2.510475967134419E-004
   2470.99000000000       2.510269529883825E-004
   2471.56000000000       2.510253912059657E-004
   2485.75000000000       2.509793758215049E-004
   2487.56000000000       2.509728865709623E-004
   2495.70000000000       2.509364508908290E-004
   2497.56000000000       2.509278902481965E-004
   2503.56000000000       2.508962031703777E-004
   2507.56000000000       2.508735776099519E-004
   2509.56000000000       2.508620116347447E-004
   2509.96000000000       2.508595115505390E-004
   2510.36000000000       2.508568936651870E-004
   2510.76000000000       2.508540377879481E-004
   2511.16000000000       2.508521791805606E-004
   2511.96000000000       2.508471024568536E-004
   2512.36000000000       2.508442337207130E-004
   2512.76000000000       2.508418023676480E-004
   2513.16000000000       2.508394335465647E-004
   2513.56000000000       2.508374724348559E-004
   2515.56000000000       2.508242566122995E-004
   2519.56000000000       2.507975408552601E-004
   2520.66000000000       2.507898006025023E-004
   2525.56000000000       2.507543399566701E-004
   2535.56000000000       2.506757057943143E-004
   2545.87000000000       2.505867336648958E-004
   2551.56000000000       2.505327594763483E-004
   2566.56000000000       2.503799454163182E-004
   2571.32000000000       2.503279025039813E-004
   2586.56000000000       2.501482724561043E-004
   2597.04000000000       2.500147182449644E-004
   2600.81000000000       2.499644864155324E-004
   2601.21000000000       2.499427650006589E-004
   2611.56000000000       2.497975873744067E-004
   2623.01000000000       2.496267575234246E-004
   2633.67000000000       2.494625060930963E-004
   2648.20000000000       2.492603626332269E-004
   2649.24000000000       2.492483097602754E-004
   2658.67000000000       2.491688532980908E-004
   2663.80000000000       2.491522019762872E-004
   2668.20000000000       2.491530678771721E-004
   2675.73000000000       2.491872680295437E-004
   2678.67000000000       2.492097414529810E-004
   2683.20000000000       2.492537865247051E-004
   2688.80000000000       2.493114550830860E-004
   2693.67000000000       2.493597072900150E-004
   2699.20000000000       2.493901381938693E-004
   2702.49000000000       2.493814905779475E-004
   2708.80000000000       2.492221782420270E-004
   2709.20000000000       2.491988544384306E-004
   2709.67000000000       2.491686221488342E-004
   2715.20000000000       2.484417164226220E-004
   2719.20000000000       2.474704762828999E-004
   2719.67000000000       2.473283288162312E-004
   2721.20000000000       2.467331810323516E-004
   2721.60000000000       2.465901985164024E-004
   2722.00000000000       2.464219652857445E-004
   2722.40000000000       2.462089448541258E-004
   2722.80000000000       2.459299858559097E-004
   2723.60000000000       2.455154550723295E-004
   2723.80000000000       2.456573308515109E-004
   2724.40000000000       2.461096443318743E-004
   2724.80000000000       2.463958857273042E-004
   2725.20000000000       2.466678868939721E-004
   2725.67000000000       2.469660662318754E-004
   2727.20000000000       2.477854888350355E-004
   2729.07000000000       2.484573912540961E-004
   2729.51000000000       2.485717300712166E-004
   2731.20000000000       2.488725271570264E-004
   2731.67000000000       2.489385063515042E-004
   2732.07000000000       2.489939433434403E-004
   2732.47000000000       2.490498418974797E-004
   2732.87000000000       2.491041264136464E-004
   2733.27000000000       2.491557126015708E-004
   2734.07000000000       2.492510553280047E-004
   2734.47000000000       2.492952908348995E-004
   2734.87000000000       2.493368186212436E-004
   2735.27000000000       2.493772836782751E-004
   2735.67000000000       2.494157602406496E-004
   2737.20000000000       2.495338517389590E-004
   2737.67000000000       2.495603690415278E-004
   2739.80000000000       2.496281804118814E-004
   2741.67000000000       2.496279310603002E-004
   2747.20000000000       2.492703403216163E-004
   2747.67000000000       2.492054269499600E-004
   2749.80000000000       2.488025509390124E-004
   2754.07000000000       2.476482970467627E-004
   2755.80000000000       2.471424884737016E-004
   2756.81000000000       2.466771702157821E-004
   2757.67000000000       2.461732674882359E-004
   2759.80000000000       2.448154263183060E-004
   2761.80000000000       2.427891733228940E-004
   2762.20000000000       2.422281053629826E-004
   2762.60000000000       2.416112582055736E-004
   2763.00000000000       2.408131773261024E-004
   2763.40000000000       2.396380950760008E-004
   2764.20000000000       2.375128956492182E-004
   2764.60000000000       2.386139865140929E-004
   2765.00000000000       2.396754150136399E-004
   2765.40000000000       2.406524962046144E-004
   2765.80000000000       2.415437120033865E-004
   2767.80000000000       2.447483537225201E-004
   2771.80000000000       2.479718827656075E-004
   2773.67000000000       2.486998342467647E-004
   2774.07000000000       2.488274401568206E-004
   2777.80000000000       2.496043927124762E-004
   2778.20000000000       2.496829557572756E-004
   2784.38000000000       2.506003068040760E-004
   2787.80000000000       2.508748931590901E-004
   2788.67000000000       2.509192575836650E-004
   2789.07000000000       2.509361517708291E-004
   2798.20000000000       2.507971995275508E-004
   2803.80000000000       2.500450587212195E-004
   2805.07000000000       2.498253201801792E-004
   2808.67000000000       2.491014059953390E-004
   2812.22000000000       2.478347606504506E-004
   2815.07000000000       2.464388074656410E-004
   2818.80000000000       2.442969924545665E-004
   2821.07000000000       2.423075972176780E-004
   2823.20000000000       2.396403873473986E-004
   2825.07000000000       2.368564186002479E-004
   2827.07000000000       2.331232358246863E-004
   2827.47000000000       2.315450579977196E-004
   2827.87000000000       2.294255196531458E-004
   2828.27000000000       2.264043973151865E-004
   2828.67000000000       2.216789109351584E-004
   2829.47000000000       2.124493432743186E-004
   2829.87000000000       2.167420336296623E-004
   2830.27000000000       2.206908781398621E-004
   2830.67000000000       2.239290509368307E-004
   2831.07000000000       2.265536783432408E-004
   2833.07000000000       2.349193389605582E-004
   2833.67000000000       2.365597082615517E-004
   2837.07000000000       2.426184644958088E-004
   2838.80000000000       2.445348735373941E-004
   2840.34000000000       2.457586633123054E-004
   2843.07000000000       2.473034694782344E-004
   2845.10000000000       2.482480152797558E-004
   2853.07000000000       2.497518428780219E-004
   2863.80000000000       2.510495532666641E-004
   2868.75000000000       2.512947121875926E-004
   2869.07000000000       2.513048707739095E-004
   2870.10000000000       2.513308530600993E-004
   2884.07000000000       2.512517476970550E-004
   2890.10000000000       2.509940378538589E-004
   2897.43000000000       2.504439920601253E-004
   2904.07000000000       2.496926642259220E-004
   2905.10000000000       2.495578032073755E-004
   2921.10000000000       2.459810950944397E-004
   2926.41000000000       2.429747202891756E-004
   2929.07000000000       2.406091625714876E-004
   2931.10000000000       2.385884656858224E-004
   2937.10000000000       2.344970665250494E-004
   2941.10000000000       2.254584861348269E-004
   2943.10000000000       2.151882908551705E-004
   2943.50000000000       2.111802491540294E-004
   2943.90000000000       2.056188686808684E-004
   2944.30000000000       1.973332100446477E-004
   2944.70000000000       1.835338798287741E-004
   2945.50000000000       1.605464132063581E-004
   2945.90000000000       1.739268850261350E-004
   2946.30000000000       1.838865327230342E-004
   2946.70000000000       1.915259757514103E-004
   2947.10000000000       1.974725374989275E-004
   2949.10000000000       2.151002679330666E-004
   2953.10000000000       2.307715689015812E-004
   2955.67000000000       2.363518802192606E-004
   2959.10000000000       2.404572494357971E-004
   2969.10000000000       2.458696367734902E-004
   2985.10000000000       2.469002644584303E-004
   3000.10000000000       2.473778145162656E-004
   3015.08000000000       2.473305609774847E-004
   3020.10000000000       2.471945303301044E-004
   3045.10000000000       2.462988600145943E-004
   3064.00000000000       2.455268451562957E-004
   3075.68000000000       2.450259959667092E-004
   3087.74000000000       2.444780030518709E-004
   3089.00000000000       2.444174602561296E-004
   3103.52000000000       2.436514394622293E-004
   3106.44000000000       2.434787504552833E-004
   3109.00000000000       2.433228154288693E-004
   3112.74000000000       2.430855566466657E-004
   3121.80000000000       2.424556890361105E-004
   3122.20000000000       2.424221440360869E-004
   3124.00000000000       2.422839729013164E-004
   3128.52000000000       2.419140252976065E-004
   3132.74000000000       2.415300912908270E-004
   3137.51000000000       2.410329287433092E-004
   3140.00000000000       2.407355170181122E-004
   3147.74000000000       2.395386069042631E-004
   3148.52000000000       2.393847961287277E-004
   3150.00000000000       2.390714550651502E-004
   3156.00000000000       2.376075018163670E-004
   3160.00000000000       2.366320526928459E-004
   3162.00000000000       2.362888991506485E-004
   3162.40000000000       2.362658273053837E-004
   3162.80000000000       2.362745387076200E-004
   3163.20000000000       2.362922902177007E-004
   3163.52000000000       2.362685887377554E-004
   3163.60000000000       2.362530446579589E-004
   3164.40000000000       2.358118989178058E-004
   3164.80000000000       2.353527946098457E-004
   3165.20000000000       2.346836998266908E-004
   3165.60000000000       2.338484206682076E-004
   3166.00000000000       2.330185712471983E-004
   3168.00000000000       2.298070397402228E-004
   3168.88000000000       2.286017033868875E-004
   3172.00000000000       2.293734217025901E-004
   3173.74000000000       2.309196563771653E-004
   3178.00000000000       2.302928927132122E-004
   3179.52000000000       2.280089421419153E-004
   3179.74000000000       2.275844935475435E-004
   3183.74000000000       2.134623704485142E-004
   3185.74000000000       1.937875609746901E-004
   3186.14000000000       1.867032994952625E-004
   3186.54000000000       1.772770702432623E-004
   3186.94000000000       1.638866254031994E-004
   3187.34000000000       1.435005644813242E-004
   3188.00000000000       1.227716789016184E-004
   3188.14000000000       1.278740820322554E-004
   3188.54000000000       1.427947978017565E-004
   3188.94000000000       1.559457394576156E-004
   3189.34000000000       1.660334860096949E-004
   3189.74000000000       1.740146643114495E-004
   3191.74000000000       1.977929545324855E-004
   3195.52000000000       2.170393508167891E-004
   3195.74000000000       2.177333414247873E-004
   3199.52000000000       2.262155393074459E-004
   3200.57000000000       2.277914829684016E-004
   3201.52000000000       2.290156029910514E-004
   3201.74000000000       2.292759568795176E-004
   3202.32000000000       2.299242412990867E-004
   3202.72000000000       2.303420077822216E-004
   3203.12000000000       2.307383656812880E-004
   3203.92000000000       2.314716027270406E-004
   3204.00000000000       2.315406335907792E-004
   3204.32000000000       2.318092514400123E-004
   3204.72000000000       2.321293973999448E-004
   3205.12000000000       2.324316626883479E-004
   3205.52000000000       2.327175120314814E-004
   3207.52000000000       2.339147562227869E-004
   3211.52000000000       2.354134913205933E-004
   3211.74000000000       2.354711654373534E-004
   3217.52000000000       2.365021799938194E-004
   3219.00000000000       2.366690201884325E-004
   3227.52000000000       2.372493038418311E-004
   3227.74000000000       2.372580231865334E-004
   3232.57000000000       2.373919216597290E-004
   3239.00000000000       2.374257029879412E-004
   3242.74000000000       2.373884054214509E-004
   3243.52000000000       2.373761759541961E-004
   3254.55000000000       2.371036990015456E-004
   3258.52000000000       2.369785420663527E-004
   3262.74000000000       2.368393087389491E-004
   3264.00000000000       2.367967622467510E-004
   3264.90000000000       2.367654470908001E-004
   3278.52000000000       2.362370193761920E-004
   3279.55000000000       2.361832887947673E-004
   3287.74000000000       2.355320912815229E-004
   3297.55000000000       2.354006391962913E-004
   3299.55000000000       2.353452467495045E-004
   3303.52000000000       2.352197713737697E-004
   3314.55000000000       2.347984666634665E-004
   3330.52000000000       2.340022567927096E-004
   3340.55000000000       2.331761378760947E-004
   3346.55000000000       2.324039106440237E-004
   3347.59000000000       2.322174469332528E-004
   3350.55000000000       2.315083272520495E-004
   3352.55000000000       2.310370468384171E-004
   3352.95000000000       2.309500211799228E-004
   3353.35000000000       2.308682463479545E-004
   3353.75000000000       2.307956173953812E-004
   3354.15000000000       2.307506380689814E-004
   3354.95000000000       2.309607477267281E-004
   3355.35000000000       2.310640640974940E-004
   3355.75000000000       2.311197870701243E-004
   3356.15000000000       2.311861656278282E-004
   3356.55000000000       2.312564444672507E-004
   3358.55000000000       2.315718800600660E-004
   3362.55000000000       2.319732112323759E-004
   3363.83000000000       2.320313849096290E-004
   3368.55000000000       2.320814715136184E-004
   3372.59000000000       2.320975523114923E-004
   3378.55000000000       2.320289234188999E-004
   3392.59000000000       2.316060754707811E-004
   3394.55000000000       2.315239104367268E-004
   3397.47000000000       2.313931455486706E-004
   3407.59000000000       2.308599204816317E-004
   3409.55000000000       2.307408961867028E-004
   3421.80000000000       2.297551677220970E-004
   3422.20000000000       2.296801283417825E-004
   3423.59000000000       2.295163656333984E-004
   3429.55000000000       2.287270300711809E-004
   3431.44000000000       2.284565149182499E-004
   3433.59000000000       2.280759913516711E-004
   3439.59000000000       2.265688236188126E-004
   3443.59000000000       2.246775928021982E-004
   3445.59000000000       2.231532679882836E-004
   3445.99000000000       2.228196666353022E-004
   3446.39000000000       2.224864170626117E-004
   3446.79000000000       2.221693795146170E-004
   3447.19000000000       2.219391731555020E-004
   3447.99000000000       2.228532314784946E-004
   3448.39000000000       2.231208075315518E-004
   3448.79000000000       2.233775202389020E-004
   3449.19000000000       2.238231920509150E-004
   3449.59000000000       2.241910717534790E-004
   3451.59000000000       2.252145107962803E-004
   3454.55000000000       2.261742658766571E-004
   3455.59000000000       2.263978006445941E-004
   3461.59000000000       2.271360055670346E-004
   3465.76000000000       2.273185259127900E-004
   3471.59000000000       2.273451904627545E-004
   3487.59000000000       2.271778535454934E-004
   3500.41000000000       2.268283987052986E-004
   3502.59000000000       2.267584030351951E-004
   3513.64000000000       2.263964781757003E-004
   3522.59000000000       2.261209798214048E-004
   3534.20000000000       2.258005043636329E-004
   3535.42000000000       2.257705808174237E-004
   3538.64000000000       2.256947640165617E-004
   3547.59000000000       2.254968694281324E-004
   3552.00000000000       2.254019502960363E-004
   3558.64000000000       2.252560399286839E-004
   3559.20000000000       2.252434316579704E-004
   3570.77000000000       2.249301210635375E-004
   3573.64000000000       2.248273272285028E-004
   3577.00000000000       2.246844669138957E-004
   3579.20000000000       2.245735482492816E-004
   3589.64000000000       2.236570450125022E-004
   3594.20000000000       2.228072756491019E-004
   3597.00000000000       2.221536843369595E-004
   3599.64000000000       2.212878506319564E-004
   3605.01000000000       2.183866230715790E-004
   3605.64000000000       2.179274255004659E-004
   3606.48000000000       2.171944338854604E-004
   3609.64000000000       2.130188873888223E-004
   3610.20000000000       2.119309340402757E-004
   3611.64000000000       2.081356474220282E-004
   3612.00000000000       2.068576816517784E-004
   3612.44000000000       2.050559419842791E-004
   3612.84000000000       2.033046389001109E-004
   3613.24000000000       2.018443467322491E-004
   3614.04000000000       2.077951308491302E-004
   3614.44000000000       2.099733980608086E-004
   3614.84000000000       2.115055102076501E-004
   3615.24000000000       2.127800768075306E-004
   3615.64000000000       2.138034592876394E-004
   3617.64000000000       2.145872003814084E-004
   3620.20000000000       2.161072140247754E-004
   3621.64000000000       2.166213855447129E-004
   3626.20000000000       2.167333745532077E-004
   3627.64000000000       2.165140904472936E-004
   3628.00000000000       2.164470108825208E-004
   3630.01000000000       2.158686644107558E-004
   3632.20000000000       2.153150685664671E-004
   3632.60000000000       2.152674816376048E-004
   3633.00000000000       2.152239733298262E-004
   3633.40000000000       2.152041441991998E-004
   3633.80000000000       2.152398031057943E-004
   3634.60000000000       2.155119146976161E-004
   3635.00000000000       2.157910726375632E-004
   3635.40000000000       2.160907950264061E-004
   3635.80000000000       2.163814248511096E-004
   3636.20000000000       2.166523702599997E-004
   3637.64000000000       2.174711166590313E-004
   3638.00000000000       2.176274941315776E-004
   3642.20000000000       2.194469354109842E-004
   3642.55000000000       2.196106076584045E-004
   3644.00000000000       2.202830529822457E-004
   3648.00000000000       2.217265743680308E-004
   3650.00000000000       2.221654449925890E-004
   3650.40000000000       2.222165560854965E-004
   3650.80000000000       2.222543394685952E-004
   3651.20000000000       2.222798206476494E-004
   3651.60000000000       2.222914941164731E-004
   3652.40000000000       2.222354572319849E-004
   3652.80000000000       2.223134939787976E-004
   3653.20000000000       2.224087175626360E-004
   3653.60000000000       2.225155353647422E-004
   3654.00000000000       2.226266084322981E-004
   3656.00000000000       2.231290977901420E-004
   3658.20000000000       2.235663503745815E-004
   3660.00000000000       2.238265109647986E-004
   3665.01000000000       2.242333906587101E-004
   3666.00000000000       2.242601633863821E-004
   3668.64000000000       2.242513654608225E-004
   3674.20000000000       2.238332080247190E-004
   3676.00000000000       2.235652869410210E-004
   3678.97000000000       2.229499156937625E-004
   3679.80000000000       2.227359391946263E-004
   3680.20000000000       2.226182474161290E-004
   3681.01000000000       2.223805946672897E-004
   3688.64000000000       2.191765145397125E-004
   3689.20000000000       2.188686474738734E-004
   3691.01000000000       2.177891440024274E-004
   3692.00000000000       2.171322771136493E-004
   3695.00000000000       2.147151637598710E-004
   3697.01000000000       2.125904170427030E-004
   3701.01000000000       2.076764695724566E-004
   3703.01000000000       2.047938061130155E-004
   3703.41000000000       2.042579483421184E-004
   3703.81000000000       2.037008078990386E-004
   3704.21000000000       2.031216457807924E-004
   3704.61000000000       2.025255274196310E-004
   3705.41000000000       2.034564393084573E-004
   3705.81000000000       2.043568755551101E-004
   3706.21000000000       2.052536583991486E-004
   3706.61000000000       2.061098027397703E-004
   3707.00000000000       2.068976733215753E-004
   3709.01000000000       2.101597603822507E-004
   3711.00000000000       2.119059126268839E-004
   3713.01000000000       2.133458498038967E-004
   3713.64000000000       2.138562644772943E-004
   3715.76000000000       2.155694949202189E-004
   3719.01000000000       2.179594831917375E-004
   3719.60000000000       2.183632330515479E-004
   3721.00000000000       2.192268870983529E-004
   3727.00000000000       2.219070573698277E-004
   3729.01000000000       2.224517597311883E-004
   3731.00000000000       2.228659706963209E-004
   3733.00000000000       2.227436778856688E-004
   3733.40000000000       2.225574397744734E-004
   3733.80000000000       2.222013531371488E-004
   3734.20000000000       2.214357046346282E-004
   3734.60000000000       2.212622351828013E-004
   3735.40000000000       2.215021446231820E-004
   3735.80000000000       2.217104972146071E-004
   3736.20000000000       2.219715592038838E-004
   3736.60000000000       2.222433344939295E-004
   3737.00000000000       2.224957040553401E-004
   3739.00000000000       2.236787905028248E-004
   3743.00000000000       2.251339670726691E-004
   3744.60000000000       2.255277059390301E-004
   3745.01000000000       2.256089347592755E-004
   3749.00000000000       2.262685470646804E-004
   3752.00000000000       2.265591530267569E-004
   3752.92000000000       2.266177625853818E-004
   3759.00000000000       2.267379622745039E-004
   3760.01000000000       2.267142518712647E-004
   3764.60000000000       2.264437238947977E-004
   3767.50000000000       2.261297159321859E-004
   3771.79000000000       2.254479150198690E-004
   3775.00000000000       2.247549644039445E-004
   3779.60000000000       2.234600355764477E-004
   3780.01000000000       2.233262841161995E-004
   3787.89000000000       2.200618716768619E-004
   3788.65000000000       2.196666899266948E-004
   3790.00000000000       2.189249658304110E-004
   3790.45000000000       2.186665059140399E-004
   3792.50000000000       2.174047698615657E-004
   3795.60000000000       2.152077800895384E-004
   3796.79000000000       2.142548277275059E-004
   3805.01000000000       2.053077138312829E-004
   3805.60000000000       2.044182185116601E-004
   3810.00000000000       1.968305476866654E-004
   3811.60000000000       1.939769716414118E-004
   3812.50000000000       1.917756948177732E-004
   3812.89000000000       1.907872395386163E-004
   3813.65000000000       1.888170125935547E-004
   3815.60000000000       1.828480497439415E-004
   3816.79000000000       1.786883454264838E-004
   3817.60000000000       1.761491107246076E-004
   3818.00000000000       1.751112392041858E-004
   3818.40000000000       1.743630232666899E-004
   3818.80000000000       1.736808079682904E-004
   3819.20000000000       1.730535357978800E-004
   3820.00000000000       1.711850846708714E-004
   3820.40000000000       1.729142161618392E-004
   3820.80000000000       1.751431399315663E-004
   3821.20000000000       1.774664109189574E-004
   3821.60000000000       1.796725839599904E-004
   3823.60000000000       1.887011322367808E-004
   3826.53000000000       1.972327574588909E-004
   3827.50000000000       1.989572879791059E-004
   3828.35000000000       2.000063491119265E-004
   3831.79000000000       2.026741517235554E-004
   3832.89000000000       2.039107692065865E-004
   3833.60000000000       2.046906229731053E-004
   3835.00000000000       2.062095785584449E-004
   3835.91000000000       2.071848921713780E-004
   3843.50000000000       2.134945825250044E-004
   3847.79000000000       2.161079465233159E-004
   3848.65000000000       2.165441748710300E-004
   3851.53000000000       2.177476021875007E-004
   3853.50000000000       2.183726886941093E-004
   3857.79000000000       2.193097341930531E-004
   3859.50000000000       2.195282410654489E-004
   3860.91000000000       2.195846023281796E-004
   3863.50000000000       2.191301046396224E-004
   3863.79000000000       2.190109568074675E-004
   3864.65000000000       2.185317071905872E-004
   3865.50000000000       2.177954937973674E-004
   3865.90000000000       2.173080970439923E-004
   3866.30000000000       2.166780543255740E-004
   3866.64000000000       2.159721792837054E-004
   3867.10000000000       2.145497302842179E-004
   3867.79000000000       2.101152116207403E-004
   3867.90000000000       2.101518120894963E-004
   3868.30000000000       2.106976551247943E-004
   3868.70000000000       2.113432132633775E-004
   3869.10000000000       2.120393703071528E-004
   3869.50000000000       2.126658591491116E-004
   3869.79000000000       2.130362226884267E-004
   3870.19000000000       2.134652933295895E-004
   3870.59000000000       2.138335251338493E-004
   3870.99000000000       2.141548831456941E-004
   3871.39000000000       2.144323387805972E-004
   3871.50000000000       2.145017335774989E-004
   3872.19000000000       2.148715554823933E-004
   3872.59000000000       2.150359760240685E-004
   3872.99000000000       2.151627266671625E-004
   3873.39000000000       2.152518940438852E-004
   3873.79000000000       2.153033407751173E-004
   3874.60000000000       2.153087182410318E-004
   3875.50000000000       2.151696659785828E-004
   3875.79000000000       2.150951644776953E-004
   3879.79000000000       2.117887508023105E-004
   3880.65000000000       2.103138329034318E-004
   3880.91000000000       2.097898112841011E-004
   3881.50000000000       2.084460861404755E-004
   3883.89000000000       1.999887262688866E-004
   3884.65000000000       1.955920105594093E-004
   3885.79000000000       1.860854185966544E-004
   3886.29000000000       1.803009519075391E-004
   3886.53000000000       1.769786012566083E-004
   3886.69000000000       1.745054795686564E-004
   3887.05000000000       1.679998016057131E-004
   3887.45000000000       1.586379159991359E-004
   3887.49000000000       1.575400979731076E-004
   3887.85000000000       1.459760488775875E-004
   3888.25000000000       1.303716291338323E-004
   3888.29000000000       1.288575268268724E-004
   3888.69000000000       1.208073981743648E-004
   3889.05000000000       1.269206296336207E-004
   3889.09000000000       1.279672485292947E-004
   3889.45000000000       1.383044029596210E-004
   3889.73000000000       1.467487252152294E-004
   3889.89000000000       1.511503735019915E-004
   3890.25000000000       1.594829039862089E-004
   3890.65000000000       1.666223418761397E-004
   3891.50000000000       1.779290457276169E-004
   3891.89000000000       1.818537216694984E-004
   3892.65000000000       1.880381560295024E-004
   3893.88000000000       1.956680286166219E-004
   3894.60000000000       1.991483729761544E-004
   3895.79000000000       2.037636039241022E-004
   3895.91000000000       2.041659918353348E-004
   3896.65000000000       2.064449670364093E-004
   3901.89000000000       2.162569442430436E-004
   3902.53000000000       2.169773086063978E-004
   3905.30000000000       2.194588966691627E-004
   3907.50000000000       2.208655350466664E-004
   3909.27000000000       2.217237648621460E-004
   3909.73000000000       2.219122418286939E-004
   3911.79000000000       2.226059240962729E-004
   3911.91000000000       2.226392517235550E-004
   3912.53000000000       2.227975609406911E-004
   3913.88000000000       2.230759062168596E-004
   3918.53000000000       2.235511823183785E-004
   3919.60000000000       2.235825351427410E-004
   3921.91000000000       2.235314020344252E-004
   3922.50000000000       2.234976061067233E-004
   3923.97000000000       2.233983656052357E-004
   3924.53000000000       2.233574381450920E-004
   3924.93000000000       2.233237555576401E-004
   3925.33000000000       2.232871443990690E-004
   3925.73000000000       2.232449238657323E-004
   3926.13000000000       2.231981295050810E-004
   3926.20000000000       2.231898626345619E-004
   3926.79000000000       2.231231255800085E-004
   3926.93000000000       2.231117665612513E-004
   3927.33000000000       2.230860162647842E-004
   3927.73000000000       2.230719690004613E-004
   3927.91000000000       2.230679978919478E-004
   3928.13000000000       2.230650794544353E-004
   3928.53000000000       2.230617019182216E-004
   3928.88000000000       2.230619028179115E-004
   3930.53000000000       2.230656939873261E-004
   3931.91000000000       2.230513570325856E-004
   3933.91000000000       2.229573652687999E-004
   3934.27000000000       2.229241100994639E-004
   3934.53000000000       2.228977098492695E-004
   3935.11000000000       2.228306727373170E-004
   3935.51000000000       2.227774392360931E-004
   3936.31000000000       2.226501957584754E-004
   3936.71000000000       2.225938224420969E-004
   3937.11000000000       2.225355324925004E-004
   3937.51000000000       2.224742531220138E-004
   3937.91000000000       2.224089404196233E-004
   3939.91000000000       2.220119800766878E-004
   3940.53000000000       2.218614342431200E-004
   3942.50000000000       2.212754579418753E-004
   3942.89000000000       2.211374476918090E-004
   3943.65000000000       2.208422775379304E-004
   3943.91000000000       2.207333087322446E-004
   3944.36000000000       2.205332392840320E-004
   3944.88000000000       2.202828905366163E-004
   3946.79000000000       2.191709070708753E-004
   3948.97000000000       2.175178626475487E-004
   3949.91000000000       2.166829388426553E-004
   3950.53000000000       2.160952636385191E-004
   3951.20000000000       2.154235995132839E-004
   3954.27000000000       2.116542244202499E-004
   3954.88000000000       2.107013347320213E-004
   3956.73000000000       2.071583202733911E-004
   3959.91000000000       1.977330128098308E-004
   3960.73000000000       1.940336071990907E-004
   3962.73000000000       1.796097991989522E-004
   3963.13000000000       1.748619910521513E-004
   3963.53000000000       1.690300456161702E-004
   3963.93000000000       1.618927879422595E-004
   3964.33000000000       1.531366109888150E-004
   3964.88000000000       1.632343455075608E-004
   3965.13000000000       1.752140634732308E-004
   3965.53000000000       1.856384204925900E-004
   3965.93000000000       1.915423745590295E-004
   3966.33000000000       1.951976903743146E-004
   3966.73000000000       1.973446778017034E-004
   3967.28000000000       1.981048833909168E-004
   3967.50000000000       1.979726153810281E-004
   3968.08000000000       1.971520231777733E-004
   3968.48000000000       1.966699483543144E-004
   3968.73000000000       1.966169344113566E-004
   3968.97000000000       1.968401935746918E-004
   3969.27000000000       1.974902213117508E-004
   3969.28000000000       1.975188615709168E-004
   3969.68000000000       1.989665646597178E-004
   3970.00000000000       2.005052596840736E-004
   3970.48000000000       2.032057995936881E-004
   3970.88000000000       2.054813790560770E-004
   3971.20000000000       2.069756396315773E-004
   3971.79000000000       2.085987881016469E-004
   3972.73000000000       2.093587101995308E-004
   3975.91000000000       2.107904088521771E-004
   3976.88000000000       2.111068143722353E-004
   3978.73000000000       2.115249919993947E-004
   3981.53000000000       2.116432294614743E-004
   3982.88000000000       2.115108602942734E-004
   3983.80000000000       2.113578568035849E-004
   3985.27000000000       2.110058353992161E-004
   3986.20000000000       2.107142886487085E-004
   3987.89000000000       2.100355930186964E-004
   3988.65000000000       2.096693553770218E-004
   3990.00000000000       2.089283447319424E-004
   3990.91000000000       2.083674217798367E-004
   3992.88000000000       2.070108942192451E-004
   3995.27000000000       2.051557516704555E-004
   3999.97000000000       2.008721070243981E-004
   4000.51000000000       2.003148645790885E-004
   4001.27000000000       1.995134722823335E-004
   4001.53000000000       1.992318357774102E-004
   4002.20000000000       1.984858727632967E-004
   4004.73000000000       1.954252899400857E-004
   4005.00000000000       1.950720800168815E-004
   4005.27000000000       1.947129801862301E-004
   4007.27000000000       1.918484317869083E-004
   4007.67000000000       1.912206714525212E-004
   4008.07000000000       1.905579990362399E-004
   4008.47000000000       1.898526986065670E-004
   4008.87000000000       1.891085928594389E-004
   4008.88000000000       1.890895363656941E-004
   4009.67000000000       1.877132554129217E-004
   4009.97000000000       1.872548426993692E-004
   4010.47000000000       1.864957692470445E-004
   4010.87000000000       1.858781446988462E-004
   4011.27000000000       1.852462967156749E-004
   4012.20000000000       1.837049620562580E-004
   4013.27000000000       1.817805416217353E-004
   4015.97000000000       1.757747018157483E-004
   4017.27000000000       1.719869216536016E-004
   4018.20000000000       1.688306450236272E-004
   4019.73000000000       1.627669659477779E-004
   4019.97000000000       1.617196166520886E-004
   4020.80000000000       1.579338943694270E-004
   4021.00000000000       1.569876942697039E-004
   4021.97000000000       1.522390356635374E-004
   4022.20000000000       1.510642415672942E-004
   4022.77000000000       1.480593612275494E-004
   4023.17000000000       1.458731343436095E-004
   4023.57000000000       1.436312474976227E-004
   4023.64000000000       1.432349499299407E-004
   4023.88000000000       1.418676168971084E-004
   4024.20000000000       1.400377236065287E-004
   4024.37000000000       1.390605325874193E-004
   4024.60000000000       1.376463353386469E-004
   4025.00000000000       1.346332482232532E-004
   4025.40000000000       1.303932899866603E-004
   4025.57000000000       1.282762333979768E-004
   4025.80000000000       1.274166055077887E-004
   4025.97000000000       1.285746799911588E-004
   4026.53000000000       1.309301227458068E-004
   4026.60000000000       1.313868083260360E-004
   4027.00000000000       1.341074194254777E-004
   4027.40000000000       1.368989221436236E-004
   4027.80000000000       1.397540773208773E-004
   4028.20000000000       1.426371776470513E-004
   4030.20000000000       1.562479233016863E-004
   4031.00000000000       1.611341619114750E-004
   4031.97000000000       1.665164171582832E-004
   4033.27000000000       1.727319815577498E-004
   4034.20000000000       1.765150133563440E-004
   4035.91000000000       1.823201406178524E-004
   4037.00000000000       1.853819036360412E-004
   4037.97000000000       1.877261915464960E-004
   4039.73000000000       1.910963469102122E-004
   4040.20000000000       1.918063806227426E-004
   4041.00000000000       1.928254311146536E-004
   4043.00000000000       1.945545779565432E-004
   4043.40000000000       1.947510992595767E-004
   4043.76000000000       1.948253973633284E-004
   4043.88000000000       1.948210476450725E-004
   4044.20000000000       1.947150462596780E-004
   4044.60000000000       1.943386188305525E-004
   4045.40000000000       1.932830083138260E-004
   4045.51000000000       1.932225859151275E-004
   4045.80000000000       1.931845329364470E-004
   4046.20000000000       1.933192145571913E-004
   4046.60000000000       1.935773656809593E-004
   4047.00000000000       1.939271354320945E-004
   4047.97000000000       1.949662563612277E-004
   4049.00000000000       1.960756914863970E-004
   4049.27000000000       1.963561805703380E-004
   4050.20000000000       1.973050922858506E-004
   4053.00000000000       2.000398864038204E-004
   4059.00000000000       2.052464657229377E-004
   4060.51000000000       2.063806679772268E-004
   4063.87000000000       2.086455618731249E-004
   4064.27000000000       2.088958780783885E-004
   4064.73000000000       2.091796039792265E-004
   4065.80000000000       2.098222543447846E-004
   4066.20000000000       2.100571900943116E-004
   4068.76000000000       2.114841096037967E-004
   4068.97000000000       2.115962206065070E-004
   4076.51000000000       2.150552956460088E-004
   4078.97000000000       2.159583802284733E-004
   4080.80000000000       2.165596516845316E-004
   4081.20000000000       2.166831654427276E-004
   4084.27000000000       2.175337803077262E-004
   4085.00000000000       2.177104780558587E-004
   4086.51000000000       2.180418708362916E-004
   4088.76000000000       2.184576986290886E-004
   4092.51000000000       2.189741833221415E-004
   4093.97000000000       2.191206888669010E-004
   4096.51000000000       2.193006707835001E-004
   4096.80000000000       2.193151681803225E-004
   4098.51000000000       2.193640639187635E-004
   4098.91000000000       2.193670035779427E-004
   4099.31000000000       2.193659291426251E-004
   4099.71000000000       2.193621935764516E-004
   4100.00000000000       2.193567556495185E-004
   4100.11000000000       2.193549680645346E-004
   4100.91000000000       2.193350699099910E-004
   4101.20000000000       2.193287471513407E-004
   4101.71000000000       2.193235998685822E-004
   4102.11000000000       2.193045187600313E-004
   4102.51000000000       2.192879411093431E-004
   4103.76000000000       2.192297956329757E-004
   4104.51000000000       2.191709344429129E-004
   4106.80000000000       2.188233908359456E-004
   4108.51000000000       2.183732806681086E-004
   4109.27000000000       2.181185799407570E-004
   4112.80000000000       2.164369288326702E-004
   4113.97000000000       2.156216256646030E-004
   4114.51000000000       2.151776236189979E-004
   4116.80000000000       2.125320578492594E-004
   4118.80000000000       2.077571788588413E-004
   4119.20000000000       2.060430889842820E-004
   4119.60000000000       2.037175395762907E-004
   4120.00000000000       2.002878438948861E-004
   4120.40000000000       1.944518413888350E-004
   4121.20000000000       1.699002892541107E-004
   4121.60000000000       1.756191151537823E-004
   4122.00000000000       1.803670966492387E-004
   4122.40000000000       1.843423282315591E-004
   4122.80000000000       1.877946334980436E-004
   4123.97000000000       1.940887652956267E-004
   4124.51000000000       1.959468671078697E-004
   4124.80000000000       1.968032170180960E-004
   4126.20000000000       2.001630132363925E-004
   4128.80000000000       2.041195062845414E-004
   4129.76000000000       2.050069205772127E-004
   4134.80000000000       2.067160455722280E-004
   4135.76000000000       2.067328958076324E-004
   4139.76000000000       2.061024336066319E-004
   4140.51000000000       2.058415579961413E-004
   4141.76000000000       2.052160798101631E-004
   4142.16000000000       2.048845806105238E-004
   4142.56000000000       2.044934714463292E-004
   4142.96000000000       2.040737181768337E-004
   4143.36000000000       2.038216153084698E-004
   4144.16000000000       2.029793743432506E-004
   4144.56000000000       2.030205264395015E-004
   4144.80000000000       2.031329266899301E-004
   4144.97000000000       2.032372482644762E-004
   4145.36000000000       2.035434059375912E-004
   4145.76000000000       2.039199111989703E-004
   4147.76000000000       2.060880040960432E-004
   4151.76000000000       2.101860886933397E-004
   4154.97000000000       2.126347010244284E-004
   4155.51000000000       2.129964825151254E-004
   4157.76000000000       2.143671663962087E-004
   4160.80000000000       2.159116528397662E-004
   4164.97000000000       2.173527254964317E-004
   4166.97000000000       2.177161118164151E-004
   4167.37000000000       2.177481861096566E-004
   4167.76000000000       2.177570379742729E-004
   4168.17000000000       2.177290150452259E-004
   4168.57000000000       2.176368779932775E-004
   4169.37000000000       2.171904991222717E-004
   4169.77000000000       2.173296281157583E-004
   4170.17000000000       2.174966973218916E-004
   4170.57000000000       2.176738710452487E-004
   4170.97000000000       2.178555767975932E-004
   4172.97000000000       2.186716595517707E-004
   4175.51000000000       2.194880732009816E-004
   4175.80000000000       2.195660530024707E-004
   4176.97000000000       2.198625832701678E-004
   4182.97000000000       2.210919487217214E-004
   4183.76000000000       2.212274113530972E-004
   4187.01000000000       2.217281155250832E-004
   4192.97000000000       2.224014131101467E-004
   4195.80000000000       2.226302362753561E-004
   4198.76000000000       2.228249030635713E-004
   4200.51000000000       2.229229106031364E-004
   4208.97000000000       2.232527290421275E-004
   4218.76000000000       2.233512109851112E-004
   4220.80000000000       2.233467967464282E-004
   4223.97000000000       2.233255564920323E-004
   4228.88000000000       2.232585517592189E-004
   4239.16000000000       2.230161614322305E-004
   4243.76000000000       2.228725108695431E-004
   4243.97000000000       2.228653135865613E-004
   4264.16000000000       2.220207535745822E-004
   4268.97000000000       2.217651233005535E-004
   4271.17000000000       2.216355051962956E-004
   4284.16000000000       2.207493830015676E-004
   4287.93000000000       2.204841182100389E-004
   4299.16000000000       2.195109058372035E-004
   4312.93000000000       2.178694740401753E-004
   4313.88000000000       2.177350346583097E-004
   4315.16000000000       2.175481027275563E-004
   4325.16000000000       2.158695716095148E-004
   4331.16000000000       2.145798508645081E-004
   4332.93000000000       2.141336373133338E-004
   4335.16000000000       2.135064538450189E-004
   4337.16000000000       2.128680652713140E-004
   4337.55000000000       2.127328388842724E-004
   4337.96000000000       2.125867609122577E-004
   4338.36000000000       2.124391169619799E-004
   4338.76000000000       2.122852405330852E-004
   4339.56000000000       2.119419051929722E-004
   4339.96000000000       2.117326927710856E-004
   4340.36000000000       2.115017062196281E-004
   4340.76000000000       2.114503835690532E-004
   4341.16000000000       2.114585008093791E-004
   4343.16000000000       2.111733505396594E-004
   4347.16000000000       2.101773634586384E-004
   4347.93000000000       2.099434679504967E-004
   4353.16000000000       2.080657094367306E-004
   4357.02000000000       2.064265811022230E-004
   4362.55000000000       2.037426156260642E-004
   4363.16000000000       2.034148433700602E-004
   4363.93000000000       2.029902372582323E-004
   4371.48000000000       1.978454971256262E-004
   4373.93000000000       1.957140501426008E-004
   4379.16000000000       1.899621088220322E-004
   4379.93000000000       1.889360130791445E-004
   4382.55000000000       1.853707062014764E-004
   4383.93000000000       1.834403838058323E-004
   4385.93000000000       1.765864390215219E-004
   4386.33000000000       1.747507114729416E-004
   4386.73000000000       1.723689362595909E-004
   4387.13000000000       1.686956758743517E-004
   4387.53000000000       1.629351358003011E-004
   4388.33000000000       1.634131406740233E-004
   4388.73000000000       1.649967153141230E-004
   4389.13000000000       1.664732739709550E-004
   4389.53000000000       1.679261565307578E-004
   4389.93000000000       1.693998686126695E-004
   4391.93000000000       1.759807826690744E-004
   4394.16000000000       1.814370099924942E-004
   4395.93000000000       1.846761158113602E-004
   4396.48000000000       1.855211889584080E-004
   4397.55000000000       1.869959194236958E-004
   4400.59000000000       1.902538205061322E-004
   4401.93000000000       1.913571740358361E-004
   4411.93000000000       1.955957495623552E-004
   4413.55000000000       1.957989545072497E-004
   4414.16000000000       1.958509194481603E-004
   4416.48000000000       1.959315298546407E-004
   4417.00000000000       1.959248747845492E-004
   4423.55000000000       1.950521084989140E-004
   4427.93000000000       1.935719752709562E-004
   4429.55000000000       1.928012420849992E-004
   4431.48000000000       1.916950870744023E-004
   4433.55000000000       1.902120163275062E-004
   4435.55000000000       1.882488294966644E-004
   4435.95000000000       1.877245827082564E-004
   4436.35000000000       1.871088979839277E-004
   4436.75000000000       1.863444735766724E-004
   4437.15000000000       1.852809585436689E-004
   4437.95000000000       1.820878074370534E-004
   4438.35000000000       1.823274132882896E-004
   4438.75000000000       1.826507637723961E-004
   4439.15000000000       1.828919147756645E-004
   4439.55000000000       1.830471678480727E-004
   4441.55000000000       1.829464233397821E-004
   4442.00000000000       1.827957924287834E-004
   4442.93000000000       1.823788864783515E-004
   4444.60000000000       1.813339121438501E-004
   4445.55000000000       1.805768391674795E-004
   4447.48000000000       1.786551310659842E-004
   4451.55000000000       1.732964916867608E-004
   4457.48000000000       1.630326679168078E-004
   4461.55000000000       1.519340502298948E-004
   4462.00000000000       1.504469587114036E-004
   4462.93000000000       1.471599557560705E-004
   4463.48000000000       1.450421418448114E-004
   4467.48000000000       1.265477390470819E-004
   4469.48000000000       1.195615297712198E-004
   4469.88000000000       1.198687556886070E-004
   4470.28000000000       1.239024123419965E-004
   4470.68000000000       1.224924891478294E-004
   4471.08000000000       1.186611182647741E-004
   4471.88000000000       1.159394490599021E-004
   4472.28000000000       1.169714951461261E-004
   4472.68000000000       1.181972511207395E-004
   4473.08000000000       1.195189328951892E-004
   4473.48000000000       1.209620797686613E-004
   4475.48000000000       1.301751411778948E-004
   4477.00000000000       1.382922029832438E-004
   4477.55000000000       1.410714461989004E-004
   4479.48000000000       1.497186886672212E-004
   4485.48000000000       1.682990493985745E-004
   4487.93000000000       1.734897409428609E-004
   4489.04000000000       1.754608537950632E-004
   4492.55000000000       1.806740624285377E-004
   4493.00000000000       1.812525272523762E-004
   4495.48000000000       1.841037577934033E-004
   4503.00000000000       1.900344818733676E-004
   4509.00000000000       1.924735313475061E-004
   4511.48000000000       1.929848340941008E-004
   4512.55000000000       1.928992791306124E-004
   4513.00000000000       1.927805028739598E-004
   4515.00000000000       1.914763252985403E-004
   4515.40000000000       1.909999568540508E-004
   4515.80000000000       1.903993144477983E-004
   4516.20000000000       1.896148569232873E-004
   4516.60000000000       1.885052905434768E-004
   4517.40000000000       1.847830095810406E-004
   4517.80000000000       1.837095420857773E-004
   4518.20000000000       1.835899256076165E-004
   4518.60000000000       1.838222548315375E-004
   4519.00000000000       1.841288052619238E-004
   4521.00000000000       1.860230745577884E-004
   4525.00000000000       1.894209036937611E-004
   4526.48000000000       1.904703044378920E-004
   4531.00000000000       1.930761433726737E-004
   4533.93000000000       1.944771284149877E-004
   4537.55000000000       1.959910073514521E-004
   4541.00000000000       1.972409399608898E-004
   4546.48000000000       1.988866594602330E-004
   4557.00000000000       2.010615661304271E-004
   4571.48000000000       2.027539970280009E-004
   4572.00000000000       2.028005549914915E-004
   4579.27000000000       2.033873234338744E-004
   4586.29000000000       2.038584311219557E-004
   4592.00000000000       2.041789704199002E-004
   4611.29000000000       2.048275309997090E-004
   4613.20000000000       2.048472084025049E-004
   4617.00000000000       2.048607404292574E-004
   4625.07000000000       2.047832550587055E-004
   4631.29000000000       2.046357628546112E-004
   4638.20000000000       2.044050125197671E-004
   4646.29000000000       2.040700824423795E-004
   4658.20000000000       2.034570651913910E-004
   4662.29000000000       2.032131089288268E-004
   4671.32000000000       2.025707336283631E-004
   4672.29000000000       2.024880773762027E-004
   4673.20000000000       2.024074925438877E-004
   4678.29000000000       2.018907728774627E-004
   4682.29000000000       2.013825513093469E-004
   4684.29000000000       2.010925276758563E-004
   4684.69000000000       2.010276481969361E-004
   4685.09000000000       2.009625378037757E-004
   4685.50000000000       2.008940403220684E-004
   4685.90000000000       2.008254546641140E-004
   4686.69000000000       2.006867531357533E-004
   4687.09000000000       2.006141199204106E-004
   4687.50000000000       2.005379434802795E-004
   4687.90000000000       2.004625498051222E-004
   4688.29000000000       2.003875507230097E-004
   4689.20000000000       2.002086276457516E-004
   4690.29000000000       1.999805336013961E-004
   4694.29000000000       1.989378441552250E-004
   4699.20000000000       1.968482112511302E-004
   4700.29000000000       1.962015238237613E-004
   4705.20000000000       1.915715527476362E-004
   4709.20000000000       1.824718383397883E-004
   4710.29000000000       1.774965984418675E-004
   4711.20000000000       1.710495340993386E-004
   4711.60000000000       1.669998165654674E-004
   4712.00000000000       1.616105194050560E-004
   4712.40000000000       1.538552518354184E-004
   4712.80000000000       1.412902559670740E-004
   4713.60000000000       1.188869264046492E-004
   4714.00000000000       1.264883127963160E-004
   4714.40000000000       1.348204138593367E-004
   4714.80000000000       1.418650030529880E-004
   4715.20000000000       1.471859645085355E-004
   4717.20000000000       1.636609317881997E-004
   4718.03000000000       1.679806941893308E-004
   4721.20000000000       1.780869188573512E-004
   4726.29000000000       1.867912097870117E-004
   4727.20000000000       1.878386224620466E-004
   4737.20000000000       1.943374225509950E-004
   4741.29000000000       1.955745670078655E-004
   4753.20000000000       1.972124592107869E-004
   4759.86000000000       1.976030099957593E-004
   4761.29000000000       1.976546475257053E-004
   4765.21000000000       1.977412726131497E-004
   4768.20000000000       1.977568532901642E-004
   4784.86000000000       1.972842992659209E-004
   4786.29000000000       1.972190819224150E-004
   4788.20000000000       1.971300292705443E-004
   4804.86000000000       1.962520817614404E-004
   4811.00000000000       1.958448240403502E-004
   4812.86000000000       1.957100693195238E-004
   4813.20000000000       1.956848983866056E-004
   4819.86000000000       1.951456222370929E-004
   4821.93000000000       1.949612076558719E-004
   4835.86000000000       1.934639785426762E-004
   4845.86000000000       1.919445535323600E-004
   4846.93000000000       1.917438334664691E-004
   4851.86000000000       1.906528807256577E-004
   4855.86000000000       1.894143607409513E-004
   4857.86000000000       1.885085817247548E-004
   4858.26000000000       1.882850256187861E-004
   4858.66000000000       1.880509153443694E-004
   4859.06000000000       1.878123834555674E-004
   4859.46000000000       1.875737317095412E-004
   4860.26000000000       1.872008483563258E-004
   4860.66000000000       1.871940433583699E-004
   4860.99000000000       1.873653410315674E-004
   4861.46000000000       1.874623573955528E-004
   4861.86000000000       1.870034490052469E-004
   4863.86000000000       1.868182445247280E-004
   4866.93000000000       1.868915635325977E-004
   4867.86000000000       1.867851743790421E-004
   4871.00000000000       1.861951601618887E-004
   4873.86000000000       1.854452168349996E-004
   4881.93000000000       1.825371925395397E-004
   4883.86000000000       1.816674165462271E-004
   4887.00000000000       1.800913901832901E-004
   4897.00000000000       1.733811419317111E-004
   4897.93000000000       1.725824454100470E-004
   4899.86000000000       1.708049543985006E-004
   4903.00000000000       1.675352703105323E-004
   4907.00000000000       1.626004226963865E-004
   4907.93000000000       1.612751483313981E-004
   4909.00000000000       1.598658726404225E-004
   4909.40000000000       1.594404005709968E-004
   4909.60000000000       1.592596530041268E-004
   4910.20000000000       1.588831043074803E-004
   4910.60000000000       1.591867142678562E-004
   4911.40000000000       1.599913907896933E-004
   4911.80000000000       1.597930085161821E-004
   4912.20000000000       1.593535952151540E-004
   4912.60000000000       1.587518765157347E-004
   4913.00000000000       1.580134854038302E-004
   4913.93000000000       1.558454134804666E-004
   4914.86000000000       1.530748533137612E-004
   4915.68000000000       1.499477747590630E-004
   4917.93000000000       1.367778291414662E-004
   4919.00000000000       1.303749739886897E-004
   4919.93000000000       1.269921960569790E-004
   4920.33000000000       1.284951455682202E-004
   4920.73000000000       1.347316019853511E-004
   4921.13000000000       1.346000871573248E-004
   4921.53000000000       1.285055694117395E-004
   4922.33000000000       1.156514095856210E-004
   4922.73000000000       1.168755701112992E-004
   4923.13000000000       1.185887983251803E-004
   4923.53000000000       1.205417697140482E-004
   4923.93000000000       1.226656036527944E-004
   4925.00000000000       1.284006040741814E-004
   4925.93000000000       1.332942453818428E-004
   4929.93000000000       1.486724474678101E-004
   4934.86000000000       1.594959269211502E-004
   4935.93000000000       1.612332695095177E-004
   4940.68000000000       1.672430932381441E-004
   4945.93000000000       1.719567759841444E-004
   4947.74000000000       1.732674933041122E-004
   4951.00000000000       1.752847391912844E-004
   4958.70000000000       1.786152981261007E-004
   4959.86000000000       1.789885154079757E-004
   4960.68000000000       1.792363351197483E-004
   4961.93000000000       1.795918958650769E-004
   4966.00000000000       1.805681996960789E-004
   4972.74000000000       1.815735359457697E-004
   4975.68000000000       1.817547724138992E-004
   4976.93000000000       1.817904804576326E-004
   4986.00000000000       1.812065807280835E-004
   4991.68000000000       1.796949656325781E-004
   4992.74000000000       1.792991804222878E-004
   4996.93000000000       1.772126208679221E-004
   5001.68000000000       1.732403429052466E-004
   5007.68000000000       1.635030720881366E-004
   5008.28000000000       1.619952546230557E-004
   5011.00000000000       1.526784444848941E-004
   5011.68000000000       1.492717975126933E-004
   5013.68000000000       1.335228369190784E-004
   5014.08000000000       1.286359470786842E-004
   5014.48000000000       1.230120426087751E-004
   5014.88000000000       1.172860460403466E-004
   5015.28000000000       1.123887300672967E-004
   5016.08000000000       1.167642337878486E-004
   5016.48000000000       1.265544286296558E-004
   5016.88000000000       1.347378612304103E-004
   5017.28000000000       1.410361413638997E-004
   5017.68000000000       1.459328355021312E-004
   5019.68000000000       1.604454240306908E-004
   5021.93000000000       1.684666689993448E-004
   5023.68000000000       1.722409983167381E-004
   5029.68000000000       1.784853644451821E-004
   5033.74000000000       1.799712328169378E-004
   5039.68000000000       1.789414668521913E-004
   5043.74000000000       1.691977779451240E-004
   5045.74000000000       1.683696090777544E-004
   5046.14000000000       1.676235454512511E-004
   5046.54000000000       1.663167535496755E-004
   5046.94000000000       1.640845863775520E-004
   5047.34000000000       1.598956383509036E-004
   5048.14000000000       1.478008077882462E-004
   5048.54000000000       1.525266135772071E-004
   5048.94000000000       1.558555390712427E-004
   5049.34000000000       1.585950505953478E-004
   5049.74000000000       1.607965401829919E-004
   5051.74000000000       1.672976782685395E-004
   5055.68000000000       1.735604808324892E-004
   5058.37000000000       1.759031376177717E-004
   5061.74000000000       1.779402389874249E-004
   5070.68000000000       1.809575074272031E-004
   5071.74000000000       1.811777484537456E-004
   5087.74000000000       1.827971527210416E-004
   5090.68000000000       1.829157565881500E-004
   5102.74000000000       1.831232760095862E-004
   5108.95000000000       1.830944088058425E-004
   5115.68000000000       1.829945683140029E-004
   5122.74000000000       1.828426986206322E-004
   5147.74000000000       1.823075695948335E-004
   5160.04000000000       1.818710760746930E-004
   5185.84000000000       1.808903995102584E-004
   5211.64000000000       1.798578324757771E-004
   5263.76000000000       1.777029836794806E-004
   5290.08000000000       1.766111243087416E-004
   5316.40000000000       1.755170264092629E-004
   5342.98000000000       1.744107177677980E-004
   5369.56000000000       1.732998665872701E-004
   5396.41000000000       1.720408772937547E-004
   5423.25000000000       1.709756906583487E-004
   5477.49000000000       1.687460753341500E-004
   5504.88000000000       1.676207021918551E-004
   5532.26000000000       1.665556669836474E-004
   5559.92000000000       1.654115407043469E-004
   5587.58000000000       1.642387853629108E-004
   5615.52000000000       1.630129438001206E-004
   5643.46000000000       1.617952478774472E-004
   5699.90000000000       1.590572252822789E-004
   5728.40000000000       1.573305746052217E-004
   5756.89000000000       1.554192571389287E-004
   5775.62000000000       1.538528375518869E-004
   5800.62000000000       1.510149999045779E-004
   5814.46000000000       1.487173289266149E-004
   5820.62000000000       1.475235613575987E-004
   5835.62000000000       1.436464734171249E-004
   5851.62000000000       1.363030777625530E-004
   5861.62000000000       1.278057235494284E-004
   5867.62000000000       1.181575353307786E-004
   5871.62000000000       1.071088291520804E-004
   5872.61000000000       1.041437502918328E-004
   5873.62000000000       1.015801066197437E-004
   5874.02000000000       1.006608357247757E-004
   5874.42000000000       9.975185496682667E-005
   5874.82000000000       9.883439159985318E-005
   5875.22000000000       9.789581303339202E-005
   5876.02000000000       9.740317236753077E-005
   5876.42000000000       9.818930522995458E-005
   5876.82000000000       9.935324955019257E-005
   5877.22000000000       1.003927544930352E-004
   5877.62000000000       1.014226540394874E-004
   5879.62000000000       1.077040165588339E-004
   5883.62000000000       1.194726073497734E-004
   5889.62000000000       1.290336044818288E-004
   5899.62000000000       1.368826098927929E-004
   5915.62000000000       1.428106806756146E-004
   5930.62000000000       1.453903404975911E-004
   5931.33000000000       1.454711823625794E-004
   5950.62000000000       1.469508262534945E-004
   5968.00000000000       1.475131236335648E-004
   5990.65000000000       1.476782025442167E-004
   5993.00000000000       1.476706538290976E-004
   6013.00000000000       1.474561134340937E-004
   6028.00000000000       1.471532287368001E-004
   6044.00000000000       1.467174390260256E-004
   6050.55000000000       1.464390738942750E-004
   6054.00000000000       1.462114313716065E-004
   6060.00000000000       1.454902031115427E-004
   6064.00000000000       1.440123032124439E-004
   6066.00000000000       1.416258756368385E-004
   6066.40000000000       1.406398400578943E-004
   6066.80000000000       1.391372797184147E-004
   6067.20000000000       1.366171950993431E-004
   6067.60000000000       1.357898290987494E-004
   6068.40000000000       1.368390430710558E-004
   6068.80000000000       1.374845879661009E-004
   6069.20000000000       1.380140275333431E-004
   6069.60000000000       1.384621648160177E-004
   6070.00000000000       1.388550626187022E-004
   6072.00000000000       1.402995194734619E-004
   6076.00000000000       1.418526025177102E-004
   6082.00000000000       1.429207082672209E-004
   6092.00000000000       1.436160918943889E-004
   6108.00000000000       1.438967415640478E-004
   6111.06000000000       1.438988836458246E-004
   6123.00000000000       1.438225459244181E-004
   6143.00000000000       1.435128387599565E-004
   6168.00000000000       1.429680119095106E-004
   6200.95000000000       1.420373677040506E-004
   6233.89000000000       1.410992803277823E-004
   6296.23000000000       1.392492114460778E-004
   6327.71000000000       1.382924383800306E-004
   6359.19000000000       1.373237659584101E-004
   6422.78000000000       1.354699912572157E-004
   6460.81000000000       1.341903322989428E-004
   6485.81000000000       1.333021941733149E-004
   6487.01000000000       1.332579102933514E-004
   6505.81000000000       1.325401339872179E-004
   6520.81000000000       1.319151205870049E-004
   6532.00000000000       1.313856731916216E-004
   6536.81000000000       1.311247936418886E-004
   6546.81000000000       1.304309775677476E-004
   6551.88000000000       1.298669662567707E-004
   6552.81000000000       1.297214630393875E-004
   6556.81000000000       1.286694603784772E-004
   6558.81000000000       1.273558726306434E-004
   6559.21000000000       1.269188291586373E-004
   6559.61000000000       1.263767049707620E-004
   6560.01000000000       1.256890545152908E-004
   6560.41000000000       1.247997939178993E-004
   6561.21000000000       1.220612676371087E-004
   6561.61000000000       1.198133028327416E-004
   6562.01000000000       1.162623102661489E-004
   6562.41000000000       1.103876593854606E-004
   6562.81000000000       1.062399898836426E-004
   6564.81000000000       1.234368354559106E-004
   6568.81000000000       1.279576558299761E-004
   6574.81000000000       1.285169411474004E-004
   6577.00000000000       1.284742489219733E-004
   6578.15000000000       1.284309294962308E-004
   6584.81000000000       1.280127390605940E-004
   6592.00000000000       1.273432133466488E-004
   6600.81000000000       1.262574726256692E-004
   6603.15000000000       1.259126154913708E-004
   6608.00000000000       1.250898069555971E-004
   6615.81000000000       1.232947219375434E-004
   6617.40000000000       1.228245503389946E-004
   6618.00000000000       1.226354292160656E-004
   6623.15000000000       1.206465529374122E-004
   6624.00000000000       1.202298436391745E-004
   6628.00000000000       1.175452529516442E-004
   6630.00000000000       1.155415651589535E-004
   6630.40000000000       1.150771760895879E-004
   6630.80000000000       1.146071671063878E-004
   6631.20000000000       1.141225051658517E-004
   6631.60000000000       1.140999146547990E-004
   6632.40000000000       1.187078177915080E-004
   6632.80000000000       1.200391503805337E-004
   6633.20000000000       1.208712996719617E-004
   6633.60000000000       1.214606175250434E-004
   6634.00000000000       1.219007240294560E-004
   6635.81000000000       1.229761754292868E-004
   6638.15000000000       1.234131240889757E-004
   6640.00000000000       1.234486146035980E-004
   6646.00000000000       1.226952166099495E-004
   6654.15000000000       1.204006520391564E-004
   6656.00000000000       1.196521521679425E-004
   6660.81000000000       1.171570841685801E-004
   6664.15000000000       1.147509831612069E-004
   6670.15000000000       1.076720630265790E-004
   6672.00000000000       1.040157382148579E-004
   6674.15000000000       9.811114073752623E-005
   6676.15000000000       9.129644411833026E-005
   6676.55000000000       9.012228813115372E-005
   6676.95000000000       8.901827563367400E-005
   6677.35000000000       8.795185545888863E-005
   6677.75000000000       8.685197862952433E-005
   6678.55000000000       8.660104031388273E-005
   6678.95000000000       8.735036662933837E-005
   6679.35000000000       8.808023305187005E-005
   6679.75000000000       8.879913100554638E-005
   6680.15000000000       8.952716136589554E-005
   6682.15000000000       9.387954721042656E-005
   6683.58000000000       9.741230765216967E-005
   6686.15000000000       1.027306378838232E-004
   6687.00000000000       1.040911585420422E-004
   6692.15000000000       1.100057378003228E-004
   6702.15000000000       1.159741863412968E-004
   6707.00000000000       1.177233409582951E-004
   6718.15000000000       1.202931482122428E-004
   6732.00000000000       1.222026489139755E-004
   6733.15000000000       1.223191208621237E-004
   6750.41000000000       1.233704917068920E-004
   6753.15000000000       1.234604195511119E-004
   6778.15000000000       1.239257302150299E-004
   6817.92000000000       1.235950780456672E-004
   6852.00000000000       1.229651457983988E-004
   6886.09000000000       1.221999860124064E-004
   6954.96000000000       1.204151073282297E-004
   6965.19000000000       1.201168727619637E-004
   6990.19000000000       1.193169340211185E-004
   7010.19000000000       1.184731201041227E-004
   7024.50000000000       1.175851067942959E-004
   7025.19000000000       1.175299702810390E-004
   7041.19000000000       1.154835137904583E-004
   7051.19000000000       1.122038104828750E-004
   7057.19000000000       1.073687629374032E-004
   7061.19000000000       9.971789502299264E-005
   7063.19000000000       9.166249248418282E-005
   7063.59000000000       8.948554527037417E-005
   7063.99000000000       8.726338953175425E-005
   7064.39000000000       8.517557684138603E-005
   7064.79000000000       8.330173980621127E-005
   7065.59000000000       8.176906168028219E-005
   7065.99000000000       8.226260172507605E-005
   7066.39000000000       8.391274625618177E-005
   7066.79000000000       8.537081860386585E-005
   7067.19000000000       8.693722103459149E-005
   7069.19000000000       9.531153151768160E-005
   7073.19000000000       1.040275274564197E-004
   7079.19000000000       1.094233980292741E-004
   7089.19000000000       1.130195053382652E-004
   7094.75000000000       1.139486060026017E-004
   7105.19000000000       1.148765040723099E-004
   7120.19000000000       1.153700040021637E-004
   7140.19000000000       1.153847136096368E-004
   7165.19000000000       1.150725926561875E-004
   7181.35000000000       1.147942224752618E-004
   7206.35000000000       1.142287024089630E-004
   7226.35000000000       1.136964926459736E-004
   7237.35000000000       1.133412467859588E-004
   7241.35000000000       1.131900193736820E-004
   7257.35000000000       1.122729454592911E-004
   7267.35000000000       1.108316090686009E-004
   7273.35000000000       1.084046011601833E-004
   7277.35000000000       1.037407779362237E-004
   7279.35000000000       9.743250268237707E-005
   7279.75000000000       9.520043353580373E-005
   7280.15000000000       9.233823059779952E-005
   7280.55000000000       8.860597369902226E-005
   7280.95000000000       8.388468938110764E-005
   7281.75000000000       7.993172225767678E-005
   7282.15000000000       8.222763828003924E-005
   7282.55000000000       8.476174195381964E-005
   7282.95000000000       8.754151593521823E-005
   7283.35000000000       9.008310229073008E-005
   7285.35000000000       9.811218721157965E-005
   7289.35000000000       1.047281825114632E-004
   7295.35000000000       1.083477178126581E-004
   7305.35000000000       1.103791720978542E-004
   7309.73000000000       1.107139852714092E-004
   7321.35000000000       1.110651504031430E-004
   7336.35000000000       1.110624616603042E-004
   7356.35000000000       1.107914310084081E-004
   7381.35000000000       1.103197787542716E-004
   7436.40000000000       1.091610539824750E-004
   7456.65000000000       1.087210025559904E-004
   7531.22000000000       1.071037526221205E-004
   7606.53000000000       1.054952664111188E-004
   7644.56000000000       1.046886151039510E-004
   7682.60000000000       1.038899711722959E-004
   7721.01000000000       1.030915224704513E-004
   7759.42000000000       1.023008484728553E-004
   7798.22000000000       1.015124305166971E-004
   7837.02000000000       1.007303437362161E-004
   7846.10000000000       1.005484519676522E-004
   7915.39000000000       9.917476971501142E-005
   7994.54000000000       9.763779358716254E-005
   8041.78000000000       9.673648889985559E-005
   8081.99000000000       9.597839652996557E-005
   8122.20000000000       9.522858439775566E-005
   8192.40000000000       9.394005946997137E-005
   8200.91000000000       9.378558959573097E-005
   8201.11000000000       9.378197825830046E-005
   8203.42000000000       9.374015298242102E-005
   8262.40000000000       9.268125223253644E-005
   8285.46000000000       9.227235166118016E-005
   8368.31000000000       9.082783099562435E-005
   8410.15000000000       9.011313071647119E-005
   8452.00000000000       8.940828694518831E-005
   8536.52000000000       8.801494576762225E-005
   8579.20000000000       8.732675242426016E-005
   8621.88000000000       8.664868697469268E-005
   8708.10000000000       8.530974900180848E-005
   8751.64000000000       8.464929564085912E-005
   8795.18000000000       8.399923513604833E-005
   8839.16000000000       8.335333843982037E-005
   8883.13000000000       8.271809089912701E-005
   8971.96000000000       8.146581879609492E-005
   9016.82000000000       8.084823801572690E-005
   9061.68000000000       8.024038607481973E-005
   9106.99000000000       7.963523361797455E-005
   9152.30000000000       7.903816695890781E-005
   9198.06000000000       7.844272973291084E-005
   9243.82000000000       7.785463415187233E-005
   9290.04000000000       7.726827177187674E-005
   9336.26000000000       7.668815215216638E-005
   9429.62000000000       7.553473760470989E-005
   9523.92000000000       7.439213288928127E-005
   9571.54000000000       7.382450973340321E-005
   9619.16000000000       7.326308282493660E-005
   9715.35000000000       7.214272642562393E-005
   9812.50000000000       7.103055614998954E-005
   9910.63000000000       6.992617298880058E-005
   9960.18000000000       6.937668099593000E-005
   10009.7400000000       6.882891544999929E-005
   10059.7900000000       6.827879041322753E-005
   10109.8300000000       6.774068534093396E-005
   10160.3800000000       6.719820444120808E-005
   10210.9300000000       6.665987196260587E-005
   10261.9900000000       6.612098795032055E-005
   10313.0400000000       6.558714496035246E-005
   10364.6100000000       6.505300721048063E-005
   10416.1700000000       6.452396676333932E-005
   10468.2500000000       6.399480106489586E-005
   10520.3300000000       6.347081045429505E-005
   10625.5400000000       6.242796463946243E-005
   10678.6700000000       6.190943542496528E-005
   10731.7900000000       6.139642276658611E-005
   10785.4500000000       6.088368529737668E-005
   10839.1100000000       6.037598375190452E-005
   10893.3100000000       5.986493241459779E-005
   10947.5000000000       5.935077041531942E-005
   11056.9800000000       5.836950811332376E-005
   11167.5500000000       5.738465859475047E-005
   11223.3900000000       5.689542465504091E-005
   11279.2200000000       5.641195112807140E-005
   11392.0200000000       5.545206410723600E-005
   11505.9400000000       5.450520142737581E-005
   11563.4600000000       5.403562527702851E-005
   11621.0000000000       5.357152102157782E-005
   11679.1000000000       5.310843087712651E-005
   11737.2100000000       5.265097545553460E-005
   11795.8900000000       5.220858266100212E-005
   11854.5800000000       5.175696009752185E-005
   11913.8500000000       5.130634989276055E-005
   11973.1200000000       5.086140026079983E-005
   12032.9900000000       5.041743318691856E-005
   12092.8500000000       4.997909895827199E-005
   12153.3200000000       4.954181865978079E-005
   12213.7800000000       4.911001823211719E-005
   12335.9200000000       4.828973922953509E-005
   12397.6000000000       4.786855646833189E-005
   12459.2800000000       4.744812458837359E-005
   12583.8700000000       4.661526038868990E-005
   12646.7900000000       4.620257888139637E-005
   12709.7100000000       4.579364300218225E-005
   12836.8100000000       4.493698723819232E-005
   12900.9900000000       4.458452129203583E-005
   12965.1800000000       4.419404949184401E-005
   13094.8300000000       4.341273715940370E-005
   13225.7800000000       4.264370861897668E-005
   13291.9100000000       4.226305156387134E-005
   13358.0300000000       4.188731339720936E-005
   13491.6100000000       4.114313373035258E-005
   13626.5300000000       4.041095399071347E-005
   13694.6600000000       4.004853480997594E-005
   13762.8000000000       3.969080498282880E-005
   13900.4200000000       3.898242357285087E-005
   14039.4300000000       3.828563111382975E-005
   14109.6200000000       3.794076125323863E-005
   14179.8200000000       3.760033032946714E-005
   14321.6200000000       3.692631676233936E-005
   14464.8400000000       3.626339918681087E-005
   14579.5000000000       3.574523812411365E-005
   14579.6500000000       3.574458118887222E-005
   14609.4800000000       3.561151848236519E-005
   14755.5800000000       3.497044604938064E-005
   14903.1300000000       3.434011276499980E-005
   15052.1700000000       3.372031365026857E-005
   15202.6900000000       3.311091282943920E-005
   15278.7000000000       3.280930834469175E-005
   15354.7100000000       3.251176068100697E-005
   15508.2600000000       3.192276467380095E-005
   15585.8000000000       3.163139054295184E-005
   15663.3400000000       3.134394141844566E-005
   15741.6600000000       3.105752245589572E-005
   15819.9800000000       3.077502071918624E-005
   15899.0800000000       3.049366459142084E-005
   15978.1800000000       3.021619742255033E-005
   16058.0700000000       2.993980469239882E-005
   16137.9600000000       2.966732352426488E-005
   16218.6500000000       2.939595035878943E-005
   16299.3400000000       2.912847795460551E-005
   16462.3300000000       2.859945805406349E-005
   16626.9600000000       2.808038659778751E-005
   16793.2300000000       2.757088825684053E-005
   16961.1600000000       2.707110230931326E-005
   17130.7700000000       2.658057183503817E-005
   17216.4200000000       2.633806247278302E-005
   17302.0800000000       2.609895116893211E-005
   17388.5900000000       2.586088636291342E-005
   17475.1000000000       2.562621276881542E-005
   17562.4800000000       2.539244858556553E-005
   17649.8500000000       2.516190062275768E-005
   17826.3500000000       2.470573287464987E-005
   17915.4800000000       2.448000081179708E-005
   18004.6100000000       2.425735469172980E-005
   18094.6400000000       2.403545848578287E-005
   18184.6600000000       2.381654927187288E-005
   18366.5100000000       2.338352188816860E-005
   18458.3400000000       2.316915410421097E-005
   18550.1700000000       2.295739828890359E-005
   18642.9200000000       2.274306331937539E-005
   18735.6700000000       2.244157177994351E-005
   18829.3500000000       2.232266859194367E-005
   18923.0300000000       2.212636706465120E-005
   19017.6500000000       2.192296833040534E-005
   19112.2600000000       2.172176033506690E-005
   19207.8200000000       2.152123022689648E-005
   19303.3800000000       2.132322332388034E-005
   19496.4200000000       2.093135561704332E-005
   19593.9000000000       2.073769285297676E-005
   19691.3800000000       2.054646291400176E-005
   19789.8400000000       2.035591646899682E-005
   19888.3000000000       2.016782334948276E-005
   20087.1800000000       1.979556097502983E-005
   20288.0500000000       1.942957670572114E-005
   20389.4900000000       1.924850660862482E-005
   20490.9300000000       1.906982743073485E-005
   20593.3900000000       1.889184111929926E-005
   20695.8400000000       1.871630151470141E-005
   20799.3200000000       1.854136335096556E-005
   20902.8000000000       1.836879292362322E-005
   21111.8300000000       1.802736845186328E-005
   21217.3900000000       1.785846991701669E-005
   21322.9500000000       1.769180649373652E-005
   21536.1800000000       1.736174000276548E-005
   21751.5400000000       1.703786219391047E-005
   21860.2900000000       1.687805059801083E-005
   21969.0500000000       1.673319851373859E-005
   22078.9000000000       1.657521591613167E-005
   22188.7400000000       1.641941297492737E-005
   22410.6300000000       1.611124670464726E-005
   22634.7400000000       1.580867744609819E-005
   22780.4100000000       1.561658848103821E-005
   22780.7600000000       1.561615320375830E-005
   22861.0800000000       1.551174732586665E-005
   22975.3900000000       1.536489115503046E-005
   23089.7000000000       1.522014030501073E-005
   23320.5900000000       1.493397887327973E-005
   23553.8000000000       1.465298366300947E-005
   23789.3300000000       1.437721740940205E-005
   24027.2300000000       1.410649743035209E-005
   24267.5000000000       1.384076632572226E-005
   24388.8400000000       1.370946784755471E-005
   24510.1700000000       1.357995476267660E-005
   24755.2800000000       1.332397131152654E-005
   25002.8300000000       1.307270329701329E-005
   25252.8600000000       1.282616059506611E-005
   25379.1200000000       1.270427949337785E-005
   25505.3800000000       1.258412893886304E-005
   25632.9100000000       1.246454829398815E-005
   25760.4400000000       1.234667215250673E-005
   26018.0400000000       1.211321177428632E-005
   26278.2200000000       1.188203177455123E-005
   26541.0000000000       1.166031143897528E-005
   26673.7100000000       1.154956528578820E-005
   26806.4100000000       1.144034769237830E-005
   26940.4500000000       1.133149945129463E-005
   27074.4800000000       1.122429321337008E-005
   27345.2200000000       1.101232985572858E-005
   27481.9500000000       1.090755975334390E-005
   27618.6800000000       1.080438985085243E-005
   27756.7700000000       1.070163831109180E-005
   27894.8600000000       1.060035088505204E-005
   28034.3400000000       1.049954671337996E-005
   28173.8100000000       1.040020257873140E-005
   28314.6800000000       1.030131738773991E-005
   28455.5500000000       1.020382573627526E-005
   28740.1100000000       1.001114220419075E-005
   29027.5100000000       9.822113400151469E-006
   29172.6400000000       9.728706904949012E-006
   29317.7800000000       9.636636138086652E-006
   29610.9600000000       9.454676064551517E-006
   29907.0700000000       9.276137012922276E-006
   30206.1400000000       9.100941476449521E-006
   30508.2000000000       8.929044242407108E-006
   30660.7400000000       8.844099302436102E-006
   30813.2800000000       8.760365585993001E-006
   31121.4100000000       8.594852985012993E-006
   31277.0200000000       8.513055944062448E-006
   31432.6300000000       8.432425823468934E-006
   31746.9600000000       8.273043178845562E-006
   32064.4200000000       8.116638984252043E-006
   32224.7500000000       8.039340353320975E-006
   32385.0700000000       7.963150784334623E-006
   32546.9900000000       7.887309525733506E-006
   32708.9200000000       7.812536807394538E-006
   32803.8500000000       7.769201890063977E-006
   32804.2500000000       7.769023903897728E-006
   33036.0100000000       7.664740113377111E-006
   33366.3700000000       7.519702434067999E-006
   33533.2000000000       7.448027894214913E-006
   33700.0300000000       7.377384475379976E-006
   34037.0300000000       7.237726264449071E-006
   34207.2200000000       7.172967258300782E-006
   34377.4000000000       7.104739710588253E-006
   34721.1800000000       6.969878924016007E-006
   35068.3900000000       6.837582306706245E-006
   35419.0700000000       6.707793564016411E-006
   35596.1600000000       6.643666410667143E-006
   35773.2600000000       6.580461543567824E-006
   35952.1300000000       6.517548486196448E-006
   36131.0000000000       6.455542125507017E-006
   36492.3000000000       6.332999826212496E-006
   36857.2300000000       6.212776963964676E-006
   37225.8000000000       6.094833986202403E-006
   37598.0500000000       5.979135335550521E-006
   37974.0400000000       5.865623036909119E-006
   38163.9100000000       5.809542188800013E-006
   38353.7800000000       5.754272547061462E-006
   38545.5500000000       5.699252418242217E-006
   38737.3200000000       5.645032061186089E-006
   38931.0000000000       5.591055750093049E-006
   39124.6900000000       5.537863517559748E-006
   39515.9400000000       5.432736495639765E-006
   39713.5200000000       5.380790031911402E-006
   39911.1000000000       5.329586214354018E-006
   40310.2100000000       5.227859843938322E-006
   40713.3100000000       5.128638766022055E-006
   41120.4400000000       5.031779940909127E-006
   41531.6400000000       4.936259609713738E-006
   41946.9600000000       4.842546447262652E-006
   42366.4300000000       4.750613244633203E-006
   42790.0900000000       4.660423383147859E-006
   43004.0500000000       4.615859014588898E-006
   43218.0000000000       4.571942293541207E-006
   43650.1800000000       4.485136669472857E-006
   44086.6800000000       4.399978714995209E-006
   44307.1100000000       4.357904440728538E-006
   44527.5400000000       4.316440871117114E-006
   44649.7500000000       4.293706664338573E-006
   44650.1500000000       4.293631236976029E-006
   44972.8200000000       4.234476902797285E-006
   45422.5500000000       4.154066396202342E-006
   45649.6600000000       4.114333053388874E-006
   45876.7700000000       4.075178083252812E-006
   46106.1600000000       4.036197719316638E-006
   46335.5400000000       3.997778443501011E-006
   46567.2200000000       3.959536737974230E-006
   46798.9000000000       3.921845730741381E-006
   47266.8900000000       3.847347304393484E-006
   47739.5500000000       3.774257936790386E-006
   48216.9500000000       3.702542774989080E-006
   48699.1200000000       3.632183075577634E-006
   48942.6100000000       3.597419525694398E-006
   49186.1100000000       3.563157907968610E-006
   49677.9700000000       3.496329365301400E-006
   49926.3600000000       3.462828189753277E-006
   50174.7500000000       3.429804384599395E-006
   50676.5000000000       3.364533473045868E-006
   50929.8800000000       3.332287914746970E-006
   51183.2600000000       3.300503118259557E-006
   51695.0900000000       3.237678991646161E-006
   52212.0400000000       3.176043745685994E-006
   52473.1000000000       3.145587712488558E-006
   52734.1600000000       3.115564942104418E-006
   53261.5000000000       3.056242193808447E-006
   53794.1200000000       2.998025382005370E-006
   54063.0900000000       2.969273614377629E-006
   54332.0600000000       2.940925285438393E-006
   54875.3800000000       2.884893461249847E-006
   55149.7600000000       2.857203731558573E-006
   55424.1300000000       2.829922918121144E-006
   55701.2500000000       2.802754994689897E-006
   55978.3800000000       2.775987433706391E-006
   56258.2700000000       2.749338505040336E-006
   56538.1600000000       2.723074387446355E-006
   56820.8500000000       2.696924889837509E-006
   57103.5400000000       2.671159919295641E-006
   57674.5800000000       2.620223104762801E-006
   57962.9500000000       2.595054177713536E-006
   58251.3200000000       2.570252740202045E-006
   58318.1000000000       2.564560307425150E-006
   58318.5000000000       2.564523708225780E-006
   58833.8400000000       2.521224003404853E-006
   59128.0100000000       2.496995955116522E-006
   59422.1800000000       2.473119565311756E-006
   59719.2900000000       2.449354486906610E-006
   60016.4000000000       2.425927426144019E-006
   60316.4800000000       2.402606593815599E-006
   60616.5600000000       2.379623294456215E-006
   61222.7300000000       2.334197265850483E-006
   61834.9500000000       2.289633008048429E-006
   62453.3000000000       2.245907565629939E-006
   63077.8300000000       2.203002667102387E-006
   63708.6100000000       2.160914224655370E-006
   64345.7000000000       2.119618526956100E-006
   64667.4200000000       2.099219859747034E-006
   64989.1500000000       2.079106975554705E-006
   65314.1000000000       2.059093365346016E-006
   65639.0500000000       2.039363671711068E-006
   65967.2400000000       2.019726186155101E-006
   66295.4400000000       2.000362544113265E-006
   66958.3900000000       1.962107165674694E-006
   67293.1900000000       1.943470342838441E-006
   67627.9800000000       1.924830407116310E-006
   67966.1200000000       1.906274489273431E-006
   68304.2600000000       1.887989986975756E-006
   68987.3000000000       1.851850530472812E-006
   69332.2300000000       1.833985159225355E-006
   69677.1700000000       1.816393868644985E-006
   70025.5600000000       1.798872352166248E-006
   70373.9500000000       1.781599669900005E-006
   70725.8100000000       1.764414920782309E-006
   71077.6900000000       1.747473979347136E-006
   71788.4600000000       1.713986409756146E-006
   72506.3400000000       1.681139442137194E-006
   73231.4100000000       1.648918465048693E-006
   73808.9000000000       1.623905593043153E-006
   73809.3000000000       1.623891197506859E-006
   73963.7200000000       1.617302058970604E-006
   74333.5400000000       1.601677041980721E-006
   74703.3600000000       1.586284996518105E-006
   75450.3900000000       1.555853567254931E-006
   76204.8900000000       1.526009284448241E-006
   76966.9400000000       1.496718439978933E-006
   77351.7700000000       1.482251447084636E-006
   77736.6100000000       1.467993719933307E-006
   78125.3000000000       1.453800815113341E-006
   78513.9800000000       1.439811908156555E-006
   78906.5500000000       1.425884095535960E-006
   79299.1200000000       1.412157694777380E-006
   79695.6100000000       1.398501730636814E-006
   80092.1100000000       1.385042008174623E-006
   80492.5700000000       1.371637521577401E-006
   80893.0300000000       1.358428933804488E-006
   81701.9600000000       1.332332335093930E-006
   82110.4700000000       1.319431094961734E-006
   82518.9800000000       1.306721169033357E-006
   83344.1700000000       1.281602875302271E-006
   83760.8900000000       1.269192594010773E-006
   84177.6200000000       1.256959103758273E-006
   85019.3900000000       1.232790126874887E-006
   85444.4800000000       1.220849463661569E-006
   85869.5900000000       1.209073990540763E-006
   86728.2800000000       1.185809614411719E-006
   87595.5600000000       1.163080420653289E-006
   88471.5200000000       1.140698837433663E-006
   88913.8800000000       1.129632913731503E-006
   89356.2300000000       1.118732195980884E-006
   89803.0200000000       1.107883453380294E-006
   90249.8000000000       1.097188001025563E-006
   91122.1400000000       1.076753619565092E-006
   91122.5500000000       1.076746591083856E-006
   91152.3000000000       1.076056461616668E-006
   91608.0600000000       1.065618466429478E-006
   92063.8200000000       1.055329711602809E-006
   92524.1400000000       1.045087419255681E-006
   92984.4600000000       1.034992612628438E-006
   93914.3000000000       1.015046422715465E-006
   94853.4500000000       9.954831805832254E-007
   95801.9800000000       9.762903253354833E-007
   96280.9800000000       9.668078320863165E-007
   96760.0000000000       9.574641427941187E-007
   97243.8000000000       9.481632153317889E-007
   97727.6000000000       9.389976618695974E-007
   98704.8800000000       9.208839715989961E-007
   99691.9200000000       9.031159920035687E-007
