 J0510+2315p   18723.0000000000        8.05000000000000     
   40.0000000000000      -7.001394388390318E-013
   43.3900000000000      -1.942153468891130E-012
   46.7800000000000      -7.349064395256572E-012
   65.1800000000000      -1.292686977969092E-010
   83.5700000000000      -4.189301640075510E-010
   101.960000000000      -4.063759154969755E-010
   120.350000000000       2.673825601420578E-010
   138.750000000000       2.545622575673828E-009
   157.140000000000       6.574201727103184E-009
   175.530000000000       9.811789676219970E-009
   193.920000000000       9.200774194632298E-009
   212.320000000000       3.720003330764432E-009
   230.710000000000      -5.248122928314527E-009
   249.100000000000      -1.526295314585414E-008
   267.490000000000      -2.421200920952833E-008
   285.880000000000      -3.098350067025981E-008
   304.280000000000      -3.541180207797815E-008
   322.670000000000      -3.791270963711367E-008
   341.060000000000      -3.912922480020134E-008
   359.450000000000      -3.968664122032999E-008
   377.850000000000      -4.008486656779520E-008
   396.240000000000      -4.067192585015654E-008
   414.630000000000      -4.165782762125169E-008
   433.020000000000      -4.315957817252488E-008
   451.420000000000      -4.521726516654825E-008
   469.810000000000      -4.782337383741727E-008
   488.200000000000      -5.094333976814958E-008
   506.590000000000      -5.451941349821789E-008
   524.980000000000      -5.848461578350416E-008
   543.380000000000      -6.276308478539565E-008
   561.770000000000      -6.726195892558245E-008
   580.160000000000      -7.189090035644770E-008
   598.550000000000      -7.655205771441761E-008
   616.950000000000      -8.113467977547197E-008
   619.350000000000      -8.172207385683440E-008
   635.340000000000      -8.552567464930126E-008
   653.730000000000      -8.960421643425135E-008
   672.120000000000      -9.324076054432451E-008
   690.520000000000      -9.631365808299822E-008
   694.350000000000      -9.686798190773542E-008
   708.910000000000      -9.864831210546683E-008
   727.300000000000      -1.001154008844074E-007
   745.690000000000      -1.005417138979503E-007
   764.080000000000      -9.977226837504202E-008
   769.350000000000      -9.930080926091845E-008
   781.850000000000      -9.768886032810625E-008
   782.480000000000      -9.758847916053177E-008
   794.350000000000      -9.534203829946494E-008
   800.870000000000      -9.381311114648862E-008
   806.850000000000      -9.219903182144309E-008
   819.260000000000      -8.822076689314946E-008
   819.350000000000      -8.818640340383538E-008
   824.350000000000      -8.633326449593247E-008
   829.350000000000      -8.431756044925898E-008
   834.350000000000      -8.214138959712567E-008
   837.650000000000      -8.061881173917145E-008
   839.350000000000      -7.979599021350296E-008
   844.350000000000      -7.728346681725937E-008
   849.350000000000      -7.459755631013053E-008
   854.350000000000      -7.174040450850979E-008
   856.050000000000      -7.072505069050877E-008
   859.350000000000      -6.868864829727943E-008
   864.350000000000      -6.544838646540206E-008
   869.350000000000      -6.201889450034422E-008
   874.350000000000      -5.838739819311660E-008
   874.440000000000      -5.831778101506467E-008
   879.350000000000      -5.454763541777366E-008
   884.350000000000      -5.050151415913996E-008
   889.350000000000      -4.624501983657937E-008
   892.830000000000      -4.315528310805984E-008
   894.350000000000      -4.176478241997277E-008
   899.350000000000      -3.705317979349761E-008
   901.850000000000      -3.461811906827748E-008
   904.350000000000      -3.211784619972544E-008
   906.850000000000      -2.955754244613843E-008
   909.350000000000      -2.693296225452097E-008
   910.350000000000      -2.585645974451063E-008
   911.220000000000      -2.484086629084681E-008
   911.350000000000      -2.466963471699231E-008
   912.350000000000      -2.280413747100359E-008
   913.350000000000      -1.813564942508014E-008
   914.350000000000      -6.627402261085703E-009
   915.350000000000       1.494061876956871E-008
   916.350000000000       4.331682120773549E-008
   917.350000000000       6.649891059406921E-008
   917.450000000000       6.795270499513159E-008
   917.550000000000       6.922036029966174E-008
   917.650000000000       7.028390684260130E-008
   917.750000000000       7.114567287174870E-008
   917.850000000000       7.180669129208432E-008
   917.950000000000       7.227088316720549E-008
   918.050000000000       7.255291293665165E-008
   918.150000000000       7.265127771409240E-008
   918.250000000000       7.259342414021232E-008
   918.350000000000       7.238001711648908E-008
   918.450000000000       7.204918684036073E-008
   918.550000000000       7.159260139712783E-008
   918.650000000000       7.104699356429122E-008
   918.750000000000       7.042968066510801E-008
   918.850000000000       6.975494152833897E-008
   918.950000000000       6.905481917878540E-008
   919.050000000000       6.833839203166427E-008
   919.150000000000       6.764171270804281E-008
   919.250000000000       6.697346131495449E-008
   919.350000000000       6.638076017697623E-008
   919.450000000000       6.584324995027188E-008
   919.550000000000       6.543342748887596E-008
   919.650000000000       6.510240889595375E-008
   919.750000000000       6.492572441582757E-008
   919.850000000000       6.484204796994508E-008
   919.950000000000       6.491613552825309E-008
   920.050000000000       6.512099365584972E-008
   920.150000000000       6.547856285280066E-008
   920.160000000000       6.552194959988538E-008
   920.260000000000       6.601197412565642E-008
   920.360000000000       6.663522996374437E-008
   920.460000000000       6.740627503939569E-008
   920.560000000000       6.828039573199127E-008
   920.660000000000       6.930715863553673E-008
   920.760000000000       7.037989458043524E-008
   920.860000000000       7.166131238422877E-008
   920.960000000000       7.287208006408860E-008
   921.060000000000       7.431639455121544E-008
   921.160000000000       7.564904115527539E-008
   921.260000000000       7.714314536404927E-008
   921.360000000000       7.860934128513639E-008
   921.460000000000       8.012367946113960E-008
   921.560000000000       8.165068039545221E-008
   921.660000000000       8.317842063391519E-008
   921.760000000000       8.476136225429844E-008
   921.860000000000       8.628794547129726E-008
   921.960000000000       8.799727559669806E-008
   922.150000000000       9.117331611864687E-008
   922.250000000000       9.284402850351141E-008
   922.350000000000       9.473185237833692E-008
   922.450000000000       9.664504547233594E-008
   922.550000000000       9.870045732467042E-008
   922.650000000000       1.008781411408761E-007
   922.750000000000       1.031621276452850E-007
   922.850000000000       1.056424255033889E-007
   922.950000000000       1.081795046265673E-007
   923.050000000000       1.110131013931620E-007
   923.150000000000       1.138013649514083E-007
   923.250000000000       1.168918573225366E-007
   923.350000000000       1.199244751651883E-007
   923.450000000000       1.231627442185536E-007
   923.550000000000       1.263903811130628E-007
   923.650000000000       1.296663376270455E-007
   923.750000000000       1.329052629671301E-007
   923.850000000000       1.360765076611304E-007
   923.950000000000       1.391713051142077E-007
   924.050000000000       1.420799650924648E-007
   924.150000000000       1.448644792304757E-007
   924.250000000000       1.473937980109666E-007
   924.350000000000       1.497500812389034E-007
   924.450000000000       1.517857555998578E-007
   924.550000000000       1.536208231858053E-007
   924.650000000000       1.551522480499524E-007
   924.720000000000       1.560844562744193E-007
   924.820000000000       1.572270326772223E-007
   924.920000000000       1.581185289506722E-007
   925.020000000000       1.588749833371829E-007
   925.120000000000       1.594745458408745E-007
   925.220000000000       1.600333354939897E-007
   925.320000000000       1.605383694548533E-007
   925.420000000000       1.611375918773063E-007
   925.520000000000       1.618308006454362E-007
   925.620000000000       1.627280103998906E-007
   925.720000000000       1.638861310631048E-007
   925.820000000000       1.653424654766161E-007
   925.920000000000       1.672255021768485E-007
   926.020000000000       1.694905165572555E-007
   926.120000000000       1.722678516176387E-007
   926.220000000000       1.755442151684852E-007
   926.320000000000       1.793508130346067E-007
   926.420000000000       1.836789674115246E-007
   926.520000000000       1.885621800402480E-007
   926.620000000000       1.939173052862677E-007
   926.720000000000       1.997440913262685E-007
   926.820000000000       2.059978569152747E-007
   926.920000000000       2.125715325592114E-007
   927.020000000000       2.194818339641773E-007
   927.120000000000       2.265576053561641E-007
   927.220000000000       2.337249844778296E-007
   927.320000000000       2.409484739807246E-007
   927.420000000000       2.480542213804112E-007
   927.520000000000       2.550257152769258E-007
   927.620000000000       2.616858141791718E-007
   927.720000000000       2.680120413092264E-007
   927.820000000000       2.738294860756990E-007
   927.920000000000       2.791522833584275E-007
   928.020000000000       2.837920049752938E-007
   928.120000000000       2.878243198320434E-007
   928.220000000000       2.910689930882987E-007
   928.750000000000       2.948786653999324E-007
   928.850000000000       2.930890764389571E-007
   928.950000000000       2.905724453862843E-007
   929.050000000000       2.874812401586281E-007
   929.150000000000       2.837700935950969E-007
   929.250000000000       2.796340926886519E-007
   929.350000000000       2.750761674320655E-007
   929.450000000000       2.702876792761142E-007
   929.550000000000       2.652979764803698E-007
   929.650000000000       2.603263654810684E-007
   929.750000000000       2.553731953338555E-007
   929.850000000000       2.506806690197622E-007
   929.950000000000       2.462586579727695E-007
   930.050000000000       2.422525481019336E-007
   930.150000000000       2.388341188728019E-007
   930.250000000000       2.360478604239449E-007
   930.350000000000       2.340064711486264E-007
   930.450000000000       2.328115699746654E-007
   930.550000000000       2.324940683658581E-007
   930.650000000000       2.331532657360222E-007
   930.750000000000       2.348474827984529E-007
   930.850000000000       2.375560323743662E-007
   930.950000000000       2.413507899351332E-007
   931.050000000000       2.462200422387130E-007
   931.150000000000       2.521244511531869E-007
   931.250000000000       2.590590615706716E-007
   931.350000000000       2.670118469493150E-007
   931.450000000000       2.758377725263082E-007
   931.550000000000       2.856143647791353E-007
   931.650000000000       2.961497810860089E-007
   931.750000000000       3.073939644137103E-007
   931.850000000000       3.192736632444425E-007
   931.950000000000       3.316757483085891E-007
   932.050000000000       3.445311424369656E-007
   932.150000000000       3.576800006116837E-007
   932.250000000000       3.711110029275148E-007
   932.350000000000       3.845665454377985E-007
   932.450000000000       3.981580087046641E-007
   932.550000000000       4.114801874321813E-007
   932.650000000000       4.248064621989580E-007
   932.750000000000       4.376619097143191E-007
   933.750000000000       5.329767972413007E-007
   934.800000000000       5.326260006620795E-007
   935.800000000000       4.419765304477166E-007
   935.900000000000       4.302008771839050E-007
   936.000000000000       4.179423963073683E-007
   936.100000000000       4.058068694228953E-007
   936.200000000000       3.934836238199833E-007
   936.300000000000       3.813569409334613E-007
   936.400000000000       3.693857201758092E-007
   936.500000000000       3.577059583286634E-007
   936.600000000000       3.464816101848540E-007
   936.700000000000       3.357105908259248E-007
   936.800000000000       3.256490550065524E-007
   936.900000000000       3.162082631442852E-007
   937.000000000000       3.077072831541857E-007
   937.100000000000       3.000185251387024E-007
   937.200000000000       2.934284475912004E-007
   937.300000000000       2.878733420823050E-007
   937.400000000000       2.835016124801669E-007
   937.500000000000       2.803947339745010E-007
   937.600000000000       2.785081868805918E-007
   937.700000000000       2.780651230262421E-007
   937.800000000000       2.789315097582316E-007
   937.900000000000       2.812650414074673E-007
   938.000000000000       2.849348010716261E-007
   938.100000000000       2.901363483692047E-007
   938.200000000000       2.966412427635469E-007
   938.300000000000       3.046168817256736E-007
   938.400000000000       3.139079382378069E-007
   938.500000000000       3.245299093049405E-007
   938.600000000000       3.364591893134902E-007
   938.700000000000       3.495248616805205E-007
   938.800000000000       3.639102469305882E-007
   938.900000000000       3.792783732036460E-007
   939.000000000000       3.958096212890560E-007
   939.100000000000       4.132109617229550E-007
   939.200000000000       4.316251294469420E-007
   939.300000000000       4.507495443292060E-007
   939.400000000000       4.707384370039698E-007
   939.500000000000       4.913256706270894E-007
   939.600000000000       5.125788436114040E-007
   939.700000000000       5.343376643728426E-007
   939.800000000000       5.565370989671453E-007
   940.800000000000       7.906816706125471E-007
   941.800000000000       1.005188975717496E-006
   942.800000000000       1.153256834409448E-006
   944.740000000000       1.167986466344460E-006
   945.740000000000       1.027688205097714E-006
   946.740000000000       8.189023387637927E-007
   947.740000000000       5.921241567894746E-007
   947.840000000000       5.705279364413304E-007
   947.940000000000       5.494567188459139E-007
   948.040000000000       5.288069021484116E-007
   948.140000000000       5.088377766145869E-007
   948.240000000000       4.894623687225637E-007
   948.340000000000       4.708833199381776E-007
   948.440000000000       4.531408964484260E-007
   948.540000000000       4.363020604395494E-007
   948.640000000000       4.205050815238885E-007
   948.740000000000       4.057774713312311E-007
   948.840000000000       3.922579033463862E-007
   948.940000000000       3.799897324894438E-007
   949.040000000000       3.690958671959602E-007
   949.140000000000       3.595694486261021E-007
   949.240000000000       3.515494968304059E-007
   949.340000000000       3.450869610646123E-007
   949.440000000000       3.401711212101623E-007
   949.540000000000       3.369595672819094E-007
   949.640000000000       3.353765578487849E-007
   949.740000000000       3.355656105757160E-007
   949.840000000000       3.374209962591074E-007
   949.940000000000       3.410587843860912E-007
   950.040000000000       3.463640029940494E-007
   950.140000000000       3.534226680315583E-007
   950.240000000000       3.621167691681271E-007
   950.340000000000       3.724421272525625E-007
   950.440000000000       3.844177450186674E-007
   950.540000000000       3.978586631436933E-007
   950.640000000000       4.128651765309020E-007
   950.740000000000       4.292884442103533E-007
   950.840000000000       4.471284083595417E-007
   950.940000000000       4.662745800351201E-007
   951.040000000000       4.866954889202877E-007
   951.140000000000       5.083307727236331E-007
   951.240000000000       5.310911099581890E-007
   951.340000000000       5.549971651312366E-007
   951.440000000000       5.798638119824888E-007
   951.540000000000       6.058754230973148E-007
   951.640000000000       6.326536946232606E-007
   951.740000000000       6.605247408189061E-007
   952.740000000000       9.840550333301142E-007
   953.740000000000       1.375371361019666E-006
   954.740000000000       1.796025456576682E-006
   955.740000000000       2.189726021177352E-006
   956.740000000000       2.517472807746554E-006
   957.740000000000       2.773280030617793E-006
   958.740000000000       2.964983644650429E-006
   959.740000000000       3.096362980464618E-006
   962.540000000000       3.159257886160798E-006
   963.540000000000       3.049397266260107E-006
   964.540000000000       2.852574412528290E-006
   965.540000000000       2.576760606489286E-006
   966.540000000000       2.239047493717934E-006
   967.010000000000       2.065556078862815E-006
   967.540000000000       1.863905824126193E-006
   968.540000000000       1.484139119924681E-006
   969.540000000000       1.133824779080642E-006
   970.540000000000       8.364645127079749E-007
   970.640000000000       8.104294537631797E-007
   970.740000000000       7.852175860753446E-007
   970.840000000000       7.607315243993176E-007
   970.940000000000       7.372961386691110E-007
   971.040000000000       7.146897591226361E-007
   971.140000000000       6.932674379302995E-007
   971.240000000000       6.728522740261873E-007
   971.340000000000       6.537962486287629E-007
   971.440000000000       6.359364790457994E-007
   971.540000000000       6.196149486011958E-007
   971.640000000000       6.046599627223509E-007
   971.740000000000       5.914469806439767E-007
   971.840000000000       5.798743312066112E-007
   971.940000000000       5.700450131257727E-007
   972.040000000000       5.621459949443236E-007
   972.140000000000       5.561288573178801E-007
   972.240000000000       5.521863543124350E-007
   972.340000000000       5.502492057799321E-007
   972.440000000000       5.504927394327084E-007
   972.540000000000       5.528483823208041E-007
   972.640000000000       5.574490636682406E-007
   972.740000000000       5.641698757210603E-007
   972.840000000000       5.730989522173792E-007
   972.940000000000       5.841286902044103E-007
   973.040000000000       5.972290271163354E-007
   973.140000000000       6.123654404807508E-007
   973.240000000000       6.294339925828335E-007
   973.340000000000       6.483910430479451E-007
   973.440000000000       6.691081062507758E-007
   973.540000000000       6.915291033460054E-007
   973.640000000000       7.155201489732177E-007
   973.740000000000       7.409991919319394E-007
   973.840000000000       7.678329045994957E-007
   973.940000000000       7.959400486426922E-007
   974.040000000000       8.251782950211812E-007
   974.140000000000       8.554460420617987E-007
   974.240000000000       8.866480307889376E-007
   974.340000000000       9.186961096812212E-007
   974.440000000000       9.515000509169090E-007
   974.540000000000       9.849821920730851E-007
   975.540000000000       1.345828745062202E-006
   976.540000000000       1.750417275202101E-006
   977.540000000000       2.238154434694498E-006
   978.540000000000       2.874385837121817E-006
   979.540000000000       3.704801353892644E-006
   980.540000000000       4.713221466789905E-006
   981.540000000000       5.814551652770091E-006
   982.540000000000       6.948682424943689E-006
   985.040000000000       1.017824673738974E-005
   987.540000000000       1.410638670862580E-005
   990.040000000000       1.687845477741805E-005
   992.540000000000       1.951523416147142E-005
   997.540000000000       3.249671820904083E-005
   1000.72000000000       4.000930254753648E-005
   1005.72000000000       2.830880273077103E-005
   1008.22000000000       2.082141198350684E-005
   1010.72000000000       1.449806000062589E-005
   1013.22000000000       9.775853904468751E-006
   1015.72000000000       6.416998110006802E-006
   1016.72000000000       5.393389825725852E-006
   1017.72000000000       4.525626531374907E-006
   1018.72000000000       3.779155386185906E-006
   1019.72000000000       3.127715297749600E-006
   1020.72000000000       2.555603062511437E-006
   1021.72000000000       2.054401902702381E-006
   1022.72000000000       1.614250610625459E-006
   1022.80000000000       1.581399633745648E-006
   1023.72000000000       1.225809477328424E-006
   1023.82000000000       1.190353233944847E-006
   1023.92000000000       1.155759431542289E-006
   1024.02000000000       1.122056042329532E-006
   1024.12000000000       1.089333229207182E-006
   1024.22000000000       1.057765258974981E-006
   1024.32000000000       1.027433118998524E-006
   1024.42000000000       9.984005108155129E-007
   1024.52000000000       9.709034756425119E-007
   1024.62000000000       9.450072596141856E-007
   1024.72000000000       9.209038616736271E-007
   1024.82000000000       8.986816547609540E-007
   1024.92000000000       8.785013940158917E-007
   1025.02000000000       8.604850037247741E-007
   1025.12000000000       8.447007977917940E-007
   1025.22000000000       8.313018850920743E-007
   1025.32000000000       8.203602148892077E-007
   1025.42000000000       8.119792627381969E-007
   1025.52000000000       8.061984927766916E-007
   1025.62000000000       8.030878492476003E-007
   1025.72000000000       8.027204230582976E-007
   1025.82000000000       8.050592373583477E-007
   1025.92000000000       8.100935861741984E-007
   1026.02000000000       8.177947408627455E-007
   1026.12000000000       8.281522535295715E-007
   1026.22000000000       8.409714977828693E-007
   1026.32000000000       8.563015053226135E-007
   1026.42000000000       8.739309180784390E-007
   1026.52000000000       8.938112231810803E-007
   1026.62000000000       9.158151527286454E-007
   1026.72000000000       9.397753789343992E-007
   1026.82000000000       9.655981755106141E-007
   1026.92000000000       9.931130087705097E-007
   1027.02000000000       1.022226181259362E-006
   1027.12000000000       1.052758767720916E-006
   1027.22000000000       1.084600096812894E-006
   1027.32000000000       1.117564492671876E-006
   1027.42000000000       1.151614786236629E-006
   1027.52000000000       1.186542978707558E-006
   1027.62000000000       1.222350613050756E-006
   1027.72000000000       1.258875324644448E-006
   1028.72000000000       1.653491393001551E-006
   1029.72000000000       2.098746072625832E-006
   1030.72000000000       2.620308823533907E-006
   1031.72000000000       3.224078683373120E-006
   1032.72000000000       3.870151449943260E-006
   1033.72000000000       4.532189209546611E-006
   1034.72000000000       5.303867298247251E-006
   1035.72000000000       6.409174993557263E-006
   1038.22000000000       1.138651235293992E-005
   1040.72000000000       1.879403224686409E-005
   1043.22000000000       2.778118278241606E-005
   1045.72000000000       3.871127543500097E-005
   1050.72000000000       6.169961098017071E-005
   1055.72000000000       7.082893043238667E-005
   1060.72000000000       8.206672424787026E-005
   1065.72000000000       1.468495841613682E-004
   1070.72000000000       1.608138337540893E-004
   1075.72000000000       1.359172110212933E-004
   1078.59000000000       1.527179428406742E-004
   1080.72000000000       1.934279260834848E-004
   1085.72000000000       2.859901554097711E-004
   1090.72000000000       3.179641881439515E-004
   1095.72000000000       3.265983819658794E-004
   1100.72000000000       3.305466701950998E-004
   1105.72000000000       3.309364773095904E-004
   1110.72000000000       3.276064683002258E-004
   1115.72000000000       3.261186788416254E-004
   1125.67000000000       3.189774339856681E-004
   1130.67000000000       3.136665914612081E-004
   1134.38000000000       3.098940517108129E-004
   1135.67000000000       3.076346644261110E-004
   1140.67000000000       2.972602017112707E-004
   1145.67000000000       2.884537943215182E-004
   1150.67000000000       2.742829985362576E-004
   1155.67000000000       2.604186354254279E-004
   1160.67000000000       2.451801296510325E-004
   1165.67000000000       2.207785999230506E-004
   1170.67000000000       1.945971755862552E-004
   1175.67000000000       1.695439243645346E-004
   1180.67000000000       1.364817834727914E-004
   1185.67000000000       1.031717768430389E-004
   1190.17000000000       7.287567886973183E-005
   1190.67000000000       6.982899181156225E-005
   1195.67000000000       4.278058853028087E-005
   1198.17000000000       3.217249526131672E-005
   1200.67000000000       2.380656176481751E-005
   1203.17000000000       1.759797215502317E-005
   1205.67000000000       1.301730702216606E-005
   1206.67000000000       1.155266615966953E-005
   1207.67000000000       1.025850404062358E-005
   1208.67000000000       9.083459532049114E-006
   1209.67000000000       7.984960406906306E-006
   1210.67000000000       6.936768470292631E-006
   1211.67000000000       5.922104320952982E-006
   1212.67000000000       4.929384171459858E-006
   1213.67000000000       3.964423335212555E-006
   1213.77000000000       3.872340317542437E-006
   1213.87000000000       3.781695279044163E-006
   1213.97000000000       3.692893895888233E-006
   1214.07000000000       3.606305961749694E-006
   1214.17000000000       3.521756681883469E-006
   1214.27000000000       3.440515490197803E-006
   1214.37000000000       3.361730142778395E-006
   1214.47000000000       3.287132636416966E-006
   1214.57000000000       3.215751115854040E-006
   1214.67000000000       3.149318026331411E-006
   1214.77000000000       3.086772062406491E-006
   1214.87000000000       3.030070629683953E-006
   1214.97000000000       2.978090539368199E-006
   1215.07000000000       2.932237457639636E-006
   1215.17000000000       2.892366912453455E-006
   1215.27000000000       2.858440755611369E-006
   1215.37000000000       2.831856578275731E-006
   1215.47000000000       2.810888387176905E-006
   1215.57000000000       2.798028771842649E-006
   1215.67000000000       2.791370427891121E-006
   1215.77000000000       2.792200541550805E-006
   1215.87000000000       2.799248622568388E-006
   1215.97000000000       2.814436978244938E-006
   1216.07000000000       2.835198057018130E-006
   1216.17000000000       2.863376906254683E-006
   1216.27000000000       2.897431628045705E-006
   1216.37000000000       2.937546485862769E-006
   1216.47000000000       2.983779967861092E-006
   1216.57000000000       3.034937927264589E-006
   1216.67000000000       3.091605153271438E-006
   1216.77000000000       3.152527269401177E-006
   1216.87000000000       3.218160751937222E-006
   1216.97000000000       3.287321116354694E-006
   1217.07000000000       3.360455462181957E-006
   1217.17000000000       3.436347074293901E-006
   1217.27000000000       3.515401326827497E-006
   1217.37000000000       3.596741594666749E-006
   1217.47000000000       3.680269371107244E-006
   1217.57000000000       3.765759183874075E-006
   1217.67000000000       3.852961552444540E-006
   1218.67000000000       4.774429099158922E-006
   1219.67000000000       5.744817484003566E-006
   1220.67000000000       6.760564914153575E-006
   1221.67000000000       7.805634159547019E-006
   1222.67000000000       8.849630923571259E-006
   1223.67000000000       9.873639343718528E-006
   1224.67000000000       1.088061441803661E-005
   1225.67000000000       1.188860171277678E-005
   1228.17000000000       1.437793426941555E-005
   1230.67000000000       1.695162515947814E-005
   1233.17000000000       2.202111175707431E-005
   1235.67000000000       3.278933791441920E-005
   1240.67000000000       6.721765893381477E-005
   1245.67000000000       1.086490457579078E-004
   1245.96000000000       1.111194056163536E-004
   1250.67000000000       1.521446267923532E-004
   1255.67000000000       1.835594761963167E-004
   1260.67000000000       2.037036499628712E-004
   1265.67000000000       2.355191917774280E-004
   1270.67000000000       2.619628712183859E-004
   1275.67000000000       2.597616997963755E-004
   1280.67000000000       2.679204900662194E-004
   1282.67000000000       2.722201220550199E-004
   1284.41000000000       2.759597404225225E-004
   1290.51000000000       2.827531111759331E-004
   1295.16000000000       2.882225271558052E-004
   1299.70000000000       2.896048525510459E-004
   1303.88000000000       2.937301443679563E-004
   1307.75000000000       2.964730565572463E-004
   1312.15000000000       2.981140780075195E-004
   1315.57000000000       3.003242305003722E-004
   1319.09000000000       3.011763801036996E-004
   1323.63000000000       3.033534331836479E-004
   1328.39000000000       3.032784801218608E-004
   1332.36000000000       3.055823417549635E-004
   1336.24000000000       3.059001905380793E-004
   1339.88000000000       3.050211732288948E-004
   1344.41000000000       3.058283923877571E-004
   1348.38000000000       3.068061441779620E-004
   1353.23000000000       3.078646019041543E-004
   1356.50000000000       3.073800592852408E-004
   1360.88000000000       3.062376530421777E-004
   1365.13000000000       3.049222832975082E-004
   1369.04000000000       3.030217724319918E-004
   1373.49000000000       3.010408742822847E-004
   1376.93000000000       2.985181072300620E-004
   1379.68000000000       2.955904114859299E-004
   1382.98000000000       2.922157456063944E-004
   1385.71000000000       2.903000983524258E-004
   1387.44000000000       2.893531380588120E-004
   1388.84000000000       2.885419713190718E-004
   1389.80000000000       2.878969221619477E-004
   1390.86000000000       2.870895041832212E-004
   1392.37000000000       2.858452618979902E-004
   1393.76000000000       2.847567830473538E-004
   1395.38000000000       2.837916038342466E-004
   1396.44000000000       2.834761437623264E-004
   1397.28000000000       2.834645173965201E-004
   1399.00000000000       2.841505263201002E-004
   1400.40000000000       2.854224895987499E-004
   1401.56000000000       2.869450317397715E-004
   1401.85000000000       2.873829077189148E-004
   1402.92000000000       2.891473872154706E-004
   1403.77000000000       2.906649356993498E-004
   1404.69000000000       2.923667811480164E-004
   1405.85000000000       2.945326345896671E-004
   1407.00000000000       2.966238101626432E-004
   1408.61000000000       2.993549453592299E-004
   1409.90000000000       3.013234800909584E-004
   1410.62000000000       3.023260429948816E-004
   1411.56000000000       3.035354396320626E-004
   1412.85000000000       3.050235538577832E-004
   1414.49000000000       3.066453495721330E-004
   1415.45000000000       3.074521385537602E-004
   1416.53000000000       3.082406708273014E-004
   1417.51000000000       3.088708699196472E-004
   1418.36000000000       3.093631993109187E-004
   1419.80000000000       3.100789458170191E-004
   1421.24000000000       3.106370063617016E-004
   1424.04000000000       3.113670287034132E-004
   1424.20000000000       3.113942358535718E-004
   1426.43000000000       3.116402761960021E-004
   1428.22000000000       3.116931245876783E-004
   1429.78000000000       3.116658227498150E-004
   1432.70000000000       3.115006302240749E-004
   1434.35000000000       3.113657845708601E-004
   1436.47000000000       3.111979310853412E-004
   1438.46000000000       3.110164246684838E-004
   1441.90000000000       3.106425565921151E-004
   1444.65000000000       3.103104120100753E-004
   1447.85000000000       3.098912350682063E-004
   1453.29000000000       3.091341218309817E-004
   1458.14000000000       3.084274150059863E-004
   1463.09000000000       3.076912159225163E-004
   1467.92000000000       3.069658873452659E-004
   1473.30000000000       3.061555328632584E-004
   1480.00000000000       3.051384721961406E-004
   1487.26000000000       3.040346644543208E-004
   1495.19000000000       3.028343342884997E-004
   1503.23000000000       3.016303997475145E-004
   1508.91000000000       3.007848563656420E-004
   1515.04000000000       2.998754855294352E-004
   1519.62000000000       2.992006640024050E-004
   1526.20000000000       2.982356475453854E-004
   1531.77000000000       2.974231214512779E-004
   1537.68000000000       2.965687253278192E-004
   1543.69000000000       2.957065158303425E-004
   1550.70000000000       2.947105020782797E-004
   1556.93000000000       2.938318753688342E-004
   1562.17000000000       2.930973950362123E-004
   1569.62000000000       2.920607832301335E-004
   1576.07000000000       2.911717899343829E-004
   1581.96000000000       2.903692217643984E-004
   1588.63000000000       2.894665691751346E-004
   1595.74000000000       2.885194571187420E-004
   1598.96000000000       2.880931014988557E-004
   1602.73000000000       2.875959806772695E-004
   1606.62000000000       2.870889610391823E-004
   1611.61000000000       2.864418861659793E-004
   1615.27000000000       2.859690093464272E-004
   1618.70000000000       2.855299870787481E-004
   1622.04000000000       2.851022353626593E-004
   1624.30000000000       2.848135558766960E-004
   1626.89000000000       2.844848279487750E-004
   1630.38000000000       2.840430729891984E-004
   1634.43000000000       2.835311011015860E-004
   1638.80000000000       2.829832073255392E-004
   1644.19000000000       2.823117399639565E-004
   1650.79000000000       2.814907600199389E-004
   1657.27000000000       2.806930267505408E-004
   1664.08000000000       2.798613007210579E-004
   1673.34000000000       2.787396052514650E-004
   1682.82000000000       2.776028273884799E-004
   1689.74000000000       2.767824678564247E-004
   1696.20000000000       2.760212683503055E-004
   1703.23000000000       2.752000530465476E-004
   1709.58000000000       2.744634436370823E-004
   1713.03000000000       2.740676486343946E-004
   1720.60000000000       2.732011664240472E-004
   1728.51000000000       2.723043491079314E-004
   1735.98000000000       2.714657746641892E-004
   1745.23000000000       2.704339606793700E-004
   1756.48000000000       2.691979070545478E-004
   1768.52000000000       2.678912704144611E-004
   1776.87000000000       2.669953990533163E-004
   1787.90000000000       2.658233701716799E-004
   1800.49000000000       2.645042380973234E-004
   1811.07000000000       2.634083094362276E-004
   1820.10000000000       2.624831258195770E-004
   1830.02000000000       2.614748018534271E-004
   1838.71000000000       2.606012185666828E-004
   1849.19000000000       2.595575203515728E-004
   1859.00000000000       2.585903057566975E-004
   1869.14000000000       2.576006274495010E-004
   1882.40000000000       2.563231219225832E-004
   1892.10000000000       2.553987023458531E-004
   1902.46000000000       2.544201777204038E-004
   1911.49000000000       2.535761767069655E-004
   1927.99000000000       2.520533749643731E-004
   1936.91000000000       2.512373098079097E-004
   1946.26000000000       2.503915429662126E-004
   1957.85000000000       2.493536795205778E-004
   1965.66000000000       2.486606076376103E-004
   1975.13000000000       2.478308384265796E-004
   1980.59000000000       2.473516330828759E-004
   1986.94000000000       2.468008473400789E-004
   1993.29000000000       2.462499017631421E-004
   1999.66000000000       2.457023163194884E-004
   2000.00000000000       2.456728814207389E-004
   2025.00000000000       2.435521547723899E-004
   2050.20000000000       2.414612147429083E-004
   2050.30000000000       2.414539354709967E-004
   2075.00000000000       2.394404393637115E-004
   2100.00000000000       2.374457594717171E-004
   2120.00000000000       2.358773590186512E-004
   2140.00000000000       2.343339491142710E-004
   2160.00000000000       2.328141260979947E-004
   2180.00000000000       2.313165714447501E-004
   2200.00000000000       2.298394639920728E-004
   2220.00000000000       2.283905655508791E-004
   2240.00000000000       2.269559117166595E-004
   2250.00000000000       2.262464619082902E-004
   2282.00000000000       2.240080697698971E-004
   2290.16000000000       2.234440915900579E-004
   2305.95000000000       2.223640741641998E-004
   2361.74000000000       2.186370476725446E-004
   2417.53000000000       2.150352749369407E-004
   2473.32000000000       2.115560386093329E-004
   2529.11000000000       2.081901491060912E-004
   2584.90000000000       2.049287130623193E-004
   2640.69000000000       2.017675934941599E-004
   2696.48000000000       1.986988673420481E-004
   2752.27000000000       1.957154711502692E-004
   2808.06000000000       1.928153084835048E-004
   2863.84000000000       1.899917983094553E-004
   2919.63000000000       1.872433011395940E-004
   2975.42000000000       1.845629177796769E-004
   3031.21000000000       1.819477808987851E-004
   3087.00000000000       1.793958152285167E-004
   3142.79000000000       1.769041521842470E-004
   3198.58000000000       1.744694386321922E-004
   3254.37000000000       1.720906388060943E-004
   3310.16000000000       1.697624653727763E-004
   3365.95000000000       1.674858314319680E-004
   3421.74000000000       1.652547659137967E-004
   3450.15000000000       1.641380826868821E-004
   3477.53000000000       1.630712831815394E-004
   3525.15000000000       1.612444462477566E-004
   3533.32000000000       1.609341469268956E-004
   3589.10000000000       1.588372987433463E-004
   3600.15000000000       1.584279690127268E-004
   3612.65000000000       1.579651855756717E-004
   3625.15000000000       1.575056045906827E-004
   3637.65000000000       1.570474651973667E-004
   3644.89000000000       1.567792632801919E-004
   3650.15000000000       1.565588435846734E-004
   3655.15000000000       1.563709987006022E-004
   3660.15000000000       1.561867256339928E-004
   3665.15000000000       1.560026942467653E-004
   3670.15000000000       1.558170039087453E-004
   3675.15000000000       1.556314647586873E-004
   3680.15000000000       1.554464495726115E-004
   3685.15000000000       1.552608092482980E-004
   3690.15000000000       1.550740490738827E-004
   3695.15000000000       1.548842938077820E-004
   3700.15000000000       1.546979428877335E-004
   3705.15000000000       1.545372204392670E-004
   3710.15000000000       1.543763683990178E-004
   3715.15000000000       1.542319007951570E-004
   3720.15000000000       1.540999688009110E-004
   3725.15000000000       1.539789034174587E-004
   3730.15000000000       1.538529884856167E-004
   3732.65000000000       1.537824682710012E-004
   3735.15000000000       1.536992621860681E-004
   3737.65000000000       1.535946247067000E-004
   3737.88000000000       1.535839478860433E-004
   3740.15000000000       1.534599869385343E-004
   3741.15000000000       1.533954708607232E-004
   3742.15000000000       1.533227362141317E-004
   3743.15000000000       1.532444532166064E-004
   3744.15000000000       1.531610473839584E-004
   3745.15000000000       1.530710356171503E-004
   3746.15000000000       1.529780651817498E-004
   3747.15000000000       1.528850817007254E-004
   3748.15000000000       1.527983741443136E-004
   3748.25000000000       1.527910414204451E-004
   3748.35000000000       1.527818841502674E-004
   3748.45000000000       1.527748253500754E-004
   3748.55000000000       1.527681666219732E-004
   3748.65000000000       1.527611106966662E-004
   3748.75000000000       1.527548880229808E-004
   3748.85000000000       1.527471931453416E-004
   3748.95000000000       1.527409423224270E-004
   3749.05000000000       1.527355486606803E-004
   3749.15000000000       1.527278764197375E-004
   3749.25000000000       1.527228646698773E-004
   3749.35000000000       1.527178979945422E-004
   3749.45000000000       1.527115366582479E-004
   3749.55000000000       1.527071528882504E-004
   3749.65000000000       1.527034014684488E-004
   3749.75000000000       1.526992265447579E-004
   3749.85000000000       1.526944728231074E-004
   3749.95000000000       1.526916504011170E-004
   3750.05000000000       1.526884015851719E-004
   3750.15000000000       1.526844803304306E-004
   3750.25000000000       1.526823504918934E-004
   3750.35000000000       1.526788932249366E-004
   3750.45000000000       1.526773296800778E-004
   3750.55000000000       1.526757980583164E-004
   3750.65000000000       1.526748760306828E-004
   3750.75000000000       1.526740178916464E-004
   3750.85000000000       1.526724313201506E-004
   3750.95000000000       1.526710406744585E-004
   3751.05000000000       1.526706894706844E-004
   3751.15000000000       1.526709671148780E-004
   3751.25000000000       1.526706312090418E-004
   3751.35000000000       1.526713483002657E-004
   3751.45000000000       1.526723154695720E-004
   3751.55000000000       1.526736389179876E-004
   3751.65000000000       1.526741187498865E-004
   3751.75000000000       1.526757602794376E-004
   3751.85000000000       1.526760760887854E-004
   3751.95000000000       1.526770553552576E-004
   3752.05000000000       1.526806725318243E-004
   3752.15000000000       1.526813977928032E-004
   3753.15000000000       1.527047195869363E-004
   3754.15000000000       1.527319535368845E-004
   3755.15000000000       1.527509024623648E-004
   3756.15000000000       1.527601121518925E-004
   3757.15000000000       1.527533975189626E-004
   3758.15000000000       1.527328458098442E-004
   3759.15000000000       1.526907655199080E-004
   3760.15000000000       1.526320824438651E-004
   3760.63000000000       1.525948410605521E-004
   3761.63000000000       1.525016565088185E-004
   3762.63000000000       1.523922628116844E-004
   3763.63000000000       1.522640093321433E-004
   3764.63000000000       1.521235938393250E-004
   3765.63000000000       1.519697844834507E-004
   3766.63000000000       1.518060421116986E-004
   3767.63000000000       1.516416432631803E-004
   3768.63000000000       1.514971213701768E-004
   3768.73000000000       1.514848140715365E-004
   3768.83000000000       1.514716941046155E-004
   3768.93000000000       1.514602729560907E-004
   3769.03000000000       1.514493772512012E-004
   3769.13000000000       1.514378952525258E-004
   3769.23000000000       1.514279691388290E-004
   3769.33000000000       1.514185653298040E-004
   3769.43000000000       1.514105590064924E-004
   3769.53000000000       1.514023569847983E-004
   3769.63000000000       1.513935783626210E-004
   3769.73000000000       1.513873120623647E-004
   3769.83000000000       1.513817021977698E-004
   3769.93000000000       1.513764508800214E-004
   3770.03000000000       1.513725115478954E-004
   3770.13000000000       1.513677161236146E-004
   3770.23000000000       1.513651585647024E-004
   3770.33000000000       1.513631096303412E-004
   3770.43000000000       1.513624136291254E-004
   3770.53000000000       1.513622769645156E-004
   3770.63000000000       1.513613504725850E-004
   3770.73000000000       1.513632547691950E-004
   3770.83000000000       1.513657907721193E-004
   3770.93000000000       1.513686431283531E-004
   3771.03000000000       1.513735046540914E-004
   3771.13000000000       1.513781083299702E-004
   3771.23000000000       1.513823787791693E-004
   3771.33000000000       1.513888635993769E-004
   3771.43000000000       1.513961568443000E-004
   3771.53000000000       1.514032097737244E-004
   3771.63000000000       1.514117138495768E-004
   3771.73000000000       1.514208389895979E-004
   3771.83000000000       1.514299360892575E-004
   3771.93000000000       1.514422215595253E-004
   3772.03000000000       1.514519580829784E-004
   3772.13000000000       1.514640389416665E-004
   3772.23000000000       1.514768496805886E-004
   3772.33000000000       1.514895042571478E-004
   3772.43000000000       1.515034756546703E-004
   3772.53000000000       1.515158617315847E-004
   3772.63000000000       1.515304749169773E-004
   3773.63000000000       1.516899276183708E-004
   3774.63000000000       1.518640973716822E-004
   3775.63000000000       1.520339954579537E-004
   3776.63000000000       1.521872571538117E-004
   3777.63000000000       1.523182572414200E-004
   3778.63000000000       1.524229828078142E-004
   3779.63000000000       1.524971076220565E-004
   3780.63000000000       1.525389192611501E-004
   3783.13000000000       1.524857381280357E-004
   3785.40000000000       1.522328281304947E-004
   3787.90000000000       1.517201872503229E-004
   3788.90000000000       1.514508797173338E-004
   3789.90000000000       1.511480705283489E-004
   3790.90000000000       1.508179001811897E-004
   3791.90000000000       1.504655741304429E-004
   3792.90000000000       1.500906644738043E-004
   3793.90000000000       1.497030069831036E-004
   3794.90000000000       1.493216582287147E-004
   3795.90000000000       1.489878267649926E-004
   3796.00000000000       1.489611227394820E-004
   3796.10000000000       1.489333205688175E-004
   3796.20000000000       1.489077336538900E-004
   3796.30000000000       1.488821349950963E-004
   3796.40000000000       1.488592433601850E-004
   3796.50000000000       1.488379919996515E-004
   3796.60000000000       1.488167556983921E-004
   3796.70000000000       1.487984645070396E-004
   3796.80000000000       1.487831652309415E-004
   3796.90000000000       1.487669007929515E-004
   3797.00000000000       1.487541213374635E-004
   3797.10000000000       1.487430948385191E-004
   3797.20000000000       1.487355745250526E-004
   3797.30000000000       1.487268148203084E-004
   3797.40000000000       1.487217531329621E-004
   3797.50000000000       1.487187559687445E-004
   3797.60000000000       1.487181714242681E-004
   3797.70000000000       1.487208326551849E-004
   3797.80000000000       1.487240664812095E-004
   3797.90000000000       1.487298870165646E-004
   3798.00000000000       1.487376969434909E-004
   3798.10000000000       1.487478026430585E-004
   3798.20000000000       1.487600915511711E-004
   3798.30000000000       1.487743272963367E-004
   3798.40000000000       1.487922558195457E-004
   3798.50000000000       1.488108892439064E-004
   3798.60000000000       1.488317972095303E-004
   3798.70000000000       1.488554647424988E-004
   3798.80000000000       1.488789282277597E-004
   3798.90000000000       1.489068361262244E-004
   3799.00000000000       1.489351985075976E-004
   3799.10000000000       1.489667331389970E-004
   3799.20000000000       1.489999599600902E-004
   3799.30000000000       1.490334525971422E-004
   3799.40000000000       1.490683349683480E-004
   3799.50000000000       1.491060805842750E-004
   3799.60000000000       1.491441362966366E-004
   3799.70000000000       1.491846220845212E-004
   3799.80000000000       1.492259275740616E-004
   3799.90000000000       1.492675695364254E-004
   3800.90000000000       1.497415164956575E-004
   3801.90000000000       1.502615579929154E-004
   3802.90000000000       1.507884637822388E-004
   3803.90000000000       1.512987257010799E-004
   3804.90000000000       1.517863326155050E-004
   3805.90000000000       1.522428985408123E-004
   3806.90000000000       1.526652062962817E-004
   3807.90000000000       1.530467294133524E-004
   3810.40000000000       1.537813798182026E-004
   3812.90000000000       1.541631750060133E-004
   3815.40000000000       1.541349134588743E-004
   3817.89000000000       1.536531373197284E-004
   3820.39000000000       1.527048927448895E-004
   3822.89000000000       1.513195850390434E-004
   3825.39000000000       1.495331777632352E-004
   3826.39000000000       1.487257191393151E-004
   3827.39000000000       1.478791029432001E-004
   3828.39000000000       1.469994735959713E-004
   3829.39000000000       1.460899186711436E-004
   3830.39000000000       1.451515067695170E-004
   3830.86000000000       1.447041119469528E-004
   3831.39000000000       1.441965088457326E-004
   3832.39000000000       1.432662697530434E-004
   3833.39000000000       1.424384447654476E-004
   3833.49000000000       1.423671682798451E-004
   3833.59000000000       1.422983898778312E-004
   3833.69000000000       1.422309963048569E-004
   3833.79000000000       1.421667776305225E-004
   3833.89000000000       1.421060989666573E-004
   3833.99000000000       1.420493609287628E-004
   3834.09000000000       1.419957930165082E-004
   3834.19000000000       1.419460385173316E-004
   3834.29000000000       1.418999502061283E-004
   3834.39000000000       1.418594063987381E-004
   3834.49000000000       1.418214178155369E-004
   3834.59000000000       1.417881638415054E-004
   3834.69000000000       1.417603263595756E-004
   3834.79000000000       1.417373578223076E-004
   3834.89000000000       1.417192120474163E-004
   3834.99000000000       1.417046263139613E-004
   3835.09000000000       1.416965666398280E-004
   3835.19000000000       1.416944955028761E-004
   3835.29000000000       1.416961625727291E-004
   3835.39000000000       1.417041035227539E-004
   3835.49000000000       1.417165723160931E-004
   3835.59000000000       1.417340284423340E-004
   3835.69000000000       1.417576025001364E-004
   3835.79000000000       1.417862041425481E-004
   3835.89000000000       1.418203977670860E-004
   3835.99000000000       1.418588272897384E-004
   3836.09000000000       1.419024688654659E-004
   3836.19000000000       1.419505274140977E-004
   3836.29000000000       1.420029399186285E-004
   3836.39000000000       1.420614698622991E-004
   3836.49000000000       1.421227110842907E-004
   3836.59000000000       1.421895541173233E-004
   3836.69000000000       1.422601702917064E-004
   3836.79000000000       1.423341777542603E-004
   3836.89000000000       1.424117720210833E-004
   3836.99000000000       1.424919185806583E-004
   3837.09000000000       1.425771404888698E-004
   3837.19000000000       1.426649249540783E-004
   3837.29000000000       1.427546572768411E-004
   3837.39000000000       1.428469070547462E-004
   3838.39000000000       1.438898410306819E-004
   3839.39000000000       1.450441583114467E-004
   3840.39000000000       1.462304682382567E-004
   3841.39000000000       1.474116175417549E-004
   3842.39000000000       1.485710247266071E-004
   3843.39000000000       1.497111629618689E-004
   3844.39000000000       1.508308073778498E-004
   3845.39000000000       1.519175840453057E-004
   3847.89000000000       1.544246591407152E-004
   3850.39000000000       1.565418233149497E-004
   3852.89000000000       1.582059689312773E-004
   3855.39000000000       1.593045269520874E-004
   3860.39000000000       1.599453438556574E-004
   3864.05000000000       1.590254018940647E-004
   3869.05000000000       1.557921883274348E-004
   3871.55000000000       1.533306115732423E-004
   3874.05000000000       1.502938414212620E-004
   3876.55000000000       1.468305321630769E-004
   3879.05000000000       1.429427559342236E-004
   3880.05000000000       1.412686839023102E-004
   3881.05000000000       1.395423492027030E-004
   3882.05000000000       1.377770981132830E-004
   3883.05000000000       1.359709546356441E-004
   3884.05000000000       1.341170193488385E-004
   3885.05000000000       1.322244346484462E-004
   3886.05000000000       1.303524399870690E-004
   3887.05000000000       1.286594447031380E-004
   3887.15000000000       1.285097260644448E-004
   3887.25000000000       1.283659374466623E-004
   3887.35000000000       1.282266641588587E-004
   3887.45000000000       1.280931357604596E-004
   3887.55000000000       1.279662024886682E-004
   3887.65000000000       1.278456181526774E-004
   3887.75000000000       1.277313393203847E-004
   3887.85000000000       1.276244357700519E-004
   3887.95000000000       1.275253140864281E-004
   3888.05000000000       1.274334736384574E-004
   3888.15000000000       1.273503196014954E-004
   3888.25000000000       1.272756013005232E-004
   3888.35000000000       1.272093991819629E-004
   3888.45000000000       1.271517819379769E-004
   3888.55000000000       1.271043427123076E-004
   3888.65000000000       1.270654350540312E-004
   3888.75000000000       1.270362018170439E-004
   3888.85000000000       1.270168981498265E-004
   3888.95000000000       1.270072727452040E-004
   3889.05000000000       1.270073948335775E-004
   3889.15000000000       1.270177180428942E-004
   3889.25000000000       1.270375296524065E-004
   3889.35000000000       1.270671402369260E-004
   3889.45000000000       1.271062551032662E-004
   3889.55000000000       1.271550626042324E-004
   3889.65000000000       1.272133756452518E-004
   3889.75000000000       1.272808827879254E-004
   3889.85000000000       1.273573154493298E-004
   3889.95000000000       1.274426396082359E-004
   3890.05000000000       1.275368423711094E-004
   3890.15000000000       1.276384278468561E-004
   3890.25000000000       1.277485622387098E-004
   3890.35000000000       1.278661319981655E-004
   3890.45000000000       1.279909284375713E-004
   3890.55000000000       1.281225045169632E-004
   3890.65000000000       1.282607015381434E-004
   3890.75000000000       1.284050848868495E-004
   3890.85000000000       1.285548256468320E-004
   3890.95000000000       1.287107150253242E-004
   3891.05000000000       1.288711060142686E-004
   3892.05000000000       1.306839438893801E-004
   3893.05000000000       1.326891313794991E-004
   3894.05000000000       1.347296005454957E-004
   3895.05000000000       1.367499187946236E-004
   3896.05000000000       1.387388069749044E-004
   3897.05000000000       1.407105742675320E-004
   3898.05000000000       1.426658798559832E-004
   3899.05000000000       1.445931579218300E-004
   3901.55000000000       1.492143938006273E-004
   3904.05000000000       1.535607797382095E-004
   3906.55000000000       1.576438207017402E-004
   3909.05000000000       1.613084908380539E-004
   3914.05000000000       1.672581395739664E-004
   3919.05000000000       1.713035931548676E-004
   3923.84000000000       1.734412387843415E-004
   3924.05000000000       1.734973253719702E-004
   3929.05000000000       1.739597172528163E-004
   3930.07000000000       1.738235624821884E-004
   3935.07000000000       1.719494148734665E-004
   3940.07000000000       1.679598724606977E-004
   3945.07000000000       1.616174663329820E-004
   3950.07000000000       1.531705329370657E-004
   3952.57000000000       1.483615784253546E-004
   3955.07000000000       1.431510365129221E-004
   3957.57000000000       1.375278098109288E-004
   3960.07000000000       1.314943026833074E-004
   3961.07000000000       1.290010095108188E-004
   3962.07000000000       1.264898126759511E-004
   3963.07000000000       1.239697896678049E-004
   3964.07000000000       1.214228146684240E-004
   3965.07000000000       1.188183538321873E-004
   3966.07000000000       1.161372613103537E-004
   3967.07000000000       1.133895192658008E-004
   3968.07000000000       1.107008027330336E-004
   3968.17000000000       1.104491442379465E-004
   3968.27000000000       1.102026908523549E-004
   3968.37000000000       1.099624704675433E-004
   3968.47000000000       1.097293644419196E-004
   3968.57000000000       1.095046645451325E-004
   3968.67000000000       1.092882334722981E-004
   3968.77000000000       1.090814792776394E-004
   3968.87000000000       1.088858900745851E-004
   3968.97000000000       1.087015668034342E-004
   3969.07000000000       1.085298571434185E-004
   3969.17000000000       1.083711561672658E-004
   3969.27000000000       1.082264137019594E-004
   3969.37000000000       1.080972252742994E-004
   3969.47000000000       1.079832551858823E-004
   3969.57000000000       1.078857643304731E-004
   3969.67000000000       1.078054897477049E-004
   3969.77000000000       1.077421271205939E-004
   3969.87000000000       1.076970455425622E-004
   3969.97000000000       1.076695990351870E-004
   3970.07000000000       1.076607710153683E-004
   3970.17000000000       1.076701889573964E-004
   3970.27000000000       1.076976703905940E-004
   3970.37000000000       1.077434778624030E-004
   3970.47000000000       1.078075260932124E-004
   3970.57000000000       1.078883011294393E-004
   3970.67000000000       1.079864629150192E-004
   3970.77000000000       1.081005436995085E-004
   3970.87000000000       1.082303077048745E-004
   3970.97000000000       1.083756216704153E-004
   3971.07000000000       1.085344850338473E-004
   3971.17000000000       1.087069715008060E-004
   3971.27000000000       1.088917669613571E-004
   3971.37000000000       1.090881411134784E-004
   3971.47000000000       1.092949576489740E-004
   3971.57000000000       1.095118523443544E-004
   3971.67000000000       1.097372942300183E-004
   3971.77000000000       1.099710343930493E-004
   3971.87000000000       1.102113844619817E-004
   3971.97000000000       1.104584782409023E-004
   3972.07000000000       1.107109789506405E-004
   3973.07000000000       1.134054116427975E-004
   3974.07000000000       1.161610903469869E-004
   3975.07000000000       1.188522327592474E-004
   3976.07000000000       1.214699307452109E-004
   3977.07000000000       1.240352221536611E-004
   3978.07000000000       1.265803002070784E-004
   3979.07000000000       1.291233486065812E-004
   3980.07000000000       1.316611642841216E-004
   3982.57000000000       1.378539378424935E-004
   3985.07000000000       1.437275094320864E-004
   3987.57000000000       1.493064678146708E-004
   3990.07000000000       1.546425123538797E-004
   3995.07000000000       1.646129106560478E-004
   4000.00000000000       1.729913565813896E-004
   4000.07000000000       1.730964819684218E-004
   4005.07000000000       1.797660264235044E-004
   4010.07000000000       1.847287342710786E-004
   4015.07000000000       1.882759025736234E-004
   4016.82000000000       1.892504962721661E-004
   4020.07000000000       1.906880015839034E-004
   4025.07000000000       1.922483046656472E-004
   4030.07000000000       1.931191600925864E-004
   4035.07000000000       1.933466496869201E-004
   4036.73000000000       1.932655153618885E-004
   4041.73000000000       1.925092898948067E-004
   4046.73000000000       1.909050623699636E-004
   4051.73000000000       1.882236082085914E-004
   4056.73000000000       1.842280264878638E-004
   4061.73000000000       1.787723471066084E-004
   4066.73000000000       1.719556561312577E-004
   4071.73000000000       1.641878590645177E-004
   4076.73000000000       1.557302135749675E-004
   4081.73000000000       1.460236954903152E-004
   4084.23000000000       1.405355629158309E-004
   4086.73000000000       1.346676239902915E-004
   4089.23000000000       1.285477162422866E-004
   4091.73000000000       1.221277888782975E-004
   4092.73000000000       1.194608854333740E-004
   4093.73000000000       1.167327798086218E-004
   4094.73000000000       1.139405687895126E-004
   4095.73000000000       1.110683234646248E-004
   4096.73000000000       1.080831523032069E-004
   4097.73000000000       1.049435252089626E-004
   4098.73000000000       1.016293007620646E-004
   4099.73000000000       9.830053963541798E-005
   4099.83000000000       9.798584911907535E-005
   4099.93000000000       9.767737986988214E-005
   4100.03000000000       9.737716779156290E-005
   4100.13000000000       9.708561285442926E-005
   4100.23000000000       9.680381188400211E-005
   4100.33000000000       9.653301325464331E-005
   4100.43000000000       9.627455323595876E-005
   4100.53000000000       9.602895405345544E-005
   4100.63000000000       9.579849764062941E-005
   4100.73000000000       9.558304071176245E-005
   4100.83000000000       9.538464797866203E-005
   4100.93000000000       9.520377943098176E-005
   4101.03000000000       9.504118016054118E-005
   4101.13000000000       9.489887561120362E-005
   4101.23000000000       9.477664556358607E-005
   4101.33000000000       9.467588341905417E-005
   4101.43000000000       9.459677052819646E-005
   4101.53000000000       9.454000144341338E-005
   4101.63000000000       9.450586203124858E-005
   4101.73000000000       9.449470109432832E-005
   4101.83000000000       9.450555731510543E-005
   4101.93000000000       9.453947772353477E-005
   4102.03000000000       9.459606608317610E-005
   4102.13000000000       9.467486999981353E-005
   4102.23000000000       9.477550438634669E-005
   4102.33000000000       9.489742790654097E-005
   4102.43000000000       9.503940445133009E-005
   4102.53000000000       9.520127982954540E-005
   4102.63000000000       9.538198093558806E-005
   4102.73000000000       9.558055895683321E-005
   4102.83000000000       9.579529691768315E-005
   4102.93000000000       9.602591880826756E-005
   4103.03000000000       9.627062649162842E-005
   4103.13000000000       9.652883882607129E-005
   4103.23000000000       9.679935002426212E-005
   4103.33000000000       9.708034194967876E-005
   4103.43000000000       9.737207442784364E-005
   4103.53000000000       9.767140714722846E-005
   4103.63000000000       9.797955038882262E-005
   4103.73000000000       9.829336763588841E-005
   4104.73000000000       1.016158196513376E-004
   4105.73000000000       1.049207557609287E-004
   4106.73000000000       1.080492070879177E-004
   4107.73000000000       1.110210067205823E-004
   4108.73000000000       1.138776834453021E-004
   4109.73000000000       1.166520945535895E-004
   4109.80000000000       1.168442122887060E-004
   4110.73000000000       1.193611654038317E-004
   4111.73000000000       1.220080610696035E-004
   4114.23000000000       1.283734917365476E-004
   4116.73000000000       1.344399205042640E-004
   4119.23000000000       1.402577173121274E-004
   4121.73000000000       1.457126622559685E-004
   4126.73000000000       1.554125451522693E-004
   4131.73000000000       1.639944052125137E-004
   4136.73000000000       1.720856411022762E-004
   4141.73000000000       1.794766728721621E-004
   4146.73000000000       1.857446344549167E-004
   4151.73000000000       1.907539223029715E-004
   4156.73000000000       1.946062618878363E-004
   4161.73000000000       1.975189629320066E-004
   4166.73000000000       1.997090189712975E-004
   4171.73000000000       2.013540615972966E-004
   4176.73000000000       2.025918057992151E-004
   4181.73000000000       2.035211144136383E-004
   4186.73000000000       2.042093352021670E-004
   4191.73000000000       2.047123300472015E-004
   4196.73000000000       2.050648324115492E-004
   4201.73000000000       2.052953360917552E-004
   4202.79000000000       2.053259359535328E-004
   4214.23000000000       2.054015042415064E-004
   4227.96000000000       2.048318072766943E-004
   4240.46000000000       2.035577285054935E-004
   4245.46000000000       2.027721262423083E-004
   4250.46000000000       2.017607976513535E-004
   4255.46000000000       2.004776539465726E-004
   4260.46000000000       1.988606463746854E-004
   4265.46000000000       1.968359036725308E-004
   4270.46000000000       1.943208242869292E-004
   4275.46000000000       1.912354851644610E-004
   4280.46000000000       1.875409765266884E-004
   4285.46000000000       1.832626148398093E-004
   4290.46000000000       1.784782282334052E-004
   4295.46000000000       1.732702452513987E-004
   4295.77000000000       1.729317528823327E-004
   4300.46000000000       1.675480417019306E-004
   4305.46000000000       1.611679717281158E-004
   4310.46000000000       1.539747019841027E-004
   4315.46000000000       1.458473634411919E-004
   4320.46000000000       1.366777503556015E-004
   4322.96000000000       1.316889123275216E-004
   4325.46000000000       1.264108995865551E-004
   4327.96000000000       1.208679946855343E-004
   4330.46000000000       1.150134612374536E-004
   4331.46000000000       1.125667058254172E-004
   4332.46000000000       1.100461459231449E-004
   4333.46000000000       1.074367711968820E-004
   4334.46000000000       1.047102945155806E-004
   4335.46000000000       1.018174715147809E-004
   4336.46000000000       9.867253615027391E-005
   4337.46000000000       9.513984781391549E-005
   4338.46000000000       9.119189325369267E-005
   4338.56000000000       9.079108428440649E-005
   4338.66000000000       9.039295563144900E-005
   4338.76000000000       9.000078611707099E-005
   4338.86000000000       8.961455722140743E-005
   4338.96000000000       8.923772461214042E-005
   4339.06000000000       8.887038660221371E-005
   4339.16000000000       8.851582146613349E-005
   4339.26000000000       8.817582518714098E-005
   4339.36000000000       8.785276846516422E-005
   4339.46000000000       8.754847103474448E-005
   4339.56000000000       8.726596403992509E-005
   4339.66000000000       8.700633465940872E-005
   4339.76000000000       8.677191868298795E-005
   4339.86000000000       8.656428186955365E-005
   4339.96000000000       8.638581444093502E-005
   4340.06000000000       8.623727812272726E-005
   4340.16000000000       8.612003100293641E-005
   4340.26000000000       8.603569394732927E-005
   4340.36000000000       8.598434856541260E-005
   4340.46000000000       8.596722070738786E-005
   4340.56000000000       8.598376719194147E-005
   4340.66000000000       8.603478667889481E-005
   4340.76000000000       8.611866430953376E-005
   4340.86000000000       8.623497690491384E-005
   4340.96000000000       8.638253654676211E-005
   4341.06000000000       8.656119316973455E-005
   4341.16000000000       8.676778993716066E-005
   4341.26000000000       8.700164296879546E-005
   4341.36000000000       8.726097248377129E-005
   4341.46000000000       8.754283005390779E-005
   4341.56000000000       8.784622917753440E-005
   4341.66000000000       8.816827074002033E-005
   4341.76000000000       8.850793208109422E-005
   4341.86000000000       8.886127932305106E-005
   4341.96000000000       8.922803594503823E-005
   4342.06000000000       8.960454448860018E-005
   4342.16000000000       8.998955386398202E-005
   4342.26000000000       9.038129093483991E-005
   4342.36000000000       9.077779750210841E-005
   4342.46000000000       9.117812894558866E-005
   4343.46000000000       9.511529280533360E-005
   4344.46000000000       9.863476896057071E-005
   4345.46000000000       1.017636145395327E-004
   4346.46000000000       1.046389542805549E-004
   4347.46000000000       1.073447939848079E-004
   4348.46000000000       1.099309637539794E-004
   4349.46000000000       1.124265038642468E-004
   4350.46000000000       1.148452593426464E-004
   4352.96000000000       1.206191177084643E-004
   4355.46000000000       1.260661348989779E-004
   4357.96000000000       1.312328395861769E-004
   4360.46000000000       1.360953054894337E-004
   4365.46000000000       1.449749453614668E-004
   4370.46000000000       1.527672060086820E-004
   4375.46000000000       1.595853151996563E-004
   4380.46000000000       1.655601712304616E-004
   4385.46000000000       1.708569063855920E-004
   4388.75000000000       1.740572334461008E-004
   4390.46000000000       1.756299726496466E-004
   4395.46000000000       1.799438635019429E-004
   4400.46000000000       1.837603965900561E-004
   4405.46000000000       1.870004394276644E-004
   4410.46000000000       1.896546858979783E-004
   4415.46000000000       1.917606022686976E-004
   4420.46000000000       1.934023762088311E-004
   4425.46000000000       1.946619018547702E-004
   4430.46000000000       1.956141445765587E-004
   4435.46000000000       1.963222537535559E-004
   4440.46000000000       1.968306119044257E-004
   4452.96000000000       1.975315653094356E-004
   4465.46000000000       1.977212873484305E-004
   4477.96000000000       1.976110668052745E-004
   4481.73000000000       1.975398721343771E-004
   4490.46000000000       1.973158989353123E-004
   4565.46000000000       1.940982042382775E-004
   4574.71000000000       1.936170856131053E-004
   4636.33000000000       1.900963895968361E-004
   4667.70000000000       1.879778134543810E-004
   4711.33000000000       1.840102351553021E-004
   4723.83000000000       1.824198150655865E-004
   4736.33000000000       1.804900110012522E-004
   4748.83000000000       1.781596111197622E-004
   4760.68000000000       1.754817928909861E-004
   4761.33000000000       1.753209203228753E-004
   4766.33000000000       1.739928644948665E-004
   4771.33000000000       1.725315210551789E-004
   4776.33000000000       1.709093373561771E-004
   4781.33000000000       1.690964726201058E-004
   4786.33000000000       1.670550851244719E-004
   4791.33000000000       1.647535204627676E-004
   4796.33000000000       1.621624285670588E-004
   4801.33000000000       1.592557750100794E-004
   4806.33000000000       1.560144750813565E-004
   4811.33000000000       1.524311525342934E-004
   4816.33000000000       1.484823360752250E-004
   4821.33000000000       1.440835834092934E-004
   4826.33000000000       1.391638000436877E-004
   4831.33000000000       1.337122747334771E-004
   4836.33000000000       1.277045236459503E-004
   4841.33000000000       1.209495967934918E-004
   4843.83000000000       1.172628243975021E-004
   4846.33000000000       1.133536010297654E-004
   4848.83000000000       1.092284512689500E-004
   4851.33000000000       1.048229976158815E-004
   4852.33000000000       1.029592513245415E-004
   4853.33000000000       1.010175926678505E-004
   4853.66000000000       1.003574976048842E-004
   4854.33000000000       9.898200138863708E-005
   4855.33000000000       9.682457115167531E-005
   4856.33000000000       9.448360719311611E-005
   4857.33000000000       9.181828795506605E-005
   4858.33000000000       8.854102005312964E-005
   4859.33000000000       8.439556106627906E-005
   4859.43000000000       8.394660935251048E-005
   4859.53000000000       8.349616333705624E-005
   4859.63000000000       8.304785934499801E-005
   4859.73000000000       8.260171859704839E-005
   4859.83000000000       8.216251483633835E-005
   4859.93000000000       8.173094132493549E-005
   4860.03000000000       8.131162275995437E-005
   4860.13000000000       8.090612434793467E-005
   4860.23000000000       8.051875953634403E-005
   4860.33000000000       8.015111430757556E-005
   4860.43000000000       7.980794252639710E-005
   4860.53000000000       7.949052959737432E-005
   4860.63000000000       7.920282903897793E-005
   4860.73000000000       7.894774270676482E-005
   4860.83000000000       7.872672656399319E-005
   4860.93000000000       7.854281075084920E-005
   4861.03000000000       7.839737527552314E-005
   4861.13000000000       7.829265893565303E-005
   4861.23000000000       7.822889967359501E-005
   4861.33000000000       7.820738161396628E-005
   4861.43000000000       7.822761421558376E-005
   4861.53000000000       7.829009574440281E-005
   4861.63000000000       7.839373938518796E-005
   4861.73000000000       7.853798266766772E-005
   4861.83000000000       7.872058039758044E-005
   4861.93000000000       7.894039946166070E-005
   4862.03000000000       7.919416884864152E-005
   4862.13000000000       7.948072182472425E-005
   4862.23000000000       7.979682885291754E-005
   4862.33000000000       8.013868359187497E-005
   4862.43000000000       8.050498671648978E-005
   4862.53000000000       8.089101099234039E-005
   4862.63000000000       8.129507137619608E-005
   4862.73000000000       8.171297108368335E-005
   4862.83000000000       8.214312526539723E-005
   4862.93000000000       8.258095315245144E-005
   4863.03000000000       8.302545198243634E-005
   4863.13000000000       8.347235110148887E-005
   4863.23000000000       8.392126062326724E-005
   4863.33000000000       8.436870765953331E-005
   4864.33000000000       8.849737996264169E-005
   4865.33000000000       9.175539623503390E-005
   4866.33000000000       9.439976969616873E-005
   4867.33000000000       9.671741680942835E-005
   4868.33000000000       9.884943821175291E-005
   4869.33000000000       1.008585679679718E-004
   4870.33000000000       1.027724627500435E-004
   4871.33000000000       1.046059802306615E-004
   4873.83000000000       1.089283586394018E-004
   4876.33000000000       1.129581178468570E-004
   4878.83000000000       1.167607487779764E-004
   4881.33000000000       1.203281564727511E-004
   4886.33000000000       1.268107927753812E-004
   4891.33000000000       1.325049338768216E-004
   4896.33000000000       1.375958167765920E-004
   4901.33000000000       1.421127007909875E-004
   4906.33000000000       1.460703068770355E-004
   4911.33000000000       1.495431994667996E-004
   4916.33000000000       1.526184634070039E-004
   4921.33000000000       1.553181919710790E-004
   4926.33000000000       1.576641628195116E-004
   4931.33000000000       1.596761617678087E-004
   4936.33000000000       1.613870968311193E-004
   4941.33000000000       1.628301947245847E-004
   4946.33000000000       1.640445288511056E-004
   4946.64000000000       1.641137990914279E-004
   4951.33000000000       1.650608257445219E-004
   4956.33000000000       1.659191149569995E-004
   4961.33000000000       1.666356609026461E-004
   4973.83000000000       1.679622060974979E-004
   4986.33000000000       1.687841225001654E-004
   4998.83000000000       1.692237695621883E-004
   5011.33000000000       1.693629831451679E-004
   5039.62000000000       1.689640539572919E-004
   5086.33000000000       1.673376163704684E-004
   5132.61000000000       1.653614735110205E-004
   5161.33000000000       1.640906842539323E-004
   5225.59000000000       1.612299551964393E-004
   5318.57000000000       1.571436973974851E-004
   5411.55000000000       1.531708402164999E-004
   5504.53000000000       1.493272863694642E-004
   5597.52000000000       1.455902049037378E-004
   5690.50000000000       1.420126460338248E-004
   5783.48000000000       1.385581796291765E-004
   5876.46000000000       1.352256900106531E-004
   5969.44000000000       1.319983376157553E-004
   6000.00000000000       1.309598758680182E-004
   6062.43000000000       1.288659389171419E-004
   6155.41000000000       1.257880057605060E-004
   6248.39000000000       1.226642192032075E-004
   6262.81000000000       1.221645361282785E-004
   6337.81000000000       1.194416378408649E-004
   6341.37000000000       1.192999545180848E-004
   6412.81000000000       1.159807213805777E-004
   6425.31000000000       1.151500723294174E-004
   6434.35000000000       1.144806674974452E-004
   6437.81000000000       1.142000149615062E-004
   6450.31000000000       1.130510945943321E-004
   6462.81000000000       1.116534770528630E-004
   6467.81000000000       1.110111874373169E-004
   6472.81000000000       1.103037476254653E-004
   6477.81000000000       1.095249602355383E-004
   6482.81000000000       1.086737067009204E-004
   6487.81000000000       1.077496298758970E-004
   6492.81000000000       1.067323407853032E-004
   6497.81000000000       1.056000848553738E-004
   6502.81000000000       1.043397753120130E-004
   6507.81000000000       1.029401212157638E-004
   6512.81000000000       1.013777607011669E-004
   6517.81000000000       9.962460160786386E-005
   6522.81000000000       9.765176337370811E-005
   6527.33000000000       9.566489446675324E-005
   6527.81000000000       9.544102455758713E-005
   6532.81000000000       9.298315935770292E-005
   6537.81000000000       9.026097316038248E-005
   6542.81000000000       8.715983091768746E-005
   6545.31000000000       8.544131300370969E-005
   6547.81000000000       8.359268807065515E-005
   6550.31000000000       8.160746124702798E-005
   6552.81000000000       7.943983743744458E-005
   6553.81000000000       7.850717918802173E-005
   6554.81000000000       7.752295654682812E-005
   6555.81000000000       7.647150109457867E-005
   6556.81000000000       7.532390137945224E-005
   6557.81000000000       7.402248395764821E-005
   6558.81000000000       7.243963352672902E-005
   6559.81000000000       7.031168453948647E-005
   6560.81000000000       6.738988319383717E-005
   6560.91000000000       6.706391623779904E-005
   6561.01000000000       6.673492820156630E-005
   6561.11000000000       6.640650232699581E-005
   6561.21000000000       6.607904645171094E-005
   6561.31000000000       6.575492483963053E-005
   6561.41000000000       6.543704365464921E-005
   6561.51000000000       6.512625440596759E-005
   6561.61000000000       6.482631609482525E-005
   6561.71000000000       6.453755702682828E-005
   6561.81000000000       6.426458650318688E-005
   6561.91000000000       6.400761082629755E-005
   6562.01000000000       6.377112191254409E-005
   6562.11000000000       6.355559471990966E-005
   6562.21000000000       6.336466872657471E-005
   6562.31000000000       6.319948764642212E-005
   6562.41000000000       6.306106328482738E-005
   6562.51000000000       6.295312433019499E-005
   6562.61000000000       6.287406508699861E-005
   6562.71000000000       6.282739336146271E-005
   6562.81000000000       6.281052475995633E-005
   6562.91000000000       6.282590484271010E-005
   6563.01000000000       6.287062782395083E-005
   6563.11000000000       6.294797780327523E-005
   6563.21000000000       6.305423579908125E-005
   6563.31000000000       6.319098962274825E-005
   6563.41000000000       6.335464849347508E-005
   6563.51000000000       6.354363216623929E-005
   6563.61000000000       6.375752764401516E-005
   6563.71000000000       6.399226681288799E-005
   6563.81000000000       6.424737158815698E-005
   6563.91000000000       6.451880625283306E-005
   6564.01000000000       6.480562753618939E-005
   6564.11000000000       6.510371426686354E-005
   6564.21000000000       6.541263075225043E-005
   6564.31000000000       6.572868628125695E-005
   6564.41000000000       6.605092772405202E-005
   6564.51000000000       6.637658832221904E-005
   6564.61000000000       6.670297870235036E-005
   6564.71000000000       6.702991675358991E-005
   6564.81000000000       6.735420728457101E-005
   6565.81000000000       7.025578660683225E-005
   6566.81000000000       7.236255942673639E-005
   6567.81000000000       7.392311742843140E-005
   6568.81000000000       7.520136289422571E-005
   6569.81000000000       7.632517646679372E-005
   6570.81000000000       7.735209972109610E-005
   6571.81000000000       7.831091817200230E-005
   6572.81000000000       7.921719999654699E-005
   6575.31000000000       8.131662306757157E-005
   6577.81000000000       8.322881863950354E-005
   6580.31000000000       8.500010756904531E-005
   6582.81000000000       8.663647660305554E-005
   6587.81000000000       8.956146199968047E-005
   6592.81000000000       9.209299224424667E-005
   6597.81000000000       9.433981020403185E-005
   6602.81000000000       9.633012383584538E-005
   6607.81000000000       9.806864997713968E-005
   6612.81000000000       9.957421088725600E-005
   6617.81000000000       1.008834818736144E-004
   6620.32000000000       1.014753275668945E-004
   6622.81000000000       1.020167816523111E-004
   6627.81000000000       1.029995520778768E-004
   6632.81000000000       1.038521071722061E-004
   6637.81000000000       1.045843825834376E-004
   6642.81000000000       1.052191630868335E-004
   6647.81000000000       1.057761870542041E-004
   6652.81000000000       1.062585289738851E-004
   6657.81000000000       1.066679305350282E-004
   6662.81000000000       1.070109583775628E-004
   6675.31000000000       1.076577331967001E-004
   6687.81000000000       1.080579640340838E-004
   6700.31000000000       1.082691741990164E-004
   6712.81000000000       1.083651687675983E-004
   6713.30000000000       1.083646341029680E-004
   6787.81000000000       1.075393230282945E-004
   6806.28000000000       1.072013823018184E-004
   6862.81000000000       1.060487511130084E-004
   6899.26000000000       1.052574151765699E-004
   6992.24000000000       1.031668890804451E-004
   7085.23000000000       1.010692180364782E-004
   7178.21000000000       9.901476924697947E-005
   7271.19000000000       9.701571583756511E-005
   7364.17000000000       9.507472495553470E-005
   7457.15000000000       9.319137271794141E-005
   7550.14000000000       9.136290515628173E-005
   7643.12000000000       8.959115701387139E-005
   7736.10000000000       8.786739715715650E-005
   7829.08000000000       8.619365249338619E-005
   7922.06000000000       8.456779541418813E-005
   8000.00000000000       8.324032925987597E-005
   8015.05000000000       8.298767428220701E-005
   8108.03000000000       8.145245229524835E-005
   8201.01000000000       7.995276117434799E-005
   8331.19000000000       7.792400301691360E-005
   8365.02000000000       7.740874176429422E-005
   8440.02000000000       7.628222682175018E-005
   8461.36000000000       7.596526350589248E-005
   8515.02000000000       7.517972610331133E-005
   8527.52000000000       7.499823549090503E-005
   8540.02000000000       7.481735009806932E-005
   8552.52000000000       7.462468468553769E-005
   8565.02000000000       7.444494094080598E-005
   8570.02000000000       7.437332858127672E-005
   8575.02000000000       7.430203670066000E-005
   8580.02000000000       7.423065393078993E-005
   8585.02000000000       7.415932013802639E-005
   8590.02000000000       7.408820897399912E-005
   8591.53000000000       7.406673567522578E-005
   8595.02000000000       7.401694729639007E-005
   8600.02000000000       7.394576540473955E-005
   8605.02000000000       7.387453676327442E-005
   8610.02000000000       7.380324046302055E-005
   8615.02000000000       7.373211038633064E-005
   8620.02000000000       7.366068544940790E-005
   8625.02000000000       7.358922779564329E-005
   8630.02000000000       7.351743783277650E-005
   8635.02000000000       7.344570148920804E-005
   8640.02000000000       7.337398965898802E-005
   8645.02000000000       7.330193455517737E-005
   8647.52000000000       7.326589313617695E-005
   8650.02000000000       7.323004107219500E-005
   8652.52000000000       7.319416713254830E-005
   8655.02000000000       7.315850663828457E-005
   8656.02000000000       7.314435256597829E-005
   8657.02000000000       7.313014725314075E-005
   8658.02000000000       7.311602773664887E-005
   8659.02000000000       7.310177943096486E-005
   8660.02000000000       7.308768650169714E-005
   8661.02000000000       7.307369034357672E-005
   8662.02000000000       7.305962067105687E-005
   8663.02000000000       7.304562729152740E-005
   8663.12000000000       7.304403827249344E-005
   8663.22000000000       7.304266890548105E-005
   8663.32000000000       7.304127987558031E-005
   8663.42000000000       7.303989277076005E-005
   8663.52000000000       7.303859020889594E-005
   8663.62000000000       7.303722798361869E-005
   8663.72000000000       7.303579504760506E-005
   8663.82000000000       7.303428396457366E-005
   8663.92000000000       7.303279249305699E-005
   8664.02000000000       7.303148072954611E-005
   8664.12000000000       7.303010022886194E-005
   8664.22000000000       7.302871938905057E-005
   8664.32000000000       7.302732332589105E-005
   8664.42000000000       7.302590299671915E-005
   8664.52000000000       7.302440165343809E-005
   8664.62000000000       7.302306643571040E-005
   8664.72000000000       7.302163355182829E-005
   8664.82000000000       7.302030667202260E-005
   8664.92000000000       7.301882055734260E-005
   8665.02000000000       7.301736201469088E-005
   8665.12000000000       7.301599112082645E-005
   8665.22000000000       7.301473824245404E-005
   8665.32000000000       7.301346193760698E-005
   8665.42000000000       7.301200788716730E-005
   8665.52000000000       7.301050570898816E-005
   8665.62000000000       7.300907090881269E-005
   8665.72000000000       7.300797394225856E-005
   8665.82000000000       7.300652019287924E-005
   8665.92000000000       7.300507629594192E-005
   8666.02000000000       7.300360906556801E-005
   8666.12000000000       7.300231678804898E-005
   8666.22000000000       7.300103273808012E-005
   8666.32000000000       7.299961265885960E-005
   8666.42000000000       7.299811328154407E-005
   8666.52000000000       7.299684333956811E-005
   8666.62000000000       7.299539220764061E-005
   8666.72000000000       7.299400448906599E-005
   8666.82000000000       7.299272689863693E-005
   8666.92000000000       7.299134941284918E-005
   8667.02000000000       7.298990597849214E-005
   8668.02000000000       7.297609628160442E-005
   8669.02000000000       7.296241915190261E-005
   8670.02000000000       7.294861454322040E-005
   8671.02000000000       7.293479976861717E-005
   8672.02000000000       7.292114452735382E-005
   8673.02000000000       7.290755195438649E-005
   8674.02000000000       7.289382313606444E-005
   8675.02000000000       7.288015706654264E-005
   8677.52000000000       7.284634859279439E-005
   8680.02000000000       7.281228751155792E-005
   8682.52000000000       7.277854779085436E-005
   8685.02000000000       7.274480027149348E-005
   8690.02000000000       7.267685830656533E-005
   8695.02000000000       7.260847189232123E-005
   8700.02000000000       7.253994311879617E-005
   8705.02000000000       7.247063799644244E-005
   8710.47000000000       7.239445018279263E-005
   8715.47000000000       7.232396004854304E-005
   8720.47000000000       7.225277902182707E-005
   8721.71000000000       7.223495256778592E-005
   8725.47000000000       7.218087590828457E-005
   8730.47000000000       7.210867560604174E-005
   8732.97000000000       7.207244258546186E-005
   8735.47000000000       7.203638678751242E-005
   8737.97000000000       7.200034314287975E-005
   8740.47000000000       7.196449265916870E-005
   8741.47000000000       7.195040131068842E-005
   8742.47000000000       7.193612432206169E-005
   8743.47000000000       7.192215765351774E-005
   8744.47000000000       7.190813600147036E-005
   8745.47000000000       7.189427040796940E-005
   8746.47000000000       7.188056669899525E-005
   8747.47000000000       7.186672669718578E-005
   8748.47000000000       7.185324863894929E-005
   8748.57000000000       7.185181576063837E-005
   8748.67000000000       7.185058573283684E-005
   8748.77000000000       7.184919644347560E-005
   8748.87000000000       7.184794664545142E-005
   8748.97000000000       7.184649327460797E-005
   8749.07000000000       7.184505912883013E-005
   8749.17000000000       7.184379746588162E-005
   8749.27000000000       7.184247675017957E-005
   8749.37000000000       7.184121559431151E-005
   8749.47000000000       7.183987026743207E-005
   8749.57000000000       7.183860523614930E-005
   8749.67000000000       7.183715687383026E-005
   8749.77000000000       7.183584911944581E-005
   8749.87000000000       7.183443935396019E-005
   8749.97000000000       7.183322239956911E-005
   8750.07000000000       7.183178612103604E-005
   8750.17000000000       7.183056187659084E-005
   8750.27000000000       7.182899060358057E-005
   8750.37000000000       7.182777732997783E-005
   8750.47000000000       7.182636451239119E-005
   8750.57000000000       7.182507626243467E-005
   8750.67000000000       7.182379761176724E-005
   8750.77000000000       7.182243031886368E-005
   8750.87000000000       7.182103638611217E-005
   8750.97000000000       7.181973513144141E-005
   8751.07000000000       7.181855427257624E-005
   8751.17000000000       7.181702874977617E-005
   8751.27000000000       7.181580555590082E-005
   8751.37000000000       7.181453468817270E-005
   8751.47000000000       7.181319564416200E-005
   8751.57000000000       7.181191630733969E-005
   8751.67000000000       7.181063352096117E-005
   8751.77000000000       7.180929870740881E-005
   8751.87000000000       7.180784504409356E-005
   8751.97000000000       7.180654693056484E-005
   8752.07000000000       7.180527378355942E-005
   8752.17000000000       7.180391894736612E-005
   8752.27000000000       7.180265489441474E-005
   8752.37000000000       7.180138290457652E-005
   8752.47000000000       7.180003284263583E-005
   8753.47000000000       7.178690062668627E-005
   8754.47000000000       7.177407389632049E-005
   8755.47000000000       7.176117472540200E-005
   8756.47000000000       7.174853599693739E-005
   8757.47000000000       7.173581178909282E-005
   8758.47000000000       7.172312314817925E-005
   8759.47000000000       7.171076936302614E-005
   8760.47000000000       7.169822465615784E-005
   8762.97000000000       7.166725419242914E-005
   8765.47000000000       7.163657637852061E-005
   8767.97000000000       7.160600144749114E-005
   8770.47000000000       7.157532240478736E-005
   8775.47000000000       7.151385389735368E-005
   8780.47000000000       7.145168433275723E-005
   8785.47000000000       7.138846008594183E-005
   8790.47000000000       7.132423260441779E-005
   8795.47000000000       7.125905683067553E-005
   8800.47000000000       7.119258702352111E-005
   8805.47000000000       7.112513286667373E-005
   8807.79000000000       7.109329577425810E-005
   8812.79000000000       7.102399728827283E-005
   8817.79000000000       7.095358485180676E-005
   8822.79000000000       7.088196801320573E-005
   8827.79000000000       7.080895845096610E-005
   8832.79000000000       7.073495674302980E-005
   8837.79000000000       7.065978583366798E-005
   8842.79000000000       7.058365861405114E-005
   8845.29000000000       7.054549068381481E-005
   8847.79000000000       7.050726670828883E-005
   8850.29000000000       7.046958091220078E-005
   8851.88000000000       7.044572819477921E-005
   8852.79000000000       7.043223690192628E-005
   8853.79000000000       7.041749849528550E-005
   8854.79000000000       7.040305129588244E-005
   8855.79000000000       7.038867571400668E-005
   8856.79000000000       7.037455812717990E-005
   8857.79000000000       7.036079648478299E-005
   8858.79000000000       7.034713037607362E-005
   8859.79000000000       7.033325782909558E-005
   8860.79000000000       7.031842743455776E-005
   8860.89000000000       7.031702480106822E-005
   8860.99000000000       7.031536882540253E-005
   8861.09000000000       7.031373136862379E-005
   8861.19000000000       7.031208257255247E-005
   8861.29000000000       7.031053330006423E-005
   8861.39000000000       7.030876806495730E-005
   8861.49000000000       7.030724974311580E-005
   8861.59000000000       7.030540993904820E-005
   8861.69000000000       7.030391325996766E-005
   8861.79000000000       7.030212809878892E-005
   8861.89000000000       7.030082532011290E-005
   8861.99000000000       7.029902571498602E-005
   8862.09000000000       7.029762509163914E-005
   8862.19000000000       7.029600128363129E-005
   8862.29000000000       7.029449202244131E-005
   8862.39000000000       7.029320572203035E-005
   8862.49000000000       7.029146437954513E-005
   8862.59000000000       7.029044482717782E-005
   8862.69000000000       7.028887907881959E-005
   8862.79000000000       7.028773602450006E-005
   8862.89000000000       7.028631511360299E-005
   8862.99000000000       7.028559472689084E-005
   8863.09000000000       7.028420957921627E-005
   8863.19000000000       7.028330064416652E-005
   8863.29000000000       7.028224463168260E-005
   8863.39000000000       7.028129336793957E-005
   8863.49000000000       7.028034223531121E-005
   8863.59000000000       7.027941114383658E-005
   8863.69000000000       7.027864937543097E-005
   8863.79000000000       7.027767608648704E-005
   8863.89000000000       7.027700486661584E-005
   8863.99000000000       7.027602948046671E-005
   8864.09000000000       7.027536406057867E-005
   8864.19000000000       7.027444700419135E-005
   8864.29000000000       7.027378358827776E-005
   8864.39000000000       7.027284482208102E-005
   8864.49000000000       7.027210151486149E-005
   8864.59000000000       7.027132037197909E-005
   8864.69000000000       7.027036755467404E-005
   8864.79000000000       7.026947137629171E-005
   8865.79000000000       7.025986712491504E-005
   8866.79000000000       7.024926501339983E-005
   8867.79000000000       7.023840454125832E-005
   8868.79000000000       7.022761699918074E-005
   8869.79000000000       7.021719403227353E-005
   8870.79000000000       7.020692637386247E-005
   8871.79000000000       7.019700709911935E-005
   8872.79000000000       7.018704120660591E-005
   8875.29000000000       7.016291998423897E-005
   8877.79000000000       7.013926660748132E-005
   8880.29000000000       7.011572002420701E-005
   8882.79000000000       7.009232847612634E-005
   8887.79000000000       7.004460741047649E-005
   8892.79000000000       6.999572179901294E-005
   8897.79000000000       6.994510501580406E-005
   8902.79000000000       6.989285727295735E-005
   8907.79000000000       6.983849357675724E-005
   8912.79000000000       6.978253538879867E-005
   8917.79000000000       6.972436325162972E-005
   8922.79000000000       6.966426466866482E-005
   8927.79000000000       6.960210546295602E-005
   8932.79000000000       6.953767929200563E-005
   8937.79000000000       6.947122182168283E-005
   8939.91000000000       6.944228379262097E-005
   8944.91000000000       6.937219645536509E-005
   8949.91000000000       6.929998841687980E-005
   8954.91000000000       6.922519500224592E-005
   8959.91000000000       6.914809480044979E-005
   8964.91000000000       6.906832172904385E-005
   8969.91000000000       6.898582234193138E-005
   8974.91000000000       6.890043644138925E-005
   8979.91000000000       6.881240037691027E-005
   8982.06000000000       6.877361691980829E-005
   8984.91000000000       6.872150771123260E-005
   8989.91000000000       6.862820833135085E-005
   8994.91000000000       6.853287262752268E-005
   8997.41000000000       6.848480289732517E-005
   8999.91000000000       6.843654847460947E-005
   9002.41000000000       6.838861050891307E-005
   9004.91000000000       6.834172878702845E-005
   9005.91000000000       6.832345341466241E-005
   9006.91000000000       6.830553017640705E-005
   9007.91000000000       6.828822283448121E-005
   9008.91000000000       6.827140118918879E-005
   9009.91000000000       6.825549033691287E-005
   9010.91000000000       6.824024746930084E-005
   9011.91000000000       6.822588102479563E-005
   9012.91000000000       6.821276460736278E-005
   9013.01000000000       6.821141462365857E-005
   9013.11000000000       6.821020894394122E-005
   9013.21000000000       6.820898783581691E-005
   9013.31000000000       6.820768710939668E-005
   9013.41000000000       6.820656008435607E-005
   9013.51000000000       6.820524874126514E-005
   9013.61000000000       6.820412360061688E-005
   9013.71000000000       6.820288405961117E-005
   9013.81000000000       6.820175683574312E-005
   9013.91000000000       6.820070145889743E-005
   9014.01000000000       6.819960571551661E-005
   9014.11000000000       6.819853820766344E-005
   9014.21000000000       6.819731157718964E-005
   9014.31000000000       6.819631739643971E-005
   9014.41000000000       6.819513676259285E-005
   9014.51000000000       6.819413764344371E-005
   9014.61000000000       6.819315152990069E-005
   9014.71000000000       6.819202771139401E-005
   9014.81000000000       6.819094292623595E-005
   9014.91000000000       6.818996553357140E-005
   9015.01000000000       6.818901211781452E-005
   9015.11000000000       6.818802018401756E-005
   9015.21000000000       6.818701915554000E-005
   9015.31000000000       6.818600867610333E-005
   9015.41000000000       6.818505844595146E-005
   9015.51000000000       6.818408428693222E-005
   9015.61000000000       6.818321380017936E-005
   9015.71000000000       6.818221504272413E-005
   9015.81000000000       6.818121183962150E-005
   9015.91000000000       6.818040665456822E-005
   9016.01000000000       6.817954610934599E-005
   9016.11000000000       6.817869453720273E-005
   9016.21000000000       6.817785943196277E-005
   9016.31000000000       6.817699304018066E-005
   9016.41000000000       6.817615773815815E-005
   9016.51000000000       6.817532812956649E-005
   9016.61000000000       6.817459897540621E-005
   9016.71000000000       6.817371520243245E-005
   9016.81000000000       6.817288931997588E-005
   9016.91000000000       6.817213780118244E-005
   9017.91000000000       6.816513724991861E-005
   9018.91000000000       6.815905759134683E-005
   9019.91000000000       6.815403426091893E-005
   9020.91000000000       6.814974506518841E-005
   9021.91000000000       6.814615333668403E-005
   9022.91000000000       6.814306876068267E-005
   9023.91000000000       6.814077960596950E-005
   9024.91000000000       6.813872442308111E-005
   9027.41000000000       6.813455840534083E-005
   9029.91000000000       6.813155425827890E-005
   9032.41000000000       6.812869036523660E-005
   9034.91000000000       6.812555901212567E-005
   9039.91000000000       6.811779634127740E-005
   9044.91000000000       6.810544802150331E-005
   9049.91000000000       6.807716297770141E-005
   9054.91000000000       6.805802388267377E-005
   9059.91000000000       6.803717110682292E-005
   9064.91000000000       6.801255328344777E-005
   9069.91000000000       6.798431694119186E-005
   9074.91000000000       6.795217142601697E-005
   9079.91000000000       6.791646219156332E-005
   9084.91000000000       6.787685683221366E-005
   9089.91000000000       6.783362257673242E-005
   9094.91000000000       6.778640126465347E-005
   9099.91000000000       6.773560301856797E-005
   9104.91000000000       6.768063200163198E-005
   9109.91000000000       6.762174379168223E-005
   9112.23000000000       6.759309204002793E-005
   9114.91000000000       6.755824318723643E-005
   9129.02000000000       6.735622421583262E-005
   9134.02000000000       6.727632914566124E-005
   9139.02000000000       6.719101722471561E-005
   9144.02000000000       6.710047691420567E-005
   9149.02000000000       6.700452865384504E-005
   9154.02000000000       6.690319756784887E-005
   9159.02000000000       6.679643563842239E-005
   9164.02000000000       6.668441411310064E-005
   9169.02000000000       6.656708241102008E-005
   9174.02000000000       6.644441320520694E-005
   9179.02000000000       6.631643631562035E-005
   9184.02000000000       6.618298146742102E-005
   9189.02000000000       6.604361122250534E-005
   9194.02000000000       6.589857141903787E-005
   9199.02000000000       6.574853809661083E-005
   9204.02000000000       6.559493806181087E-005
   9209.02000000000       6.543899126834125E-005
   9211.52000000000       6.536055412362044E-005
   9214.02000000000       6.528247895186644E-005
   9216.52000000000       6.520569143297366E-005
   9219.02000000000       6.513119852759090E-005
   9220.02000000000       6.510239055276481E-005
   9221.02000000000       6.507476220491803E-005
   9222.02000000000       6.504843249965706E-005
   9223.02000000000       6.502373428130631E-005
   9224.02000000000       6.500109312631965E-005
   9225.02000000000       6.498068739137226E-005
   9226.02000000000       6.496297844408075E-005
   9227.02000000000       6.494803004053724E-005
   9227.12000000000       6.494670769880758E-005
   9227.22000000000       6.494537204389043E-005
   9227.32000000000       6.494408963869510E-005
   9227.42000000000       6.494280915340994E-005
   9227.52000000000       6.494161597222608E-005
   9227.62000000000       6.494033101485649E-005
   9227.72000000000       6.493922475786207E-005
   9227.82000000000       6.493792236544573E-005
   9227.92000000000       6.493684468842126E-005
   9228.02000000000       6.493549257935679E-005
   9228.12000000000       6.493467742983391E-005
   9228.22000000000       6.493354871029597E-005
   9228.32000000000       6.493250562449183E-005
   9228.42000000000       6.493140561333844E-005
   9228.52000000000       6.493039278028848E-005
   9228.62000000000       6.492955057408818E-005
   9228.72000000000       6.492856755686145E-005
   9228.82000000000       6.492768450931313E-005
   9228.92000000000       6.492671966894408E-005
   9229.02000000000       6.492599439898386E-005
   9229.12000000000       6.492516165545346E-005
   9229.22000000000       6.492440537545798E-005
   9229.32000000000       6.492350081722542E-005
   9229.42000000000       6.492295040948820E-005
   9229.52000000000       6.492217722176938E-005
   9229.62000000000       6.492161726636126E-005
   9229.72000000000       6.492094946229120E-005
   9229.82000000000       6.492028432954658E-005
   9229.92000000000       6.491981601529686E-005
   9230.02000000000       6.491915678143558E-005
   9230.12000000000       6.491886364093109E-005
   9230.22000000000       6.491824254736994E-005
   9230.32000000000       6.491782719112610E-005
   9230.42000000000       6.491729370843147E-005
   9230.52000000000       6.491704886834473E-005
   9230.62000000000       6.491644934708354E-005
   9230.72000000000       6.491616669080771E-005
   9230.82000000000       6.491580009690247E-005
   9230.92000000000       6.491541987516896E-005
   9231.02000000000       6.491527090795991E-005
   9232.02000000000       6.491361886323322E-005
   9233.02000000000       6.491473425613054E-005
   9234.02000000000       6.491879755789583E-005
   9235.02000000000       6.492509912658166E-005
   9236.02000000000       6.493324724174107E-005
   9237.02000000000       6.494321420539841E-005
   9238.02000000000       6.495449863928869E-005
   9239.02000000000       6.496650900223816E-005
   9241.52000000000       6.499962340683553E-005
   9242.41000000000       6.501212365510381E-005
   9244.02000000000       6.503500239127388E-005
   9246.52000000000       6.507143239050376E-005
   9249.02000000000       6.510822131138351E-005
   9254.02000000000       6.518065655684742E-005
   9259.02000000000       6.525032397196677E-005
   9264.02000000000       6.531596120259117E-005
   9269.02000000000       6.537605690696684E-005
   9274.02000000000       6.543030176962009E-005
   9279.02000000000       6.547849681100953E-005
   9284.02000000000       6.552063188437898E-005
   9289.02000000000       6.555704577790818E-005
   9294.02000000000       6.558772240075062E-005
   9299.02000000000       6.561271681919631E-005
   9304.02000000000       6.563199269269691E-005
   9309.02000000000       6.564528159147868E-005
   9314.02000000000       6.565276781562975E-005
   9319.02000000000       6.565446665386641E-005
   9324.02000000000       6.565024971940218E-005
   9329.02000000000       6.564006478867145E-005
   9341.52000000000       6.559172681086524E-005
   9354.02000000000       6.551162799750376E-005
   9366.52000000000       6.540033632704261E-005
   9372.58000000000       6.533542328054010E-005
   9379.02000000000       6.525752048989706E-005
   9395.98000000000       6.501202331245668E-005
   9408.48000000000       6.479099289985402E-005
   9420.98000000000       6.453276004108668E-005
   9433.48000000000       6.423293352350667E-005
   9445.98000000000       6.388677894523414E-005
   9450.98000000000       6.373404742435043E-005
   9455.98000000000       6.357189861492697E-005
   9460.98000000000       6.340029541475723E-005
   9465.98000000000       6.321916417030859E-005
   9470.98000000000       6.302764549206959E-005
   9475.98000000000       6.282584844870991E-005
   9480.98000000000       6.261351033881226E-005
   9485.98000000000       6.239064727966822E-005
   9490.98000000000       6.215656994528050E-005
   9495.98000000000       6.191124570903394E-005
   9500.98000000000       6.165525306587520E-005
   9502.76000000000       6.156140514197799E-005
   9505.98000000000       6.138758099465470E-005
   9510.98000000000       6.110895531075689E-005
   9515.98000000000       6.081969228745616E-005
   9520.98000000000       6.052041983092728E-005
   9525.98000000000       6.021253502596135E-005
   9528.48000000000       6.005561176983049E-005
   9530.98000000000       5.989678874202957E-005
   9533.48000000000       5.973630848510583E-005
   9535.98000000000       5.957589438443653E-005
   9536.98000000000       5.951226375512689E-005
   9537.98000000000       5.944954430164596E-005
   9538.98000000000       5.938790075856603E-005
   9539.98000000000       5.932825533465936E-005
   9540.98000000000       5.927086034606209E-005
   9541.98000000000       5.921691901979624E-005
   9542.98000000000       5.916693031051718E-005
   9543.98000000000       5.912227845214626E-005
   9544.08000000000       5.911827370219013E-005
   9544.18000000000       5.911435112415526E-005
   9544.28000000000       5.911050829643197E-005
   9544.38000000000       5.910670059150128E-005
   9544.48000000000       5.910333655652721E-005
   9544.58000000000       5.909971305833690E-005
   9544.68000000000       5.909646231220822E-005
   9544.78000000000       5.909327151657264E-005
   9544.88000000000       5.909029565512673E-005
   9544.98000000000       5.908745915740367E-005
   9545.08000000000       5.908486822185597E-005
   9545.18000000000       5.908219871621093E-005
   9545.28000000000       5.907996131120685E-005
   9545.38000000000       5.907787941622662E-005
   9545.48000000000       5.907580830141719E-005
   9545.58000000000       5.907432991634810E-005
   9545.68000000000       5.907265576656521E-005
   9545.78000000000       5.907147798578204E-005
   9545.88000000000       5.907023458358663E-005
   9545.98000000000       5.906946784249834E-005
   9546.08000000000       5.906888549102395E-005
   9546.18000000000       5.906855710805949E-005
   9546.28000000000       5.906818501772451E-005
   9546.38000000000       5.906832337482332E-005
   9546.48000000000       5.906844314361532E-005
   9546.58000000000       5.906880901407750E-005
   9546.68000000000       5.906950522351436E-005
   9546.78000000000       5.907040676179068E-005
   9546.88000000000       5.907137110580430E-005
   9546.98000000000       5.907255392937988E-005
   9547.08000000000       5.907409331476121E-005
   9547.18000000000       5.907532067197384E-005
   9547.28000000000       5.907711702109587E-005
   9547.38000000000       5.907881323831603E-005
   9547.48000000000       5.908078597540263E-005
   9547.58000000000       5.908303286263317E-005
   9547.68000000000       5.908511371206663E-005
   9547.78000000000       5.908764199842909E-005
   9547.88000000000       5.908990638453410E-005
   9547.98000000000       5.909250322690329E-005
   9548.98000000000       5.912214724249541E-005
   9549.98000000000       5.915727366234297E-005
   9550.98000000000       5.919629427016061E-005
   9551.98000000000       5.923856779826735E-005
   9552.98000000000       5.928315823628682E-005
   9553.98000000000       5.932977375875152E-005
   9554.98000000000       5.937741476636422E-005
   9555.98000000000       5.942573648665913E-005
   9558.48000000000       5.954817645908047E-005
   9560.98000000000       5.967065196246432E-005
   9563.48000000000       5.979117361428701E-005
   9565.98000000000       5.990957340908418E-005
   9570.98000000000       6.014001511069085E-005
   9575.98000000000       6.036145966744953E-005
   9580.98000000000       6.057234467534353E-005
   9585.98000000000       6.077231705950274E-005
   9590.98000000000       6.096120784792367E-005
   9595.98000000000       6.113849840242184E-005
   9600.98000000000       6.130494045445572E-005
   9605.98000000000       6.145998481311692E-005
   9610.98000000000       6.160404848846944E-005
   9615.98000000000       6.173766116955745E-005
   9620.98000000000       6.186072396843926E-005
   9625.98000000000       6.197399205908742E-005
   9630.98000000000       6.207732453498475E-005
   9632.93000000000       6.211520829551732E-005
   9635.98000000000       6.217113398873398E-005
   9640.98000000000       6.225563950632128E-005
   9645.98000000000       6.233127946178771E-005
   9658.48000000000       6.248727352121601E-005
   9670.98000000000       6.260017808027277E-005
   9683.48000000000       6.267531733308610E-005
   9695.98000000000       6.271603012712532E-005
   9763.11000000000       6.251503382825899E-005
   9770.98000000000       6.245322692902651E-005
   9824.40000000000       6.183548333268397E-005
   9893.28000000000       6.041717414891254E-005
   9899.40000000000       6.024333906260301E-005
   9911.90000000000       5.984624220243722E-005
   9924.40000000000       5.939556035986627E-005
   9936.90000000000       5.888166473095540E-005
   9949.40000000000       5.828264533181449E-005
   9954.40000000000       5.802825550684040E-005
   9959.40000000000       5.776126602183686E-005
   9964.40000000000       5.748056973514820E-005
   9969.40000000000       5.718614830700891E-005
   9974.40000000000       5.687662453036642E-005
   9979.40000000000       5.655096900380567E-005
   9984.40000000000       5.620779379717176E-005
   9989.40000000000       5.584550097501239E-005
   9994.40000000000       5.546248315978354E-005
   9999.40000000000       5.505998318577091E-005
   10000.0000000000       5.501059505645211E-005
   10004.4000000000       5.463586888001371E-005
   10009.4000000000       5.419085589378748E-005
   10014.4000000000       5.372829122387601E-005
   10019.4000000000       5.324813150258998E-005
   10023.4600000000       5.284293523842458E-005
   10024.4000000000       5.274720005891566E-005
   10029.4000000000       5.222680746343151E-005
   10031.9000000000       5.196107785022131E-005
   10034.4000000000       5.169181390463773E-005
   10036.9000000000       5.142237094221796E-005
   10039.4000000000       5.115982462986291E-005
   10040.4000000000       5.105922712828176E-005
   10041.4000000000       5.096222720508933E-005
   10042.4000000000       5.087046212529940E-005
   10043.4000000000       5.078605075158593E-005
   10044.4000000000       5.071296362985066E-005
   10045.4000000000       5.065652497149325E-005
   10046.4000000000       5.062390038141158E-005
   10047.4000000000       5.062060508786413E-005
   10047.5000000000       5.062174764234995E-005
   10047.6000000000       5.062303534371799E-005
   10047.7000000000       5.062438047737066E-005
   10047.8000000000       5.062625230234575E-005
   10047.9000000000       5.062770303723226E-005
   10048.0000000000       5.062979049866330E-005
   10048.1000000000       5.063132293713189E-005
   10048.2000000000       5.063352069801975E-005
   10048.3000000000       5.063508657228946E-005
   10048.4000000000       5.063716487982190E-005
   10048.5000000000       5.063842679267997E-005
   10048.6000000000       5.064030643334305E-005
   10048.7000000000       5.064147523625971E-005
   10048.8000000000       5.064265553837716E-005
   10048.9000000000       5.064367982958528E-005
   10049.0000000000       5.064419068782559E-005
   10049.1000000000       5.064489074477485E-005
   10049.2000000000       5.064454845811834E-005
   10049.3000000000       5.064475157827809E-005
   10049.4000000000       5.064395099299356E-005
   10049.5000000000       5.064348935992707E-005
   10049.6000000000       5.064190288093162E-005
   10049.7000000000       5.064083277060913E-005
   10049.8000000000       5.063874432901930E-005
   10049.9000000000       5.063700457556185E-005
   10050.0000000000       5.063457922113427E-005
   10050.1000000000       5.063212968451813E-005
   10050.2000000000       5.062971033636118E-005
   10050.3000000000       5.062656271707840E-005
   10050.4000000000       5.062376835292510E-005
   10050.5000000000       5.062043352165005E-005
   10050.6000000000       5.061750833603394E-005
   10050.7000000000       5.061401210205821E-005
   10050.8000000000       5.061110643360272E-005
   10050.9000000000       5.060774677914802E-005
   10051.0000000000       5.060472613322478E-005
   10051.1000000000       5.060163899809756E-005
   10051.2000000000       5.059898331870288E-005
   10051.3000000000       5.059636212346478E-005
   10051.4000000000       5.059383966042625E-005
   10052.4000000000       5.058378571162869E-005
   10053.4000000000       5.060280464564718E-005
   10054.4000000000       5.064583625779777E-005
   10055.4000000000       5.070551604737827E-005
   10056.4000000000       5.077605258723931E-005
   10057.4000000000       5.085405779672726E-005
   10058.4000000000       5.093716706237395E-005
   10059.4000000000       5.102380330039704E-005
   10061.9000000000       5.125091508877212E-005
   10064.4000000000       5.148490981764608E-005
   10066.9000000000       5.171781974993335E-005
   10069.4000000000       5.194672419781859E-005
   10074.4000000000       5.239134388958166E-005
   10079.4000000000       5.281605147929413E-005
   10084.4000000000       5.321861199357248E-005
   10089.4000000000       5.360153974614108E-005
   10094.4000000000       5.396533370687697E-005
   10099.4000000000       5.430832922947683E-005
   10104.4000000000       5.462910960340037E-005
   10109.4000000000       5.492766473308571E-005
   10114.4000000000       5.520496410421263E-005
   10119.4000000000       5.546233200387490E-005
   10124.4000000000       5.570153715949376E-005
   10129.4000000000       5.592379403361902E-005
   10134.4000000000       5.613057451000051E-005
   10139.4000000000       5.632300688413162E-005
   10144.4000000000       5.650216236822639E-005
   10149.4000000000       5.666811638917142E-005
   10153.6300000000       5.679828377906387E-005
   10161.9000000000       5.702734042955672E-005
   10174.4000000000       5.731636156208111E-005
   10186.9000000000       5.754448786935322E-005
   10199.4000000000       5.771679266536420E-005
   10274.4000000000       5.805255059306355E-005
   10283.8100000000       5.803978323856832E-005
   10349.4000000000       5.776081425163139E-005
   10413.9800000000       5.730478849750386E-005
   10544.1600000000       5.611613330736831E-005
   10638.1000000000       5.503728528827703E-005
   10674.3300000000       5.452219235468647E-005
   10713.1000000000       5.386195536013990E-005
   10788.1000000000       5.200681113105773E-005
   10800.6000000000       5.157752939390345E-005
   10804.5100000000       5.143189807852609E-005
   10813.1000000000       5.109154554610328E-005
   10825.6000000000       5.054525734306838E-005
   10838.1000000000       4.993077075923080E-005
   10843.1000000000       4.966414116442142E-005
   10848.1000000000       4.938343697988394E-005
   10853.1000000000       4.908897767233432E-005
   10858.1000000000       4.878011859744019E-005
   10863.1000000000       4.845598037886419E-005
   10868.1000000000       4.811565267838345E-005
   10873.1000000000       4.775841843149312E-005
   10878.1000000000       4.738333588536826E-005
   10883.1000000000       4.698961708849538E-005
   10888.1000000000       4.657590747219537E-005
   10893.1000000000       4.614000003328852E-005
   10898.1000000000       4.567970193092714E-005
   10903.1000000000       4.519266085293833E-005
   10908.1000000000       4.467848726294865E-005
   10913.1000000000       4.413588138111193E-005
   10918.1000000000       4.356243284009417E-005
   10920.6000000000       4.326161455705501E-005
   10923.1000000000       4.294842374025351E-005
   10925.6000000000       4.261904757283100E-005
   10928.1000000000       4.226475517915137E-005
   10929.1000000000       4.211404151930709E-005
   10930.1000000000       4.195649937911407E-005
   10931.1000000000       4.179146369917933E-005
   10932.1000000000       4.161746842463174E-005
   10933.1000000000       4.143182079462879E-005
   10934.1000000000       4.123096710367837E-005
   10934.6800000000       4.110499863381573E-005
   10935.1000000000       4.100863779088262E-005
   10936.1000000000       4.076630178413357E-005
   10936.2000000000       4.074205023602424E-005
   10936.3000000000       4.071812951221991E-005
   10936.4000000000       4.069463627778537E-005
   10936.5000000000       4.067149714129685E-005
   10936.6000000000       4.064917159854963E-005
   10936.7000000000       4.062714371550531E-005
   10936.8000000000       4.060630536745024E-005
   10936.9000000000       4.058602413581246E-005
   10937.0000000000       4.056702056168130E-005
   10937.1000000000       4.054888617600543E-005
   10937.2000000000       4.053227949793707E-005
   10937.3000000000       4.051695337785477E-005
   10937.4000000000       4.050307517294483E-005
   10937.5000000000       4.049077221305604E-005
   10937.6000000000       4.048000054040283E-005
   10937.7000000000       4.047119411045740E-005
   10937.8000000000       4.046391692323662E-005
   10937.9000000000       4.045883137749376E-005
   10938.0000000000       4.045531353134341E-005
   10938.1000000000       4.045396025497534E-005
   10938.2000000000       4.045430689693597E-005
   10938.3000000000       4.045679800402443E-005
   10938.4000000000       4.046090536217369E-005
   10938.5000000000       4.046723660270721E-005
   10938.6000000000       4.047492916692144E-005
   10938.7000000000       4.048457534945575E-005
   10938.8000000000       4.049591424552658E-005
   10938.9000000000       4.050872953443426E-005
   10939.0000000000       4.052322338671379E-005
   10939.1000000000       4.053868883552178E-005
   10939.2000000000       4.055573943630877E-005
   10939.3000000000       4.057380844229152E-005
   10939.4000000000       4.059303896964910E-005
   10939.5000000000       4.061295367198360E-005
   10939.6000000000       4.063383460342038E-005
   10939.7000000000       4.065505054450982E-005
   10939.8000000000       4.067736710012634E-005
   10939.9000000000       4.069970984105903E-005
   10940.0000000000       4.072264418599747E-005
   10940.1000000000       4.074567813575525E-005
   10941.1000000000       4.097746183763972E-005
   10942.1000000000       4.118951608401467E-005
   10943.1000000000       4.137990032908123E-005
   10944.1000000000       4.155489111609659E-005
   10945.1000000000       4.171828926901388E-005
   10946.1000000000       4.187233136235924E-005
   10947.1000000000       4.201885423864232E-005
   10948.1000000000       4.215857145701655E-005
   10950.6000000000       4.248488325218725E-005
   10953.1000000000       4.278575298412303E-005
   10955.6000000000       4.306994180447021E-005
   10958.1000000000       4.334114777866257E-005
   10963.1000000000       4.385406052957375E-005
   10968.1000000000       4.433472289952492E-005
   10973.1000000000       4.478478073837369E-005
   10978.1000000000       4.520631577073802E-005
   10983.1000000000       4.559958333289698E-005
   10988.1000000000       4.596688635962061E-005
   10993.1000000000       4.631066282825160E-005
   10998.1000000000       4.663313226147473E-005
   11003.1000000000       4.693549621681996E-005
   11008.1000000000       4.721883137213884E-005
   11013.1000000000       4.748402422077181E-005
   11018.1000000000       4.773190525280153E-005
   11023.1000000000       4.796353528060269E-005
   11028.1000000000       4.817981114735949E-005
   11033.1000000000       4.838127908497960E-005
   11038.1000000000       4.856798973644376E-005
   11050.6000000000       4.898296540115583E-005
   11063.1000000000       4.932348202147380E-005
   11064.8600000000       4.936633023310245E-005
   11075.6000000000       4.959893445181398E-005
   11088.1000000000       4.981703790029429E-005
   11163.1000000000       5.038569185925280E-005
   11195.0300000000       5.039297026663235E-005
   11238.1000000000       5.028484254313001E-005
   11325.2100000000       4.985607781637609E-005
   11455.3800000000       4.901523265150582E-005
   11585.5500000000       4.811227024620548E-005
   11715.7300000000       4.720349246396985E-005
   11845.9000000000       4.625468619070172E-005
   11976.0800000000       4.537414457079201E-005
   12000.0000000000       4.520993421942908E-005
   12106.2500000000       4.448374092283781E-005
   12236.4300000000       4.359190646738636E-005
   12366.6000000000       4.266496443312649E-005
   12496.7800000000       4.160024395824091E-005
   12518.1000000000       4.139400280000892E-005
   12593.1000000000       4.051246109204677E-005
   12626.9500000000       3.998238807981439E-005
   12668.1000000000       3.914721250694169E-005
   12680.6000000000       3.883686393632932E-005
   12693.1000000000       3.849102239338919E-005
   12705.6000000000       3.810491647504230E-005
   12718.1000000000       3.767313363336853E-005
   12723.1000000000       3.748570910014083E-005
   12728.1000000000       3.728862423627004E-005
   12733.1000000000       3.708170853061223E-005
   12738.1000000000       3.686450092822803E-005
   12743.1000000000       3.663600892105689E-005
   12748.1000000000       3.639581341029658E-005
   12753.1000000000       3.614346755867861E-005
   12757.1300000000       3.593045745964414E-005
   12758.1000000000       3.587776655745411E-005
   12763.1000000000       3.559672962617009E-005
   12768.1000000000       3.530041332321604E-005
   12773.1000000000       3.498621369698082E-005
   12778.1000000000       3.465182478939901E-005
   12783.1000000000       3.429443099143203E-005
   12788.1000000000       3.391033463793295E-005
   12793.1000000000       3.349287852815405E-005
   12798.1000000000       3.303005611413652E-005
   12800.6000000000       3.277260340662236E-005
   12803.1000000000       3.248808273286454E-005
   12805.6000000000       3.216974183134955E-005
   12808.1000000000       3.180682872866692E-005
   12809.1000000000       3.164379622630965E-005
   12810.1000000000       3.146625292526427E-005
   12811.1000000000       3.127162102055054E-005
   12812.1000000000       3.105846237007627E-005
   12813.1000000000       3.082844316609154E-005
   12814.1000000000       3.059740059761415E-005
   12815.1000000000       3.041441887578770E-005
   12816.1000000000       3.035477032695751E-005
   12816.2000000000       3.035725553167082E-005
   12816.3000000000       3.036112199495206E-005
   12816.4000000000       3.036609961702183E-005
   12816.5000000000       3.037249596416722E-005
   12816.6000000000       3.037965368680649E-005
   12816.7000000000       3.038771394997163E-005
   12816.8000000000       3.039641729339484E-005
   12816.9000000000       3.040579124023859E-005
   12817.0000000000       3.041504232594430E-005
   12817.1000000000       3.042470385126527E-005
   12817.2000000000       3.043398579173966E-005
   12817.3000000000       3.044320667002295E-005
   12817.4000000000       3.045162478887605E-005
   12817.5000000000       3.045933520434200E-005
   12817.6000000000       3.046626316316320E-005
   12817.7000000000       3.047184177484506E-005
   12817.8000000000       3.047658245189066E-005
   12817.9000000000       3.047972907814079E-005
   12818.0000000000       3.048161474230534E-005
   12818.1000000000       3.048189694138785E-005
   12818.2000000000       3.048100383167356E-005
   12818.3000000000       3.047844881695362E-005
   12818.4000000000       3.047456192567745E-005
   12818.5000000000       3.046930727476240E-005
   12818.6000000000       3.046286453004550E-005
   12818.7000000000       3.045541758874577E-005
   12818.8000000000       3.044694183029159E-005
   12818.9000000000       3.043772990026945E-005
   12819.0000000000       3.042787099132711E-005
   12819.1000000000       3.041793967904060E-005
   12819.2000000000       3.040781076488505E-005
   12819.3000000000       3.039760939672953E-005
   12819.4000000000       3.038777095122148E-005
   12819.5000000000       3.037836739607296E-005
   12819.6000000000       3.036944907832213E-005
   12819.7000000000       3.036178263266911E-005
   12819.8000000000       3.035478610753859E-005
   12819.9000000000       3.034904411327758E-005
   12820.0000000000       3.034450670061563E-005
   12820.1000000000       3.034123159797619E-005
   12821.1000000000       3.039381533953680E-005
   12822.1000000000       3.056983574371222E-005
   12823.1000000000       3.079361981602827E-005
   12824.1000000000       3.101620524169291E-005
   12825.1000000000       3.122187660151117E-005
   12826.1000000000       3.140891861436686E-005
   12827.1000000000       3.157883445568266E-005
   12828.1000000000       3.173423825269968E-005
   12830.6000000000       3.207764423540947E-005
   12833.1000000000       3.237643241311329E-005
   12835.6000000000       3.264086323327530E-005
   12838.1000000000       3.287810028075224E-005
   12843.1000000000       3.329967077357950E-005
   12848.1000000000       3.367488010390682E-005
   12853.1000000000       3.401565062316113E-005
   12858.1000000000       3.432902037961843E-005
   12863.1000000000       3.461832503142467E-005
   12868.1000000000       3.488679296765252E-005
   12873.1000000000       3.513662091837784E-005
   12878.1000000000       3.536944572988497E-005
   12883.1000000000       3.558730721372216E-005
   12887.3000000000       3.575954339191096E-005
   12888.1000000000       3.579108061547060E-005
   12893.1000000000       3.598117945657079E-005
   12898.1000000000       3.615937468319236E-005
   12903.1000000000       3.632572873454533E-005
   12908.1000000000       3.648082659147203E-005
   12913.1000000000       3.662566449214105E-005
   12918.1000000000       3.675985348436251E-005
   12930.6000000000       3.705749440375239E-005
   12943.1000000000       3.730633073608280E-005
   12955.6000000000       3.751248214893260E-005
   12968.1000000000       3.768100922840450E-005
   13017.4800000000       3.808397696407237E-005
   13043.1000000000       3.817407320401352E-005
   13118.1000000000       3.817370937637152E-005
   13147.6500000000       3.811033697216355E-005
   13277.8300000000       3.764820132408590E-005
   13408.0000000000       3.707228915211997E-005
   13538.1800000000       3.646873533400694E-005
   13668.3500000000       3.586360173969194E-005
   13798.5300000000       3.526663161421047E-005
   13928.7000000000       3.469396019418212E-005
   14000.0000000000       3.437577285574459E-005
   14058.8800000000       3.411632858480549E-005
   14189.0500000000       3.355310695245220E-005
   14319.2200000000       3.300367569042789E-005
   14449.4000000000       3.246743384704313E-005
   14579.5700000000       3.194450079211197E-005
   14746.9400000000       3.129908134539013E-005
   14914.3100000000       3.066385105675912E-005
   15081.6800000000       3.004789254266636E-005
   15249.0400000000       2.945008234378621E-005
   15416.4100000000       2.886972818607259E-005
   15580.5000000000       2.831820655605120E-005
   15583.7800000000       2.830723487886793E-005
   15655.5000000000       2.807145724337017E-005
   15730.5000000000       2.782804027126301E-005
   15743.0000000000       2.778782676228266E-005
   15751.1500000000       2.776157590049225E-005
   15755.5000000000       2.774759235216627E-005
   15768.0000000000       2.770746264614518E-005
   15780.5000000000       2.766749259400885E-005
   15785.5000000000       2.765142786371795E-005
   15790.5000000000       2.763552914797352E-005
   15795.5000000000       2.761970780836433E-005
   15800.5000000000       2.760369165026022E-005
   15805.5000000000       2.758767670310911E-005
   15810.5000000000       2.757153679493071E-005
   15815.5000000000       2.755561019602754E-005
   15820.5000000000       2.753980331259437E-005
   15825.5000000000       2.752386008182178E-005
   15830.5000000000       2.750805187628609E-005
   15835.5000000000       2.749213293188508E-005
   15840.5000000000       2.747638760733701E-005
   15845.5000000000       2.746053562793025E-005
   15850.5000000000       2.744484730255980E-005
   15855.5000000000       2.742897397896641E-005
   15860.5000000000       2.741334047371068E-005
   15863.0000000000       2.740549960752014E-005
   15865.5000000000       2.739757860696871E-005
   15868.0000000000       2.738972787780497E-005
   15870.5000000000       2.738189874519952E-005
   15871.5000000000       2.737878683945514E-005
   15872.5000000000       2.737562809565721E-005
   15873.5000000000       2.737245446037980E-005
   15874.5000000000       2.736931330412110E-005
   15875.5000000000       2.736621209333736E-005
   15876.5000000000       2.736302815641606E-005
   15877.5000000000       2.736000810778879E-005
   15878.5000000000       2.735686694890992E-005
   15878.6000000000       2.735655970413520E-005
   15878.7000000000       2.735616662283372E-005
   15878.8000000000       2.735596478501707E-005
   15878.9000000000       2.735567404409713E-005
   15879.0000000000       2.735527574958868E-005
   15879.1000000000       2.735492454690482E-005
   15879.2000000000       2.735465175088029E-005
   15879.3000000000       2.735433092884577E-005
   15879.4000000000       2.735402463485768E-005
   15879.5000000000       2.735375625545433E-005
   15879.6000000000       2.735341007236930E-005
   15879.7000000000       2.735299834393465E-005
   15879.8000000000       2.735272958052081E-005
   15879.9000000000       2.735250817673048E-005
   15880.0000000000       2.735209738823876E-005
   15880.1000000000       2.735182387109162E-005
   15880.2000000000       2.735148817146492E-005
   15880.3000000000       2.735121959080543E-005
   15880.4000000000       2.735087644624299E-005
   15880.5000000000       2.735058320868239E-005
   15880.6000000000       2.735031535945270E-005
   15880.7000000000       2.734984062894799E-005
   15880.8000000000       2.734953097459393E-005
   15880.9000000000       2.734942524555420E-005
   15881.0000000000       2.734907194498805E-005
   15881.1000000000       2.734868355332261E-005
   15881.2000000000       2.734839231142164E-005
   15881.3000000000       2.734816825224568E-005
   15881.4000000000       2.734778223521091E-005
   15881.5000000000       2.734743504028009E-005
   15881.6000000000       2.734717563131891E-005
   15881.7000000000       2.734674687997544E-005
   15881.8000000000       2.734654286115129E-005
   15881.9000000000       2.734627384093961E-005
   15882.0000000000       2.734597305653177E-005
   15882.1000000000       2.734549354622547E-005
   15882.2000000000       2.734521918220743E-005
   15882.3000000000       2.734487728066608E-005
   15882.4000000000       2.734461496750087E-005
   15882.5000000000       2.734434982882705E-005
   15883.5000000000       2.734116259670216E-005
   15884.5000000000       2.733801638581662E-005
   15885.5000000000       2.733503759404040E-005
   15886.5000000000       2.733188434805356E-005
   15887.5000000000       2.732873677580251E-005
   15888.5000000000       2.732563964709334E-005
   15889.5000000000       2.732248213288760E-005
   15890.5000000000       2.731929930678851E-005
   15893.0000000000       2.731142708796248E-005
   15895.5000000000       2.730366538868691E-005
   15898.0000000000       2.729592400530044E-005
   15900.5000000000       2.728816862901108E-005
   15905.5000000000       2.727254281540478E-005
   15910.5000000000       2.725709242018466E-005
   15915.5000000000       2.724147701563892E-005
   15918.5100000000       2.723222879664845E-005
   15920.5000000000       2.722605285844048E-005
   15925.5000000000       2.721051059203780E-005
   15930.5000000000       2.719509540523803E-005
   15935.5000000000       2.717968145754991E-005
   15940.5000000000       2.716420514366732E-005
   15945.5000000000       2.714884290909575E-005
   15950.5000000000       2.713335619604678E-005
   15955.5000000000       2.711786456005604E-005
   15960.5000000000       2.710251108909601E-005
   15965.5000000000       2.708719218686717E-005
   15970.5000000000       2.707174737339227E-005
   15975.5000000000       2.705645007256709E-005
   15980.5000000000       2.704102602587532E-005
   15993.0000000000       2.700265918330313E-005
   15996.8000000000       2.699107806806013E-005
   16000.0000000000       2.698118742365301E-005
   16009.3000000000       2.695281785299954E-005
   16014.3000000000       2.693739718559092E-005
   16019.3000000000       2.692213458179900E-005
   16024.3000000000       2.690682865789898E-005
   16029.3000000000       2.689167342823965E-005
   16034.3000000000       2.687636436273382E-005
   16039.3000000000       2.686117640760743E-005
   16044.3000000000       2.684586354307573E-005
   16049.3000000000       2.683079282092666E-005
   16054.3000000000       2.681548642190795E-005
   16059.3000000000       2.680032398533391E-005
   16064.3000000000       2.678507440690830E-005
   16069.3000000000       2.676983920201505E-005
   16074.3000000000       2.675489460234348E-005
   16079.3000000000       2.673973652454614E-005
   16084.3000000000       2.672469833891263E-005
   16085.8800000000       2.671995256563710E-005
   16089.3000000000       2.670968261493927E-005
   16091.8000000000       2.670219580123786E-005
   16094.3000000000       2.669469300784133E-005
   16096.8000000000       2.668705761477847E-005
   16099.3000000000       2.667960739089410E-005
   16100.3000000000       2.667675541452228E-005
   16101.3000000000       2.667369690690036E-005
   16102.3000000000       2.667070962024910E-005
   16103.3000000000       2.666770387519843E-005
   16104.3000000000       2.666470516696647E-005
   16105.3000000000       2.666184435432855E-005
   16106.3000000000       2.665879986799171E-005
   16107.3000000000       2.665576271595399E-005
   16107.4000000000       2.665532161251181E-005
   16107.5000000000       2.665502671352223E-005
   16107.6000000000       2.665475635345922E-005
   16107.7000000000       2.665448489011563E-005
   16107.8000000000       2.665414958219284E-005
   16107.9000000000       2.665387173166866E-005
   16108.0000000000       2.665361898577858E-005
   16108.1000000000       2.665331294636706E-005
   16108.2000000000       2.665295815752908E-005
   16108.3000000000       2.665259221935976E-005
   16108.4000000000       2.665242298469056E-005
   16108.5000000000       2.665215172120886E-005
   16108.6000000000       2.665167857172794E-005
   16108.7000000000       2.665141041759704E-005
   16108.8000000000       2.665125634054970E-005
   16108.9000000000       2.665083673209476E-005
   16109.0000000000       2.665052132152496E-005
   16109.1000000000       2.665009303465799E-005
   16109.2000000000       2.664997413379362E-005
   16109.3000000000       2.664966867632208E-005
   16109.4000000000       2.664922737440108E-005
   16109.5000000000       2.664906147817002E-005
   16109.6000000000       2.664869439603218E-005
   16109.7000000000       2.664855424011217E-005
   16109.8000000000       2.664813132017557E-005
   16109.9000000000       2.664786775037312E-005
   16110.0000000000       2.664753578317191E-005
   16110.1000000000       2.664726706179493E-005
   16110.2000000000       2.664700143930990E-005
   16110.3000000000       2.664671906680586E-005
   16110.4000000000       2.664633130251612E-005
   16110.5000000000       2.664616973893030E-005
   16110.6000000000       2.664578770257763E-005
   16110.7000000000       2.664556009949273E-005
   16110.8000000000       2.664517989093156E-005
   16110.9000000000       2.664506329134875E-005
   16111.0000000000       2.664463150732811E-005
   16111.1000000000       2.664436039720548E-005
   16111.2000000000       2.664407243841952E-005
   16111.3000000000       2.664375899709742E-005
   16112.3000000000       2.664082669515680E-005
   16113.3000000000       2.663800096637390E-005
   16114.3000000000       2.663499091277828E-005
   16115.3000000000       2.663187766708942E-005
   16116.3000000000       2.662900425800663E-005
   16117.3000000000       2.662600757684575E-005
   16118.3000000000       2.662305820038187E-005
   16119.3000000000       2.662003817722563E-005
   16121.8000000000       2.661264250391396E-005
   16124.3000000000       2.660523866086212E-005
   16126.8000000000       2.659786113842685E-005
   16129.3000000000       2.659038896824278E-005
   16134.3000000000       2.657559503158595E-005
   16139.3000000000       2.656087215789891E-005
   16144.3000000000       2.654624047925008E-005
   16149.3000000000       2.653139277736843E-005
   16154.3000000000       2.651674238152342E-005
   16159.3000000000       2.650198387366823E-005
   16164.3000000000       2.648735850250087E-005
   16169.3000000000       2.647261244844554E-005
   16174.3000000000       2.645816109080082E-005
   16179.3000000000       2.644339090894701E-005
   16184.3000000000       2.642878908186083E-005
   16189.3000000000       2.641419494279752E-005
   16194.3000000000       2.639945490532864E-005
   16199.3000000000       2.638479750697827E-005
   16204.3000000000       2.637008439995309E-005
   16209.3000000000       2.635542906430027E-005
   16221.8000000000       2.631881599713463E-005
   16234.3000000000       2.628191348486419E-005
   16246.8000000000       2.624503358589731E-005
   16253.2500000000       2.622592794253960E-005
   16269.7000000000       2.617678510160438E-005
   16282.2000000000       2.613904576897826E-005
   16294.7000000000       2.610103750260063E-005
   16307.2000000000       2.606241677266358E-005
   16312.2000000000       2.604668444892519E-005
   16317.2000000000       2.603091574680152E-005
   16322.2000000000       2.601496001093879E-005
   16327.2000000000       2.599887161225190E-005
   16332.2000000000       2.598246670845996E-005
   16337.2000000000       2.596605894554731E-005
   16342.2000000000       2.594916189007995E-005
   16347.2000000000       2.593225922180057E-005
   16352.2000000000       2.591491809002507E-005
   16357.2000000000       2.589645254799575E-005
   16362.2000000000       2.587317058472447E-005
   16367.2000000000       2.585405289068186E-005
   16372.2000000000       2.583506313113961E-005
   16377.2000000000       2.581574701340504E-005
   16382.2000000000       2.579601148111173E-005
   16387.2000000000       2.577596919668716E-005
   16389.7000000000       2.576601839301352E-005
   16392.2000000000       2.575586771258876E-005
   16394.7000000000       2.574607418326434E-005
   16397.2000000000       2.573637703281785E-005
   16398.2000000000       2.573270544181288E-005
   16399.2000000000       2.572896985731021E-005
   16400.2000000000       2.572531586624703E-005
   16401.2000000000       2.572188601564220E-005
   16402.2000000000       2.571849701122279E-005
   16403.2000000000       2.571525224050063E-005
   16404.2000000000       2.571196333812473E-005
   16405.2000000000       2.570870303121418E-005
   16405.3000000000       2.570840822296997E-005
   16405.4000000000       2.570808019337342E-005
   16405.5000000000       2.570779541339308E-005
   16405.6000000000       2.570743749442718E-005
   16405.7000000000       2.570713331848266E-005
   16405.8000000000       2.570684262573819E-005
   16405.9000000000       2.570650019477373E-005
   16406.0000000000       2.570620389869562E-005
   16406.1000000000       2.570591711442403E-005
   16406.2000000000       2.570556949253852E-005
   16406.3000000000       2.570528340863998E-005
   16406.4000000000       2.570500732817644E-005
   16406.5000000000       2.570454273111192E-005
   16406.6000000000       2.570422684712337E-005
   16406.7000000000       2.570410968152258E-005
   16406.8000000000       2.570369659824445E-005
   16406.9000000000       2.570336959282002E-005
   16407.0000000000       2.570320703758063E-005
   16407.1000000000       2.570282832838697E-005
   16407.2000000000       2.570252044982626E-005
   16407.3000000000       2.570226678220141E-005
   16407.4000000000       2.570203178399758E-005
   16407.5000000000       2.570172509150951E-005
   16407.6000000000       2.570156890200268E-005
   16407.7000000000       2.570128050948637E-005
   16407.8000000000       2.570088199824070E-005
   16407.9000000000       2.570063258340441E-005
   16408.0000000000       2.570037100728264E-005
   16408.1000000000       2.570021087766964E-005
   16408.2000000000       2.569995393718997E-005
   16408.3000000000       2.569969654811224E-005
   16408.4000000000       2.569948477943386E-005
   16408.5000000000       2.569924344336996E-005
   16408.6000000000       2.569899325162155E-005
   16408.7000000000       2.569881058964752E-005
   16408.8000000000       2.569856820412604E-005
   16408.9000000000       2.569818006346640E-005
   16409.0000000000       2.569797208943808E-005
   16409.1000000000       2.569776499648825E-005
   16409.2000000000       2.569754156472734E-005
   16410.2000000000       2.569511614093527E-005
   16411.2000000000       2.569278052011244E-005
   16412.2000000000       2.569055534671715E-005
   16413.2000000000       2.568821255792417E-005
   16414.2000000000       2.568611416633875E-005
   16415.2000000000       2.568416042340554E-005
   16416.2000000000       2.568222781954079E-005
   16417.2000000000       2.568038792504761E-005
   16419.7000000000       2.567586949269074E-005
   16420.6200000000       2.567444452309149E-005
   16422.2000000000       2.567176571847103E-005
   16424.7000000000       2.566764265279330E-005
   16427.2000000000       2.566376331861604E-005
   16432.2000000000       2.565572673001518E-005
   16437.2000000000       2.564721009702815E-005
   16442.2000000000       2.563853162151534E-005
   16447.2000000000       2.562909185645927E-005
   16452.2000000000       2.561949183743887E-005
   16457.2000000000       2.560931439879353E-005
   16462.2000000000       2.559880644134279E-005
   16467.2000000000       2.558816235488900E-005
   16472.2000000000       2.557703510177431E-005
   16477.2000000000       2.556561168590097E-005
   16482.2000000000       2.555390496837825E-005
   16487.2000000000       2.554204399757862E-005
   16492.2000000000       2.552992002778279E-005
   16497.2000000000       2.551765864442367E-005
   16502.2000000000       2.550524866631975E-005
   16507.2000000000       2.549262887141011E-005
   16519.7000000000       2.546060902077368E-005
   16532.2000000000       2.542794784626989E-005
   16544.7000000000       2.539470995588961E-005
   16557.2000000000       2.536108469773881E-005
   16587.9900000000       2.527654953110097E-005
   16656.5000000000       2.507914034443520E-005
   16669.0000000000       2.504116530283981E-005
   16681.5000000000       2.500195863602685E-005
   16694.0000000000       2.496143413008238E-005
   16706.5000000000       2.491925242060392E-005
   16711.5000000000       2.490207393343303E-005
   16716.5000000000       2.488428512271239E-005
   16721.5000000000       2.486611202760666E-005
   16726.5000000000       2.484756838145891E-005
   16731.5000000000       2.482851897150208E-005
   16736.5000000000       2.480901966854605E-005
   16741.5000000000       2.478882119907392E-005
   16746.5000000000       2.476784304035059E-005
   16751.5000000000       2.474641388127917E-005
   16755.3500000000       2.472925987559601E-005
   16756.5000000000       2.472407800836162E-005
   16761.5000000000       2.470092964222966E-005
   16766.5000000000       2.467705158089482E-005
   16771.5000000000       2.465218048765979E-005
   16776.5000000000       2.462641385118256E-005
   16781.5000000000       2.459978128289900E-005
   16786.5000000000       2.457242846533330E-005
   16789.0000000000       2.455855043817804E-005
   16791.5000000000       2.454471682138418E-005
   16794.0000000000       2.453110374542073E-005
   16796.5000000000       2.451803429609030E-005
   16797.5000000000       2.451302388755876E-005
   16798.5000000000       2.450810835011626E-005
   16799.5000000000       2.450344920397248E-005
   16800.5000000000       2.449898399715002E-005
   16801.5000000000       2.449480169138209E-005
   16802.5000000000       2.449082579097800E-005
   16803.5000000000       2.448701642071510E-005
   16804.5000000000       2.448313555515099E-005
   16804.6000000000       2.448274613580843E-005
   16804.7000000000       2.448250625182398E-005
   16804.8000000000       2.448215401583565E-005
   16804.9000000000       2.448177066036697E-005
   16805.0000000000       2.448125691775582E-005
   16805.1000000000       2.448083008485546E-005
   16805.2000000000       2.448051875717319E-005
   16805.3000000000       2.448004394213900E-005
   16805.4000000000       2.447975350047238E-005
   16805.5000000000       2.447931197982097E-005
   16805.6000000000       2.447902035687549E-005
   16805.7000000000       2.447863884483132E-005
   16805.8000000000       2.447828972229679E-005
   16805.9000000000       2.447796964550176E-005
   16806.0000000000       2.447762429345654E-005
   16806.1000000000       2.447734468657618E-005
   16806.2000000000       2.447699960917906E-005
   16806.3000000000       2.447681063660137E-005
   16806.4000000000       2.447631279693354E-005
   16806.5000000000       2.447606561222211E-005
   16806.6000000000       2.447590609749933E-005
   16806.7000000000       2.447559795127853E-005
   16806.8000000000       2.447535344839794E-005
   16806.9000000000       2.447520536445407E-005
   16807.0000000000       2.447499740503208E-005
   16807.1000000000       2.447470637778410E-005
   16807.2000000000       2.447467426155584E-005
   16807.3000000000       2.447451649993635E-005
   16807.4000000000       2.447440194954584E-005
   16807.5000000000       2.447406436304611E-005
   16807.6000000000       2.447400579540695E-005
   16807.7000000000       2.447396970958405E-005
   16807.8000000000       2.447374633983568E-005
   16807.9000000000       2.447359430714592E-005
   16808.0000000000       2.447353717062598E-005
   16808.1000000000       2.447337665565478E-005
   16808.2000000000       2.447313410939135E-005
   16808.3000000000       2.447301558758665E-005
   16808.4000000000       2.447303806290994E-005
   16808.5000000000       2.447278589296214E-005
   16809.5000000000       2.447144838841885E-005
   16810.5000000000       2.447008163750613E-005
   16811.5000000000       2.446879906275526E-005
   16812.5000000000       2.446772265546901E-005
   16813.5000000000       2.446706566666593E-005
   16814.5000000000       2.446661391572404E-005
   16815.5000000000       2.446626496804508E-005
   16816.5000000000       2.446601745212474E-005
   16819.0000000000       2.446618829869854E-005
   16821.5000000000       2.446676975069353E-005
   16824.0000000000       2.446762351900434E-005
   16826.5000000000       2.446822984558249E-005
   16831.5000000000       2.446943932784316E-005
   16836.5000000000       2.447006903350270E-005
   16841.5000000000       2.446953646537893E-005
   16846.5000000000       2.446813504209250E-005
   16851.5000000000       2.446569701851619E-005
   16856.5000000000       2.446239652896398E-005
   16861.5000000000       2.445829539218244E-005
   16866.5000000000       2.445356331722823E-005
   16871.5000000000       2.444797010799634E-005
   16876.5000000000       2.444176769661868E-005
   16881.5000000000       2.443492605236126E-005
   16886.5000000000       2.442739944436393E-005
   16891.5000000000       2.441959089763699E-005
   16896.5000000000       2.441113037839685E-005
   16901.5000000000       2.440239276192682E-005
   16906.5000000000       2.439308946443725E-005
   16919.0000000000       2.436885286427463E-005
   16922.7200000000       2.436141899404462E-005
   16931.5000000000       2.434291787700941E-005
   16944.0000000000       2.431562813108925E-005
   16956.5000000000       2.428724206050768E-005
   17031.5000000000       2.410315722500139E-005
   17090.0900000000       2.395057631262405E-005
   17137.1000000000       2.382443002673973E-005
   17212.1000000000       2.359979990757799E-005
   17224.6000000000       2.356370565599394E-005
   17237.1000000000       2.352742413958464E-005
   17249.6000000000       2.349095523350020E-005
   17257.4600000000       2.346777122437310E-005
   17262.1000000000       2.345401798251951E-005
   17267.1000000000       2.343932055118868E-005
   17272.1000000000       2.342443874451428E-005
   17277.1000000000       2.340969200724764E-005
   17282.1000000000       2.339480894658782E-005
   17287.1000000000       2.337993542701347E-005
   17292.1000000000       2.336497175209767E-005
   17297.1000000000       2.334993941559572E-005
   17302.1000000000       2.333500774827590E-005
   17307.1000000000       2.332015982847796E-005
   17312.1000000000       2.330513927242103E-005
   17317.1000000000       2.329017659447387E-005
   17322.1000000000       2.327543050902065E-005
   17327.1000000000       2.326068452178546E-005
   17332.1000000000       2.324632554159701E-005
   17337.1000000000       2.323216284364004E-005
   17342.1000000000       2.321820468706623E-005
   17344.6000000000       2.321131783581011E-005
   17347.1000000000       2.320468884091454E-005
   17349.6000000000       2.319814110639656E-005
   17352.1000000000       2.319165832713066E-005
   17353.1000000000       2.318923027905010E-005
   17354.1000000000       2.318667060889344E-005
   17355.1000000000       2.318416659108026E-005
   17356.1000000000       2.318163373622288E-005
   17357.1000000000       2.317929807022623E-005
   17358.1000000000       2.317681595608927E-005
   17359.1000000000       2.317445111295389E-005
   17360.1000000000       2.317186274612033E-005
   17360.2000000000       2.317160033840467E-005
   17360.3000000000       2.317130246002391E-005
   17360.4000000000       2.317111873149179E-005
   17360.5000000000       2.317071211249941E-005
   17360.6000000000       2.317058146579475E-005
   17360.7000000000       2.317030512340003E-005
   17360.8000000000       2.316991548559362E-005
   17360.9000000000       2.316976034911103E-005
   17361.0000000000       2.316936645349808E-005
   17361.1000000000       2.316923255915462E-005
   17361.2000000000       2.316885399586440E-005
   17361.3000000000       2.316855876308346E-005
   17361.4000000000       2.316848308951598E-005
   17361.5000000000       2.316809328668616E-005
   17361.6000000000       2.316783034161934E-005
   17361.7000000000       2.316758909108572E-005
   17361.8000000000       2.316734926180928E-005
   17361.9000000000       2.316709326624313E-005
   17362.0000000000       2.316684825449294E-005
   17362.1000000000       2.316664739651071E-005
   17362.2000000000       2.316638760162399E-005
   17362.3000000000       2.316622811774175E-005
   17362.4000000000       2.316597250484507E-005
   17362.5000000000       2.316577298433262E-005
   17362.6000000000       2.316544947615336E-005
   17362.7000000000       2.316525347513713E-005
   17362.8000000000       2.316504024589852E-005
   17362.9000000000       2.316483372105930E-005
   17363.0000000000       2.316467477159364E-005
   17363.1000000000       2.316449470029380E-005
   17363.2000000000       2.316429425439817E-005
   17363.3000000000       2.316407941925001E-005
   17363.4000000000       2.316390076109595E-005
   17363.5000000000       2.316369888236954E-005
   17363.6000000000       2.316340611252133E-005
   17363.7000000000       2.316335711475878E-005
   17363.8000000000       2.316317118653466E-005
   17363.9000000000       2.316281668289075E-005
   17364.0000000000       2.316261192026431E-005
   17364.1000000000       2.316259166604101E-005
   17365.1000000000       2.316042038548166E-005
   17366.1000000000       2.315814464929625E-005
   17367.1000000000       2.315581630316823E-005
   17368.1000000000       2.315351714010760E-005
   17369.1000000000       2.315138334930200E-005
   17370.1000000000       2.314913974836199E-005
   17371.1000000000       2.314692245267187E-005
   17372.1000000000       2.314486194432501E-005
   17374.6000000000       2.313951524307648E-005
   17377.1000000000       2.313418844201201E-005
   17379.6000000000       2.312911638024391E-005
   17382.1000000000       2.312421936906533E-005
   17387.1000000000       2.311459515763677E-005
   17392.1000000000       2.310549653784637E-005
   17397.1000000000       2.309632875987453E-005
   17402.1000000000       2.308739502297222E-005
   17407.1000000000       2.307869327149751E-005
   17412.1000000000       2.307015052182952E-005
   17417.1000000000       2.306152998665395E-005
   17422.1000000000       2.305299602057797E-005
   17424.8200000000       2.304809878067762E-005
   17427.1000000000       2.304424654781795E-005
   17432.1000000000       2.303558312720810E-005
   17437.1000000000       2.302693015141925E-005
   17442.1000000000       2.301809952991910E-005
   17447.1000000000       2.300930132040892E-005
   17452.1000000000       2.300038109871714E-005
   17457.1000000000       2.299155995041195E-005
   17462.1000000000       2.298248481458369E-005
   17474.6000000000       2.296000452881771E-005
   17487.1000000000       2.293716018806542E-005
   17499.6000000000       2.291402349615590E-005
   17512.1000000000       2.289028826784069E-005
   17587.1000000000       2.274165375729399E-005
   17592.1900000000       2.273097945754353E-005
   17662.1000000000       2.258133496664241E-005
   17759.5600000000       2.233542848980489E-005
   17874.1000000000       2.203965143836398E-005
   17926.9300000000       2.189090743572974E-005
   17949.1000000000       2.182579545953987E-005
   18000.0000000000       2.166971038826812E-005
   18024.1000000000       2.159210839399133E-005
   18036.6000000000       2.155083403337678E-005
   18049.1000000000       2.150879420223666E-005
   18061.6000000000       2.146628338021547E-005
   18074.1000000000       2.142276454076562E-005
   18079.1000000000       2.140533436847149E-005
   18084.1000000000       2.138774285300076E-005
   18089.1000000000       2.136982164428003E-005
   18094.1000000000       2.135199022209202E-005
   18094.2900000000       2.135129082585870E-005
   18099.1000000000       2.133399519749099E-005
   18104.1000000000       2.131596443172672E-005
   18109.1000000000       2.129762740437646E-005
   18114.1000000000       2.127933747099929E-005
   18119.1000000000       2.126092651038745E-005
   18124.1000000000       2.124250663803972E-005
   18129.1000000000       2.122402270436237E-005
   18134.1000000000       2.120558945540880E-005
   18139.1000000000       2.118727885818049E-005
   18144.1000000000       2.116895170038059E-005
   18149.1000000000       2.115108291461420E-005
   18154.1000000000       2.113364664802517E-005
   18156.6000000000       2.112521706636735E-005
   18159.1000000000       2.111693953589464E-005
   18161.6000000000       2.110892736500799E-005
   18164.1000000000       2.110123042969585E-005
   18165.1000000000       2.109806885226713E-005
   18166.1000000000       2.109505173127649E-005
   18167.1000000000       2.109201138913688E-005
   18168.1000000000       2.108909011431748E-005
   18169.1000000000       2.108622742754551E-005
   18170.1000000000       2.108327841544331E-005
   18171.1000000000       2.108037593074370E-005
   18172.1000000000       2.107724593854956E-005
   18172.2000000000       2.107695113357995E-005
   18172.3000000000       2.107660939477443E-005
   18172.4000000000       2.107630685923692E-005
   18172.5000000000       2.107597068143948E-005
   18172.6000000000       2.107566867577922E-005
   18172.7000000000       2.107515638432398E-005
   18172.8000000000       2.107497913437120E-005
   18172.9000000000       2.107446231876651E-005
   18173.0000000000       2.107419934627314E-005
   18173.1000000000       2.107385654137800E-005
   18173.2000000000       2.107354734666733E-005
   18173.3000000000       2.107325779475753E-005
   18173.4000000000       2.107314835350079E-005
   18173.5000000000       2.107266954095135E-005
   18173.6000000000       2.107235783920839E-005
   18173.7000000000       2.107211152914735E-005
   18173.8000000000       2.107181967703497E-005
   18173.9000000000       2.107164019660130E-005
   18174.0000000000       2.107134881324874E-005
   18174.1000000000       2.107120966069405E-005
   18174.2000000000       2.107078086139584E-005
   18174.3000000000       2.107079908559671E-005
   18174.4000000000       2.107054466479130E-005
   18174.5000000000       2.107044138701177E-005
   18174.6000000000       2.107024078893670E-005
   18174.7000000000       2.107008977605043E-005
   18174.8000000000       2.106997681505689E-005
   18174.9000000000       2.106969102623580E-005
   18175.0000000000       2.106972532853337E-005
   18175.1000000000       2.106941904061341E-005
   18175.2000000000       2.106951356628162E-005
   18175.3000000000       2.106921326032439E-005
   18175.4000000000       2.106915143867072E-005
   18175.5000000000       2.106918474378455E-005
   18175.6000000000       2.106893077994459E-005
   18175.7000000000       2.106882108445343E-005
   18175.8000000000       2.106875288432891E-005
   18175.9000000000       2.106879606511003E-005
   18176.0000000000       2.106864539052220E-005
   18176.1000000000       2.106840568234092E-005
   18177.1000000000       2.106716495376346E-005
   18178.1000000000       2.106556809600595E-005
   18179.1000000000       2.106401609295924E-005
   18180.1000000000       2.106249893959238E-005
   18181.1000000000       2.106107254101163E-005
   18182.1000000000       2.105965430269380E-005
   18183.1000000000       2.105818687226928E-005
   18184.1000000000       2.105692821139418E-005
   18186.6000000000       2.105367038843075E-005
   18189.1000000000       2.105053264103522E-005
   18191.6000000000       2.104766613301630E-005
   18194.1000000000       2.104498529541818E-005
   18199.1000000000       2.104025886972211E-005
   18204.1000000000       2.103584926026615E-005
   18209.1000000000       2.103171323857900E-005
   18214.1000000000       2.102757915684534E-005
   18219.1000000000       2.102358254778438E-005
   18224.1000000000       2.101961078109062E-005
   18229.1000000000       2.101550558165122E-005
   18234.1000000000       2.101133861881260E-005
   18239.1000000000       2.100696820995328E-005
   18244.1000000000       2.100245298875545E-005
   18249.1000000000       2.099772506152143E-005
   18254.1000000000       2.099286971666450E-005
   18259.1000000000       2.098762725526250E-005
   18261.6600000000       2.098508109461968E-005
   18264.1000000000       2.098254250556997E-005
   18269.1000000000       2.097695341389992E-005
   18274.1000000000       2.097143539482426E-005
   18286.6000000000       2.095624622679436E-005
   18299.1000000000       2.093997023225028E-005
   18311.6000000000       2.092236721137805E-005
   18324.1000000000       2.090334149043685E-005
   18399.1000000000       2.076066018252369E-005
   18429.0300000000       2.068440784638931E-005
   18526.0000000000       2.030910781935464E-005
   18596.4000000000       1.985209780806717E-005
   18601.0000000000       1.981311523897563E-005
   18613.5000000000       1.969788201793154E-005
   18626.0000000000       1.957060454845101E-005
   18638.5000000000       1.942915329811352E-005
   18651.0000000000       1.927131288283169E-005
   18656.0000000000       1.920316226711799E-005
   18661.0000000000       1.913140199609597E-005
   18666.0000000000       1.905599009900032E-005
   18671.0000000000       1.897680598179248E-005
   18676.0000000000       1.889346564365847E-005
   18681.0000000000       1.880531516776506E-005
   18686.0000000000       1.871219228868566E-005
   18691.0000000000       1.861376889385616E-005
   18696.0000000000       1.850986474428878E-005
   18701.0000000000       1.840011904774643E-005
   18706.0000000000       1.828470851632552E-005
   18711.0000000000       1.816205761695200E-005
   18716.0000000000       1.802956185737444E-005
   18721.0000000000       1.787893710880580E-005
   18726.0000000000       1.770139274172414E-005
   18731.0000000000       1.749085877573562E-005
   18733.5000000000       1.736976367996700E-005
   18736.0000000000       1.723297365492563E-005
   18738.5000000000       1.707450976110572E-005
   18741.0000000000       1.688172261238638E-005
   18742.0000000000       1.678925785340084E-005
   18743.0000000000       1.668357095540353E-005
   18744.0000000000       1.656139745705445E-005
   18745.0000000000       1.641901759416276E-005
   18746.0000000000       1.625192287220416E-005
   18747.0000000000       1.605548411605146E-005
   18748.0000000000       1.583391325217306E-005
   18749.0000000000       1.561721141798049E-005
   18749.1000000000       1.559808224988806E-005
   18749.2000000000       1.557949231424229E-005
   18749.3000000000       1.556166802548240E-005
   18749.4000000000       1.554458388368399E-005
   18749.5000000000       1.552836606958298E-005
   18749.6000000000       1.551303768925418E-005
   18749.7000000000       1.549863418852933E-005
   18749.8000000000       1.548522637215116E-005
   18749.9000000000       1.547272800629686E-005
   18750.0000000000       1.546130949309514E-005
   18750.1000000000       1.545095479077935E-005
   18750.2000000000       1.544155878722898E-005
   18750.3000000000       1.543329882995304E-005
   18750.4000000000       1.542612111110890E-005
   18750.5000000000       1.542003205008651E-005
   18750.6000000000       1.541486926187696E-005
   18750.7000000000       1.541101062813147E-005
   18750.8000000000       1.540808401485355E-005
   18750.9000000000       1.540640487968403E-005
   18751.0000000000       1.540570816770641E-005
   18751.1000000000       1.540602583172380E-005
   18751.2000000000       1.540765163946556E-005
   18751.3000000000       1.541015479382449E-005
   18751.4000000000       1.541394610111554E-005
   18751.5000000000       1.541870843228183E-005
   18751.6000000000       1.542456717472194E-005
   18751.7000000000       1.543163882350351E-005
   18751.8000000000       1.543957431465056E-005
   18751.9000000000       1.544878888675164E-005
   18752.0000000000       1.545881775009601E-005
   18752.1000000000       1.547013154044998E-005
   18752.2000000000       1.548225300499802E-005
   18752.3000000000       1.549540783402368E-005
   18752.4000000000       1.550966454259685E-005
   18752.5000000000       1.552459964814864E-005
   18752.6000000000       1.554048010295793E-005
   18752.7000000000       1.555726699836252E-005
   18752.8000000000       1.557488117436340E-005
   18752.9000000000       1.559314304358317E-005
   18753.0000000000       1.561213351707114E-005
   18754.0000000000       1.582583591451516E-005
   18755.0000000000       1.604467124840787E-005
   18756.0000000000       1.623795773851674E-005
   18757.0000000000       1.640204027276207E-005
   18758.0000000000       1.654128699728976E-005
   18759.0000000000       1.666041203318249E-005
   18760.0000000000       1.676311757609980E-005
   18761.0000000000       1.685230718674867E-005
   18763.5000000000       1.703764181540587E-005
   18763.7600000000       1.705476266179230E-005
   18766.0000000000       1.718816461765782E-005
   18768.5000000000       1.731661457935575E-005
   18771.0000000000       1.742957789606587E-005
   18776.0000000000       1.762387195159008E-005
   18781.0000000000       1.778487473106844E-005
   18786.0000000000       1.791857618505986E-005
   18791.0000000000       1.803429087555361E-005
   18796.0000000000       1.813978931222023E-005
   18801.0000000000       1.823812246892239E-005
   18806.0000000000       1.833029900531867E-005
   18811.0000000000       1.841642745132027E-005
   18816.0000000000       1.849721822961222E-005
   18821.0000000000       1.857249764404160E-005
   18826.0000000000       1.864249137035520E-005
   18831.0000000000       1.870773410895416E-005
   18836.0000000000       1.876863431829477E-005
   18841.0000000000       1.882551516464872E-005
   18846.0000000000       1.887874192200427E-005
   18851.0000000000       1.892803681042179E-005
   18863.5000000000       1.903847846137496E-005
   18876.0000000000       1.913209480902795E-005
   18888.5000000000       1.921082482638372E-005
   18901.0000000000       1.927661223956782E-005
   18931.1300000000       1.939039388299758E-005
   18976.0000000000       1.947025486829330E-005
   19051.0000000000       1.945481289219076E-005
   19098.5000000000       1.939002703471863E-005
   19145.6000000000       1.929752081514113E-005
   19220.6000000000       1.910821534855366E-005
   19265.8700000000       1.896341369870347E-005
   19295.6000000000       1.885800026825233E-005
   19308.1000000000       1.881111546134142E-005
   19320.6000000000       1.876287308521032E-005
   19333.1000000000       1.871277319549143E-005
   19345.6000000000       1.866119154457997E-005
   19350.6000000000       1.864004257602358E-005
   19355.6000000000       1.861869670049533E-005
   19360.6000000000       1.859700723928806E-005
   19365.6000000000       1.857506664892540E-005
   19370.6000000000       1.855300419480780E-005
   19375.6000000000       1.853075279329005E-005
   19380.6000000000       1.850864231180815E-005
   19385.6000000000       1.848630845571382E-005
   19390.6000000000       1.846402614560829E-005
   19395.6000000000       1.844154685207754E-005
   19400.6000000000       1.841910575547757E-005
   19405.6000000000       1.839684958635771E-005
   19410.6000000000       1.837504409456647E-005
   19415.6000000000       1.835365385775116E-005
   19420.6000000000       1.833303091862415E-005
   19425.6000000000       1.831422117022188E-005
   19428.1000000000       1.830554975691838E-005
   19430.6000000000       1.829761921226162E-005
   19433.1000000000       1.829076773665334E-005
   19433.2300000000       1.829043698285871E-005
   19435.6000000000       1.828520204898612E-005
   19436.6000000000       1.828322997531543E-005
   19437.6000000000       1.828155228940507E-005
   19438.6000000000       1.828028358335298E-005
   19439.6000000000       1.827928447878773E-005
   19440.6000000000       1.827847665983162E-005
   19441.6000000000       1.827783305158287E-005
   19442.6000000000       1.827737198351857E-005
   19443.6000000000       1.827697878377183E-005
   19443.7000000000       1.827689046706530E-005
   19443.8000000000       1.827687590834147E-005
   19443.9000000000       1.827680377851127E-005
   19444.0000000000       1.827677514146570E-005
   19444.1000000000       1.827671218581230E-005
   19444.2000000000       1.827653798869082E-005
   19444.3000000000       1.827659857810827E-005
   19444.4000000000       1.827637084604155E-005
   19444.5000000000       1.827643566366318E-005
   19444.6000000000       1.827624956220764E-005
   19444.7000000000       1.827611982128109E-005
   19444.8000000000       1.827620636220303E-005
   19444.9000000000       1.827605097958576E-005
   19445.0000000000       1.827582109658350E-005
   19445.1000000000       1.827571912247263E-005
   19445.2000000000       1.827563923485194E-005
   19445.3000000000       1.827548715033975E-005
   19445.4000000000       1.827534290309992E-005
   19445.5000000000       1.827519426062464E-005
   19445.6000000000       1.827508886934017E-005
   19445.7000000000       1.827494923675625E-005
   19445.8000000000       1.827474616100832E-005
   19445.9000000000       1.827445734012543E-005
   19446.0000000000       1.827441434460408E-005
   19446.1000000000       1.827424298441653E-005
   19446.2000000000       1.827392374822749E-005
   19446.3000000000       1.827373296775153E-005
   19446.4000000000       1.827369423307687E-005
   19446.5000000000       1.827345784673706E-005
   19446.6000000000       1.827328066942446E-005
   19446.7000000000       1.827288894035132E-005
   19446.8000000000       1.827270132738794E-005
   19446.9000000000       1.827246055591062E-005
   19447.0000000000       1.827231275628732E-005
   19447.1000000000       1.827193316767502E-005
   19447.2000000000       1.827174135225444E-005
   19447.3000000000       1.827151815517392E-005
   19447.4000000000       1.827122855738320E-005
   19447.5000000000       1.827099125115281E-005
   19447.6000000000       1.827071317371233E-005
   19448.6000000000       1.826800481256714E-005
   19449.6000000000       1.826536543857417E-005
   19450.6000000000       1.826267294979297E-005
   19451.6000000000       1.826040524726810E-005
   19452.6000000000       1.825831075182263E-005
   19453.6000000000       1.825656942784612E-005
   19454.6000000000       1.825510934045120E-005
   19455.6000000000       1.825396197374792E-005
   19458.1000000000       1.825185018774997E-005
   19460.6000000000       1.825082367935201E-005
   19463.1000000000       1.825084222231959E-005
   19465.6000000000       1.825159757579388E-005
   19470.6000000000       1.825486164293878E-005
   19475.6000000000       1.825965099508610E-005
   19480.6000000000       1.826525051477619E-005
   19485.6000000000       1.827138739872835E-005
   19490.6000000000       1.827786961636860E-005
   19495.6000000000       1.828454691067091E-005
   19500.6000000000       1.829101865517817E-005
   19505.6000000000       1.829728344406940E-005
   19510.6000000000       1.830364932236436E-005
   19515.6000000000       1.830994615625422E-005
   19520.6000000000       1.831613280716666E-005
   19525.6000000000       1.832218996570336E-005
   19530.6000000000       1.832799290484508E-005
   19535.6000000000       1.833384199409391E-005
   19540.6000000000       1.833915085919093E-005
   19545.6000000000       1.834405586645576E-005
   19558.1000000000       1.835550166528534E-005
   19570.6000000000       1.836527870938499E-005
   19583.1000000000       1.837345720091315E-005
   19595.6000000000       1.838025388660052E-005
   19600.6000000000       1.838237034608925E-005
   19670.6000000000       1.839312761020556E-005
   19745.6000000000       1.836641763440784E-005
   19767.9700000000       1.836214774031135E-005
   19935.3400000000       1.819236269592246E-005
   20000.0000000000       1.810885960603234E-005
   20102.7000000000       1.796547956778540E-005
   20270.0700000000       1.771798179364180E-005
   20437.4400000000       1.746480017217474E-005
   20604.8100000000       1.722324175439912E-005
   20772.1700000000       1.691874279497007E-005
   20939.5400000000       1.664005492539833E-005
   21106.9100000000       1.634162186070917E-005
   21274.2800000000       1.598619098645096E-005
   21355.0000000000       1.577220846492677E-005
   21430.0000000000       1.552890480313087E-005
   21441.6400000000       1.548580986033097E-005
   21505.0000000000       1.521942430220416E-005
   21517.5000000000       1.515976458299101E-005
   21530.0000000000       1.509715505357496E-005
   21542.5000000000       1.503171248857812E-005
   21555.0000000000       1.496362612023879E-005
   21560.0000000000       1.493569417505467E-005
   21565.0000000000       1.490733253160207E-005
   21570.0000000000       1.487820942977792E-005
   21575.0000000000       1.484852015900827E-005
   21580.0000000000       1.481839109273353E-005
   21585.0000000000       1.478740072289182E-005
   21590.0000000000       1.475547335745501E-005
   21595.0000000000       1.472281962323307E-005
   21600.0000000000       1.468905912632480E-005
   21605.0000000000       1.465435038497916E-005
   21609.0100000000       1.462569648995397E-005
   21610.0000000000       1.461857840138048E-005
   21615.0000000000       1.458132433490404E-005
   21620.0000000000       1.454205764775358E-005
   21625.0000000000       1.450092577324125E-005
   21630.0000000000       1.445768593716900E-005
   21635.0000000000       1.441149164523789E-005
   21637.5000000000       1.438719786839165E-005
   21640.0000000000       1.436181657511174E-005
   21642.5000000000       1.433526443915162E-005
   21645.0000000000       1.430719306404325E-005
   21646.0000000000       1.429534941252313E-005
   21647.0000000000       1.428291274923428E-005
   21648.0000000000       1.426982926052957E-005
   21649.0000000000       1.425594111157464E-005
   21650.0000000000       1.424125759427117E-005
   21651.0000000000       1.422575521797641E-005
   21652.0000000000       1.421032989588007E-005
   21653.0000000000       1.419569310746806E-005
   21653.1000000000       1.419448476099010E-005
   21653.2000000000       1.419308319642688E-005
   21653.3000000000       1.419181018139832E-005
   21653.4000000000       1.419065799823868E-005
   21653.5000000000       1.418949168411199E-005
   21653.6000000000       1.418829917395427E-005
   21653.7000000000       1.418719326427838E-005
   21653.8000000000       1.418620994910380E-005
   21653.9000000000       1.418538049592944E-005
   21654.0000000000       1.418438043015700E-005
   21654.1000000000       1.418364490723192E-005
   21654.2000000000       1.418264487040194E-005
   21654.3000000000       1.418199139031444E-005
   21654.4000000000       1.418146638607201E-005
   21654.5000000000       1.418093458398521E-005
   21654.6000000000       1.418034418794160E-005
   21654.7000000000       1.418001103774838E-005
   21654.8000000000       1.417968914155511E-005
   21654.9000000000       1.417933148689171E-005
   21655.0000000000       1.417923919585135E-005
   21655.1000000000       1.417913209371463E-005
   21655.2000000000       1.417927271066132E-005
   21655.3000000000       1.417937964437751E-005
   21655.4000000000       1.417952196237739E-005
   21655.5000000000       1.417970559396317E-005
   21655.6000000000       1.418008276387881E-005
   21655.7000000000       1.418047583941549E-005
   21655.8000000000       1.418092357339995E-005
   21655.9000000000       1.418158043410329E-005
   21656.0000000000       1.418211351302253E-005
   21656.1000000000       1.418286987715382E-005
   21656.2000000000       1.418348765405185E-005
   21656.3000000000       1.418442895295165E-005
   21656.4000000000       1.418519451142039E-005
   21656.5000000000       1.418612547826392E-005
   21656.6000000000       1.418703373089073E-005
   21656.7000000000       1.418806248955810E-005
   21656.8000000000       1.418925330692802E-005
   21656.9000000000       1.419013639981858E-005
   21657.0000000000       1.419138377851770E-005
   21658.0000000000       1.420361642022375E-005
   21659.0000000000       1.421676059863711E-005
   21660.0000000000       1.422999726655196E-005
   21661.0000000000       1.424246456893623E-005
   21662.0000000000       1.425407271603558E-005
   21663.0000000000       1.426494993369708E-005
   21664.0000000000       1.427516405706192E-005
   21665.0000000000       1.428476380579365E-005
   21667.5000000000       1.430709784269313E-005
   21670.0000000000       1.432771841581520E-005
   21672.5000000000       1.434749185074593E-005
   21675.0000000000       1.436604596092708E-005
   21680.0000000000       1.440070342912389E-005
   21685.0000000000       1.443220809949251E-005
   21690.0000000000       1.446165964986705E-005
   21695.0000000000       1.448909151302996E-005
   21700.0000000000       1.451440709740550E-005
   21705.0000000000       1.453820288378863E-005
   21710.0000000000       1.456096734101796E-005
   21715.0000000000       1.458255806915646E-005
   21720.0000000000       1.460329407255933E-005
   21725.0000000000       1.462286377986556E-005
   21730.0000000000       1.464150595621594E-005
   21735.0000000000       1.465944119284925E-005
   21740.0000000000       1.467673972955354E-005
   21745.0000000000       1.469339250599022E-005
   21750.0000000000       1.470945833777139E-005
   21755.0000000000       1.472500945222615E-005
   21767.5000000000       1.476146603723340E-005
   21776.3800000000       1.478566128444184E-005
   21780.0000000000       1.479505292158608E-005
   21792.5000000000       1.482553416101343E-005
   21805.0000000000       1.485273502436017E-005
   21880.0000000000       1.496315640504376E-005
   21943.7500000000       1.500064887310998E-005
   21955.0000000000       1.500317298557228E-005
   22000.0000000000       1.500320728838948E-005
   22111.1100000000       1.495627051621602E-005
   22278.4800000000       1.481509297593762E-005
   22445.8500000000       1.463913245797504E-005
   22613.2200000000       1.445180516441071E-005
   22780.5900000000       1.428935736126562E-005
   23308.1400000000       1.368322534339229E-005
   23835.6900000000       1.311469583532133E-005
   24000.0000000000       1.294485381935695E-005
   24363.2400000000       1.258103360103153E-005
   24890.7900000000       1.207908264368629E-005
   25418.3400000000       1.155992701942110E-005
   25945.8900000000       1.088796829509556E-005
   25952.0000000000       1.087591220183191E-005
   26000.0000000000       1.076943462762586E-005
   26027.0000000000       1.070090432660568E-005
   26102.0000000000       1.046609891511619E-005
   26114.5000000000       1.041916008797388E-005
   26127.0000000000       1.036884590854227E-005
   26139.5000000000       1.031509548091444E-005
   26152.0000000000       1.025732456543423E-005
   26157.0000000000       1.023298383449918E-005
   26162.0000000000       1.020767383840489E-005
   26167.0000000000       1.018157193920683E-005
   26172.0000000000       1.015441962335223E-005
   26177.0000000000       1.012622606287411E-005
   26182.0000000000       1.009684536066545E-005
   26187.0000000000       1.006626930328218E-005
   26192.0000000000       1.003428972882184E-005
   26197.0000000000       1.000072342806581E-005
   26202.0000000000       9.965311715635826E-006
   26207.0000000000       9.927900507508830E-006
   26212.0000000000       9.888369304608745E-006
   26217.0000000000       9.846418748638297E-006
   26222.0000000000       9.801889850156783E-006
   26227.0000000000       9.755128182085664E-006
   26232.0000000000       9.708487745897249E-006
   26234.5000000000       9.686626838818358E-006
   26237.0000000000       9.667444769284092E-006
   26239.5000000000       9.653760085556251E-006
   26242.0000000000       9.650386073001089E-006
   26243.0000000000       9.653816420943607E-006
   26244.0000000000       9.661351332253725E-006
   26245.0000000000       9.673891104827345E-006
   26246.0000000000       9.692158309915474E-006
   26247.0000000000       9.716742174994154E-006
   26248.0000000000       9.747328445193391E-006
   26249.0000000000       9.781774147301929E-006
   26250.0000000000       9.815086263158405E-006
   26250.1000000000       9.818080705822484E-006
   26250.2000000000       9.820990951418049E-006
   26250.3000000000       9.823800890323025E-006
   26250.4000000000       9.826512336622295E-006
   26250.5000000000       9.829086558935033E-006
   26250.6000000000       9.831583890663724E-006
   26250.7000000000       9.833870573086968E-006
   26250.8000000000       9.836055903328113E-006
   26250.9000000000       9.838058081234734E-006
   26251.0000000000       9.839967504347934E-006
   26251.1000000000       9.841686082620135E-006
   26251.2000000000       9.843233241774648E-006
   26251.3000000000       9.844588609859058E-006
   26251.4000000000       9.845779069234387E-006
   26251.5000000000       9.846783276236715E-006
   26251.6000000000       9.847588613877712E-006
   26251.7000000000       9.848168216005911E-006
   26251.8000000000       9.848617545442064E-006
   26251.9000000000       9.848866948339892E-006
   26252.0000000000       9.848878555419310E-006
   26252.1000000000       9.848715083293472E-006
   26252.2000000000       9.848328616899805E-006
   26252.3000000000       9.847783945467474E-006
   26252.4000000000       9.847030048468016E-006
   26252.5000000000       9.846123622315982E-006
   26252.6000000000       9.844948578658248E-006
   26252.7000000000       9.843660304620757E-006
   26252.8000000000       9.842182954181749E-006
   26252.9000000000       9.840466056454126E-006
   26253.0000000000       9.838642285899596E-006
   26253.1000000000       9.836640213291161E-006
   26253.2000000000       9.834464903238574E-006
   26253.3000000000       9.832174741330018E-006
   26253.4000000000       9.829705958276895E-006
   26253.5000000000       9.827149651571298E-006
   26253.6000000000       9.824422522156956E-006
   26253.7000000000       9.821613292882668E-006
   26253.8000000000       9.818688700392403E-006
   26253.9000000000       9.815623348094887E-006
   26254.0000000000       9.812512405257343E-006
   26255.0000000000       9.777867823437369E-006
   26256.0000000000       9.742257842548784E-006
   26257.0000000000       9.710410152795089E-006
   26258.0000000000       9.684556589262764E-006
   26259.0000000000       9.664990676186043E-006
   26260.0000000000       9.651240812310263E-006
   26261.0000000000       9.642421416345076E-006
   26262.0000000000       9.637728675539015E-006
   26264.5000000000       9.637929529767340E-006
   26267.0000000000       9.648404395003618E-006
   26269.5000000000       9.664339251710240E-006
   26272.0000000000       9.682925545109544E-006
   26277.0000000000       9.722937801956630E-006
   26282.0000000000       9.763002953014487E-006
   26287.0000000000       9.800747755351783E-006
   26292.0000000000       9.835932417980789E-006
   26297.0000000000       9.868650377528513E-006
   26302.0000000000       9.899185866612938E-006
   26307.0000000000       9.927665259040572E-006
   26312.0000000000       9.954301179632844E-006
   26317.0000000000       9.979336378475107E-006
   26322.0000000000       1.000286288114137E-005
   26327.0000000000       1.002518694086005E-005
   26332.0000000000       1.004630555131955E-005
   26337.0000000000       1.006630464491744E-005
   26342.0000000000       1.008533578547259E-005
   26347.0000000000       1.010342494019063E-005
   26352.0000000000       1.012057261340543E-005
   26364.5000000000       1.016022640031780E-005
   26377.0000000000       1.019572808001976E-005
   26389.5000000000       1.022756864499841E-005
   26402.0000000000       1.025595022565996E-005
   26473.4400000000       1.037234931537484E-005
   26477.0000000000       1.037649354059027E-005
   26552.0000000000       1.043316818446318E-005
   27000.9900000000       1.031007116986571E-005
   27528.5400000000       9.978744776492994E-006
   28000.0000000000       9.663382527555086E-006
   28056.0900000000       9.626905776735656E-006
   28583.6400000000       9.293981296043760E-006
   29111.1900000000       8.978563953554170E-006
   29638.7400000000       8.679319662496908E-006
   30000.0000000000       8.483020900017226E-006
   30166.2900000000       8.394883047318059E-006
   30693.8400000000       8.124012526310713E-006
   31221.3900000000       7.865677303271238E-006
   31748.9400000000       7.619159628597610E-006
   32000.0000000000       7.505770506591487E-006
   32276.4900000000       7.383748354720906E-006
   32804.0400000000       7.158782419504577E-006
   33427.5100000000       6.919782938882970E-006
   34000.0000000000       6.696109217510534E-006
   34050.9800000000       6.676725992594600E-006
   34674.4500000000       6.446263197755751E-006
   35297.9200000000       6.227512864061861E-006
   35921.3900000000       6.019688020247555E-006
   36000.0000000000       5.994225889194848E-006
   36544.8500000000       5.822140810581100E-006
   37168.3200000000       5.634200815867241E-006
   37791.7900000000       5.455045699621854E-006
   38000.0000000000       5.397097881701058E-006
   38415.2600000000       5.284465915694507E-006
   39038.7300000000       5.121785144020435E-006
   39662.2000000000       4.945983444035031E-006
   40000.0000000000       4.833394102895649E-006
   40212.0000000000       4.722487254955630E-006
   40285.6700000000       4.664731333746002E-006
   40287.0000000000       4.663522944346413E-006
   40362.0000000000       4.582905499988478E-006
   40374.5000000000       4.566164698928739E-006
   40387.0000000000       4.547852460742299E-006
   40399.5000000000       4.527674042817255E-006
   40412.0000000000       4.505262455708492E-006
   40417.0000000000       4.495555439613873E-006
   40422.0000000000       4.485324549187707E-006
   40427.0000000000       4.474559285958205E-006
   40432.0000000000       4.463203928862833E-006
   40437.0000000000       4.451206109888143E-006
   40442.0000000000       4.438480980820330E-006
   40447.0000000000       4.424926701529950E-006
   40452.0000000000       4.410419590971030E-006
   40457.0000000000       4.394794862896230E-006
   40462.0000000000       4.377850073195386E-006
   40467.0000000000       4.359303296768017E-006
   40472.0000000000       4.338638882939407E-006
   40477.0000000000       4.315195772218203E-006
   40482.0000000000       4.288169721202618E-006
   40487.0000000000       4.256691841115270E-006
   40492.0000000000       4.220220506610976E-006
   40494.5000000000       4.199860493393749E-006
   40497.0000000000       4.177575646247992E-006
   40499.5000000000       4.152881309356454E-006
   40502.0000000000       4.125204571177376E-006
   40503.0000000000       4.113039170517519E-006
   40504.0000000000       4.100005642289532E-006
   40505.0000000000       4.085994970683621E-006
   40506.0000000000       4.071053865192047E-006
   40507.0000000000       4.055636117265472E-006
   40508.0000000000       4.040917953669545E-006
   40509.0000000000       4.028797090986381E-006
   40510.0000000000       4.020938324217964E-006
   40510.1000000000       4.020393205567176E-006
   40510.2000000000       4.019911357430246E-006
   40510.3000000000       4.019466805144349E-006
   40510.4000000000       4.019071534324686E-006
   40510.5000000000       4.018699646071043E-006
   40510.6000000000       4.018379033922695E-006
   40510.7000000000       4.018080200594347E-006
   40510.8000000000       4.017829126265848E-006
   40510.9000000000       4.017590300217628E-006
   40511.0000000000       4.017390699096065E-006
   40511.1000000000       4.017218222169103E-006
   40511.2000000000       4.017067217222356E-006
   40511.3000000000       4.016936853713257E-006
   40511.4000000000       4.016821053389172E-006
   40511.5000000000       4.016730411473531E-006
   40511.6000000000       4.016661831025382E-006
   40511.7000000000       4.016610735205963E-006
   40511.8000000000       4.016566179414108E-006
   40511.9000000000       4.016537495531344E-006
   40512.0000000000       4.016514145207802E-006
   40512.1000000000       4.016522210174561E-006
   40512.2000000000       4.016518310900405E-006
   40512.3000000000       4.016563928413929E-006
   40512.4000000000       4.016586604873520E-006
   40512.5000000000       4.016655308483113E-006
   40512.6000000000       4.016725439718262E-006
   40512.7000000000       4.016817960437936E-006
   40512.8000000000       4.016915214233977E-006
   40512.9000000000       4.017045982583387E-006
   40513.0000000000       4.017214131709739E-006
   40513.1000000000       4.017381986694274E-006
   40513.2000000000       4.017598113495313E-006
   40513.3000000000       4.017833581974508E-006
   40513.4000000000       4.018111764061632E-006
   40513.5000000000       4.018424054319855E-006
   40513.6000000000       4.018763294973309E-006
   40513.7000000000       4.019134223375543E-006
   40513.8000000000       4.019557284800070E-006
   40513.9000000000       4.020015572516012E-006
   40514.0000000000       4.020518403523403E-006
   40515.0000000000       4.028063625713295E-006
   40516.0000000000       4.039830250954056E-006
   40517.0000000000       4.054138705599753E-006
   40518.0000000000       4.069131768979814E-006
   40519.0000000000       4.083645512889266E-006
   40520.0000000000       4.097251108578817E-006
   40521.0000000000       4.109873173522986E-006
   40522.0000000000       4.121637654026905E-006
   40524.5000000000       4.148329143483358E-006
   40527.0000000000       4.172018684661019E-006
   40529.5000000000       4.193320350817684E-006
   40532.0000000000       4.212675843047733E-006
   40537.0000000000       4.247156252862347E-006
   40542.0000000000       4.276625291346371E-006
   40547.0000000000       4.301587044312588E-006
   40552.0000000000       4.322992513286859E-006
   40557.0000000000       4.341616009692222E-006
   40562.0000000000       4.358107062620066E-006
   40567.0000000000       4.372989578238490E-006
   40572.0000000000       4.386524905374848E-006
   40577.0000000000       4.398938372080620E-006
   40582.0000000000       4.410397408561865E-006
   40587.0000000000       4.421016416139428E-006
   40592.0000000000       4.430919072707409E-006
   40597.0000000000       4.440150750830666E-006
   40602.0000000000       4.448809161508144E-006
   40607.0000000000       4.456919472966216E-006
   40612.0000000000       4.464482039681345E-006
   40624.5000000000       4.481550133146486E-006
   40637.0000000000       4.496344390697282E-006
   40649.5000000000       4.509261184297023E-006
   40662.0000000000       4.520550884636492E-006
   40737.0000000000       4.567983991878811E-006
   40812.0000000000       4.593189178774623E-006
   40909.1300000000       4.606693291718160E-006
   41532.6000000000       4.541364053334096E-006
   42000.0000000000       4.443752644124324E-006
   42156.0700000000       4.411841269449629E-006
   42779.5400000000       4.287756856092931E-006
   43403.0100000000       4.168880726648564E-006
   44000.0000000000       4.059626590638883E-006
   44026.4800000000       4.054878686806924E-006
   44649.9500000000       3.955665781025851E-006
   45369.3300000000       3.833885541337509E-006
   46000.0000000000       3.731693123367681E-006
   46088.7200000000       3.717652617331773E-006
   46808.1100000000       3.606591103170164E-006
   47527.4900000000       3.500312741590888E-006
   48000.0000000000       3.433079615547230E-006
   48246.8800000000       3.398716512770312E-006
   48966.2700000000       3.301478115126166E-006
   49685.6600000000       3.208336333986841E-006
   50000.0000000000       3.168875122684077E-006
   50405.0400000000       3.119188291981413E-006
   51124.4300000000       3.033772639724235E-006
   51843.8200000000       2.951798710066164E-006
   52000.0000000000       2.934454148835764E-006
   52563.2000000000       2.873107887250537E-006
   53282.5900000000       2.797501170818128E-006
   54000.0000000000       2.725022546055606E-006
   54001.9800000000       2.724834134317845E-006
   54721.3600000000       2.654964614799947E-006
   55440.7500000000       2.587799554900857E-006
   56000.0000000000       2.537302893338139E-006
   56160.1400000000       2.523112932510804E-006
   56879.5200000000       2.460831090425295E-006
   57598.9100000000       2.400837455455119E-006
   58000.0000000000       2.368337950695910E-006
   58318.3000000000       2.346984173117634E-006
   59133.6000000000       2.283715874977911E-006
   59948.9100000000       2.222958140688239E-006
   60000.0000000000       2.219231324055432E-006
   60764.2100000000       2.164582753972024E-006
   61579.5200000000       2.108468548448476E-006
   62000.0000000000       2.080380624052051E-006
   62394.8200000000       2.054509051621632E-006
   63210.1300000000       2.002588617603615E-006
   64000.0000000000       1.954119639183868E-006
   64025.4300000000       1.952588593784165E-006
   64840.7400000000       1.904456253854114E-006
   65656.0400000000       1.858053583717696E-006
   66000.0000000000       1.838983704012405E-006
   66471.3500000000       1.813317551092370E-006
   67286.6500000000       1.770198942080981E-006
   68000.0000000000       1.733706159170774E-006
   68101.9600000000       1.728580832263789E-006
   68917.2600000000       1.688411967397745E-006
   69732.5700000000       1.649619464825164E-006
   70000.0000000000       1.637191681666000E-006
   70547.8800000000       1.612141339339782E-006
   71363.1800000000       1.575927635634957E-006
   72000.0000000000       1.548480518961032E-006
   72178.4900000000       1.540921477795931E-006
   72993.7900000000       1.507045442293504E-006
   73809.1000000000       1.475860508305672E-006
   74000.0000000000       1.468325375952288E-006
   74720.3200000000       1.440340693306489E-006
   75631.5400000000       1.406245369378942E-006
   76000.0000000000       1.392770681824457E-006
   76542.7700000000       1.373258930734126E-006
   77453.9900000000       1.341437016022652E-006
   78000.0000000000       1.322878733282594E-006
   78365.2100000000       1.310685611376468E-006
   79276.4400000000       1.280989252987127E-006
   80000.0000000000       1.258109419073282E-006
   80187.6600000000       1.252282302433453E-006
   81098.8800000000       1.224523380616535E-006
   82000.0000000000       1.197960998932961E-006
   82010.1100000000       1.197674294268198E-006
   82921.3300000000       1.171701778073616E-006
   83832.5500000000       1.146551593811556E-006
   84000.0000000000       1.142016162200435E-006
   84743.7800000000       1.122198909854640E-006
   85655.0000000000       1.098619071018060E-006
   86000.0000000000       1.089875318879598E-006
   86566.2200000000       1.075760811653218E-006
   87477.4500000000       1.053610283431755E-006
   88000.0000000000       1.041213931944663E-006
   88388.6700000000       1.032136421680416E-006
   89299.8900000000       1.011308424726006E-006
   90000.0000000000       9.957282498051825E-007
   90211.1200000000       9.911023981314283E-007
   91122.3400000000       9.714911843506398E-007
   92000.0000000000       9.537602961011335E-007
   92129.4800000000       9.510936891125661E-007
   93136.6200000000       9.307408318821437E-007
   94000.0000000000       9.138044392352649E-007
   94143.7700000000       9.110296893498718E-007
   95150.9100000000       8.919353269929288E-007
   96000.0000000000       8.762998499015548E-007
   96158.0500000000       8.734333995228722E-007
   97165.1900000000       8.554985712332368E-007
   98000.0000000000       8.410451410927909E-007
   98172.3300000000       8.381074953927609E-007
   99179.4700000000       8.212370874539658E-007
   100000.000000000       8.078652773256440E-007
   100186.620000000       8.048699331112148E-007
   101193.760000000       7.889849073593512E-007
   102000.000000000       7.766022530690800E-007
   102200.900000000       7.735614626082268E-007
   103208.040000000       7.585855724667721E-007
   104000.000000000       7.471101727407631E-007
   104215.180000000       7.440365750719053E-007
   105222.320000000       7.299016725546655E-007
   106000.000000000       7.192583284032475E-007
   106229.470000000       7.161623420293786E-007
   107236.610000000       7.028052755011090E-007
   108000.000000000       6.929272465862987E-007
   108243.750000000       6.898168989096421E-007
   109250.890000000       6.771840340049038E-007
   110000.000000000       6.680096324616479E-007
   110258.030000000       6.648928899475080E-007
   112000.000000000       6.446626287996501E-007
   114000.000000000       6.222711405420301E-007
   116000.000000000       6.010216459954987E-007
   118000.000000000       5.808345164971726E-007
   120000.000000000       5.616416251923935E-007
   122000.000000000       5.433784783449338E-007
   124000.000000000       5.259538975087544E-007
   126000.000000000       5.094149865121057E-007
   128000.000000000       4.936091538584266E-007
   130000.000000000       4.785223734321178E-007
   132000.000000000       4.642368980100853E-007
   134000.000000000       4.504637149367656E-007
   136000.000000000       4.372891976345514E-007
   138000.000000000       4.246790346776220E-007
   140000.000000000       4.126057941450001E-007
   142000.000000000       4.010369062042602E-007
   144000.000000000       3.899442359787842E-007
   146000.000000000       3.793030262054571E-007
   148000.000000000       3.690892302859755E-007
   150000.000000000       3.592790905986784E-007
   152000.000000000       3.498539458209914E-007
   154000.000000000       3.408482522071298E-007
   156000.000000000       3.321310337135731E-007
   158000.000000000       3.237400158964506E-007
   160000.000000000       3.156635062734645E-007
   162000.000000000       3.078817968833300E-007
   164000.000000000       3.003832080028531E-007
   166000.000000000       2.931538694230380E-007
   168000.000000000       2.861808270310765E-007
   170000.000000000       2.794530818497850E-007
   172000.000000000       2.729561752700613E-007
   174000.000000000       2.666820251697284E-007
   176000.000000000       2.606218389071168E-007
   178000.000000000       2.547633706258299E-007
   180000.000000000       2.491367577252826E-007
   182000.000000000       2.436568827623291E-007
   184000.000000000       2.383560996231869E-007
   186000.000000000       2.332242214659041E-007
   188000.000000000       2.282551272819730E-007
   190000.000000000       2.234275814857388E-007
   192000.000000000       2.187751389698361E-007
   194000.000000000       2.142605726351635E-007
   196000.000000000       2.098803671132438E-007
   198000.000000000       2.056314931852704E-007
   200000.000000000       2.015093003204459E-007
   202000.000000000       1.975087406749734E-007
   204000.000000000       1.936244747989827E-007
   206000.000000000       1.898549356665383E-007
   208000.000000000       1.861912609007296E-007
   210000.000000000       1.826342942437586E-007
   212000.000000000       1.791758915879396E-007
   214000.000000000       1.758146292090624E-007
   216000.000000000       1.725467303231658E-007
   218000.000000000       1.693679268199078E-007
   220000.000000000       1.662763063890270E-007
   222000.000000000       1.632676038226750E-007
   224000.000000000       1.603393936367638E-007
   226000.000000000       1.574891457748583E-007
   228000.000000000       1.547127533806718E-007
   230000.000000000       1.520084483027636E-007
   232000.000000000       1.493765527574525E-007
   234000.000000000       1.468095525636804E-007
   236000.000000000       1.443074673182043E-007
   238000.000000000       1.418690076547062E-007
   240000.000000000       1.394915199962277E-007
   242000.000000000       1.371724919935174E-007
   244000.000000000       1.349115163270887E-007
   246000.000000000       1.327041766651162E-007
   248000.000000000       1.305516389656671E-007
   250000.000000000       1.284499291615689E-007
   252000.000000000       1.263993301262061E-007
   254000.000000000       1.243937500547836E-007
   256000.000000000       1.224393869634318E-007
   258000.000000000       1.205277582381492E-007
   260000.000000000       1.186602453767092E-007
   262000.000000000       1.168361477492884E-007
   264000.000000000       1.150534964161242E-007
   266000.000000000       1.133113109188637E-007
   268000.000000000       1.116082553723844E-007
   270000.000000000       1.099424268963703E-007
   272000.000000000       1.083137330765786E-007
   274000.000000000       1.067210828770088E-007
   276000.000000000       1.051626800441499E-007
   278000.000000000       1.036376392979270E-007
   280000.000000000       1.021455147537153E-007
   282000.000000000       1.006850877296355E-007
   284000.000000000       9.925516629777047E-008
   286000.000000000       9.785608632303161E-008
   288000.000000000       9.648572702832106E-008
   290000.000000000       9.514367540999601E-008
   292000.000000000       9.382939849565696E-008
   294000.000000000       9.254188964625970E-008
   296000.000000000       9.128053927982902E-008
   298000.000000000       9.004471954137929E-008
   300000.000000000       8.883372371495190E-008
