 WD1622+587s   18850.0000000000        7.80000000000000     
  -6.00000000000000     
   40.0000000000000      -6.276645739957964E-049
   40.4000000000000      -3.295517124299041E-049
   40.8000000000000      -1.783215958613579E-049
   41.2100000000000      -9.855481144583609E-050
   41.6200000000000      -5.676044256839338E-050
   42.0400000000000      -3.377291596184652E-050
   42.4600000000000      -2.111316252805080E-050
   42.8900000000000      -1.378627241409664E-050
   43.3100000000000      -9.647681118278975E-051
   43.7500000000000      -7.155775419704290E-051
   44.1800000000000      -5.883372342064260E-051
   44.6300000000000      -5.495987596136871E-051
   45.0700000000000      -6.081992014294537E-051
   45.5300000000000      -8.113583775244156E-051
   45.9800000000000      -1.242971014751088E-050
   46.4400000000000      -2.111847235133274E-050
   46.9000000000000      -3.775081182803115E-050
   47.3700000000000      -6.998591899381423E-050
   47.8500000000000      -1.325667308805404E-049
   48.3300000000000      -2.510485856338319E-049
   48.8100000000000      -4.731895393813028E-049
   49.3000000000000      -8.972067141117538E-049
   49.7900000000000      -1.686607879985753E-048
   50.2900000000000      -3.181120347953378E-048
   50.7900000000000      -5.940283791738693E-048
   51.3000000000000      -1.111543713059135E-047
   51.8100000000000      -2.058076105036822E-047
   52.3300000000000      -3.815507653620785E-047
   52.8500000000000      -6.997671600200305E-047
   53.3800000000000      -1.284289013118747E-046
   53.9100000000000      -2.331544090395915E-046
   54.4600000000000      -4.280490878360534E-046
   55.0000000000000      -7.687384386327238E-046
   55.5500000000000      -1.380446034073346E-045
   56.1000000000000      -2.452234265204874E-045
   56.6700000000000      -4.398832522951038E-045
   57.2300000000000      -7.726231187439575E-045
   57.8100000000000      -1.369464512775790E-044
   58.3800000000000      -2.378013388062244E-044
   58.9700000000000      -4.164589511130581E-044
   59.5500000000000      -7.149001631800606E-044
   60.1500000000000      -1.237009939029761E-043
   60.7500000000000      -2.117887896492842E-043
   61.3600000000000      -3.620189115846376E-043
   61.9700000000000      -6.124233440570113E-043
   62.6000000000000      -1.042911657807173E-042
   63.2200000000000      -1.743099082213288E-042
   63.8500000000000      -2.907983383813313E-042
   64.4900000000000      -4.841304028083388E-042
   65.1400000000000      -8.041755836429856E-042
   65.7900000000000      -1.322453595243334E-041
   66.4500000000000      -2.169687717777184E-041
   67.1100000000000      -3.525011492905604E-041
   67.7800000000000      -5.713206042042278E-041
   68.4600000000000      -9.236148918671439E-041
   69.1400000000000      -1.478908311467087E-040
   69.8300000000000      -2.361900418410891E-040
   70.5300000000000      -3.761718646255490E-040
   71.2400000000000      -5.973832250104500E-040
   71.9500000000000      -9.398455073982463E-040
   72.6700000000000      -1.474347578664733E-039
   73.4000000000000      -2.305784530799725E-039
   74.1300000000000      -3.573419225143500E-039
   74.8700000000000      -5.521190646743004E-039
   75.6200000000000      -8.503684071577947E-039
   76.3800000000000      -1.305453862462174E-038
   77.1400000000000      -1.986447588887327E-038
   77.9100000000000      -3.012862394392834E-038
   78.6900000000000      -4.554260645762249E-038
   79.4800000000000      -6.860648125231993E-038
   80.2700000000000      -1.024677865542363E-037
   81.0800000000000      -1.532712310843665E-037
   81.8800000000000      -2.262227714016518E-037
   82.7100000000000      -3.359219118230739E-037
   83.5300000000000      -4.923150842064646E-037
   84.3700000000000      -7.222235430180570E-037
   85.2100000000000      -1.050803209263113E-036
   86.0700000000000      -1.529810452291704E-036
   86.9200000000000      -2.199690078254325E-036
   87.8000000000000      -3.177585223773540E-036
   88.6700000000000      -4.534680129231260E-036
   89.5600000000000      -6.472545928740594E-036
   90.4500000000000      -9.166038507056515E-036
   91.3600000000000      -1.297888013411041E-035
   92.2700000000000      -1.823472564376064E-035
   93.2000000000000      -2.560924407301412E-035
   94.1200000000000      -3.556315390363336E-035
   95.0700000000000      -4.953335560109424E-035
   96.0200000000000      -6.846419130765724E-035
   96.9800000000000      -9.423684012649209E-035
   97.9500000000000      -1.291651017658538E-034
   98.9300000000000      -1.762933049166254E-034
   99.9100000000000      -2.388488855029462E-034
   100.920000000000      -3.241903688408069E-034
   101.920000000000      -4.355131221296781E-034
   102.950000000000      -5.859146712856925E-034
   103.970000000000      -7.803340325620376E-034
   105.020000000000      -1.040459619438616E-033
   106.060000000000      -1.373631921563551E-033
   107.130000000000      -1.814991572677606E-033
   108.190000000000      -2.375015397328722E-033
   109.280000000000      -3.109472753745688E-033
   110.370000000000      -4.042353911633871E-033
   111.480000000000      -5.243062081845104E-033
   112.590000000000      -6.753303660505628E-033
   113.720000000000      -8.676963837066971E-033
   114.850000000000      -1.107215508506709E-032
   116.000000000000      -1.409043896122167E-032
   117.160000000000      -1.784562138679983E-032
   118.330000000000      -2.249012405323945E-032
   119.510000000000      -2.820310223547849E-032
   120.710000000000      -3.525530496376522E-032
   121.910000000000      -4.376195334647106E-032
   123.140000000000      -5.422858186450324E-032
   124.360000000000      -6.659743221460701E-032
   125.610000000000      -8.159214472429703E-032
   126.860000000000      -9.918853107240156E-032
   128.140000000000      -1.201333931647673E-031
   129.410000000000      -1.439748084288128E-031
   130.710000000000      -1.714255652875908E-031
   132.020000000000      -2.016475000612093E-031
   133.340000000000      -2.331982936683393E-031
   134.670000000000      -2.628107425367459E-031
   136.020000000000      -2.836695044366731E-031
   137.380000000000      -2.813055634130451E-031
   138.760000000000      -2.273117953698760E-031
   140.140000000000      -6.795712585800620E-032
   141.540000000000       3.041749117980870E-031
   142.250000000000       6.302790490237955E-031
   142.950000000000       1.089089285013070E-030
   144.380000000000       2.678855292547088E-030
   145.830000000000       5.819499657953363E-030
   147.290000000000       1.186948278609806E-029
   148.760000000000       2.335149358670521E-029
   150.250000000000       4.507127687168557E-029
   151.750000000000       8.551910899507629E-029
   152.510000000000       1.174966411114429E-028
   153.270000000000       1.607611612672281E-028
   154.800000000000       2.987386081761772E-028
   155.570000000000       4.058419863475224E-028
   156.350000000000       5.516000540512098E-028
   157.910000000000       1.008659514981306E-027
   158.700000000000       1.362475932908287E-027
   159.490000000000       1.834441036150937E-027
   160.290000000000       2.471196933208374E-027
   161.080000000000       3.306315729989399E-027
   161.890000000000       4.442381349038946E-027
   162.690000000000       5.928734497732322E-027
   163.510000000000       7.945003079407680E-027
   164.320000000000       1.057641031849298E-026
   165.140000000000       1.408670986818045E-026
   165.960000000000       1.870585110586812E-026
   166.790000000000       2.485099933319203E-026
   167.620000000000       3.291692430687479E-026
   169.300000000000       5.762935007195331E-026
   170.990000000000       1.000531090013364E-025
   171.850000000000       1.319021365106212E-025
   172.700000000000       1.728368173877944E-025
   174.430000000000       2.970487160142144E-025
   176.180000000000       5.079355513152278E-025
   177.940000000000       8.615265121612248E-025
   178.830000000000       1.120734073882343E-024
   179.720000000000       1.453933367573045E-024
   180.610000000000       1.881149181669107E-024
   181.510000000000       2.434404351358473E-024
   182.420000000000       3.150861028288590E-024
   183.330000000000       4.067276908575730E-024
   185.160000000000       6.742565415345567E-024
   186.090000000000       8.682740724657532E-024
   187.010000000000       1.112220477420479E-023
   188.880000000000       1.825547004493374E-023
   189.830000000000       2.339001234180278E-023
   190.770000000000       2.981502801047773E-023
   191.730000000000       3.810418302759545E-023
   192.680000000000       4.845237152438654E-023
   193.640000000000       6.161348398254969E-023
   194.610000000000       7.834975251620014E-023
   195.580000000000       9.938548797905470E-023
   196.550000000000       1.257628996318135E-022
   198.520000000000       2.013658157813446E-022
   200.500000000000       3.206068986639788E-022
   202.510000000000       5.116034223762329E-022
   204.530000000000       8.104936274440405E-022
   206.580000000000       1.280596379382515E-021
   207.610000000000       1.605826389851684E-021
   208.650000000000       2.013352186037128E-021
   209.690000000000       2.518468822487211E-021
   210.730000000000       3.143123493517425E-021
   212.840000000000       4.893360700135831E-021
   214.970000000000       7.580965205417612E-021
   216.040000000000       9.413990527023371E-021
   217.120000000000       1.168770456624063E-020
   218.200000000000       1.447850733618325E-020
   219.290000000000       1.793177481856030E-020
   220.380000000000       2.216031964782993E-020
   221.480000000000       2.737955743906809E-020
   222.590000000000       3.381914142728384E-020
   223.700000000000       4.168320062029704E-020
   225.930000000000       6.303740545945198E-020
   227.710000000000       8.717341820906224E-020
   227.910000000000       9.040908598144926E-020
   229.240000000000       1.577783780174779E-019
   230.470000000000       1.964665901364876E-019
   232.780000000000       2.934390670719616E-019
   233.940000000000       3.578271847282832E-019
   235.110000000000       4.361856749195594E-019
   237.460000000000       6.451912448509511E-019
   239.830000000000       9.501188148272109E-019
   242.230000000000       1.394681213604643E-018
   244.650000000000       2.037713006412017E-018
   245.880000000000       2.463525594230986E-018
   247.100000000000       2.967998030265281E-018
   248.330000000000       3.574398130809883E-018
   249.570000000000       4.302965387636172E-018
   252.070000000000       6.218881501687034E-018
   253.330000000000       7.466075242477738E-018
   254.590000000000       8.946672099696463E-018
   255.860000000000       1.071622540506545E-017
   257.130000000000       1.281250519440554E-017
   259.700000000000       1.829175647513079E-017
   261.000000000000       2.184105472632053E-017
   262.300000000000       2.603192573564653E-017
   263.610000000000       3.101285259180950E-017
   264.920000000000       3.688121750854220E-017
   267.570000000000       5.208793892199935E-017
   270.250000000000       7.333192196664643E-017
   272.950000000000       1.027842336519276E-016
   274.320000000000       1.216728344189351E-016
   275.680000000000       1.436115213011957E-016
   278.440000000000       2.000198186879640E-016
   281.220000000000       2.773775401941748E-016
   282.630000000000       3.265855361537854E-016
   284.030000000000       3.834467863990260E-016
   286.870000000000       5.284052814821939E-016
   289.740000000000       7.258671257730551E-016
   292.640000000000       9.939705366514907E-016
   294.100000000000       1.161605626873055E-015
   295.570000000000       1.356797948739752E-015
   298.520000000000       1.844303302891905E-015
   300.020000000000       2.150755791970249E-015
   301.510000000000       2.501677630059479E-015
   304.520000000000       3.379313208497040E-015
   307.570000000000       4.555042139556812E-015
   309.110000000000       5.284051125086572E-015
   310.640000000000       6.114712474219663E-015
   312.200000000000       7.085534821407832E-015
   313.750000000000       8.190564794420272E-015
   315.320000000000       9.471579068230965E-015
   316.890000000000       1.093680907864978E-014
   318.470000000000       1.262187586917787E-014
   320.060000000000       1.455838019088518E-014
   323.270000000000       1.933587224539407E-014
   326.490000000000       2.555692436356969E-014
   329.770000000000       3.376171665611587E-014
   333.050000000000       4.435118156542648E-014
   336.400000000000       5.827421604707520E-014
   339.750000000000       7.614783848362740E-014
   343.160000000000       9.943460358186730E-014
   346.580000000000       1.292460944223312E-013
   350.060000000000       1.678641969421110E-013
   353.540000000000       2.168780853072307E-013
   357.100000000000       2.803723406860443E-013
   360.650000000000       3.603289879213940E-013
   364.270000000000       4.629935034369696E-013
   367.900000000000       5.923114464119690E-013
   371.590000000000       7.570102725278350E-013
   375.290000000000       9.633581877155924E-013
   379.060000000000       1.225467917907171E-012
   382.840000000000       1.552308131065679E-012
   386.680000000000       1.964163207521449E-012
   390.530000000000       2.474997033883471E-012
   394.460000000000       3.118788641521319E-012
   398.380000000000       3.909458337925127E-012
   400.000000000000       4.286417346659354E-012
   404.020000000000       5.368783533689348E-012
   408.040000000000       6.693903523057119E-012
   412.140000000000       8.344700468961637E-012
   416.240000000000       1.035625558765816E-011
   419.230000000000       1.208959920184664E-011
   422.210000000000       1.407416289660010E-011
   425.530000000000       1.662815110405489E-011
   428.850000000000       1.959339474996030E-011
   432.940000000000       2.389755280887012E-011
   437.030000000000       2.903582190142713E-011
   437.470000000000       2.964388134010917E-011
   439.660000000000       3.284457237490015E-011
   441.850000000000       3.635256375465435E-011
   446.270000000000       4.447576500767094E-011
   447.210000000000       4.640025461881331E-011
   450.730000000000       5.428804456912710E-011
   455.240000000000       6.614110704977942E-011
   459.790000000000       8.039586408296745E-011
   462.030000000000       8.837471289269490E-011
   464.390000000000       9.753932178893209E-011
   467.210000000000       1.095959397813507E-010
   469.030000000000       1.180651902378445E-010
   473.720000000000       1.426416469716215E-010
   478.460000000000       1.720078756366055E-010
   482.030000000000       1.975531825101615E-010
   483.240000000000       2.069456994436092E-010
   484.330000000000       2.157430421672040E-010
   488.080000000000       2.486013560738609E-010
   490.520000000000       2.722924331901389E-010
   492.960000000000       2.979614069367852E-010
   497.030000000000       3.455645362287820E-010
   497.890000000000       3.564426648281667E-010
   498.210000000000       3.605668757749299E-010
   502.870000000000       4.251187585653883E-010
   503.600000000000       4.360719484665659E-010
   504.000000000000       4.421646394355042E-010
   507.890000000000       1.117522371815156E-009
   508.210000000000       1.146351579156646E-009
   509.330000000000       1.325791985644562E-009
   512.970000000000       1.408893885873200E-009
   514.210000000000       1.394428733117311E-009
   518.100000000000       1.594414709858767E-009
   520.210000000000       1.718252700507449E-009
   520.610000000000       1.768901249432829E-009
   521.010000000000       1.837348864604113E-009
   521.410000000000       1.937690239244349E-009
   521.810000000000       2.102368741885527E-009
   522.610000000000       2.049431192955686E-009
   523.010000000000       1.923533993513973E-009
   523.280000000000       1.889309470825481E-009
   523.810000000000       1.867854948935502E-009
   524.210000000000       1.870702355197668E-009
   526.210000000000       1.958131462908088E-009
   528.520000000000       2.000108020906295E-009
   529.030000000000       2.032463571534034E-009
   529.330000000000       2.051689525846443E-009
   530.210000000000       2.109237398506671E-009
   533.030000000000       2.313304629524933E-009
   533.800000000000       2.387755189336515E-009
   535.030000000000       2.559399156283134E-009
   535.430000000000       2.644180550439114E-009
   535.830000000000       2.758694732106259E-009
   536.210000000000       2.917649413475626E-009
   536.630000000000       3.219500777692356E-009
   537.430000000000       3.129942168694571E-009
   537.830000000000       2.901066674053016E-009
   538.230000000000       2.814713023243507E-009
   538.630000000000       2.785714942000276E-009
   539.030000000000       2.786000912811648E-009
   541.030000000000       2.953649400723274E-009
   544.330000000000       3.457123182292045E-009
   545.030000000000       3.583790847928450E-009
   546.210000000000       3.814122021335578E-009
   549.980000000000       4.748287569903743E-009
   551.030000000000       5.092733712248911E-009
   555.480000000000       7.236389853950250E-009
   560.330000000000       1.440020459257537E-007
   561.030000000000       1.336610570855517E-007
   562.210000000000       1.170511626274974E-007
   566.640000000000       6.544232855674876E-008
   570.330000000000       3.551830792841484E-008
   572.310000000000       2.442898339184539E-008
   576.330000000000       1.227594662153654E-008
   577.030000000000       1.132069554959681E-008
   578.030000000000       1.039516284747865E-008
   580.330000000000       9.473771657860244E-009
   582.330000000000       9.245271063428499E-009
   582.730000000000       9.279388243821315E-009
   583.130000000000       9.382820421595012E-009
   583.530000000000       9.604153878509527E-009
   583.810000000000       1.007457662485431E-008
   583.930000000000       1.031555563074547E-008
   584.730000000000       1.037341810374226E-008
   585.130000000000       9.927020956365531E-009
   585.530000000000       9.951093563698586E-009
   585.930000000000       1.010062459232613E-008
   586.330000000000       1.031756337412698E-008
   588.330000000000       1.193672294351255E-008
   589.650000000000       1.354764936532529E-008
   592.030000000000       1.955946926638914E-008
   592.330000000000       2.078230028277811E-008
   595.550000000000       4.262620682225040E-008
   597.210000000000       6.179474835802167E-008
   598.330000000000       7.938846762172730E-008
   601.500000000000       2.844786311112027E-008
   604.510000000000       3.712381680330717E-008
   607.520000000000       1.266242548016677E-007
   608.330000000000       1.526183421842278E-007
   612.030000000000       2.169092401484675E-007
   613.590000000000       2.262917353406011E-007
   616.660000000000       2.721203653558069E-007
   619.730000000000       3.800679070199129E-007
   622.210000000000       5.170030993520464E-007
   624.330000000000       6.628288667212218E-007
   625.920000000000       7.806150875964661E-007
   632.180000000000       1.263282158647077E-006
   637.030000000000       1.634599174092400E-006
   638.510000000000       1.747745088526937E-006
   639.330000000000       1.810872917263190E-006
   644.890000000000       2.264996743910836E-006
   648.110000000000       2.566401132631143E-006
   651.340000000000       2.900371170753235E-006
   657.850000000000       3.657044756287593E-006
   659.330000000000       3.841682114062775E-006
   664.430000000000       4.500869747124087E-006
   671.080000000000       5.388073940285929E-006
   677.790000000000       6.307079043361720E-006
   681.180000000000       6.781815925303842E-006
   684.560000000000       1.368509305720785E-005
   691.440000000000       1.452932014763692E-005
   698.320000000000       1.540222187175751E-005
   705.340000000000       1.632574281114074E-005
   712.360000000000       1.728083736786135E-005
   719.520000000000       1.828621972769050E-005
   726.680000000000       1.932281580956642E-005
   733.980000000000       2.041163399839935E-005
   741.280000000000       2.153226156125656E-005
   748.730000000000       2.270825930941672E-005
   756.180000000000       2.391642441583236E-005
   763.780000000000       2.518161850677293E-005
   771.380000000000       2.647911800826880E-005
   779.140000000000       2.783663029253589E-005
   786.890000000000       2.922457894848060E-005
   794.800000000000       3.067351446324539E-005
   802.710000000000       3.215682372725572E-005
   810.770000000000       3.370539465378551E-005
   818.840000000000       3.528828512148585E-005
   822.930000000000       3.610252973010843E-005
   827.030000000000       3.692673375835872E-005
   830.210000000000       3.757136469925740E-005
   835.300000000000       3.861287800663440E-005
   837.260000000000       3.901710365046894E-005
   843.650000000000       4.034655534444433E-005
   849.190000000000       4.151358573778103E-005
   850.690000000000       4.183188868724330E-005
   852.090000000000       4.212971549581059E-005
   855.210000000000       4.279652231816147E-005
   860.610000000000       4.395990508672458E-005
   862.260000000000       4.431770145845088E-005
   869.210000000000       4.583661263390748E-005
   870.690000000000       4.616249074995345E-005
   871.970000000000       4.644498340673899E-005
   874.190000000000       4.693639251834053E-005
   875.210000000000       4.716279421334730E-005
   877.910000000000       4.776385231796607E-005
   882.260000000000       4.873785405394666E-005
   885.690000000000       4.951065002731516E-005
   886.690000000000       4.973676328072820E-005
   890.210000000000       5.053516271951948E-005
   892.220000000000       5.099301558460173E-005
   894.190000000000       5.144303995361654E-005
   895.550000000000       5.175445413360762E-005
   896.970000000000       5.208023848154634E-005
   897.260000000000       5.214679964435213E-005
   901.690000000000       5.316913593778791E-005
   904.510000000000       5.382443743136010E-005
   906.210000000000       5.422078263376693E-005
   909.190000000000       5.491769755193255E-005
   911.690000000000       5.550380082047552E-005
   913.260000000000       5.587298631798412E-005
   913.550000000000       5.594127182307589E-005
   916.210000000000       5.657060667443391E-005
   916.970000000000       5.675410742665432E-005
   917.220000000000       5.681494843393443E-005
   917.690000000000       5.692982403253567E-005
   921.690000000000       5.792848309515129E-005
   922.210000000000       5.804925737959942E-005
   922.690000000000       5.808122699225540E-005
   923.260000000000       5.815321089292675E-005
   923.690000000000       5.837469063705598E-005
   924.090000000000       5.856337851095654E-005
   924.490000000000       5.869810739253522E-005
   924.890000000000       5.878117991120982E-005
   925.130000000000       5.880116112563034E-005
   925.190000000000       5.880169687187069E-005
   925.290000000000       5.879786245170250E-005
   926.090000000000       5.855251213671840E-005
   926.210000000000       5.854070316064883E-005
   926.490000000000       5.874875420111035E-005
   926.890000000000       5.911920205188929E-005
   927.290000000000       5.938137269279138E-005
   927.690000000000       5.955969340048614E-005
   928.210000000000       5.972337718330640E-005
   928.610000000000       5.981813298487543E-005
   929.010000000000       5.988301067772447E-005
   929.260000000000       5.990127669682394E-005
   929.690000000000       5.986672613397134E-005
   929.810000000000       5.983268151433938E-005
   930.610000000000       5.892540317604971E-005
   931.010000000000       5.926939581192281E-005
   931.410000000000       6.002202075854989E-005
   931.810000000000       6.042775426745941E-005
   931.970000000000       6.053909684086355E-005
   932.210000000000       6.067734630153994E-005
   933.260000000000       6.107914477067090E-005
   933.690000000000       6.120109862109091E-005
   934.210000000000       6.133290425147935E-005
   935.190000000000       6.152954934223506E-005
   935.660000000000       6.158441767442731E-005
   936.060000000000       6.159366375927406E-005
   936.460000000000       6.154174128514652E-005
   936.860000000000       6.133845415042111E-005
   937.220000000000       6.082802349453544E-005
   937.660000000000       5.888125770505965E-005
   938.060000000000       5.972687455810900E-005
   938.460000000000       6.132426545795017E-005
   938.860000000000       6.196769619201635E-005
   939.260000000000       6.231725692670721E-005
   939.690000000000       6.256883455087796E-005
   941.190000000000       6.313699022081127E-005
   941.260000000000       6.315812501969977E-005
   944.210000000000       6.393422026113779E-005
   945.190000000000       6.415894418008067E-005
   947.190000000000       6.446449582760060E-005
   947.590000000000       6.446166947244792E-005
   947.970000000000       6.441155952921718E-005
   948.390000000000       6.423146033706282E-005
   948.790000000000       6.377680297185857E-005
   949.590000000000       5.719145600650900E-005
   949.690000000000       5.536438020163514E-005
   949.990000000000       5.950560758109009E-005
   950.130000000000       6.151330537618627E-005
   950.390000000000       6.330477859191145E-005
   950.650000000000       6.415604538274095E-005
   951.190000000000       6.502152560121998E-005
   952.220000000000       6.571980443105356E-005
   953.190000000000       6.611582382068104E-005
   954.210000000000       6.644214137771231E-005
   957.190000000000       6.724550627939576E-005
   957.970000000000       6.744565407593510E-005
   960.150000000000       6.800036251346894E-005
   961.260000000000       6.828128929857418E-005
   963.190000000000       6.876793039626189E-005
   963.970000000000       6.896354481923409E-005
   965.690000000000       6.939136181693358E-005
   967.970000000000       6.993533162011116E-005
   968.220000000000       6.999079034818851E-005
   969.760000000000       7.027177189607079E-005
   969.970000000000       7.029361037833356E-005
   970.130000000000       7.030494366677674E-005
   970.370000000000       7.031036268378545E-005
   970.770000000000       7.027291763289572E-005
   971.170000000000       7.012672751703873E-005
   971.570000000000       6.972648979925983E-005
   972.370000000000       6.168147799099053E-005
   972.770000000000       6.399506859955780E-005
   973.170000000000       6.913602650045358E-005
   973.570000000000       7.034259612045902E-005
   973.970000000000       7.089266849546187E-005
   975.970000000000       7.192626962978537E-005
   977.260000000000       7.231403056355283E-005
   978.220000000000       7.257832991024498E-005
   979.450000000000       7.290563214373115E-005
   979.970000000000       7.304210113273284E-005
   980.690000000000       7.322989693025480E-005
   984.220000000000       7.414237563767916E-005
   984.790000000000       7.428920603640442E-005
   985.130000000000       7.437679264521088E-005
   985.210000000000       7.439739773501867E-005
   985.970000000000       7.459307656690263E-005
   988.220000000000       7.517245817036783E-005
   989.190000000000       7.542222621562013E-005
   990.220000000000       7.568767811989117E-005
   990.620000000000       7.579074484314210E-005
   991.020000000000       7.589380054032672E-005
   991.420000000000       7.599695883901896E-005
   991.820000000000       7.610013711389625E-005
   992.260000000000       7.621357793355004E-005
   992.620000000000       7.630646877796013E-005
   993.020000000000       7.640961087106947E-005
   993.420000000000       7.651288485228702E-005
   993.820000000000       7.661607625942937E-005
   994.220000000000       7.671932831031526E-005
   995.970000000000       7.717124210026088E-005
   996.220000000000       7.723591567832632E-005
   999.140000000000       7.799090498339594E-005
   1000.22000000000       7.827049814844034E-005
   1000.69000000000       7.839258203844147E-005
   1001.13000000000       7.850688612652759E-005
   1004.19000000000       7.930238361417604E-005
   1005.21000000000       7.956777463851500E-005
   1006.22000000000       7.983064908127758E-005
   1009.13000000000       8.058841814138725E-005
   1009.79000000000       8.076029875654448E-005
   1011.13000000000       8.110932044849502E-005
   1011.97000000000       8.132798968277639E-005
   1012.26000000000       8.140345762803290E-005
   1016.22000000000       8.243168503752791E-005
   1017.13000000000       8.266618866575882E-005
   1019.22000000000       8.319690250223795E-005
   1021.13000000000       8.365181131510301E-005
   1023.13000000000       8.394254801076713E-005
   1023.53000000000       8.389538877675945E-005
   1023.93000000000       8.372862139609687E-005
   1024.19000000000       8.349263560816559E-005
   1024.33000000000       8.329171103092684E-005
   1024.73000000000       8.213604164978414E-005
   1025.53000000000       5.793508774571433E-005
   1025.69000000000       2.921451058819130E-005
   1025.93000000000       6.077531853964853E-005
   1026.33000000000       7.911541064167398E-005
   1026.73000000000       8.275010786262556E-005
   1026.97000000000       8.366227107184802E-005
   1027.13000000000       8.406095123777120E-005
   1029.13000000000       8.566896600786717E-005
   1029.42000000000       8.577416767529395E-005
   1029.79000000000       8.589899941600905E-005
   1030.21000000000       8.603220672290459E-005
   1032.22000000000       8.661203753123549E-005
   1033.13000000000       8.686108721679521E-005
   1037.26000000000       8.796606286702725E-005
   1039.13000000000       8.846192751525528E-005
   1039.71000000000       8.861554472091524E-005
   1044.79000000000       8.995970601477556E-005
   1046.97000000000       9.053632624787381E-005
   1047.22000000000       9.060248189604898E-005
   1049.13000000000       9.110787701958519E-005
   1049.19000000000       9.112377326467369E-005
   1050.11000000000       9.136714919589890E-005
   1055.36000000000       9.275697957570827E-005
   1060.61000000000       9.414786563786005E-005
   1065.13000000000       9.534585548362566E-005
   1067.22000000000       9.590000080516723E-005
   1070.79000000000       9.684612081906683E-005
   1071.21000000000       9.695823109128394E-005
   1071.97000000000       9.715987317012397E-005
   1076.79000000000       9.843821527661302E-005
   1080.13000000000       9.932398445639269E-005
   1080.79000000000       9.949936735948925E-005
   1081.93000000000       9.980194968136918E-005
   1082.79000000000       1.000295126172910E-004
   1083.19000000000       1.001357709084462E-004
   1083.59000000000       1.002421555045121E-004
   1083.99000000000       1.003483853672299E-004
   1084.39000000000       1.004543390093921E-004
   1085.19000000000       1.006659745654261E-004
   1085.59000000000       1.007722292996478E-004
   1085.99000000000       1.008784732191184E-004
   1086.39000000000       1.009847344952550E-004
   1086.79000000000       1.010909417493008E-004
   1088.79000000000       1.016212990447525E-004
   1092.22000000000       1.025312246581919E-004
   1092.74000000000       1.026692996456500E-004
   1098.79000000000       1.042730249806099E-004
   1100.13000000000       1.046285710206171E-004
   1103.67000000000       1.055686184742965E-004
   1108.79000000000       1.069290784580629E-004
   1114.71000000000       1.085004924567302E-004
   1114.96000000000       1.085664878501071E-004
   1124.79000000000       1.111714622951014E-004
   1125.13000000000       1.112613522656295E-004
   1125.86000000000       1.114547571091307E-004
   1137.11000000000       1.144280678828960E-004
   1139.79000000000       1.151350423288683E-004
   1139.97000000000       1.151826298412132E-004
   1148.49000000000       1.174255684434873E-004
   1159.79000000000       1.203904275434889E-004
   1159.97000000000       1.204371590092334E-004
   1165.77000000000       1.219535953425430E-004
   1171.57000000000       1.234661851108525E-004
   1174.96000000000       1.243485270719098E-004
   1183.29000000000       1.265096271313741E-004
   1184.79000000000       1.268972301619614E-004
   1190.96000000000       1.284904863600515E-004
   1195.12000000000       1.295609400583210E-004
   1200.96000000000       1.310583736312395E-004
   1206.96000000000       1.325796801733198E-004
   1207.07000000000       1.326068737133256E-004
   1210.96000000000       1.335221424581033E-004
   1212.96000000000       1.337544807317790E-004
   1213.36000000000       1.336759540868158E-004
   1213.76000000000       1.334540930585178E-004
   1214.16000000000       1.328994882790000E-004
   1214.56000000000       1.313748417855913E-004
   1214.57000000000       1.313111530505491E-004
   1215.36000000000       9.608970232678867E-005
   1215.37000000000       9.427617314994224E-005
   1215.76000000000       1.416216944234474E-005
   1216.16000000000       1.169743618084896E-004
   1216.56000000000       1.298152732448363E-004
   1216.96000000000       1.329212910618385E-004
   1218.96000000000       1.354227189135056E-004
   1219.14000000000       1.354969916032575E-004
   1222.96000000000       1.366426883496641E-004
   1228.96000000000       1.381876243535929E-004
   1231.33000000000       1.387882009334336E-004
   1238.96000000000       1.407088900544076E-004
   1243.65000000000       1.418821413567128E-004
   1254.96000000000       1.446940705535935E-004
   1256.08000000000       1.449713426949347E-004
   1268.64000000000       1.480600516080835E-004
   1269.96000000000       1.483832103836344E-004
   1281.33000000000       1.511477717795738E-004
   1289.96000000000       1.532277112892219E-004
   1294.14000000000       1.542287036157905E-004
   1307.08000000000       1.573078359133635E-004
   1314.97000000000       1.591683360081856E-004
   1324.16000000000       1.613175619565065E-004
   1333.36000000000       1.634479690871160E-004
   1340.02000000000       1.649770807896292E-004
   1346.69000000000       1.664973894023230E-004
   1353.42000000000       1.680204767169472E-004
   1360.16000000000       1.695336836396045E-004
   1373.76000000000       1.725503897539887E-004
   1387.50000000000       1.755488731928025E-004
   1394.43000000000       1.770421376336151E-004
   1401.37000000000       1.785246110629172E-004
   1415.38000000000       1.814819499011188E-004
   1429.54000000000       1.844153336683284E-004
   1436.69000000000       1.858749467757200E-004
   1443.83000000000       1.873181069793471E-004
   1451.05000000000       1.887636832178708E-004
   1458.27000000000       1.901936799147055E-004
   1465.56000000000       1.916222651616943E-004
   1472.85000000000       1.930356587810648E-004
   1487.58000000000       1.958458008148228E-004
   1495.02000000000       1.972414238453894E-004
   1502.46000000000       1.986213220064169E-004
   1517.48000000000       2.013607096336345E-004
   1532.66000000000       2.040636895856879E-004
   1547.99000000000       2.067251812040447E-004
   1555.73000000000       2.080432785656457E-004
   1563.46000000000       2.093423328809335E-004
   1565.20000000000       2.096319217288290E-004
   1579.10000000000       2.119169777932077E-004
   1585.20000000000       2.129028350866269E-004
   1594.89000000000       2.144453214638244E-004
   1600.20000000000       2.152799742158663E-004
   1610.84000000000       2.169308666096200E-004
   1616.20000000000       2.177500912860258E-004
   1626.20000000000       2.192567255970235E-004
   1626.95000000000       2.193693224576964E-004
   1632.20000000000       2.201477902464499E-004
   1636.20000000000       2.207356475510467E-004
   1638.20000000000       2.210281856935263E-004
   1638.60000000000       2.210859044309661E-004
   1639.00000000000       2.211439373689662E-004
   1639.40000000000       2.212017174760928E-004
   1639.80000000000       2.212575922923543E-004
   1640.60000000000       2.213530203180545E-004
   1641.00000000000       2.214307537064714E-004
   1641.40000000000       2.214916970188923E-004
   1641.80000000000       2.215505845915175E-004
   1642.20000000000       2.216091043082984E-004
   1643.22000000000       2.217569321881995E-004
   1644.20000000000       2.218980826210060E-004
   1648.20000000000       2.224729309483222E-004
   1654.20000000000       2.233263471314729E-004
   1659.65000000000       2.240927234028622E-004
   1664.20000000000       2.247260399399164E-004
   1676.25000000000       2.263757941607197E-004
   1680.20000000000       2.269074586396724E-004
   1693.01000000000       2.286041106347780E-004
   1695.20000000000       2.288894855764925E-004
   1709.94000000000       2.307793487609176E-004
   1715.20000000000       2.314399105016933E-004
   1727.04000000000       2.328989478223485E-004
   1740.20000000000       2.344774011827994E-004
   1750.98000000000       2.357369770923993E-004
   1761.75000000000       2.369644546135823E-004
   1770.56000000000       2.379458323063822E-004
   1779.37000000000       2.389078959673551E-004
   1788.27000000000       2.398589429611006E-004
   1797.16000000000       2.407891877287239E-004
   1806.15000000000       2.417107447564000E-004
   1815.13000000000       2.426115553561929E-004
   1824.21000000000       2.435020911130871E-004
   1833.29000000000       2.443722085446167E-004
   1842.45000000000       2.452301345158580E-004
   1851.62000000000       2.460680782018040E-004
   1860.88000000000       2.468942746940289E-004
   1870.13000000000       2.476997918748695E-004
   1888.84000000000       2.492687552675542E-004
   1907.72000000000       2.507711317204396E-004
   1917.26000000000       2.515009510386740E-004
   1926.80000000000       2.522109740581110E-004
   1936.44000000000       2.529077592231029E-004
   1946.07000000000       2.535836570614425E-004
   1965.53000000000       2.548902695242966E-004
   1985.19000000000       2.561301485708161E-004
   2005.04000000000       2.572746016267233E-004
   2015.06000000000       2.577942788443727E-004
   2025.09000000000       2.582954677844422E-004
   2045.34000000000       2.592503664771991E-004
   2050.05000000000       2.594616795131734E-004
   2050.45000000000       2.594795569427614E-004
   2065.79000000000       2.601390592543392E-004
   2076.12000000000       2.605595050702084E-004
   2086.45000000000       2.609622145846888E-004
   2107.31000000000       2.617195339292531E-004
   2117.85000000000       2.620746435687669E-004
   2128.39000000000       2.624121141208237E-004
   2139.03000000000       2.627342047172995E-004
   2149.67000000000       2.630386841282023E-004
   2160.42000000000       2.633272858516751E-004
   2171.17000000000       2.635996737378747E-004
   2192.88000000000       2.640951428933060E-004
   2214.81000000000       2.645256353239391E-004
   2225.88000000000       2.647179360750337E-004
   2236.96000000000       2.648926467860922E-004
   2248.14000000000       2.650515948243543E-004
   2259.33000000000       2.651942360760397E-004
   2281.92000000000       2.654331456610102E-004
   2304.74000000000       2.656079265091692E-004
   2310.75000000000       2.656439058883388E-004
   2327.79000000000       2.657206490581884E-004
   2330.75000000000       2.657308734686245E-004
   2345.75000000000       2.657656122121822E-004
   2351.06000000000       2.657719024562467E-004
   2361.75000000000       2.657741808272964E-004
   2371.75000000000       2.657652412644724E-004
   2374.58000000000       2.657604649568439E-004
   2377.75000000000       2.657543655015740E-004
   2381.75000000000       2.657450212522843E-004
   2383.75000000000       2.657395802231054E-004
   2384.15000000000       2.657388644397445E-004
   2384.55000000000       2.657374388187229E-004
   2384.95000000000       2.657361070521710E-004
   2385.35000000000       2.657354403506420E-004
   2386.15000000000       2.657325554428671E-004
   2386.55000000000       2.657320636656706E-004
   2386.95000000000       2.657305734814292E-004
   2387.35000000000       2.657291372735275E-004
   2387.75000000000       2.657275817380584E-004
   2389.75000000000       2.657210500087740E-004
   2393.75000000000       2.657069283959212E-004
   2398.32000000000       2.656884373613487E-004
   2399.75000000000       2.656822534971944E-004
   2409.75000000000       2.656337805118230E-004
   2411.56000000000       2.656242800523339E-004
   2422.30000000000       2.655578667181255E-004
   2425.75000000000       2.655344286549219E-004
   2436.56000000000       2.654534416512469E-004
   2440.75000000000       2.654189355384646E-004
   2446.53000000000       2.653685726859039E-004
   2456.56000000000       2.652731283358556E-004
   2460.75000000000       2.652306030979513E-004
   2470.99000000000       2.651194461578412E-004
   2471.56000000000       2.651130567883010E-004
   2485.75000000000       2.649427345243096E-004
   2487.56000000000       2.649200789773127E-004
   2495.70000000000       2.648127565741682E-004
   2497.56000000000       2.647872902094642E-004
   2503.56000000000       2.647037636979362E-004
   2507.56000000000       2.646463894873525E-004
   2509.56000000000       2.646173291834217E-004
   2509.96000000000       2.646116204382647E-004
   2510.36000000000       2.646054373353983E-004
   2510.76000000000       2.645998008028751E-004
   2511.16000000000       2.645935248895930E-004
   2511.96000000000       2.645815794645652E-004
   2512.36000000000       2.645760291505207E-004
   2512.76000000000       2.645696199652406E-004
   2513.16000000000       2.645643125335504E-004
   2513.56000000000       2.645580041049262E-004
   2515.56000000000       2.645276939713129E-004
   2519.56000000000       2.644663904454202E-004
   2520.66000000000       2.644490139832466E-004
   2525.56000000000       2.643711363938234E-004
   2535.56000000000       2.642065383793126E-004
   2545.87000000000       2.640285363215082E-004
   2551.56000000000       2.639268896916242E-004
   2566.56000000000       2.636463318073821E-004
   2571.32000000000       2.635532837128897E-004
   2586.56000000000       2.632450844563695E-004
   2597.04000000000       2.630228721759561E-004
   2600.81000000000       2.629409520099961E-004
   2601.21000000000       2.629166482489500E-004
   2611.56000000000       2.626845704744560E-004
   2623.01000000000       2.624195648804512E-004
   2633.67000000000       2.621740150245601E-004
   2648.20000000000       2.619126559172519E-004
   2649.24000000000       2.619009482615385E-004
   2658.67000000000       2.618478768778561E-004
   2663.80000000000       2.618660244438933E-004
   2668.20000000000       2.619066284108393E-004
   2675.73000000000       2.620221602949169E-004
   2678.67000000000       2.620796275343079E-004
   2683.20000000000       2.621770097953470E-004
   2688.80000000000       2.623006141532579E-004
   2693.67000000000       2.624018058194381E-004
   2699.20000000000       2.624768007250485E-004
   2702.49000000000       2.624777783076761E-004
   2708.80000000000       2.622483036769238E-004
   2709.20000000000       2.622134064719880E-004
   2709.67000000000       2.621667202770913E-004
   2715.20000000000       2.609581948342345E-004
   2719.20000000000       2.591941459193176E-004
   2719.67000000000       2.589212715274027E-004
   2721.20000000000       2.577093336329214E-004
   2721.60000000000       2.574259648562054E-004
   2722.00000000000       2.570669867196328E-004
   2722.40000000000       2.565782140643214E-004
   2722.80000000000       2.559108551345856E-004
   2723.60000000000       2.548732729488110E-004
   2723.80000000000       2.552182218304588E-004
   2724.40000000000       2.562836702298749E-004
   2724.80000000000       2.569281532880837E-004
   2725.20000000000       2.575176931191900E-004
   2725.67000000000       2.581474817237995E-004
   2727.20000000000       2.597737558628523E-004
   2729.07000000000       2.609958540042656E-004
   2729.51000000000       2.611922412058738E-004
   2731.20000000000       2.616707940954344E-004
   2731.67000000000       2.617749424164680E-004
   2732.07000000000       2.618671206278506E-004
   2732.47000000000       2.619619058920617E-004
   2732.87000000000       2.620541267875376E-004
   2733.27000000000       2.621422839103303E-004
   2734.07000000000       2.623032689281776E-004
   2734.47000000000       2.623776450441736E-004
   2734.87000000000       2.624492970537125E-004
   2735.27000000000       2.625185804524874E-004
   2735.67000000000       2.625854115500886E-004
   2737.20000000000       2.627912608483137E-004
   2737.67000000000       2.628365996317769E-004
   2739.80000000000       2.629563434634377E-004
   2741.67000000000       2.629663954271715E-004
   2747.20000000000       2.624535986585363E-004
   2747.67000000000       2.623521821463135E-004
   2749.80000000000       2.616900579808437E-004
   2754.07000000000       2.598015975901735E-004
   2755.80000000000       2.591003816138902E-004
   2756.81000000000       2.583442383147997E-004
   2757.67000000000       2.574847075280296E-004
   2759.80000000000       2.552395486661402E-004
   2761.80000000000       2.517578850265043E-004
   2762.20000000000       2.507626248576598E-004
   2762.60000000000       2.496207897843962E-004
   2763.00000000000       2.480736704842350E-004
   2763.40000000000       2.456089407186688E-004
   2764.20000000000       2.410136650231037E-004
   2764.60000000000       2.434983159291278E-004
   2765.00000000000       2.457481038596232E-004
   2765.40000000000       2.477245005377017E-004
   2765.80000000000       2.494527568887055E-004
   2767.80000000000       2.551012713386037E-004
   2771.80000000000       2.602162342556027E-004
   2773.67000000000       2.612990713261978E-004
   2774.07000000000       2.614943222739114E-004
   2777.80000000000       2.626094906247460E-004
   2778.20000000000       2.627269401449968E-004
   2784.38000000000       2.640743887589343E-004
   2787.80000000000       2.644735674903877E-004
   2788.67000000000       2.645386706018885E-004
   2789.07000000000       2.645648283599268E-004
   2798.20000000000       2.644341432720024E-004
   2803.80000000000       2.634441411605432E-004
   2805.07000000000       2.631615394728978E-004
   2808.67000000000       2.622623310853066E-004
   2812.22000000000       2.605935065563730E-004
   2815.07000000000       2.586606749149239E-004
   2818.80000000000       2.556718235596431E-004
   2821.07000000000       2.528306054041337E-004
   2823.20000000000       2.489856730478679E-004
   2825.07000000000       2.449251480043626E-004
   2827.07000000000       2.396599226616247E-004
   2827.47000000000       2.372650664215482E-004
   2827.87000000000       2.339754328366631E-004
   2828.27000000000       2.290929049918374E-004
   2828.67000000000       2.209621165596996E-004
   2829.47000000000       2.052460893983482E-004
   2829.87000000000       2.133511284607579E-004
   2830.27000000000       2.202823219186208E-004
   2830.67000000000       2.256732384340641E-004
   2831.07000000000       2.298576617501138E-004
   2833.07000000000       2.423077435577670E-004
   2833.67000000000       2.446694215582803E-004
   2837.07000000000       2.533249182101980E-004
   2838.80000000000       2.560331293898757E-004
   2840.34000000000       2.576997867965412E-004
   2843.07000000000       2.597085734742093E-004
   2845.10000000000       2.609232350133911E-004
   2853.07000000000       2.625422971097471E-004
   2863.80000000000       2.640909978531569E-004
   2868.75000000000       2.643296170167166E-004
   2869.07000000000       2.643364867255250E-004
   2870.10000000000       2.643550621380683E-004
   2884.07000000000       2.641505597499536E-004
   2890.10000000000       2.638427251276685E-004
   2897.43000000000       2.632393161184083E-004
   2904.07000000000       2.624385467054453E-004
   2905.10000000000       2.622951729884808E-004
   2921.10000000000       2.585144970040881E-004
   2926.41000000000       2.551084896296177E-004
   2929.07000000000       2.523365052218198E-004
   2931.10000000000       2.498163084492624E-004
   2937.10000000000       2.449536942851575E-004
   2941.10000000000       2.340668313186885E-004
   2943.10000000000       2.210666021944930E-004
   2943.50000000000       2.158698303651550E-004
   2943.90000000000       2.086337398013551E-004
   2944.30000000000       1.977742410064995E-004
   2944.70000000000       1.793092677060471E-004
   2945.50000000000       1.520201635681650E-004
   2945.90000000000       1.698261592486646E-004
   2946.30000000000       1.826214769238197E-004
   2946.70000000000       1.921369414389450E-004
   2947.10000000000       1.994836837699656E-004
   2949.10000000000       2.215110400863574E-004
   2953.10000000000       2.411483735834997E-004
   2955.67000000000       2.479836185341371E-004
   2959.10000000000       2.526110143525658E-004
   2969.10000000000       2.580988785290770E-004
   2985.10000000000       2.585394947728860E-004
   3000.10000000000       2.590901720459004E-004
   3015.08000000000       2.588625233654460E-004
   3020.10000000000       2.586698257666312E-004
   3045.10000000000       2.575287555386950E-004
   3064.00000000000       2.565935169628639E-004
   3075.68000000000       2.559963593138383E-004
   3087.74000000000       2.553558730277573E-004
   3089.00000000000       2.552865075742667E-004
   3103.52000000000       2.544304782531954E-004
   3106.44000000000       2.542434871772253E-004
   3109.00000000000       2.540744926205378E-004
   3112.74000000000       2.538200907703346E-004
   3121.80000000000       2.531569885560908E-004
   3122.20000000000       2.531217963632990E-004
   3124.00000000000       2.529796016445579E-004
   3128.52000000000       2.526021624528226E-004
   3132.74000000000       2.522182652619083E-004
   3137.51000000000       2.517284553673623E-004
   3140.00000000000       2.514376610653825E-004
   3147.74000000000       2.502629218218626E-004
   3148.52000000000       2.501095250668146E-004
   3150.00000000000       2.497975174888862E-004
   3156.00000000000       2.482591871200462E-004
   3160.00000000000       2.470843158020175E-004
   3162.00000000000       2.467080686129124E-004
   3162.40000000000       2.467321681400790E-004
   3162.80000000000       2.468223883975279E-004
   3163.20000000000       2.469462801479821E-004
   3163.52000000000       2.470016944212781E-004
   3163.60000000000       2.470029178725881E-004
   3164.40000000000       2.466463675903578E-004
   3164.80000000000       2.461455289006386E-004
   3165.20000000000       2.453467766983234E-004
   3165.60000000000       2.443139902979865E-004
   3166.00000000000       2.433264747762468E-004
   3168.00000000000       2.401319676302678E-004
   3168.88000000000       2.389479248849553E-004
   3172.00000000000       2.400222816066433E-004
   3173.74000000000       2.417598653342159E-004
   3178.00000000000       2.411903840626376E-004
   3179.52000000000       2.387997311221566E-004
   3179.74000000000       2.383547078257045E-004
   3183.74000000000       2.234235821702572E-004
   3185.74000000000       2.019830098635620E-004
   3186.14000000000       1.942787762563037E-004
   3186.54000000000       1.840906497114825E-004
   3186.94000000000       1.696652326178139E-004
   3187.34000000000       1.475265609754095E-004
   3188.00000000000       1.279978408576361E-004
   3188.14000000000       1.334124222887748E-004
   3188.54000000000       1.501240060979784E-004
   3188.94000000000       1.642877607775052E-004
   3189.34000000000       1.748580688029135E-004
   3189.74000000000       1.831269776912058E-004
   3191.74000000000       2.083160469188118E-004
   3195.52000000000       2.285311748997089E-004
   3195.74000000000       2.292348170912326E-004
   3199.52000000000       2.376469843663587E-004
   3200.57000000000       2.391864756536171E-004
   3201.52000000000       2.403631928159552E-004
   3201.74000000000       2.406094435935744E-004
   3202.32000000000       2.412182255091912E-004
   3202.72000000000       2.416059965471876E-004
   3203.12000000000       2.419691179515670E-004
   3203.92000000000       2.426289791796264E-004
   3204.00000000000       2.426908291420401E-004
   3204.32000000000       2.429286220528697E-004
   3204.72000000000       2.432101241645514E-004
   3205.12000000000       2.434744003059846E-004
   3205.52000000000       2.437215361794391E-004
   3207.52000000000       2.447453041253415E-004
   3211.52000000000       2.460047033680100E-004
   3211.74000000000       2.460527536102209E-004
   3217.52000000000       2.468706376570156E-004
   3219.00000000000       2.469914911363076E-004
   3227.52000000000       2.473573654946526E-004
   3227.74000000000       2.473615133090600E-004
   3232.57000000000       2.474157164092281E-004
   3239.00000000000       2.473726835486294E-004
   3242.74000000000       2.473002009622043E-004
   3243.52000000000       2.472814277263619E-004
   3254.55000000000       2.469333403101268E-004
   3258.52000000000       2.467863145701617E-004
   3262.74000000000       2.466264399060068E-004
   3264.00000000000       2.465782928052008E-004
   3264.90000000000       2.465427248827515E-004
   3278.52000000000       2.459676910466147E-004
   3279.55000000000       2.459124414540904E-004
   3287.74000000000       2.452464975266338E-004
   3297.55000000000       2.450584576012142E-004
   3299.55000000000       2.449921399371117E-004
   3303.52000000000       2.448458537599723E-004
   3314.55000000000       2.443567645723887E-004
   3330.52000000000       2.433903679070754E-004
   3340.55000000000       2.422930572129617E-004
   3346.55000000000       2.411958211198718E-004
   3347.59000000000       2.409149570193433E-004
   3350.55000000000       2.396753821108396E-004
   3352.55000000000       2.387896412541761E-004
   3352.95000000000       2.386042249321922E-004
   3353.35000000000       2.384180024584596E-004
   3353.75000000000       2.382482779990049E-004
   3354.15000000000       2.381373530662257E-004
   3354.95000000000       2.386538596216975E-004
   3355.35000000000       2.388988864352860E-004
   3355.75000000000       2.390195085398226E-004
   3356.15000000000       2.391661095968589E-004
   3356.55000000000       2.393206353557078E-004
   3358.55000000000       2.399835323721926E-004
   3362.55000000000       2.407810232313500E-004
   3363.83000000000       2.409003384368499E-004
   3368.55000000000       2.410379152781448E-004
   3372.59000000000       2.411396150454348E-004
   3378.55000000000       2.411259122945802E-004
   3392.59000000000       2.407138131181475E-004
   3394.55000000000       2.406242604863671E-004
   3397.47000000000       2.404796246986311E-004
   3407.59000000000       2.398813020629986E-004
   3409.55000000000       2.397453690398478E-004
   3421.80000000000       2.385908216089035E-004
   3422.20000000000       2.385054917480837E-004
   3423.59000000000       2.383075009714964E-004
   3429.55000000000       2.373302954519929E-004
   3431.44000000000       2.369746615362791E-004
   3433.59000000000       2.364527078654338E-004
   3439.59000000000       2.343279028371760E-004
   3443.59000000000       2.314406653075178E-004
   3445.59000000000       2.286780039157515E-004
   3445.99000000000       2.280021460788304E-004
   3446.39000000000       2.272904257381328E-004
   3446.79000000000       2.265726348768227E-004
   3447.19000000000       2.259999956306375E-004
   3447.99000000000       2.280347565920160E-004
   3448.39000000000       2.285622869550968E-004
   3448.79000000000       2.290161030688582E-004
   3449.19000000000       2.298980551354321E-004
   3449.59000000000       2.305832901683374E-004
   3451.59000000000       2.323226758434136E-004
   3454.55000000000       2.339141307053042E-004
   3455.59000000000       2.342667916169472E-004
   3461.59000000000       2.354101873857781E-004
   3465.76000000000       2.357072129808264E-004
   3471.59000000000       2.357762270748905E-004
   3487.59000000000       2.356914969306455E-004
   3500.41000000000       2.353747487189815E-004
   3502.59000000000       2.353124929922777E-004
   3513.64000000000       2.350218917006758E-004
   3522.59000000000       2.348483344599923E-004
   3534.20000000000       2.347185253008879E-004
   3535.42000000000       2.347122406340790E-004
   3538.64000000000       2.347013464707232E-004
   3547.59000000000       2.346990459299619E-004
   3552.00000000000       2.347065847954400E-004
   3558.64000000000       2.347230263643308E-004
   3559.20000000000       2.347242677680883E-004
   3570.77000000000       2.347029602205523E-004
   3573.64000000000       2.346702965640951E-004
   3577.00000000000       2.346071100934529E-004
   3579.20000000000       2.345453396109867E-004
   3589.64000000000       2.337896270155916E-004
   3594.20000000000       2.329279469962577E-004
   3597.00000000000       2.321854802029520E-004
   3599.64000000000       2.311050315434803E-004
   3605.01000000000       2.272059386603397E-004
   3605.64000000000       2.265654372044905E-004
   3606.48000000000       2.255230244428577E-004
   3609.64000000000       2.194510626418639E-004
   3610.20000000000       2.178184700006292E-004
   3611.64000000000       2.117719030450886E-004
   3612.00000000000       2.095589140791207E-004
   3612.44000000000       2.062726337138807E-004
   3612.84000000000       2.028470869384292E-004
   3613.24000000000       1.995492804668484E-004
   3614.04000000000       2.102477992327258E-004
   3614.44000000000       2.140538924838181E-004
   3614.84000000000       2.165320690209265E-004
   3615.24000000000       2.185879132296578E-004
   3615.64000000000       2.202762657688894E-004
   3617.64000000000       2.212295297798622E-004
   3620.20000000000       2.235395545497497E-004
   3621.64000000000       2.242138647052699E-004
   3626.20000000000       2.236869195788690E-004
   3627.64000000000       2.230407470791309E-004
   3628.00000000000       2.228517703731142E-004
   3630.01000000000       2.213371501119634E-004
   3632.20000000000       2.197087987819558E-004
   3632.60000000000       2.195212819737111E-004
   3633.00000000000       2.193383804729832E-004
   3633.40000000000       2.192019003979313E-004
   3633.80000000000       2.192011425065257E-004
   3634.60000000000       2.196578375315293E-004
   3635.00000000000       2.202231539683636E-004
   3635.40000000000       2.208387494205896E-004
   3635.80000000000       2.214338521047882E-004
   3636.20000000000       2.219891200380416E-004
   3637.64000000000       2.235991286858224E-004
   3638.00000000000       2.238649937887992E-004
   3642.20000000000       2.271149033149993E-004
   3642.55000000000       2.274114673291708E-004
   3644.00000000000       2.286204461190092E-004
   3648.00000000000       2.311066258668439E-004
   3650.00000000000       2.318152291668038E-004
   3650.40000000000       2.318756419011868E-004
   3650.80000000000       2.319044186677450E-004
   3651.20000000000       2.319032133480904E-004
   3651.60000000000       2.318609153933291E-004
   3652.40000000000       2.315306826814364E-004
   3652.80000000000       2.316521031366411E-004
   3653.20000000000       2.318240577315906E-004
   3653.60000000000       2.320305874480484E-004
   3654.00000000000       2.322526900677186E-004
   3656.00000000000       2.332746660764188E-004
   3658.20000000000       2.341643517330581E-004
   3660.00000000000       2.346646235086244E-004
   3665.01000000000       2.354587499870738E-004
   3666.00000000000       2.355215437360933E-004
   3668.64000000000       2.355565496568794E-004
   3674.20000000000       2.349877317012178E-004
   3676.00000000000       2.345928672152150E-004
   3678.97000000000       2.336668421753386E-004
   3679.80000000000       2.333415172940485E-004
   3680.20000000000       2.331648100450878E-004
   3681.01000000000       2.328016364302225E-004
   3688.64000000000       2.278903117161550E-004
   3689.20000000000       2.274207441955960E-004
   3691.01000000000       2.257716727306553E-004
   3692.00000000000       2.247667995229425E-004
   3695.00000000000       2.210267986171419E-004
   3697.01000000000       2.176668401885483E-004
   3701.01000000000       2.092980857445663E-004
   3703.01000000000       2.039330803891053E-004
   3703.41000000000       2.029093537684702E-004
   3703.81000000000       2.018388183929545E-004
   3704.21000000000       2.007009148102149E-004
   3704.61000000000       1.994799340808231E-004
   3705.41000000000       2.011320802200681E-004
   3705.81000000000       2.027871319757923E-004
   3706.21000000000       2.044281117176241E-004
   3706.61000000000       2.059920733115838E-004
   3707.00000000000       2.074390684007282E-004
   3709.01000000000       2.133426162209780E-004
   3711.00000000000       2.161468140663365E-004
   3713.01000000000       2.184246948824160E-004
   3713.64000000000       2.192687524900275E-004
   3715.76000000000       2.220656424070105E-004
   3719.01000000000       2.258437242593227E-004
   3719.60000000000       2.264818536326977E-004
   3721.00000000000       2.278231938984540E-004
   3727.00000000000       2.319396913761677E-004
   3729.01000000000       2.327514829202207E-004
   3731.00000000000       2.333855171706176E-004
   3733.00000000000       2.329781632949760E-004
   3733.40000000000       2.325401281407742E-004
   3733.80000000000       2.316777380532532E-004
   3734.20000000000       2.297692683745085E-004
   3734.60000000000       2.294456378363786E-004
   3735.40000000000       2.301589144111876E-004
   3735.80000000000       2.306666825913800E-004
   3736.20000000000       2.312655700357215E-004
   3736.60000000000       2.318567702734809E-004
   3737.00000000000       2.323766316739121E-004
   3739.00000000000       2.345845295131788E-004
   3743.00000000000       2.369574321646428E-004
   3744.60000000000       2.375946449327460E-004
   3745.01000000000       2.377238300394865E-004
   3749.00000000000       2.388460746822586E-004
   3752.00000000000       2.393621708354931E-004
   3752.92000000000       2.394715316324369E-004
   3759.00000000000       2.398188544104782E-004
   3760.01000000000       2.398166625399086E-004
   3764.60000000000       2.395824767702659E-004
   3767.50000000000       2.392401268509635E-004
   3771.79000000000       2.384389067639580E-004
   3775.00000000000       2.375894231438093E-004
   3779.60000000000       2.359555691294684E-004
   3780.01000000000       2.357846156503399E-004
   3787.89000000000       2.315345143863119E-004
   3788.65000000000       2.310158607605778E-004
   3790.00000000000       2.300430624151288E-004
   3790.45000000000       2.297036331595806E-004
   3792.50000000000       2.280494262393419E-004
   3795.60000000000       2.251669566637943E-004
   3796.79000000000       2.239132901345194E-004
   3805.01000000000       2.121852847367067E-004
   3805.60000000000       2.110508192620966E-004
   3810.00000000000       2.008517840710923E-004
   3811.60000000000       1.965196996460291E-004
   3812.50000000000       1.935117867766200E-004
   3812.89000000000       1.921713007830739E-004
   3813.65000000000       1.894767784060372E-004
   3815.60000000000       1.809213713554549E-004
   3816.79000000000       1.747193669274302E-004
   3817.60000000000       1.707828557003160E-004
   3818.00000000000       1.691050874211209E-004
   3818.40000000000       1.678146964694654E-004
   3818.80000000000       1.665853395912281E-004
   3819.20000000000       1.655321923209850E-004
   3820.00000000000       1.626586099336881E-004
   3820.40000000000       1.652340159013852E-004
   3820.80000000000       1.685476179209596E-004
   3821.20000000000       1.720190939355754E-004
   3821.60000000000       1.753042112489046E-004
   3823.60000000000       1.883937639124810E-004
   3826.53000000000       2.005258864849135E-004
   3827.50000000000       2.029039716069274E-004
   3828.35000000000       2.042329619705147E-004
   3831.79000000000       2.074214591004651E-004
   3832.89000000000       2.092223229451673E-004
   3833.60000000000       2.103328463038814E-004
   3835.00000000000       2.124744980054749E-004
   3835.91000000000       2.138494636268894E-004
   3843.50000000000       2.226890387342140E-004
   3847.79000000000       2.263676167634928E-004
   3848.65000000000       2.269807573441064E-004
   3851.53000000000       2.286533147653079E-004
   3853.50000000000       2.295079175998179E-004
   3857.79000000000       2.308100615449205E-004
   3859.50000000000       2.311537198249833E-004
   3860.91000000000       2.312456488327762E-004
   3863.50000000000       2.305489795736703E-004
   3863.79000000000       2.303623691066312E-004
   3864.65000000000       2.295982827317202E-004
   3865.50000000000       2.283765408962622E-004
   3865.90000000000       2.275342891097877E-004
   3866.30000000000       2.263962016256050E-004
   3866.64000000000       2.250487317055045E-004
   3867.10000000000       2.221264643920543E-004
   3867.79000000000       2.120276088245088E-004
   3867.90000000000       2.121834328257941E-004
   3868.30000000000       2.137150795526929E-004
   3868.70000000000       2.155378428824369E-004
   3869.10000000000       2.173774214939683E-004
   3869.50000000000       2.189315573341142E-004
   3869.79000000000       2.198065787907488E-004
   3870.19000000000       2.207841488711705E-004
   3870.59000000000       2.216019432530298E-004
   3870.99000000000       2.223135121304460E-004
   3871.39000000000       2.229368894813845E-004
   3871.50000000000       2.230948321757050E-004
   3872.19000000000       2.239687456593970E-004
   3872.59000000000       2.243894488159199E-004
   3872.99000000000       2.247476912430081E-004
   3873.39000000000       2.250444041796870E-004
   3873.79000000000       2.252839080457533E-004
   3874.60000000000       2.256421817497029E-004
   3875.50000000000       2.258747990419224E-004
   3875.79000000000       2.259257932657734E-004
   3879.79000000000       2.237852914993728E-004
   3880.65000000000       2.224077816204904E-004
   3880.91000000000       2.219039776424817E-004
   3881.50000000000       2.205860552587990E-004
   3883.89000000000       2.118741150379534E-004
   3884.65000000000       2.071984827421713E-004
   3885.79000000000       1.970135775599441E-004
   3886.29000000000       1.908382427450979E-004
   3886.53000000000       1.873058488169719E-004
   3886.69000000000       1.846942825401077E-004
   3887.05000000000       1.778659000201614E-004
   3887.45000000000       1.681354706059783E-004
   3887.49000000000       1.669965519138559E-004
   3887.85000000000       1.548526022273015E-004
   3888.25000000000       1.368802284572895E-004
   3888.29000000000       1.349678033468948E-004
   3888.69000000000       1.265383842767224E-004
   3889.05000000000       1.329992584704455E-004
   3889.09000000000       1.343784715399227E-004
   3889.45000000000       1.475376061508560E-004
   3889.73000000000       1.567280261788069E-004
   3889.89000000000       1.612720968727510E-004
   3890.25000000000       1.697937599267827E-004
   3890.65000000000       1.771185599827579E-004
   3891.50000000000       1.889834617595326E-004
   3891.89000000000       1.931672645781144E-004
   3892.65000000000       1.997862751600085E-004
   3893.88000000000       2.080004220200542E-004
   3894.60000000000       2.117600197896992E-004
   3895.79000000000       2.167358560521883E-004
   3895.91000000000       2.171689827925688E-004
   3896.65000000000       2.196213199335090E-004
   3901.89000000000       2.300109750038719E-004
   3902.53000000000       2.307536826136926E-004
   3905.30000000000       2.332944592401399E-004
   3907.50000000000       2.347035561771479E-004
   3909.27000000000       2.355241263421082E-004
   3909.73000000000       2.356978008392579E-004
   3911.79000000000       2.362890419408943E-004
   3911.91000000000       2.363148457280396E-004
   3912.53000000000       2.364311213525418E-004
   3913.88000000000       2.366041438664315E-004
   3918.53000000000       2.366595627520601E-004
   3919.60000000000       2.365933950689157E-004
   3921.91000000000       2.362804348686883E-004
   3922.50000000000       2.361666298835391E-004
   3923.97000000000       2.358955933314353E-004
   3924.53000000000       2.357993413545040E-004
   3924.93000000000       2.357236691776414E-004
   3925.33000000000       2.356431334878177E-004
   3925.73000000000       2.355531485180523E-004
   3926.13000000000       2.354511375331180E-004
   3926.20000000000       2.354336248915412E-004
   3926.79000000000       2.352973483965411E-004
   3926.93000000000       2.352769969824763E-004
   3927.33000000000       2.352459163699022E-004
   3927.73000000000       2.352473099063573E-004
   3927.91000000000       2.352555645848924E-004
   3928.13000000000       2.352699023004035E-004
   3928.53000000000       2.353072856705692E-004
   3928.88000000000       2.353493860817265E-004
   3930.53000000000       2.355858476911524E-004
   3931.91000000000       2.357662774839223E-004
   3933.91000000000       2.359205207928813E-004
   3934.27000000000       2.359171764224960E-004
   3934.53000000000       2.359095940510120E-004
   3935.11000000000       2.358808948932042E-004
   3935.51000000000       2.358464869825579E-004
   3936.31000000000       2.357300035175570E-004
   3936.71000000000       2.357025743788714E-004
   3937.11000000000       2.356770071230096E-004
   3937.51000000000       2.356503038426084E-004
   3937.91000000000       2.356203570069457E-004
   3939.91000000000       2.353741269860986E-004
   3940.53000000000       2.352585291097387E-004
   3942.50000000000       2.347381318799272E-004
   3942.89000000000       2.346021204874752E-004
   3943.65000000000       2.343025720256129E-004
   3943.91000000000       2.341884853151188E-004
   3944.36000000000       2.339767133569524E-004
   3944.88000000000       2.337045944801454E-004
   3946.79000000000       2.324411795569156E-004
   3948.97000000000       2.304803512424070E-004
   3949.91000000000       2.294763651144962E-004
   3950.53000000000       2.287673792906020E-004
   3951.20000000000       2.279534593631284E-004
   3954.27000000000       2.232637993964786E-004
   3954.88000000000       2.220344140923054E-004
   3956.73000000000       2.173734887792968E-004
   3959.91000000000       2.049213420876995E-004
   3960.73000000000       2.000856112078366E-004
   3962.73000000000       1.817843092231846E-004
   3963.13000000000       1.758489187058257E-004
   3963.53000000000       1.684473076444122E-004
   3963.93000000000       1.590365854530226E-004
   3964.33000000000       1.471857807105760E-004
   3964.88000000000       1.570821523503967E-004
   3965.13000000000       1.733722191414542E-004
   3965.53000000000       1.879532660644883E-004
   3965.93000000000       1.962455454518962E-004
   3966.33000000000       2.014734256729945E-004
   3966.73000000000       2.046414769923630E-004
   3967.28000000000       2.057796490062354E-004
   3967.50000000000       2.055683295020438E-004
   3968.08000000000       2.042323017022758E-004
   3968.48000000000       2.033504015429739E-004
   3968.73000000000       2.031218770865259E-004
   3968.97000000000       2.032751648836255E-004
   3969.27000000000       2.039946292729885E-004
   3969.28000000000       2.040283115772813E-004
   3969.68000000000       2.058802160336997E-004
   3970.00000000000       2.080170594653211E-004
   3970.48000000000       2.120101628944012E-004
   3970.88000000000       2.154713946052361E-004
   3971.20000000000       2.176766223837072E-004
   3971.79000000000       2.198316173005354E-004
   3972.73000000000       2.202994955431430E-004
   3975.91000000000       2.219316443100510E-004
   3976.88000000000       2.224152505009427E-004
   3978.73000000000       2.231793668359489E-004
   3981.53000000000       2.236322549321455E-004
   3982.88000000000       2.235700743417147E-004
   3983.80000000000       2.234375919501383E-004
   3985.27000000000       2.230800404485435E-004
   3986.20000000000       2.227616903277633E-004
   3987.89000000000       2.219950867726696E-004
   3988.65000000000       2.215715859022447E-004
   3990.00000000000       2.207048249509832E-004
   3990.91000000000       2.200429321226167E-004
   3992.88000000000       2.184245881159923E-004
   3995.27000000000       2.161869582661732E-004
   3999.97000000000       2.107511396136948E-004
   4000.51000000000       2.100227543571744E-004
   4001.27000000000       2.089785562158609E-004
   4001.53000000000       2.086088545948802E-004
   4002.20000000000       2.076234997886296E-004
   4004.73000000000       2.035797559383007E-004
   4005.00000000000       2.031177002368865E-004
   4005.27000000000       2.026490699896784E-004
   4007.27000000000       1.989560603228940E-004
   4007.67000000000       1.981512921336900E-004
   4008.07000000000       1.972809977128083E-004
   4008.47000000000       1.963241498149711E-004
   4008.87000000000       1.952886182267315E-004
   4008.88000000000       1.952608815355646E-004
   4009.67000000000       1.935069802156458E-004
   4009.97000000000       1.930181169233748E-004
   4010.47000000000       1.922343618469464E-004
   4010.87000000000       1.916091245069640E-004
   4011.27000000000       1.909702146239865E-004
   4012.20000000000       1.894081879165548E-004
   4013.27000000000       1.874299990283046E-004
   4015.97000000000       1.809749496280791E-004
   4017.27000000000       1.767724622773359E-004
   4018.20000000000       1.732594268841272E-004
   4019.73000000000       1.664471229981661E-004
   4019.97000000000       1.652547870922127E-004
   4020.80000000000       1.608994056359921E-004
   4021.00000000000       1.597991628683600E-004
   4021.97000000000       1.542122367832360E-004
   4022.20000000000       1.528266984389871E-004
   4022.77000000000       1.493142717068692E-004
   4023.17000000000       1.468107035793165E-004
   4023.57000000000       1.443155483509717E-004
   4023.64000000000       1.438841663247062E-004
   4023.88000000000       1.424251109640394E-004
   4024.20000000000       1.405517713779033E-004
   4024.37000000000       1.395930995067832E-004
   4024.60000000000       1.382427134353561E-004
   4025.00000000000       1.354433451703035E-004
   4025.40000000000       1.313185611942685E-004
   4025.57000000000       1.292882893727539E-004
   4025.80000000000       1.285077921030154E-004
   4025.97000000000       1.294479438243694E-004
   4026.53000000000       1.308025340093038E-004
   4026.60000000000       1.311125124381227E-004
   4027.00000000000       1.333944025298978E-004
   4027.40000000000       1.360802258112008E-004
   4027.80000000000       1.390517384204201E-004
   4028.20000000000       1.422287008185364E-004
   4030.20000000000       1.581006798082335E-004
   4031.00000000000       1.637533232133546E-004
   4031.97000000000       1.699473661988903E-004
   4033.27000000000       1.771256368529893E-004
   4034.20000000000       1.815362493744020E-004
   4035.91000000000       1.883906894706998E-004
   4037.00000000000       1.920694010758410E-004
   4037.97000000000       1.949234035451938E-004
   4039.73000000000       1.990818351532268E-004
   4040.20000000000       1.999591899855373E-004
   4041.00000000000       2.011977918872887E-004
   4043.00000000000       2.032148474153611E-004
   4043.40000000000       2.034090876629697E-004
   4043.76000000000       2.034140988977457E-004
   4043.88000000000       2.033680949260183E-004
   4044.20000000000       2.030797497524104E-004
   4044.60000000000       2.022722030633438E-004
   4045.40000000000       2.000981674016396E-004
   4045.51000000000       1.999850230731198E-004
   4045.80000000000       1.999328125670052E-004
   4046.20000000000       2.001881468862251E-004
   4046.60000000000       2.005988936266539E-004
   4047.00000000000       2.011218984953269E-004
   4047.97000000000       2.026140401169364E-004
   4049.00000000000       2.041487334454749E-004
   4049.27000000000       2.045305013889195E-004
   4050.20000000000       2.058094951672605E-004
   4053.00000000000       2.094390794707916E-004
   4059.00000000000       2.162090482767675E-004
   4060.51000000000       2.176590924419709E-004
   4063.87000000000       2.205126063900062E-004
   4064.27000000000       2.208247094754735E-004
   4064.73000000000       2.211769348519564E-004
   4065.80000000000       2.219731424372053E-004
   4066.20000000000       2.222625128337298E-004
   4068.76000000000       2.240118514827021E-004
   4068.97000000000       2.241473683361298E-004
   4076.51000000000       2.282744058360262E-004
   4078.97000000000       2.293223651136988E-004
   4080.80000000000       2.300102744448224E-004
   4081.20000000000       2.301500152097360E-004
   4084.27000000000       2.311026568127459E-004
   4085.00000000000       2.312966626971641E-004
   4086.51000000000       2.316562079507081E-004
   4088.76000000000       2.320959498403148E-004
   4092.51000000000       2.326254678141869E-004
   4093.97000000000       2.327715219243229E-004
   4096.51000000000       2.329426248756313E-004
   4096.80000000000       2.329543895620935E-004
   4098.51000000000       2.329850986569297E-004
   4098.91000000000       2.329823368206417E-004
   4099.31000000000       2.329751206689032E-004
   4099.71000000000       2.329640858889196E-004
   4100.00000000000       2.329536343808744E-004
   4100.11000000000       2.329486985042064E-004
   4100.91000000000       2.329094280246726E-004
   4101.20000000000       2.328915749024919E-004
   4101.71000000000       2.328555686677633E-004
   4102.11000000000       2.328215971967298E-004
   4102.51000000000       2.327826321521294E-004
   4103.76000000000       2.326223076682804E-004
   4104.51000000000       2.324920005648670E-004
   4106.80000000000       2.318707214393498E-004
   4108.51000000000       2.311524256694214E-004
   4109.27000000000       2.307599444235947E-004
   4112.80000000000       2.282619301845640E-004
   4113.97000000000       2.270683330734803E-004
   4114.51000000000       2.264204316740663E-004
   4116.80000000000       2.225544969065539E-004
   4118.80000000000       2.155239125954443E-004
   4119.20000000000       2.130072189301177E-004
   4119.60000000000       2.095611478501158E-004
   4120.00000000000       2.044534350535047E-004
   4120.40000000000       1.955336892776471E-004
   4121.20000000000       1.614833723624935E-004
   4121.60000000000       1.717926797251017E-004
   4122.00000000000       1.795364814627245E-004
   4122.40000000000       1.850917420517655E-004
   4122.80000000000       1.895725472823301E-004
   4123.97000000000       1.978044373491813E-004
   4124.51000000000       2.003533392548398E-004
   4124.80000000000       2.015523678958733E-004
   4126.20000000000       2.063199871685890E-004
   4128.80000000000       2.119039038426013E-004
   4129.76000000000       2.130983152024028E-004
   4134.80000000000       2.146539040121481E-004
   4135.76000000000       2.144123350288196E-004
   4139.76000000000       2.120676111331446E-004
   4140.51000000000       2.114180833917674E-004
   4141.76000000000       2.100172010437128E-004
   4142.16000000000       2.092530037026446E-004
   4142.56000000000       2.083503891313469E-004
   4142.96000000000       2.073818869130048E-004
   4143.36000000000       2.068202482171711E-004
   4144.16000000000       2.049755852731924E-004
   4144.56000000000       2.051160832402021E-004
   4144.80000000000       2.053696506977228E-004
   4144.97000000000       2.056004242932240E-004
   4145.36000000000       2.062538494321088E-004
   4145.76000000000       2.070324164692417E-004
   4147.76000000000       2.111033592589568E-004
   4151.76000000000       2.177747924372525E-004
   4154.97000000000       2.214156749702269E-004
   4155.51000000000       2.219497798315731E-004
   4157.76000000000       2.239895089383320E-004
   4160.80000000000       2.263188231214804E-004
   4164.97000000000       2.284349590213706E-004
   4166.97000000000       2.288979024845940E-004
   4167.37000000000       2.289082220895872E-004
   4167.76000000000       2.288628974196790E-004
   4168.17000000000       2.287234399717157E-004
   4168.57000000000       2.284155799038899E-004
   4169.37000000000       2.270442640043952E-004
   4169.77000000000       2.273513825174024E-004
   4170.17000000000       2.277208291631383E-004
   4170.57000000000       2.281132099872185E-004
   4170.97000000000       2.285076784731581E-004
   4172.97000000000       2.300743573904036E-004
   4175.51000000000       2.314488437884083E-004
   4175.80000000000       2.315721719337140E-004
   4176.97000000000       2.320322778835683E-004
   4182.97000000000       2.339351106127540E-004
   4183.76000000000       2.341477541387969E-004
   4187.01000000000       2.349501046677026E-004
   4192.97000000000       2.360040098023002E-004
   4195.80000000000       2.363477401127582E-004
   4198.76000000000       2.366405850778726E-004
   4200.51000000000       2.367897476030557E-004
   4208.97000000000       2.373019412232393E-004
   4218.76000000000       2.374939875805750E-004
   4220.80000000000       2.374992291388538E-004
   4223.97000000000       2.374866145279271E-004
   4228.88000000000       2.374240175484020E-004
   4239.16000000000       2.371663875631001E-004
   4243.76000000000       2.370086655773754E-004
   4243.97000000000       2.370004168176404E-004
   4264.16000000000       2.360680200879086E-004
   4268.97000000000       2.357864077679388E-004
   4271.17000000000       2.356450110219219E-004
   4284.16000000000       2.346855695262271E-004
   4287.93000000000       2.343779670279036E-004
   4299.16000000000       2.332884208366381E-004
   4312.93000000000       2.314522997364780E-004
   4313.88000000000       2.313016258825967E-004
   4315.16000000000       2.310928674819674E-004
   4325.16000000000       2.292202953846999E-004
   4331.16000000000       2.278208264723002E-004
   4332.93000000000       2.273587074960639E-004
   4335.16000000000       2.267389286588212E-004
   4337.16000000000       2.261411174883938E-004
   4337.55000000000       2.260193637415660E-004
   4337.96000000000       2.258896375869954E-004
   4338.36000000000       2.257614292504426E-004
   4338.76000000000       2.256310682213532E-004
   4339.56000000000       2.253647398535100E-004
   4339.96000000000       2.252247828260711E-004
   4340.36000000000       2.250816666759325E-004
   4340.76000000000       2.249510801581422E-004
   4341.16000000000       2.248246391868393E-004
   4343.16000000000       2.241339594331725E-004
   4347.16000000000       2.225708618151331E-004
   4347.93000000000       2.222404195691738E-004
   4353.16000000000       2.197310258404753E-004
   4357.02000000000       2.175815816632117E-004
   4362.55000000000       2.139830893484163E-004
   4363.16000000000       2.135362748547227E-004
   4363.93000000000       2.129536675081672E-004
   4371.48000000000       2.058053752014279E-004
   4373.93000000000       2.028514702279303E-004
   4379.16000000000       1.949302748830074E-004
   4379.93000000000       1.934782267143253E-004
   4382.55000000000       1.883642014508032E-004
   4383.93000000000       1.861121552209244E-004
   4385.93000000000       1.761078880712537E-004
   4386.33000000000       1.735858889242741E-004
   4386.73000000000       1.703825838736610E-004
   4387.13000000000       1.651162636742478E-004
   4387.53000000000       1.564438405893851E-004
   4388.33000000000       1.575567554086972E-004
   4388.73000000000       1.599155769134641E-004
   4389.13000000000       1.621408395558003E-004
   4389.53000000000       1.643636532390482E-004
   4389.93000000000       1.666318855243292E-004
   4391.93000000000       1.766990829078919E-004
   4394.16000000000       1.846541739255841E-004
   4395.93000000000       1.892346596835405E-004
   4396.48000000000       1.904300870071761E-004
   4397.55000000000       1.925276650507163E-004
   4400.59000000000       1.972720007331397E-004
   4401.93000000000       1.989317868440545E-004
   4411.93000000000       2.058659275435691E-004
   4413.55000000000       2.063007882804233E-004
   4414.16000000000       2.064290027021649E-004
   4416.48000000000       2.067497490264119E-004
   4417.00000000000       2.067873817570392E-004
   4423.55000000000       2.061835668249763E-004
   4427.93000000000       2.046476641164398E-004
   4429.55000000000       2.038039289105074E-004
   4431.48000000000       2.025668668280788E-004
   4433.55000000000       2.008508244107694E-004
   4435.55000000000       1.983892051950321E-004
   4435.95000000000       1.976630608333021E-004
   4436.35000000000       1.967630135417222E-004
   4436.75000000000       1.955408898290402E-004
   4437.15000000000       1.936179430169613E-004
   4437.95000000000       1.870083638834574E-004
   4438.35000000000       1.881985070450612E-004
   4438.75000000000       1.895054302425737E-004
   4439.15000000000       1.904461963974799E-004
   4439.55000000000       1.910971616858986E-004
   4441.55000000000       1.921642036838722E-004
   4442.00000000000       1.921397392850714E-004
   4442.93000000000       1.918995608866003E-004
   4444.60000000000       1.910035211199010E-004
   4445.55000000000       1.902595683141944E-004
   4447.48000000000       1.882433942780458E-004
   4451.55000000000       1.824342493940216E-004
   4457.48000000000       1.712399541265622E-004
   4461.55000000000       1.594896851303701E-004
   4462.00000000000       1.579520929370941E-004
   4462.93000000000       1.545468476973081E-004
   4463.48000000000       1.523330099718182E-004
   4467.48000000000       1.317462055311423E-004
   4469.48000000000       1.234467708530556E-004
   4469.88000000000       1.231643825697967E-004
   4470.28000000000       1.276040926025702E-004
   4470.68000000000       1.262116428436137E-004
   4471.08000000000       1.226821386607539E-004
   4471.88000000000       1.211722153028989E-004
   4472.28000000000       1.216940811129429E-004
   4472.68000000000       1.227672090714092E-004
   4473.08000000000       1.240398102308990E-004
   4473.48000000000       1.255200744661039E-004
   4475.48000000000       1.361223727636950E-004
   4477.00000000000       1.450209008432985E-004
   4477.55000000000       1.479650522797324E-004
   4479.48000000000       1.570112375065943E-004
   4485.48000000000       1.767792908127394E-004
   4487.93000000000       1.824793777087362E-004
   4489.04000000000       1.846452143880591E-004
   4492.55000000000       1.904358438148811E-004
   4493.00000000000       1.910888325579502E-004
   4495.48000000000       1.943155359220092E-004
   4503.00000000000       2.008366826217138E-004
   4509.00000000000       2.033216325250194E-004
   4511.48000000000       2.042494869566916E-004
   4512.55000000000       2.042125486548084E-004
   4513.00000000000       2.040734549977194E-004
   4515.00000000000       2.023053119535510E-004
   4515.40000000000       2.016259456113176E-004
   4515.80000000000       2.007534045496254E-004
   4516.20000000000       1.995915603072878E-004
   4516.60000000000       1.978944257155922E-004
   4517.40000000000       1.917754346830822E-004
   4517.80000000000       1.903369515934502E-004
   4518.20000000000       1.904733995211495E-004
   4518.60000000000       1.910299287370022E-004
   4519.00000000000       1.916305265786759E-004
   4521.00000000000       1.947540301236256E-004
   4525.00000000000       1.995503709625790E-004
   4526.48000000000       2.009002618282750E-004
   4531.00000000000       2.040822962068433E-004
   4533.93000000000       2.057233416584879E-004
   4537.55000000000       2.074655219858982E-004
   4541.00000000000       2.088787765674184E-004
   4546.48000000000       2.107075349619626E-004
   4557.00000000000       2.130682049593910E-004
   4571.48000000000       2.148405668723936E-004
   4572.00000000000       2.148883779202170E-004
   4579.27000000000       2.154880876888157E-004
   4586.29000000000       2.159666463958847E-004
   4592.00000000000       2.162883591200961E-004
   4611.29000000000       2.169066395351717E-004
   4613.20000000000       2.169193147317977E-004
   4617.00000000000       2.169170091638789E-004
   4625.07000000000       2.167981253277646E-004
   4631.29000000000       2.166129755300236E-004
   4638.20000000000       2.163339292696895E-004
   4646.29000000000       2.159328967472634E-004
   4658.20000000000       2.152171351644365E-004
   4662.29000000000       2.149378448126766E-004
   4671.32000000000       2.142101284511303E-004
   4672.29000000000       2.141176584497916E-004
   4673.20000000000       2.140273981359851E-004
   4678.29000000000       2.134504111570307E-004
   4682.29000000000       2.128772345213471E-004
   4684.29000000000       2.125448016405965E-004
   4684.69000000000       2.124711398641728E-004
   4685.09000000000       2.123962597903181E-004
   4685.50000000000       2.123178203926485E-004
   4685.90000000000       2.122403393802373E-004
   4686.69000000000       2.120818620617863E-004
   4687.09000000000       2.119995637807290E-004
   4687.50000000000       2.119140699616425E-004
   4687.90000000000       2.118295649457948E-004
   4688.29000000000       2.117464972142818E-004
   4689.20000000000       2.115486056395008E-004
   4690.29000000000       2.112984842588900E-004
   4694.29000000000       2.101368577677211E-004
   4699.20000000000       2.076970181262533E-004
   4700.29000000000       2.069347856196547E-004
   4705.20000000000       2.013747691625728E-004
   4709.20000000000       1.902176345461833E-004
   4710.29000000000       1.841320991194643E-004
   4711.20000000000       1.763334739767676E-004
   4711.60000000000       1.715119382954030E-004
   4712.00000000000       1.651816954858564E-004
   4712.40000000000       1.561986520438594E-004
   4712.80000000000       1.418204343865167E-004
   4713.60000000000       1.218990071026488E-004
   4714.00000000000       1.308275860429816E-004
   4714.40000000000       1.402982641630642E-004
   4714.80000000000       1.480831972318964E-004
   4715.20000000000       1.538890699468433E-004
   4717.20000000000       1.715921514067979E-004
   4718.03000000000       1.765208150621743E-004
   4721.20000000000       1.881647011396269E-004
   4726.29000000000       1.976685366831432E-004
   4727.20000000000       1.987943412257961E-004
   4737.20000000000       2.057389166733507E-004
   4741.29000000000       2.070414175414964E-004
   4753.20000000000       2.086220991869069E-004
   4759.86000000000       2.089598828505040E-004
   4761.29000000000       2.090007701138506E-004
   4765.21000000000       2.090587203010095E-004
   4768.20000000000       2.090524429380958E-004
   4784.86000000000       2.084388398589937E-004
   4786.29000000000       2.083627852280689E-004
   4788.20000000000       2.082595420689141E-004
   4804.86000000000       2.072903618512067E-004
   4811.00000000000       2.068551277312068E-004
   4812.86000000000       2.067121113855139E-004
   4813.20000000000       2.066848299000969E-004
   4819.86000000000       2.061176667861948E-004
   4821.93000000000       2.059252563797775E-004
   4835.86000000000       2.043917093308822E-004
   4845.86000000000       2.029359960349386E-004
   4846.93000000000       2.027546411061198E-004
   4851.86000000000       2.018364186057488E-004
   4855.86000000000       2.009692575923509E-004
   4857.86000000000       2.004699627274921E-004
   4858.26000000000       2.003614862483804E-004
   4858.66000000000       2.002494953655416E-004
   4859.06000000000       2.001364445056318E-004
   4859.46000000000       2.000202989160390E-004
   4860.26000000000       1.997942857264240E-004
   4860.66000000000       1.997084870823418E-004
   4860.99000000000       1.996674557017801E-004
   4861.46000000000       1.995762420601338E-004
   4861.86000000000       1.994182156789603E-004
   4863.86000000000       1.989227795240100E-004
   4866.93000000000       1.981354034724456E-004
   4867.86000000000       1.978664704437144E-004
   4871.00000000000       1.968778734113518E-004
   4873.86000000000       1.958694521370994E-004
   4881.93000000000       1.923560389341094E-004
   4883.86000000000       1.913291092530727E-004
   4887.00000000000       1.894618275348280E-004
   4897.00000000000       1.813676107139886E-004
   4897.93000000000       1.803925401024000E-004
   4899.86000000000       1.782204781667490E-004
   4903.00000000000       1.742260803582093E-004
   4907.00000000000       1.680692923498409E-004
   4907.93000000000       1.663443112175568E-004
   4909.00000000000       1.644702752177725E-004
   4909.40000000000       1.638738016249474E-004
   4909.60000000000       1.636049664057467E-004
   4910.20000000000       1.629487491509367E-004
   4910.60000000000       1.636035053924056E-004
   4911.40000000000       1.656214461373812E-004
   4911.80000000000       1.655733910213779E-004
   4912.20000000000       1.651560007187876E-004
   4912.60000000000       1.645124525679650E-004
   4913.00000000000       1.636877775466869E-004
   4913.93000000000       1.612227123168632E-004
   4914.86000000000       1.580888768658348E-004
   4915.68000000000       1.545342540599259E-004
   4917.93000000000       1.394466219283838E-004
   4919.00000000000       1.315255635094939E-004
   4919.93000000000       1.262478573747284E-004
   4920.33000000000       1.269473732177076E-004
   4920.73000000000       1.348633548136214E-004
   4921.13000000000       1.347975053687778E-004
   4921.53000000000       1.273927406873104E-004
   4922.33000000000       1.166902610821520E-004
   4922.73000000000       1.180798072965902E-004
   4923.13000000000       1.199283994168934E-004
   4923.53000000000       1.220587854609326E-004
   4923.93000000000       1.244458225955239E-004
   4925.00000000000       1.310643777867587E-004
   4925.93000000000       1.366158600365837E-004
   4929.93000000000       1.538384006551937E-004
   4934.86000000000       1.660510168528856E-004
   4935.93000000000       1.680548355830408E-004
   4940.68000000000       1.750173330039305E-004
   4945.93000000000       1.804866375552889E-004
   4947.74000000000       1.820089411621810E-004
   4951.00000000000       1.843450206298798E-004
   4958.70000000000       1.881719448860950E-004
   4959.86000000000       1.885952962594169E-004
   4960.68000000000       1.888752833631691E-004
   4961.93000000000       1.892764765932970E-004
   4966.00000000000       1.903732539676119E-004
   4972.74000000000       1.915110838623499E-004
   4975.68000000000       1.917312387312105E-004
   4976.93000000000       1.917809705133180E-004
   4986.00000000000       1.912138160584407E-004
   4991.68000000000       1.895664900729618E-004
   4992.74000000000       1.891432057761974E-004
   4996.93000000000       1.869048653513506E-004
   5001.68000000000       1.825592458538921E-004
   5007.68000000000       1.718615978797985E-004
   5008.28000000000       1.702018010254976E-004
   5011.00000000000       1.600663741388550E-004
   5011.68000000000       1.564205845980666E-004
   5013.68000000000       1.400981103677021E-004
   5014.08000000000       1.349746799015935E-004
   5014.48000000000       1.287784031553511E-004
   5014.88000000000       1.219785902726813E-004
   5015.28000000000       1.164179768645969E-004
   5016.08000000000       1.202503904131401E-004
   5016.48000000000       1.309800606761763E-004
   5016.88000000000       1.397689574079862E-004
   5017.28000000000       1.464525978305727E-004
   5017.68000000000       1.516458119410988E-004
   5019.68000000000       1.674640021763715E-004
   5021.93000000000       1.764704660965905E-004
   5023.68000000000       1.807435133267571E-004
   5029.68000000000       1.877903177735785E-004
   5033.74000000000       1.894388354740947E-004
   5039.68000000000       1.881926862484857E-004
   5043.74000000000       1.760255769095195E-004
   5045.74000000000       1.752102018534115E-004
   5046.14000000000       1.741012082342114E-004
   5046.54000000000       1.721380676983876E-004
   5046.94000000000       1.686828757448748E-004
   5047.34000000000       1.618701560173033E-004
   5048.14000000000       1.426444339368514E-004
   5048.54000000000       1.510021869685508E-004
   5048.94000000000       1.563657218200698E-004
   5049.34000000000       1.604842483752467E-004
   5049.74000000000       1.636552100409981E-004
   5051.74000000000       1.728918463445405E-004
   5055.68000000000       1.816834940710422E-004
   5058.37000000000       1.846906503819949E-004
   5061.74000000000       1.871580790091283E-004
   5070.68000000000       1.906702932969959E-004
   5071.74000000000       1.909239325217031E-004
   5087.74000000000       1.926281496189826E-004
   5090.68000000000       1.927307614701055E-004
   5102.74000000000       1.928752169040843E-004
   5108.95000000000       1.928154476777585E-004
   5115.68000000000       1.926824278627812E-004
   5122.74000000000       1.924943055239628E-004
   5147.74000000000       1.918196210096313E-004
   5160.04000000000       1.913285356016922E-004
   5185.84000000000       1.902413495316400E-004
   5211.64000000000       1.891036496974678E-004
   5263.76000000000       1.867458557269048E-004
   5290.08000000000       1.855547663231355E-004
   5316.40000000000       1.843631319798927E-004
   5342.98000000000       1.831609393475586E-004
   5369.56000000000       1.819579376921718E-004
   5396.41000000000       1.806137603897286E-004
   5423.25000000000       1.794530684365193E-004
   5477.49000000000       1.770432679079344E-004
   5504.88000000000       1.758300408116755E-004
   5532.26000000000       1.746732301808108E-004
   5559.92000000000       1.734438577607594E-004
   5587.58000000000       1.721899093877006E-004
   5615.52000000000       1.708825521837450E-004
   5643.46000000000       1.695883881277543E-004
   5699.90000000000       1.667042962254968E-004
   5728.40000000000       1.649006740172313E-004
   5756.89000000000       1.629183798642306E-004
   5775.62000000000       1.613023342534927E-004
   5800.62000000000       1.583419255371697E-004
   5814.46000000000       1.559613078937569E-004
   5820.62000000000       1.547081747681664E-004
   5835.62000000000       1.505355879157634E-004
   5851.62000000000       1.425870894679693E-004
   5861.62000000000       1.336167748848188E-004
   5867.62000000000       1.237988734119204E-004
   5871.62000000000       1.122145637492338E-004
   5872.61000000000       1.085357253962460E-004
   5873.62000000000       1.051283727378120E-004
   5874.02000000000       1.040278424801317E-004
   5874.42000000000       1.030429052335552E-004
   5874.82000000000       1.021199907890703E-004
   5875.22000000000       1.012878606940684E-004
   5876.02000000000       1.012023214581852E-004
   5876.42000000000       1.015064764482224E-004
   5876.82000000000       1.026242215244314E-004
   5877.22000000000       1.037328215597696E-004
   5877.62000000000       1.049548747249992E-004
   5879.62000000000       1.129462014851235E-004
   5883.62000000000       1.252276912013172E-004
   5889.62000000000       1.349894486409617E-004
   5899.62000000000       1.432850258350458E-004
   5915.62000000000       1.496354157914425E-004
   5930.62000000000       1.523355726926385E-004
   5931.33000000000       1.524184488459985E-004
   5950.62000000000       1.539171292983686E-004
   5968.00000000000       1.544511079802400E-004
   5990.65000000000       1.545528023658892E-004
   5993.00000000000       1.545382182282868E-004
   6013.00000000000       1.542681991759384E-004
   6028.00000000000       1.539305470118062E-004
   6044.00000000000       1.534737043890005E-004
   6050.55000000000       1.532015426428855E-004
   6054.00000000000       1.529868387355579E-004
   6060.00000000000       1.523151834136457E-004
   6064.00000000000       1.508512355172560E-004
   6066.00000000000       1.481027786942015E-004
   6066.40000000000       1.468398093672914E-004
   6066.80000000000       1.447567696803530E-004
   6067.20000000000       1.408927132050137E-004
   6067.60000000000       1.399689686354249E-004
   6068.40000000000       1.419258025849472E-004
   6068.80000000000       1.429174785060451E-004
   6069.20000000000       1.436966280132773E-004
   6069.60000000000       1.443207860311242E-004
   6070.00000000000       1.448403577400047E-004
   6072.00000000000       1.466116798015866E-004
   6076.00000000000       1.483576178431569E-004
   6082.00000000000       1.494909133374594E-004
   6092.00000000000       1.501922751319013E-004
   6108.00000000000       1.504442304963080E-004
   6111.06000000000       1.504395559582713E-004
   6123.00000000000       1.503332555257146E-004
   6143.00000000000       1.499714419087123E-004
   6168.00000000000       1.493619125056281E-004
   6200.95000000000       1.483504659430414E-004
   6233.89000000000       1.473317290643480E-004
   6296.23000000000       1.453370399597957E-004
   6327.71000000000       1.443098654300654E-004
   6359.19000000000       1.432731902772708E-004
   6422.78000000000       1.412806915667102E-004
   6460.81000000000       1.399276856539188E-004
   6485.81000000000       1.389931353126876E-004
   6487.01000000000       1.389468099845016E-004
   6505.81000000000       1.381970770333084E-004
   6520.81000000000       1.375586008317976E-004
   6532.00000000000       1.370437158202870E-004
   6536.81000000000       1.368092444079233E-004
   6546.81000000000       1.362793016134298E-004
   6551.88000000000       1.359739290714508E-004
   6552.81000000000       1.359124495631818E-004
   6556.81000000000       1.355970000141021E-004
   6558.81000000000       1.353529403796526E-004
   6559.21000000000       1.352857874833680E-004
   6559.61000000000       1.352062608075592E-004
   6560.01000000000       1.351098193067389E-004
   6560.41000000000       1.349889376509703E-004
   6561.21000000000       1.346147120534959E-004
   6561.61000000000       1.342947222959616E-004
   6562.01000000000       1.337359874745830E-004
   6562.41000000000       1.325031213943806E-004
   6562.81000000000       1.312630005229163E-004
   6564.81000000000       1.345755526131441E-004
   6568.81000000000       1.348095971138804E-004
   6574.81000000000       1.344522634733856E-004
   6577.00000000000       1.342839923980768E-004
   6578.15000000000       1.341913274748452E-004
   6584.81000000000       1.335952257225103E-004
   6592.00000000000       1.328288485192673E-004
   6600.81000000000       1.316676204296657E-004
   6603.15000000000       1.313046274271902E-004
   6608.00000000000       1.304333620450706E-004
   6615.81000000000       1.284947161973721E-004
   6617.40000000000       1.279800511522172E-004
   6618.00000000000       1.277716436224127E-004
   6623.15000000000       1.255312422173600E-004
   6624.00000000000       1.250432578642287E-004
   6628.00000000000       1.217630934295872E-004
   6630.00000000000       1.190468960039842E-004
   6630.40000000000       1.183707174246616E-004
   6630.80000000000       1.176304663619558E-004
   6631.20000000000       1.166911757516600E-004
   6631.60000000000       1.161833144406111E-004
   6632.40000000000       1.226530890350718E-004
   6632.80000000000       1.244385720795177E-004
   6633.20000000000       1.255286045446616E-004
   6633.60000000000       1.262865349249798E-004
   6634.00000000000       1.268417996294465E-004
   6635.81000000000       1.281540214452082E-004
   6638.15000000000       1.286542920341958E-004
   6640.00000000000       1.286879951771544E-004
   6646.00000000000       1.278500743760300E-004
   6654.15000000000       1.253627315663383E-004
   6656.00000000000       1.245578835869197E-004
   6660.81000000000       1.218811372482632E-004
   6664.15000000000       1.193199606238523E-004
   6670.15000000000       1.119561395136433E-004
   6672.00000000000       1.082310242413677E-004
   6674.15000000000       1.021666760422502E-004
   6676.15000000000       9.440509045925718E-005
   6676.55000000000       9.296043749867347E-005
   6676.95000000000       9.168202625146477E-005
   6677.35000000000       9.058541213660138E-005
   6677.75000000000       8.962129291764802E-005
   6678.55000000000       8.950878817624508E-005
   6678.95000000000       9.005734773331605E-005
   6679.35000000000       9.076503761927350E-005
   6679.75000000000       9.150505362906009E-005
   6680.15000000000       9.231601443020261E-005
   6682.15000000000       9.779915836256768E-005
   6683.58000000000       1.016621128305721E-004
   6686.15000000000       1.070218136318162E-004
   6687.00000000000       1.083825586269617E-004
   6692.15000000000       1.144127243032634E-004
   6702.15000000000       1.207052684628174E-004
   6707.00000000000       1.225991603422467E-004
   6718.15000000000       1.253481394260135E-004
   6732.00000000000       1.273827240803632E-004
   6733.15000000000       1.275072964004139E-004
   6750.41000000000       1.286063353129858E-004
   6753.15000000000       1.286934005036167E-004
   6778.15000000000       1.290959561245648E-004
   6817.92000000000       1.286881876966919E-004
   6852.00000000000       1.279905644748525E-004
   6886.09000000000       1.271657404968418E-004
   6954.96000000000       1.252732788436556E-004
   6965.19000000000       1.249623023717211E-004
   6990.19000000000       1.241317006347523E-004
   7010.19000000000       1.232770795468682E-004
   7024.50000000000       1.223939030265239E-004
   7025.19000000000       1.223387660583457E-004
   7041.19000000000       1.202990380864833E-004
   7051.19000000000       1.169721229442896E-004
   7057.19000000000       1.120242565719530E-004
   7061.19000000000       1.042817908864940E-004
   7063.19000000000       9.598035510658525E-005
   7063.59000000000       9.351640639896509E-005
   7063.99000000000       9.081737541696571E-005
   7064.39000000000       8.810058108666616E-005
   7064.79000000000       8.580073601481811E-005
   7065.59000000000       8.437491284577873E-005
   7065.99000000000       8.473334363117402E-005
   7066.39000000000       8.658986967345136E-005
   7066.79000000000       8.855471545607071E-005
   7067.19000000000       9.086799018577450E-005
   7069.19000000000       1.001170206242500E-004
   7073.19000000000       1.087231811214162E-004
   7079.19000000000       1.141525252544909E-004
   7089.19000000000       1.178030154574610E-004
   7094.75000000000       1.187246009113287E-004
   7105.19000000000       1.196121777625069E-004
   7120.19000000000       1.200519222995888E-004
   7140.19000000000       1.200073388006209E-004
   7165.19000000000       1.196308362983911E-004
   7181.35000000000       1.193205041243172E-004
   7206.35000000000       1.187157378215265E-004
   7226.35000000000       1.181549471137184E-004
   7237.35000000000       1.177881087189997E-004
   7241.35000000000       1.176320574003856E-004
   7257.35000000000       1.166931144476109E-004
   7267.35000000000       1.151969966813293E-004
   7273.35000000000       1.126061318723173E-004
   7277.35000000000       1.075628107548140E-004
   7279.35000000000       1.007968956354299E-004
   7279.75000000000       9.839862520139753E-005
   7280.15000000000       9.529463414846945E-005
   7280.55000000000       9.113451849438616E-005
   7280.95000000000       8.571552098666572E-005
   7281.75000000000       8.224018741765113E-005
   7282.15000000000       8.478607728943710E-005
   7282.55000000000       8.804566517778147E-005
   7282.95000000000       9.151797012158503E-005
   7283.35000000000       9.440365560078080E-005
   7285.35000000000       1.024941371085630E-004
   7289.35000000000       1.092680097418151E-004
   7295.35000000000       1.128779731666883E-004
   7305.35000000000       1.148334996740457E-004
   7309.73000000000       1.151428885963909E-004
   7321.35000000000       1.154398791912933E-004
   7336.35000000000       1.153943599467193E-004
   7356.35000000000       1.150797794514836E-004
   7381.35000000000       1.145669201319568E-004
   7436.40000000000       1.133299587944643E-004
   7456.65000000000       1.128637017628064E-004
   7531.22000000000       1.111526786990590E-004
   7606.53000000000       1.094525628286763E-004
   7644.56000000000       1.086016924420291E-004
   7682.60000000000       1.077576061723056E-004
   7721.01000000000       1.069155751450177E-004
   7759.42000000000       1.060805865136400E-004
   7798.22000000000       1.052489117106082E-004
   7837.02000000000       1.044239163443484E-004
   7846.10000000000       1.042323044161307E-004
   7915.39000000000       1.027833371956914E-004
   7994.54000000000       1.011638988724951E-004
   8041.78000000000       1.002146875346940E-004
   8081.99000000000       9.941641392665994E-005
   8122.20000000000       9.862719570040978E-005
   8192.40000000000       9.727315094718181E-005
   8200.91000000000       9.711102028834930E-005
   8201.11000000000       9.710719889613603E-005
   8203.42000000000       9.706322401603138E-005
   8262.40000000000       9.595347988428753E-005
   8285.46000000000       9.552575346495684E-005
   8368.31000000000       9.401891858336679E-005
   8410.15000000000       9.327585382399630E-005
   8452.00000000000       9.254467192742918E-005
   8536.52000000000       9.110380137734277E-005
   8579.20000000000       9.039426332620987E-005
   8621.88000000000       8.969676439017262E-005
   8708.10000000000       8.832527576148216E-005
   8751.64000000000       8.765209770642874E-005
   8795.18000000000       8.699184844579314E-005
   8839.16000000000       8.633800053933375E-005
   8883.13000000000       8.569678484916483E-005
   8971.96000000000       8.443617735502286E-005
   9016.82000000000       8.381550753634498E-005
   9061.68000000000       8.320426955401990E-005
   9106.99000000000       8.259588687938711E-005
   9152.30000000000       8.199546014822977E-005
   9198.06000000000       8.139648435474010E-005
   9243.82000000000       8.080426340125501E-005
   9290.04000000000       8.021250221995895E-005
   9336.26000000000       7.962649935527143E-005
   9429.62000000000       7.845851556245216E-005
   9523.92000000000       7.729808427151192E-005
   9571.54000000000       7.671915187865921E-005
   9619.16000000000       7.614464721264285E-005
   9715.35000000000       7.499627949388321E-005
   9812.50000000000       7.385158030533216E-005
   9910.63000000000       7.271021363937597E-005
   9960.18000000000       7.214076021544613E-005
   10009.7400000000       7.157345743072874E-005
   10059.7900000000       7.100455386585108E-005
   10109.8300000000       7.044042557255255E-005
   10160.3800000000       6.987452277532114E-005
   10210.9300000000       6.931278811098789E-005
   10261.9900000000       6.874994781323094E-005
   10313.0400000000       6.819181952333853E-005
   10364.6100000000       6.763283120303327E-005
   10416.1700000000       6.707890572523308E-005
   10468.2500000000       6.652436631646005E-005
   10520.3300000000       6.597505302234775E-005
   10625.5400000000       6.488109881849537E-005
   10678.6700000000       6.433678921677071E-005
   10731.7900000000       6.379805145618644E-005
   10785.4500000000       6.325939717414500E-005
   10839.1100000000       6.272623374384461E-005
   10893.3100000000       6.219294496571817E-005
   10947.5000000000       6.166502411995216E-005
   11056.9800000000       6.061950800389832E-005
   11167.5500000000       5.958636845135772E-005
   11223.3900000000       5.907291114287607E-005
   11279.2200000000       5.856546656156266E-005
   11392.0200000000       5.755801179411037E-005
   11505.9400000000       5.656438215190239E-005
   11563.4600000000       5.607163354433125E-005
   11621.0000000000       5.558468180787209E-005
   11679.1000000000       5.509898107653961E-005
   11737.2100000000       5.461902884135757E-005
   11795.8900000000       5.415540700534288E-005
   11854.5800000000       5.368174970781197E-005
   11913.8500000000       5.320929073095549E-005
   11973.1200000000       5.274280078121538E-005
   12032.9900000000       5.227743427706147E-005
   12092.8500000000       5.181806012845916E-005
   12153.3200000000       5.135978469999665E-005
   12213.7800000000       5.090746883729885E-005
   12335.9200000000       5.004868441008383E-005
   12397.6000000000       4.960764601123095E-005
   12459.2800000000       4.916732004435414E-005
   12583.8700000000       4.829501729938078E-005
   12646.7900000000       4.786311489123947E-005
   12709.7100000000       4.743659988945049E-005
   12836.8100000000       4.658857720531069E-005
   12900.9900000000       4.617422706802296E-005
   12965.1800000000       4.576214339342002E-005
   13094.8300000000       4.494542834357683E-005
   13225.7800000000       4.414197023645685E-005
   13291.9100000000       4.374419152251053E-005
   13358.0300000000       4.335163497438031E-005
   13491.6100000000       4.257436392251754E-005
   13626.5300000000       4.180987093106195E-005
   13694.6600000000       4.143150080545806E-005
   13762.8000000000       4.105807202370967E-005
   13900.4200000000       4.031886181690232E-005
   14039.4300000000       3.959189716918325E-005
   14109.6200000000       3.923208335798944E-005
   14179.8200000000       3.887705281856904E-005
   14321.6200000000       3.817422054969200E-005
   14464.8400000000       3.748322347140439E-005
   14579.5000000000       3.694314819702123E-005
   14579.6500000000       3.694245022905968E-005
   14609.4800000000       3.680382869795859E-005
   14755.5800000000       3.613594288964496E-005
   14903.1300000000       3.547935759352362E-005
   15052.1700000000       3.483391654396732E-005
   15202.6900000000       3.419952278216417E-005
   15278.7000000000       3.388563591653497E-005
   15354.7100000000       3.357601474405935E-005
   15508.2600000000       3.296329124377792E-005
   15585.8000000000       3.266028233163254E-005
   15663.3400000000       3.236143143194575E-005
   15741.6600000000       3.206388304214222E-005
   15819.9800000000       3.177051471364428E-005
   15899.0800000000       3.147848191768929E-005
   15978.1800000000       3.119067206144064E-005
   16058.0700000000       3.090415123918220E-005
   16137.9600000000       3.062194103701499E-005
   16218.6500000000       3.034101307638121E-005
   16299.3400000000       3.006427462751368E-005
   16462.3300000000       2.951786810078315E-005
   16626.9600000000       2.898226380234621E-005
   16793.2300000000       2.845744829108225E-005
   16961.1600000000       2.794287963765706E-005
   17130.7700000000       2.743817068598421E-005
   17216.4200000000       2.718875574372044E-005
   17302.0800000000       2.694282699564794E-005
   17388.5900000000       2.669794174676469E-005
   17475.1000000000       2.645645543540242E-005
   17562.4800000000       2.621590231347802E-005
   17649.8500000000       2.597854298976448E-005
   17826.3500000000       2.550879149865509E-005
   17915.4800000000       2.527637142412940E-005
   18004.6100000000       2.504688213039063E-005
   18094.6400000000       2.481820030135111E-005
   18184.6600000000       2.459261317533473E-005
   18366.5100000000       2.414567161014304E-005
   18458.3400000000       2.392433369283072E-005
   18550.1700000000       2.370586393465395E-005
   18642.9200000000       2.348789444755259E-005
   18735.6700000000       2.326436266916107E-005
   18829.3500000000       2.305839239246931E-005
   18923.0300000000       2.284734499403355E-005
   19017.6500000000       2.263650543648561E-005
   19112.2600000000       2.242840181720170E-005
   19207.8200000000       2.222097429896657E-005
   19303.3800000000       2.201618959918189E-005
   19496.4200000000       2.161061188444429E-005
   19593.9000000000       2.140983176845630E-005
   19691.3800000000       2.121163459363608E-005
   19789.8400000000       2.101409979851914E-005
   19888.3000000000       2.081924185558089E-005
   20087.1800000000       2.043331242635906E-005
   20288.0500000000       2.005382603337254E-005
   20389.4900000000       1.986597917651967E-005
   20490.9300000000       1.968075267093456E-005
   20593.3900000000       1.949605365568675E-005
   20695.8400000000       1.931395122336456E-005
   20799.3200000000       1.913244063981435E-005
   20902.8000000000       1.895345047440547E-005
   21111.8300000000       1.859913389841201E-005
   21217.3900000000       1.842384849470133E-005
   21322.9500000000       1.825094017651662E-005
   21536.1800000000       1.790877881929253E-005
   21751.5400000000       1.757262318950457E-005
   21860.2900000000       1.740645926473516E-005
   21969.0500000000       1.725800621269140E-005
   22078.9000000000       1.709387007136481E-005
   22188.7400000000       1.693199969914301E-005
   22410.6300000000       1.661201723747331E-005
   22634.7400000000       1.629783557486336E-005
   22780.4100000000       1.609838961906644E-005
   22780.7600000000       1.609790631939620E-005
   22861.0800000000       1.598942477256170E-005
   22975.3900000000       1.583700735647394E-005
   23089.7000000000       1.568669167988425E-005
   23320.5900000000       1.538959942041912E-005
   23553.8000000000       1.509797151231796E-005
   23789.3300000000       1.481175264428359E-005
   24027.2300000000       1.453078048213217E-005
   24267.5000000000       1.425513249757957E-005
   24388.8400000000       1.411882038817624E-005
   24510.1700000000       1.398450728395883E-005
   24755.2800000000       1.371893231723375E-005
   25002.8300000000       1.345832589815578E-005
   25252.8600000000       1.320254823936107E-005
   25379.1200000000       1.307612128622236E-005
   25505.3800000000       1.295159674311576E-005
   25632.9100000000       1.282763959393116E-005
   25760.4400000000       1.270540599776486E-005
   26018.0400000000       1.246380022411354E-005
   26278.2200000000       1.222668282518547E-005
   26541.0000000000       1.199448866687737E-005
   26673.7100000000       1.187964948233321E-005
   26806.4100000000       1.176649772788733E-005
   26940.4500000000       1.165385082330074E-005
   27074.4800000000       1.154278451124912E-005
   27345.2200000000       1.132352027303977E-005
   27481.9500000000       1.121511907321510E-005
   27618.6800000000       1.110832538180871E-005
   27756.7700000000       1.100207516383001E-005
   27894.8600000000       1.089732822844627E-005
   28034.3400000000       1.079307291704688E-005
   28173.8100000000       1.069030639014152E-005
   28314.6800000000       1.058809854138570E-005
   28455.5500000000       1.048731184913518E-005
   28740.1100000000       1.028815141531940E-005
   29027.5100000000       1.009280316293760E-005
   29172.6400000000       9.996305157689047E-006
   29317.7800000000       9.901107941002743E-006
   29610.9600000000       9.713088238217646E-006
   29907.0700000000       9.528576391272503E-006
   30206.1400000000       9.347528800300630E-006
   30508.2000000000       9.169873828054084E-006
   30660.7400000000       9.082079849886386E-006
   30813.2800000000       8.995540236335733E-006
   31121.4100000000       8.824461432316827E-006
   31277.0200000000       8.739914183993465E-006
   31432.6300000000       8.656571302193293E-006
   31746.9600000000       8.491815249616922E-006
   32064.4200000000       8.330127031631790E-006
   32224.7500000000       8.250215849314639E-006
   32385.0700000000       8.171448776079143E-006
   32546.9900000000       8.093034411443046E-006
   32708.9200000000       8.015739192284772E-006
   32803.8500000000       7.970932030759217E-006
   32804.2500000000       7.970747586594917E-006
   33036.0100000000       7.862930477825020E-006
   33366.3700000000       7.712979971654474E-006
   33533.2000000000       7.638878916684096E-006
   33700.0300000000       7.565833454982944E-006
   34037.0300000000       7.421447008787638E-006
   34207.2200000000       7.356176058559148E-006
   34377.4000000000       7.285541420699362E-006
   34721.1800000000       7.145967932368588E-006
   35068.3900000000       7.009060845320757E-006
   35419.0700000000       6.874778724789174E-006
   35596.1600000000       6.808438777349364E-006
   35773.2600000000       6.743069527161117E-006
   35952.1300000000       6.677996600774671E-006
   36131.0000000000       6.613870845444937E-006
   36492.3000000000       6.487170925744634E-006
   36857.2300000000       6.362883826042613E-006
   37225.8000000000       6.240990298656423E-006
   37598.0500000000       6.121437826773677E-006
   37974.0400000000       6.004178643767709E-006
   38163.9100000000       5.946255531170317E-006
   38353.7800000000       5.889174143289744E-006
   38545.5500000000       5.832362218901984E-006
   38737.3200000000       5.776377257213382E-006
   38931.0000000000       5.720658149884727E-006
   39124.6900000000       5.665754592426437E-006
   39515.9400000000       5.557259987592450E-006
   39713.5200000000       5.503663323591109E-006
   39911.1000000000       5.450851330950811E-006
   40310.2100000000       5.346456476299744E-006
   40713.3100000000       5.244113004584313E-006
   41120.4400000000       5.143764129028316E-006
   41531.6400000000       5.045331404134172E-006
   41946.9600000000       4.948786614568878E-006
   42366.4300000000       4.854090772334337E-006
   42790.0900000000       4.761227907285884E-006
   43004.0500000000       4.715360229003269E-006
   43218.0000000000       4.670151434800176E-006
   43650.1800000000       4.580828207440160E-006
   44086.6800000000       4.493216707035052E-006
   44307.1100000000       4.449938891059713E-006
   44527.5400000000       4.407294893729118E-006
   44649.7500000000       4.383919346884846E-006
   44650.1500000000       4.383839921929420E-006
   44972.8200000000       4.323016262085215E-006
   45422.5500000000       4.240352457592414E-006
   45649.6600000000       4.199518991767771E-006
   45876.7700000000       4.159278026840868E-006
   46106.1600000000       4.119232331410665E-006
   46335.5400000000       4.079760736036610E-006
   46567.2200000000       4.040472191268692E-006
   46798.9000000000       4.001763295636187E-006
   47266.8900000000       3.925253371314643E-006
   47739.5500000000       3.850214620301369E-006
   48216.9500000000       3.776606626564598E-006
   48699.1200000000       3.704404503536832E-006
   48942.6100000000       3.668736248526913E-006
   49186.1100000000       3.633578206553399E-006
   49677.9700000000       3.565638505979967E-006
   49926.3600000000       3.531251953883511E-006
   50174.7500000000       3.497359079023266E-006
   50676.5000000000       3.430389665860872E-006
   50929.8800000000       3.397301867412067E-006
   51183.2600000000       3.364700223860974E-006
   51695.0900000000       3.300275326030902E-006
   52212.0400000000       3.237088409734898E-006
   52473.1000000000       3.205866415777419E-006
   52734.1600000000       3.175105632711226E-006
   53261.5000000000       3.114316412577029E-006
   53794.1200000000       3.054680697977315E-006
   54063.0900000000       3.025229999713765E-006
   54332.0600000000       2.996194979968182E-006
   54875.3800000000       2.938825428149827E-006
   55149.7600000000       2.910491177433981E-006
   55424.1300000000       2.882561703452974E-006
   55701.2500000000       2.854760074307861E-006
   55978.3800000000       2.827364377933605E-006
   56258.2700000000       2.800102027491179E-006
   56538.1600000000       2.773230996055510E-006
   56820.8500000000       2.746491233765052E-006
   57103.5400000000       2.720132200227026E-006
   57674.5800000000       2.668048221361557E-006
   57962.9500000000       2.642320812949428E-006
   58251.3200000000       2.616957584025832E-006
   58318.1000000000       2.611137834555951E-006
   58318.5000000000       2.611109567838049E-006
   58833.8400000000       2.566846793877397E-006
   59128.0100000000       2.542086012744866E-006
   59422.1800000000       2.517688306477678E-006
   59719.2900000000       2.493410773730527E-006
   60016.4000000000       2.469476557279151E-006
   60316.4800000000       2.445660240650518E-006
   60616.5600000000       2.422183405584606E-006
   61222.7300000000       2.375798670888470E-006
   61834.9500000000       2.330291732798302E-006
   62453.3000000000       2.285655118121936E-006
   63077.8300000000       2.241867261640101E-006
   63708.6100000000       2.198923038528722E-006
   64345.7000000000       2.156793630784500E-006
   64667.4200000000       2.135981795277524E-006
   64989.1500000000       2.115467179687650E-006
   65314.1000000000       2.095051397226502E-006
   65639.0500000000       2.074933004629440E-006
   65967.2400000000       2.054903241331509E-006
   66295.4400000000       2.035169503413399E-006
   66958.3900000000       1.996157417233295E-006
   67293.1900000000       1.977293719743191E-006
   67627.9800000000       1.958289864880540E-006
   67966.1200000000       1.939367500820283E-006
   68304.2600000000       1.920729951336079E-006
   68987.3000000000       1.883884230739753E-006
   69332.2300000000       1.865683126487459E-006
   69677.1700000000       1.847739377823133E-006
   70025.5600000000       1.829883690985305E-006
   70373.9500000000       1.812287093881635E-006
   70725.8100000000       1.794769488457999E-006
   71077.6900000000       1.777504951568557E-006
   71788.4600000000       1.743391838568666E-006
   72506.3400000000       1.709925475597332E-006
   73231.4100000000       1.677104766295922E-006
   73808.9000000000       1.651628499866558E-006
   73809.3000000000       1.651616718565056E-006
   73963.7200000000       1.644901432007510E-006
   74333.5400000000       1.628995803680743E-006
   74703.3600000000       1.613312677896441E-006
   75450.3900000000       1.582334466160969E-006
   76204.8900000000       1.551938055720630E-006
   76966.9400000000       1.522122756087121E-006
   77351.7700000000       1.507395106899298E-006
   77736.6100000000       1.492878367800734E-006
   78125.3000000000       1.478429665657073E-006
   78513.9800000000       1.464190767017487E-006
   78906.5500000000       1.450009235989544E-006
   79299.1200000000       1.436044886239403E-006
   79695.6100000000       1.422143271149110E-006
   80092.1100000000       1.408439180487041E-006
   80492.5700000000       1.394802960541259E-006
   80893.0300000000       1.381356825056672E-006
   81701.9600000000       1.354799640284944E-006
   82110.4700000000       1.341676532815109E-006
   82518.9800000000       1.328747283417055E-006
   83344.1700000000       1.303183423623212E-006
   83760.8900000000       1.290558986053816E-006
   84177.6200000000       1.278113385678765E-006
   85019.3900000000       1.253518934439806E-006
   85444.4800000000       1.241369595359625E-006
   85869.5900000000       1.229399637762207E-006
   86728.2800000000       1.205738761316008E-006
   87595.5600000000       1.182653592389420E-006
   88471.5200000000       1.159875038078565E-006
   88913.8800000000       1.148627678280098E-006
   89356.2300000000       1.137539826856590E-006
   89803.0200000000       1.126502288047228E-006
   90249.8000000000       1.115624023480885E-006
   91122.1400000000       1.094838647556783E-006
   91122.5500000000       1.094828655712308E-006
   91152.3000000000       1.094126503282089E-006
   91608.0600000000       1.083511924758671E-006
   92063.8200000000       1.073043870966487E-006
   92524.1400000000       1.062631360352530E-006
   92984.4600000000       1.052365975961584E-006
   93914.3000000000       1.032077172211472E-006
   94853.4500000000       1.012187367073166E-006
   95801.9800000000       9.926623823179497E-007
   96280.9800000000       9.830239248725031E-007
   96760.0000000000       9.735211362115464E-007
   97243.8000000000       9.640634394178372E-007
   97727.6000000000       9.547438513874749E-007
   98704.8800000000       9.363249025040525E-007
   99691.9200000000       9.182585230947457E-007
