   40.0000000000000      -2.657354404212127E-055
   40.4000000000000      -2.668596643826337E-055
   40.8000000000000      -2.732589013132394E-055
   41.2100000000000      -2.875342244550162E-055
   41.6200000000000      -3.123940770908845E-055
   42.0400000000000      -3.525164621211763E-055
   42.4600000000000      -4.123107012343036E-055
   42.8900000000000      -5.006899937120465E-055
   43.3100000000000      -6.224202936550703E-055
   43.7500000000000      -8.004641597002096E-055
   44.1800000000000      -1.041957110711304E-054
   44.6300000000000      -1.392164900336364E-054
   45.0700000000000      -1.866428967643027E-054
   45.5300000000000      -2.554491670443966E-054
   45.9800000000000      -3.490057860510379E-054
   46.4400000000000      -4.818498136353266E-054
   46.9000000000000      -6.668556532459344E-054
   47.3700000000000      -9.309334682673364E-054
   47.8500000000000      -1.310162525319009E-053
   48.3300000000000      -1.844820224688791E-053
   48.8100000000000      -2.598089220681962E-053
   49.3000000000000      -3.684692554192044E-053
   49.7900000000000      -5.224055671283820E-053
   50.2900000000000      -7.455816814260808E-053
   50.7900000000000      -1.063463210290149E-052
   51.3000000000000      -1.526617905443973E-052
   51.8100000000000      -2.189799844226117E-052
   52.3300000000000      -3.160820888406183E-052
   52.8500000000000      -4.558656220482076E-052
   53.3800000000000      -6.615677634630913E-052
   53.9100000000000      -9.593232063632043E-052
   54.4600000000000      -1.409637029442825E-051
   55.0000000000000      -2.055479568625901E-051
   55.5500000000000      -3.016431850558162E-051
   56.1000000000000      -4.424467845104886E-051
   56.6700000000000      -6.578321277197534E-051
   57.2300000000000      -9.710732046594569E-051
   57.8100000000000      -1.453455905900563E-050
   58.3800000000000      -2.160645510492012E-050
   58.9700000000000      -3.257945650317238E-050
   59.5500000000000      -4.881024014176156E-050
   60.1500000000000      -7.421169934450723E-050
   60.7500000000000      -1.129537526602519E-049
   61.3600000000000      -1.733702676561931E-049
   61.9700000000000      -2.665651629816900E-049
   62.6000000000000      -4.165889000151525E-049
   63.2200000000000      -6.481099508269948E-049
   63.8500000000000      -1.018581682655383E-048
   64.4900000000000      -1.618036596369318E-048
   65.1400000000000      -2.599346464269229E-048
   65.7900000000000      -4.194084317226046E-048
   66.4500000000000      -6.849259040957455E-048
   67.1100000000000      -1.123955029020890E-047
   67.7800000000000      -1.867318900421998E-047
   68.4600000000000      -3.140730489386102E-047
   69.1400000000000      -5.305274649265812E-047
   69.8300000000000      -9.064579979626763E-047
   70.5300000000000      -1.565513481699218E-046
   71.2400000000000      -2.730624612822076E-046
   71.9500000000000      -4.767793614142696E-046
   72.6700000000000      -8.390217498070187E-046
   73.4000000000000      -1.486443751412230E-045
   74.1300000000000      -2.627751081871231E-045
   74.8700000000000      -4.667112914456008E-045
   75.6200000000000      -8.319787987840516E-045
   76.3800000000000      -1.487272764249646E-044
   77.1400000000000      -2.643979606378857E-044
   77.9100000000000      -4.706906927097025E-044
   78.6900000000000      -8.386185745280268E-044
   79.4800000000000      -1.494532099557886E-043
   80.2700000000000      -2.643888675731138E-043
   81.0800000000000      -4.708544658736489E-043
   81.8800000000000      -8.261796268130295E-043
   82.7100000000000      -1.468607043364311E-042
   83.5300000000000      -2.571872250598088E-042
   84.3700000000000      -4.528994170878774E-042
   85.2100000000000      -7.911518479789830E-042
   86.0700000000000      -1.389137954930786E-041
   86.9200000000000      -2.404161148340465E-041
   87.8000000000000      -4.208309527712106E-041
   88.6700000000000      -7.262821965479734E-041
   89.5600000000000      -1.259462747891960E-040
   90.4500000000000      -2.167532029333673E-040
   91.3600000000000      -3.747483015899961E-040
   92.2700000000000      -6.430968519167547E-040
   93.2000000000000      -1.108485271669904E-039
   94.1200000000000      -1.885878989714834E-039
   95.0700000000000      -3.240645640657391E-039
   96.0200000000000      -5.528578888780996E-039
   96.9800000000000      -9.416980722560938E-039
   97.9500000000000      -1.601351508764218E-038
   98.9300000000000      -2.718437826408067E-038
   99.9100000000000      -4.581807554650317E-038
   100.920000000000      -7.789018189999531E-038
   101.920000000000      -1.307559916988058E-037
   102.950000000000      -2.212475202588428E-037
   103.970000000000      -3.696307366117490E-037
   105.020000000000      -6.219328475304318E-037
   106.060000000000      -1.032896337175088E-036
   107.130000000000      -1.725779616895989E-036
   108.190000000000      -2.844188892329501E-036
   109.280000000000      -4.708888371049987E-036
   110.370000000000      -7.715383592353354E-036
   111.480000000000      -1.261116042886632E-035
   112.590000000000      -2.034994688536053E-035
   113.720000000000      -3.263348807407687E-035
   114.850000000000      -5.141824273805331E-035
   116.000000000000      -7.990116569063688E-035
   117.160000000000      -1.211413115701010E-034
   118.330000000000      -1.772594867034203E-034
   119.510000000000      -2.454404679256552E-034
   120.710000000000      -3.088940100033998E-034
   121.910000000000      -3.129063693832423E-034
   123.140000000000      -1.151497052371044E-034
   124.360000000000       6.035964725345423E-034
   125.610000000000       2.608185932177779E-033
   126.860000000000       7.445938990116309E-033
   128.140000000000       1.866511145495429E-032
   129.410000000000       4.275568616429059E-032
   130.710000000000       9.454753589826241E-032
   132.020000000000       2.020793182519567E-031
   133.340000000000       4.209662374031758E-031
   134.670000000000       8.592280237333551E-031
   136.020000000000       1.732949295637739E-030
   137.380000000000       3.443176656490898E-030
   138.760000000000       6.783361585560575E-030
   140.140000000000       1.313752596632998E-029
   141.540000000000       2.527693704469654E-029
   142.250000000000       3.501938995516590E-029
   142.950000000000       4.811506069586187E-029
   144.380000000000       9.106313581816494E-029
   145.830000000000       1.713858482747744E-028
   147.290000000000       3.194400595549507E-028
   148.760000000000       5.898249510865879E-028
   150.250000000000       1.083547090301056E-027
   151.750000000000       1.972638254835178E-027
   152.510000000000       2.659293315356366E-027
   153.270000000000       3.573509096675908E-027
   154.800000000000       6.416993648625002E-027
   155.570000000000       8.575285264236809E-027
   156.350000000000       1.146691126091906E-026
   157.910000000000       2.031627504521897E-026
   158.700000000000       2.701744712036886E-026
   159.490000000000       3.582121024043717E-026
   160.290000000000       4.751969287984626E-026
   161.080000000000       6.263257339391861E-026
   161.890000000000       8.288463809447055E-026
   162.690000000000       1.089882130591721E-025
   163.510000000000       1.438724488214744E-025
   164.320000000000       1.887351712306835E-025
   165.140000000000       2.477026573545496E-025
   165.960000000000       3.241728902540487E-025
   166.790000000000       4.244343368131808E-025
   167.620000000000       5.541355367847999E-025
   169.300000000000       9.426363962553159E-025
   170.990000000000       1.590816617620614E-024
   171.850000000000       2.067576346537029E-024
   172.700000000000       2.671832856058402E-024
   174.430000000000       4.465778064838112E-024
   176.180000000000       7.428095052387321E-024
   177.940000000000       1.226046001573049E-023
   178.830000000000       1.573421646722644E-023
   179.720000000000       2.014000288748460E-023
   180.610000000000       2.571356571030769E-023
   181.510000000000       3.283594884983376E-023
   182.420000000000       4.193711106609514E-023
   183.330000000000       5.342497147794663E-023
   185.160000000000       8.628075208552991E-023
   186.090000000000       1.096638632174155E-022
   187.010000000000       1.386846386170847E-022
   188.880000000000       2.218635490830023E-022
   189.830000000000       2.806363501381259E-022
   190.770000000000       3.532525982845170E-022
   191.730000000000       4.457571018494199E-022
   192.680000000000       5.597917340196340E-022
   193.640000000000       7.030237362166954E-022
   194.610000000000       8.829021168769940E-022
   195.580000000000       1.106203452336940E-021
   196.550000000000       1.382779523677250E-021
   198.520000000000       2.160534303366414E-021
   200.500000000000       3.357212747221183E-021
   202.510000000000       5.225465442574771E-021
   204.530000000000       8.077575803155991E-021
   206.580000000000       1.245450331459816E-020
   207.610000000000       1.542958484883387E-020
   208.650000000000       1.911269090171745E-020
   209.690000000000       2.362295582263735E-020
   210.730000000000       2.913431919180101E-020
   212.840000000000       4.429407065818166E-020
   214.970000000000       6.702919534356929E-020
   216.040000000000       8.227359298909634E-020
   217.120000000000       1.009647200153319E-019
   218.200000000000       1.236430038635524E-019
   219.290000000000       1.513829604074295E-019
   220.380000000000       1.849630059393952E-019
   221.480000000000       2.259409652476026E-019
   222.590000000000       2.759278372607326E-019
   223.700000000000       3.362855529034216E-019
   225.930000000000       4.973652967674164E-019
   227.710000000000       6.758978468614066E-019
   227.910000000000       6.997179164354829E-019
   229.240000000000       1.394555175371416E-018
   230.470000000000       1.719756117103215E-018
   232.780000000000       2.517721130875358E-018
   233.940000000000       3.039963109034773E-018
   235.110000000000       3.669048254871367E-018
   237.460000000000       5.320226296607169E-018
   239.830000000000       7.685114471459748E-018
   242.230000000000       1.106456378261077E-017
   244.650000000000       1.585912034113362E-017
   245.880000000000       1.898965191307407E-017
   247.100000000000       2.266325879708602E-017
   248.330000000000       2.703740480243790E-017
   249.570000000000       3.224317876288409E-017
   252.070000000000       4.573463276883244E-017
   253.330000000000       5.439759544565938E-017
   254.590000000000       6.458645187669453E-017
   255.860000000000       7.664939375931314E-017
   257.130000000000       9.081278073525817E-017
   259.700000000000       1.273083561126430E-016
   261.000000000000       1.506350414614450E-016
   262.300000000000       1.779293989687343E-016
   263.610000000000       2.100766501022690E-016
   264.920000000000       2.476123862988951E-016
   267.570000000000       3.435455812916450E-016
   270.250000000000       4.751995248469393E-016
   272.950000000000       6.545271826094432E-016
   274.320000000000       7.680749297794202E-016
   275.680000000000       8.988096818195447E-016
   278.440000000000       1.230511755187314E-015
   281.220000000000       1.677647025868944E-015
   282.630000000000       1.958537191769191E-015
   284.030000000000       2.280382550740760E-015
   286.870000000000       3.090302421014691E-015
   289.740000000000       4.175224928875734E-015
   292.640000000000       5.623959993133512E-015
   294.100000000000       6.518915823667794E-015
   295.570000000000       7.552487895253613E-015
   298.520000000000       1.010172045307272E-014
   300.020000000000       1.168527773678643E-014
   301.510000000000       1.348402764311144E-014
   304.520000000000       1.792753219102812E-014
   307.570000000000       2.378633740194358E-014
   309.110000000000       2.737713966928202E-014
   310.640000000000       3.143665665844383E-014
   312.200000000000       3.614406972408604E-014
   313.750000000000       4.146072695913614E-014
   315.320000000000       4.757632033779914E-014
   316.890000000000       5.451767708794892E-014
   318.470000000000       6.243865274078251E-014
   320.060000000000       7.147273736876323E-014
   323.270000000000       9.350037046145235E-014
   326.490000000000       1.217532895820889E-013
   329.770000000000       1.584606096310314E-013
   333.050000000000       2.051388842674953E-013
   336.400000000000       2.656111037108109E-013
   339.750000000000       3.421171453683581E-013
   343.160000000000       4.403577684973436E-013
   346.580000000000       5.643313519024742E-013
   350.060000000000       7.226600387513358E-013
   353.540000000000       9.207928161699513E-013
   357.100000000000       1.173891900227643E-012
   360.650000000000       1.488220251481539E-012
   364.270000000000       1.886321575782227E-012
   367.900000000000       2.380979555159732E-012
   371.590000000000       3.002531312707045E-012
   375.290000000000       3.770904785130820E-012
   379.060000000000       4.734054245610937E-012
   382.840000000000       5.919341900919299E-012
   386.680000000000       7.393581703082679E-012
   390.530000000000       9.198650118106197E-012
   394.460000000000       1.144455600122498E-011
   398.380000000000       1.416807823663005E-011
   400.000000000000       1.545531354849817E-011
   404.020000000000       1.911826234871651E-011
   408.040000000000       2.354738169842970E-011
   412.140000000000       2.899750505841601E-011
   416.240000000000       3.555815596104821E-011
   419.230000000000       4.115364497670032E-011
   422.210000000000       4.750522145477838E-011
   425.530000000000       5.560615031450554E-011
   428.850000000000       6.492444164396611E-011
   432.940000000000       7.831236641393025E-011
   437.030000000000       9.411868140771166E-011
   437.470000000000       9.597823628912514E-011
   439.660000000000       1.057314622586061E-010
   441.850000000000       1.163600822854943E-010
   446.270000000000       1.407582640174696E-010
   447.210000000000       1.464996536086016E-010
   450.730000000000       1.698966048761566E-010
   455.240000000000       2.047013590273905E-010
   459.790000000000       2.460951401351984E-010
   462.030000000000       2.690766034376680E-010
   464.390000000000       2.953287306860978E-010
   467.210000000000       3.296532939954429E-010
   469.030000000000       3.536368305131179E-010
   473.720000000000       4.226979328342514E-010
   478.460000000000       5.043340237050952E-010
   482.030000000000       5.746947344892050E-010
   483.240000000000       6.004293451396974E-010
   484.330000000000       6.244772795445248E-010
   488.080000000000       7.138000230351675E-010
   490.520000000000       7.777813190860968E-010
   492.960000000000       8.467427742246713E-010
   497.030000000000       9.737487083935486E-010
   497.890000000000       1.002625309271348E-009
   498.210000000000       1.013560622134861E-009
   502.870000000000       1.183697611985308E-009
   503.600000000000       1.212517565383113E-009
   504.000000000000       1.228550603475833E-009
   507.890000000000       3.171212329083976E-009
   508.210000000000       3.218338652197456E-009
   509.330000000000       3.553268929362057E-009
   512.970000000000       3.816830451294684E-009
   514.210000000000       3.887938090926624E-009
   518.100000000000       4.397094596505756E-009
   520.210000000000       4.700377819267105E-009
   520.610000000000       4.785708825482391E-009
   521.010000000000       4.903350104858171E-009
   521.410000000000       5.087254631654691E-009
   521.810000000000       5.408350249605207E-009
   522.610000000000       5.338163948553639E-009
   523.010000000000       5.162552507817079E-009
   523.280000000000       5.155199903621475E-009
   523.810000000000       5.225572410503682E-009
   524.210000000000       5.306583311881935E-009
   526.210000000000       5.758349276733652E-009
   528.520000000000       6.281925563118556E-009
   529.030000000000       6.380696914990329E-009
   529.330000000000       6.436382475241135E-009
   530.210000000000       6.627315615125412E-009
   533.030000000000       6.990527652239290E-009
   533.800000000000       7.068871374617281E-009
   535.030000000000       7.227647105570785E-009
   535.430000000000       7.313250805082589E-009
   535.830000000000       7.445976164964352E-009
   536.210000000000       7.665457125529007E-009
   536.630000000000       8.171971851185408E-009
   537.430000000000       8.080336411365217E-009
   537.830000000000       7.857807812835848E-009
   538.230000000000       7.917924211401478E-009
   538.630000000000       8.067361439389450E-009
   539.030000000000       8.251562659584211E-009
   541.030000000000       9.300116845882977E-009
   544.330000000000       1.144538377972733E-008
   545.030000000000       1.197637752315086E-008
   546.210000000000       1.299275323847862E-008
   549.980000000000       1.796466356141764E-008
   551.030000000000       1.999839438757475E-008
   555.480000000000       3.247698759173002E-008
   560.330000000000       5.748572904888835E-007
   561.030000000000       5.365941207814063E-007
   562.210000000000       4.745562241936226E-007
   566.640000000000       2.762607228820948E-007
   570.330000000000       1.557213387302704E-007
   572.310000000000       1.084751849175505E-007
   576.330000000000       4.925895573030860E-008
   577.030000000000       4.325162359750792E-008
   578.030000000000       3.668850567952142E-008
   580.330000000000       2.933980282660314E-008
   582.330000000000       2.685863600334432E-008
   582.730000000000       2.645207191618322E-008
   583.130000000000       2.601332378390803E-008
   583.530000000000       2.575281593672356E-008
   583.810000000000       2.569697194038335E-008
   583.930000000000       2.585963760128472E-008
   584.730000000000       2.627761781939028E-008
   585.130000000000       2.693816821494792E-008
   585.530000000000       2.785663252265849E-008
   585.930000000000       2.900363107083005E-008
   586.330000000000       3.012028201447228E-008
   588.330000000000       3.713935947868897E-008
   589.650000000000       4.564611111818085E-008
   592.030000000000       7.808955156287235E-008
   592.330000000000       8.413863223666884E-008
   595.550000000000       1.793841719716600E-007
   597.210000000000       2.553534288497828E-007
   598.330000000000       3.215527771320748E-007
   601.500000000000       1.111521921430475E-007
   604.510000000000       1.513427993411785E-007
   607.520000000000       4.818318284303344E-007
   608.330000000000       5.719063411405161E-007
   612.030000000000       8.021776068232071E-007
   613.590000000000       8.419988422662633E-007
   616.660000000000       1.009467979826046E-006
   619.730000000000       1.373180185582295E-006
   622.210000000000       1.811908104404598E-006
   624.330000000000       2.262366069976292E-006
   625.920000000000       2.618154812560331E-006
   632.180000000000       4.031192118411993E-006
   637.030000000000       5.086109765457918E-006
   638.510000000000       5.402916325839273E-006
   639.330000000000       5.578688314063757E-006
   644.890000000000       6.818561858395376E-006
   648.110000000000       7.615470604800305E-006
   651.340000000000       8.476571556711077E-006
   657.850000000000       1.035561712643048E-005
   659.330000000000       1.080103170282932E-005
   664.430000000000       1.235582570604807E-005
   671.080000000000       1.437444874827929E-005
   677.790000000000       1.638886975384635E-005
   681.180000000000       1.740242128747480E-005
   684.560000000000       2.889365242001798E-005
   691.440000000000       3.037216730533127E-005
   698.320000000000       3.188718923020940E-005
   705.340000000000       3.347416747034489E-005
   712.360000000000       3.509976905206842E-005
   719.520000000000       3.679564452871165E-005
   726.680000000000       3.852872639592768E-005
   733.980000000000       4.033305020064051E-005
   741.280000000000       4.217384536468649E-005
   748.730000000000       4.408903698552216E-005
   756.180000000000       4.603983833451245E-005
   763.780000000000       4.806537765024641E-005
   771.380000000000       5.012525375630726E-005
   779.140000000000       5.226248294676932E-005
   786.890000000000       5.442976397957471E-005
   794.800000000000       5.667391412263687E-005
   802.710000000000       5.895131792000066E-005
   810.770000000000       6.130754852063560E-005
   818.840000000000       6.369616376312559E-005
   822.930000000000       6.491742114907586E-005
   827.030000000000       6.614864341490566E-005
   830.210000000000       6.710834619954411E-005
   835.300000000000       6.865241158275818E-005
   837.260000000000       6.924968600724956E-005
   843.650000000000       7.120629333017900E-005
   849.190000000000       7.291422004380649E-005
   850.690000000000       7.337821093507662E-005
   852.090000000000       7.381215291190007E-005
   855.210000000000       7.478129838101047E-005
   860.610000000000       7.646564972028465E-005
   862.260000000000       7.698205289300152E-005
   869.210000000000       7.916543187629003E-005
   870.690000000000       7.963195305050146E-005
   871.970000000000       8.003607165505482E-005
   874.190000000000       8.073780194922547E-005
   875.210000000000       8.106063508864763E-005
   877.910000000000       8.191632032715168E-005
   882.260000000000       8.329840873649524E-005
   885.690000000000       8.439131567118156E-005
   886.690000000000       8.471042949555951E-005
   890.210000000000       8.583528881340592E-005
   892.220000000000       8.647868346544865E-005
   894.190000000000       8.710993384739630E-005
   895.550000000000       8.754620715647075E-005
   896.970000000000       8.800222039507875E-005
   897.260000000000       8.809532498244096E-005
   901.690000000000       8.952102350003225E-005
   904.510000000000       9.043159616021763E-005
   906.210000000000       9.098115030025101E-005
   909.190000000000       9.194562152097413E-005
   911.690000000000       9.275167827897184E-005
   913.260000000000       9.325970045632701E-005
   913.550000000000       9.335338045060971E-005
   916.210000000000       9.421838426049826E-005
   916.970000000000       9.447354853007084E-005
   917.220000000000       9.455861409948360E-005
   917.690000000000       9.471933399736937E-005
   921.690000000000       9.617655209068123E-005
   922.210000000000       9.632127583287477E-005
   922.690000000000       9.624736052187826E-005
   923.260000000000       9.630223209265204E-005
   923.690000000000       9.678502864480089E-005
   924.090000000000       9.721810643633426E-005
   924.490000000000       9.748397637003846E-005
   924.890000000000       9.754428339009683E-005
   925.130000000000       9.746211915246523E-005
   925.190000000000       9.742534553893550E-005
   925.290000000000       9.734860197232683E-005
   926.090000000000       9.626977108253430E-005
   926.210000000000       9.621632393779402E-005
   926.490000000000       9.670025497273553E-005
   926.890000000000       9.771465463873605E-005
   927.290000000000       9.850491918283558E-005
   927.690000000000       9.901292344292001E-005
   928.210000000000       9.937590514808888E-005
   928.610000000000       9.949176953144542E-005
   929.010000000000       9.944556544343010E-005
   929.260000000000       9.930139202633611E-005
   929.690000000000       9.874503656668282E-005
   929.810000000000       9.849047398223461E-005
   930.610000000000       9.505570221637719E-005
   931.010000000000       9.587565579203386E-005
   931.410000000000       9.824103831058436E-005
   931.810000000000       9.973974011073872E-005
   931.970000000000       1.001578230442043E-004
   932.210000000000       1.006612543310661E-004
   933.260000000000       1.018461189392072E-004
   933.690000000000       1.020940175825434E-004
   934.210000000000       1.022964785725669E-004
   935.190000000000       1.023547185551007E-004
   935.660000000000       1.021427072683236E-004
   936.060000000000       1.017450834332404E-004
   936.460000000000       1.010203709316491E-004
   936.860000000000       9.955143987807221E-005
   937.220000000000       9.692096915299290E-005
   937.660000000000       9.043610459365905E-005
   938.060000000000       9.268235904052721E-005
   938.460000000000       9.819518230745771E-005
   938.860000000000       1.009849584939886E-004
   939.260000000000       1.025074514216367E-004
   939.690000000000       1.035164762573505E-004
   941.190000000000       1.052791370188013E-004
   941.260000000000       1.053284777047835E-004
   944.210000000000       1.066515813141082E-004
   945.190000000000       1.068600670453916E-004
   947.190000000000       1.062752606591602E-004
   947.590000000000       1.057590717848617E-004
   947.970000000000       1.049898098301243E-004
   948.390000000000       1.034294104775539E-004
   948.790000000000       1.004604715529320E-004
   949.590000000000       7.691653596568482E-005
   949.690000000000       7.374425719370055E-005
   949.990000000000       8.279559280861580E-005
   950.130000000000       8.931730177164498E-005
   950.390000000000       9.663812258461655E-005
   950.650000000000       1.006693417826258E-004
   951.190000000000       1.049613466783729E-004
   952.220000000000       1.080493850357574E-004
   953.190000000000       1.094024328227905E-004
   954.210000000000       1.102473435382882E-004
   957.190000000000       1.116905763560807E-004
   957.970000000000       1.119928086571705E-004
   960.150000000000       1.128007826897908E-004
   961.260000000000       1.131986162803304E-004
   963.190000000000       1.138697815846573E-004
   963.970000000000       1.141324301134652E-004
   965.690000000000       1.146818098057751E-004
   967.970000000000       1.152346897039946E-004
   968.220000000000       1.152646700829805E-004
   969.760000000000       1.150378060878182E-004
   969.970000000000       1.148979373013815E-004
   970.130000000000       1.147575760361128E-004
   970.370000000000       1.144736829482508E-004
   970.770000000000       1.137124389286507E-004
   971.170000000000       1.123038510278126E-004
   971.570000000000       1.094687325370723E-004
   972.370000000000       7.755445229946096E-005
   972.770000000000       8.408797928553299E-005
   973.170000000000       1.046343639643913E-004
   973.570000000000       1.108025505504276E-004
   973.970000000000       1.136264105551703E-004
   975.970000000000       1.177310328638179E-004
   977.260000000000       1.186002170245020E-004
   978.220000000000       1.190749325152061E-004
   979.450000000000       1.196011329503703E-004
   979.970000000000       1.198086943929153E-004
   980.690000000000       1.200874674429396E-004
   984.220000000000       1.213847649464745E-004
   984.790000000000       1.215884579870088E-004
   985.130000000000       1.217102854687302E-004
   985.210000000000       1.217382266405105E-004
   985.970000000000       1.220090484345995E-004
   988.220000000000       1.228064012681341E-004
   989.190000000000       1.231482938055436E-004
   990.220000000000       1.235109385065900E-004
   990.620000000000       1.236519758293291E-004
   991.020000000000       1.237928256974613E-004
   991.420000000000       1.239337402335970E-004
   991.820000000000       1.240736211269674E-004
   992.260000000000       1.242281391632910E-004
   992.620000000000       1.243547427770204E-004
   993.020000000000       1.244954765253710E-004
   993.420000000000       1.246355813679337E-004
   993.820000000000       1.247763885723365E-004
   994.220000000000       1.249163840458852E-004
   995.970000000000       1.255301311313069E-004
   996.220000000000       1.256171605763969E-004
   999.140000000000       1.266395388980962E-004
   1000.22000000000       1.270167765497525E-004
   1000.69000000000       1.271815736184172E-004
   1001.13000000000       1.273358769180802E-004
   1004.19000000000       1.284054766778348E-004
   1005.21000000000       1.287620887072130E-004
   1006.22000000000       1.291144214820934E-004
   1009.13000000000       1.301265914606739E-004
   1009.79000000000       1.303548474512739E-004
   1011.13000000000       1.308179456478674E-004
   1011.97000000000       1.311066074410300E-004
   1012.26000000000       1.312061934826734E-004
   1016.22000000000       1.325367517360201E-004
   1017.13000000000       1.328280732651056E-004
   1019.22000000000       1.334373801920257E-004
   1021.13000000000       1.337753525362743E-004
   1023.13000000000       1.328331559915195E-004
   1023.53000000000       1.319385448603873E-004
   1023.93000000000       1.302806720381981E-004
   1024.19000000000       1.284244189438596E-004
   1024.33000000000       1.269947351755570E-004
   1024.73000000000       1.197814734963478E-004
   1025.53000000000       4.253996293373331E-005
   1025.69000000000       1.640032463549344E-005
   1025.93000000000       4.770149714105288E-005
   1026.33000000000       1.032144606984580E-004
   1026.73000000000       1.209816268608449E-004
   1026.97000000000       1.259671801707157E-004
   1027.13000000000       1.281881651117987E-004
   1029.13000000000       1.359731294867392E-004
   1029.42000000000       1.362779423415523E-004
   1029.79000000000       1.366015173072565E-004
   1030.21000000000       1.369104483678977E-004
   1032.22000000000       1.379721894159660E-004
   1033.13000000000       1.383566033532740E-004
   1037.26000000000       1.399131961923919E-004
   1039.13000000000       1.405815848288539E-004
   1039.71000000000       1.407869221359612E-004
   1044.79000000000       1.425704716723490E-004
   1046.97000000000       1.433304608431787E-004
   1047.22000000000       1.434169799575839E-004
   1049.13000000000       1.440811525987984E-004
   1049.19000000000       1.441016695801984E-004
   1050.11000000000       1.444207852777019E-004
   1055.36000000000       1.462398561472606E-004
   1060.61000000000       1.480523937055693E-004
   1065.13000000000       1.496086864254225E-004
   1067.22000000000       1.503264895796833E-004
   1070.79000000000       1.515519344994389E-004
   1071.21000000000       1.516957958175703E-004
   1071.97000000000       1.519568273967287E-004
   1076.79000000000       1.536059498153071E-004
   1080.13000000000       1.547448695438463E-004
   1080.79000000000       1.549697996660406E-004
   1081.93000000000       1.553588178276379E-004
   1082.79000000000       1.556513579435956E-004
   1083.19000000000       1.557868551150949E-004
   1083.59000000000       1.559232970082345E-004
   1083.99000000000       1.560585745434575E-004
   1084.39000000000       1.561949607673307E-004
   1085.19000000000       1.564668511814487E-004
   1085.59000000000       1.566026094659390E-004
   1085.99000000000       1.567391067697241E-004
   1086.39000000000       1.568746936034731E-004
   1086.79000000000       1.570111505546287E-004
   1088.79000000000       1.576908895700606E-004
   1092.22000000000       1.588541437106977E-004
   1092.74000000000       1.590295048107520E-004
   1098.79000000000       1.610727597685126E-004
   1100.13000000000       1.615248085424372E-004
   1103.67000000000       1.627180185955154E-004
   1108.79000000000       1.644382844951852E-004
   1114.71000000000       1.664193862073153E-004
   1114.96000000000       1.665034004474600E-004
   1124.79000000000       1.697730112692353E-004
   1125.13000000000       1.698856912877542E-004
   1125.86000000000       1.701277379168195E-004
   1137.11000000000       1.738358163827585E-004
   1139.79000000000       1.747134338978517E-004
   1139.97000000000       1.747726465900999E-004
   1148.49000000000       1.775498229695754E-004
   1159.79000000000       1.812016303799442E-004
   1159.97000000000       1.812589432243559E-004
   1165.77000000000       1.831179009438066E-004
   1171.57000000000       1.849656652610519E-004
   1174.96000000000       1.860408226681063E-004
   1183.29000000000       1.886646298290934E-004
   1184.79000000000       1.891343122609567E-004
   1190.96000000000       1.910577251585158E-004
   1195.12000000000       1.923432554539383E-004
   1200.96000000000       1.941249247167095E-004
   1206.96000000000       1.958577811747194E-004
   1207.07000000000       1.958861628474569E-004
   1210.96000000000       1.965599286767090E-004
   1212.96000000000       1.953953791239530E-004
   1213.36000000000       1.943860550378317E-004
   1213.76000000000       1.925020114481176E-004
   1214.16000000000       1.886740958569790E-004
   1214.56000000000       1.796570686777204E-004
   1214.57000000000       1.793013675216391E-004
   1215.36000000000       7.562864265111990E-005
   1215.37000000000       7.267755479697535E-005
   1215.76000000000       1.911365987347186E-005
   1216.16000000000       1.218261933166218E-004
   1216.56000000000       1.697626499170186E-004
   1216.96000000000       1.855426914103273E-004
   1218.96000000000       1.981153238051113E-004
   1219.14000000000       1.983484958198960E-004
   1222.96000000000       2.006329849776873E-004
   1228.96000000000       2.026120506475209E-004
   1231.33000000000       2.033373423835979E-004
   1238.96000000000       2.056208470650731E-004
   1243.65000000000       2.070045632524213E-004
   1254.96000000000       2.103002313977365E-004
   1256.08000000000       2.106239690212219E-004
   1268.64000000000       2.142177463933871E-004
   1269.96000000000       2.145924239923973E-004
   1281.33000000000       2.177861553357424E-004
   1289.96000000000       2.201761648082191E-004
   1294.14000000000       2.213231370059336E-004
   1307.08000000000       2.248344977631002E-004
   1314.97000000000       2.269434255184464E-004
   1324.16000000000       2.293693533114304E-004
   1333.36000000000       2.317623148384432E-004
   1340.02000000000       2.334736735903698E-004
   1346.69000000000       2.351691475825715E-004
   1353.42000000000       2.368614919511040E-004
   1360.16000000000       2.385375094799019E-004
   1373.76000000000       2.418618987797473E-004
   1387.50000000000       2.451438633424498E-004
   1394.43000000000       2.467687161573004E-004
   1401.37000000000       2.483776109754060E-004
   1415.38000000000       2.515657581439617E-004
   1429.54000000000       2.547061565061389E-004
   1436.69000000000       2.562597292384643E-004
   1443.83000000000       2.577912083226317E-004
   1451.05000000000       2.593177154685717E-004
   1458.27000000000       2.608235152907456E-004
   1465.56000000000       2.623211886028591E-004
   1472.85000000000       2.637979190823116E-004
   1487.58000000000       2.667162306312661E-004
   1495.02000000000       2.681561943238967E-004
   1502.46000000000       2.695749883108552E-004
   1517.48000000000       2.723738593823844E-004
   1532.66000000000       2.751110838181813E-004
   1547.99000000000       2.777839093323580E-004
   1555.73000000000       2.790983832955774E-004
   1563.46000000000       2.803883191396382E-004
   1565.20000000000       2.806747362329603E-004
   1579.10000000000       2.829273849403794E-004
   1585.20000000000       2.838927583229593E-004
   1594.89000000000       2.853972562328203E-004
   1600.20000000000       2.862070973869601E-004
   1610.84000000000       2.878005213644091E-004
   1616.20000000000       2.885872999305931E-004
   1626.20000000000       2.900273270757764E-004
   1626.95000000000       2.901340012335978E-004
   1632.20000000000       2.908744136200226E-004
   1636.20000000000       2.914312310590708E-004
   1638.20000000000       2.917057098374184E-004
   1638.60000000000       2.917596201796307E-004
   1639.00000000000       2.918129651215339E-004
   1639.40000000000       2.918626205549224E-004
   1639.80000000000       2.919035989821041E-004
   1640.60000000000       2.918845732083912E-004
   1641.00000000000       2.920591405978917E-004
   1641.40000000000       2.921335675478931E-004
   1641.80000000000       2.921949005864309E-004
   1642.20000000000       2.922529821841239E-004
   1643.22000000000       2.923939841578154E-004
   1644.20000000000       2.925284747820084E-004
   1648.20000000000       2.930682781893269E-004
   1654.20000000000       2.938683506627857E-004
   1659.65000000000       2.945828479435358E-004
   1664.20000000000       2.951724967580404E-004
   1676.25000000000       2.966976088570160E-004
   1680.20000000000       2.971865377483835E-004
   1693.01000000000       2.987360102563999E-004
   1695.20000000000       2.989960442858942E-004
   1709.94000000000       3.007014389908085E-004
   1715.20000000000       3.012929767483112E-004
   1727.04000000000       3.025904474128995E-004
   1740.20000000000       3.039805447907498E-004
   1750.98000000000       3.050772319477766E-004
   1761.75000000000       3.061366753338809E-004
   1770.56000000000       3.069770737070455E-004
   1779.37000000000       3.077929983346165E-004
   1788.27000000000       3.085934472419848E-004
   1797.16000000000       3.093693463859846E-004
   1806.15000000000       3.101319143880372E-004
   1815.13000000000       3.108690068601696E-004
   1824.21000000000       3.115904736726898E-004
   1833.29000000000       3.122896119132334E-004
   1842.45000000000       3.129701868313172E-004
   1851.62000000000       3.136285659252293E-004
   1860.88000000000       3.142701750308971E-004
   1870.13000000000       3.148889828586899E-004
   1888.84000000000       3.160689011888961E-004
   1907.72000000000       3.171693212252340E-004
   1917.26000000000       3.176909864291533E-004
   1926.80000000000       3.181903370301223E-004
   1936.44000000000       3.186731762381470E-004
   1946.07000000000       3.191323324988357E-004
   1965.53000000000       3.199942353359309E-004
   1985.19000000000       3.207763114380059E-004
   2005.04000000000       3.214573203315684E-004
   2015.06000000000       3.217476407405628E-004
   2025.09000000000       3.220166675484848E-004
   2045.34000000000       3.224995359949992E-004
   2050.05000000000       3.225999172383704E-004
   2050.45000000000       3.226086068353362E-004
   2065.79000000000       3.229054975735070E-004
   2076.12000000000       3.230794005309672E-004
   2086.45000000000       3.232347537244487E-004
   2107.31000000000       3.234887033742278E-004
   2117.85000000000       3.235881203871304E-004
   2128.39000000000       3.236689043086483E-004
   2139.03000000000       3.237311650800959E-004
   2149.67000000000       3.237747002487040E-004
   2160.42000000000       3.237999789205098E-004
   2171.17000000000       3.238062337137746E-004
   2192.88000000000       3.237649961807133E-004
   2214.81000000000       3.236513665773720E-004
   2225.88000000000       3.235671986409280E-004
   2236.96000000000       3.234665330659548E-004
   2248.14000000000       3.233474796982658E-004
   2259.33000000000       3.232108461191013E-004
   2281.92000000000       3.228860928749521E-004
   2304.74000000000       3.224924580753172E-004
   2310.75000000000       3.223780277013038E-004
   2327.79000000000       3.220314687473840E-004
   2330.75000000000       3.219674131723221E-004
   2345.75000000000       3.216290621843753E-004
   2351.06000000000       3.215035040342329E-004
   2361.75000000000       3.212408271460507E-004
   2371.75000000000       3.209848253326468E-004
   2374.58000000000       3.209096006915559E-004
   2377.75000000000       3.208251464090938E-004
   2381.75000000000       3.207169627505586E-004
   2383.75000000000       3.206627212059705E-004
   2384.15000000000       3.206519729106843E-004
   2384.55000000000       3.206402156141907E-004
   2384.95000000000       3.206292498875380E-004
   2385.35000000000       3.206184565385783E-004
   2386.15000000000       3.205968182523292E-004
   2386.55000000000       3.205848743694433E-004
   2386.95000000000       3.205740606130986E-004
   2387.35000000000       3.205633389194515E-004
   2387.75000000000       3.205515997419582E-004
   2389.75000000000       3.204962819684792E-004
   2393.75000000000       3.203831335488273E-004
   2398.32000000000       3.202516167802103E-004
   2399.75000000000       3.202101430322664E-004
   2409.75000000000       3.199158413692482E-004
   2411.56000000000       3.198608085294604E-004
   2422.30000000000       3.195316915210676E-004
   2425.75000000000       3.194232505868217E-004
   2436.56000000000       3.190772616320083E-004
   2440.75000000000       3.189397246832165E-004
   2446.53000000000       3.187483442010625E-004
   2456.56000000000       3.184084439093255E-004
   2460.75000000000       3.182640898050024E-004
   2470.99000000000       3.179046184160337E-004
   2471.56000000000       3.178841577824544E-004
   2485.75000000000       3.173700043939043E-004
   2487.56000000000       3.173031346202787E-004
   2495.70000000000       3.170004110118609E-004
   2497.56000000000       3.169296443873142E-004
   2503.56000000000       3.167020519027563E-004
   2507.56000000000       3.165480427239865E-004
   2509.56000000000       3.164708150365392E-004
   2509.96000000000       3.164558279162549E-004
   2510.36000000000       3.164402032759886E-004
   2510.76000000000       3.164243653253014E-004
   2511.16000000000       3.164088165014842E-004
   2511.96000000000       3.163774645304536E-004
   2512.36000000000       3.163629101609029E-004
   2512.76000000000       3.163471633867842E-004
   2513.16000000000       3.163314203665126E-004
   2513.56000000000       3.163156768496436E-004
   2515.56000000000       3.162373446533253E-004
   2519.56000000000       3.160805109673058E-004
   2520.66000000000       3.160368773795702E-004
   2525.56000000000       3.158414858102080E-004
   2535.56000000000       3.154387226965021E-004
   2545.87000000000       3.150152972626234E-004
   2551.56000000000       3.147788702643513E-004
   2566.56000000000       3.141435099735687E-004
   2571.32000000000       3.139382186550124E-004
   2586.56000000000       3.132718853517468E-004
   2597.04000000000       3.128051657809942E-004
   2600.81000000000       3.126352981354646E-004
   2601.21000000000       3.125982505212349E-004
   2611.56000000000       3.121243373388447E-004
   2623.01000000000       3.115934031328836E-004
   2633.67000000000       3.110977385791600E-004
   2648.20000000000       3.104799926912890E-004
   2649.24000000000       3.104410169213465E-004
   2658.67000000000       3.101437845466083E-004
   2663.80000000000       3.100285278190693E-004
   2668.20000000000       3.099573747589679E-004
   2675.73000000000       3.098926128278825E-004
   2678.67000000000       3.098849841811748E-004
   2683.20000000000       3.098861335387426E-004
   2688.80000000000       3.098997734971980E-004
   2693.67000000000       3.099079249885699E-004
   2699.20000000000       3.098777852114499E-004
   2702.49000000000       3.098131558888531E-004
   2708.80000000000       3.094389165067789E-004
   2709.20000000000       3.093937959892325E-004
   2709.67000000000       3.093343482005911E-004
   2715.20000000000       3.079004473830094E-004
   2719.20000000000       3.061345709184552E-004
   2719.67000000000       3.058847509316216E-004
   2721.20000000000       3.048173055690675E-004
   2721.60000000000       3.045807652339687E-004
   2722.00000000000       3.042906439085530E-004
   2722.40000000000       3.039089569901159E-004
   2722.80000000000       3.034214148177070E-004
   2723.60000000000       3.026897665661286E-004
   2723.80000000000       3.029133071808467E-004
   2724.40000000000       3.036640751095027E-004
   2724.80000000000       3.041427098742760E-004
   2725.20000000000       3.046037048963203E-004
   2725.67000000000       3.051238086583840E-004
   2727.20000000000       3.065827599433912E-004
   2729.07000000000       3.077601563601509E-004
   2729.51000000000       3.079553365210334E-004
   2731.20000000000       3.084524039789460E-004
   2731.67000000000       3.085568671257729E-004
   2732.07000000000       3.086465188624574E-004
   2732.47000000000       3.087373070077597E-004
   2732.87000000000       3.088272950114151E-004
   2733.27000000000       3.089126636335912E-004
   2734.07000000000       3.090683829426522E-004
   2734.47000000000       3.091400948925790E-004
   2734.87000000000       3.092095298030462E-004
   2735.27000000000       3.092758997478040E-004
   2735.67000000000       3.093388929708869E-004
   2737.20000000000       3.095315427379524E-004
   2737.67000000000       3.095719902278333E-004
   2739.80000000000       3.096615581110266E-004
   2741.67000000000       3.096363589159785E-004
   2747.20000000000       3.089700332487077E-004
   2747.67000000000       3.088471641434232E-004
   2749.80000000000       3.080403513796905E-004
   2754.07000000000       3.058192714099836E-004
   2755.80000000000       3.051148382127569E-004
   2756.81000000000       3.042937097962828E-004
   2757.67000000000       3.033509765336467E-004
   2759.80000000000       3.009970984502446E-004
   2761.80000000000       2.975597330960578E-004
   2762.20000000000       2.966162017593795E-004
   2762.60000000000       2.955305336771964E-004
   2763.00000000000       2.942409744127452E-004
   2763.40000000000       2.922737068900558E-004
   2764.20000000000       2.887410058852636E-004
   2764.60000000000       2.904541453377097E-004
   2765.00000000000       2.921447852996908E-004
   2765.40000000000       2.937465674259220E-004
   2765.80000000000       2.952298189555498E-004
   2767.80000000000       3.006161662963406E-004
   2771.80000000000       3.061274017548957E-004
   2773.67000000000       3.073063375433141E-004
   2774.07000000000       3.075225976052322E-004
   2777.80000000000       3.087479002077422E-004
   2778.20000000000       3.088686725714769E-004
   2784.38000000000       3.103067850668978E-004
   2787.80000000000       3.107155509975170E-004
   2788.67000000000       3.107765899097066E-004
   2789.07000000000       3.107996282648507E-004
   2798.20000000000       3.104806096350893E-004
   2803.80000000000       3.091956791167096E-004
   2805.07000000000       3.088383042473142E-004
   2808.67000000000       3.077168466637781E-004
   2812.22000000000       3.056824348169821E-004
   2815.07000000000       3.033654467869608E-004
   2818.80000000000       2.998857834945894E-004
   2821.07000000000       2.966465216489308E-004
   2823.20000000000       2.923432157143160E-004
   2825.07000000000       2.877563454527545E-004
   2827.07000000000       2.821192624832142E-004
   2827.47000000000       2.796437389345146E-004
   2827.87000000000       2.763579069061708E-004
   2828.27000000000       2.717213689509749E-004
   2828.67000000000       2.644299769494028E-004
   2829.47000000000       2.502539005505921E-004
   2829.87000000000       2.564621068955075E-004
   2830.27000000000       2.624323122009099E-004
   2830.67000000000       2.673746057716823E-004
   2831.07000000000       2.714127859374285E-004
   2833.07000000000       2.844412313844319E-004
   2833.67000000000       2.870764510405626E-004
   2837.07000000000       2.968973877567973E-004
   2838.80000000000       3.000082888842861E-004
   2840.34000000000       3.019217242783415E-004
   2843.07000000000       3.042315253409380E-004
   2845.10000000000       3.056639438030862E-004
   2853.07000000000       3.075758861276406E-004
   2863.80000000000       3.093192101499050E-004
   2868.75000000000       3.095626461109710E-004
   2869.07000000000       3.095677730971365E-004
   2870.10000000000       3.095808702438963E-004
   2884.07000000000       3.091775209032310E-004
   2890.10000000000       3.087172443226301E-004
   2897.43000000000       3.078532806606899E-004
   2904.07000000000       3.067424643588826E-004
   2905.10000000000       3.065468633780707E-004
   2921.10000000000       3.015613527664150E-004
   2926.41000000000       2.972924750813353E-004
   2929.07000000000       2.938697053605310E-004
   2931.10000000000       2.908421503881965E-004
   2937.10000000000       2.851520973925605E-004
   2941.10000000000       2.723209133277172E-004
   2943.10000000000       2.578492871810606E-004
   2943.50000000000       2.522184367197521E-004
   2943.90000000000       2.445038420061197E-004
   2944.30000000000       2.332311463141726E-004
   2944.70000000000       2.149735509889025E-004
   2945.50000000000       1.862478469534605E-004
   2945.90000000000       2.023431929872286E-004
   2946.30000000000       2.148966224467021E-004
   2946.70000000000       2.248537537001626E-004
   2947.10000000000       2.327840218349006E-004
   2949.10000000000       2.573397673549195E-004
   2953.10000000000       2.800393956361794E-004
   2955.67000000000       2.881341083949223E-004
   2959.10000000000       2.937253742795364E-004
   2969.10000000000       3.005866052470748E-004
   2985.10000000000       3.012247638647780E-004
   3000.10000000000       3.017083139097882E-004
   3015.08000000000       3.013297434955928E-004
   3020.10000000000       3.010508121339792E-004
   3045.10000000000       2.994210377867348E-004
   3064.00000000000       2.980966679317065E-004
   3075.68000000000       2.972562465352503E-004
   3087.74000000000       2.963570923831786E-004
   3089.00000000000       2.962600612953568E-004
   3103.52000000000       2.950652870127234E-004
   3106.44000000000       2.948057225099819E-004
   3109.00000000000       2.945720554970352E-004
   3112.74000000000       2.942197589139414E-004
   3121.80000000000       2.933047722699416E-004
   3122.20000000000       2.932570833985154E-004
   3124.00000000000       2.930603095723183E-004
   3128.52000000000       2.925420582973758E-004
   3132.74000000000       2.920159503257350E-004
   3137.51000000000       2.913477235503619E-004
   3140.00000000000       2.909523756369943E-004
   3147.74000000000       2.893760745038543E-004
   3148.52000000000       2.891737718570491E-004
   3150.00000000000       2.887609072826867E-004
   3156.00000000000       2.867824457663623E-004
   3160.00000000000       2.853637021202135E-004
   3162.00000000000       2.849095276537165E-004
   3162.40000000000       2.849285219797028E-004
   3162.80000000000       2.850217381854926E-004
   3163.20000000000       2.851497196439327E-004
   3163.52000000000       2.851938251726811E-004
   3163.60000000000       2.851907517298897E-004
   3164.40000000000       2.847036641119280E-004
   3164.80000000000       2.840846465693855E-004
   3165.20000000000       2.831208392326908E-004
   3165.60000000000       2.818775248799897E-004
   3166.00000000000       2.806641471110041E-004
   3168.00000000000       2.765222032416086E-004
   3168.88000000000       2.749931632550934E-004
   3172.00000000000       2.762802114424420E-004
   3173.74000000000       2.784552950831082E-004
   3178.00000000000       2.778037221149015E-004
   3179.52000000000       2.748862485591905E-004
   3179.74000000000       2.743460985898397E-004
   3183.74000000000       2.565163013416845E-004
   3185.74000000000       2.320020629052656E-004
   3186.14000000000       2.234426465486093E-004
   3186.54000000000       2.123267548868365E-004
   3186.94000000000       1.970624403405048E-004
   3187.34000000000       1.748999362695328E-004
   3188.00000000000       1.552694209542822E-004
   3188.14000000000       1.601076593109952E-004
   3188.54000000000       1.752547468505333E-004
   3188.94000000000       1.894407365752369E-004
   3189.34000000000       2.006035088184385E-004
   3189.74000000000       2.096100888735629E-004
   3191.74000000000       2.378818430673954E-004
   3195.52000000000       2.616351337812419E-004
   3195.74000000000       2.624868436176534E-004
   3199.52000000000       2.728371789113996E-004
   3200.57000000000       2.747563790697360E-004
   3201.52000000000       2.762332746469316E-004
   3201.74000000000       2.765447470078101E-004
   3202.32000000000       2.773151930386809E-004
   3202.72000000000       2.778091849764298E-004
   3203.12000000000       2.782733843124117E-004
   3203.92000000000       2.791235807916419E-004
   3204.00000000000       2.792031719672883E-004
   3204.32000000000       2.795118979124350E-004
   3204.72000000000       2.798771558804090E-004
   3205.12000000000       2.802211875665188E-004
   3205.52000000000       2.805440240410122E-004
   3207.52000000000       2.818843896855989E-004
   3211.52000000000       2.835277204122044E-004
   3211.74000000000       2.835905264021424E-004
   3217.52000000000       2.846480937059438E-004
   3219.00000000000       2.848044496987310E-004
   3227.52000000000       2.852736870533704E-004
   3227.74000000000       2.852793452366065E-004
   3232.57000000000       2.853371089153054E-004
   3239.00000000000       2.852590502803513E-004
   3242.74000000000       2.851503044309339E-004
   3243.52000000000       2.851228450538947E-004
   3254.55000000000       2.846251140086405E-004
   3258.52000000000       2.844175466333149E-004
   3262.74000000000       2.841917028888332E-004
   3264.00000000000       2.841232659970040E-004
   3264.90000000000       2.840744224335202E-004
   3278.52000000000       2.832674133353222E-004
   3279.55000000000       2.831911991994282E-004
   3287.74000000000       2.822949209771388E-004
   3297.55000000000       2.820166738667182E-004
   3299.55000000000       2.819234281815611E-004
   3303.52000000000       2.817207231300961E-004
   3314.55000000000       2.810589397905706E-004
   3330.52000000000       2.798009221257921E-004
   3340.55000000000       2.784606864916212E-004
   3346.55000000000       2.772093408337754E-004
   3347.59000000000       2.769037342884814E-004
   3350.55000000000       2.756045083383454E-004
   3352.55000000000       2.749346258099698E-004
   3352.95000000000       2.747968247087782E-004
   3353.35000000000       2.746618604643910E-004
   3353.75000000000       2.745471712747735E-004
   3354.15000000000       2.744792912694782E-004
   3354.95000000000       2.748560827245110E-004
   3355.35000000000       2.750293697309397E-004
   3355.75000000000       2.751163034480065E-004
   3356.15000000000       2.752187255793029E-004
   3356.55000000000       2.753322354697450E-004
   3358.55000000000       2.758671368323424E-004
   3362.55000000000       2.765794745071845E-004
   3363.83000000000       2.766886740885898E-004
   3368.55000000000       2.767827137118973E-004
   3372.59000000000       2.768562201465989E-004
   3378.55000000000       2.767813371539925E-004
   3392.59000000000       2.761835228884215E-004
   3394.55000000000       2.760629095208214E-004
   3397.47000000000       2.758697908487045E-004
   3407.59000000000       2.750850451432161E-004
   3409.55000000000       2.749107763076985E-004
   3421.80000000000       2.734512191726453E-004
   3422.20000000000       2.733448179474970E-004
   3423.59000000000       2.730954265662644E-004
   3429.55000000000       2.718922365738139E-004
   3431.44000000000       2.714753171966585E-004
   3433.59000000000       2.708647796719527E-004
   3439.59000000000       2.684295113333079E-004
   3443.59000000000       2.653816048409544E-004
   3445.59000000000       2.629416614103354E-004
   3445.99000000000       2.624081369869453E-004
   3446.39000000000       2.618821487461802E-004
   3446.79000000000       2.614048202925820E-004
   3447.19000000000       2.610610381303687E-004
   3447.99000000000       2.625132419698027E-004
   3448.39000000000       2.628655430787131E-004
   3448.79000000000       2.632450855032318E-004
   3449.19000000000       2.640163696860846E-004
   3449.59000000000       2.646690112844797E-004
   3451.59000000000       2.663313356030223E-004
   3454.55000000000       2.678903298204589E-004
   3455.59000000000       2.682514309583193E-004
   3461.59000000000       2.694693061990100E-004
   3465.76000000000       2.697843547871976E-004
   3471.59000000000       2.698230127483880E-004
   3487.59000000000       2.696083758465930E-004
   3500.41000000000       2.691129862162400E-004
   3502.59000000000       2.690142632774647E-004
   3513.64000000000       2.685221661664787E-004
   3522.59000000000       2.681700132829967E-004
   3534.20000000000       2.677998403218417E-004
   3535.42000000000       2.677683961445951E-004
   3538.64000000000       2.676906966767303E-004
   3547.59000000000       2.675091630775607E-004
   3552.00000000000       2.674305782181339E-004
   3558.64000000000       2.673193349781917E-004
   3559.20000000000       2.673097941630232E-004
   3570.77000000000       2.670629135222963E-004
   3573.64000000000       2.669706268860901E-004
   3577.00000000000       2.668324267430382E-004
   3579.20000000000       2.667173325788159E-004
   3589.64000000000       2.656269722322279E-004
   3594.20000000000       2.645049660527530E-004
   3597.00000000000       2.635928938194282E-004
   3599.64000000000       2.623066808900602E-004
   3605.01000000000       2.578040034045509E-004
   3605.64000000000       2.570843125828708E-004
   3606.48000000000       2.559134922466080E-004
   3609.64000000000       2.493233313542969E-004
   3610.20000000000       2.476291689473317E-004
   3611.64000000000       2.418104338123868E-004
   3612.00000000000       2.398713078246746E-004
   3612.44000000000       2.371523739765978E-004
   3612.84000000000       2.345543253146029E-004
   3613.24000000000       2.325107728682693E-004
   3614.04000000000       2.414850264446699E-004
   3614.44000000000       2.447885246135817E-004
   3614.84000000000       2.471357963373170E-004
   3615.24000000000       2.491619259783069E-004
   3615.64000000000       2.508130338451724E-004
   3617.64000000000       2.515843283191444E-004
   3620.20000000000       2.539189865141534E-004
   3621.64000000000       2.546790888295415E-004
   3626.20000000000       2.545257911602052E-004
   3627.64000000000       2.540760584367129E-004
   3628.00000000000       2.539614783930265E-004
   3630.01000000000       2.530367424755665E-004
   3632.20000000000       2.520967534992431E-004
   3632.60000000000       2.520565156111416E-004
   3633.00000000000       2.520000009194090E-004
   3633.40000000000       2.519547744170163E-004
   3633.80000000000       2.520212604437734E-004
   3634.60000000000       2.524419100478936E-004
   3635.00000000000       2.528628386467083E-004
   3635.40000000000       2.533225974588608E-004
   3635.80000000000       2.537748492859694E-004
   3636.20000000000       2.542117803792882E-004
   3637.64000000000       2.555340930089908E-004
   3638.00000000000       2.557581061088456E-004
   3642.20000000000       2.586462397417167E-004
   3642.55000000000       2.589213194743917E-004
   3644.00000000000       2.600680367768119E-004
   3648.00000000000       2.625146262288675E-004
   3650.00000000000       2.632725426269381E-004
   3650.40000000000       2.633447782019064E-004
   3650.80000000000       2.633842613877100E-004
   3651.20000000000       2.634031610670090E-004
   3651.60000000000       2.634042312501753E-004
   3652.40000000000       2.632411797099573E-004
   3652.80000000000       2.633307369704736E-004
   3653.20000000000       2.634683732626132E-004
   3653.60000000000       2.636301786344199E-004
   3654.00000000000       2.638096918640740E-004
   3656.00000000000       2.647498733213625E-004
   3658.20000000000       2.656836158359580E-004
   3660.00000000000       2.662177237519000E-004
   3665.01000000000       2.670449610020278E-004
   3666.00000000000       2.671078770036939E-004
   3668.64000000000       2.671253239498689E-004
   3674.20000000000       2.664402785291569E-004
   3676.00000000000       2.659798427657334E-004
   3678.97000000000       2.649127057897147E-004
   3679.80000000000       2.645396258665000E-004
   3680.20000000000       2.643364951074188E-004
   3681.01000000000       2.639221192037197E-004
   3688.64000000000       2.584157414930949E-004
   3689.20000000000       2.578999398673373E-004
   3691.01000000000       2.561079463948634E-004
   3692.00000000000       2.550278288565127E-004
   3695.00000000000       2.510793034668570E-004
   3697.01000000000       2.476319966559158E-004
   3701.01000000000       2.401017881441558E-004
   3703.01000000000       2.358819536774525E-004
   3703.41000000000       2.351018498258565E-004
   3703.81000000000       2.342717578898893E-004
   3704.21000000000       2.334158608610958E-004
   3704.61000000000       2.325575704721868E-004
   3705.41000000000       2.339527528946115E-004
   3705.81000000000       2.352912139290520E-004
   3706.21000000000       2.365979985721528E-004
   3706.61000000000       2.378418566190714E-004
   3707.00000000000       2.390117887545525E-004
   3709.01000000000       2.439747024914282E-004
   3711.00000000000       2.465703380982831E-004
   3713.01000000000       2.487978138772687E-004
   3713.64000000000       2.496171572891946E-004
   3715.76000000000       2.523334329580519E-004
   3719.01000000000       2.562472897632618E-004
   3719.60000000000       2.569353796087351E-004
   3721.00000000000       2.583918163211115E-004
   3727.00000000000       2.629735351758818E-004
   3729.01000000000       2.639196265078259E-004
   3731.00000000000       2.646845579279201E-004
   3733.00000000000       2.644954269959282E-004
   3733.40000000000       2.641775109489365E-004
   3733.80000000000       2.635576055830939E-004
   3734.20000000000       2.622361414697000E-004
   3734.60000000000       2.618999678081063E-004
   3735.40000000000       2.621722709132627E-004
   3735.80000000000       2.625249528702153E-004
   3736.20000000000       2.629880208568593E-004
   3736.60000000000       2.634650118290866E-004
   3737.00000000000       2.639007649091314E-004
   3739.00000000000       2.659956724842891E-004
   3743.00000000000       2.686260751470262E-004
   3744.60000000000       2.693393077061220E-004
   3745.01000000000       2.694808699989327E-004
   3749.00000000000       2.707323970890548E-004
   3752.00000000000       2.713005431871420E-004
   3752.92000000000       2.714184810180333E-004
   3759.00000000000       2.717567559653218E-004
   3760.01000000000       2.717423424599349E-004
   3764.60000000000       2.714084452622043E-004
   3767.50000000000       2.709639756198512E-004
   3771.79000000000       2.699524693241264E-004
   3775.00000000000       2.688989054796482E-004
   3779.60000000000       2.669014734752921E-004
   3780.01000000000       2.666939914395811E-004
   3787.89000000000       2.616013254721021E-004
   3788.65000000000       2.609857278085020E-004
   3790.00000000000       2.598302220533541E-004
   3790.45000000000       2.594279992103168E-004
   3792.50000000000       2.574704456342330E-004
   3795.60000000000       2.540762727534779E-004
   3796.79000000000       2.526088071914197E-004
   3805.01000000000       2.391272631665280E-004
   3805.60000000000       2.378428587746051E-004
   3810.00000000000       2.266394365886192E-004
   3811.60000000000       2.221298191907621E-004
   3812.50000000000       2.190088046938383E-004
   3812.89000000000       2.176487100711583E-004
   3813.65000000000       2.149870334824464E-004
   3815.60000000000       2.070475225222723E-004
   3816.79000000000       2.017025861195187E-004
   3817.60000000000       1.985582072040090E-004
   3818.00000000000       1.972740814328581E-004
   3818.40000000000       1.964618882991130E-004
   3818.80000000000       1.959032358037192E-004
   3819.20000000000       1.953730114604876E-004
   3820.00000000000       1.927083159997476E-004
   3820.40000000000       1.945711775438132E-004
   3820.80000000000       1.971952634193942E-004
   3821.20000000000       2.000707842277076E-004
   3821.60000000000       2.028702248075657E-004
   3823.60000000000       2.148642577054145E-004
   3826.53000000000       2.268162651355466E-004
   3827.50000000000       2.292765601292318E-004
   3828.35000000000       2.307148951162533E-004
   3831.79000000000       2.343662732386709E-004
   3832.89000000000       2.362018173283738E-004
   3833.60000000000       2.373644419122112E-004
   3835.00000000000       2.396676237377381E-004
   3835.91000000000       2.411807591163655E-004
   3843.50000000000       2.511636867349752E-004
   3847.79000000000       2.554254873404085E-004
   3848.65000000000       2.561431054682239E-004
   3851.53000000000       2.581107710971279E-004
   3853.50000000000       2.591250157464331E-004
   3857.79000000000       2.607307702412002E-004
   3859.50000000000       2.612013022796255E-004
   3860.91000000000       2.613775480826319E-004
   3863.50000000000       2.607937922954113E-004
   3863.79000000000       2.606171962416570E-004
   3864.65000000000       2.598779563178472E-004
   3865.50000000000       2.586918437899869E-004
   3865.90000000000       2.578860729892113E-004
   3866.30000000000       2.568113241137916E-004
   3866.64000000000       2.555624070266182E-004
   3867.10000000000       2.529454264098578E-004
   3867.79000000000       2.439471245381017E-004
   3867.90000000000       2.436773750163619E-004
   3868.30000000000       2.438507512891905E-004
   3868.70000000000       2.450980086508844E-004
   3869.10000000000       2.466102759259152E-004
   3869.50000000000       2.479512355156246E-004
   3869.79000000000       2.487304824461817E-004
   3870.19000000000       2.496487986549276E-004
   3870.59000000000       2.504765859951979E-004
   3870.99000000000       2.512421701664825E-004
   3871.39000000000       2.519428226186780E-004
   3871.50000000000       2.521223596061689E-004
   3872.19000000000       2.531193934367788E-004
   3872.59000000000       2.535875814268846E-004
   3872.99000000000       2.539742176973005E-004
   3873.39000000000       2.542818366239887E-004
   3873.79000000000       2.545156664595904E-004
   3874.60000000000       2.548367393998134E-004
   3875.50000000000       2.550171557931940E-004
   3875.79000000000       2.550536296664114E-004
   3879.79000000000       2.520928053939246E-004
   3880.65000000000       2.503697233629588E-004
   3880.91000000000       2.497490704368348E-004
   3881.50000000000       2.481387084342372E-004
   3883.89000000000       2.377857766402139E-004
   3884.65000000000       2.323681057649541E-004
   3885.79000000000       2.208038466378602E-004
   3886.29000000000       2.139288288186169E-004
   3886.53000000000       2.100376772884234E-004
   3886.69000000000       2.071816858773397E-004
   3887.05000000000       1.998052685263861E-004
   3887.45000000000       1.895187875586365E-004
   3887.49000000000       1.883345009617279E-004
   3887.85000000000       1.760153556832874E-004
   3888.25000000000       1.592469217838644E-004
   3888.29000000000       1.575720960999142E-004
   3888.69000000000       1.491688906363509E-004
   3889.05000000000       1.556569856787112E-004
   3889.09000000000       1.568003738732726E-004
   3889.45000000000       1.681599138436618E-004
   3889.73000000000       1.770125026952198E-004
   3889.89000000000       1.815878980583951E-004
   3890.25000000000       1.904131651691967E-004
   3890.65000000000       1.982091973317217E-004
   3891.50000000000       2.111298970467037E-004
   3891.89000000000       2.157771631758075E-004
   3892.65000000000       2.232378678237495E-004
   3893.88000000000       2.326697103278372E-004
   3894.60000000000       2.370550622947576E-004
   3895.79000000000       2.429299787688928E-004
   3895.91000000000       2.434449017684431E-004
   3896.65000000000       2.463743842561642E-004
   3901.89000000000       2.590730963621236E-004
   3902.53000000000       2.600015053370679E-004
   3905.30000000000       2.631974790399648E-004
   3907.50000000000       2.649944532172115E-004
   3909.27000000000       2.660647755907113E-004
   3909.73000000000       2.662961883688933E-004
   3911.79000000000       2.671094957739441E-004
   3911.91000000000       2.671460157938781E-004
   3912.53000000000       2.673174516325294E-004
   3913.88000000000       2.675941768871746E-004
   3918.53000000000       2.679253479854486E-004
   3919.60000000000       2.679290257138348E-004
   3921.91000000000       2.677625908522932E-004
   3922.50000000000       2.676716164456471E-004
   3923.97000000000       2.674729887961751E-004
   3924.53000000000       2.674098398328827E-004
   3924.93000000000       2.673505569361574E-004
   3925.33000000000       2.672862918547404E-004
   3925.73000000000       2.672138887773087E-004
   3926.13000000000       2.671322122692800E-004
   3926.20000000000       2.671170739229099E-004
   3926.79000000000       2.670049110604695E-004
   3926.93000000000       2.669839174694493E-004
   3927.33000000000       2.669392781847640E-004
   3927.73000000000       2.669160699193749E-004
   3927.91000000000       2.669106690932217E-004
   3928.13000000000       2.669069047319947E-004
   3928.53000000000       2.669084345001484E-004
   3928.88000000000       2.669130101127001E-004
   3930.53000000000       2.669854138866972E-004
   3931.91000000000       2.670296547536304E-004
   3933.91000000000       2.670041427367035E-004
   3934.27000000000       2.669698160414913E-004
   3934.53000000000       2.669422186526184E-004
   3935.11000000000       2.668673231220291E-004
   3935.51000000000       2.668028681923270E-004
   3936.31000000000       2.666313982325725E-004
   3936.71000000000       2.665635847485245E-004
   3937.11000000000       2.664968318628341E-004
   3937.51000000000       2.664305526682274E-004
   3937.91000000000       2.663599604793260E-004
   3939.91000000000       2.659081741571616E-004
   3940.53000000000       2.657274847779116E-004
   3942.50000000000       2.649801657715346E-004
   3942.89000000000       2.647948874473561E-004
   3943.65000000000       2.643943576895022E-004
   3943.91000000000       2.642442094017371E-004
   3944.36000000000       2.639678736492230E-004
   3944.88000000000       2.636186646066596E-004
   3946.79000000000       2.620246877446452E-004
   3948.97000000000       2.596003547225389E-004
   3949.91000000000       2.583710776817932E-004
   3950.53000000000       2.575065982584081E-004
   3951.20000000000       2.565187436431708E-004
   3954.27000000000       2.509231605790924E-004
   3954.88000000000       2.494852706970032E-004
   3956.73000000000       2.440954978106025E-004
   3959.91000000000       2.299926967697414E-004
   3960.73000000000       2.246167945586835E-004
   3962.73000000000       2.048759420694829E-004
   3963.13000000000       1.987778629474205E-004
   3963.53000000000       1.915180522398801E-004
   3963.93000000000       1.829922579760519E-004
   3964.33000000000       1.730935447352091E-004
   3964.88000000000       1.848963439549195E-004
   3965.13000000000       1.998254958345536E-004
   3965.53000000000       2.137458502561670E-004
   3965.93000000000       2.219729778917714E-004
   3966.33000000000       2.272603852483246E-004
   3966.73000000000       2.304595556387904E-004
   3967.28000000000       2.314043608512872E-004
   3967.50000000000       2.310615591660234E-004
   3968.08000000000       2.293420113431210E-004
   3968.48000000000       2.282648415913780E-004
   3968.73000000000       2.279994952948890E-004
   3968.97000000000       2.282036643232671E-004
   3969.27000000000       2.290944749864120E-004
   3969.28000000000       2.291354048754435E-004
   3969.68000000000       2.313432512800025E-004
   3970.00000000000       2.338023372448690E-004
   3970.48000000000       2.382369806418764E-004
   3970.88000000000       2.420038498923898E-004
   3971.20000000000       2.444334435860960E-004
   3971.79000000000       2.469354247680902E-004
   3972.73000000000       2.477741253585551E-004
   3975.91000000000       2.493839552273286E-004
   3976.88000000000       2.498856219302366E-004
   3978.73000000000       2.506617853209795E-004
   3981.53000000000       2.510468009319799E-004
   3982.88000000000       2.509185637171273E-004
   3983.80000000000       2.507298789329434E-004
   3985.27000000000       2.502628574978762E-004
   3986.20000000000       2.498597701737023E-004
   3987.89000000000       2.489080545063456E-004
   3988.65000000000       2.483883254522785E-004
   3990.00000000000       2.473287522899528E-004
   3990.91000000000       2.465247513103386E-004
   3992.88000000000       2.445793115729025E-004
   3995.27000000000       2.419449990173484E-004
   3999.97000000000       2.357508142781450E-004
   4000.51000000000       2.349424922797711E-004
   4001.27000000000       2.337977752291334E-004
   4001.53000000000       2.333943757313093E-004
   4002.20000000000       2.323194574045990E-004
   4004.73000000000       2.279653847751051E-004
   4005.00000000000       2.274712012930853E-004
   4005.27000000000       2.269698861585529E-004
   4007.27000000000       2.229775575538545E-004
   4007.67000000000       2.221106506549471E-004
   4008.07000000000       2.211897643206125E-004
   4008.47000000000       2.202048446896315E-004
   4008.87000000000       2.191654913014397E-004
   4008.88000000000       2.191386201456001E-004
   4009.67000000000       2.172686586898086E-004
   4009.97000000000       2.166686915456144E-004
   4010.47000000000       2.156881297172282E-004
   4010.87000000000       2.148995459664073E-004
   4011.27000000000       2.140971544278134E-004
   4012.20000000000       2.121514148621381E-004
   4013.27000000000       2.097411421916559E-004
   4015.97000000000       2.022975251894066E-004
   4017.27000000000       1.976646984934252E-004
   4018.20000000000       1.938823010427689E-004
   4019.73000000000       1.868060425541602E-004
   4019.97000000000       1.856101983594032E-004
   4020.80000000000       1.813575558215567E-004
   4021.00000000000       1.803147431135239E-004
   4021.97000000000       1.751949773472888E-004
   4022.20000000000       1.739579389267866E-004
   4022.77000000000       1.708459712291330E-004
   4023.17000000000       1.686324714152700E-004
   4023.57000000000       1.664119519418132E-004
   4023.64000000000       1.660253527647784E-004
   4023.88000000000       1.647095143647840E-004
   4024.20000000000       1.629987566303272E-004
   4024.37000000000       1.621092517917504E-004
   4024.60000000000       1.608238661769574E-004
   4025.00000000000       1.580601494329015E-004
   4025.40000000000       1.541511746741651E-004
   4025.57000000000       1.522224817501935E-004
   4025.80000000000       1.514512079828871E-004
   4025.97000000000       1.524534267703695E-004
   4026.53000000000       1.543267487990048E-004
   4026.60000000000       1.546978683471491E-004
   4027.00000000000       1.570281842774156E-004
   4027.40000000000       1.595144508068491E-004
   4027.80000000000       1.621520685416955E-004
   4028.20000000000       1.649110702568685E-004
   4030.20000000000       1.790356887938600E-004
   4031.00000000000       1.845044208021806E-004
   4031.97000000000       1.907515516481605E-004
   4033.27000000000       1.982510920056494E-004
   4034.20000000000       2.029614514528788E-004
   4035.91000000000       2.104197287487397E-004
   4037.00000000000       2.144794415022923E-004
   4037.97000000000       2.176484914680230E-004
   4039.73000000000       2.222839761319924E-004
   4040.20000000000       2.232653617741152E-004
   4041.00000000000       2.246524233166118E-004
   4043.00000000000       2.269243970955679E-004
   4043.40000000000       2.271657621687897E-004
   4043.76000000000       2.272128710057822E-004
   4043.88000000000       2.271796530839688E-004
   4044.20000000000       2.269316812212882E-004
   4044.60000000000       2.262036948087499E-004
   4045.40000000000       2.242238223956034E-004
   4045.51000000000       2.240954631001466E-004
   4045.80000000000       2.239628021189634E-004
   4046.20000000000       2.240988887799004E-004
   4046.60000000000       2.244433750545659E-004
   4047.00000000000       2.249441296282477E-004
   4047.97000000000       2.264908852458078E-004
   4049.00000000000       2.281518614056857E-004
   4049.27000000000       2.285720085803245E-004
   4050.20000000000       2.299903257264110E-004
   4053.00000000000       2.340938752491692E-004
   4059.00000000000       2.419269265705650E-004
   4060.51000000000       2.436306751786020E-004
   4063.87000000000       2.470206559023472E-004
   4064.27000000000       2.473944973134417E-004
   4064.73000000000       2.478177460893270E-004
   4065.80000000000       2.487773917068288E-004
   4066.20000000000       2.491265758732298E-004
   4068.76000000000       2.512562484549393E-004
   4068.97000000000       2.514220371692820E-004
   4076.51000000000       2.565543925247641E-004
   4078.97000000000       2.578816702227708E-004
   4080.80000000000       2.587591437948104E-004
   4081.20000000000       2.589389332978282E-004
   4084.27000000000       2.601654010354742E-004
   4085.00000000000       2.604159375105640E-004
   4086.51000000000       2.608841001533564E-004
   4088.76000000000       2.614610649110129E-004
   4092.51000000000       2.621718160831183E-004
   4093.97000000000       2.623772649424539E-004
   4096.51000000000       2.626367715777842E-004
   4096.80000000000       2.626580110409220E-004
   4098.51000000000       2.627360187577525E-004
   4098.91000000000       2.627417356314525E-004
   4099.31000000000       2.627432873941143E-004
   4099.71000000000       2.627395280364560E-004
   4100.00000000000       2.627347202057499E-004
   4100.11000000000       2.627315039178873E-004
   4100.91000000000       2.627044536987323E-004
   4101.20000000000       2.626904474538530E-004
   4101.71000000000       2.626599294363058E-004
   4102.11000000000       2.626276473105322E-004
   4102.51000000000       2.625871610777265E-004
   4103.76000000000       2.624182144111158E-004
   4104.51000000000       2.622754608513992E-004
   4106.80000000000       2.615692519057602E-004
   4108.51000000000       2.607342558480709E-004
   4109.27000000000       2.602768222052592E-004
   4112.80000000000       2.573643887910384E-004
   4113.97000000000       2.559824040315607E-004
   4114.51000000000       2.552338920806113E-004
   4116.80000000000       2.508113644558511E-004
   4118.80000000000       2.429877806684625E-004
   4119.20000000000       2.402623025811166E-004
   4119.60000000000       2.366210727421010E-004
   4120.00000000000       2.314052052809596E-004
   4120.40000000000       2.228171162145817E-004
   4121.20000000000       1.901119097677930E-004
   4121.60000000000       1.971019358456969E-004
   4122.00000000000       2.031817575870158E-004
   4122.40000000000       2.084347925781314E-004
   4122.80000000000       2.131326539890262E-004
   4123.97000000000       2.221021259712697E-004
   4124.51000000000       2.249072488578894E-004
   4124.80000000000       2.262295755126663E-004
   4126.20000000000       2.315419379538239E-004
   4128.80000000000       2.379100540222902E-004
   4129.76000000000       2.393130702637501E-004
   4134.80000000000       2.415817133705765E-004
   4135.76000000000       2.414933553724282E-004
   4139.76000000000       2.401013198677809E-004
   4140.51000000000       2.396233534162650E-004
   4141.76000000000       2.385330868495027E-004
   4142.16000000000       2.379608549775571E-004
   4142.56000000000       2.373292820857474E-004
   4142.96000000000       2.367117288795295E-004
   4143.36000000000       2.363795176324209E-004
   4144.16000000000       2.349654316713973E-004
   4144.56000000000       2.349099094874615E-004
   4144.80000000000       2.350162019500004E-004
   4144.97000000000       2.351433490905532E-004
   4145.36000000000       2.355687040311146E-004
   4145.76000000000       2.361283617009258E-004
   4147.76000000000       2.394338650514676E-004
   4151.76000000000       2.459733205292405E-004
   4154.97000000000       2.499651307427301E-004
   4155.51000000000       2.505689481872869E-004
   4157.76000000000       2.529118952354285E-004
   4160.80000000000       2.556687892491227E-004
   4164.97000000000       2.582209628715859E-004
   4166.97000000000       2.588581902076620E-004
   4167.37000000000       2.589092541374493E-004
   4167.76000000000       2.589100577506692E-004
   4168.17000000000       2.588315798147190E-004
   4168.57000000000       2.586205234668302E-004
   4169.37000000000       2.575604240860281E-004
   4169.77000000000       2.577060361405899E-004
   4170.17000000000       2.579520632858669E-004
   4170.57000000000       2.582863859204657E-004
   4170.97000000000       2.586537089371948E-004
   4172.97000000000       2.602383304905488E-004
   4175.51000000000       2.618198052185775E-004
   4175.80000000000       2.619662511601130E-004
   4176.97000000000       2.625175477967811E-004
   4182.97000000000       2.648228104838304E-004
   4183.76000000000       2.650842129376219E-004
   4187.01000000000       2.660739455332422E-004
   4192.97000000000       2.673846193217174E-004
   4195.80000000000       2.678194034742335E-004
   4198.76000000000       2.681943102899412E-004
   4200.51000000000       2.683880662507955E-004
   4208.97000000000       2.690776574019067E-004
   4218.76000000000       2.693702379584353E-004
   4220.80000000000       2.693864377972436E-004
   4223.97000000000       2.693870789050457E-004
   4228.88000000000       2.693316876252722E-004
   4239.16000000000       2.690513099399099E-004
   4243.76000000000       2.688701667647814E-004
   4243.97000000000       2.688609592125513E-004
   4264.16000000000       2.677362070925738E-004
   4268.97000000000       2.673863870651429E-004
   4271.17000000000       2.672081134374701E-004
   4284.16000000000       2.659824061191703E-004
   4287.93000000000       2.655954164461626E-004
   4299.16000000000       2.641872452366999E-004
   4312.93000000000       2.617789137971530E-004
   4313.88000000000       2.615791705131263E-004
   4315.16000000000       2.613043548367366E-004
   4325.16000000000       2.588323010193046E-004
   4331.16000000000       2.569854624323473E-004
   4332.93000000000       2.563744990733149E-004
   4335.16000000000       2.555516915589114E-004
   4337.16000000000       2.547560189302783E-004
   4337.55000000000       2.545939843247893E-004
   4337.96000000000       2.544207756565669E-004
   4338.36000000000       2.542494895933758E-004
   4338.76000000000       2.540750988532987E-004
   4339.56000000000       2.537116127105015E-004
   4339.96000000000       2.535142349301592E-004
   4340.36000000000       2.533148023914905E-004
   4340.76000000000       2.531574456028588E-004
   4341.16000000000       2.530180897203898E-004
   4343.16000000000       2.522005438073571E-004
   4347.16000000000       2.502935339423111E-004
   4347.93000000000       2.498884753832609E-004
   4353.16000000000       2.468011974856438E-004
   4357.02000000000       2.441764837473776E-004
   4362.55000000000       2.398681154848804E-004
   4363.16000000000       2.393398827033282E-004
   4363.93000000000       2.386522359623356E-004
   4371.48000000000       2.303401933471049E-004
   4373.93000000000       2.269668611887941E-004
   4379.16000000000       2.182785801714971E-004
   4379.93000000000       2.167940436817706E-004
   4382.55000000000       2.117879396383564E-004
   4383.93000000000       2.091765913792872E-004
   4385.93000000000       1.995856482654742E-004
   4386.33000000000       1.971075065233932E-004
   4386.73000000000       1.938389201172506E-004
   4387.13000000000       1.887606982865577E-004
   4387.53000000000       1.812417148657177E-004
   4388.33000000000       1.821644608854991E-004
   4388.73000000000       1.842276571557742E-004
   4389.13000000000       1.860810847471427E-004
   4389.53000000000       1.879550822456856E-004
   4389.93000000000       1.898880541671499E-004
   4391.93000000000       1.987480983426077E-004
   4394.16000000000       2.064547847897668E-004
   4395.93000000000       2.112281864378948E-004
   4396.48000000000       2.125066179074704E-004
   4397.55000000000       2.147751324855830E-004
   4400.59000000000       2.199775053429233E-004
   4401.93000000000       2.218114286355023E-004
   4411.93000000000       2.294500656995320E-004
   4413.55000000000       2.299105378227016E-004
   4414.16000000000       2.300433977515014E-004
   4416.48000000000       2.303601707198475E-004
   4417.00000000000       2.303906655411048E-004
   4423.55000000000       2.295353584336790E-004
   4427.93000000000       2.276290923747145E-004
   4429.55000000000       2.266019810183084E-004
   4431.48000000000       2.251112680804217E-004
   4433.55000000000       2.230874519358309E-004
   4435.55000000000       2.203326750188236E-004
   4435.95000000000       2.195648402575944E-004
   4436.35000000000       2.186440424738803E-004
   4436.75000000000       2.174460365786898E-004
   4437.15000000000       2.156826051030896E-004
   4437.95000000000       2.095021393891362E-004
   4438.35000000000       2.098708223198439E-004
   4438.75000000000       2.107670444903677E-004
   4439.15000000000       2.114296161742639E-004
   4439.55000000000       2.119101419226832E-004
   4441.55000000000       2.127682842334951E-004
   4442.00000000000       2.127012933731975E-004
   4442.93000000000       2.123514196044888E-004
   4444.60000000000       2.112190794369624E-004
   4445.55000000000       2.103223090924217E-004
   4447.48000000000       2.079450816110730E-004
   4451.55000000000       2.012425702588276E-004
   4457.48000000000       1.887418900167494E-004
   4461.55000000000       1.760754030925445E-004
   4462.00000000000       1.744577875205993E-004
   4462.93000000000       1.709270962545717E-004
   4463.48000000000       1.686784257738034E-004
   4467.48000000000       1.499338811966682E-004
   4469.48000000000       1.432451249730568E-004
   4469.88000000000       1.431491230749197E-004
   4470.28000000000       1.473648806759318E-004
   4470.68000000000       1.460784186727545E-004
   4471.08000000000       1.425819835619846E-004
   4471.88000000000       1.401346795520914E-004
   4472.28000000000       1.412784040993246E-004
   4472.68000000000       1.424746339534450E-004
   4473.08000000000       1.436735893648531E-004
   4473.48000000000       1.449482934986978E-004
   4475.48000000000       1.535455056931533E-004
   4477.00000000000       1.616423426337241E-004
   4477.55000000000       1.644873553576074E-004
   4479.48000000000       1.736100622442841E-004
   4485.48000000000       1.950215862172765E-004
   4487.93000000000       2.014762009992456E-004
   4489.04000000000       2.039634573440604E-004
   4492.55000000000       2.106795394568065E-004
   4493.00000000000       2.114413869300387E-004
   4495.48000000000       2.152316248348975E-004
   4503.00000000000       2.231923147821282E-004
   4509.00000000000       2.264638800008684E-004
   4511.48000000000       2.273196848141955E-004
   4512.55000000000       2.272215425101755E-004
   4513.00000000000       2.270456584649383E-004
   4515.00000000000       2.249625045315821E-004
   4515.40000000000       2.241790160935168E-004
   4515.80000000000       2.231802127062841E-004
   4516.20000000000       2.218655223096099E-004
   4516.60000000000       2.199916015697191E-004
   4517.40000000000       2.136612669765385E-004
   4517.80000000000       2.118403621580555E-004
   4518.20000000000       2.116980675721267E-004
   4518.60000000000       2.121928613130580E-004
   4519.00000000000       2.127925240708152E-004
   4521.00000000000       2.161820764118013E-004
   4525.00000000000       2.216666906749482E-004
   4526.48000000000       2.232660445174464E-004
   4531.00000000000       2.271367860896877E-004
   4533.93000000000       2.291867637584486E-004
   4537.55000000000       2.313988327533283E-004
   4541.00000000000       2.332211804852871E-004
   4546.48000000000       2.356211855050217E-004
   4557.00000000000       2.388014409540931E-004
   4571.48000000000       2.412937943311370E-004
   4572.00000000000       2.413622378920568E-004
   4579.27000000000       2.422404251277428E-004
   4586.29000000000       2.429566727739639E-004
   4592.00000000000       2.434522739409067E-004
   4611.29000000000       2.444989910353750E-004
   4613.20000000000       2.445363953584983E-004
   4617.00000000000       2.445740804538776E-004
   4625.07000000000       2.444964517475897E-004
   4631.29000000000       2.443076837006993E-004
   4638.20000000000       2.439975119962793E-004
   4646.29000000000       2.435342739656377E-004
   4658.20000000000       2.426772829790661E-004
   4662.29000000000       2.423370347134432E-004
   4671.32000000000       2.414305774223689E-004
   4672.29000000000       2.413134195175299E-004
   4673.20000000000       2.411994702134392E-004
   4678.29000000000       2.404617159145333E-004
   4682.29000000000       2.397232187769223E-004
   4684.29000000000       2.392939388497711E-004
   4684.69000000000       2.391991152889910E-004
   4685.09000000000       2.391029512046594E-004
   4685.50000000000       2.390010595217681E-004
   4685.90000000000       2.388999120357750E-004
   4686.69000000000       2.386959879552175E-004
   4687.09000000000       2.385889912400139E-004
   4687.50000000000       2.384778390755215E-004
   4687.90000000000       2.383679776599407E-004
   4688.29000000000       2.382593079730690E-004
   4689.20000000000       2.379991081505070E-004
   4690.29000000000       2.376709634840171E-004
   4694.29000000000       2.361493895538371E-004
   4699.20000000000       2.330116763131183E-004
   4700.29000000000       2.320394817948199E-004
   4705.20000000000       2.250803009527872E-004
   4709.20000000000       2.116950925502664E-004
   4710.29000000000       2.046527309000181E-004
   4711.20000000000       1.958695150944706E-004
   4711.60000000000       1.905640088388361E-004
   4712.00000000000       1.837539648838446E-004
   4712.40000000000       1.744228789700860E-004
   4712.80000000000       1.603534377325367E-004
   4713.60000000000       1.403155972990604E-004
   4714.00000000000       1.473022231143127E-004
   4714.40000000000       1.556741287676456E-004
   4714.80000000000       1.633471718859090E-004
   4715.20000000000       1.693217322972630E-004
   4717.20000000000       1.887195404801028E-004
   4718.03000000000       1.942627146897834E-004
   4721.20000000000       2.077196899140184E-004
   4726.29000000000       2.195185425934215E-004
   4727.20000000000       2.209696133709729E-004
   4737.20000000000       2.301853708195525E-004
   4741.29000000000       2.319829071301900E-004
   4753.20000000000       2.343210380626871E-004
   4759.86000000000       2.348856009685320E-004
   4761.29000000000       2.349626598065630E-004
   4765.21000000000       2.350953939649571E-004
   4768.20000000000       2.351254024507469E-004
   4784.86000000000       2.344746153450707E-004
   4786.29000000000       2.343847751629829E-004
   4788.20000000000       2.342621221887987E-004
   4804.86000000000       2.330795776231105E-004
   4811.00000000000       2.325306617179918E-004
   4812.86000000000       2.323477339287012E-004
   4813.20000000000       2.323131273372553E-004
   4819.86000000000       2.315812429472529E-004
   4821.93000000000       2.313309395225270E-004
   4835.86000000000       2.293063822994666E-004
   4845.86000000000       2.273333563473346E-004
   4846.93000000000       2.270828008707131E-004
   4851.86000000000       2.257882190922096E-004
   4855.86000000000       2.244837340170765E-004
   4857.86000000000       2.236735818239536E-004
   4858.26000000000       2.234912649017711E-004
   4858.66000000000       2.233062631387252E-004
   4859.06000000000       2.231215566024147E-004
   4859.46000000000       2.229421349463693E-004
   4860.26000000000       2.226613311950063E-004
   4860.66000000000       2.226301843536320E-004
   4860.99000000000       2.226790040883591E-004
   4861.46000000000       2.226120493822988E-004
   4861.86000000000       2.222941936897875E-004
   4863.86000000000       2.215691292821701E-004
   4866.93000000000       2.208039325410851E-004
   4867.86000000000       2.205045105755185E-004
   4871.00000000000       2.193294538340524E-004
   4873.86000000000       2.180828134901515E-004
   4881.93000000000       2.136806629165965E-004
   4883.86000000000       2.124024389133137E-004
   4887.00000000000       2.100980520777724E-004
   4897.00000000000       2.003796693528315E-004
   4897.93000000000       1.992339443974058E-004
   4899.86000000000       1.966978755610261E-004
   4903.00000000000       1.920929573177189E-004
   4907.00000000000       1.852265630427196E-004
   4907.93000000000       1.833745974476938E-004
   4909.00000000000       1.814808073562658E-004
   4909.40000000000       1.809492754242626E-004
   4909.60000000000       1.807359053593843E-004
   4910.20000000000       1.803525846327830E-004
   4910.60000000000       1.809788226657344E-004
   4911.40000000000       1.825202973234564E-004
   4911.80000000000       1.823616386570027E-004
   4912.20000000000       1.818542970300566E-004
   4912.60000000000       1.811168857898583E-004
   4913.00000000000       1.801911803196008E-004
   4913.93000000000       1.774631973064938E-004
   4914.86000000000       1.740379830571514E-004
   4915.68000000000       1.702072945584510E-004
   4917.93000000000       1.547562613016713E-004
   4919.00000000000       1.477772010222071E-004
   4919.93000000000       1.440528287122314E-004
   4920.33000000000       1.455348232047183E-004
   4920.73000000000       1.528857192395407E-004
   4921.13000000000       1.528697657179620E-004
   4921.53000000000       1.461823686840452E-004
   4922.33000000000       1.346885472233440E-004
   4922.73000000000       1.359611527113241E-004
   4923.13000000000       1.375306462174763E-004
   4923.53000000000       1.392814647194226E-004
   4923.93000000000       1.412239555311048E-004
   4925.00000000000       1.467546548312465E-004
   4925.93000000000       1.517667560318601E-004
   4929.93000000000       1.690519936253268E-004
   4934.86000000000       1.824464992768638E-004
   4935.93000000000       1.847049781025601E-004
   4940.68000000000       1.927042193416528E-004
   4945.93000000000       1.991840431109721E-004
   4947.74000000000       2.010227904538624E-004
   4951.00000000000       2.038824575088693E-004
   4958.70000000000       2.086862453169769E-004
   4959.86000000000       2.092301378574790E-004
   4960.68000000000       2.095927087675651E-004
   4961.93000000000       2.101124128834364E-004
   4966.00000000000       2.115528343326047E-004
   4972.74000000000       2.130832594910653E-004
   4975.68000000000       2.133919259056095E-004
   4976.93000000000       2.134658331359114E-004
   4986.00000000000       2.128023629437893E-004
   4991.68000000000       2.107396495096313E-004
   4992.74000000000       2.102030070998672E-004
   4996.93000000000       2.073651797574238E-004
   5001.68000000000       2.019486773326397E-004
   5007.68000000000       1.890975745305359E-004
   5008.28000000000       1.871660066766236E-004
   5011.00000000000       1.756667841725826E-004
   5011.68000000000       1.716471377143516E-004
   5013.68000000000       1.544119227534540E-004
   5014.08000000000       1.493764434876315E-004
   5014.48000000000       1.436519153295351E-004
   5014.88000000000       1.379445784796291E-004
   5015.28000000000       1.333597073425918E-004
   5016.08000000000       1.370357747691045E-004
   5016.48000000000       1.467328166512974E-004
   5016.88000000000       1.552432568529695E-004
   5017.28000000000       1.620463861568691E-004
   5017.68000000000       1.675097192048363E-004
   5019.68000000000       1.849055671839414E-004
   5021.93000000000       1.953340433576134E-004
   5023.68000000000       2.004358184168455E-004
   5029.68000000000       2.091167306427288E-004
   5033.74000000000       2.112298937946264E-004
   5039.68000000000       2.097524256641718E-004
   5043.74000000000       1.949395785964066E-004
   5045.74000000000       1.943530877128231E-004
   5046.14000000000       1.932985039830270E-004
   5046.54000000000       1.913950688476801E-004
   5046.94000000000       1.880624677511526E-004
   5047.34000000000       1.816434505489184E-004
   5048.14000000000       1.608230778306021E-004
   5048.54000000000       1.676695860156333E-004
   5048.94000000000       1.727868700991369E-004
   5049.34000000000       1.773063952809540E-004
   5049.74000000000       1.808468095058806E-004
   5051.74000000000       1.912242867182430E-004
   5055.68000000000       2.014390822623552E-004
   5058.37000000000       2.050746393209651E-004
   5061.74000000000       2.081731306625178E-004
   5070.68000000000       2.127648186394191E-004
   5071.74000000000       2.131051945057719E-004
   5087.74000000000       2.155458202765068E-004
   5090.68000000000       2.157224769559917E-004
   5102.74000000000       2.160624196981164E-004
   5108.95000000000       2.160465029082455E-004
   5115.68000000000       2.159320135172192E-004
   5122.74000000000       2.157458637570963E-004
   5147.74000000000       2.150688760626497E-004
   5160.04000000000       2.145113535007164E-004
   5185.84000000000       2.132577187499894E-004
   5211.64000000000       2.119315200237828E-004
   5263.76000000000       2.091649183007157E-004
   5290.08000000000       2.077652041212499E-004
   5316.40000000000       2.063631647909306E-004
   5342.98000000000       2.049484673812942E-004
   5369.56000000000       2.035293975361292E-004
   5396.41000000000       2.019107569381716E-004
   5423.25000000000       2.005557362096457E-004
   5477.49000000000       1.977175311368331E-004
   5504.88000000000       1.962871686206928E-004
   5532.26000000000       1.949346851982451E-004
   5559.92000000000       1.934830264869554E-004
   5587.58000000000       1.919923634506621E-004
   5615.52000000000       1.904280246813606E-004
   5643.46000000000       1.888823251819699E-004
   5699.90000000000       1.853788360795678E-004
   5728.40000000000       1.831299290151083E-004
   5756.89000000000       1.806433136656418E-004
   5775.62000000000       1.785899228191358E-004
   5800.62000000000       1.748208491642467E-004
   5814.46000000000       1.717854163003863E-004
   5820.62000000000       1.702095461172848E-004
   5835.62000000000       1.650836306462932E-004
   5851.62000000000       1.556936964320646E-004
   5861.62000000000       1.456185725244717E-004
   5867.62000000000       1.352184477487603E-004
   5871.62000000000       1.241080631978299E-004
   5872.61000000000       1.210085059293665E-004
   5873.62000000000       1.183031453908414E-004
   5874.02000000000       1.173908971946389E-004
   5874.42000000000       1.165113527508219E-004
   5874.82000000000       1.156149032669373E-004
   5875.22000000000       1.145951785458696E-004
   5876.02000000000       1.139759313874701E-004
   5876.42000000000       1.149116203012089E-004
   5876.82000000000       1.161147306094443E-004
   5877.22000000000       1.171345899986574E-004
   5877.62000000000       1.181693014589823E-004
   5879.62000000000       1.248670681660035E-004
   5883.62000000000       1.368486781365818E-004
   5889.62000000000       1.472913818419674E-004
   5899.62000000000       1.566992000391709E-004
   5915.62000000000       1.643663508043942E-004
   5930.62000000000       1.678283549209480E-004
   5931.33000000000       1.679384145918903E-004
   5950.62000000000       1.699899812334552E-004
   5968.00000000000       1.708072118553795E-004
   5990.65000000000       1.711035858560139E-004
   5993.00000000000       1.711012554296410E-004
   6013.00000000000       1.708816685830106E-004
   6028.00000000000       1.705304806153301E-004
   6044.00000000000       1.700126932916097E-004
   6050.55000000000       1.696714589350754E-004
   6054.00000000000       1.693876975102610E-004
   6060.00000000000       1.684577848308896E-004
   6064.00000000000       1.664426485677096E-004
   6066.00000000000       1.629203048521722E-004
   6066.40000000000       1.613818420404393E-004
   6066.80000000000       1.589393560325897E-004
   6067.20000000000       1.546785863435098E-004
   6067.60000000000       1.534591238081916E-004
   6068.40000000000       1.554775959267318E-004
   6068.80000000000       1.565994432579952E-004
   6069.20000000000       1.574927387841592E-004
   6069.60000000000       1.582202691154236E-004
   6070.00000000000       1.588356395072180E-004
   6072.00000000000       1.610083896273586E-004
   6076.00000000000       1.632728344869784E-004
   6082.00000000000       1.648238703950067E-004
   6092.00000000000       1.658573079228572E-004
   6108.00000000000       1.663379708016194E-004
   6111.06000000000       1.663578405761110E-004
   6123.00000000000       1.663134789814785E-004
   6143.00000000000       1.659827012396699E-004
   6168.00000000000       1.653499410826351E-004
   6200.95000000000       1.642197001328999E-004
   6233.89000000000       1.630775147330728E-004
   6296.23000000000       1.608138786115220E-004
   6327.71000000000       1.596408630539641E-004
   6359.19000000000       1.584515367912436E-004
   6422.78000000000       1.561856259898107E-004
   6460.81000000000       1.545977806500396E-004
   6485.81000000000       1.534884273780146E-004
   6487.01000000000       1.534328290398306E-004
   6505.81000000000       1.525311371510477E-004
   6520.81000000000       1.517501708937627E-004
   6532.00000000000       1.511078074416873E-004
   6536.81000000000       1.508070457400417E-004
   6546.81000000000       1.500844138943939E-004
   6551.88000000000       1.495884719086984E-004
   6552.81000000000       1.494725422084839E-004
   6556.81000000000       1.487273542343758E-004
   6558.81000000000       1.479441025281901E-004
   6559.21000000000       1.477023426463841E-004
   6559.61000000000       1.474091444891464E-004
   6560.01000000000       1.470436448438950E-004
   6560.41000000000       1.465765688036989E-004
   6561.21000000000       1.451342836560372E-004
   6561.61000000000       1.439086992830889E-004
   6562.01000000000       1.418416860137423E-004
   6562.41000000000       1.379273994446978E-004
   6562.81000000000       1.347262087950774E-004
   6564.81000000000       1.456698590414564E-004
   6568.81000000000       1.477573611416791E-004
   6574.81000000000       1.477135744649016E-004
   6577.00000000000       1.475464684969335E-004
   6578.15000000000       1.474453940975745E-004
   6584.81000000000       1.467321146399387E-004
   6592.00000000000       1.457638081856415E-004
   6600.81000000000       1.442746361660735E-004
   6603.15000000000       1.438067035209740E-004
   6608.00000000000       1.426919290951527E-004
   6615.81000000000       1.402521461434369E-004
   6617.40000000000       1.396134156396188E-004
   6618.00000000000       1.393562987649691E-004
   6623.15000000000       1.366441844013377E-004
   6624.00000000000       1.360678159920457E-004
   6628.00000000000       1.323054345639646E-004
   6630.00000000000       1.293373179354344E-004
   6630.40000000000       1.286253680058067E-004
   6630.80000000000       1.278761957876112E-004
   6631.20000000000       1.270301651789698E-004
   6631.60000000000       1.268012730878959E-004
   6632.40000000000       1.336861262891986E-004
   6632.80000000000       1.356495722569888E-004
   6633.20000000000       1.368941203642212E-004
   6633.60000000000       1.377746295770126E-004
   6634.00000000000       1.384274808926250E-004
   6635.81000000000       1.400192154993145E-004
   6638.15000000000       1.406669208187010E-004
   6640.00000000000       1.407344855319686E-004
   6646.00000000000       1.397596924387949E-004
   6654.15000000000       1.367778670504417E-004
   6656.00000000000       1.358203942609555E-004
   6660.81000000000       1.326823685240075E-004
   6664.15000000000       1.297450026050228E-004
   6670.15000000000       1.216329404475542E-004
   6672.00000000000       1.177299576653460E-004
   6674.15000000000       1.117198419219447E-004
   6676.15000000000       1.048775298929642E-004
   6676.55000000000       1.037026349783045E-004
   6676.95000000000       1.026278192637799E-004
   6677.35000000000       1.016125898517854E-004
   6677.75000000000       1.004587221278680E-004
   6678.55000000000       1.001760655445825E-004
   6678.95000000000       1.010418708467545E-004
   6679.35000000000       1.017516856950680E-004
   6679.75000000000       1.024124885153470E-004
   6680.15000000000       1.030844317361258E-004
   6682.15000000000       1.073661522422840E-004
   6683.58000000000       1.107971614197697E-004
   6686.15000000000       1.160528975362197E-004
   6687.00000000000       1.174528250929128E-004
   6692.15000000000       1.239087146085725E-004
   6702.15000000000       1.310879340754008E-004
   6707.00000000000       1.333394832849554E-004
   6718.15000000000       1.367390129267395E-004
   6732.00000000000       1.393760062172422E-004
   6733.15000000000       1.395409266538314E-004
   6750.41000000000       1.410689674486868E-004
   6753.15000000000       1.412029351358286E-004
   6778.15000000000       1.419306865762504E-004
   6817.92000000000       1.416496442054612E-004
   6852.00000000000       1.409302664523902E-004
   6886.09000000000       1.400316380540488E-004
   6954.96000000000       1.378910098590387E-004
   6965.19000000000       1.375316873489948E-004
   6990.19000000000       1.365624673969006E-004
   7010.19000000000       1.355316059692864E-004
   7024.50000000000       1.344407750326881E-004
   7025.19000000000       1.343724317832477E-004
   7041.19000000000       1.318365468347376E-004
   7051.19000000000       1.278181296800272E-004
   7057.19000000000       1.221406617316639E-004
   7061.19000000000       1.138020396289771E-004
   7063.19000000000       1.054768955679810E-004
   7063.59000000000       1.031293670469460E-004
   7063.99000000000       1.006135721948301E-004
   7064.39000000000       9.812060185952676E-005
   7064.79000000000       9.592059602311314E-005
   7065.59000000000       9.417677049188576E-005
   7065.99000000000       9.471869106986673E-005
   7066.39000000000       9.655368896400409E-005
   7066.79000000000       9.823320873888979E-005
   7067.19000000000       1.001665736601906E-004
   7069.19000000000       1.089291786375833E-004
   7073.19000000000       1.180302935901736E-004
   7079.19000000000       1.242485474955713E-004
   7089.19000000000       1.287119270170958E-004
   7094.75000000000       1.299007354234133E-004
   7105.19000000000       1.311038622818860E-004
   7120.19000000000       1.317677496676694E-004
   7140.19000000000       1.318236664651743E-004
   7165.19000000000       1.314678480234918E-004
   7181.35000000000       1.311431482700448E-004
   7206.35000000000       1.304665833971014E-004
   7226.35000000000       1.298203356751014E-004
   7237.35000000000       1.293855893410879E-004
   7241.35000000000       1.291986405601935E-004
   7257.35000000000       1.280365164175001E-004
   7267.35000000000       1.261667795528521E-004
   7273.35000000000       1.230299435375100E-004
   7277.35000000000       1.172511494064282E-004
   7279.35000000000       1.099879894806360E-004
   7279.75000000000       1.075266303337629E-004
   7280.15000000000       1.044250896935003E-004
   7280.55000000000       1.004131032800496E-004
   7280.95000000000       9.534016954296950E-005
   7281.75000000000       9.172054216160455E-005
   7282.15000000000       9.394287136449819E-005
   7282.55000000000       9.656259916710053E-005
   7282.95000000000       9.965404112109022E-005
   7283.35000000000       1.024056019511416E-004
   7285.35000000000       1.108688469868872E-004
   7289.35000000000       1.185658580108527E-004
   7295.35000000000       1.230636418579974E-004
   7305.35000000000       1.257020288419383E-004
   7309.73000000000       1.261481829443106E-004
   7321.35000000000       1.266338512537655E-004
   7336.35000000000       1.266687715986269E-004
   7356.35000000000       1.263621076056145E-004
   7381.35000000000       1.258103805499348E-004
   7436.40000000000       1.244364675481337E-004
   7456.65000000000       1.239142495819500E-004
   7531.22000000000       1.219921916272508E-004
   7606.53000000000       1.200810748483565E-004
   7644.56000000000       1.191242103162521E-004
   7682.60000000000       1.181756771570309E-004
   7721.01000000000       1.172281119299252E-004
   7759.42000000000       1.162908313549673E-004
   7798.22000000000       1.153572128900297E-004
   7837.02000000000       1.144301356629423E-004
   7846.10000000000       1.142142790259654E-004
   7915.39000000000       1.125885161199377E-004
   7994.54000000000       1.107712957683499E-004
   8041.78000000000       1.097069455911557E-004
   8081.99000000000       1.088127715722726E-004
   8122.20000000000       1.079288751660676E-004
   8192.40000000000       1.064110135525892E-004
   8200.91000000000       1.062296439647923E-004
   8201.11000000000       1.062256065846902E-004
   8203.42000000000       1.061760050953989E-004
   8262.40000000000       1.049325402032628E-004
   8285.46000000000       1.044536733806495E-004
   8368.31000000000       1.027641716833777E-004
   8410.15000000000       1.019312669450550E-004
   8452.00000000000       1.011109384869388E-004
   8536.52000000000       9.949783056987431E-005
   8579.20000000000       9.870420227857828E-005
   8621.88000000000       9.792470205488708E-005
   8708.10000000000       9.639281785804054E-005
   8751.64000000000       9.564145110194244E-005
   8795.18000000000       9.490472073791818E-005
   8839.16000000000       9.417562500885222E-005
   8883.13000000000       9.346146874387258E-005
   8971.96000000000       9.206136050580718E-005
   9016.82000000000       9.137451055535004E-005
   9061.68000000000       9.070019065651032E-005
   9106.99000000000       9.003075376571620E-005
   9152.30000000000       8.937168866447234E-005
   9198.06000000000       8.871562714839107E-005
   9243.82000000000       8.806840271764310E-005
   9290.04000000000       8.742280126428087E-005
   9336.26000000000       8.678451619322967E-005
   9429.62000000000       8.551482416086356E-005
   9523.92000000000       8.425580298492703E-005
   9571.54000000000       8.362875802701970E-005
   9619.16000000000       8.300722340703526E-005
   9715.35000000000       8.176495054234363E-005
   9812.50000000000       8.052660957921822E-005
   9910.63000000000       7.929075736902621E-005
   9960.18000000000       7.867411666391305E-005
   10009.7400000000       7.805844094318731E-005
   10059.7900000000       7.744090194947067E-005
   10109.8300000000       7.682991670461000E-005
   10160.3800000000       7.621615429507980E-005
   10210.9300000000       7.560628618806410E-005
   10261.9900000000       7.499450053804559E-005
   10313.0400000000       7.438740626706291E-005
   10364.6100000000       7.377882681177166E-005
   10416.1700000000       7.317534531999271E-005
   10468.2500000000       7.257084700681585E-005
   10520.3300000000       7.197158513593037E-005
   10625.5400000000       7.077700917151763E-005
   10678.6700000000       7.018200815440739E-005
   10731.7900000000       6.959269294318121E-005
   10785.4500000000       6.900290595014893E-005
   10839.1100000000       6.841840188027378E-005
   10893.3100000000       6.783216777533682E-005
   10947.5000000000       6.725067005892960E-005
   11056.9800000000       6.610976413677607E-005
   11167.5500000000       6.497711009356188E-005
   11223.3900000000       6.441346349101148E-005
   11279.2200000000       6.385616227538472E-005
   11392.0200000000       6.274943421530938E-005
   11505.9400000000       6.165749683098957E-005
   11563.4600000000       6.111592778082599E-005
   11621.0000000000       6.058056358363131E-005
   11679.1000000000       6.004653616299497E-005
   11737.2100000000       5.951882934145292E-005
   11795.8900000000       5.901690980623012E-005
   11854.5800000000       5.849555485531736E-005
   11913.8500000000       5.797574170900514E-005
   11973.1200000000       5.746243354351711E-005
   12032.9900000000       5.695044587414358E-005
   12092.8500000000       5.644499243913691E-005
   12153.3200000000       5.594078882997939E-005
   12213.7800000000       5.544315571303657E-005
   12335.9200000000       5.451932458888378E-005
   12397.6000000000       5.403609960040667E-005
   12459.2800000000       5.355068690901363E-005
   12583.8700000000       5.258936548343596E-005
   12646.7900000000       5.211319527833525E-005
   12709.7100000000       5.164216830988378E-005
   12836.8100000000       5.069487979702691E-005
   12900.9900000000       5.025151473532874E-005
   12965.1800000000       4.980046819351905E-005
   13094.8300000000       4.890310659036533E-005
   13225.7800000000       4.801981085112959E-005
   13291.9100000000       4.758260307671767E-005
   13358.0300000000       4.715137066943123E-005
   13491.6100000000       4.629745651945003E-005
   13626.5300000000       4.545788092575620E-005
   13694.6600000000       4.504242593455537E-005
   13762.8000000000       4.463253525861046E-005
   13900.4200000000       4.382131263368069E-005
   14039.4300000000       4.302376644230582E-005
   14109.6200000000       4.262921603526084E-005
   14179.8200000000       4.223987450922279E-005
   14321.6200000000       4.146944178172883E-005
   14464.8400000000       4.071210073788436E-005
   14579.5000000000       4.012040611162687E-005
   14579.6500000000       4.011970937236542E-005
   14609.4800000000       3.996785729753441E-005
   14755.5800000000       3.923631884689823E-005
   14903.1300000000       3.851756253326360E-005
   15052.1700000000       3.781106235381232E-005
   15202.6900000000       3.711693349878871E-005
   15278.7000000000       3.677353270438838E-005
   15354.7100000000       3.643487757368090E-005
   15508.2600000000       3.576482609576039E-005
   15585.8000000000       3.543351880711239E-005
   15663.3400000000       3.510676898935285E-005
   15741.6600000000       3.478147119277834E-005
   15819.9800000000       3.446072601871714E-005
   15899.0800000000       3.414136904229787E-005
   15978.1800000000       3.382667320078961E-005
   16058.0700000000       3.351353937347704E-005
   16137.9600000000       3.320487773730100E-005
   16218.6500000000       3.289786197572968E-005
   16299.3400000000       3.259537308820690E-005
   16462.3300000000       3.199806351380523E-005
   16626.9600000000       3.141286193287292E-005
   16793.2300000000       3.083981499903240E-005
   16961.1600000000       3.027843345915399E-005
   17130.7700000000       2.972841273183466E-005
   17216.4200000000       2.945684775426869E-005
   17302.0800000000       2.918931623767955E-005
   17388.5900000000       2.892300570077022E-005
   17475.1000000000       2.866064075555430E-005
   17562.4800000000       2.839936859697220E-005
   17649.8500000000       2.814183483224755E-005
   17826.3500000000       2.763235847527800E-005
   17915.4800000000       2.738041864509378E-005
   18004.6100000000       2.713188146117575E-005
   18094.6400000000       2.688423241684081E-005
   18184.6600000000       2.663999277716153E-005
   18366.5100000000       2.615631138255923E-005
   18458.3400000000       2.591688286130391E-005
   18550.1700000000       2.568035739429581E-005
   18642.9200000000       2.544324508993955E-005
   18735.6700000000       2.516377441983686E-005
   18829.3500000000       2.497714559304231E-005
   18923.0300000000       2.475184672180089E-005
   19017.6500000000       2.452437661521022E-005
   19112.2600000000       2.429935528885950E-005
   19207.8200000000       2.407503539098402E-005
   19303.3800000000       2.385364049982386E-005
   19496.4200000000       2.341489776526779E-005
   19593.9000000000       2.319766595490347E-005
   19691.3800000000       2.298326856111073E-005
   19789.8400000000       2.276954461742882E-005
   19888.3000000000       2.255860997777503E-005
   20087.1800000000       2.214078991195767E-005
   20288.0500000000       2.172980238513802E-005
   20389.4900000000       2.152631323101646E-005
   20490.9300000000       2.132554790821744E-005
   20593.3900000000       2.112547562112618E-005
   20695.8400000000       2.092801441936650E-005
   20799.3200000000       2.073125343220307E-005
   20902.8000000000       2.053710720777448E-005
   21111.8300000000       2.015278882298509E-005
   21217.3900000000       1.996257772875462E-005
   21322.9500000000       1.977489166323515E-005
   21536.1800000000       1.940345707080658E-005
   21751.5400000000       1.903854802008658E-005
   21860.2900000000       1.885821575926818E-005
   21969.0500000000       1.870991695894988E-005
   22078.9000000000       1.853095001162840E-005
   22188.7400000000       1.835454441032577E-005
   22410.6300000000       1.800572709616876E-005
   22634.7400000000       1.766336691147815E-005
   22780.4100000000       1.744594024223174E-005
   22780.7600000000       1.744544490660228E-005
   22861.0800000000       1.732730687112247E-005
   22975.3900000000       1.716116510987096E-005
   23089.7000000000       1.699748171790503E-005
   23320.5900000000       1.667371481684373E-005
   23553.8000000000       1.635601152137710E-005
   23789.3300000000       1.604427613211594E-005
   24027.2300000000       1.573829750412959E-005
   24267.5000000000       1.543796848955433E-005
   24388.8400000000       1.528962002216640E-005
   24510.1700000000       1.514330066333339E-005
   24755.2800000000       1.485417849738632E-005
   25002.8300000000       1.457041778363562E-005
   25252.8600000000       1.429197935982848E-005
   25379.1200000000       1.415443568588854E-005
   25505.3800000000       1.401882440173790E-005
   25632.9100000000       1.388380949960301E-005
   25760.4400000000       1.375082061077400E-005
   26018.0400000000       1.348761201297137E-005
   26278.2200000000       1.322920395861249E-005
   26541.0000000000       1.297692350505369E-005
   26673.7100000000       1.285209147100861E-005
   26806.4100000000       1.272900556006262E-005
   26940.4500000000       1.260648795055790E-005
   27074.4800000000       1.248574074548887E-005
   27345.2200000000       1.224711653791866E-005
   27481.9500000000       1.212928358832284E-005
   27618.6800000000       1.201306064458038E-005
   27756.7700000000       1.189754067236471E-005
   27894.8600000000       1.178364421927284E-005
   28034.3400000000       1.167025561689230E-005
   28173.8100000000       1.155857373556437E-005
   28314.6800000000       1.144738829208958E-005
   28455.5500000000       1.133781980289233E-005
   28740.1100000000       1.112144942090512E-005
   29027.5100000000       1.090916087960498E-005
   29172.6400000000       1.080435383904831E-005
   29317.7800000000       1.070103312598917E-005
   29610.9600000000       1.049682382604706E-005
   29907.0700000000       1.029645015467275E-005
   30206.1400000000       1.009998392161722E-005
   30508.2000000000       9.907208748463460E-006
   30660.7400000000       9.811968572330934E-006
   30813.2800000000       9.718085843139720E-006
   31121.4100000000       9.532524611144568E-006
   31277.0200000000       9.440829063675921E-006
   31432.6300000000       9.350451561735295E-006
   31746.9600000000       9.171775049557762E-006
   32064.4200000000       8.996454913184039E-006
   32224.7500000000       8.909811303039392E-006
   32385.0700000000       8.824396087804554E-006
   32546.9900000000       8.739373662102935E-006
   32708.9200000000       8.655565119234997E-006
   32803.8500000000       8.606984954105244E-006
   32804.2500000000       8.606790156326083E-006
   33036.0100000000       8.489879899991813E-006
   33366.3700000000       8.327290553813333E-006
   33533.2000000000       8.246940047481592E-006
   33700.0300000000       8.167737469132316E-006
   34037.0300000000       8.011169959685923E-006
   34207.2200000000       7.946576311424926E-006
   34377.4000000000       7.869722546241079E-006
   34721.1800000000       7.717854114951993E-006
   35068.3900000000       7.568918890558986E-006
   35419.0700000000       7.422836011510632E-006
   35596.1600000000       7.350686088584218E-006
   35773.2600000000       7.279576302065119E-006
   35952.1300000000       7.208805038244442E-006
   36131.0000000000       7.139065874136386E-006
   36492.3000000000       7.001275652734270E-006
   36857.2300000000       6.866128182859270E-006
   37225.8000000000       6.733599019700457E-006
   37598.0500000000       6.603630596304760E-006
   37974.0400000000       6.476160123375224E-006
   38163.9100000000       6.413201074880056E-006
   38353.7800000000       6.351160374713944E-006
   38545.5500000000       6.289419407937559E-006
   38737.3200000000       6.228577616457141E-006
   38931.0000000000       6.168037592092224E-006
   39124.6900000000       6.108376421115211E-006
   39515.9400000000       5.990481752923427E-006
   39713.5200000000       5.932250782199161E-006
   39911.1000000000       5.874857764506166E-006
   40310.2100000000       5.761226360917403E-006
   40713.3100000000       5.650090821774871E-006
   41120.4400000000       5.541357761465334E-006
   41531.6400000000       5.434505267235407E-006
   41946.9600000000       5.329692791608262E-006
   42366.4300000000       5.226916268630865E-006
   42790.0900000000       5.126144216604661E-006
   43004.0500000000       5.076367674652125E-006
   43218.0000000000       5.027316826943619E-006
   43650.1800000000       4.930416994891256E-006
   44086.6800000000       4.835396298400052E-006
   44307.1100000000       4.788464076372748E-006
   44527.5400000000       4.742214663701167E-006
   44649.7500000000       4.716869047995336E-006
   44650.1500000000       4.716795469572382E-006
   44972.8200000000       4.650851963950007E-006
   45422.5500000000       4.561246100542032E-006
   45649.6600000000       4.516992675298632E-006
   45876.7700000000       4.473379140001871E-006
   46106.1600000000       4.429982057680887E-006
   46335.5400000000       4.387217796017062E-006
   46567.2200000000       4.344656438406142E-006
   46798.9000000000       4.302716807866798E-006
   47266.8900000000       4.219849382541162E-006
   47739.5500000000       4.138593611930511E-006
   48216.9500000000       4.058896449286391E-006
   48699.1200000000       3.980743245868646E-006
   48942.6100000000       3.942138011229680E-006
   49186.1100000000       3.904089379384420E-006
   49677.9700000000       3.832345422753521E-006
   49926.3600000000       3.795072375070479E-006
   50174.7500000000       3.758362771581153E-006
   50676.5000000000       3.685813743901947E-006
   50929.8800000000       3.649981477072950E-006
   51183.2600000000       3.614665006971954E-006
   51695.0900000000       3.544908443805120E-006
   52212.0400000000       3.476492796663593E-006
   52473.1000000000       3.442707439038694E-006
   52734.1600000000       3.409406256560417E-006
   53261.5000000000       3.343623054971758E-006
   53794.1200000000       3.279109090404646E-006
   54063.0900000000       3.247239828342979E-006
   54332.0600000000       3.215844080173145E-006
   54875.3800000000       3.153803604788562E-006
   55149.7600000000       3.123163974161249E-006
   55424.1300000000       3.092967565106599E-006
   55701.2500000000       3.062915252129608E-006
   55978.3800000000       3.033304329300109E-006
   56258.2700000000       3.003837709689514E-006
   56538.1600000000       2.974801803936163E-006
   56820.8500000000       2.945909116201081E-006
   57103.5400000000       2.917428615591255E-006
   57674.5800000000       2.861163406213225E-006
   57962.9500000000       2.833369004087997E-006
   58251.3200000000       2.805987988693362E-006
   58318.1000000000       2.799705752793119E-006
   58318.5000000000       2.799668227845714E-006
   58833.8400000000       2.751883470571242E-006
   59128.0100000000       2.725154663926660E-006
   59422.1800000000       2.698814295145664E-006
   59719.2900000000       2.672604741965126E-006
   60016.4000000000       2.646776277435142E-006
   60316.4800000000       2.621078515700645E-006
   60616.5600000000       2.595746083293943E-006
   61222.7300000000       2.545705432038030E-006
   61834.9500000000       2.496620666654681E-006
   62453.3000000000       2.448487353372199E-006
   63077.8300000000       2.401289541411822E-006
   63708.6100000000       2.354990280459496E-006
   64345.7000000000       2.309599766244525E-006
   64667.4200000000       2.287169815129486E-006
   64989.1500000000       2.265074602773263E-006
   65314.1000000000       2.243079958644260E-006
   65639.0500000000       2.221408036634788E-006
   65967.2400000000       2.199836824579363E-006
   66295.4400000000       2.178577949865131E-006
   66958.3900000000       2.136576746053270E-006
   67293.1900000000       2.116700907077111E-006
   67627.9800000000       2.096226247548438E-006
   67966.1200000000       2.075853430286235E-006
   68304.2600000000       2.055781727662688E-006
   68987.3000000000       2.016115625271579E-006
   69332.2300000000       1.996518564291109E-006
   69677.1700000000       1.977205924973064E-006
   70025.5600000000       1.957992563792682E-006
   70373.9500000000       1.939051670321196E-006
   70725.8100000000       1.920200265621008E-006
   71077.6900000000       1.901625923980431E-006
   71788.4600000000       1.864934335854806E-006
   72506.3400000000       1.828938021711014E-006
   73231.4100000000       1.793630170229258E-006
   73808.9000000000       1.766245924749774E-006
   73809.3000000000       1.766226123145853E-006
   73963.7200000000       1.759016391244941E-006
   74333.5400000000       1.741913112803336E-006
   74703.3600000000       1.725060646393032E-006
   75450.3900000000       1.691759320593753E-006
   76204.8900000000       1.659095423106778E-006
   76966.9400000000       1.627065261721591E-006
   77351.7700000000       1.611240631148145E-006
   77736.6100000000       1.595640820858865E-006
   78125.3000000000       1.580130034890952E-006
   78513.9800000000       1.564832253500454E-006
   78906.5500000000       1.549613001908601E-006
   79299.1200000000       1.534608284800084E-006
   79695.6100000000       1.519681952274833E-006
   80092.1100000000       1.504967915382344E-006
   80492.5700000000       1.490333555767756E-006
   80893.0300000000       1.475904325459158E-006
   81701.9600000000       1.447393407037045E-006
   82110.4700000000       1.433306236619861E-006
   82518.9800000000       1.419428480123842E-006
   83344.1700000000       1.392009685985509E-006
   83760.8900000000       1.378455407218561E-006
   84177.6200000000       1.365104048795927E-006
   85019.3900000000       1.338723306878393E-006
   85444.4800000000       1.325694494043086E-006
   85869.5900000000       1.312855321942509E-006
   86728.2800000000       1.287475156131718E-006
   87595.5600000000       1.262838468009608E-006
   88471.5200000000       1.238414660148556E-006
   88913.8800000000       1.226353390831959E-006
   89356.2300000000       1.214462523875796E-006
   89803.0200000000       1.202632672887823E-006
   90249.8000000000       1.190975428182617E-006
   91122.1400000000       1.168686008074258E-006
   91122.5500000000       1.168675810582148E-006
   91152.3000000000       1.167930185009256E-006
   91608.0600000000       1.156555049253506E-006
   92063.8200000000       1.145331771926682E-006
   92524.1400000000       1.134176396966641E-006
   92984.4600000000       1.123174174372781E-006
   93914.3000000000       1.101440496193769E-006
   94853.4500000000       1.080120629273026E-006
   95801.9800000000       1.059213758776439E-006
   96280.9800000000       1.048886518349673E-006
   96760.0000000000       1.038702107158724E-006
   97243.8000000000       1.028577052014444E-006
   97727.6000000000       1.018592115795134E-006
   98704.8800000000       9.988687867792601E-007
   99691.9200000000       9.795243619774481E-007
